Date,Time,BrianansAirAvgWind,BrianansAirTempAvg,BrianansAirTempMax,BrianansAirTempMin,BrianansPrecipTotal,BrianansWindDir,BriananswindMax,QuarryAirAvgWind,QuarryAirTempAvg,QuarryAirTempMax,QuarryAirTempMin,QuarryPrecipTotal,QuarryWindDir,QuarrywindMax,SignalsAirAvgWind,SignalsAirTempAvg,SignalsAirTempMax,SignalsAirTempMin,SignalsPrecipTotal,SignalsWindDir,SignalswindMax,StornowayRainDaily,StornowayTempDailyMax,StornowayTempDailyMin,StornowayWindDailyDirDeg,StornowayWindDailyDirRads,StornowayWindDailyMax,StornowayWindDailySpd
01/01/1980,0.00000,NA,NA,NA,NA,NA,NA,NA,NA,NA,NA,NA,NA,NA,NA,NA,NA,NA,NA,NA,NA,NA,0.4,2.4,-4.4,-30.75075335,-0.536701893,21,5.958333333
02/01/1980,0.00274,NA,NA,NA,NA,NA,NA,NA,NA,NA,NA,NA,NA,NA,NA,NA,NA,NA,NA,NA,NA,NA,0.7,3.7,-3.5,-148.4535993,-2.591004094,37,11.58333333
03/01/1980,0.00548,NA,NA,NA,NA,NA,NA,NA,NA,NA,NA,NA,NA,NA,NA,NA,NA,NA,NA,NA,NA,NA,11,9.6,1.6,-178.6856219,-3.118652428,46,19.83333333
04/01/1980,0.00821,NA,NA,NA,NA,NA,NA,NA,NA,NA,NA,NA,NA,NA,NA,NA,NA,NA,NA,NA,NA,NA,7,9.7,4.1,-140.5774163,-2.453538769,37,18.375
05/01/1980,0.01095,NA,NA,NA,NA,NA,NA,NA,NA,NA,NA,NA,NA,NA,NA,NA,NA,NA,NA,NA,NA,NA,8.6,7.7,5.6,-55.235572,-0.964042596,38,19.54166667
06/01/1980,0.01369,NA,NA,NA,NA,NA,NA,NA,NA,NA,NA,NA,NA,NA,NA,NA,NA,NA,NA,NA,NA,NA,2.8,7.2,3.9,30.59365799,0.533960062,33,12
07/01/1980,0.01643,NA,NA,NA,NA,NA,NA,NA,NA,NA,NA,NA,NA,NA,NA,NA,NA,NA,NA,NA,NA,NA,0,6.3,1.7,124.227798,2.168184097,16,7
08/01/1980,0.01916,NA,NA,NA,NA,NA,NA,NA,NA,NA,NA,NA,NA,NA,NA,NA,NA,NA,NA,NA,NA,NA,0,6,3.2,149.987259,2.617771506,25,12.875
09/01/1980,0.02190,NA,NA,NA,NA,NA,NA,NA,NA,NA,NA,NA,NA,NA,NA,NA,NA,NA,NA,NA,NA,NA,1.3,5.5,3,169.2573122,2.954097381,28,13.75
10/01/1980,0.02464,NA,NA,NA,NA,NA,NA,NA,NA,NA,NA,NA,NA,NA,NA,NA,NA,NA,NA,NA,NA,NA,0.8,7.2,1.8,-151.0389099,-2.636126276,33,9.666666667
11/01/1980,0.02738,NA,NA,NA,NA,NA,NA,NA,NA,NA,NA,NA,NA,NA,NA,NA,NA,NA,NA,NA,NA,NA,4.7,7,1.8,-134.1154568,-2.340756299,38,10.79166667
12/01/1980,0.03012,NA,NA,NA,NA,NA,NA,NA,NA,NA,NA,NA,NA,NA,NA,NA,NA,NA,NA,NA,NA,NA,0,8,1.6,-156.704296,-2.735005917,40,14.125
13/01/1980,0.03285,NA,NA,NA,NA,NA,NA,NA,NA,NA,NA,NA,NA,NA,NA,NA,NA,NA,NA,NA,NA,NA,3.5,8.2,2.5,-109.123189,-1.904558939,44,14.125
14/01/1980,0.03559,NA,NA,NA,NA,NA,NA,NA,NA,NA,NA,NA,NA,NA,NA,NA,NA,NA,NA,NA,NA,NA,2.1,4.7,1.1,-6.514075411,-0.113692064,34,15.125
15/01/1980,0.03833,NA,NA,NA,NA,NA,NA,NA,NA,NA,NA,NA,NA,NA,NA,NA,NA,NA,NA,NA,NA,NA,0.6,4.5,2.3,-2.041809851,-0.035636305,33,9.291666667
16/01/1980,0.04107,NA,NA,NA,NA,NA,NA,NA,NA,NA,NA,NA,NA,NA,NA,NA,NA,NA,NA,NA,NA,NA,0,4.5,1.4,-127.6957839,-2.228711869,15,6.083333333
17/01/1980,0.04381,NA,NA,NA,NA,NA,NA,NA,NA,NA,NA,NA,NA,NA,NA,NA,NA,NA,NA,NA,NA,NA,0.2,7.2,2.1,-154.5546411,-2.697487362,35,13.29166667
18/01/1980,0.04654,NA,NA,NA,NA,NA,NA,NA,NA,NA,NA,NA,NA,NA,NA,NA,NA,NA,NA,NA,NA,NA,0,5.6,3.5,-172.5015815,-3.010720562,44,25.33333333
19/01/1980,0.04928,NA,NA,NA,NA,NA,NA,NA,NA,NA,NA,NA,NA,NA,NA,NA,NA,NA,NA,NA,NA,NA,3.3,5.5,3,176.773189,3.085274178,30,15.625
20/01/1980,0.05202,NA,NA,NA,NA,NA,NA,NA,NA,NA,NA,NA,NA,NA,NA,NA,NA,NA,NA,NA,NA,NA,3.5,5.5,1.7,176.2244181,3.075696318,26,10.95833333
21/01/1980,0.05476,NA,NA,NA,NA,NA,NA,NA,NA,NA,NA,NA,NA,NA,NA,NA,NA,NA,NA,NA,NA,NA,3.4,5.3,2,98.44561424,1.718200103,35,14.75
22/01/1980,0.05749,NA,NA,NA,NA,NA,NA,NA,NA,NA,NA,NA,NA,NA,NA,NA,NA,NA,NA,NA,NA,NA,0.8,6.4,4.2,59.58307758,1.039920882,38,20.66666667
23/01/1980,0.06023,NA,NA,NA,NA,NA,NA,NA,NA,NA,NA,NA,NA,NA,NA,NA,NA,NA,NA,NA,NA,NA,11.7,6.4,2.9,36.69179423,0.640392618,38,18.45833333
24/01/1980,0.06297,NA,NA,NA,NA,NA,NA,NA,NA,NA,NA,NA,NA,NA,NA,NA,NA,NA,NA,NA,NA,NA,2.1,6.5,3.6,53.18232954,0.928206754,18,7.583333333
25/01/1980,0.06571,NA,NA,NA,NA,NA,NA,NA,NA,NA,NA,NA,NA,NA,NA,NA,NA,NA,NA,NA,NA,NA,0,6.2,-1,83.28062547,1.453521118,18,5.333333333
26/01/1980,0.06845,NA,NA,NA,NA,NA,NA,NA,NA,NA,NA,NA,NA,NA,NA,NA,NA,NA,NA,NA,NA,NA,0,5.4,-1.8,-44.55336261,-0.77760287,11,2.666666667
27/01/1980,0.07118,NA,NA,NA,NA,NA,NA,NA,NA,NA,NA,NA,NA,NA,NA,NA,NA,NA,NA,NA,NA,NA,0,4.7,2.1,121.194682,2.115246236,17,6.625
28/01/1980,0.07392,NA,NA,NA,NA,NA,NA,NA,NA,NA,NA,NA,NA,NA,NA,NA,NA,NA,NA,NA,NA,NA,3.2,5.2,1.9,106.3972011,1.856981474,17,5.708333333
29/01/1980,0.07666,NA,NA,NA,NA,NA,NA,NA,NA,NA,NA,NA,NA,NA,NA,NA,NA,NA,NA,NA,NA,NA,8.1,6.5,4.5,NA,NA,14,NA
30/01/1980,0.07940,NA,NA,NA,NA,NA,NA,NA,NA,NA,NA,NA,NA,NA,NA,NA,NA,NA,NA,NA,NA,NA,16.9,5.6,2.7,74.92978259,1.307771414,32,12.83333333
31/01/1980,0.08214,NA,NA,NA,NA,NA,NA,NA,NA,NA,NA,NA,NA,NA,NA,NA,NA,NA,NA,NA,NA,NA,1,3.8,-3,57.23982322,0.999023378,36,13.83333333
01/02/1980,0.08487,NA,NA,NA,NA,NA,NA,NA,NA,NA,NA,NA,NA,NA,NA,NA,NA,NA,NA,NA,NA,NA,2.6,1.6,-3.7,-96.25566162,-1.679978219,23,5.958333333
02/02/1980,0.08761,NA,NA,NA,NA,NA,NA,NA,NA,NA,NA,NA,NA,NA,NA,NA,NA,NA,NA,NA,NA,NA,0,2.8,-4,91.83764089,1.602869211,27,11.25
03/02/1980,0.09035,NA,NA,NA,NA,NA,NA,NA,NA,NA,NA,NA,NA,NA,NA,NA,NA,NA,NA,NA,NA,NA,1.6,2.1,-4.8,69.95515535,1.22094779,13,4.208333333
04/02/1980,0.09309,NA,NA,NA,NA,NA,NA,NA,NA,NA,NA,NA,NA,NA,NA,NA,NA,NA,NA,NA,NA,NA,0.1,2.5,-5.7,110.4172202,1.927144043,34,12.16666667
05/02/1980,0.09582,NA,NA,NA,NA,NA,NA,NA,NA,NA,NA,NA,NA,NA,NA,NA,NA,NA,NA,NA,NA,NA,0.5,3.6,1.7,85.80438026,1.497568948,35,15.58333333
06/02/1980,0.09856,NA,NA,NA,NA,NA,NA,NA,NA,NA,NA,NA,NA,NA,NA,NA,NA,NA,NA,NA,NA,NA,0.1,4.3,1.8,94.18362179,1.643814302,25,12.75
07/02/1980,0.10130,NA,NA,NA,NA,NA,NA,NA,NA,NA,NA,NA,NA,NA,NA,NA,NA,NA,NA,NA,NA,NA,0.2,4.1,1.5,116.6406143,2.035762761,33,17.5
08/02/1980,0.10404,NA,NA,NA,NA,NA,NA,NA,NA,NA,NA,NA,NA,NA,NA,NA,NA,NA,NA,NA,NA,NA,9.6,7.4,2.6,135.3086234,2.361580985,31,14.29166667
09/02/1980,0.10678,NA,NA,NA,NA,NA,NA,NA,NA,NA,NA,NA,NA,NA,NA,NA,NA,NA,NA,NA,NA,NA,2.6,8.8,4,-162.789224,-2.841207946,20,5.916666667
10/02/1980,0.10951,NA,NA,NA,NA,NA,NA,NA,NA,NA,NA,NA,NA,NA,NA,NA,NA,NA,NA,NA,NA,NA,1.4,8,2.4,-110.1276524,-1.922090132,17,6.166666667
11/02/1980,0.11225,NA,NA,NA,NA,NA,NA,NA,NA,NA,NA,NA,NA,NA,NA,NA,NA,NA,NA,NA,NA,NA,3.7,7.3,2.2,-146.8916055,-2.563742159,19,5.75
12/02/1980,0.11499,NA,NA,NA,NA,NA,NA,NA,NA,NA,NA,NA,NA,NA,NA,NA,NA,NA,NA,NA,NA,NA,5.3,8.8,6.9,-167.8165602,-2.928951516,26,13.79166667
13/02/1980,0.11773,NA,NA,NA,NA,NA,NA,NA,NA,NA,NA,NA,NA,NA,NA,NA,NA,NA,NA,NA,NA,NA,0.1,9.6,5.3,-145.0383688,-2.531397077,18,10.16666667
14/02/1980,0.12047,NA,NA,NA,NA,NA,NA,NA,NA,NA,NA,NA,NA,NA,NA,NA,NA,NA,NA,NA,NA,NA,7.4,8.2,5.3,-148.8271727,-2.597524179,29,12.70833333
15/02/1980,0.12320,NA,NA,NA,NA,NA,NA,NA,NA,NA,NA,NA,NA,NA,NA,NA,NA,NA,NA,NA,NA,NA,0,9.1,1.6,-141.4433687,-2.468652489,13,5.125
16/02/1980,0.12594,NA,NA,NA,NA,NA,NA,NA,NA,NA,NA,NA,NA,NA,NA,NA,NA,NA,NA,NA,NA,NA,0.4,9.5,3,163.4732973,2.853147277,20,7.625
17/02/1980,0.12868,NA,NA,NA,NA,NA,NA,NA,NA,NA,NA,NA,NA,NA,NA,NA,NA,NA,NA,NA,NA,NA,0.1,9.7,5.6,-174.0453222,-3.037663919,39,19.08333333
18/02/1980,0.13142,NA,NA,NA,NA,NA,NA,NA,NA,NA,NA,NA,NA,NA,NA,NA,NA,NA,NA,NA,NA,NA,3.2,9.2,4.7,-154.8302859,-2.702298271,31,8.458333333
19/02/1980,0.13415,NA,NA,NA,NA,NA,NA,NA,NA,NA,NA,NA,NA,NA,NA,NA,NA,NA,NA,NA,NA,NA,0,8.9,2.4,-111.3487625,-1.943402523,10,3.583333333
20/02/1980,0.13689,NA,NA,NA,NA,NA,NA,NA,NA,NA,NA,NA,NA,NA,NA,NA,NA,NA,NA,NA,NA,NA,1.1,6.7,0.2,-166.3114569,-2.902682507,23,10.08333333
21/02/1980,0.13963,NA,NA,NA,NA,NA,NA,NA,NA,NA,NA,NA,NA,NA,NA,NA,NA,NA,NA,NA,NA,NA,1.2,7.3,5.7,-173.9691064,-3.036333703,31,15.45833333
22/02/1980,0.14237,NA,NA,NA,NA,NA,NA,NA,NA,NA,NA,NA,NA,NA,NA,NA,NA,NA,NA,NA,NA,NA,2.2,8.6,3.2,-154.7728562,-2.701295933,30,9.416666667
23/02/1980,0.14511,NA,NA,NA,NA,NA,NA,NA,NA,NA,NA,NA,NA,NA,NA,NA,NA,NA,NA,NA,NA,NA,0,8.2,0.1,-142.227413,-2.482336644,21,7.166666667
24/02/1980,0.14784,NA,NA,NA,NA,NA,NA,NA,NA,NA,NA,NA,NA,NA,NA,NA,NA,NA,NA,NA,NA,NA,0,8.3,5.6,-161.2458333,-2.814270697,29,15.70833333
25/02/1980,0.15058,NA,NA,NA,NA,NA,NA,NA,NA,NA,NA,NA,NA,NA,NA,NA,NA,NA,NA,NA,NA,NA,0,8.2,4,-151.0054202,-2.635541771,24,10.83333333
26/02/1980,0.15332,NA,NA,NA,NA,NA,NA,NA,NA,NA,NA,NA,NA,NA,NA,NA,NA,NA,NA,NA,NA,NA,0,8.7,3,-154.565396,-2.69767507,15,8.291666667
27/02/1980,0.15606,NA,NA,NA,NA,NA,NA,NA,NA,NA,NA,NA,NA,NA,NA,NA,NA,NA,NA,NA,NA,NA,1.7,9.1,5.6,-145.3716489,-2.537213912,33,14.08333333
28/02/1980,0.15880,NA,NA,NA,NA,NA,NA,NA,NA,NA,NA,NA,NA,NA,NA,NA,NA,NA,NA,NA,NA,NA,0.8,9.1,5.5,-103.7710543,-1.811146566,21,10.75
29/02/1980,0.16153,NA,NA,NA,NA,NA,NA,NA,NA,NA,NA,NA,NA,NA,NA,NA,NA,NA,NA,NA,NA,NA,0.5,9.3,5.6,-92.9642691,-1.622532583,32,13.625
01/03/1980,0.16427,NA,NA,NA,NA,NA,NA,NA,NA,NA,NA,NA,NA,NA,NA,NA,NA,NA,NA,NA,NA,NA,0.3,8.2,4.1,-74.79771458,-1.305466392,28,10.33333333
02/03/1980,0.16701,NA,NA,NA,NA,NA,NA,NA,NA,NA,NA,NA,NA,NA,NA,NA,NA,NA,NA,NA,NA,NA,1.7,7.9,0.1,-13.18274248,-0.230082261,30,10.70833333
03/03/1980,0.16975,NA,NA,NA,NA,NA,NA,NA,NA,NA,NA,NA,NA,NA,NA,NA,NA,NA,NA,NA,NA,NA,0,8.4,-2.4,-121.8200254,-2.126160538,15,6.333333333
04/03/1980,0.17248,NA,NA,NA,NA,NA,NA,NA,NA,NA,NA,NA,NA,NA,NA,NA,NA,NA,NA,NA,NA,NA,0.1,7.5,1.2,-164.5259337,-2.871519247,32,16.5
05/03/1980,0.17522,NA,NA,NA,NA,NA,NA,NA,NA,NA,NA,NA,NA,NA,NA,NA,NA,NA,NA,NA,NA,NA,4.2,7,5,-173.5770955,-3.029491822,NA,8.791666667
06/03/1980,0.17796,NA,NA,NA,NA,NA,NA,NA,NA,NA,NA,NA,NA,NA,NA,NA,NA,NA,NA,NA,NA,NA,4.6,6.2,3.7,146.3654653,2.554559281,NA,7.791666667
07/03/1980,0.18070,NA,NA,NA,NA,NA,NA,NA,NA,NA,NA,NA,NA,NA,NA,NA,NA,NA,NA,NA,NA,NA,0.1,7.4,5.1,59.59832858,1.040187062,24,10.29166667
08/03/1980,0.18344,NA,NA,NA,NA,NA,NA,NA,NA,NA,NA,NA,NA,NA,NA,NA,NA,NA,NA,NA,NA,NA,1.1,8,2.4,-113.4336206,-1.979790163,23,8.333333333
09/03/1980,0.18617,NA,NA,NA,NA,NA,NA,NA,NA,NA,NA,NA,NA,NA,NA,NA,NA,NA,NA,NA,NA,NA,1,7.4,1.3,-133.3256909,-2.326972284,25,10.20833333
10/03/1980,0.18891,NA,NA,NA,NA,NA,NA,NA,NA,NA,NA,NA,NA,NA,NA,NA,NA,NA,NA,NA,NA,NA,0.8,8,2.4,-138.7080095,-2.420911464,31,10.66666667
11/03/1980,0.19165,NA,NA,NA,NA,NA,NA,NA,NA,NA,NA,NA,NA,NA,NA,NA,NA,NA,NA,NA,NA,NA,14.2,9.6,4.7,-160.5475298,-2.802083,41,22.91666667
12/03/1980,0.19439,NA,NA,NA,NA,NA,NA,NA,NA,NA,NA,NA,NA,NA,NA,NA,NA,NA,NA,NA,NA,NA,1.8,9,1.2,-128.3373691,-2.239909645,30,10.29166667
13/03/1980,0.19713,NA,NA,NA,NA,NA,NA,NA,NA,NA,NA,NA,NA,NA,NA,NA,NA,NA,NA,NA,NA,NA,1.8,7,0.3,-121.8005919,-2.125821359,27,7.333333333
14/03/1980,0.19986,NA,NA,NA,NA,NA,NA,NA,NA,NA,NA,NA,NA,NA,NA,NA,NA,NA,NA,NA,NA,NA,0,7.8,-0.7,-154.8541749,-2.702715213,11,5.083333333
15/03/1980,0.20260,NA,NA,NA,NA,NA,NA,NA,NA,NA,NA,NA,NA,NA,NA,NA,NA,NA,NA,NA,NA,NA,0,7.3,-0.8,179.4361521,3.131751652,25,12.66666667
16/03/1980,0.20534,NA,NA,NA,NA,NA,NA,NA,NA,NA,NA,NA,NA,NA,NA,NA,NA,NA,NA,NA,NA,NA,1.9,5.6,2.5,-167.4123639,-2.921896959,NA,16.60869565
17/03/1980,0.20808,NA,NA,NA,NA,NA,NA,NA,NA,NA,NA,NA,NA,NA,NA,NA,NA,NA,NA,NA,NA,NA,0.3,6.4,0.1,53.59651704,0.93543569,NA,11.33333333
18/03/1980,0.21081,NA,NA,NA,NA,NA,NA,NA,NA,NA,NA,NA,NA,NA,NA,NA,NA,NA,NA,NA,NA,NA,0,6.5,2.3,82.90045758,1.446885936,35,17.875
19/03/1980,0.21355,NA,NA,NA,NA,NA,NA,NA,NA,NA,NA,NA,NA,NA,NA,NA,NA,NA,NA,NA,NA,NA,0,5.1,-0.2,108.503768,1.893748002,16,6.166666667
20/03/1980,0.21629,NA,NA,NA,NA,NA,NA,NA,NA,NA,NA,NA,NA,NA,NA,NA,NA,NA,NA,NA,NA,NA,1.6,3.2,-1,-27.8181597,-0.485518479,28,10.875
21/03/1980,0.21903,NA,NA,NA,NA,NA,NA,NA,NA,NA,NA,NA,NA,NA,NA,NA,NA,NA,NA,NA,NA,NA,4.5,2.5,-2.1,41.43130399,0.723112668,NA,12.91666667
22/03/1980,0.22177,NA,NA,NA,NA,NA,NA,NA,NA,NA,NA,NA,NA,NA,NA,NA,NA,NA,NA,NA,NA,NA,0.1,4.2,0.4,105.8118239,1.846764715,37,15.95833333
23/03/1980,0.22450,NA,NA,NA,NA,NA,NA,NA,NA,NA,NA,NA,NA,NA,NA,NA,NA,NA,NA,NA,NA,NA,0,6.8,1.7,139.3353971,2.431861444,26,11.29166667
24/03/1980,0.22724,NA,NA,NA,NA,NA,NA,NA,NA,NA,NA,NA,NA,NA,NA,NA,NA,NA,NA,NA,NA,NA,2,5.9,3.2,116.661961,2.036135331,36,16.45833333
25/03/1980,0.22998,NA,NA,NA,NA,NA,NA,NA,NA,NA,NA,NA,NA,NA,NA,NA,NA,NA,NA,NA,NA,NA,1.4,8.9,3.1,137.1188549,2.393175485,27,10
26/03/1980,0.23272,NA,NA,NA,NA,NA,NA,NA,NA,NA,NA,NA,NA,NA,NA,NA,NA,NA,NA,NA,NA,NA,4.6,7.8,4.2,153.9039428,2.686130533,27,12.20833333
27/03/1980,0.23546,NA,NA,NA,NA,NA,NA,NA,NA,NA,NA,NA,NA,NA,NA,NA,NA,NA,NA,NA,NA,NA,0,9.6,2.4,171.6244396,2.995411549,17,6.041666667
28/03/1980,0.23819,NA,NA,NA,NA,NA,NA,NA,NA,NA,NA,NA,NA,NA,NA,NA,NA,NA,NA,NA,NA,NA,0,7.4,0.2,33.13814813,0.578369793,NA,6.666666667
29/03/1980,0.24093,NA,NA,NA,NA,NA,NA,NA,NA,NA,NA,NA,NA,NA,NA,NA,NA,NA,NA,NA,NA,NA,0,8.1,2.6,-38.6874661,-0.675223663,16,6.875
30/03/1980,0.24367,NA,NA,NA,NA,NA,NA,NA,NA,NA,NA,NA,NA,NA,NA,NA,NA,NA,NA,NA,NA,NA,0.7,9.7,0.6,-143.9302005,-2.512055892,NA,5.208333333
31/03/1980,0.24641,NA,NA,NA,NA,NA,NA,NA,NA,NA,NA,NA,NA,NA,NA,NA,NA,NA,NA,NA,NA,NA,9.7,8.4,3.4,148.5173028,2.59211593,31,13.5
01/04/1980,0.24914,NA,NA,NA,NA,NA,NA,NA,NA,NA,NA,NA,NA,NA,NA,NA,NA,NA,NA,NA,NA,NA,3.7,9.4,3.7,-110.0506366,-1.920745953,39,17.29166667
02/04/1980,0.25188,NA,NA,NA,NA,NA,NA,NA,NA,NA,NA,NA,NA,NA,NA,NA,NA,NA,NA,NA,NA,NA,1.3,9.2,2.7,-69.67055669,-1.215980606,29,12.54166667
03/04/1980,0.25462,NA,NA,NA,NA,NA,NA,NA,NA,NA,NA,NA,NA,NA,NA,NA,NA,NA,NA,NA,NA,NA,0.5,9.5,1.4,-140.8207611,-2.457785936,23,9.166666667
04/04/1980,0.25736,NA,NA,NA,NA,NA,NA,NA,NA,NA,NA,NA,NA,NA,NA,NA,NA,NA,NA,NA,NA,NA,0,10.4,7,-162.9159882,-2.843420398,21,11.625
05/04/1980,0.26010,NA,NA,NA,NA,NA,NA,NA,NA,NA,NA,NA,NA,NA,NA,NA,NA,NA,NA,NA,NA,NA,0,11.9,4.6,-161.7191936,-2.822532392,23,10.20833333
06/04/1980,0.26283,NA,NA,NA,NA,NA,NA,NA,NA,NA,NA,NA,NA,NA,NA,NA,NA,NA,NA,NA,NA,NA,0,12.3,3,-138.5429597,-2.418030803,27,8
07/04/1980,0.26557,NA,NA,NA,NA,NA,NA,NA,NA,NA,NA,NA,NA,NA,NA,NA,NA,NA,NA,NA,NA,NA,1.7,9.6,3.1,-55.13533407,-0.962293114,41,16.83333333
08/04/1980,0.26831,NA,NA,NA,NA,NA,NA,NA,NA,NA,NA,NA,NA,NA,NA,NA,NA,NA,NA,NA,NA,NA,0.5,8.8,2.6,-43.32311261,-0.756130957,23,7.75
09/04/1980,0.27105,NA,NA,NA,NA,NA,NA,NA,NA,NA,NA,NA,NA,NA,NA,NA,NA,NA,NA,NA,NA,NA,0.8,9.3,5.9,-82.16043727,-1.433970145,31,12.54166667
10/04/1980,0.27379,NA,NA,NA,NA,NA,NA,NA,NA,NA,NA,NA,NA,NA,NA,NA,NA,NA,NA,NA,NA,NA,0,11.1,6.3,-107.9567534,-1.884200797,26,13.125
11/04/1980,0.27652,NA,NA,NA,NA,NA,NA,NA,NA,NA,NA,NA,NA,NA,NA,NA,NA,NA,NA,NA,NA,NA,0.1,10.5,6.7,-160.8375326,-2.807144504,26,12.25
12/04/1980,0.27926,NA,NA,NA,NA,NA,NA,NA,NA,NA,NA,NA,NA,NA,NA,NA,NA,NA,NA,NA,NA,NA,0,11.5,7.2,171.79592,2.998404445,23,13.04166667
13/04/1980,0.28200,NA,NA,NA,NA,NA,NA,NA,NA,NA,NA,NA,NA,NA,NA,NA,NA,NA,NA,NA,NA,NA,3.6,14.3,6.9,-179.056908,-3.125132593,32,13
14/04/1980,0.28474,NA,NA,NA,NA,NA,NA,NA,NA,NA,NA,NA,NA,NA,NA,NA,NA,NA,NA,NA,NA,NA,0.1,10.7,2.2,-179.9026714,-3.139893949,19,6.875
15/04/1980,0.28747,NA,NA,NA,NA,NA,NA,NA,NA,NA,NA,NA,NA,NA,NA,NA,NA,NA,NA,NA,NA,NA,2,8.3,5.8,175.0316784,3.054879083,26,7.5
16/04/1980,0.29021,NA,NA,NA,NA,NA,NA,NA,NA,NA,NA,NA,NA,NA,NA,NA,NA,NA,NA,NA,NA,NA,4,9.9,5.2,-117.7286851,-2.054753179,27,9.416666667
17/04/1980,0.29295,NA,NA,NA,NA,NA,NA,NA,NA,NA,NA,NA,NA,NA,NA,NA,NA,NA,NA,NA,NA,NA,0.3,9.5,2.2,-105.1693127,-1.835550779,30,12.29166667
18/04/1980,0.29569,NA,NA,NA,NA,NA,NA,NA,NA,NA,NA,NA,NA,NA,NA,NA,NA,NA,NA,NA,NA,NA,0,11.1,7.3,-72.09755976,-1.2583398,36,17.375
19/04/1980,0.29843,NA,NA,NA,NA,NA,NA,NA,NA,NA,NA,NA,NA,NA,NA,NA,NA,NA,NA,NA,NA,NA,0.1,7.4,4,-28.22396648,-0.492601143,35,20.58333333
20/04/1980,0.30116,NA,NA,NA,NA,NA,NA,NA,NA,NA,NA,NA,NA,NA,NA,NA,NA,NA,NA,NA,NA,NA,0,6.1,3,-11.41768332,-0.199276167,26,11.625
21/04/1980,0.30390,NA,NA,NA,NA,NA,NA,NA,NA,NA,NA,NA,NA,NA,NA,NA,NA,NA,NA,NA,NA,NA,0.4,10.6,0.2,-100.4208087,-1.75267375,19,8.166666667
22/04/1980,0.30664,NA,NA,NA,NA,NA,NA,NA,NA,NA,NA,NA,NA,NA,NA,NA,NA,NA,NA,NA,NA,NA,0.1,11.2,7.6,-75.05526649,-1.309961521,16,7.458333333
23/04/1980,0.30938,NA,NA,NA,NA,NA,NA,NA,NA,NA,NA,NA,NA,NA,NA,NA,NA,NA,NA,NA,NA,NA,0.4,11.2,5.6,-71.3847775,-1.245899403,18,8.583333333
24/04/1980,0.31211,NA,NA,NA,NA,NA,NA,NA,NA,NA,NA,NA,NA,NA,NA,NA,NA,NA,NA,NA,NA,NA,0,8.8,2.7,161.8058799,2.824045354,10,4.5
25/04/1980,0.31485,NA,NA,NA,NA,NA,NA,NA,NA,NA,NA,NA,NA,NA,NA,NA,NA,NA,NA,NA,NA,NA,0,11.3,6.6,-170.9553222,-2.983733246,17,8.916666667
26/04/1980,0.31759,NA,NA,NA,NA,NA,NA,NA,NA,NA,NA,NA,NA,NA,NA,NA,NA,NA,NA,NA,NA,NA,0,13.1,6,-166.1981235,-2.900704466,21,9.083333333
27/04/1980,0.32033,NA,NA,NA,NA,NA,NA,NA,NA,NA,NA,NA,NA,NA,NA,NA,NA,NA,NA,NA,NA,NA,0.4,11,5.9,-88.48030717,-1.544272683,20,7.125
28/04/1980,0.32307,NA,NA,NA,NA,NA,NA,NA,NA,NA,NA,NA,NA,NA,NA,NA,NA,NA,NA,NA,NA,NA,0,11.6,1.4,-82.5766516,-1.441234456,15,4.791666667
29/04/1980,0.32580,NA,NA,NA,NA,NA,NA,NA,NA,NA,NA,NA,NA,NA,NA,NA,NA,NA,NA,NA,NA,NA,0.2,13.3,5,-46.94450857,-0.81933624,14,5.5
30/04/1980,0.32854,NA,NA,NA,NA,NA,NA,NA,NA,NA,NA,NA,NA,NA,NA,NA,NA,NA,NA,NA,NA,NA,0.2,10.1,7.6,22.44400995,0.391721871,24,11.08333333
01/05/1980,0.33128,NA,NA,NA,NA,NA,NA,NA,NA,NA,NA,NA,NA,NA,NA,NA,NA,NA,NA,NA,NA,NA,0,9.6,5.4,46.58057697,0.812984436,27,12.08333333
02/05/1980,0.33402,NA,NA,NA,NA,NA,NA,NA,NA,NA,NA,NA,NA,NA,NA,NA,NA,NA,NA,NA,NA,NA,0,13.5,5.8,53.73049189,0.937773992,22,9.041666667
03/05/1980,0.33676,NA,NA,NA,NA,NA,NA,NA,NA,NA,NA,NA,NA,NA,NA,NA,NA,NA,NA,NA,NA,NA,0,12.3,5.5,62.26869671,1.086793779,25,11.5
04/05/1980,0.33949,NA,NA,NA,NA,NA,NA,NA,NA,NA,NA,NA,NA,NA,NA,NA,NA,NA,NA,NA,NA,NA,0,9,5.3,39.79421525,0.694540079,23,11.125
05/05/1980,0.34223,NA,NA,NA,NA,NA,NA,NA,NA,NA,NA,NA,NA,NA,NA,NA,NA,NA,NA,NA,NA,NA,0,8.5,6.4,44.93565746,0.784275174,21,10.91666667
06/05/1980,0.34497,NA,NA,NA,NA,NA,NA,NA,NA,NA,NA,NA,NA,NA,NA,NA,NA,NA,NA,NA,NA,NA,0,7.7,5.8,41.25218456,0.719986444,25,12.91666667
07/05/1980,0.34771,NA,NA,NA,NA,NA,NA,NA,NA,NA,NA,NA,NA,NA,NA,NA,NA,NA,NA,NA,NA,NA,1.3,7,3.9,33.33379564,0.581784486,32,17.16666667
08/05/1980,0.35044,NA,NA,NA,NA,NA,NA,NA,NA,NA,NA,NA,NA,NA,NA,NA,NA,NA,NA,NA,NA,NA,0,8.7,3,57.79184685,1.008658008,19,7.541666667
09/05/1980,0.35318,NA,NA,NA,NA,NA,NA,NA,NA,NA,NA,NA,NA,NA,NA,NA,NA,NA,NA,NA,NA,NA,6.3,11.7,5.5,156.8688849,2.737878535,25,11.875
10/05/1980,0.35592,NA,NA,NA,NA,NA,NA,NA,NA,NA,NA,NA,NA,NA,NA,NA,NA,NA,NA,NA,NA,NA,0,13.8,7.9,155.0941247,2.706903127,28,13.58333333
11/05/1980,0.35866,NA,NA,NA,NA,NA,NA,NA,NA,NA,NA,NA,NA,NA,NA,NA,NA,NA,NA,NA,NA,NA,0,18,7.2,102.9640099,1.797060984,21,10.625
12/05/1980,0.36140,NA,NA,NA,NA,NA,NA,NA,NA,NA,NA,NA,NA,NA,NA,NA,NA,NA,NA,NA,NA,NA,0,20.7,6.4,112.7110999,1.967179797,22,7.583333333
13/05/1980,0.36413,NA,NA,NA,NA,NA,NA,NA,NA,NA,NA,NA,NA,NA,NA,NA,NA,NA,NA,NA,NA,NA,0,19.9,10.3,155.2769888,2.710094707,28,9.333333333
14/05/1980,0.36687,NA,NA,NA,NA,NA,NA,NA,NA,NA,NA,NA,NA,NA,NA,NA,NA,NA,NA,NA,NA,NA,0,18.9,6.4,40.53613704,0.707489057,17,5.875
15/05/1980,0.36961,NA,NA,NA,NA,NA,NA,NA,NA,NA,NA,NA,NA,NA,NA,NA,NA,NA,NA,NA,NA,NA,0,20.3,6.7,160.7678787,2.805928814,16,4.833333333
16/05/1980,0.37235,NA,NA,NA,NA,NA,NA,NA,NA,NA,NA,NA,NA,NA,NA,NA,NA,NA,NA,NA,NA,NA,0,20,5.4,155.7285747,2.717976368,16,5.416666667
17/05/1980,0.37509,NA,NA,NA,NA,NA,NA,NA,NA,NA,NA,NA,NA,NA,NA,NA,NA,NA,NA,NA,NA,NA,0,18,6.2,16.25813945,0.283758064,15,3.875
18/05/1980,0.37782,NA,NA,NA,NA,NA,NA,NA,NA,NA,NA,NA,NA,NA,NA,NA,NA,NA,NA,NA,NA,NA,0,21.2,6.2,90.32592451,1.576484783,21,7.125
19/05/1980,0.38056,NA,NA,NA,NA,NA,NA,NA,NA,NA,NA,NA,NA,NA,NA,NA,NA,NA,NA,NA,NA,NA,0.5,16.4,7.5,-107.9208482,-1.883574133,19,4.25
20/05/1980,0.38330,NA,NA,NA,NA,NA,NA,NA,NA,NA,NA,NA,NA,NA,NA,NA,NA,NA,NA,NA,NA,NA,3.6,13,9.7,-7.098535999,-0.123892825,21,7.583333333
21/05/1980,0.38604,NA,NA,NA,NA,NA,NA,NA,NA,NA,NA,NA,NA,NA,NA,NA,NA,NA,NA,NA,NA,NA,0,11.3,9.3,22.08108227,0.385387588,25,13.45833333
22/05/1980,0.38877,NA,NA,NA,NA,NA,NA,NA,NA,NA,NA,NA,NA,NA,NA,NA,NA,NA,NA,NA,NA,NA,0,10.3,8.3,-5.280486909,-0.092161883,16,7.625
23/05/1980,0.39151,NA,NA,NA,NA,NA,NA,NA,NA,NA,NA,NA,NA,NA,NA,NA,NA,NA,NA,NA,NA,NA,0,11.5,8.3,-43.70881389,-0.762862714,17,8.5
24/05/1980,0.39425,NA,NA,NA,NA,NA,NA,NA,NA,NA,NA,NA,NA,NA,NA,NA,NA,NA,NA,NA,NA,NA,0.2,12.4,8.9,-89.87070916,-1.568539776,20,7.625
25/05/1980,0.39699,NA,NA,NA,NA,NA,NA,NA,NA,NA,NA,NA,NA,NA,NA,NA,NA,NA,NA,NA,NA,NA,0.6,12.2,8.3,-32.55089568,-0.568120304,23,7.75
26/05/1980,0.39973,NA,NA,NA,NA,NA,NA,NA,NA,NA,NA,NA,NA,NA,NA,NA,NA,NA,NA,NA,NA,NA,0,10.8,8.1,65.45285529,1.14236783,10,3.833333333
27/05/1980,0.40246,NA,NA,NA,NA,NA,NA,NA,NA,NA,NA,NA,NA,NA,NA,NA,NA,NA,NA,NA,NA,NA,1.7,9.7,5.5,9.292971232,0.162192945,29,13.95833333
28/05/1980,0.40520,NA,NA,NA,NA,NA,NA,NA,NA,NA,NA,NA,NA,NA,NA,NA,NA,NA,NA,NA,NA,NA,3,10.2,2.7,-63.94200919,-1.115998591,31,10.04166667
29/05/1980,0.40794,NA,NA,NA,NA,NA,NA,NA,NA,NA,NA,NA,NA,NA,NA,NA,NA,NA,NA,NA,NA,NA,9.7,9.9,3.3,-106.6996832,-1.862260783,16,5.083333333
30/05/1980,0.41068,NA,NA,NA,NA,NA,NA,NA,NA,NA,NA,NA,NA,NA,NA,NA,NA,NA,NA,NA,NA,NA,1.6,10.3,2,176.3175664,3.077322062,18,4.208333333
31/05/1980,0.41342,NA,NA,NA,NA,NA,NA,NA,NA,NA,NA,NA,NA,NA,NA,NA,NA,NA,NA,NA,NA,NA,0,12.2,1.4,53.74561551,0.938037949,12,4.041666667
01/06/1980,0.41615,NA,NA,NA,NA,NA,NA,NA,NA,NA,NA,NA,NA,NA,NA,NA,NA,NA,NA,NA,NA,NA,2.2,14.6,4.5,-159.7235573,-2.787701968,27,10.83333333
02/06/1980,0.41889,NA,NA,NA,NA,NA,NA,NA,NA,NA,NA,NA,NA,NA,NA,NA,NA,NA,NA,NA,NA,NA,1.1,13.3,8.9,158.3752566,2.764169681,27,11.45833333
03/06/1980,0.42163,NA,NA,NA,NA,NA,NA,NA,NA,NA,NA,NA,NA,NA,NA,NA,NA,NA,NA,NA,NA,NA,2.7,14,10.7,166.6661228,2.908872595,25,11.41666667
04/06/1980,0.42437,NA,NA,NA,NA,NA,NA,NA,NA,NA,NA,NA,NA,NA,NA,NA,NA,NA,NA,NA,NA,NA,0.1,18.4,10.6,132.7291582,2.316560824,NA,7.041666667
05/06/1980,0.42710,NA,NA,NA,NA,NA,NA,NA,NA,NA,NA,NA,NA,NA,NA,NA,NA,NA,NA,NA,NA,NA,0.9,14.4,11.5,-66.8527551,-1.16680069,NA,5.166666667
06/06/1980,0.42984,NA,NA,NA,NA,NA,NA,NA,NA,NA,NA,NA,NA,NA,NA,NA,NA,NA,NA,NA,NA,NA,0,15.6,9,-24.39130497,-0.425708581,20,7
07/06/1980,0.43258,NA,NA,NA,NA,NA,NA,NA,NA,NA,NA,NA,NA,NA,NA,NA,NA,NA,NA,NA,NA,NA,3.4,12.3,9.9,-5.437612336,-0.094904239,11,5.083333333
08/06/1980,0.43532,NA,NA,NA,NA,NA,NA,NA,NA,NA,NA,NA,NA,NA,NA,NA,NA,NA,NA,NA,NA,NA,0,13,7.4,3.223566987,0.056261858,11,5.5
09/06/1980,0.43806,NA,NA,NA,NA,NA,NA,NA,NA,NA,NA,NA,NA,NA,NA,NA,NA,NA,NA,NA,NA,NA,0,15.6,5.8,-20.57448576,-0.359092518,18,6.25
10/06/1980,0.44079,NA,NA,NA,NA,NA,NA,NA,NA,NA,NA,NA,NA,NA,NA,NA,NA,NA,NA,NA,NA,NA,0.2,13.6,6.1,15.8579597,0.276773609,26,9.416666667
11/06/1980,0.44353,NA,NA,NA,NA,NA,NA,NA,NA,NA,NA,NA,NA,NA,NA,NA,NA,NA,NA,NA,NA,NA,0,13.4,10.3,30.83327027,0.538142085,29,16.75
12/06/1980,0.44627,NA,NA,NA,NA,NA,NA,NA,NA,NA,NA,NA,NA,NA,NA,NA,NA,NA,NA,NA,NA,NA,0,11.6,9.5,38.75258491,0.6763602,29,17.41666667
13/06/1980,0.44901,NA,NA,NA,NA,NA,NA,NA,NA,NA,NA,NA,NA,NA,NA,NA,NA,NA,NA,NA,NA,NA,0,13,6.1,46.15358708,0.805532056,20,9.791666667
14/06/1980,0.45175,NA,NA,NA,NA,NA,NA,NA,NA,NA,NA,NA,NA,NA,NA,NA,NA,NA,NA,NA,NA,NA,0,16.1,10.7,52.85655802,0.922520969,20,7.166666667
15/06/1980,0.45448,NA,NA,NA,NA,NA,NA,NA,NA,NA,NA,NA,NA,NA,NA,NA,NA,NA,NA,NA,NA,NA,7,14,11,140.5046025,2.452267927,33,16.41666667
16/06/1980,0.45722,NA,NA,NA,NA,NA,NA,NA,NA,NA,NA,NA,NA,NA,NA,NA,NA,NA,NA,NA,NA,NA,0.7,16.2,10.9,154.8977599,2.703475914,16,6
17/06/1980,0.45996,NA,NA,NA,NA,NA,NA,NA,NA,NA,NA,NA,NA,NA,NA,NA,NA,NA,NA,NA,NA,NA,4.3,14.4,10.9,47.82580065,0.834717689,15,4.875
18/06/1980,0.46270,NA,NA,NA,NA,NA,NA,NA,NA,NA,NA,NA,NA,NA,NA,NA,NA,NA,NA,NA,NA,NA,1.8,13.5,9.8,-169.3853017,-2.956331218,32,12.66666667
19/06/1980,0.46543,NA,NA,NA,NA,NA,NA,NA,NA,NA,NA,NA,NA,NA,NA,NA,NA,NA,NA,NA,NA,NA,7.3,13.9,10.1,-131.9519007,-2.302995122,37,16.75
20/06/1980,0.46817,NA,NA,NA,NA,NA,NA,NA,NA,NA,NA,NA,NA,NA,NA,NA,NA,NA,NA,NA,NA,NA,12.9,13.4,9.6,-92.51113478,-1.614623897,31,13.875
21/06/1980,0.47091,NA,NA,NA,NA,NA,NA,NA,NA,NA,NA,NA,NA,NA,NA,NA,NA,NA,NA,NA,NA,NA,7.9,13.9,9.6,-99.44982745,-1.73572693,27,12.75
22/06/1980,0.47365,NA,NA,NA,NA,NA,NA,NA,NA,NA,NA,NA,NA,NA,NA,NA,NA,NA,NA,NA,NA,NA,3.2,14.6,9,-160.0420645,-2.793260967,23,9.75
23/06/1980,0.47639,NA,NA,NA,NA,NA,NA,NA,NA,NA,NA,NA,NA,NA,NA,NA,NA,NA,NA,NA,NA,NA,0,14.9,6.9,107.6457309,1.87877243,NA,5.75
24/06/1980,0.47912,NA,NA,NA,NA,NA,NA,NA,NA,NA,NA,NA,NA,NA,NA,NA,NA,NA,NA,NA,NA,NA,0,13.5,7.2,19.21542319,0.335372402,18,7.791666667
25/06/1980,0.48186,NA,NA,NA,NA,NA,NA,NA,NA,NA,NA,NA,NA,NA,NA,NA,NA,NA,NA,NA,NA,NA,0.8,14.5,7.8,-22.694191,-0.396088354,20,9.75
26/06/1980,0.48460,NA,NA,NA,NA,NA,NA,NA,NA,NA,NA,NA,NA,NA,NA,NA,NA,NA,NA,NA,NA,NA,1.5,13,8.5,-40.39458642,-0.705018533,32,13.91666667
27/06/1980,0.48734,NA,NA,NA,NA,NA,NA,NA,NA,NA,NA,NA,NA,NA,NA,NA,NA,NA,NA,NA,NA,NA,0.6,13.1,8.9,-40.05555982,-0.699101403,22,8.083333333
28/06/1980,0.49008,NA,NA,NA,NA,NA,NA,NA,NA,NA,NA,NA,NA,NA,NA,NA,NA,NA,NA,NA,NA,NA,0.4,14.6,4.9,-23.40177657,-0.408438052,21,8.5
29/06/1980,0.49281,NA,NA,NA,NA,NA,NA,NA,NA,NA,NA,NA,NA,NA,NA,NA,NA,NA,NA,NA,NA,NA,0,12.8,8.9,-31.7607264,-0.554329248,17,7.875
30/06/1980,0.49555,NA,NA,NA,NA,NA,NA,NA,NA,NA,NA,NA,NA,NA,NA,NA,NA,NA,NA,NA,NA,NA,7.7,11.7,8.5,15.60184944,0.272303642,29,11.04166667
01/07/1980,0.49829,NA,NA,NA,NA,NA,NA,NA,NA,NA,NA,NA,NA,NA,NA,NA,NA,NA,NA,NA,NA,NA,0.1,11.3,7.9,-1.237823085,-0.021604088,22,12.75
02/07/1980,0.50103,NA,NA,NA,NA,NA,NA,NA,NA,NA,NA,NA,NA,NA,NA,NA,NA,NA,NA,NA,NA,NA,0,11.6,7.4,38.74349336,0.676201523,12,6.041666667
03/07/1980,0.50376,NA,NA,NA,NA,NA,NA,NA,NA,NA,NA,NA,NA,NA,NA,NA,NA,NA,NA,NA,NA,NA,7.6,14.4,8.3,167.1511055,2.917337139,25,9.291666667
04/07/1980,0.50650,NA,NA,NA,NA,NA,NA,NA,NA,NA,NA,NA,NA,NA,NA,NA,NA,NA,NA,NA,NA,NA,10.6,12.9,9.2,136.040768,2.374359318,23,9.208333333
05/07/1980,0.50924,NA,NA,NA,NA,NA,NA,NA,NA,NA,NA,NA,NA,NA,NA,NA,NA,NA,NA,NA,NA,NA,23.4,13.7,8.7,-101.1600989,-1.765576797,13,4.458333333
06/07/1980,0.51198,NA,NA,NA,NA,NA,NA,NA,NA,NA,NA,NA,NA,NA,NA,NA,NA,NA,NA,NA,NA,NA,0.3,14.7,9.8,162.1044878,2.829257044,19,7.458333333
07/07/1980,0.51472,NA,NA,NA,NA,NA,NA,NA,NA,NA,NA,NA,NA,NA,NA,NA,NA,NA,NA,NA,NA,NA,0.1,14.3,8.9,19.24287787,0.335851576,18,7.958333333
08/07/1980,0.51745,NA,NA,NA,NA,NA,NA,NA,NA,NA,NA,NA,NA,NA,NA,NA,NA,NA,NA,NA,NA,NA,0.1,14.4,11.6,26.24978714,0.458145214,25,12.875
09/07/1980,0.52019,NA,NA,NA,NA,NA,NA,NA,NA,NA,NA,NA,NA,NA,NA,NA,NA,NA,NA,NA,NA,NA,0,13.1,9.8,3.756653805,0.065565978,30,14.95833333
10/07/1980,0.52293,NA,NA,NA,NA,NA,NA,NA,NA,NA,NA,NA,NA,NA,NA,NA,NA,NA,NA,NA,NA,NA,0,12.5,8.4,32.24669498,0.562811,21,7.583333333
11/07/1980,0.52567,NA,NA,NA,NA,NA,NA,NA,NA,NA,NA,NA,NA,NA,NA,NA,NA,NA,NA,NA,NA,NA,4,16.3,8.4,-118.2404784,-2.063685657,23,11.54166667
12/07/1980,0.52841,NA,NA,NA,NA,NA,NA,NA,NA,NA,NA,NA,NA,NA,NA,NA,NA,NA,NA,NA,NA,NA,2.8,13.8,9.1,-137.3556994,-2.3973092,12,5.583333333
13/07/1980,0.53114,NA,NA,NA,NA,NA,NA,NA,NA,NA,NA,NA,NA,NA,NA,NA,NA,NA,NA,NA,NA,NA,0.4,13.2,7.1,18.47463332,0.32244318,24,11.70833333
14/07/1980,0.53388,NA,NA,NA,NA,NA,NA,NA,NA,NA,NA,NA,NA,NA,NA,NA,NA,NA,NA,NA,NA,NA,0.2,12.7,8.9,35.86093745,0.625891431,25,14.875
15/07/1980,0.53662,NA,NA,NA,NA,NA,NA,NA,NA,NA,NA,NA,NA,NA,NA,NA,NA,NA,NA,NA,NA,NA,0.2,12.6,8.5,-11.65917542,-0.203490999,NA,9.958333333
16/07/1980,0.53936,NA,NA,NA,NA,NA,NA,NA,NA,NA,NA,NA,NA,NA,NA,NA,NA,NA,NA,NA,NA,NA,2.9,15,8.9,-85.64340013,-1.494759315,17,6.75
17/07/1980,0.54209,NA,NA,NA,NA,NA,NA,NA,NA,NA,NA,NA,NA,NA,NA,NA,NA,NA,NA,NA,NA,NA,4.3,12.8,9.3,151.4066469,2.642544498,25,11.33333333
18/07/1980,0.54483,NA,NA,NA,NA,NA,NA,NA,NA,NA,NA,NA,NA,NA,NA,NA,NA,NA,NA,NA,NA,NA,1.1,13.1,11.3,179.3263563,3.129835353,26,11.45833333
19/07/1980,0.54757,NA,NA,NA,NA,NA,NA,NA,NA,NA,NA,NA,NA,NA,NA,NA,NA,NA,NA,NA,NA,NA,3.5,13.8,10.4,87.14743887,1.521009743,31,11.16666667
20/07/1980,0.55031,NA,NA,NA,NA,NA,NA,NA,NA,NA,NA,NA,NA,NA,NA,NA,NA,NA,NA,NA,NA,NA,0.6,13.3,8.9,-21.87048719,-0.38171201,27,13.125
21/07/1980,0.55305,NA,NA,NA,NA,NA,NA,NA,NA,NA,NA,NA,NA,NA,NA,NA,NA,NA,NA,NA,NA,NA,1.3,14.5,4.1,-157.6959539,-2.752313612,33,12.04166667
22/07/1980,0.55578,NA,NA,NA,NA,NA,NA,NA,NA,NA,NA,NA,NA,NA,NA,NA,NA,NA,NA,NA,NA,NA,1.4,14.5,11.2,-174.5997976,-3.047341341,37,17.25
23/07/1980,0.55852,NA,NA,NA,NA,NA,NA,NA,NA,NA,NA,NA,NA,NA,NA,NA,NA,NA,NA,NA,NA,NA,10.2,16.4,11.1,-174.240309,-3.041067081,28,14.04166667
24/07/1980,0.56126,NA,NA,NA,NA,NA,NA,NA,NA,NA,NA,NA,NA,NA,NA,NA,NA,NA,NA,NA,NA,NA,1,16.1,10.7,-152.0035853,-2.652963038,24,10.5
25/07/1980,0.56400,NA,NA,NA,NA,NA,NA,NA,NA,NA,NA,NA,NA,NA,NA,NA,NA,NA,NA,NA,NA,NA,8.7,16.3,10.9,159.7966699,2.788978023,27,11.125
26/07/1980,0.56674,NA,NA,NA,NA,NA,NA,NA,NA,NA,NA,NA,NA,NA,NA,NA,NA,NA,NA,NA,NA,NA,11.7,14.3,11.1,11.82350198,0.206359039,21,10.58333333
27/07/1980,0.56947,NA,NA,NA,NA,NA,NA,NA,NA,NA,NA,NA,NA,NA,NA,NA,NA,NA,NA,NA,NA,NA,16.2,12.3,10.7,24.14110823,0.421341824,30,14.5
28/07/1980,0.57221,NA,NA,NA,NA,NA,NA,NA,NA,NA,NA,NA,NA,NA,NA,NA,NA,NA,NA,NA,NA,NA,0,18,11.7,73.68452619,1.28603759,12,3.125
29/07/1980,0.57495,NA,NA,NA,NA,NA,NA,NA,NA,NA,NA,NA,NA,NA,NA,NA,NA,NA,NA,NA,NA,NA,0,21.6,13,64.48218704,1.125426473,26,10
30/07/1980,0.57769,NA,NA,NA,NA,NA,NA,NA,NA,NA,NA,NA,NA,NA,NA,NA,NA,NA,NA,NA,NA,NA,0.2,21.2,14.3,73.27506443,1.278891134,33,15.04166667
31/07/1980,0.58042,NA,NA,NA,NA,NA,NA,NA,NA,NA,NA,NA,NA,NA,NA,NA,NA,NA,NA,NA,NA,NA,2.9,17.7,11.3,129.1040557,2.25329085,13,4.5
01/08/1980,0.58316,NA,NA,NA,NA,NA,NA,NA,NA,NA,NA,NA,NA,NA,NA,NA,NA,NA,NA,NA,NA,NA,0,17.6,10,51.80005114,0.904081445,14,5.458333333
02/08/1980,0.58590,NA,NA,NA,NA,NA,NA,NA,NA,NA,NA,NA,NA,NA,NA,NA,NA,NA,NA,NA,NA,NA,0,17.7,8.9,85.24477064,1.487801918,12,4.5
03/08/1980,0.58864,NA,NA,NA,NA,NA,NA,NA,NA,NA,NA,NA,NA,NA,NA,NA,NA,NA,NA,NA,NA,NA,1.5,16.4,12.5,101.3427316,1.76876434,14,5.5
04/08/1980,0.59138,NA,NA,NA,NA,NA,NA,NA,NA,NA,NA,NA,NA,NA,NA,NA,NA,NA,NA,NA,NA,NA,0,16.3,13.3,48.22518089,0.841688189,14,5.625
05/08/1980,0.59411,NA,NA,NA,NA,NA,NA,NA,NA,NA,NA,NA,NA,NA,NA,NA,NA,NA,NA,NA,NA,NA,5.2,14.8,12.6,-7.024796224,-0.122605823,17,9.375
06/08/1980,0.59685,NA,NA,NA,NA,NA,NA,NA,NA,NA,NA,NA,NA,NA,NA,NA,NA,NA,NA,NA,NA,NA,1.6,14.2,11,21.22771798,0.370493571,17,9.75
07/08/1980,0.59959,NA,NA,NA,NA,NA,NA,NA,NA,NA,NA,NA,NA,NA,NA,NA,NA,NA,NA,NA,NA,NA,0,14.4,10.3,32.98571485,0.57570933,23,11.91666667
08/08/1980,0.60233,NA,NA,NA,NA,NA,NA,NA,NA,NA,NA,NA,NA,NA,NA,NA,NA,NA,NA,NA,NA,NA,0,13.7,10.2,53.15556582,0.927739639,19,9.583333333
09/08/1980,0.60507,NA,NA,NA,NA,NA,NA,NA,NA,NA,NA,NA,NA,NA,NA,NA,NA,NA,NA,NA,NA,NA,0,16.4,10.1,140.9976693,2.460873567,12,6.625
10/08/1980,0.60780,NA,NA,NA,NA,NA,NA,NA,NA,NA,NA,NA,NA,NA,NA,NA,NA,NA,NA,NA,NA,NA,2.6,16.4,12.9,163.0601554,2.845936591,17,7.916666667
11/08/1980,0.61054,NA,NA,NA,NA,NA,NA,NA,NA,NA,NA,NA,NA,NA,NA,NA,NA,NA,NA,NA,NA,NA,7.2,16,12.8,147.7892164,2.579408426,17,6.375
12/08/1980,0.61328,NA,NA,NA,NA,NA,NA,NA,NA,NA,NA,NA,NA,NA,NA,NA,NA,NA,NA,NA,NA,NA,0,16.2,9.8,-108.1670239,-1.88787071,17,6.791666667
13/08/1980,0.61602,NA,NA,NA,NA,NA,NA,NA,NA,NA,NA,NA,NA,NA,NA,NA,NA,NA,NA,NA,NA,NA,1.2,16.5,12.1,131.9132865,2.302321177,19,4.916666667
14/08/1980,0.61875,NA,NA,NA,NA,NA,NA,NA,NA,NA,NA,NA,NA,NA,NA,NA,NA,NA,NA,NA,NA,NA,1.8,17,13.5,168.6076271,2.942758237,19,6.625
15/08/1980,0.62149,NA,NA,NA,NA,NA,NA,NA,NA,NA,NA,NA,NA,NA,NA,NA,NA,NA,NA,NA,NA,NA,3.6,16.9,12.8,113.1600741,1.975015875,14,4.958333333
16/08/1980,0.62423,NA,NA,NA,NA,NA,NA,NA,NA,NA,NA,NA,NA,NA,NA,NA,NA,NA,NA,NA,NA,NA,0,18.7,10.6,49.65255877,0.866600633,14,5
17/08/1980,0.62697,NA,NA,NA,NA,NA,NA,NA,NA,NA,NA,NA,NA,NA,NA,NA,NA,NA,NA,NA,NA,NA,3.6,15.7,13.4,145.6206665,2.54156009,29,13.875
18/08/1980,0.62971,NA,NA,NA,NA,NA,NA,NA,NA,NA,NA,NA,NA,NA,NA,NA,NA,NA,NA,NA,NA,NA,1.1,14,12,-91.29480073,-1.593394863,30,14.70833333
19/08/1980,0.63244,NA,NA,NA,NA,NA,NA,NA,NA,NA,NA,NA,NA,NA,NA,NA,NA,NA,NA,NA,NA,NA,3.4,14.9,11.2,-139.4341905,-2.433585714,37,13.70833333
20/08/1980,0.63518,NA,NA,NA,NA,NA,NA,NA,NA,NA,NA,NA,NA,NA,NA,NA,NA,NA,NA,NA,NA,NA,1.4,14.8,10.8,-102.0721614,-1.781495291,38,19.20833333
21/08/1980,0.63792,NA,NA,NA,NA,NA,NA,NA,NA,NA,NA,NA,NA,NA,NA,NA,NA,NA,NA,NA,NA,NA,3.6,14.6,9.1,-65.43909638,-1.142127691,34,15.375
22/08/1980,0.64066,NA,NA,NA,NA,NA,NA,NA,NA,NA,NA,NA,NA,NA,NA,NA,NA,NA,NA,NA,NA,NA,0.1,11.7,7.2,-38.26524344,-0.667854487,26,12.08333333
23/08/1980,0.64339,NA,NA,NA,NA,NA,NA,NA,NA,NA,NA,NA,NA,NA,NA,NA,NA,NA,NA,NA,NA,NA,0,14.6,6.4,-68.90974299,-1.202701902,17,7.541666667
24/08/1980,0.64613,NA,NA,NA,NA,NA,NA,NA,NA,NA,NA,NA,NA,NA,NA,NA,NA,NA,NA,NA,NA,NA,0.1,13.9,6.4,-177.7781577,-3.10281419,14,6.083333333
25/08/1980,0.64887,NA,NA,NA,NA,NA,NA,NA,NA,NA,NA,NA,NA,NA,NA,NA,NA,NA,NA,NA,NA,NA,0.4,14.7,10.9,32.80002989,0.572468516,9,3.083333333
26/08/1980,0.65161,NA,NA,NA,NA,NA,NA,NA,NA,NA,NA,NA,NA,NA,NA,NA,NA,NA,NA,NA,NA,NA,4.3,15.5,10.6,156.0738087,2.724001837,13,4.75
27/08/1980,0.65435,NA,NA,NA,NA,NA,NA,NA,NA,NA,NA,NA,NA,NA,NA,NA,NA,NA,NA,NA,NA,NA,4,14.6,11.2,118.6459333,2.07076218,7,2.916666667
28/08/1980,0.65708,NA,NA,NA,NA,NA,NA,NA,NA,NA,NA,NA,NA,NA,NA,NA,NA,NA,NA,NA,NA,NA,3.2,16.2,12.3,-152.3116887,-2.658340457,20,8.916666667
29/08/1980,0.65982,NA,NA,NA,NA,NA,NA,NA,NA,NA,NA,NA,NA,NA,NA,NA,NA,NA,NA,NA,NA,NA,0.2,16.5,12.9,92.33303837,1.611515528,14,6
30/08/1980,0.66256,NA,NA,NA,NA,NA,NA,NA,NA,NA,NA,NA,NA,NA,NA,NA,NA,NA,NA,NA,NA,NA,5.6,13.8,10.8,28.85255747,0.503572125,22,12.33333333
31/08/1980,0.66530,NA,NA,NA,NA,NA,NA,NA,NA,NA,NA,NA,NA,NA,NA,NA,NA,NA,NA,NA,NA,NA,1.3,14,5.7,176.5624511,3.081596108,22,8.083333333
01/09/1980,0.66804,NA,NA,NA,NA,NA,NA,NA,NA,NA,NA,NA,NA,NA,NA,NA,NA,NA,NA,NA,NA,NA,3.2,15.3,13.3,-171.6471096,-2.995807214,33,16
02/09/1980,0.67077,NA,NA,NA,NA,NA,NA,NA,NA,NA,NA,NA,NA,NA,NA,NA,NA,NA,NA,NA,NA,NA,7.7,16.2,12.3,-136.2037063,-2.377203128,36,10.20833333
03/09/1980,0.67351,NA,NA,NA,NA,NA,NA,NA,NA,NA,NA,NA,NA,NA,NA,NA,NA,NA,NA,NA,NA,NA,6.7,15.3,11.6,-32.00572406,-0.558605264,25,7.333333333
04/09/1980,0.67625,NA,NA,NA,NA,NA,NA,NA,NA,NA,NA,NA,NA,NA,NA,NA,NA,NA,NA,NA,NA,NA,12.5,16.3,12,168.7130055,2.944597436,33,11.79166667
05/09/1980,0.67899,NA,NA,NA,NA,NA,NA,NA,NA,NA,NA,NA,NA,NA,NA,NA,NA,NA,NA,NA,NA,NA,8.1,17.4,10.1,-117.1405501,-2.044488286,20,7.333333333
06/09/1980,0.68172,NA,NA,NA,NA,NA,NA,NA,NA,NA,NA,NA,NA,NA,NA,NA,NA,NA,NA,NA,NA,NA,8.6,15.9,11.6,-161.6896288,-2.822016389,35,15.625
07/09/1980,0.68446,NA,NA,NA,NA,NA,NA,NA,NA,NA,NA,NA,NA,NA,NA,NA,NA,NA,NA,NA,NA,NA,5.4,16,12.4,-163.7835763,-2.858562667,36,17.25
08/09/1980,0.68720,NA,NA,NA,NA,NA,NA,NA,NA,NA,NA,NA,NA,NA,NA,NA,NA,NA,NA,NA,NA,NA,15.1,14.5,8.8,-118.7214549,-2.072080281,40,15.20833333
09/09/1980,0.68994,NA,NA,NA,NA,NA,NA,NA,NA,NA,NA,NA,NA,NA,NA,NA,NA,NA,NA,NA,NA,NA,1.4,14.2,5.7,-120.1347454,-2.096746853,23,6.166666667
10/09/1980,0.69268,NA,NA,NA,NA,NA,NA,NA,NA,NA,NA,NA,NA,NA,NA,NA,NA,NA,NA,NA,NA,NA,3.6,12.7,8.9,91.31620903,1.593768508,24,10.29166667
11/09/1980,0.69541,NA,NA,NA,NA,NA,NA,NA,NA,NA,NA,NA,NA,NA,NA,NA,NA,NA,NA,NA,NA,NA,8.6,12.3,4.6,119.1413656,2.079409104,NA,7.666666667
12/09/1980,0.69815,NA,NA,NA,NA,NA,NA,NA,NA,NA,NA,NA,NA,NA,NA,NA,NA,NA,NA,NA,NA,NA,9.5,14.8,9.7,-86.9555532,-1.517660706,34,15.58333333
13/09/1980,0.70089,NA,NA,NA,NA,NA,NA,NA,NA,NA,NA,NA,NA,NA,NA,NA,NA,NA,NA,NA,NA,NA,3.5,13.4,6.4,-60.54147008,-1.056647987,29,9
14/09/1980,0.70363,NA,NA,NA,NA,NA,NA,NA,NA,NA,NA,NA,NA,NA,NA,NA,NA,NA,NA,NA,NA,NA,0.5,13.7,4.3,30.06266986,0.524692571,13,3.833333333
15/09/1980,0.70637,NA,NA,NA,NA,NA,NA,NA,NA,NA,NA,NA,NA,NA,NA,NA,NA,NA,NA,NA,NA,NA,19.5,14.4,7.4,122.9236326,2.145422117,23,10.33333333
16/09/1980,0.70910,NA,NA,NA,NA,NA,NA,NA,NA,NA,NA,NA,NA,NA,NA,NA,NA,NA,NA,NA,NA,NA,2.9,15.6,12.6,-177.942713,-3.105686222,36,16.125
17/09/1980,0.71184,NA,NA,NA,NA,NA,NA,NA,NA,NA,NA,NA,NA,NA,NA,NA,NA,NA,NA,NA,NA,NA,5.7,14.7,10,-147.4171725,-2.572915034,31,13.125
18/09/1980,0.71458,NA,NA,NA,NA,NA,NA,NA,NA,NA,NA,NA,NA,NA,NA,NA,NA,NA,NA,NA,NA,NA,13.8,12.5,10.5,115.7344018,2.01994637,22,10
19/09/1980,0.71732,NA,NA,NA,NA,NA,NA,NA,NA,NA,NA,NA,NA,NA,NA,NA,NA,NA,NA,NA,NA,NA,0.6,15.5,11.7,77.99857893,1.361332014,17,4.166666667
20/09/1980,0.72005,NA,NA,NA,NA,NA,NA,NA,NA,NA,NA,NA,NA,NA,NA,NA,NA,NA,NA,NA,NA,NA,0,17.1,9.6,NA,NA,NA,2.416666667
21/09/1980,0.72279,NA,NA,NA,NA,NA,NA,NA,NA,NA,NA,NA,NA,NA,NA,NA,NA,NA,NA,NA,NA,NA,0,14.8,8.2,44.70253134,0.780206356,25,9.083333333
22/09/1980,0.72553,NA,NA,NA,NA,NA,NA,NA,NA,NA,NA,NA,NA,NA,NA,NA,NA,NA,NA,NA,NA,NA,0.2,18.4,11.8,117.0300402,2.042559525,24,7.583333333
23/09/1980,0.72827,NA,NA,NA,NA,NA,NA,NA,NA,NA,NA,NA,NA,NA,NA,NA,NA,NA,NA,NA,NA,NA,1.4,15.2,11.6,-147.2635085,-2.570233092,NA,9.041666667
24/09/1980,0.73101,NA,NA,NA,NA,NA,NA,NA,NA,NA,NA,NA,NA,NA,NA,NA,NA,NA,NA,NA,NA,NA,0.3,14,8.4,-120.1251286,-2.096579009,20,6.083333333
25/09/1980,0.73374,NA,NA,NA,NA,NA,NA,NA,NA,NA,NA,NA,NA,NA,NA,NA,NA,NA,NA,NA,NA,NA,0.1,14.2,9,-171.6747074,-2.996288887,46,19.25
26/09/1980,0.73648,NA,NA,NA,NA,NA,NA,NA,NA,NA,NA,NA,NA,NA,NA,NA,NA,NA,NA,NA,NA,NA,17.2,13.7,9.9,-168.4129269,-2.939360077,41,17.58333333
27/09/1980,0.73922,NA,NA,NA,NA,NA,NA,NA,NA,NA,NA,NA,NA,NA,NA,NA,NA,NA,NA,NA,NA,NA,2.1,14.2,7.2,-166.695827,-2.90939103,29,10.375
28/09/1980,0.74196,NA,NA,NA,NA,NA,NA,NA,NA,NA,NA,NA,NA,NA,NA,NA,NA,NA,NA,NA,NA,NA,1.6,14.3,7.6,-145.0905848,-2.532308418,35,11.91666667
29/09/1980,0.74470,NA,NA,NA,NA,NA,NA,NA,NA,NA,NA,NA,NA,NA,NA,NA,NA,NA,NA,NA,NA,NA,10.2,14.3,8.9,-137.7578437,-2.404327943,49,21.91666667
30/09/1980,0.74743,NA,NA,NA,NA,NA,NA,NA,NA,NA,NA,NA,NA,NA,NA,NA,NA,NA,NA,NA,NA,NA,0.8,13,8.2,-124.476752,-2.172529165,44,12.83333333
01/10/1980,0.75017,NA,NA,NA,NA,NA,NA,NA,NA,NA,NA,NA,NA,NA,NA,NA,NA,NA,NA,NA,NA,NA,14.5,12.6,6.4,-123.0387278,-2.147430908,56,26.41666667
02/10/1980,0.75291,NA,NA,NA,NA,NA,NA,NA,NA,NA,NA,NA,NA,NA,NA,NA,NA,NA,NA,NA,NA,NA,0.3,12.7,8.8,-120.301297,-2.099653727,37,11.20833333
03/10/1980,0.75565,NA,NA,NA,NA,NA,NA,NA,NA,NA,NA,NA,NA,NA,NA,NA,NA,NA,NA,NA,NA,NA,12.2,13.4,7,-149.9223965,-2.616639442,44,17.16666667
04/10/1980,0.75838,NA,NA,NA,NA,NA,NA,NA,NA,NA,NA,NA,NA,NA,NA,NA,NA,NA,NA,NA,NA,NA,1.7,11.1,5.4,-127.4787423,-2.224923779,29,9.833333333
05/10/1980,0.76112,NA,NA,NA,NA,NA,NA,NA,NA,NA,NA,NA,NA,NA,NA,NA,NA,NA,NA,NA,NA,NA,15,13.1,7.9,-135.9156039,-2.372174794,32,13.54166667
06/10/1980,0.76386,NA,NA,NA,NA,NA,NA,NA,NA,NA,NA,NA,NA,NA,NA,NA,NA,NA,NA,NA,NA,NA,27.2,9.8,7,-149.3883125,-2.607317917,29,9.416666667
07/10/1980,0.76660,NA,NA,NA,NA,NA,NA,NA,NA,NA,NA,NA,NA,NA,NA,NA,NA,NA,NA,NA,NA,NA,12.2,10.3,6.5,-67.90505739,-1.18516683,38,15.41666667
08/10/1980,0.76934,NA,NA,NA,NA,NA,NA,NA,NA,NA,NA,NA,NA,NA,NA,NA,NA,NA,NA,NA,NA,NA,13,8.9,4.9,-61.66196101,-1.076204243,48,22.125
09/10/1980,0.77207,NA,NA,NA,NA,NA,NA,NA,NA,NA,NA,NA,NA,NA,NA,NA,NA,NA,NA,NA,NA,NA,8.2,8.5,5.5,-64.99364573,-1.134353111,37,17.625
10/10/1980,0.77481,NA,NA,NA,NA,NA,NA,NA,NA,NA,NA,NA,NA,NA,NA,NA,NA,NA,NA,NA,NA,NA,8.9,9.6,4,-70.41180886,-1.228917897,19,6.541666667
11/10/1980,0.77755,NA,NA,NA,NA,NA,NA,NA,NA,NA,NA,NA,NA,NA,NA,NA,NA,NA,NA,NA,NA,NA,11.6,8.7,5.7,-14.58959897,-0.254636539,28,13.95833333
12/10/1980,0.78029,NA,NA,NA,NA,NA,NA,NA,NA,NA,NA,NA,NA,NA,NA,NA,NA,NA,NA,NA,NA,NA,2.6,8.9,3.4,3.252641935,0.056769311,27,7.166666667
13/10/1980,0.78303,NA,NA,NA,NA,NA,NA,NA,NA,NA,NA,NA,NA,NA,NA,NA,NA,NA,NA,NA,NA,NA,0.7,10.3,2.7,123.8218279,2.161098583,18,7.583333333
14/10/1980,0.78576,NA,NA,NA,NA,NA,NA,NA,NA,NA,NA,NA,NA,NA,NA,NA,NA,NA,NA,NA,NA,NA,0,10.5,7.7,66.88533364,1.167369293,24,12.625
15/10/1980,0.78850,NA,NA,NA,NA,NA,NA,NA,NA,NA,NA,NA,NA,NA,NA,NA,NA,NA,NA,NA,NA,NA,1.9,9.6,4.3,-2.450389723,-0.042767369,36,13.95833333
16/10/1980,0.79124,NA,NA,NA,NA,NA,NA,NA,NA,NA,NA,NA,NA,NA,NA,NA,NA,NA,NA,NA,NA,NA,9.3,8,3.8,12.51750128,0.218471611,44,21.45833333
17/10/1980,0.79398,NA,NA,NA,NA,NA,NA,NA,NA,NA,NA,NA,NA,NA,NA,NA,NA,NA,NA,NA,NA,NA,3.9,7.6,3.5,-2.09147874,-0.03650319,36,14.04166667
18/10/1980,0.79671,NA,NA,NA,NA,NA,NA,NA,NA,NA,NA,NA,NA,NA,NA,NA,NA,NA,NA,NA,NA,NA,0.7,7.3,1,-40.36171924,-0.704444893,25,6.083333333
19/10/1980,0.79945,NA,NA,NA,NA,NA,NA,NA,NA,NA,NA,NA,NA,NA,NA,NA,NA,NA,NA,NA,NA,NA,0.1,7.3,0.2,-49.77589592,-0.868753272,23,5.208333333
20/10/1980,0.80219,NA,NA,NA,NA,NA,NA,NA,NA,NA,NA,NA,NA,NA,NA,NA,NA,NA,NA,NA,NA,NA,0.1,8.1,-0.4,60.48176847,1.055605997,12,3.916666667
21/10/1980,0.80493,NA,NA,NA,NA,NA,NA,NA,NA,NA,NA,NA,NA,NA,NA,NA,NA,NA,NA,NA,NA,NA,5.9,9.7,6,93.4163075,1.630422141,22,8.916666667
22/10/1980,0.80767,NA,NA,NA,NA,NA,NA,NA,NA,NA,NA,NA,NA,NA,NA,NA,NA,NA,NA,NA,NA,NA,6.2,11,9.1,88.32929399,1.541637006,22,9.375
23/10/1980,0.81040,NA,NA,NA,NA,NA,NA,NA,NA,NA,NA,NA,NA,NA,NA,NA,NA,NA,NA,NA,NA,NA,8.2,10.8,8.3,60.83646293,1.061796583,NA,13.58333333
24/10/1980,0.81314,NA,NA,NA,NA,NA,NA,NA,NA,NA,NA,NA,NA,NA,NA,NA,NA,NA,NA,NA,NA,NA,2.2,9.6,6.1,44.58066262,0.778079345,27,14.625
25/10/1980,0.81588,NA,NA,NA,NA,NA,NA,NA,NA,NA,NA,NA,NA,NA,NA,NA,NA,NA,NA,NA,NA,NA,1.3,7.7,2.9,70.1027975,1.223524631,21,8.125
26/10/1980,0.81862,NA,NA,NA,NA,NA,NA,NA,NA,NA,NA,NA,NA,NA,NA,NA,NA,NA,NA,NA,NA,NA,4.5,12.9,6.3,164.1141174,2.864331697,NA,13.625
27/10/1980,0.82136,NA,NA,NA,NA,NA,NA,NA,NA,NA,NA,NA,NA,NA,NA,NA,NA,NA,NA,NA,NA,NA,11.5,13.1,9.8,-166.7854729,-2.910955647,24,9.708333333
28/10/1980,0.82409,NA,NA,NA,NA,NA,NA,NA,NA,NA,NA,NA,NA,NA,NA,NA,NA,NA,NA,NA,NA,NA,11.5,11.6,7.5,-133.5692999,-2.331224063,30,12.70833333
29/10/1980,0.82683,NA,NA,NA,NA,NA,NA,NA,NA,NA,NA,NA,NA,NA,NA,NA,NA,NA,NA,NA,NA,NA,7.1,8.5,0.7,-44.08275249,-0.769389174,40,12.375
30/10/1980,0.82957,NA,NA,NA,NA,NA,NA,NA,NA,NA,NA,NA,NA,NA,NA,NA,NA,NA,NA,NA,NA,NA,0,10.1,-0.2,-166.3193635,-2.902820502,30,11.41666667
31/10/1980,0.83231,NA,NA,NA,NA,NA,NA,NA,NA,NA,NA,NA,NA,NA,NA,NA,NA,NA,NA,NA,NA,NA,0,11.3,9.3,167.0803007,2.916101362,52,26.16666667
01/11/1980,0.83504,NA,NA,NA,NA,NA,NA,NA,NA,NA,NA,NA,NA,NA,NA,NA,NA,NA,NA,NA,NA,NA,8.1,12.3,8.4,169.1667297,2.952516419,48,25.95833333
02/11/1980,0.83778,NA,NA,NA,NA,NA,NA,NA,NA,NA,NA,NA,NA,NA,NA,NA,NA,NA,NA,NA,NA,NA,9.4,10.9,6.7,-79.51990869,-1.387884228,29,4.333333333
03/11/1980,0.84052,NA,NA,NA,NA,NA,NA,NA,NA,NA,NA,NA,NA,NA,NA,NA,NA,NA,NA,NA,NA,NA,0.1,9.1,5.1,-46.40649422,-0.809946119,4,1.666666667
04/11/1980,0.84326,NA,NA,NA,NA,NA,NA,NA,NA,NA,NA,NA,NA,NA,NA,NA,NA,NA,NA,NA,NA,NA,0,7.6,3.3,-123.6985588,-2.158947132,8,2.666666667
05/11/1980,0.84600,NA,NA,NA,NA,NA,NA,NA,NA,NA,NA,NA,NA,NA,NA,NA,NA,NA,NA,NA,NA,NA,0,9.7,3.5,82.8853206,1.446621746,21,7.791666667
06/11/1980,0.84873,NA,NA,NA,NA,NA,NA,NA,NA,NA,NA,NA,NA,NA,NA,NA,NA,NA,NA,NA,NA,NA,0,8.4,6.6,63.73587414,1.112400855,27,13.79166667
07/11/1980,0.85147,NA,NA,NA,NA,NA,NA,NA,NA,NA,NA,NA,NA,NA,NA,NA,NA,NA,NA,NA,NA,NA,0,9.5,7.6,45.42785767,0.792865689,27,15.70833333
08/11/1980,0.85421,NA,NA,NA,NA,NA,NA,NA,NA,NA,NA,NA,NA,NA,NA,NA,NA,NA,NA,NA,NA,NA,0.8,8.6,5.1,20.26567169,0.353702696,26,14.25
09/11/1980,0.85695,NA,NA,NA,NA,NA,NA,NA,NA,NA,NA,NA,NA,NA,NA,NA,NA,NA,NA,NA,NA,NA,2.1,7.5,3.5,-25.89246827,-0.451908823,25,8.208333333
10/11/1980,0.85969,NA,NA,NA,NA,NA,NA,NA,NA,NA,NA,NA,NA,NA,NA,NA,NA,NA,NA,NA,NA,NA,0.8,8,3.1,-96.70899984,-1.687890463,22,7.083333333
11/11/1980,0.86242,NA,NA,NA,NA,NA,NA,NA,NA,NA,NA,NA,NA,NA,NA,NA,NA,NA,NA,NA,NA,NA,2.1,7.5,2.9,-21.70405741,-0.378807263,37,13.91666667
12/11/1980,0.86516,NA,NA,NA,NA,NA,NA,NA,NA,NA,NA,NA,NA,NA,NA,NA,NA,NA,NA,NA,NA,NA,2.8,8.4,1,-105.2854221,-1.83757727,21,7.958333333
13/11/1980,0.86790,NA,NA,NA,NA,NA,NA,NA,NA,NA,NA,NA,NA,NA,NA,NA,NA,NA,NA,NA,NA,NA,4.7,7,1.2,-79.23576357,-1.38292496,27,9.75
14/11/1980,0.87064,NA,NA,NA,NA,NA,NA,NA,NA,NA,NA,NA,NA,NA,NA,NA,NA,NA,NA,NA,NA,NA,14.1,10.4,1.3,96.44685273,1.683315133,27,10.25
15/11/1980,0.87337,NA,NA,NA,NA,NA,NA,NA,NA,NA,NA,NA,NA,NA,NA,NA,NA,NA,NA,NA,NA,NA,5.6,10.5,5.1,-75.87720987,-1.324307139,26,12.5
16/11/1980,0.87611,NA,NA,NA,NA,NA,NA,NA,NA,NA,NA,NA,NA,NA,NA,NA,NA,NA,NA,NA,NA,NA,11.4,6.2,1.6,59.1349018,1.032098739,26,9.75
17/11/1980,0.87885,NA,NA,NA,NA,NA,NA,NA,NA,NA,NA,NA,NA,NA,NA,NA,NA,NA,NA,NA,NA,NA,2.6,6.4,3.6,-76.61040022,-1.337103725,9,3.083333333
18/11/1980,0.88159,NA,NA,NA,NA,NA,NA,NA,NA,NA,NA,NA,NA,NA,NA,NA,NA,NA,NA,NA,NA,NA,3,7.4,3.1,17.10650266,0.298564795,34,12.54166667
19/11/1980,0.88433,NA,NA,NA,NA,NA,NA,NA,NA,NA,NA,NA,NA,NA,NA,NA,NA,NA,NA,NA,NA,NA,26.4,12,2.7,124.0227884,2.164606006,36,14.75
20/11/1980,0.88706,NA,NA,NA,NA,NA,NA,NA,NA,NA,NA,NA,NA,NA,NA,NA,NA,NA,NA,NA,NA,NA,18.8,12.2,8.6,-162.0741785,-2.828728048,29,11.875
21/11/1980,0.88980,NA,NA,NA,NA,NA,NA,NA,NA,NA,NA,NA,NA,NA,NA,NA,NA,NA,NA,NA,NA,NA,11.8,11,7.5,-147.0377698,-2.566293207,31,14.33333333
22/11/1980,0.89254,NA,NA,NA,NA,NA,NA,NA,NA,NA,NA,NA,NA,NA,NA,NA,NA,NA,NA,NA,NA,NA,8.5,11.3,9.1,-151.2184107,-2.639259156,38,18.75
23/11/1980,0.89528,NA,NA,NA,NA,NA,NA,NA,NA,NA,NA,NA,NA,NA,NA,NA,NA,NA,NA,NA,NA,NA,4,11.3,7.2,-122.8558237,-2.144238629,33,14.75
24/11/1980,0.89802,NA,NA,NA,NA,NA,NA,NA,NA,NA,NA,NA,NA,NA,NA,NA,NA,NA,NA,NA,NA,NA,47.7,8.8,3.9,59.64600045,1.041019093,44,16.83333333
25/11/1980,0.90075,NA,NA,NA,NA,NA,NA,NA,NA,NA,NA,NA,NA,NA,NA,NA,NA,NA,NA,NA,NA,NA,6,5.6,-1.1,-10.9509661,-0.191130415,38,14.125
26/11/1980,0.90349,NA,NA,NA,NA,NA,NA,NA,NA,NA,NA,NA,NA,NA,NA,NA,NA,NA,NA,NA,NA,NA,8.9,5.8,-1.3,-110.2306485,-1.923887753,28,6.666666667
27/11/1980,0.90623,NA,NA,NA,NA,NA,NA,NA,NA,NA,NA,NA,NA,NA,NA,NA,NA,NA,NA,NA,NA,NA,4,6.1,0.5,-42.48676203,-0.741533886,40,16.75
28/11/1980,0.90897,NA,NA,NA,NA,NA,NA,NA,NA,NA,NA,NA,NA,NA,NA,NA,NA,NA,NA,NA,NA,NA,3.7,4.4,-1.5,-12.40819589,-0.216563872,34,14.20833333
29/11/1980,0.91170,NA,NA,NA,NA,NA,NA,NA,NA,NA,NA,NA,NA,NA,NA,NA,NA,NA,NA,NA,NA,NA,0,3.7,-3.2,-90.16730018,-1.573716266,16,3.458333333
30/11/1980,0.91444,NA,NA,NA,NA,NA,NA,NA,NA,NA,NA,NA,NA,NA,NA,NA,NA,NA,NA,NA,NA,NA,0,7.9,-1.1,-163.7659975,-2.85825586,47,23.16666667
01/12/1980,0.91718,NA,NA,NA,NA,NA,NA,NA,NA,NA,NA,NA,NA,NA,NA,NA,NA,NA,NA,NA,NA,NA,5.4,10.4,4.8,-109.1883707,-1.905696574,45,19.58333333
02/12/1980,0.91992,NA,NA,NA,NA,NA,NA,NA,NA,NA,NA,NA,NA,NA,NA,NA,NA,NA,NA,NA,NA,NA,1.6,6.1,2.5,-19.61274619,-0.342306996,33,15.625
03/12/1980,0.92266,NA,NA,NA,NA,NA,NA,NA,NA,NA,NA,NA,NA,NA,NA,NA,NA,NA,NA,NA,NA,NA,0.8,6.5,1.8,-38.65635945,-0.674680749,28,12.625
04/12/1980,0.92539,NA,NA,NA,NA,NA,NA,NA,NA,NA,NA,NA,NA,NA,NA,NA,NA,NA,NA,NA,NA,NA,1.7,7.7,4.9,-49.12089196,-0.857321296,26,11.16666667
05/12/1980,0.92813,NA,NA,NA,NA,NA,NA,NA,NA,NA,NA,NA,NA,NA,NA,NA,NA,NA,NA,NA,NA,NA,4.5,8.7,2.8,-45.34516837,-0.791422488,50,24.70833333
06/12/1980,0.93087,NA,NA,NA,NA,NA,NA,NA,NA,NA,NA,NA,NA,NA,NA,NA,NA,NA,NA,NA,NA,NA,4.8,6.6,0.1,-8.721074847,-0.15221147,31,10.54166667
07/12/1980,0.93361,NA,NA,NA,NA,NA,NA,NA,NA,NA,NA,NA,NA,NA,NA,NA,NA,NA,NA,NA,NA,NA,0.1,3.5,-0.5,-91.19091479,-1.591581711,16,4.541666667
08/12/1980,0.93634,NA,NA,NA,NA,NA,NA,NA,NA,NA,NA,NA,NA,NA,NA,NA,NA,NA,NA,NA,NA,NA,1.5,9,2.4,-148.7509991,-2.5961947,37,12.41666667
09/12/1980,0.93908,NA,NA,NA,NA,NA,NA,NA,NA,NA,NA,NA,NA,NA,NA,NA,NA,NA,NA,NA,NA,NA,11.8,10.1,8.3,-141.2585844,-2.465427394,39,19.79166667
10/12/1980,0.94182,NA,NA,NA,NA,NA,NA,NA,NA,NA,NA,NA,NA,NA,NA,NA,NA,NA,NA,NA,NA,NA,12,11,9.2,-148.8274084,-2.597528295,34,13.54166667
11/12/1980,0.94456,NA,NA,NA,NA,NA,NA,NA,NA,NA,NA,NA,NA,NA,NA,NA,NA,NA,NA,NA,NA,NA,1.2,9.8,6.5,-135.7719673,-2.369667862,26,9.5
12/12/1980,0.94730,NA,NA,NA,NA,NA,NA,NA,NA,NA,NA,NA,NA,NA,NA,NA,NA,NA,NA,NA,NA,NA,5,10.7,7.9,-157.8446361,-2.754908606,36,15
13/12/1980,0.95003,NA,NA,NA,NA,NA,NA,NA,NA,NA,NA,NA,NA,NA,NA,NA,NA,NA,NA,NA,NA,NA,1.7,9.3,5.2,-131.8271043,-2.300817014,36,7.75
14/12/1980,0.95277,NA,NA,NA,NA,NA,NA,NA,NA,NA,NA,NA,NA,NA,NA,NA,NA,NA,NA,NA,NA,NA,3.7,6.6,3.4,-45.42861456,-0.792878899,35,9.25
15/12/1980,0.95551,NA,NA,NA,NA,NA,NA,NA,NA,NA,NA,NA,NA,NA,NA,NA,NA,NA,NA,NA,NA,NA,3.5,5.3,2.2,-33.20267124,-0.579495934,24,8.916666667
16/12/1980,0.95825,NA,NA,NA,NA,NA,NA,NA,NA,NA,NA,NA,NA,NA,NA,NA,NA,NA,NA,NA,NA,NA,0.6,9.9,0.3,-151.729218,-2.648174425,39,13.79166667
17/12/1980,0.96099,NA,NA,NA,NA,NA,NA,NA,NA,NA,NA,NA,NA,NA,NA,NA,NA,NA,NA,NA,NA,NA,9.8,10.6,0.3,-121.0443673,-2.11262275,36,15.125
18/12/1980,0.96372,NA,NA,NA,NA,NA,NA,NA,NA,NA,NA,NA,NA,NA,NA,NA,NA,NA,NA,NA,NA,NA,7.8,5,0.1,-69.45860134,-1.212281287,39,13
19/12/1980,0.96646,NA,NA,NA,NA,NA,NA,NA,NA,NA,NA,NA,NA,NA,NA,NA,NA,NA,NA,NA,NA,NA,6.2,5.7,-1.4,172.0931099,3.003591387,40,15.25
20/12/1980,0.96920,NA,NA,NA,NA,NA,NA,NA,NA,NA,NA,NA,NA,NA,NA,NA,NA,NA,NA,NA,NA,NA,0.9,5.4,1.3,39.1360573,0.683053056,18,4.666666667
21/12/1980,0.97194,NA,NA,NA,NA,NA,NA,NA,NA,NA,NA,NA,NA,NA,NA,NA,NA,NA,NA,NA,NA,NA,2.4,7.5,2.3,-171.6489577,-2.99583947,27,7.208333333
22/12/1980,0.97467,NA,NA,NA,NA,NA,NA,NA,NA,NA,NA,NA,NA,NA,NA,NA,NA,NA,NA,NA,NA,NA,3.8,7.3,3.1,-123.8579237,-2.161728573,34,10.45833333
23/12/1980,0.97741,NA,NA,NA,NA,NA,NA,NA,NA,NA,NA,NA,NA,NA,NA,NA,NA,NA,NA,NA,NA,NA,13.6,9.7,2.8,-123.511221,-2.155677469,46,12.54166667
24/12/1980,0.98015,NA,NA,NA,NA,NA,NA,NA,NA,NA,NA,NA,NA,NA,NA,NA,NA,NA,NA,NA,NA,NA,5.4,5.2,1.9,-126.7217454,-2.21171169,33,9.875
25/12/1980,0.98289,NA,NA,NA,NA,NA,NA,NA,NA,NA,NA,NA,NA,NA,NA,NA,NA,NA,NA,NA,NA,NA,4.3,5.2,0.5,-101.8284868,-1.777242367,34,13.04166667
26/12/1980,0.98563,NA,NA,NA,NA,NA,NA,NA,NA,NA,NA,NA,NA,NA,NA,NA,NA,NA,NA,NA,NA,NA,5.5,3.4,-0.1,-63.22875686,-1.103549989,34,11.70833333
27/12/1980,0.98836,NA,NA,NA,NA,NA,NA,NA,NA,NA,NA,NA,NA,NA,NA,NA,NA,NA,NA,NA,NA,NA,0.1,9.3,1.2,-118.9556921,-2.076168491,37,12.33333333
28/12/1980,0.99110,NA,NA,NA,NA,NA,NA,NA,NA,NA,NA,NA,NA,NA,NA,NA,NA,NA,NA,NA,NA,NA,3.1,10.2,5.1,-114.6060977,-2.000253748,47,19.54166667
29/12/1980,0.99384,NA,NA,NA,NA,NA,NA,NA,NA,NA,NA,NA,NA,NA,NA,NA,NA,NA,NA,NA,NA,NA,3.9,10.4,4.3,-115.9718254,-2.024090193,54,20.29166667
30/12/1980,0.99658,NA,NA,NA,NA,NA,NA,NA,NA,NA,NA,NA,NA,NA,NA,NA,NA,NA,NA,NA,NA,NA,15.2,10.6,4.8,-125.0480971,-2.182501018,38,15.54166667
31/12/1980,0.99932,NA,NA,NA,NA,NA,NA,NA,NA,NA,NA,NA,NA,NA,NA,NA,NA,NA,NA,NA,NA,NA,9,6.6,-1,-90.28238968,-1.575724957,61,24.54166667
01/01/1981,1.00205,NA,NA,NA,NA,NA,NA,NA,NA,NA,NA,NA,NA,NA,NA,NA,NA,NA,NA,NA,NA,NA,8,4.6,-1.3,-83.94397475,-1.465098747,55,18.625
02/01/1981,1.00479,NA,NA,NA,NA,NA,NA,NA,NA,NA,NA,NA,NA,NA,NA,NA,NA,NA,NA,NA,NA,NA,11.9,9.8,4.2,-94.16248368,-1.643445372,34,18.16666667
03/01/1981,1.00753,NA,NA,NA,NA,NA,NA,NA,NA,NA,NA,NA,NA,NA,NA,NA,NA,NA,NA,NA,NA,NA,6.7,6.6,0.9,-54.41691224,-0.949754287,36,14.54166667
04/01/1981,1.01027,NA,NA,NA,NA,NA,NA,NA,NA,NA,NA,NA,NA,NA,NA,NA,NA,NA,NA,NA,NA,NA,0.7,4.2,-1.3,-23.97662012,-0.418470965,45,17.375
05/01/1981,1.01300,NA,NA,NA,NA,NA,NA,NA,NA,NA,NA,NA,NA,NA,NA,NA,NA,NA,NA,NA,NA,NA,9.6,4.5,-3.7,-84.80639122,-1.480150754,45,10.33333333
06/01/1981,1.01574,NA,NA,NA,NA,NA,NA,NA,NA,NA,NA,NA,NA,NA,NA,NA,NA,NA,NA,NA,NA,NA,1.8,2.8,0,-92.04367679,-1.606465216,8,2.708333333
07/01/1981,1.01848,NA,NA,NA,NA,NA,NA,NA,NA,NA,NA,NA,NA,NA,NA,NA,NA,NA,NA,NA,NA,NA,1.6,8.7,-0.3,-126.1563812,-2.201844225,28,12.29166667
08/01/1981,1.02122,NA,NA,NA,NA,NA,NA,NA,NA,NA,NA,NA,NA,NA,NA,NA,NA,NA,NA,NA,NA,NA,3.8,11,6.9,-119.0325963,-2.077510723,50,19.41666667
09/01/1981,1.02396,NA,NA,NA,NA,NA,NA,NA,NA,NA,NA,NA,NA,NA,NA,NA,NA,NA,NA,NA,NA,NA,5.2,7,0.4,-50.21936517,-0.876493271,39,14.79166667
10/01/1981,1.02669,NA,NA,NA,NA,NA,NA,NA,NA,NA,NA,NA,NA,NA,NA,NA,NA,NA,NA,NA,NA,NA,0.1,3.6,0.2,-27.63846544,-0.482382222,37,11.54166667
11/01/1981,1.02943,NA,NA,NA,NA,NA,NA,NA,NA,NA,NA,NA,NA,NA,NA,NA,NA,NA,NA,NA,NA,NA,5.8,7.4,2.6,-102.0105684,-1.780420291,48,16.91666667
12/01/1981,1.03217,NA,NA,NA,NA,NA,NA,NA,NA,NA,NA,NA,NA,NA,NA,NA,NA,NA,NA,NA,NA,NA,4.7,3.4,-2.6,-24.69604367,-0.431027274,48,23.91666667
13/01/1981,1.03491,NA,NA,NA,NA,NA,NA,NA,NA,NA,NA,NA,NA,NA,NA,NA,NA,NA,NA,NA,NA,NA,3.7,7.6,-0.8,-91.34567859,-1.594282849,34,13.70833333
14/01/1981,1.03765,NA,NA,NA,NA,NA,NA,NA,NA,NA,NA,NA,NA,NA,NA,NA,NA,NA,NA,NA,NA,NA,8.6,7.3,-1.2,-62.53163264,-1.091382876,59,20.625
15/01/1981,1.04038,NA,NA,NA,NA,NA,NA,NA,NA,NA,NA,NA,NA,NA,NA,NA,NA,NA,NA,NA,NA,NA,1.6,1.4,-3.8,-30.0247516,-0.524030773,32,13.375
16/01/1981,1.04312,NA,NA,NA,NA,NA,NA,NA,NA,NA,NA,NA,NA,NA,NA,NA,NA,NA,NA,NA,NA,NA,2.4,0.2,-6.6,99.94503716,1.74436997,35,13.95833333
17/01/1981,1.04586,NA,NA,NA,NA,NA,NA,NA,NA,NA,NA,NA,NA,NA,NA,NA,NA,NA,NA,NA,NA,NA,1.2,3.8,-1.8,70.7286727,1.234448214,41,14.70833333
18/01/1981,1.04860,NA,NA,NA,NA,NA,NA,NA,NA,NA,NA,NA,NA,NA,NA,NA,NA,NA,NA,NA,NA,NA,9.6,6.8,-2.6,-163.192425,-2.84824513,50,20.625
19/01/1981,1.05133,NA,NA,NA,NA,NA,NA,NA,NA,NA,NA,NA,NA,NA,NA,NA,NA,NA,NA,NA,NA,NA,7.3,5.3,0.1,-86.28164792,-1.50589884,50,21.70833333
20/01/1981,1.05407,NA,NA,NA,NA,NA,NA,NA,NA,NA,NA,NA,NA,NA,NA,NA,NA,NA,NA,NA,NA,NA,1,7,0.7,-138.4306188,-2.416070084,27,11.54166667
21/01/1981,1.05681,NA,NA,NA,NA,NA,NA,NA,NA,NA,NA,NA,NA,NA,NA,NA,NA,NA,NA,NA,NA,NA,4.2,9.8,6.2,-123.958098,-2.163476944,29,11.04166667
22/01/1981,1.05955,NA,NA,NA,NA,NA,NA,NA,NA,NA,NA,NA,NA,NA,NA,NA,NA,NA,NA,NA,NA,NA,0.4,10.4,4.6,-148.563322,-2.592919117,26,11.91666667
23/01/1981,1.06229,NA,NA,NA,NA,NA,NA,NA,NA,NA,NA,NA,NA,NA,NA,NA,NA,NA,NA,NA,NA,NA,2.1,10.4,7.8,-160.8867973,-2.808004335,50,22.875
24/01/1981,1.06502,NA,NA,NA,NA,NA,NA,NA,NA,NA,NA,NA,NA,NA,NA,NA,NA,NA,NA,NA,NA,NA,13.9,8.9,2,-105.0319005,-1.833152484,41,17.70833333
25/01/1981,1.06776,NA,NA,NA,NA,NA,NA,NA,NA,NA,NA,NA,NA,NA,NA,NA,NA,NA,NA,NA,NA,NA,1.1,6,0.9,-85.27170409,-1.488271995,30,6.208333333
26/01/1981,1.07050,NA,NA,NA,NA,NA,NA,NA,NA,NA,NA,NA,NA,NA,NA,NA,NA,NA,NA,NA,NA,NA,15.6,10.2,1.5,-147.328652,-2.571370059,28,14.58333333
27/01/1981,1.07324,NA,NA,NA,NA,NA,NA,NA,NA,NA,NA,NA,NA,NA,NA,NA,NA,NA,NA,NA,NA,NA,0.2,9.8,7.1,-156.2768604,-2.727545759,36,19.95833333
28/01/1981,1.07598,NA,NA,NA,NA,NA,NA,NA,NA,NA,NA,NA,NA,NA,NA,NA,NA,NA,NA,NA,NA,NA,0,8.6,6.9,-158.7525849,-2.770755303,39,21.41666667
29/01/1981,1.07871,NA,NA,NA,NA,NA,NA,NA,NA,NA,NA,NA,NA,NA,NA,NA,NA,NA,NA,NA,NA,NA,3.8,11.2,5.4,-136.4239329,-2.381046808,46,20.5
30/01/1981,1.08145,NA,NA,NA,NA,NA,NA,NA,NA,NA,NA,NA,NA,NA,NA,NA,NA,NA,NA,NA,NA,NA,0.1,10.4,5.2,-146.1905488,-2.551506412,32,15.83333333
31/01/1981,1.08419,NA,NA,NA,NA,NA,NA,NA,NA,NA,NA,NA,NA,NA,NA,NA,NA,NA,NA,NA,NA,NA,0,10.8,8.5,-142.9000305,-2.494076033,41,22.54166667
01/02/1981,1.08693,NA,NA,NA,NA,NA,NA,NA,NA,NA,NA,NA,NA,NA,NA,NA,NA,NA,NA,NA,NA,NA,2.1,10.8,7.9,-147.4919372,-2.574219924,41,23.75
02/02/1981,1.08966,NA,NA,NA,NA,NA,NA,NA,NA,NA,NA,NA,NA,NA,NA,NA,NA,NA,NA,NA,NA,NA,11.9,10.2,3.6,-125.8328058,-2.196196768,51,16.95833333
03/02/1981,1.09240,NA,NA,NA,NA,NA,NA,NA,NA,NA,NA,NA,NA,NA,NA,NA,NA,NA,NA,NA,NA,NA,6.8,4.7,1.3,-97.47006693,-1.70117359,42,15.375
04/02/1981,1.09514,NA,NA,NA,NA,NA,NA,NA,NA,NA,NA,NA,NA,NA,NA,NA,NA,NA,NA,NA,NA,NA,7.5,3.3,0,-63.90091156,-1.115281302,25,8.458333333
05/02/1981,1.09788,NA,NA,NA,NA,NA,NA,NA,NA,NA,NA,NA,NA,NA,NA,NA,NA,NA,NA,NA,NA,NA,6.1,8.6,0.6,-112.2495376,-1.959124016,35,12.375
06/02/1981,1.10062,NA,NA,NA,NA,NA,NA,NA,NA,NA,NA,NA,NA,NA,NA,NA,NA,NA,NA,NA,NA,NA,7.2,10,3.9,-106.2416966,-1.854267409,52,26.08333333
07/02/1981,1.10335,NA,NA,NA,NA,NA,NA,NA,NA,NA,NA,NA,NA,NA,NA,NA,NA,NA,NA,NA,NA,NA,6.7,10.5,3.6,-131.7763594,-2.299931348,59,18.125
08/02/1981,1.10609,NA,NA,NA,NA,NA,NA,NA,NA,NA,NA,NA,NA,NA,NA,NA,NA,NA,NA,NA,NA,NA,6.3,7.7,-0.2,-103.3166696,-1.803216057,57,13.33333333
09/02/1981,1.10883,NA,NA,NA,NA,NA,NA,NA,NA,NA,NA,NA,NA,NA,NA,NA,NA,NA,NA,NA,NA,NA,3.7,4.3,-0.5,-103.2475323,-1.802009384,22,6
10/02/1981,1.11157,NA,NA,NA,NA,NA,NA,NA,NA,NA,NA,NA,NA,NA,NA,NA,NA,NA,NA,NA,NA,NA,2,2.5,-2,-73.07995823,-1.275485888,32,7.75
11/02/1981,1.11431,NA,NA,NA,NA,NA,NA,NA,NA,NA,NA,NA,NA,NA,NA,NA,NA,NA,NA,NA,NA,NA,9.1,6.4,-2.7,-166.3488499,-2.903335137,45,21.08333333
12/02/1981,1.11704,NA,NA,NA,NA,NA,NA,NA,NA,NA,NA,NA,NA,NA,NA,NA,NA,NA,NA,NA,NA,NA,6.4,8,3.6,-152.7010298,-2.665135742,39,14.875
13/02/1981,1.11978,NA,NA,NA,NA,NA,NA,NA,NA,NA,NA,NA,NA,NA,NA,NA,NA,NA,NA,NA,NA,NA,5,7.1,2.3,-152.4829746,-2.661329959,35,12.95833333
14/02/1981,1.12252,NA,NA,NA,NA,NA,NA,NA,NA,NA,NA,NA,NA,NA,NA,NA,NA,NA,NA,NA,NA,NA,0.8,6.8,0.8,-153.2650533,-2.674979808,35,16.08333333
15/02/1981,1.12526,NA,NA,NA,NA,NA,NA,NA,NA,NA,NA,NA,NA,NA,NA,NA,NA,NA,NA,NA,NA,NA,5.2,7.2,-0.1,-115.7673837,-2.020522012,34,9.166666667
16/02/1981,1.12799,NA,NA,NA,NA,NA,NA,NA,NA,NA,NA,NA,NA,NA,NA,NA,NA,NA,NA,NA,NA,NA,0,6.8,-0.1,-161.6684622,-2.821646961,31,12
17/02/1981,1.13073,NA,NA,NA,NA,NA,NA,NA,NA,NA,NA,NA,NA,NA,NA,NA,NA,NA,NA,NA,NA,NA,0.1,7.6,3.6,-177.5047687,-3.098042652,45,26.95833333
18/02/1981,1.13347,NA,NA,NA,NA,NA,NA,NA,NA,NA,NA,NA,NA,NA,NA,NA,NA,NA,NA,NA,NA,NA,0,7,3.2,-178.3422769,-3.112659927,43,19.91666667
19/02/1981,1.13621,NA,NA,NA,NA,NA,NA,NA,NA,NA,NA,NA,NA,NA,NA,NA,NA,NA,NA,NA,NA,NA,0,4.7,2.5,178.3401607,3.112622992,25,13.25
20/02/1981,1.13895,NA,NA,NA,NA,NA,NA,NA,NA,NA,NA,NA,NA,NA,NA,NA,NA,NA,NA,NA,NA,NA,0,4.1,2.8,177.0877136,3.090763666,31,17.95833333
21/02/1981,1.14168,NA,NA,NA,NA,NA,NA,NA,NA,NA,NA,NA,NA,NA,NA,NA,NA,NA,NA,NA,NA,NA,0.4,4.8,2.2,165.447425,2.887602306,37,19.08333333
22/02/1981,1.14442,NA,NA,NA,NA,NA,NA,NA,NA,NA,NA,NA,NA,NA,NA,NA,NA,NA,NA,NA,NA,NA,0,4.8,1.4,127.9802283,2.233676362,17,5.833333333
23/02/1981,1.14716,NA,NA,NA,NA,NA,NA,NA,NA,NA,NA,NA,NA,NA,NA,NA,NA,NA,NA,NA,NA,NA,0,4.2,1,139.9357068,2.442338826,20,10.20833333
24/02/1981,1.14990,NA,NA,NA,NA,NA,NA,NA,NA,NA,NA,NA,NA,NA,NA,NA,NA,NA,NA,NA,NA,NA,0,5,2.2,165.4060565,2.886880289,43,19.58333333
25/02/1981,1.15264,NA,NA,NA,NA,NA,NA,NA,NA,NA,NA,NA,NA,NA,NA,NA,NA,NA,NA,NA,NA,NA,0,6.6,3.2,167.4824008,2.923119333,47,26.25
26/02/1981,1.15537,NA,NA,NA,NA,NA,NA,NA,NA,NA,NA,NA,NA,NA,NA,NA,NA,NA,NA,NA,NA,NA,0,7,3,149.7769504,2.614100928,38,19.29166667
27/02/1981,1.15811,NA,NA,NA,NA,NA,NA,NA,NA,NA,NA,NA,NA,NA,NA,NA,NA,NA,NA,NA,NA,NA,0,7.7,3.8,111.659741,1.948830123,33,16.91666667
28/02/1981,1.16085,NA,NA,NA,NA,NA,NA,NA,NA,NA,NA,NA,NA,NA,NA,NA,NA,NA,NA,NA,NA,NA,0.2,5.5,2.7,96.25139117,1.679903686,41,20.66666667
01/03/1981,1.16359,NA,NA,NA,NA,NA,NA,NA,NA,NA,NA,NA,NA,NA,NA,NA,NA,NA,NA,NA,NA,NA,0,5.1,3.4,88.34016065,1.541826665,37,21.83333333
02/03/1981,1.16632,NA,NA,NA,NA,NA,NA,NA,NA,NA,NA,NA,NA,NA,NA,NA,NA,NA,NA,NA,NA,NA,0,5.3,3.2,72.50476872,1.265446938,34,17.08333333
03/03/1981,1.16906,NA,NA,NA,NA,NA,NA,NA,NA,NA,NA,NA,NA,NA,NA,NA,NA,NA,NA,NA,NA,NA,0,6.1,2.9,38.80338015,0.677246744,16,4.625
04/03/1981,1.17180,NA,NA,NA,NA,NA,NA,NA,NA,NA,NA,NA,NA,NA,NA,NA,NA,NA,NA,NA,NA,NA,4.1,5.2,0,-84.65317668,-1.477476655,21,5.75
05/03/1981,1.17454,NA,NA,NA,NA,NA,NA,NA,NA,NA,NA,NA,NA,NA,NA,NA,NA,NA,NA,NA,NA,NA,0,5.4,-2.7,145.8887684,2.546239351,25,8
06/03/1981,1.17728,NA,NA,NA,NA,NA,NA,NA,NA,NA,NA,NA,NA,NA,NA,NA,NA,NA,NA,NA,NA,NA,0,8.1,1.3,-157.4544153,-2.748097969,22,10.5
07/03/1981,1.18001,NA,NA,NA,NA,NA,NA,NA,NA,NA,NA,NA,NA,NA,NA,NA,NA,NA,NA,NA,NA,NA,14.3,10.5,2.5,161.7201745,2.822549512,36,16.41666667
08/03/1981,1.18275,NA,NA,NA,NA,NA,NA,NA,NA,NA,NA,NA,NA,NA,NA,NA,NA,NA,NA,NA,NA,NA,4,9.8,5.2,-131.399738,-2.293358065,43,19.54166667
09/03/1981,1.18549,NA,NA,NA,NA,NA,NA,NA,NA,NA,NA,NA,NA,NA,NA,NA,NA,NA,NA,NA,NA,NA,7.8,6.5,2.8,45.12818949,0.787635492,38,13.75
10/03/1981,1.18823,NA,NA,NA,NA,NA,NA,NA,NA,NA,NA,NA,NA,NA,NA,NA,NA,NA,NA,NA,NA,NA,8.7,9.5,3.9,143.7994552,2.509773956,30,16.91666667
11/03/1981,1.19097,NA,NA,NA,NA,NA,NA,NA,NA,NA,NA,NA,NA,NA,NA,NA,NA,NA,NA,NA,NA,NA,2.7,11.8,8,-147.1008258,-2.567393742,34,14.20833333
12/03/1981,1.19370,NA,NA,NA,NA,NA,NA,NA,NA,NA,NA,NA,NA,NA,NA,NA,NA,NA,NA,NA,NA,NA,0.5,10.5,5.1,-153.3538704,-2.67652996,18,7.625
13/03/1981,1.19644,NA,NA,NA,NA,NA,NA,NA,NA,NA,NA,NA,NA,NA,NA,NA,NA,NA,NA,NA,NA,NA,0,7.8,1.8,1.314200633,0.022937128,19,6.958333333
14/03/1981,1.19918,NA,NA,NA,NA,NA,NA,NA,NA,NA,NA,NA,NA,NA,NA,NA,NA,NA,NA,NA,NA,NA,0.2,8.2,3.6,-24.28127806,-0.423788249,24,11.08333333
15/03/1981,1.20192,NA,NA,NA,NA,NA,NA,NA,NA,NA,NA,NA,NA,NA,NA,NA,NA,NA,NA,NA,NA,NA,3,6.3,1.5,-58.27666423,-1.017119668,35,12.16666667
16/03/1981,1.20465,NA,NA,NA,NA,NA,NA,NA,NA,NA,NA,NA,NA,NA,NA,NA,NA,NA,NA,NA,NA,NA,2.9,6.2,1.5,-17.90569415,-0.312513318,33,14.375
17/03/1981,1.20739,NA,NA,NA,NA,NA,NA,NA,NA,NA,NA,NA,NA,NA,NA,NA,NA,NA,NA,NA,NA,NA,5,7.2,-1.8,-111.0162338,-1.937598803,40,12.66666667
18/03/1981,1.21013,NA,NA,NA,NA,NA,NA,NA,NA,NA,NA,NA,NA,NA,NA,NA,NA,NA,NA,NA,NA,NA,3.7,5.6,0.2,-84.98727534,-1.483307777,49,24.83333333
19/03/1981,1.21287,NA,NA,NA,NA,NA,NA,NA,NA,NA,NA,NA,NA,NA,NA,NA,NA,NA,NA,NA,NA,NA,3.1,6.7,2.3,14.85644206,0.259293829,24,10.91666667
20/03/1981,1.21561,NA,NA,NA,NA,NA,NA,NA,NA,NA,NA,NA,NA,NA,NA,NA,NA,NA,NA,NA,NA,NA,4.6,6.7,2.2,117.8082101,2.056141151,22,9.708333333
21/03/1981,1.21834,NA,NA,NA,NA,NA,NA,NA,NA,NA,NA,NA,NA,NA,NA,NA,NA,NA,NA,NA,NA,NA,1.4,3.6,-0.2,-23.54958948,-0.411017874,39,15.20833333
22/03/1981,1.22108,NA,NA,NA,NA,NA,NA,NA,NA,NA,NA,NA,NA,NA,NA,NA,NA,NA,NA,NA,NA,NA,0.9,5,-1.8,-79.10187549,-1.380588172,37,16.625
23/03/1981,1.22382,NA,NA,NA,NA,NA,NA,NA,NA,NA,NA,NA,NA,NA,NA,NA,NA,NA,NA,NA,NA,NA,0.2,4.9,0.3,118.2170315,2.063276432,21,9.25
24/03/1981,1.22656,NA,NA,NA,NA,NA,NA,NA,NA,NA,NA,NA,NA,NA,NA,NA,NA,NA,NA,NA,NA,NA,8.1,6.1,2.1,78.89955077,1.377056939,25,10.83333333
25/03/1981,1.22930,NA,NA,NA,NA,NA,NA,NA,NA,NA,NA,NA,NA,NA,NA,NA,NA,NA,NA,NA,NA,NA,14.1,10.6,5.1,133.1000624,2.323034324,26,12.41666667
26/03/1981,1.23203,NA,NA,NA,NA,NA,NA,NA,NA,NA,NA,NA,NA,NA,NA,NA,NA,NA,NA,NA,NA,NA,0.1,9.6,4.2,-131.3480124,-2.292455282,25,12.08333333
27/03/1981,1.23477,NA,NA,NA,NA,NA,NA,NA,NA,NA,NA,NA,NA,NA,NA,NA,NA,NA,NA,NA,NA,NA,1.7,10.4,5,150.2887884,2.623034186,29,15.08333333
28/03/1981,1.23751,NA,NA,NA,NA,NA,NA,NA,NA,NA,NA,NA,NA,NA,NA,NA,NA,NA,NA,NA,NA,NA,4.6,11.1,7.5,152.8372361,2.667512989,41,17.79166667
29/03/1981,1.24025,NA,NA,NA,NA,NA,NA,NA,NA,NA,NA,NA,NA,NA,NA,NA,NA,NA,NA,NA,NA,NA,0,11,5.8,-168.6046976,-2.942707107,32,12.56521739
30/03/1981,1.24298,NA,NA,NA,NA,NA,NA,NA,NA,NA,NA,NA,NA,NA,NA,NA,NA,NA,NA,NA,NA,NA,0.3,11.4,4,-149.3751483,-2.607088158,27,9.25
31/03/1981,1.24572,NA,NA,NA,NA,NA,NA,NA,NA,NA,NA,NA,NA,NA,NA,NA,NA,NA,NA,NA,NA,NA,0,13,2.8,171.0654998,2.985656209,25,8.791666667
01/04/1981,1.24846,NA,NA,NA,NA,NA,NA,NA,NA,NA,NA,NA,NA,NA,NA,NA,NA,NA,NA,NA,NA,NA,0,11.2,1.4,-147.83284,-2.5801698,23,7.833333333
02/04/1981,1.25120,NA,NA,NA,NA,NA,NA,NA,NA,NA,NA,NA,NA,NA,NA,NA,NA,NA,NA,NA,NA,NA,0,10.3,4.4,-99.38529865,-1.73460069,26,11.375
03/04/1981,1.25394,NA,NA,NA,NA,NA,NA,NA,NA,NA,NA,NA,NA,NA,NA,NA,NA,NA,NA,NA,NA,NA,0,9.7,0,8.244774519,0.143898461,11,4.041666667
04/04/1981,1.25667,NA,NA,NA,NA,NA,NA,NA,NA,NA,NA,NA,NA,NA,NA,NA,NA,NA,NA,NA,NA,NA,0,11.6,1.3,-80.73533538,-1.409097425,19,6.458333333
05/04/1981,1.25941,NA,NA,NA,NA,NA,NA,NA,NA,NA,NA,NA,NA,NA,NA,NA,NA,NA,NA,NA,NA,NA,0,9.3,4.9,22.05326612,0.384902105,13,5.916666667
06/04/1981,1.26215,NA,NA,NA,NA,NA,NA,NA,NA,NA,NA,NA,NA,NA,NA,NA,NA,NA,NA,NA,NA,NA,0,9.6,2,27.06615023,0.472393437,12,5
07/04/1981,1.26489,NA,NA,NA,NA,NA,NA,NA,NA,NA,NA,NA,NA,NA,NA,NA,NA,NA,NA,NA,NA,NA,5.5,8.1,3.7,113.124428,1.974393732,24,8.125
08/04/1981,1.26762,NA,NA,NA,NA,NA,NA,NA,NA,NA,NA,NA,NA,NA,NA,NA,NA,NA,NA,NA,NA,NA,8.1,10.4,4.7,-160.0382704,-2.793194747,30,17.45833333
09/04/1981,1.27036,NA,NA,NA,NA,NA,NA,NA,NA,NA,NA,NA,NA,NA,NA,NA,NA,NA,NA,NA,NA,NA,0.1,9.8,8,-164.1698981,-2.865305255,34,19.70833333
10/04/1981,1.27310,NA,NA,NA,NA,NA,NA,NA,NA,NA,NA,NA,NA,NA,NA,NA,NA,NA,NA,NA,NA,NA,0,10.5,5.9,-165.4070003,-2.886896761,34,14.79166667
11/04/1981,1.27584,NA,NA,NA,NA,NA,NA,NA,NA,NA,NA,NA,NA,NA,NA,NA,NA,NA,NA,NA,NA,NA,4.2,11.1,2.8,45.86725206,0.800534567,26,7.208333333
12/04/1981,1.27858,NA,NA,NA,NA,NA,NA,NA,NA,NA,NA,NA,NA,NA,NA,NA,NA,NA,NA,NA,NA,NA,2,10,4.1,-32.14100129,-0.560966297,25,11.04166667
13/04/1981,1.28131,NA,NA,NA,NA,NA,NA,NA,NA,NA,NA,NA,NA,NA,NA,NA,NA,NA,NA,NA,NA,NA,0,9.6,1.2,30.17475574,0.526648839,21,7.791666667
14/04/1981,1.28405,NA,NA,NA,NA,NA,NA,NA,NA,NA,NA,NA,NA,NA,NA,NA,NA,NA,NA,NA,NA,NA,0,11.6,2.3,56.8376553,0.992004224,15,5.791666667
15/04/1981,1.28679,NA,NA,NA,NA,NA,NA,NA,NA,NA,NA,NA,NA,NA,NA,NA,NA,NA,NA,NA,NA,NA,0,13.9,5.5,20.73618285,0.361914665,11,3.875
16/04/1981,1.28953,NA,NA,NA,NA,NA,NA,NA,NA,NA,NA,NA,NA,NA,NA,NA,NA,NA,NA,NA,NA,NA,0,15,2.3,178.0461786,3.107492036,19,5.916666667
17/04/1981,1.29227,NA,NA,NA,NA,NA,NA,NA,NA,NA,NA,NA,NA,NA,NA,NA,NA,NA,NA,NA,NA,NA,0,11.3,4.1,14.13928805,0.24677713,18,7.333333333
18/04/1981,1.29500,NA,NA,NA,NA,NA,NA,NA,NA,NA,NA,NA,NA,NA,NA,NA,NA,NA,NA,NA,NA,NA,0,9.4,6.1,26.37701543,0.460365766,28,15.83333333
19/04/1981,1.29774,NA,NA,NA,NA,NA,NA,NA,NA,NA,NA,NA,NA,NA,NA,NA,NA,NA,NA,NA,NA,NA,0,10.1,5,17.74608883,0.309727679,27,13.16666667
20/04/1981,1.30048,NA,NA,NA,NA,NA,NA,NA,NA,NA,NA,NA,NA,NA,NA,NA,NA,NA,NA,NA,NA,NA,0,9.4,1.4,-20.99065071,-0.366355967,15,7.25
21/04/1981,1.30322,NA,NA,NA,NA,NA,NA,NA,NA,NA,NA,NA,NA,NA,NA,NA,NA,NA,NA,NA,NA,NA,0,9.6,1.7,-6.415110675,-0.111964803,20,7.166666667
22/04/1981,1.30595,NA,NA,NA,NA,NA,NA,NA,NA,NA,NA,NA,NA,NA,NA,NA,NA,NA,NA,NA,NA,NA,0,6.2,0.5,-5.933912353,-0.103566308,27,11.58333333
23/04/1981,1.30869,NA,NA,NA,NA,NA,NA,NA,NA,NA,NA,NA,NA,NA,NA,NA,NA,NA,NA,NA,NA,NA,0.3,3.9,-4.6,16.44744509,0.28706207,30,8.541666667
24/04/1981,1.31143,NA,NA,NA,NA,NA,NA,NA,NA,NA,NA,NA,NA,NA,NA,NA,NA,NA,NA,NA,NA,NA,0,6.1,0.7,33.74040525,0.588881163,32,15.20833333
25/04/1981,1.31417,NA,NA,NA,NA,NA,NA,NA,NA,NA,NA,NA,NA,NA,NA,NA,NA,NA,NA,NA,NA,NA,5.7,5.7,-1.2,-3.670272189,-0.064058334,24,8.5
26/04/1981,1.31691,NA,NA,NA,NA,NA,NA,NA,NA,NA,NA,NA,NA,NA,NA,NA,NA,NA,NA,NA,NA,NA,0.4,6.7,-2.4,-22.24574593,-0.388261511,24,7.625
27/04/1981,1.31964,NA,NA,NA,NA,NA,NA,NA,NA,NA,NA,NA,NA,NA,NA,NA,NA,NA,NA,NA,NA,NA,1.1,7.4,-0.8,-76.73665359,-1.339307262,26,10.375
28/04/1981,1.32238,NA,NA,NA,NA,NA,NA,NA,NA,NA,NA,NA,NA,NA,NA,NA,NA,NA,NA,NA,NA,NA,4.2,10.2,4,-76.073195,-1.327727725,30,15.16666667
29/04/1981,1.32512,NA,NA,NA,NA,NA,NA,NA,NA,NA,NA,NA,NA,NA,NA,NA,NA,NA,NA,NA,NA,NA,2.5,11.4,8.2,-85.8204014,-1.49784857,35,17.29166667
30/04/1981,1.32786,NA,NA,NA,NA,NA,NA,NA,NA,NA,NA,NA,NA,NA,NA,NA,NA,NA,NA,NA,NA,NA,0.8,9,2.7,-24.62283889,-0.42974961,26,12.33333333
01/05/1981,1.33060,NA,NA,NA,NA,NA,NA,NA,NA,NA,NA,NA,NA,NA,NA,NA,NA,NA,NA,NA,NA,NA,1.8,6.6,0.3,-12.01946416,-0.209779224,28,10.625
02/05/1981,1.33333,NA,NA,NA,NA,NA,NA,NA,NA,NA,NA,NA,NA,NA,NA,NA,NA,NA,NA,NA,NA,NA,0.6,7,-0.3,108.2712387,1.8896896,15,5.5
03/05/1981,1.33607,NA,NA,NA,NA,NA,NA,NA,NA,NA,NA,NA,NA,NA,NA,NA,NA,NA,NA,NA,NA,NA,3.7,8.9,3.6,92.27768509,1.610549431,34,13.375
04/05/1981,1.33881,NA,NA,NA,NA,NA,NA,NA,NA,NA,NA,NA,NA,NA,NA,NA,NA,NA,NA,NA,NA,NA,1,7.3,2.9,38.93681674,0.679575652,28,12.08333333
05/05/1981,1.34155,NA,NA,NA,NA,NA,NA,NA,NA,NA,NA,NA,NA,NA,NA,NA,NA,NA,NA,NA,NA,NA,0,10,1.5,85.08319381,1.48498187,22,9.125
06/05/1981,1.34428,NA,NA,NA,NA,NA,NA,NA,NA,NA,NA,NA,NA,NA,NA,NA,NA,NA,NA,NA,NA,NA,5.9,11,4.2,152.5237171,2.66204105,33,17.5
07/05/1981,1.34702,NA,NA,NA,NA,NA,NA,NA,NA,NA,NA,NA,NA,NA,NA,NA,NA,NA,NA,NA,NA,NA,1.4,9.7,6.4,136.6836261,2.385579308,27,10.45833333
08/05/1981,1.34976,NA,NA,NA,NA,NA,NA,NA,NA,NA,NA,NA,NA,NA,NA,NA,NA,NA,NA,NA,NA,NA,2.4,11.9,7.4,11.37625681,0.198553138,20,5.833333333
09/05/1981,1.35250,NA,NA,NA,NA,NA,NA,NA,NA,NA,NA,NA,NA,NA,NA,NA,NA,NA,NA,NA,NA,NA,0,11,6,16.34025528,0.285191255,29,10.91666667
10/05/1981,1.35524,NA,NA,NA,NA,NA,NA,NA,NA,NA,NA,NA,NA,NA,NA,NA,NA,NA,NA,NA,NA,NA,0,9.5,7,50,0.872664626,29,17.41666667
11/05/1981,1.35797,NA,NA,NA,NA,NA,NA,NA,NA,NA,NA,NA,NA,NA,NA,NA,NA,NA,NA,NA,NA,NA,0,12.8,7.8,47.39064309,0.827122757,17,7.541666667
12/05/1981,1.36071,NA,NA,NA,NA,NA,NA,NA,NA,NA,NA,NA,NA,NA,NA,NA,NA,NA,NA,NA,NA,NA,0,18.9,8.9,52.71771085,0.920097628,11,5.291666667
13/05/1981,1.36345,NA,NA,NA,NA,NA,NA,NA,NA,NA,NA,NA,NA,NA,NA,NA,NA,NA,NA,NA,NA,NA,0.5,17.3,10.4,107.3749904,1.874047117,15,5.708333333
14/05/1981,1.36619,NA,NA,NA,NA,NA,NA,NA,NA,NA,NA,NA,NA,NA,NA,NA,NA,NA,NA,NA,NA,NA,0,14.8,9.4,136.6354351,2.384738217,28,14.20833333
15/05/1981,1.36893,NA,NA,NA,NA,NA,NA,NA,NA,NA,NA,NA,NA,NA,NA,NA,NA,NA,NA,NA,NA,NA,0,16.5,6.7,89.03555561,1.553963597,18,7.583333333
16/05/1981,1.37166,NA,NA,NA,NA,NA,NA,NA,NA,NA,NA,NA,NA,NA,NA,NA,NA,NA,NA,NA,NA,NA,0,14,8.7,85.62450219,1.494429484,29,14.29166667
17/05/1981,1.37440,NA,NA,NA,NA,NA,NA,NA,NA,NA,NA,NA,NA,NA,NA,NA,NA,NA,NA,NA,NA,NA,0.6,17.3,6.5,105.299714,1.837826711,31,11.25
18/05/1981,1.37714,NA,NA,NA,NA,NA,NA,NA,NA,NA,NA,NA,NA,NA,NA,NA,NA,NA,NA,NA,NA,NA,0,15.1,8.4,133.1636731,2.32414454,25,12.5
19/05/1981,1.37988,NA,NA,NA,NA,NA,NA,NA,NA,NA,NA,NA,NA,NA,NA,NA,NA,NA,NA,NA,NA,NA,0.3,14.9,9.6,168.6642853,2.943747109,33,13.70833333
20/05/1981,1.38261,NA,NA,NA,NA,NA,NA,NA,NA,NA,NA,NA,NA,NA,NA,NA,NA,NA,NA,NA,NA,NA,0,15.9,7.4,103.9876767,1.81492734,17,7.541666667
21/05/1981,1.38535,NA,NA,NA,NA,NA,NA,NA,NA,NA,NA,NA,NA,NA,NA,NA,NA,NA,NA,NA,NA,NA,0,15.7,9.6,175.1745284,3.057372286,25,10.125
22/05/1981,1.38809,NA,NA,NA,NA,NA,NA,NA,NA,NA,NA,NA,NA,NA,NA,NA,NA,NA,NA,NA,NA,NA,1.2,14.4,8.8,71.97063845,1.256124606,16,7.791666667
23/05/1981,1.39083,NA,NA,NA,NA,NA,NA,NA,NA,NA,NA,NA,NA,NA,NA,NA,NA,NA,NA,NA,NA,NA,1.5,14.1,6.2,129.5216715,2.26057962,22,8.666666667
24/05/1981,1.39357,NA,NA,NA,NA,NA,NA,NA,NA,NA,NA,NA,NA,NA,NA,NA,NA,NA,NA,NA,NA,NA,0,13.3,9.4,142.2381227,2.482523562,27,11.875
25/05/1981,1.39630,NA,NA,NA,NA,NA,NA,NA,NA,NA,NA,NA,NA,NA,NA,NA,NA,NA,NA,NA,NA,NA,0.1,14.5,7.9,8.831518641,0.154139078,17,5.416666667
26/05/1981,1.39904,NA,NA,NA,NA,NA,NA,NA,NA,NA,NA,NA,NA,NA,NA,NA,NA,NA,NA,NA,NA,NA,1,14,8.9,119.2110676,2.080625634,16,6.625
27/05/1981,1.40178,NA,NA,NA,NA,NA,NA,NA,NA,NA,NA,NA,NA,NA,NA,NA,NA,NA,NA,NA,NA,NA,0,13.6,7.9,52.58700626,0.917816403,12,4.791666667
28/05/1981,1.40452,NA,NA,NA,NA,NA,NA,NA,NA,NA,NA,NA,NA,NA,NA,NA,NA,NA,NA,NA,NA,NA,0,15,5,-60.37831587,-1.053800409,15,5.541666667
29/05/1981,1.40726,NA,NA,NA,NA,NA,NA,NA,NA,NA,NA,NA,NA,NA,NA,NA,NA,NA,NA,NA,NA,NA,0.2,13.9,6,126.748343,2.212175907,13,4.875
30/05/1981,1.40999,NA,NA,NA,NA,NA,NA,NA,NA,NA,NA,NA,NA,NA,NA,NA,NA,NA,NA,NA,NA,NA,0.1,14.1,9.9,-178.5656395,-3.11655834,21,10.25
31/05/1981,1.41273,NA,NA,NA,NA,NA,NA,NA,NA,NA,NA,NA,NA,NA,NA,NA,NA,NA,NA,NA,NA,NA,3.1,14.2,9.5,102.951855,1.796848841,18,7.041666667
01/06/1981,1.41547,NA,NA,NA,NA,NA,NA,NA,NA,NA,NA,NA,NA,NA,NA,NA,NA,NA,NA,NA,NA,NA,0,16.9,8.1,170.3335145,2.972880654,18,7.916666667
02/06/1981,1.41821,NA,NA,NA,NA,NA,NA,NA,NA,NA,NA,NA,NA,NA,NA,NA,NA,NA,NA,NA,NA,NA,3.4,14.5,10.1,76.05977803,1.327493555,37,12.95833333
03/06/1981,1.42094,NA,NA,NA,NA,NA,NA,NA,NA,NA,NA,NA,NA,NA,NA,NA,NA,NA,NA,NA,NA,NA,0.8,14.2,10,144.4071528,2.520380279,21,9.5
04/06/1981,1.42368,NA,NA,NA,NA,NA,NA,NA,NA,NA,NA,NA,NA,NA,NA,NA,NA,NA,NA,NA,NA,NA,5,12.1,8.9,169.8928621,2.96518982,25,12.41666667
05/06/1981,1.42642,NA,NA,NA,NA,NA,NA,NA,NA,NA,NA,NA,NA,NA,NA,NA,NA,NA,NA,NA,NA,NA,8,15,9.7,-122.1759556,-2.132372692,36,10.875
06/06/1981,1.42916,NA,NA,NA,NA,NA,NA,NA,NA,NA,NA,NA,NA,NA,NA,NA,NA,NA,NA,NA,NA,NA,13.7,12.4,9,-135.7526287,-2.369330338,20,9.416666667
07/06/1981,1.43190,NA,NA,NA,NA,NA,NA,NA,NA,NA,NA,NA,NA,NA,NA,NA,NA,NA,NA,NA,NA,NA,0.4,13.6,5.2,-94.45312756,-1.648518065,24,9.916666667
08/06/1981,1.43463,NA,NA,NA,NA,NA,NA,NA,NA,NA,NA,NA,NA,NA,NA,NA,NA,NA,NA,NA,NA,NA,10.6,11.5,4.6,27.68305433,0.483160445,35,15.45833333
09/06/1981,1.43737,NA,NA,NA,NA,NA,NA,NA,NA,NA,NA,NA,NA,NA,NA,NA,NA,NA,NA,NA,NA,NA,6.8,10.7,8,-9.101704815,-0.158854717,30,14.25
10/06/1981,1.44011,NA,NA,NA,NA,NA,NA,NA,NA,NA,NA,NA,NA,NA,NA,NA,NA,NA,NA,NA,NA,NA,10.9,10,5.2,-32.87485337,-0.573774432,24,7.583333333
11/06/1981,1.44285,NA,NA,NA,NA,NA,NA,NA,NA,NA,NA,NA,NA,NA,NA,NA,NA,NA,NA,NA,NA,NA,3,10.9,7.3,34.93037199,0.60965,25,14.875
12/06/1981,1.44559,NA,NA,NA,NA,NA,NA,NA,NA,NA,NA,NA,NA,NA,NA,NA,NA,NA,NA,NA,NA,NA,0,13.8,2.1,56.11842104,0.979451218,25,8.708333333
13/06/1981,1.44832,NA,NA,NA,NA,NA,NA,NA,NA,NA,NA,NA,NA,NA,NA,NA,NA,NA,NA,NA,NA,NA,10.9,14.7,9.7,-177.6508187,-3.100591706,33,14.83333333
14/06/1981,1.45106,NA,NA,NA,NA,NA,NA,NA,NA,NA,NA,NA,NA,NA,NA,NA,NA,NA,NA,NA,NA,NA,0.3,15.2,11.2,-133.2345961,-2.325382379,26,13.95833333
15/06/1981,1.45380,NA,NA,NA,NA,NA,NA,NA,NA,NA,NA,NA,NA,NA,NA,NA,NA,NA,NA,NA,NA,NA,4.3,13.6,9.3,-104.9953181,-1.832514,40,16.79166667
16/06/1981,1.45654,NA,NA,NA,NA,NA,NA,NA,NA,NA,NA,NA,NA,NA,NA,NA,NA,NA,NA,NA,NA,NA,3.3,12.3,8.1,-72.47608538,-1.264946319,35,15.33333333
17/06/1981,1.45927,NA,NA,NA,NA,NA,NA,NA,NA,NA,NA,NA,NA,NA,NA,NA,NA,NA,NA,NA,NA,NA,1.7,12.4,8.5,-28.32316559,-0.494332494,25,11.66666667
18/06/1981,1.46201,NA,NA,NA,NA,NA,NA,NA,NA,NA,NA,NA,NA,NA,NA,NA,NA,NA,NA,NA,NA,NA,2.2,11.1,4.5,-157.8725076,-2.755395055,25,9.833333333
19/06/1981,1.46475,NA,NA,NA,NA,NA,NA,NA,NA,NA,NA,NA,NA,NA,NA,NA,NA,NA,NA,NA,NA,NA,0.3,14.1,10.1,-45.98429726,-0.802577391,16,8
20/06/1981,1.46749,NA,NA,NA,NA,NA,NA,NA,NA,NA,NA,NA,NA,NA,NA,NA,NA,NA,NA,NA,NA,NA,0,13.1,9.3,1.058133468,0.018467913,20,9.916666667
21/06/1981,1.47023,NA,NA,NA,NA,NA,NA,NA,NA,NA,NA,NA,NA,NA,NA,NA,NA,NA,NA,NA,NA,NA,0,17.3,6,-149.0564877,-2.601526481,23,8.625
22/06/1981,1.47296,NA,NA,NA,NA,NA,NA,NA,NA,NA,NA,NA,NA,NA,NA,NA,NA,NA,NA,NA,NA,NA,0,17.6,11,-128.6041482,-2.244565818,24,11.45833333
23/06/1981,1.47570,NA,NA,NA,NA,NA,NA,NA,NA,NA,NA,NA,NA,NA,NA,NA,NA,NA,NA,NA,NA,NA,0.2,15.7,10.8,-115.0236399,-2.007541233,21,8.875
24/06/1981,1.47844,NA,NA,NA,NA,NA,NA,NA,NA,NA,NA,NA,NA,NA,NA,NA,NA,NA,NA,NA,NA,NA,0,14,9,-11.2895083,-0.197039091,19,9.333333333
25/06/1981,1.48118,NA,NA,NA,NA,NA,NA,NA,NA,NA,NA,NA,NA,NA,NA,NA,NA,NA,NA,NA,NA,NA,0,11.6,8.2,16.82690585,0.29368491,21,11.41666667
26/06/1981,1.48392,NA,NA,NA,NA,NA,NA,NA,NA,NA,NA,NA,NA,NA,NA,NA,NA,NA,NA,NA,NA,NA,0,12.2,8.4,7.511151273,0.13109432,27,13.375
27/06/1981,1.48665,NA,NA,NA,NA,NA,NA,NA,NA,NA,NA,NA,NA,NA,NA,NA,NA,NA,NA,NA,NA,NA,0.2,10.2,6.1,0.625634881,0.010919389,21,9.083333333
28/06/1981,1.48939,NA,NA,NA,NA,NA,NA,NA,NA,NA,NA,NA,NA,NA,NA,NA,NA,NA,NA,NA,NA,NA,0,13.7,4.4,53.05361817,0.925960317,12,4.791666667
29/06/1981,1.49213,NA,NA,NA,NA,NA,NA,NA,NA,NA,NA,NA,NA,NA,NA,NA,NA,NA,NA,NA,NA,NA,1.9,13.7,9.8,-124.8393619,-2.1788579,27,11.08333333
30/06/1981,1.49487,NA,NA,NA,NA,NA,NA,NA,NA,NA,NA,NA,NA,NA,NA,NA,NA,NA,NA,NA,NA,NA,1.8,14.4,9.6,-90.67121557,-1.582511249,28,13.83333333
01/07/1981,1.49760,NA,NA,NA,NA,NA,NA,NA,NA,NA,NA,NA,NA,NA,NA,NA,NA,NA,NA,NA,NA,NA,2.2,14.1,9.5,-122.7675552,-2.142698053,23,10.33333333
02/07/1981,1.50034,NA,NA,NA,NA,NA,NA,NA,NA,NA,NA,NA,NA,NA,NA,NA,NA,NA,NA,NA,NA,NA,4.4,13.2,6.4,-170.7864673,-2.980786173,14,4.833333333
03/07/1981,1.50308,NA,NA,NA,NA,NA,NA,NA,NA,NA,NA,NA,NA,NA,NA,NA,NA,NA,NA,NA,NA,NA,3.8,14.6,5.1,-93.88455896,-1.638594671,12,3.958333333
04/07/1981,1.50582,NA,NA,NA,NA,NA,NA,NA,NA,NA,NA,NA,NA,NA,NA,NA,NA,NA,NA,NA,NA,NA,0.6,15.5,10.6,-166.2607224,-2.901797022,24,12.29166667
05/07/1981,1.50856,NA,NA,NA,NA,NA,NA,NA,NA,NA,NA,NA,NA,NA,NA,NA,NA,NA,NA,NA,NA,NA,8.3,14.5,11.3,174.2887293,3.041912175,32,15.45833333
06/07/1981,1.51129,NA,NA,NA,NA,NA,NA,NA,NA,NA,NA,NA,NA,NA,NA,NA,NA,NA,NA,NA,NA,NA,4.5,15.4,11,-154.2064292,-2.691409918,37,19.66666667
07/07/1981,1.51403,NA,NA,NA,NA,NA,NA,NA,NA,NA,NA,NA,NA,NA,NA,NA,NA,NA,NA,NA,NA,NA,4.1,13.9,10.7,-172.0669761,-3.003135267,28,12.20833333
08/07/1981,1.51677,NA,NA,NA,NA,NA,NA,NA,NA,NA,NA,NA,NA,NA,NA,NA,NA,NA,NA,NA,NA,NA,0.4,15.4,11.7,176.64037,3.082956048,29,13.83333333
09/07/1981,1.51951,NA,NA,NA,NA,NA,NA,NA,NA,NA,NA,NA,NA,NA,NA,NA,NA,NA,NA,NA,NA,NA,0,15.5,10.3,-155.5207683,-2.714349463,NA,8.666666667
10/07/1981,1.52225,NA,NA,NA,NA,NA,NA,NA,NA,NA,NA,NA,NA,NA,NA,NA,NA,NA,NA,NA,NA,NA,2.6,14.3,6.3,-178.5901216,-3.116985634,NA,7.5
11/07/1981,1.52498,NA,NA,NA,NA,NA,NA,NA,NA,NA,NA,NA,NA,NA,NA,NA,NA,NA,NA,NA,NA,NA,6,14.4,9.8,68.14389764,1.189335379,20,10.41666667
12/07/1981,1.52772,NA,NA,NA,NA,NA,NA,NA,NA,NA,NA,NA,NA,NA,NA,NA,NA,NA,NA,NA,NA,NA,0.2,13.5,11,64.00010882,1.11701262,15,6.75
13/07/1981,1.53046,NA,NA,NA,NA,NA,NA,NA,NA,NA,NA,NA,NA,NA,NA,NA,NA,NA,NA,NA,NA,NA,0.4,14.7,10.8,175.8345238,3.068891379,21,8
14/07/1981,1.53320,NA,NA,NA,NA,NA,NA,NA,NA,NA,NA,NA,NA,NA,NA,NA,NA,NA,NA,NA,NA,NA,0.3,15.5,10.4,-97.82778354,-1.707416923,25,11.04166667
15/07/1981,1.53593,NA,NA,NA,NA,NA,NA,NA,NA,NA,NA,NA,NA,NA,NA,NA,NA,NA,NA,NA,NA,NA,1,16.1,10.3,-112.5551943,-1.96445873,25,12.41666667
16/07/1981,1.53867,NA,NA,NA,NA,NA,NA,NA,NA,NA,NA,NA,NA,NA,NA,NA,NA,NA,NA,NA,NA,NA,3,15.9,9.2,-100.4481845,-1.753151547,23,9.541666667
17/07/1981,1.54141,NA,NA,NA,NA,NA,NA,NA,NA,NA,NA,NA,NA,NA,NA,NA,NA,NA,NA,NA,NA,NA,3.9,14.8,9.4,-16.38010089,-0.285886692,26,10.58333333
18/07/1981,1.54415,NA,NA,NA,NA,NA,NA,NA,NA,NA,NA,NA,NA,NA,NA,NA,NA,NA,NA,NA,NA,NA,0,14.6,10.1,-107.9736881,-1.884496362,25,9.708333333
19/07/1981,1.54689,NA,NA,NA,NA,NA,NA,NA,NA,NA,NA,NA,NA,NA,NA,NA,NA,NA,NA,NA,NA,NA,1.5,14.8,11.1,-110.4490568,-1.927699698,27,13.66666667
20/07/1981,1.54962,NA,NA,NA,NA,NA,NA,NA,NA,NA,NA,NA,NA,NA,NA,NA,NA,NA,NA,NA,NA,NA,1.3,15,10.2,-111.2297028,-1.94132454,21,10.33333333
21/07/1981,1.55236,NA,NA,NA,NA,NA,NA,NA,NA,NA,NA,NA,NA,NA,NA,NA,NA,NA,NA,NA,NA,NA,1.8,14.8,10.1,-112.6485961,-1.9660889,18,8.125
22/07/1981,1.55510,NA,NA,NA,NA,NA,NA,NA,NA,NA,NA,NA,NA,NA,NA,NA,NA,NA,NA,NA,NA,NA,0.2,14,9.8,-2.865729232,-0.050016411,26,13.54166667
23/07/1981,1.55784,NA,NA,NA,NA,NA,NA,NA,NA,NA,NA,NA,NA,NA,NA,NA,NA,NA,NA,NA,NA,NA,1.9,13.4,9.2,0.407343082,0.007109478,26,14.41666667
24/07/1981,1.56057,NA,NA,NA,NA,NA,NA,NA,NA,NA,NA,NA,NA,NA,NA,NA,NA,NA,NA,NA,NA,NA,0.3,13.8,8.8,-99.58610862,-1.738105485,17,7.375
25/07/1981,1.56331,NA,NA,NA,NA,NA,NA,NA,NA,NA,NA,NA,NA,NA,NA,NA,NA,NA,NA,NA,NA,NA,10.1,15.4,11.1,-149.340773,-2.606488196,23,11.66666667
26/07/1981,1.56605,NA,NA,NA,NA,NA,NA,NA,NA,NA,NA,NA,NA,NA,NA,NA,NA,NA,NA,NA,NA,NA,0,18,11.5,-122.0741785,-2.130596347,26,13.95833333
27/07/1981,1.56879,NA,NA,NA,NA,NA,NA,NA,NA,NA,NA,NA,NA,NA,NA,NA,NA,NA,NA,NA,NA,NA,1.1,17.4,11.3,-123.5588955,-2.156509547,32,16.625
28/07/1981,1.57153,NA,NA,NA,NA,NA,NA,NA,NA,NA,NA,NA,NA,NA,NA,NA,NA,NA,NA,NA,NA,NA,1.4,15.6,11.8,-139.2206107,-2.429858043,28,16.16666667
29/07/1981,1.57426,NA,NA,NA,NA,NA,NA,NA,NA,NA,NA,NA,NA,NA,NA,NA,NA,NA,NA,NA,NA,NA,0.4,15.7,10.4,-68.82428984,-1.201210463,23,9.458333333
30/07/1981,1.57700,NA,NA,NA,NA,NA,NA,NA,NA,NA,NA,NA,NA,NA,NA,NA,NA,NA,NA,NA,NA,NA,0.1,15.2,10.8,-125.7406538,-2.194588413,22,10.75
31/07/1981,1.57974,NA,NA,NA,NA,NA,NA,NA,NA,NA,NA,NA,NA,NA,NA,NA,NA,NA,NA,NA,NA,NA,0,15.1,9.7,-56.50605581,-0.986216721,18,9.125
01/08/1981,1.58248,NA,NA,NA,NA,NA,NA,NA,NA,NA,NA,NA,NA,NA,NA,NA,NA,NA,NA,NA,NA,NA,0,15.7,4.4,-87.86328129,-1.53350355,21,8.708333333
02/08/1981,1.58522,NA,NA,NA,NA,NA,NA,NA,NA,NA,NA,NA,NA,NA,NA,NA,NA,NA,NA,NA,NA,NA,1,14.7,6.4,-160.8279015,-2.806976411,32,12.125
03/08/1981,1.58795,NA,NA,NA,NA,NA,NA,NA,NA,NA,NA,NA,NA,NA,NA,NA,NA,NA,NA,NA,NA,NA,0.4,17.8,12.2,-158.7878087,-2.771370074,34,16
04/08/1981,1.59069,NA,NA,NA,NA,NA,NA,NA,NA,NA,NA,NA,NA,NA,NA,NA,NA,NA,NA,NA,NA,NA,2,15.5,11.8,-163.431393,-2.852415908,40,18.45833333
05/08/1981,1.59343,NA,NA,NA,NA,NA,NA,NA,NA,NA,NA,NA,NA,NA,NA,NA,NA,NA,NA,NA,NA,NA,0.9,16.2,9.6,-125.1700212,-2.184628995,22,10.16666667
06/08/1981,1.59617,NA,NA,NA,NA,NA,NA,NA,NA,NA,NA,NA,NA,NA,NA,NA,NA,NA,NA,NA,NA,NA,0.1,15,10.9,-158.2019983,-2.761145753,15,7.083333333
07/08/1981,1.59890,NA,NA,NA,NA,NA,NA,NA,NA,NA,NA,NA,NA,NA,NA,NA,NA,NA,NA,NA,NA,NA,0,15.6,9.1,-170.4205509,-2.974399726,18,6.75
08/08/1981,1.60164,NA,NA,NA,NA,NA,NA,NA,NA,NA,NA,NA,NA,NA,NA,NA,NA,NA,NA,NA,NA,NA,4.1,15.9,11.4,-142.0460064,-2.479170501,26,11.45833333
09/08/1981,1.60438,NA,NA,NA,NA,NA,NA,NA,NA,NA,NA,NA,NA,NA,NA,NA,NA,NA,NA,NA,NA,NA,0.4,15.6,9.6,-111.4924558,-1.945910445,20,8.041666667
10/08/1981,1.60712,NA,NA,NA,NA,NA,NA,NA,NA,NA,NA,NA,NA,NA,NA,NA,NA,NA,NA,NA,NA,NA,3.3,14.1,9.7,-171.2490009,-2.988858906,42,20.875
11/08/1981,1.60986,NA,NA,NA,NA,NA,NA,NA,NA,NA,NA,NA,NA,NA,NA,NA,NA,NA,NA,NA,NA,NA,19,17.9,13.8,-157.9207295,-2.756236687,35,16.08333333
12/08/1981,1.61259,NA,NA,NA,NA,NA,NA,NA,NA,NA,NA,NA,NA,NA,NA,NA,NA,NA,NA,NA,NA,NA,35.2,14,12.6,-172.1189686,-3.004042707,26,12.66666667
13/08/1981,1.61533,NA,NA,NA,NA,NA,NA,NA,NA,NA,NA,NA,NA,NA,NA,NA,NA,NA,NA,NA,NA,NA,0.2,14.6,10.1,0.325496977,0.005680994,16,7.458333333
14/08/1981,1.61807,NA,NA,NA,NA,NA,NA,NA,NA,NA,NA,NA,NA,NA,NA,NA,NA,NA,NA,NA,NA,NA,0.5,16.4,9.9,-106.9315951,-1.866308409,26,10.33333333
15/08/1981,1.62081,NA,NA,NA,NA,NA,NA,NA,NA,NA,NA,NA,NA,NA,NA,NA,NA,NA,NA,NA,NA,NA,15.6,15.1,10,-71.82780618,-1.253631712,24,9.958333333
16/08/1981,1.62355,NA,NA,NA,NA,NA,NA,NA,NA,NA,NA,NA,NA,NA,NA,NA,NA,NA,NA,NA,NA,NA,0,15.6,7.3,-57.92286932,-1.010944782,19,8.208333333
17/08/1981,1.62628,NA,NA,NA,NA,NA,NA,NA,NA,NA,NA,NA,NA,NA,NA,NA,NA,NA,NA,NA,NA,NA,5.5,16.8,8.1,-139.5702232,-2.435959932,29,13.83333333
18/08/1981,1.62902,NA,NA,NA,NA,NA,NA,NA,NA,NA,NA,NA,NA,NA,NA,NA,NA,NA,NA,NA,NA,NA,2,15.2,11.1,-104.557287,-1.824868914,32,14.875
19/08/1981,1.63176,NA,NA,NA,NA,NA,NA,NA,NA,NA,NA,NA,NA,NA,NA,NA,NA,NA,NA,NA,NA,NA,5.4,14.7,10,-107.2346467,-1.871597658,22,9.5
20/08/1981,1.63450,NA,NA,NA,NA,NA,NA,NA,NA,NA,NA,NA,NA,NA,NA,NA,NA,NA,NA,NA,NA,NA,0.3,13.7,9,-47.71858681,-0.832846454,23,10.20833333
21/08/1981,1.63723,NA,NA,NA,NA,NA,NA,NA,NA,NA,NA,NA,NA,NA,NA,NA,NA,NA,NA,NA,NA,NA,0.7,14.6,10.4,-99.42947894,-1.735371781,27,13.33333333
22/08/1981,1.63997,NA,NA,NA,NA,NA,NA,NA,NA,NA,NA,NA,NA,NA,NA,NA,NA,NA,NA,NA,NA,NA,0.9,15.5,9.8,-50.18612238,-0.875913074,25,8.875
23/08/1981,1.64271,NA,NA,NA,NA,NA,NA,NA,NA,NA,NA,NA,NA,NA,NA,NA,NA,NA,NA,NA,NA,NA,0,15,10.4,158.7424625,2.770578634,30,11
24/08/1981,1.64545,NA,NA,NA,NA,NA,NA,NA,NA,NA,NA,NA,NA,NA,NA,NA,NA,NA,NA,NA,NA,NA,2.2,16.2,12.4,-127.9518196,-2.233180537,23,10.41666667
25/08/1981,1.64819,NA,NA,NA,NA,NA,NA,NA,NA,NA,NA,NA,NA,NA,NA,NA,NA,NA,NA,NA,NA,NA,0.1,15.2,11.7,-116.9590927,-2.041321259,23,9.416666667
26/08/1981,1.65092,NA,NA,NA,NA,NA,NA,NA,NA,NA,NA,NA,NA,NA,NA,NA,NA,NA,NA,NA,NA,NA,0,17.1,11.5,-125.6993489,-2.193867506,21,9.208333333
27/08/1981,1.65366,NA,NA,NA,NA,NA,NA,NA,NA,NA,NA,NA,NA,NA,NA,NA,NA,NA,NA,NA,NA,NA,0,18.4,12.1,163.7475677,2.857934199,17,6.458333333
28/08/1981,1.65640,NA,NA,NA,NA,NA,NA,NA,NA,NA,NA,NA,NA,NA,NA,NA,NA,NA,NA,NA,NA,NA,0,18.6,9.3,155.6921684,2.717340959,NA,3.708333333
29/08/1981,1.65914,NA,NA,NA,NA,NA,NA,NA,NA,NA,NA,NA,NA,NA,NA,NA,NA,NA,NA,NA,NA,NA,0,17.9,11,-1.650696943,-0.028810097,14,4.916666667
30/08/1981,1.66188,NA,NA,NA,NA,NA,NA,NA,NA,NA,NA,NA,NA,NA,NA,NA,NA,NA,NA,NA,NA,NA,0,14.7,12.1,29.73890448,0.519041799,18,10.79166667
31/08/1981,1.66461,NA,NA,NA,NA,NA,NA,NA,NA,NA,NA,NA,NA,NA,NA,NA,NA,NA,NA,NA,NA,NA,0,16.2,9.6,50.64437902,0.883911161,13,6.333333333
01/09/1981,1.66735,NA,NA,NA,NA,NA,NA,NA,NA,NA,NA,NA,NA,NA,NA,NA,NA,NA,NA,NA,NA,NA,0,16.6,8.3,4.133674442,0.072146229,11,4.041666667
02/09/1981,1.67009,NA,NA,NA,NA,NA,NA,NA,NA,NA,NA,NA,NA,NA,NA,NA,NA,NA,NA,NA,NA,NA,0,16.8,8,133.3723518,2.32778667,10,4
03/09/1981,1.67283,NA,NA,NA,NA,NA,NA,NA,NA,NA,NA,NA,NA,NA,NA,NA,NA,NA,NA,NA,NA,NA,0,18,8.1,-176.386951,-3.078533052,23,9.458333333
04/09/1981,1.67556,NA,NA,NA,NA,NA,NA,NA,NA,NA,NA,NA,NA,NA,NA,NA,NA,NA,NA,NA,NA,NA,7.9,17,14.3,-169.5532264,-2.959262059,41,20.83333333
05/09/1981,1.67830,NA,NA,NA,NA,NA,NA,NA,NA,NA,NA,NA,NA,NA,NA,NA,NA,NA,NA,NA,NA,NA,4.7,14.8,8.3,-120.681031,-2.106281336,NA,16.08333333
06/09/1981,1.68104,NA,NA,NA,NA,NA,NA,NA,NA,NA,NA,NA,NA,NA,NA,NA,NA,NA,NA,NA,NA,NA,0.2,14.9,8,-137.8639381,-2.40617964,NA,7.416666667
07/09/1981,1.68378,NA,NA,NA,NA,NA,NA,NA,NA,NA,NA,NA,NA,NA,NA,NA,NA,NA,NA,NA,NA,NA,0.1,14.6,9.9,-161.2249909,-2.813906927,24,11.16666667
08/09/1981,1.68652,NA,NA,NA,NA,NA,NA,NA,NA,NA,NA,NA,NA,NA,NA,NA,NA,NA,NA,NA,NA,NA,0,15.7,11,-128.7999328,-2.247982903,28,13.95833333
09/09/1981,1.68925,NA,NA,NA,NA,NA,NA,NA,NA,NA,NA,NA,NA,NA,NA,NA,NA,NA,NA,NA,NA,NA,16,14,10.3,175.2635423,3.058925871,25,11.75
10/09/1981,1.69199,NA,NA,NA,NA,NA,NA,NA,NA,NA,NA,NA,NA,NA,NA,NA,NA,NA,NA,NA,NA,NA,22.9,16.4,12.6,171.6385636,2.995658059,33,18.04166667
11/09/1981,1.69473,NA,NA,NA,NA,NA,NA,NA,NA,NA,NA,NA,NA,NA,NA,NA,NA,NA,NA,NA,NA,NA,0.9,15.2,11.6,178.8234948,3.121058764,31,15.04166667
12/09/1981,1.69747,NA,NA,NA,NA,NA,NA,NA,NA,NA,NA,NA,NA,NA,NA,NA,NA,NA,NA,NA,NA,NA,0.1,14.7,7.8,171.2539348,2.988945019,21,7.833333333
13/09/1981,1.70021,NA,NA,NA,NA,NA,NA,NA,NA,NA,NA,NA,NA,NA,NA,NA,NA,NA,NA,NA,NA,NA,0,15.6,5,-54.65809531,-0.953963726,13,3.958333333
14/09/1981,1.70294,NA,NA,NA,NA,NA,NA,NA,NA,NA,NA,NA,NA,NA,NA,NA,NA,NA,NA,NA,NA,NA,1.7,14.4,5.5,164.0380934,2.863004829,21,6.916666667
15/09/1981,1.70568,NA,NA,NA,NA,NA,NA,NA,NA,NA,NA,NA,NA,NA,NA,NA,NA,NA,NA,NA,NA,NA,0.2,15.4,11.3,-139.7953542,-2.43988921,22,10.04166667
16/09/1981,1.70842,NA,NA,NA,NA,NA,NA,NA,NA,NA,NA,NA,NA,NA,NA,NA,NA,NA,NA,NA,NA,NA,0.2,13.9,9.1,-169.8296239,-2.964086104,19,9.375
17/09/1981,1.71116,NA,NA,NA,NA,NA,NA,NA,NA,NA,NA,NA,NA,NA,NA,NA,NA,NA,NA,NA,NA,NA,2.3,15.7,11,-179.4575157,-3.132124517,24,11.79166667
18/09/1981,1.71389,NA,NA,NA,NA,NA,NA,NA,NA,NA,NA,NA,NA,NA,NA,NA,NA,NA,NA,NA,NA,NA,7,14.5,10.6,-133.6238052,-2.33217536,23,9.083333333
19/09/1981,1.71663,NA,NA,NA,NA,NA,NA,NA,NA,NA,NA,NA,NA,NA,NA,NA,NA,NA,NA,NA,NA,NA,1.9,13.9,10.8,-179.7465386,-3.137168917,29,15.33333333
20/09/1981,1.71937,NA,NA,NA,NA,NA,NA,NA,NA,NA,NA,NA,NA,NA,NA,NA,NA,NA,NA,NA,NA,NA,20.5,12.2,10,-6.804237101,-0.11875634,36,16
21/09/1981,1.72211,NA,NA,NA,NA,NA,NA,NA,NA,NA,NA,NA,NA,NA,NA,NA,NA,NA,NA,NA,NA,NA,18.6,13.4,10.4,-57.19821061,-0.998297101,27,13.95833333
22/09/1981,1.72485,NA,NA,NA,NA,NA,NA,NA,NA,NA,NA,NA,NA,NA,NA,NA,NA,NA,NA,NA,NA,NA,8.8,13.5,9.5,-55.5327774,-0.969229808,23,11.66666667
23/09/1981,1.72758,NA,NA,NA,NA,NA,NA,NA,NA,NA,NA,NA,NA,NA,NA,NA,NA,NA,NA,NA,NA,NA,8.2,14.3,7.5,-153.6505884,-2.681708665,43,14.375
24/09/1981,1.73032,NA,NA,NA,NA,NA,NA,NA,NA,NA,NA,NA,NA,NA,NA,NA,NA,NA,NA,NA,NA,NA,9.5,13.2,9.1,-155.0892948,-2.706818829,31,14.25
25/09/1981,1.73306,NA,NA,NA,NA,NA,NA,NA,NA,NA,NA,NA,NA,NA,NA,NA,NA,NA,NA,NA,NA,NA,3.2,12.1,8.7,-153.9169523,-2.686357593,23,11.33333333
26/09/1981,1.73580,NA,NA,NA,NA,NA,NA,NA,NA,NA,NA,NA,NA,NA,NA,NA,NA,NA,NA,NA,NA,NA,9.7,12.5,5,61.62826967,1.075616218,51,14.5
27/09/1981,1.73854,NA,NA,NA,NA,NA,NA,NA,NA,NA,NA,NA,NA,NA,NA,NA,NA,NA,NA,NA,NA,NA,21.5,12.9,9.9,76.03159937,1.327001745,53,17.25
28/09/1981,1.74127,NA,NA,NA,NA,NA,NA,NA,NA,NA,NA,NA,NA,NA,NA,NA,NA,NA,NA,NA,NA,NA,9.4,13.1,9.5,-62.9673643,-1.098987828,30,16
29/09/1981,1.74401,NA,NA,NA,NA,NA,NA,NA,NA,NA,NA,NA,NA,NA,NA,NA,NA,NA,NA,NA,NA,NA,5.2,12.8,9.9,-31.72541036,-0.553712867,19,8.958333333
30/09/1981,1.74675,NA,NA,NA,NA,NA,NA,NA,NA,NA,NA,NA,NA,NA,NA,NA,NA,NA,NA,NA,NA,NA,24.1,13.7,8.2,82.34133254,1.437127363,29,10.70833333
01/10/1981,1.74949,NA,NA,NA,NA,NA,NA,NA,NA,NA,NA,NA,NA,NA,NA,NA,NA,NA,NA,NA,NA,NA,1.5,9.7,5.9,15.96986415,0.27872671,24,13
02/10/1981,1.75222,NA,NA,NA,NA,NA,NA,NA,NA,NA,NA,NA,NA,NA,NA,NA,NA,NA,NA,NA,NA,NA,7,7.9,4.9,21.65561223,0.377961735,45,24.08333333
03/10/1981,1.75496,NA,NA,NA,NA,NA,NA,NA,NA,NA,NA,NA,NA,NA,NA,NA,NA,NA,NA,NA,NA,NA,23.8,10.1,5.2,31.24741509,0.545370276,55,35.79166667
04/10/1981,1.75770,NA,NA,NA,NA,NA,NA,NA,NA,NA,NA,NA,NA,NA,NA,NA,NA,NA,NA,NA,NA,NA,10.3,9.2,4.5,19.59316301,0.341965205,53,24
05/10/1981,1.76044,NA,NA,NA,NA,NA,NA,NA,NA,NA,NA,NA,NA,NA,NA,NA,NA,NA,NA,NA,NA,NA,1.5,8.2,2.4,26.67083453,0.465493877,22,7.708333333
06/10/1981,1.76318,NA,NA,NA,NA,NA,NA,NA,NA,NA,NA,NA,NA,NA,NA,NA,NA,NA,NA,NA,NA,NA,8.1,7.7,2.5,131.4817687,2.29478977,28,9.875
07/10/1981,1.76591,NA,NA,NA,NA,NA,NA,NA,NA,NA,NA,NA,NA,NA,NA,NA,NA,NA,NA,NA,NA,NA,3.1,8.9,2.3,-39.87188309,-0.695895639,35,14.20833333
08/10/1981,1.76865,NA,NA,NA,NA,NA,NA,NA,NA,NA,NA,NA,NA,NA,NA,NA,NA,NA,NA,NA,NA,NA,0,8.8,1.5,30.51007426,0.532501251,25,9.333333333
09/10/1981,1.77139,NA,NA,NA,NA,NA,NA,NA,NA,NA,NA,NA,NA,NA,NA,NA,NA,NA,NA,NA,NA,NA,12,10.5,5.9,48.12833903,0.83999798,30,14.08333333
10/10/1981,1.77413,NA,NA,NA,NA,NA,NA,NA,NA,NA,NA,NA,NA,NA,NA,NA,NA,NA,NA,NA,NA,NA,10.9,9.1,5.5,-60.3762391,-1.053764162,47,22.16666667
11/10/1981,1.77687,NA,NA,NA,NA,NA,NA,NA,NA,NA,NA,NA,NA,NA,NA,NA,NA,NA,NA,NA,NA,NA,8.8,8.4,3.2,-47.99084008,-0.83759817,48,20.875
12/10/1981,1.77960,NA,NA,NA,NA,NA,NA,NA,NA,NA,NA,NA,NA,NA,NA,NA,NA,NA,NA,NA,NA,NA,8.9,6.2,1.1,-38.03070458,-0.663761012,46,18.79166667
13/10/1981,1.78234,NA,NA,NA,NA,NA,NA,NA,NA,NA,NA,NA,NA,NA,NA,NA,NA,NA,NA,NA,NA,NA,3.6,6.4,0.8,-51.25409151,-0.894552652,24,8.416666667
14/10/1981,1.78508,NA,NA,NA,NA,NA,NA,NA,NA,NA,NA,NA,NA,NA,NA,NA,NA,NA,NA,NA,NA,NA,9.3,6.3,-0.4,-65.54478852,-1.143972367,26,8.75
15/10/1981,1.78782,NA,NA,NA,NA,NA,NA,NA,NA,NA,NA,NA,NA,NA,NA,NA,NA,NA,NA,NA,NA,NA,0.7,9.5,3,-86.87886463,-1.516322238,26,8.208333333
16/10/1981,1.79055,NA,NA,NA,NA,NA,NA,NA,NA,NA,NA,NA,NA,NA,NA,NA,NA,NA,NA,NA,NA,NA,4.1,8.5,1.5,-83.50713302,-1.45747442,28,8.625
17/10/1981,1.79329,NA,NA,NA,NA,NA,NA,NA,NA,NA,NA,NA,NA,NA,NA,NA,NA,NA,NA,NA,NA,NA,0,11.1,0.3,-119.339022,-2.08285886,25,8.583333333
18/10/1981,1.79603,NA,NA,NA,NA,NA,NA,NA,NA,NA,NA,NA,NA,NA,NA,NA,NA,NA,NA,NA,NA,NA,19.4,10.9,7.5,-145.8247943,-2.545122792,48,23.20833333
19/10/1981,1.79877,NA,NA,NA,NA,NA,NA,NA,NA,NA,NA,NA,NA,NA,NA,NA,NA,NA,NA,NA,NA,NA,9,11.6,4.9,-84.92267059,-1.482180211,46,17.375
20/10/1981,1.80151,NA,NA,NA,NA,NA,NA,NA,NA,NA,NA,NA,NA,NA,NA,NA,NA,NA,NA,NA,NA,NA,5.5,6.5,3,-30.4074351,-0.53070986,36,16.33333333
21/10/1981,1.80424,NA,NA,NA,NA,NA,NA,NA,NA,NA,NA,NA,NA,NA,NA,NA,NA,NA,NA,NA,NA,NA,2.6,8.4,3.2,-4.157192288,-0.072556693,33,16.79166667
22/10/1981,1.80698,NA,NA,NA,NA,NA,NA,NA,NA,NA,NA,NA,NA,NA,NA,NA,NA,NA,NA,NA,NA,NA,0.4,8.2,3.1,-50.04922241,-0.873523719,17,5.5
23/10/1981,1.80972,NA,NA,NA,NA,NA,NA,NA,NA,NA,NA,NA,NA,NA,NA,NA,NA,NA,NA,NA,NA,NA,2.5,10.6,6.5,-113.5450975,-1.9817358,20,8.916666667
24/10/1981,1.81246,NA,NA,NA,NA,NA,NA,NA,NA,NA,NA,NA,NA,NA,NA,NA,NA,NA,NA,NA,NA,NA,1.1,9,4,-116.623313,-2.035460796,25,8.458333333
25/10/1981,1.81520,NA,NA,NA,NA,NA,NA,NA,NA,NA,NA,NA,NA,NA,NA,NA,NA,NA,NA,NA,NA,NA,1,8,0,-81.44575494,-1.421496586,NA,6.25
26/10/1981,1.81793,NA,NA,NA,NA,NA,NA,NA,NA,NA,NA,NA,NA,NA,NA,NA,NA,NA,NA,NA,NA,NA,2,8.7,0.4,-136.2793631,-2.378523588,41,13.125
27/10/1981,1.82067,NA,NA,NA,NA,NA,NA,NA,NA,NA,NA,NA,NA,NA,NA,NA,NA,NA,NA,NA,NA,NA,12.1,8,3.6,-149.176259,-2.603616886,31,14.75
28/10/1981,1.82341,NA,NA,NA,NA,NA,NA,NA,NA,NA,NA,NA,NA,NA,NA,NA,NA,NA,NA,NA,NA,NA,10.7,8.4,3.7,-153.6904551,-2.682404471,39,14.41666667
29/10/1981,1.82615,NA,NA,NA,NA,NA,NA,NA,NA,NA,NA,NA,NA,NA,NA,NA,NA,NA,NA,NA,NA,NA,2.8,8.1,3.1,-122.9391013,-2.145692098,27,11.08333333
30/10/1981,1.82888,NA,NA,NA,NA,NA,NA,NA,NA,NA,NA,NA,NA,NA,NA,NA,NA,NA,NA,NA,NA,NA,5.2,9.2,2.9,-119.2789748,-2.08181084,26,9.208333333
31/10/1981,1.83162,NA,NA,NA,NA,NA,NA,NA,NA,NA,NA,NA,NA,NA,NA,NA,NA,NA,NA,NA,NA,NA,10,9.1,4.4,-116.301497,-2.029844047,45,17.16666667
01/11/1981,1.83436,NA,NA,NA,NA,NA,NA,NA,NA,NA,NA,NA,NA,NA,NA,NA,NA,NA,NA,NA,NA,NA,9.9,9.1,2.7,-138.3969922,-2.41548319,32,8.375
02/11/1981,1.83710,NA,NA,NA,NA,NA,NA,NA,NA,NA,NA,NA,NA,NA,NA,NA,NA,NA,NA,NA,NA,NA,2.2,10.7,4.3,-123.4696723,-2.154952307,31,13.45833333
03/11/1981,1.83984,NA,NA,NA,NA,NA,NA,NA,NA,NA,NA,NA,NA,NA,NA,NA,NA,NA,NA,NA,NA,NA,17.2,12.6,7,-147.7241864,-2.578273437,49,22.5
04/11/1981,1.84257,NA,NA,NA,NA,NA,NA,NA,NA,NA,NA,NA,NA,NA,NA,NA,NA,NA,NA,NA,NA,NA,2,9.6,6.1,-79.45827255,-1.386808474,48,18.41666667
05/11/1981,1.84531,NA,NA,NA,NA,NA,NA,NA,NA,NA,NA,NA,NA,NA,NA,NA,NA,NA,NA,NA,NA,NA,0.2,9.4,2.5,-34.29618364,-0.598581325,19,4.958333333
06/11/1981,1.84805,NA,NA,NA,NA,NA,NA,NA,NA,NA,NA,NA,NA,NA,NA,NA,NA,NA,NA,NA,NA,NA,0,9.6,3.6,158.256517,2.762097285,17,8.291666667
07/11/1981,1.85079,NA,NA,NA,NA,NA,NA,NA,NA,NA,NA,NA,NA,NA,NA,NA,NA,NA,NA,NA,NA,NA,0.4,9.5,8.2,-173.3423419,-3.025394599,21,10.375
08/11/1981,1.85352,NA,NA,NA,NA,NA,NA,NA,NA,NA,NA,NA,NA,NA,NA,NA,NA,NA,NA,NA,NA,NA,0.8,10.3,8.2,-165.447425,-2.887602306,29,16.125
09/11/1981,1.85626,NA,NA,NA,NA,NA,NA,NA,NA,NA,NA,NA,NA,NA,NA,NA,NA,NA,NA,NA,NA,NA,25.5,11.3,6.8,-132.6336763,-2.31489435,35,16.25
10/11/1981,1.85900,NA,NA,NA,NA,NA,NA,NA,NA,NA,NA,NA,NA,NA,NA,NA,NA,NA,NA,NA,NA,NA,20,11.6,10.4,-112.0587507,-1.955794155,32,16.66666667
11/11/1981,1.86174,NA,NA,NA,NA,NA,NA,NA,NA,NA,NA,NA,NA,NA,NA,NA,NA,NA,NA,NA,NA,NA,2.7,11.1,4.5,-57.09589279,-0.996511319,29,10.875
12/11/1981,1.86448,NA,NA,NA,NA,NA,NA,NA,NA,NA,NA,NA,NA,NA,NA,NA,NA,NA,NA,NA,NA,NA,2.5,8.3,3.3,-88.42798963,-1.54335957,NA,14.75
13/11/1981,1.86721,NA,NA,NA,NA,NA,NA,NA,NA,NA,NA,NA,NA,NA,NA,NA,NA,NA,NA,NA,NA,NA,3,7.9,2.7,-74.73437959,-1.304360988,38,12.66666667
14/11/1981,1.86995,NA,NA,NA,NA,NA,NA,NA,NA,NA,NA,NA,NA,NA,NA,NA,NA,NA,NA,NA,NA,NA,0.6,10.7,5.4,-149.5830776,-2.610717209,36,13.79166667
15/11/1981,1.87269,NA,NA,NA,NA,NA,NA,NA,NA,NA,NA,NA,NA,NA,NA,NA,NA,NA,NA,NA,NA,NA,6.8,9.8,4.3,-155.6331015,-2.716310047,53,28.08333333
16/11/1981,1.87543,NA,NA,NA,NA,NA,NA,NA,NA,NA,NA,NA,NA,NA,NA,NA,NA,NA,NA,NA,NA,NA,8.6,8.8,1.8,-146.8835042,-2.563600766,53,19.20833333
17/11/1981,1.87817,NA,NA,NA,NA,NA,NA,NA,NA,NA,NA,NA,NA,NA,NA,NA,NA,NA,NA,NA,NA,NA,6.7,7.8,3.1,-133.7518292,-2.3344098,34,13.70833333
18/11/1981,1.88090,NA,NA,NA,NA,NA,NA,NA,NA,NA,NA,NA,NA,NA,NA,NA,NA,NA,NA,NA,NA,NA,3.4,4.9,0.9,-126.6661882,-2.210742035,29,10.91666667
19/11/1981,1.88364,NA,NA,NA,NA,NA,NA,NA,NA,NA,NA,NA,NA,NA,NA,NA,NA,NA,NA,NA,NA,NA,5.2,6.3,0.7,-124.8505619,-2.179053378,34,10.875
20/11/1981,1.88638,NA,NA,NA,NA,NA,NA,NA,NA,NA,NA,NA,NA,NA,NA,NA,NA,NA,NA,NA,NA,NA,21,8.2,3.3,-88.81036213,-1.550033229,41,17
21/11/1981,1.88912,NA,NA,NA,NA,NA,NA,NA,NA,NA,NA,NA,NA,NA,NA,NA,NA,NA,NA,NA,NA,NA,5.9,11,2.5,-147.0115079,-2.565834851,NA,11.70833333
22/11/1981,1.89185,NA,NA,NA,NA,NA,NA,NA,NA,NA,NA,NA,NA,NA,NA,NA,NA,NA,NA,NA,NA,NA,12.9,11.9,8.7,-121.8349591,-2.12642118,37,18.54166667
23/11/1981,1.89459,NA,NA,NA,NA,NA,NA,NA,NA,NA,NA,NA,NA,NA,NA,NA,NA,NA,NA,NA,NA,NA,5.9,9.2,-0.6,-65.85545299,-1.149394485,61,27.75
24/11/1981,1.89733,NA,NA,NA,NA,NA,NA,NA,NA,NA,NA,NA,NA,NA,NA,NA,NA,NA,NA,NA,NA,NA,8.2,4.4,-1,-39.61175573,-0.69135556,58,23.41666667
25/11/1981,1.90007,NA,NA,NA,NA,NA,NA,NA,NA,NA,NA,NA,NA,NA,NA,NA,NA,NA,NA,NA,NA,NA,6.7,4.4,-1.4,-10.33979668,-0.180463496,NA,6.875
26/11/1981,1.90281,NA,NA,NA,NA,NA,NA,NA,NA,NA,NA,NA,NA,NA,NA,NA,NA,NA,NA,NA,NA,NA,12.9,10.7,1.8,-128.3472054,-2.24008132,26,13.04166667
27/11/1981,1.90554,NA,NA,NA,NA,NA,NA,NA,NA,NA,NA,NA,NA,NA,NA,NA,NA,NA,NA,NA,NA,NA,5.1,8.9,2.6,-83.63679195,-1.459737395,48,19.58333333
28/11/1981,1.90828,NA,NA,NA,NA,NA,NA,NA,NA,NA,NA,NA,NA,NA,NA,NA,NA,NA,NA,NA,NA,NA,2.9,6.6,0.9,-27.86924589,-0.486410101,39,16.375
29/11/1981,1.91102,NA,NA,NA,NA,NA,NA,NA,NA,NA,NA,NA,NA,NA,NA,NA,NA,NA,NA,NA,NA,NA,13,6.1,0.9,-126.0704748,-2.200344875,24,8.958333333
30/11/1981,1.91376,NA,NA,NA,NA,NA,NA,NA,NA,NA,NA,NA,NA,NA,NA,NA,NA,NA,NA,NA,NA,NA,18.1,10.6,3,126.4099864,2.206270471,28,12.20833333
01/12/1981,1.91650,NA,NA,NA,NA,NA,NA,NA,NA,NA,NA,NA,NA,NA,NA,NA,NA,NA,NA,NA,NA,NA,0.4,7.5,2,-110.114099,-1.92185358,11,5.5
02/12/1981,1.91923,NA,NA,NA,NA,NA,NA,NA,NA,NA,NA,NA,NA,NA,NA,NA,NA,NA,NA,NA,NA,NA,0,11.2,6,-117.3579615,-2.048282832,27,12.125
03/12/1981,1.92197,NA,NA,NA,NA,NA,NA,NA,NA,NA,NA,NA,NA,NA,NA,NA,NA,NA,NA,NA,NA,NA,11,10.9,7.3,-90.40142012,-1.577802429,29,15.41666667
04/12/1981,1.92471,NA,NA,NA,NA,NA,NA,NA,NA,NA,NA,NA,NA,NA,NA,NA,NA,NA,NA,NA,NA,NA,4.1,7.8,3,-26.03405836,-0.454380036,23,8
05/12/1981,1.92745,NA,NA,NA,NA,NA,NA,NA,NA,NA,NA,NA,NA,NA,NA,NA,NA,NA,NA,NA,NA,NA,2,4.7,1.2,-90.08698617,-1.572314522,22,5.708333333
06/12/1981,1.93018,NA,NA,NA,NA,NA,NA,NA,NA,NA,NA,NA,NA,NA,NA,NA,NA,NA,NA,NA,NA,NA,3.6,5.4,1,-44.2120702,-0.771646194,22,7.916666667
07/12/1981,1.93292,NA,NA,NA,NA,NA,NA,NA,NA,NA,NA,NA,NA,NA,NA,NA,NA,NA,NA,NA,NA,NA,0.3,2.6,-2.7,-11.67515648,-0.203769921,28,8.458333333
08/12/1981,1.93566,NA,NA,NA,NA,NA,NA,NA,NA,NA,NA,NA,NA,NA,NA,NA,NA,NA,NA,NA,NA,NA,4.7,1.8,-3.3,-18.66015265,-0.325681103,32,8.833333333
09/12/1981,1.93840,NA,NA,NA,NA,NA,NA,NA,NA,NA,NA,NA,NA,NA,NA,NA,NA,NA,NA,NA,NA,NA,3.8,2,-2.7,37.31307447,0.651236004,35,8.291666667
10/12/1981,1.94114,NA,NA,NA,NA,NA,NA,NA,NA,NA,NA,NA,NA,NA,NA,NA,NA,NA,NA,NA,NA,NA,2.1,1.9,-4.1,-70.07059853,-1.222962653,33,6.833333333
11/12/1981,1.94387,NA,NA,NA,NA,NA,NA,NA,NA,NA,NA,NA,NA,NA,NA,NA,NA,NA,NA,NA,NA,NA,0.4,2.7,-4.1,74.61408245,1.302261407,24,6.375
12/12/1981,1.94661,NA,NA,NA,NA,NA,NA,NA,NA,NA,NA,NA,NA,NA,NA,NA,NA,NA,NA,NA,NA,NA,5.7,2.2,-4.3,-102.5823912,-1.790400481,38,12
13/12/1981,1.94935,NA,NA,NA,NA,NA,NA,NA,NA,NA,NA,NA,NA,NA,NA,NA,NA,NA,NA,NA,NA,NA,3.4,3.9,-1.7,139.2160325,2.429778138,35,17.95833333
14/12/1981,1.95209,NA,NA,NA,NA,NA,NA,NA,NA,NA,NA,NA,NA,NA,NA,NA,NA,NA,NA,NA,NA,NA,3.7,4.3,0.5,116.2096723,2.028241405,38,18.41666667
15/12/1981,1.95483,NA,NA,NA,NA,NA,NA,NA,NA,NA,NA,NA,NA,NA,NA,NA,NA,NA,NA,NA,NA,NA,0,4.3,-2.7,-49.53618301,-0.864569492,17,4.625
16/12/1981,1.95756,NA,NA,NA,NA,NA,NA,NA,NA,NA,NA,NA,NA,NA,NA,NA,NA,NA,NA,NA,NA,NA,1.4,4.1,-1.6,-148.0084272,-2.583234374,29,13.29166667
17/12/1981,1.96030,NA,NA,NA,NA,NA,NA,NA,NA,NA,NA,NA,NA,NA,NA,NA,NA,NA,NA,NA,NA,NA,6,3.5,0.3,-38.84550894,-0.677982031,19,8.083333333
18/12/1981,1.96304,NA,NA,NA,NA,NA,NA,NA,NA,NA,NA,NA,NA,NA,NA,NA,NA,NA,NA,NA,NA,NA,0.3,2.6,-3.7,-30.35906728,-0.529865682,20,6.25
19/12/1981,1.96578,NA,NA,NA,NA,NA,NA,NA,NA,NA,NA,NA,NA,NA,NA,NA,NA,NA,NA,NA,NA,NA,4,6.1,0.9,-177.4824008,-3.097652258,50,29.375
20/12/1981,1.96851,NA,NA,NA,NA,NA,NA,NA,NA,NA,NA,NA,NA,NA,NA,NA,NA,NA,NA,NA,NA,NA,1.3,7.7,5.6,-179.6162161,-3.134894362,54,27.08333333
21/12/1981,1.97125,NA,NA,NA,NA,NA,NA,NA,NA,NA,NA,NA,NA,NA,NA,NA,NA,NA,NA,NA,NA,NA,6.1,7.1,3.6,-161.4724642,-2.818226152,21,7.541666667
22/12/1981,1.97399,NA,NA,NA,NA,NA,NA,NA,NA,NA,NA,NA,NA,NA,NA,NA,NA,NA,NA,NA,NA,NA,6.8,4.2,0.1,-153.471708,-2.678586613,27,13.58333333
23/12/1981,1.97673,NA,NA,NA,NA,NA,NA,NA,NA,NA,NA,NA,NA,NA,NA,NA,NA,NA,NA,NA,NA,NA,0.2,3.3,-3.3,-113.3993295,-1.979191669,18,6.291666667
24/12/1981,1.97947,NA,NA,NA,NA,NA,NA,NA,NA,NA,NA,NA,NA,NA,NA,NA,NA,NA,NA,NA,NA,NA,0,2,-3.8,-52.97138032,-0.924524996,5,2
25/12/1981,1.98220,NA,NA,NA,NA,NA,NA,NA,NA,NA,NA,NA,NA,NA,NA,NA,NA,NA,NA,NA,NA,NA,0,3.8,-4.6,168.5791954,2.942262011,22,7.166666667
26/12/1981,1.98494,NA,NA,NA,NA,NA,NA,NA,NA,NA,NA,NA,NA,NA,NA,NA,NA,NA,NA,NA,NA,NA,0.9,6.2,1.9,126.260922,2.203668806,29,12.625
27/12/1981,1.98768,NA,NA,NA,NA,NA,NA,NA,NA,NA,NA,NA,NA,NA,NA,NA,NA,NA,NA,NA,NA,NA,0,5.4,3.2,115.4267675,2.014577137,33,15.08333333
28/12/1981,1.99042,NA,NA,NA,NA,NA,NA,NA,NA,NA,NA,NA,NA,NA,NA,NA,NA,NA,NA,NA,NA,NA,0,3.7,-0.3,95.00637042,1.658173974,29,12.33333333
29/12/1981,1.99316,NA,NA,NA,NA,NA,NA,NA,NA,NA,NA,NA,NA,NA,NA,NA,NA,NA,NA,NA,NA,NA,0.3,3.5,-0.4,84.16566822,1.468968028,19,7.916666667
30/12/1981,1.99589,NA,NA,NA,NA,NA,NA,NA,NA,NA,NA,NA,NA,NA,NA,NA,NA,NA,NA,NA,NA,NA,3.2,6.1,2.9,81.21337072,1.417440716,31,16.625
31/12/1981,1.99863,NA,NA,NA,NA,NA,NA,NA,NA,NA,NA,NA,NA,NA,NA,NA,NA,NA,NA,NA,NA,NA,1.3,7.1,5,130.6345943,2.280003788,27,11.08333333
01/01/1982,2.00137,NA,NA,NA,NA,NA,NA,NA,NA,NA,NA,NA,NA,NA,NA,NA,NA,NA,NA,NA,NA,NA,3.4,6.8,1.6,-143.4416704,-2.503529434,17,8.25
02/01/1982,2.00411,NA,NA,NA,NA,NA,NA,NA,NA,NA,NA,NA,NA,NA,NA,NA,NA,NA,NA,NA,NA,NA,4.3,6.9,5,102.9954132,1.797609075,33,12.125
03/01/1982,2.00684,NA,NA,NA,NA,NA,NA,NA,NA,NA,NA,NA,NA,NA,NA,NA,NA,NA,NA,NA,NA,NA,6.2,5.4,1,76.67043694,1.338151564,43,26.625
04/01/1982,2.00958,NA,NA,NA,NA,NA,NA,NA,NA,NA,NA,NA,NA,NA,NA,NA,NA,NA,NA,NA,NA,NA,0.9,2.9,0.7,83.32956306,1.45437524,43,25.66666667
05/01/1982,2.01232,NA,NA,NA,NA,NA,NA,NA,NA,NA,NA,NA,NA,NA,NA,NA,NA,NA,NA,NA,NA,NA,0.6,2.5,-0.9,77.54306384,1.353381776,33,17.625
06/01/1982,2.01506,NA,NA,NA,NA,NA,NA,NA,NA,NA,NA,NA,NA,NA,NA,NA,NA,NA,NA,NA,NA,NA,0.8,2.1,-4.8,-91.91189575,-1.604165203,20,5.916666667
07/01/1982,2.01780,NA,NA,NA,NA,NA,NA,NA,NA,NA,NA,NA,NA,NA,NA,NA,NA,NA,NA,NA,NA,NA,17.6,0.9,-3.3,-132.7207991,-2.31641493,26,13.20833333
08/01/1982,2.02053,NA,NA,NA,NA,NA,NA,NA,NA,NA,NA,NA,NA,NA,NA,NA,NA,NA,NA,NA,NA,NA,1.5,0.6,-5.8,163.0129522,2.84511274,15,5.75
09/01/1982,2.02327,NA,NA,NA,NA,NA,NA,NA,NA,NA,NA,NA,NA,NA,NA,NA,NA,NA,NA,NA,NA,NA,0,-1.3,-7.5,-81.53199379,-1.423001737,11,4.375
10/01/1982,2.02601,NA,NA,NA,NA,NA,NA,NA,NA,NA,NA,NA,NA,NA,NA,NA,NA,NA,NA,NA,NA,NA,0,0.5,-5.8,-119.1924512,-2.080300717,18,9.875
11/01/1982,2.02875,NA,NA,NA,NA,NA,NA,NA,NA,NA,NA,NA,NA,NA,NA,NA,NA,NA,NA,NA,NA,NA,0.7,3.2,-1.1,-59.21991712,-1.033582536,14,4.666666667
12/01/1982,2.03149,NA,NA,NA,NA,NA,NA,NA,NA,NA,NA,NA,NA,NA,NA,NA,NA,NA,NA,NA,NA,NA,0,4.4,-0.9,-134.2172815,-2.342533476,27,9.5
13/01/1982,2.03422,NA,NA,NA,NA,NA,NA,NA,NA,NA,NA,NA,NA,NA,NA,NA,NA,NA,NA,NA,NA,NA,0,5.8,2.9,-157.0840118,-2.741633208,57,30.08333333
14/01/1982,2.03696,NA,NA,NA,NA,NA,NA,NA,NA,NA,NA,NA,NA,NA,NA,NA,NA,NA,NA,NA,NA,NA,9.5,7.2,3.1,-160.8301019,-2.807014814,51,27.29166667
15/01/1982,2.03970,NA,NA,NA,NA,NA,NA,NA,NA,NA,NA,NA,NA,NA,NA,NA,NA,NA,NA,NA,NA,NA,0,5.8,2.5,-162.5015815,-2.836187637,36,18.75
16/01/1982,2.04244,NA,NA,NA,NA,NA,NA,NA,NA,NA,NA,NA,NA,NA,NA,NA,NA,NA,NA,NA,NA,NA,1.6,9.1,4.1,179.0900585,3.125711178,46,21.54166667
17/01/1982,2.04517,NA,NA,NA,NA,NA,NA,NA,NA,NA,NA,NA,NA,NA,NA,NA,NA,NA,NA,NA,NA,NA,0.3,8.9,5.5,-166.3226503,-2.902877868,39,21.91666667
18/01/1982,2.04791,NA,NA,NA,NA,NA,NA,NA,NA,NA,NA,NA,NA,NA,NA,NA,NA,NA,NA,NA,NA,NA,0.2,8.6,6.9,175.8194733,3.068628698,39,22.54166667
19/01/1982,2.05065,NA,NA,NA,NA,NA,NA,NA,NA,NA,NA,NA,NA,NA,NA,NA,NA,NA,NA,NA,NA,NA,3.1,8.3,6.8,172.5122083,3.010906035,21,9.333333333
20/01/1982,2.05339,NA,NA,NA,NA,NA,NA,NA,NA,NA,NA,NA,NA,NA,NA,NA,NA,NA,NA,NA,NA,NA,5.4,8,6.1,136.7486833,2.386714771,19,7.333333333
21/01/1982,2.05613,NA,NA,NA,NA,NA,NA,NA,NA,NA,NA,NA,NA,NA,NA,NA,NA,NA,NA,NA,NA,NA,0,7.4,3.5,-176.2925747,-3.076885876,17,7.833333333
22/01/1982,2.05886,NA,NA,NA,NA,NA,NA,NA,NA,NA,NA,NA,NA,NA,NA,NA,NA,NA,NA,NA,NA,NA,7.8,6.9,4.8,-3.516627137,-0.061376722,19,8.416666667
23/01/1982,2.06160,NA,NA,NA,NA,NA,NA,NA,NA,NA,NA,NA,NA,NA,NA,NA,NA,NA,NA,NA,NA,NA,0.4,6.9,1.9,-129.2798516,-2.256359067,16,6.708333333
24/01/1982,2.06434,NA,NA,NA,NA,NA,NA,NA,NA,NA,NA,NA,NA,NA,NA,NA,NA,NA,NA,NA,NA,NA,0.9,8.5,6.2,-153.0309313,-2.670893608,25,9.916666667
25/01/1982,2.06708,NA,NA,NA,NA,NA,NA,NA,NA,NA,NA,NA,NA,NA,NA,NA,NA,NA,NA,NA,NA,NA,6.1,9.8,4.6,-126.0445174,-2.199891833,29,12.08333333
26/01/1982,2.06982,NA,NA,NA,NA,NA,NA,NA,NA,NA,NA,NA,NA,NA,NA,NA,NA,NA,NA,NA,NA,NA,2.3,7.4,3,-31.67397549,-0.552815159,41,15.79166667
27/01/1982,2.07255,NA,NA,NA,NA,NA,NA,NA,NA,NA,NA,NA,NA,NA,NA,NA,NA,NA,NA,NA,NA,NA,0.2,6.4,-0.2,-81.555263,-1.423407862,33,11
28/01/1982,2.07529,NA,NA,NA,NA,NA,NA,NA,NA,NA,NA,NA,NA,NA,NA,NA,NA,NA,NA,NA,NA,NA,12.5,9.6,2.9,-78.03589993,-1.361983388,43,21.54166667
29/01/1982,2.07803,NA,NA,NA,NA,NA,NA,NA,NA,NA,NA,NA,NA,NA,NA,NA,NA,NA,NA,NA,NA,NA,14.1,10.4,4.6,-102.8346212,-1.794802725,44,22.04166667
30/01/1982,2.08077,NA,NA,NA,NA,NA,NA,NA,NA,NA,NA,NA,NA,NA,NA,NA,NA,NA,NA,NA,NA,NA,17.2,10,5.1,-75.69346248,-1.321100142,39,17.08333333
31/01/1982,2.08350,NA,NA,NA,NA,NA,NA,NA,NA,NA,NA,NA,NA,NA,NA,NA,NA,NA,NA,NA,NA,NA,0.9,9.7,4.4,-159.0121448,-2.775285478,29,12.70833333
01/02/1982,2.08624,NA,NA,NA,NA,NA,NA,NA,NA,NA,NA,NA,NA,NA,NA,NA,NA,NA,NA,NA,NA,NA,2,9,3,-145.8627055,-2.545784467,46,17.875
02/02/1982,2.08898,NA,NA,NA,NA,NA,NA,NA,NA,NA,NA,NA,NA,NA,NA,NA,NA,NA,NA,NA,NA,NA,0.7,8,2.7,160.1850611,2.795756729,25,10.91666667
03/02/1982,2.09172,NA,NA,NA,NA,NA,NA,NA,NA,NA,NA,NA,NA,NA,NA,NA,NA,NA,NA,NA,NA,NA,0,8.4,4.1,151.613523,2.646155166,25,11.75
04/02/1982,2.09446,NA,NA,NA,NA,NA,NA,NA,NA,NA,NA,NA,NA,NA,NA,NA,NA,NA,NA,NA,NA,NA,0,8.8,6,130.4195773,2.276251033,23,10.29166667
05/02/1982,2.09719,NA,NA,NA,NA,NA,NA,NA,NA,NA,NA,NA,NA,NA,NA,NA,NA,NA,NA,NA,NA,NA,5.1,10.1,6,-171.2229247,-2.98840379,40,16.08333333
06/02/1982,2.09993,NA,NA,NA,NA,NA,NA,NA,NA,NA,NA,NA,NA,NA,NA,NA,NA,NA,NA,NA,NA,NA,7.6,7.7,3.2,-150.4576575,-2.625981509,46,21.95833333
07/02/1982,2.10267,NA,NA,NA,NA,NA,NA,NA,NA,NA,NA,NA,NA,NA,NA,NA,NA,NA,NA,NA,NA,NA,2.6,5,0.1,-126.8090387,-2.213235247,38,12.54166667
08/02/1982,2.10541,NA,NA,NA,NA,NA,NA,NA,NA,NA,NA,NA,NA,NA,NA,NA,NA,NA,NA,NA,NA,NA,12.2,8.4,-0.7,-156.661961,-2.734267032,55,21.25
09/02/1982,2.10815,NA,NA,NA,NA,NA,NA,NA,NA,NA,NA,NA,NA,NA,NA,NA,NA,NA,NA,NA,NA,NA,2.5,6.5,1.9,-144.2063137,-2.516874976,41,14.20833333
10/02/1982,2.11088,NA,NA,NA,NA,NA,NA,NA,NA,NA,NA,NA,NA,NA,NA,NA,NA,NA,NA,NA,NA,NA,0.3,7.8,3.9,-178.2996369,-3.11191572,37,17
11/02/1982,2.11362,NA,NA,NA,NA,NA,NA,NA,NA,NA,NA,NA,NA,NA,NA,NA,NA,NA,NA,NA,NA,NA,7.5,9,1,-151.1884321,-2.638735931,51,21.91666667
12/02/1982,2.11636,NA,NA,NA,NA,NA,NA,NA,NA,NA,NA,NA,NA,NA,NA,NA,NA,NA,NA,NA,NA,NA,16.3,9.5,0.9,-176.0915103,-3.073376639,53,23.79166667
13/02/1982,2.11910,NA,NA,NA,NA,NA,NA,NA,NA,NA,NA,NA,NA,NA,NA,NA,NA,NA,NA,NA,NA,NA,6.9,9.4,4,-150.8461904,-2.632762686,65,27.125
14/02/1982,2.12183,NA,NA,NA,NA,NA,NA,NA,NA,NA,NA,NA,NA,NA,NA,NA,NA,NA,NA,NA,NA,NA,2.2,6,-0.1,-135.1343479,-2.358539303,23,6.708333333
15/02/1982,2.12457,NA,NA,NA,NA,NA,NA,NA,NA,NA,NA,NA,NA,NA,NA,NA,NA,NA,NA,NA,NA,NA,0,6,-1.2,-166.9560965,-2.913933591,31,13.41666667
16/02/1982,2.12731,NA,NA,NA,NA,NA,NA,NA,NA,NA,NA,NA,NA,NA,NA,NA,NA,NA,NA,NA,NA,NA,0,7.3,1.3,-151.3563172,-2.641666079,31,11.04166667
17/02/1982,2.13005,NA,NA,NA,NA,NA,NA,NA,NA,NA,NA,NA,NA,NA,NA,NA,NA,NA,NA,NA,NA,NA,0,7,-1.8,98.73280751,1.723212571,24,6.125
18/02/1982,2.13279,NA,NA,NA,NA,NA,NA,NA,NA,NA,NA,NA,NA,NA,NA,NA,NA,NA,NA,NA,NA,NA,0,5.3,1.9,137.3044016,2.396413886,24,11.83333333
19/02/1982,2.13552,NA,NA,NA,NA,NA,NA,NA,NA,NA,NA,NA,NA,NA,NA,NA,NA,NA,NA,NA,NA,NA,0,6.9,4,159.592641,2.785417048,26,14.08333333
20/02/1982,2.13826,NA,NA,NA,NA,NA,NA,NA,NA,NA,NA,NA,NA,NA,NA,NA,NA,NA,NA,NA,NA,NA,0.1,7.2,4.9,165.0064996,2.879906705,26,13.375
21/02/1982,2.14100,NA,NA,NA,NA,NA,NA,NA,NA,NA,NA,NA,NA,NA,NA,NA,NA,NA,NA,NA,NA,NA,0.1,6.3,3.5,173.0580132,3.020432128,38,20.375
22/02/1982,2.14374,NA,NA,NA,NA,NA,NA,NA,NA,NA,NA,NA,NA,NA,NA,NA,NA,NA,NA,NA,NA,NA,0.9,7.9,2.6,-159.5704184,-2.78502919,23,11.625
23/02/1982,2.14648,NA,NA,NA,NA,NA,NA,NA,NA,NA,NA,NA,NA,NA,NA,NA,NA,NA,NA,NA,NA,NA,0.2,9,2.4,-142.488816,-2.486898986,28,12.83333333
24/02/1982,2.14921,NA,NA,NA,NA,NA,NA,NA,NA,NA,NA,NA,NA,NA,NA,NA,NA,NA,NA,NA,NA,NA,3.2,7.2,5.2,-166.8341201,-2.9118047,39,22.04166667
25/02/1982,2.15195,NA,NA,NA,NA,NA,NA,NA,NA,NA,NA,NA,NA,NA,NA,NA,NA,NA,NA,NA,NA,NA,6.7,7.5,2.5,-149.5727194,-2.610536425,34,12.54166667
26/02/1982,2.15469,NA,NA,NA,NA,NA,NA,NA,NA,NA,NA,NA,NA,NA,NA,NA,NA,NA,NA,NA,NA,NA,11.4,8.3,3.9,-147.4620285,-2.573697919,45,20.79166667
27/02/1982,2.15743,NA,NA,NA,NA,NA,NA,NA,NA,NA,NA,NA,NA,NA,NA,NA,NA,NA,NA,NA,NA,NA,4.6,8,3.6,-148.3608598,-2.589385485,41,14.58333333
28/02/1982,2.16016,NA,NA,NA,NA,NA,NA,NA,NA,NA,NA,NA,NA,NA,NA,NA,NA,NA,NA,NA,NA,NA,21.5,9.4,4.7,-133.5961711,-2.331693054,47,16.70833333
01/03/1982,2.16290,NA,NA,NA,NA,NA,NA,NA,NA,NA,NA,NA,NA,NA,NA,NA,NA,NA,NA,NA,NA,NA,1.9,8,2.4,-111.2259314,-1.941258717,30,10.95833333
02/03/1982,2.16564,NA,NA,NA,NA,NA,NA,NA,NA,NA,NA,NA,NA,NA,NA,NA,NA,NA,NA,NA,NA,NA,6.4,8.6,2.5,-138.4881014,-2.417073345,33,14.58333333
03/03/1982,2.16838,NA,NA,NA,NA,NA,NA,NA,NA,NA,NA,NA,NA,NA,NA,NA,NA,NA,NA,NA,NA,NA,13.8,7.2,2.7,-21.04475901,-0.367300335,34,14.54166667
04/03/1982,2.17112,NA,NA,NA,NA,NA,NA,NA,NA,NA,NA,NA,NA,NA,NA,NA,NA,NA,NA,NA,NA,NA,0.1,7.7,1.4,-36.88962745,-0.643845459,31,10.875
05/03/1982,2.17385,NA,NA,NA,NA,NA,NA,NA,NA,NA,NA,NA,NA,NA,NA,NA,NA,NA,NA,NA,NA,NA,0.3,8,1,-162.2319904,-2.831482384,NA,17.45833333
06/03/1982,2.17659,NA,NA,NA,NA,NA,NA,NA,NA,NA,NA,NA,NA,NA,NA,NA,NA,NA,NA,NA,NA,NA,13.1,7.6,2.4,-130.3168945,-2.274458881,NA,13.70833333
07/03/1982,2.17933,NA,NA,NA,NA,NA,NA,NA,NA,NA,NA,NA,NA,NA,NA,NA,NA,NA,NA,NA,NA,NA,1.5,7.6,1.5,-162.5176156,-2.836467485,43,18.83333333
08/03/1982,2.18207,NA,NA,NA,NA,NA,NA,NA,NA,NA,NA,NA,NA,NA,NA,NA,NA,NA,NA,NA,NA,NA,8.9,6.2,-0.1,-152.3010083,-2.658154049,47,18.66666667
09/03/1982,2.18480,NA,NA,NA,NA,NA,NA,NA,NA,NA,NA,NA,NA,NA,NA,NA,NA,NA,NA,NA,NA,NA,6.4,6,0.4,-153.3423095,-2.676328184,39,14.16666667
10/03/1982,2.18754,NA,NA,NA,NA,NA,NA,NA,NA,NA,NA,NA,NA,NA,NA,NA,NA,NA,NA,NA,NA,NA,11.6,6.1,0.3,-92.05191265,-1.606608958,42,14.58333333
11/03/1982,2.19028,NA,NA,NA,NA,NA,NA,NA,NA,NA,NA,NA,NA,NA,NA,NA,NA,NA,NA,NA,NA,NA,6.5,3.7,-1.6,-112.1509305,-1.957402996,40,17.29166667
12/03/1982,2.19302,NA,NA,NA,NA,NA,NA,NA,NA,NA,NA,NA,NA,NA,NA,NA,NA,NA,NA,NA,NA,NA,6.4,5,-0.1,-87.19883066,-1.521906699,38,11.625
13/03/1982,2.19576,NA,NA,NA,NA,NA,NA,NA,NA,NA,NA,NA,NA,NA,NA,NA,NA,NA,NA,NA,NA,NA,3.6,8.3,1,-119.2462187,-2.081239136,43,14.79166667
14/03/1982,2.19849,NA,NA,NA,NA,NA,NA,NA,NA,NA,NA,NA,NA,NA,NA,NA,NA,NA,NA,NA,NA,NA,5.4,7.4,0.4,-157.7820007,-2.753815412,40,16.58333333
15/03/1982,2.20123,NA,NA,NA,NA,NA,NA,NA,NA,NA,NA,NA,NA,NA,NA,NA,NA,NA,NA,NA,NA,NA,17.3,6.4,0.3,-170.5487004,-2.976636357,49,22.625
16/03/1982,2.20397,NA,NA,NA,NA,NA,NA,NA,NA,NA,NA,NA,NA,NA,NA,NA,NA,NA,NA,NA,NA,NA,0.9,7.2,2.5,25.91038381,0.452221508,34,13.125
17/03/1982,2.20671,NA,NA,NA,NA,NA,NA,NA,NA,NA,NA,NA,NA,NA,NA,NA,NA,NA,NA,NA,NA,NA,9.5,7.4,0.8,-14.53039446,-0.253603225,42,17.20833333
18/03/1982,2.20945,NA,NA,NA,NA,NA,NA,NA,NA,NA,NA,NA,NA,NA,NA,NA,NA,NA,NA,NA,NA,NA,0,7.3,1.1,-20.01245451,-0.349283223,25,9.5
19/03/1982,2.21218,NA,NA,NA,NA,NA,NA,NA,NA,NA,NA,NA,NA,NA,NA,NA,NA,NA,NA,NA,NA,NA,0,7,-1.1,83.1269662,1.450839257,21,7.125
20/03/1982,2.21492,NA,NA,NA,NA,NA,NA,NA,NA,NA,NA,NA,NA,NA,NA,NA,NA,NA,NA,NA,NA,NA,0,8.1,2.8,84.75661888,1.479282062,23,7.291666667
21/03/1982,2.21766,NA,NA,NA,NA,NA,NA,NA,NA,NA,NA,NA,NA,NA,NA,NA,NA,NA,NA,NA,NA,NA,9.4,10.7,2.1,-152.6771237,-2.664718501,41,15.375
22/03/1982,2.22040,NA,NA,NA,NA,NA,NA,NA,NA,NA,NA,NA,NA,NA,NA,NA,NA,NA,NA,NA,NA,NA,3.5,8.8,2.2,-116.6007517,-2.035067028,33,10.33333333
23/03/1982,2.22313,NA,NA,NA,NA,NA,NA,NA,NA,NA,NA,NA,NA,NA,NA,NA,NA,NA,NA,NA,NA,NA,4.3,9.3,3.1,-163.3253251,-2.850564675,38,20.70833333
24/03/1982,2.22587,NA,NA,NA,NA,NA,NA,NA,NA,NA,NA,NA,NA,NA,NA,NA,NA,NA,NA,NA,NA,NA,4.6,11.1,7.8,-156.6918438,-2.734788586,38,19.625
25/03/1982,2.22861,NA,NA,NA,NA,NA,NA,NA,NA,NA,NA,NA,NA,NA,NA,NA,NA,NA,NA,NA,NA,NA,0,8.9,7.5,-158.7525849,-2.770755303,40,19.79166667
26/03/1982,2.23135,NA,NA,NA,NA,NA,NA,NA,NA,NA,NA,NA,NA,NA,NA,NA,NA,NA,NA,NA,NA,NA,0,10.4,7.5,-157.9258215,-2.756325558,33,16.45833333
27/03/1982,2.23409,NA,NA,NA,NA,NA,NA,NA,NA,NA,NA,NA,NA,NA,NA,NA,NA,NA,NA,NA,NA,NA,3.2,9.7,5.8,41.49792367,0.724275401,17,5
28/03/1982,2.23682,NA,NA,NA,NA,NA,NA,NA,NA,NA,NA,NA,NA,NA,NA,NA,NA,NA,NA,NA,NA,NA,3,7.1,3.4,-15.88007395,-0.277159576,35,7.565217391
29/03/1982,2.23956,NA,NA,NA,NA,NA,NA,NA,NA,NA,NA,NA,NA,NA,NA,NA,NA,NA,NA,NA,NA,NA,1.8,7.4,1.4,-16.00909824,-0.279411475,33,12.79166667
30/03/1982,2.24230,NA,NA,NA,NA,NA,NA,NA,NA,NA,NA,NA,NA,NA,NA,NA,NA,NA,NA,NA,NA,NA,0,9.5,3.4,-122.3558592,-2.135512602,22,8.791666667
31/03/1982,2.24504,NA,NA,NA,NA,NA,NA,NA,NA,NA,NA,NA,NA,NA,NA,NA,NA,NA,NA,NA,NA,NA,0,10.1,6.4,-167.502633,-2.923472452,11,4.958333333
01/04/1982,2.24778,NA,NA,NA,NA,NA,NA,NA,NA,NA,NA,NA,NA,NA,NA,NA,NA,NA,NA,NA,NA,NA,0.4,10.1,4.6,119.2586575,2.081456234,32,10.41666667
02/04/1982,2.25051,NA,NA,NA,NA,NA,NA,NA,NA,NA,NA,NA,NA,NA,NA,NA,NA,NA,NA,NA,NA,NA,2.4,9,4,-157.7086001,-2.75253433,38,18.625
03/04/1982,2.25325,NA,NA,NA,NA,NA,NA,NA,NA,NA,NA,NA,NA,NA,NA,NA,NA,NA,NA,NA,NA,NA,0.5,10.5,4.1,-164.5566889,-2.872056027,27,12.25
04/04/1982,2.25599,NA,NA,NA,NA,NA,NA,NA,NA,NA,NA,NA,NA,NA,NA,NA,NA,NA,NA,NA,NA,NA,3,9,5.9,122.2730838,2.134067899,15,6.583333333
05/04/1982,2.25873,NA,NA,NA,NA,NA,NA,NA,NA,NA,NA,NA,NA,NA,NA,NA,NA,NA,NA,NA,NA,NA,0,9.2,2.1,20.51573692,0.358067158,17,7.583333333
06/04/1982,2.26146,NA,NA,NA,NA,NA,NA,NA,NA,NA,NA,NA,NA,NA,NA,NA,NA,NA,NA,NA,NA,NA,2.6,10.8,5.9,75.27112278,1.313728924,NA,4.416666667
07/04/1982,2.26420,NA,NA,NA,NA,NA,NA,NA,NA,NA,NA,NA,NA,NA,NA,NA,NA,NA,NA,NA,NA,NA,1.2,7.8,2.9,31.3388191,0.546965577,39,16
08/04/1982,2.26694,NA,NA,NA,NA,NA,NA,NA,NA,NA,NA,NA,NA,NA,NA,NA,NA,NA,NA,NA,NA,NA,2.3,5.2,-0.6,-19.4414993,-0.339318174,33,15.70833333
09/04/1982,2.26968,NA,NA,NA,NA,NA,NA,NA,NA,NA,NA,NA,NA,NA,NA,NA,NA,NA,NA,NA,NA,NA,1,9.2,1.5,-67.45674749,-1.177342346,32,12.20833333
10/04/1982,2.27242,NA,NA,NA,NA,NA,NA,NA,NA,NA,NA,NA,NA,NA,NA,NA,NA,NA,NA,NA,NA,NA,0.4,7.4,0.5,-20.19736911,-0.352510591,NA,13.41666667
11/04/1982,2.27515,NA,NA,NA,NA,NA,NA,NA,NA,NA,NA,NA,NA,NA,NA,NA,NA,NA,NA,NA,NA,NA,0,6.9,2.2,-15.00635427,-0.261910291,24,12.83333333
12/04/1982,2.27789,NA,NA,NA,NA,NA,NA,NA,NA,NA,NA,NA,NA,NA,NA,NA,NA,NA,NA,NA,NA,NA,0,9.8,0.9,-79.10322523,-1.380611729,19,7.708333333
13/04/1982,2.28063,NA,NA,NA,NA,NA,NA,NA,NA,NA,NA,NA,NA,NA,NA,NA,NA,NA,NA,NA,NA,NA,0.1,10.6,4.4,-144.9193793,-2.529320319,18,9.5
14/04/1982,2.28337,NA,NA,NA,NA,NA,NA,NA,NA,NA,NA,NA,NA,NA,NA,NA,NA,NA,NA,NA,NA,NA,1.5,11.1,6.9,-138.7103102,-2.420951619,22,11.5
15/04/1982,2.28611,NA,NA,NA,NA,NA,NA,NA,NA,NA,NA,NA,NA,NA,NA,NA,NA,NA,NA,NA,NA,NA,0.9,12.4,7.8,-140.0565418,-2.444447794,35,18.08333333
16/04/1982,2.28884,NA,NA,NA,NA,NA,NA,NA,NA,NA,NA,NA,NA,NA,NA,NA,NA,NA,NA,NA,NA,NA,0,11.1,4.7,-53.84282873,-0.93973464,22,9.125
17/04/1982,2.29158,NA,NA,NA,NA,NA,NA,NA,NA,NA,NA,NA,NA,NA,NA,NA,NA,NA,NA,NA,NA,NA,0,10.7,0,124.3983454,2.171160712,11,4.375
18/04/1982,2.29432,NA,NA,NA,NA,NA,NA,NA,NA,NA,NA,NA,NA,NA,NA,NA,NA,NA,NA,NA,NA,NA,0,11.6,3.8,-162.2342637,-2.831522061,14,7.333333333
19/04/1982,2.29706,NA,NA,NA,NA,NA,NA,NA,NA,NA,NA,NA,NA,NA,NA,NA,NA,NA,NA,NA,NA,NA,0,12.4,2.1,175.3573658,3.0605634,22,7.916666667
20/04/1982,2.29979,NA,NA,NA,NA,NA,NA,NA,NA,NA,NA,NA,NA,NA,NA,NA,NA,NA,NA,NA,NA,NA,2.8,12.1,4.4,-128.3355837,-2.239878483,34,16.33333333
21/04/1982,2.30253,NA,NA,NA,NA,NA,NA,NA,NA,NA,NA,NA,NA,NA,NA,NA,NA,NA,NA,NA,NA,NA,0.4,10.4,7.1,-159.1677885,-2.778001973,30,17.41666667
22/04/1982,2.30527,NA,NA,NA,NA,NA,NA,NA,NA,NA,NA,NA,NA,NA,NA,NA,NA,NA,NA,NA,NA,NA,3.4,10.8,4.8,-120.1524415,-2.097055708,30,13.04166667
23/04/1982,2.30801,NA,NA,NA,NA,NA,NA,NA,NA,NA,NA,NA,NA,NA,NA,NA,NA,NA,NA,NA,NA,NA,3,9.2,2.4,-103.9209043,-1.813761941,30,13.375
24/04/1982,2.31075,NA,NA,NA,NA,NA,NA,NA,NA,NA,NA,NA,NA,NA,NA,NA,NA,NA,NA,NA,NA,NA,0.1,13.2,8,-121.7822803,-2.125501761,29,13
25/04/1982,2.31348,NA,NA,NA,NA,NA,NA,NA,NA,NA,NA,NA,NA,NA,NA,NA,NA,NA,NA,NA,NA,NA,0,13.7,7.9,-102.7484402,-1.793298583,34,15.16666667
26/04/1982,2.31622,NA,NA,NA,NA,NA,NA,NA,NA,NA,NA,NA,NA,NA,NA,NA,NA,NA,NA,NA,NA,NA,0,13.9,8.2,-89.59533411,-1.563733575,22,10.625
27/04/1982,2.31896,NA,NA,NA,NA,NA,NA,NA,NA,NA,NA,NA,NA,NA,NA,NA,NA,NA,NA,NA,NA,NA,0,12,7.2,-110.5194198,-1.928927763,30,14.08333333
28/04/1982,2.32170,NA,NA,NA,NA,NA,NA,NA,NA,NA,NA,NA,NA,NA,NA,NA,NA,NA,NA,NA,NA,NA,3.5,10.4,5.5,-84.18649159,-1.469331464,46,17.79166667
29/04/1982,2.32444,NA,NA,NA,NA,NA,NA,NA,NA,NA,NA,NA,NA,NA,NA,NA,NA,NA,NA,NA,NA,NA,4.1,7.5,2.6,-65.6502843,-1.145813616,35,10.95833333
30/04/1982,2.32717,NA,NA,NA,NA,NA,NA,NA,NA,NA,NA,NA,NA,NA,NA,NA,NA,NA,NA,NA,NA,NA,7.1,10,3.5,-79.40476729,-1.385874631,43,21.20833333
01/05/1982,2.32991,NA,NA,NA,NA,NA,NA,NA,NA,NA,NA,NA,NA,NA,NA,NA,NA,NA,NA,NA,NA,NA,15.4,5.7,-0.5,-44.93647452,-0.784289435,39,11.625
02/05/1982,2.33265,NA,NA,NA,NA,NA,NA,NA,NA,NA,NA,NA,NA,NA,NA,NA,NA,NA,NA,NA,NA,NA,13.1,9.3,-2,-160.0148019,-2.792785145,34,11.45833333
03/05/1982,2.33539,NA,NA,NA,NA,NA,NA,NA,NA,NA,NA,NA,NA,NA,NA,NA,NA,NA,NA,NA,NA,NA,14,7.4,0.2,-19.43271808,-0.339164913,61,24.91666667
04/05/1982,2.33812,NA,NA,NA,NA,NA,NA,NA,NA,NA,NA,NA,NA,NA,NA,NA,NA,NA,NA,NA,NA,NA,12.6,6.1,1.9,-23.76285016,-0.414739975,50,22.5
05/05/1982,2.34086,NA,NA,NA,NA,NA,NA,NA,NA,NA,NA,NA,NA,NA,NA,NA,NA,NA,NA,NA,NA,NA,8.6,7,1.8,1.717290946,0.029972381,37,18.45833333
06/05/1982,2.34360,NA,NA,NA,NA,NA,NA,NA,NA,NA,NA,NA,NA,NA,NA,NA,NA,NA,NA,NA,NA,NA,1,7,-1.6,-143.6603648,-2.50734637,19,6.25
07/05/1982,2.34634,NA,NA,NA,NA,NA,NA,NA,NA,NA,NA,NA,NA,NA,NA,NA,NA,NA,NA,NA,NA,NA,0,9.7,4,179.4649384,3.132254066,20,10.41666667
08/05/1982,2.34908,NA,NA,NA,NA,NA,NA,NA,NA,NA,NA,NA,NA,NA,NA,NA,NA,NA,NA,NA,NA,NA,0,12,-0.4,-118.8326932,-2.074021755,15,4.666666667
09/05/1982,2.35181,NA,NA,NA,NA,NA,NA,NA,NA,NA,NA,NA,NA,NA,NA,NA,NA,NA,NA,NA,NA,NA,0,11.9,1,164.1162265,2.864368509,16,6.375
10/05/1982,2.35455,NA,NA,NA,NA,NA,NA,NA,NA,NA,NA,NA,NA,NA,NA,NA,NA,NA,NA,NA,NA,NA,0,12.2,6.5,76.50435063,1.335252811,12,4.833333333
11/05/1982,2.35729,NA,NA,NA,NA,NA,NA,NA,NA,NA,NA,NA,NA,NA,NA,NA,NA,NA,NA,NA,NA,NA,0,10.9,2.3,17.93044723,0.312945341,14,6.333333333
12/05/1982,2.36003,NA,NA,NA,NA,NA,NA,NA,NA,NA,NA,NA,NA,NA,NA,NA,NA,NA,NA,NA,NA,NA,0,12.3,2.4,23.85069796,0.416273208,15,5
13/05/1982,2.36277,NA,NA,NA,NA,NA,NA,NA,NA,NA,NA,NA,NA,NA,NA,NA,NA,NA,NA,NA,NA,NA,0,15.3,7.8,39.59213364,0.69101309,12,4.333333333
14/05/1982,2.36550,NA,NA,NA,NA,NA,NA,NA,NA,NA,NA,NA,NA,NA,NA,NA,NA,NA,NA,NA,NA,NA,0,21.6,9.8,-19.68349333,-0.343541767,17,3.791666667
15/05/1982,2.36824,NA,NA,NA,NA,NA,NA,NA,NA,NA,NA,NA,NA,NA,NA,NA,NA,NA,NA,NA,NA,NA,0.6,14.6,9.9,65.72218746,1.147068563,15,3.708333333
16/05/1982,2.37098,NA,NA,NA,NA,NA,NA,NA,NA,NA,NA,NA,NA,NA,NA,NA,NA,NA,NA,NA,NA,NA,2.2,14,9.8,-176.7428177,-3.084744099,23,7.166666667
17/05/1982,2.37372,NA,NA,NA,NA,NA,NA,NA,NA,NA,NA,NA,NA,NA,NA,NA,NA,NA,NA,NA,NA,NA,0.2,14.5,8,172.5060306,3.010798213,17,7.833333333
18/05/1982,2.37645,NA,NA,NA,NA,NA,NA,NA,NA,NA,NA,NA,NA,NA,NA,NA,NA,NA,NA,NA,NA,NA,1.3,13.4,8.2,-170.1564138,-2.969789665,14,4.166666667
19/05/1982,2.37919,NA,NA,NA,NA,NA,NA,NA,NA,NA,NA,NA,NA,NA,NA,NA,NA,NA,NA,NA,NA,NA,4.3,13.2,5.5,-148.0243511,-2.5835123,19,6.458333333
20/05/1982,2.38193,NA,NA,NA,NA,NA,NA,NA,NA,NA,NA,NA,NA,NA,NA,NA,NA,NA,NA,NA,NA,NA,0.3,14.1,6.5,-135.9575031,-2.372906071,24,10.79166667
21/05/1982,2.38467,NA,NA,NA,NA,NA,NA,NA,NA,NA,NA,NA,NA,NA,NA,NA,NA,NA,NA,NA,NA,NA,0.7,13.1,5.7,164.0327693,2.862911906,14,6.875
22/05/1982,2.38741,NA,NA,NA,NA,NA,NA,NA,NA,NA,NA,NA,NA,NA,NA,NA,NA,NA,NA,NA,NA,NA,7.9,13,8.6,-178.095099,-3.108345859,19,6.583333333
23/05/1982,2.39014,NA,NA,NA,NA,NA,NA,NA,NA,NA,NA,NA,NA,NA,NA,NA,NA,NA,NA,NA,NA,NA,0.1,14.6,7.5,-80.68844727,-1.408279073,19,6.916666667
24/05/1982,2.39288,NA,NA,NA,NA,NA,NA,NA,NA,NA,NA,NA,NA,NA,NA,NA,NA,NA,NA,NA,NA,NA,2.8,13.2,7.3,-137.8328282,-2.40563667,25,10.5
25/05/1982,2.39562,NA,NA,NA,NA,NA,NA,NA,NA,NA,NA,NA,NA,NA,NA,NA,NA,NA,NA,NA,NA,NA,5.3,14.1,7,-152.0341652,-2.653496759,33,13.58333333
26/05/1982,2.39836,NA,NA,NA,NA,NA,NA,NA,NA,NA,NA,NA,NA,NA,NA,NA,NA,NA,NA,NA,NA,NA,3.9,14.3,6.8,-147.49528,-2.574278267,33,16.20833333
27/05/1982,2.40110,NA,NA,NA,NA,NA,NA,NA,NA,NA,NA,NA,NA,NA,NA,NA,NA,NA,NA,NA,NA,NA,0.7,13.5,8,-151.526475,-2.644635893,26,11.45833333
28/05/1982,2.40383,NA,NA,NA,NA,NA,NA,NA,NA,NA,NA,NA,NA,NA,NA,NA,NA,NA,NA,NA,NA,NA,0,14.5,3.9,-140.1979021,-2.446914995,28,10.91666667
29/05/1982,2.40657,NA,NA,NA,NA,NA,NA,NA,NA,NA,NA,NA,NA,NA,NA,NA,NA,NA,NA,NA,NA,NA,0.6,12.9,8.8,-157.0489278,-2.741020876,43,20.83333333
30/05/1982,2.40931,NA,NA,NA,NA,NA,NA,NA,NA,NA,NA,NA,NA,NA,NA,NA,NA,NA,NA,NA,NA,NA,0,16.1,10.1,-157.7802465,-2.753784796,32,15.875
31/05/1982,2.41205,NA,NA,NA,NA,NA,NA,NA,NA,NA,NA,NA,NA,NA,NA,NA,NA,NA,NA,NA,NA,NA,0,20.1,7,-168.4834001,-2.940590066,19,6.125
01/06/1982,2.41478,NA,NA,NA,NA,NA,NA,NA,NA,NA,NA,NA,NA,NA,NA,NA,NA,NA,NA,NA,NA,NA,0,20,10.6,163.9220061,2.860978723,16,6.625
02/06/1982,2.41752,NA,NA,NA,NA,NA,NA,NA,NA,NA,NA,NA,NA,NA,NA,NA,NA,NA,NA,NA,NA,NA,0,20.2,10.2,-168.2555086,-2.93661261,22,7.458333333
03/06/1982,2.42026,NA,NA,NA,NA,NA,NA,NA,NA,NA,NA,NA,NA,NA,NA,NA,NA,NA,NA,NA,NA,NA,0,16.4,11.1,138.627559,2.419507339,13,5.75
04/06/1982,2.42300,NA,NA,NA,NA,NA,NA,NA,NA,NA,NA,NA,NA,NA,NA,NA,NA,NA,NA,NA,NA,NA,0,18.1,10.3,50.1423788,0.875149605,14,5.416666667
05/06/1982,2.42574,NA,NA,NA,NA,NA,NA,NA,NA,NA,NA,NA,NA,NA,NA,NA,NA,NA,NA,NA,NA,NA,0,18.4,11,96.22694054,1.679476942,19,6.541666667
06/06/1982,2.42847,NA,NA,NA,NA,NA,NA,NA,NA,NA,NA,NA,NA,NA,NA,NA,NA,NA,NA,NA,NA,NA,0,16.4,10.9,60.58938485,1.057484257,26,12.70833333
07/06/1982,2.43121,NA,NA,NA,NA,NA,NA,NA,NA,NA,NA,NA,NA,NA,NA,NA,NA,NA,NA,NA,NA,NA,1.1,16.9,11.1,102.6208464,1.79107165,15,6.541666667
08/06/1982,2.43395,NA,NA,NA,NA,NA,NA,NA,NA,NA,NA,NA,NA,NA,NA,NA,NA,NA,NA,NA,NA,NA,0,14,7.7,40.32326923,0.703773813,19,8.583333333
09/06/1982,2.43669,NA,NA,NA,NA,NA,NA,NA,NA,NA,NA,NA,NA,NA,NA,NA,NA,NA,NA,NA,NA,NA,0,17.3,11.2,75.52871744,1.318224799,18,8.375
10/06/1982,2.43943,NA,NA,NA,NA,NA,NA,NA,NA,NA,NA,NA,NA,NA,NA,NA,NA,NA,NA,NA,NA,NA,0,17.4,10,89.40467474,1.560405941,23,11.625
11/06/1982,2.44216,NA,NA,NA,NA,NA,NA,NA,NA,NA,NA,NA,NA,NA,NA,NA,NA,NA,NA,NA,NA,NA,0,14.6,9.4,70.80342855,1.23575295,30,15.91666667
12/06/1982,2.44490,NA,NA,NA,NA,NA,NA,NA,NA,NA,NA,NA,NA,NA,NA,NA,NA,NA,NA,NA,NA,NA,0.2,11.4,8.4,56.42071039,0.984727163,31,18.33333333
13/06/1982,2.44764,NA,NA,NA,NA,NA,NA,NA,NA,NA,NA,NA,NA,NA,NA,NA,NA,NA,NA,NA,NA,NA,0.4,11.6,6.1,15.39444909,0.268683823,27,11
14/06/1982,2.45038,NA,NA,NA,NA,NA,NA,NA,NA,NA,NA,NA,NA,NA,NA,NA,NA,NA,NA,NA,NA,NA,1.2,11.4,6.3,39.03807963,0.681343023,16,8.041666667
15/06/1982,2.45311,NA,NA,NA,NA,NA,NA,NA,NA,NA,NA,NA,NA,NA,NA,NA,NA,NA,NA,NA,NA,NA,0,14.3,7.6,89.61117293,1.564010014,15,7.958333333
16/06/1982,2.45585,NA,NA,NA,NA,NA,NA,NA,NA,NA,NA,NA,NA,NA,NA,NA,NA,NA,NA,NA,NA,NA,0,13,8.5,58.70940038,1.024672339,24,11.66666667
17/06/1982,2.45859,NA,NA,NA,NA,NA,NA,NA,NA,NA,NA,NA,NA,NA,NA,NA,NA,NA,NA,NA,NA,NA,0,15.5,8.6,78.03588438,1.361983117,25,10.79166667
18/06/1982,2.46133,NA,NA,NA,NA,NA,NA,NA,NA,NA,NA,NA,NA,NA,NA,NA,NA,NA,NA,NA,NA,NA,0,14.6,9.4,99.58466404,1.738080272,32,17.04166667
19/06/1982,2.46407,NA,NA,NA,NA,NA,NA,NA,NA,NA,NA,NA,NA,NA,NA,NA,NA,NA,NA,NA,NA,NA,0,12.1,8.2,76.19981147,1.3299376,23,12.58333333
20/06/1982,2.46680,NA,NA,NA,NA,NA,NA,NA,NA,NA,NA,NA,NA,NA,NA,NA,NA,NA,NA,NA,NA,NA,0,14.5,8.7,74.85187187,1.306411615,17,9.541666667
21/06/1982,2.46954,NA,NA,NA,NA,NA,NA,NA,NA,NA,NA,NA,NA,NA,NA,NA,NA,NA,NA,NA,NA,NA,0,12.8,8.6,65.73785434,1.147342001,24,10.70833333
22/06/1982,2.47228,NA,NA,NA,NA,NA,NA,NA,NA,NA,NA,NA,NA,NA,NA,NA,NA,NA,NA,NA,NA,NA,0,13.5,8.1,75.78906203,1.322768669,32,16.70833333
23/06/1982,2.47502,NA,NA,NA,NA,NA,NA,NA,NA,NA,NA,NA,NA,NA,NA,NA,NA,NA,NA,NA,NA,NA,0,11.8,8.2,67.06257569,1.170462751,27,15.41666667
24/06/1982,2.47775,NA,NA,NA,NA,NA,NA,NA,NA,NA,NA,NA,NA,NA,NA,NA,NA,NA,NA,NA,NA,NA,0,12.8,9.1,72.02107637,1.257004914,25,12.375
25/06/1982,2.48049,NA,NA,NA,NA,NA,NA,NA,NA,NA,NA,NA,NA,NA,NA,NA,NA,NA,NA,NA,NA,NA,0,16,8.7,101.2505907,1.767156177,22,12
26/06/1982,2.48323,NA,NA,NA,NA,NA,NA,NA,NA,NA,NA,NA,NA,NA,NA,NA,NA,NA,NA,NA,NA,NA,0,12.5,9.3,67.79933493,1.183321625,23,12.66666667
27/06/1982,2.48597,NA,NA,NA,NA,NA,NA,NA,NA,NA,NA,NA,NA,NA,NA,NA,NA,NA,NA,NA,NA,NA,2.1,12.9,10,-176.3252645,-3.077456419,12,4.666666667
28/06/1982,2.48871,NA,NA,NA,NA,NA,NA,NA,NA,NA,NA,NA,NA,NA,NA,NA,NA,NA,NA,NA,NA,NA,4.3,16,10.5,155.5337918,2.714576765,11,3.625
29/06/1982,2.49144,NA,NA,NA,NA,NA,NA,NA,NA,NA,NA,NA,NA,NA,NA,NA,NA,NA,NA,NA,NA,NA,3,16.2,10.2,-74.43815012,-1.299190809,22,9.583333333
30/06/1982,2.49418,NA,NA,NA,NA,NA,NA,NA,NA,NA,NA,NA,NA,NA,NA,NA,NA,NA,NA,NA,NA,NA,0.1,16.2,8.1,-172.8714391,-3.017175795,17,7.916666667
01/07/1982,2.49692,NA,NA,NA,NA,NA,NA,NA,NA,NA,NA,NA,NA,NA,NA,NA,NA,NA,NA,NA,NA,NA,3,15.5,10.5,179.3332949,3.129956455,25,11.79166667
02/07/1982,2.49966,NA,NA,NA,NA,NA,NA,NA,NA,NA,NA,NA,NA,NA,NA,NA,NA,NA,NA,NA,NA,NA,17.8,14,10.9,-157.1861932,-2.74341661,25,13.22222222
03/07/1982,2.50240,NA,NA,NA,NA,NA,NA,NA,NA,NA,NA,NA,NA,NA,NA,NA,NA,NA,NA,NA,NA,NA,1.7,15.5,9.9,NA,NA,NA,NA
04/07/1982,2.50513,NA,NA,NA,NA,NA,NA,NA,NA,NA,NA,NA,NA,NA,NA,NA,NA,NA,NA,NA,NA,NA,3.6,15,9.6,-96.6038637,-1.686055492,31,15.25
05/07/1982,2.50787,NA,NA,NA,NA,NA,NA,NA,NA,NA,NA,NA,NA,NA,NA,NA,NA,NA,NA,NA,NA,NA,1.5,14.6,9,-108.5186249,-1.894007304,24,10.29166667
06/07/1982,2.51061,NA,NA,NA,NA,NA,NA,NA,NA,NA,NA,NA,NA,NA,NA,NA,NA,NA,NA,NA,NA,NA,1.4,14.9,10.2,176.0534954,3.072713155,13,6.75
07/07/1982,2.51335,NA,NA,NA,NA,NA,NA,NA,NA,NA,NA,NA,NA,NA,NA,NA,NA,NA,NA,NA,NA,NA,0.4,16.4,11.1,-141.8612769,-2.475946364,31,13.45833333
08/07/1982,2.51608,NA,NA,NA,NA,NA,NA,NA,NA,NA,NA,NA,NA,NA,NA,NA,NA,NA,NA,NA,NA,NA,0.2,17.4,10.7,-148.3560498,-2.589301534,21,8.791666667
09/07/1982,2.51882,NA,NA,NA,NA,NA,NA,NA,NA,NA,NA,NA,NA,NA,NA,NA,NA,NA,NA,NA,NA,NA,4.5,17.7,10.7,160.3845736,2.799238879,31,9.916666667
10/07/1982,2.52156,NA,NA,NA,NA,NA,NA,NA,NA,NA,NA,NA,NA,NA,NA,NA,NA,NA,NA,NA,NA,NA,0.2,14.9,9.9,-54.1395365,-0.944913167,13,5.5
11/07/1982,2.52430,NA,NA,NA,NA,NA,NA,NA,NA,NA,NA,NA,NA,NA,NA,NA,NA,NA,NA,NA,NA,NA,2.1,16.9,8,-98.97157018,-1.727379765,21,7.25
12/07/1982,2.52704,NA,NA,NA,NA,NA,NA,NA,NA,NA,NA,NA,NA,NA,NA,NA,NA,NA,NA,NA,NA,NA,0,16.2,5.1,46.13860393,0.805270551,12,4.75
13/07/1982,2.52977,NA,NA,NA,NA,NA,NA,NA,NA,NA,NA,NA,NA,NA,NA,NA,NA,NA,NA,NA,NA,NA,0.9,16.5,12.4,178.0911771,3.108277409,12,4.583333333
14/07/1982,2.53251,NA,NA,NA,NA,NA,NA,NA,NA,NA,NA,NA,NA,NA,NA,NA,NA,NA,NA,NA,NA,NA,0,16.4,12.7,-38.65222355,-0.674608564,10,4.25
15/07/1982,2.53525,NA,NA,NA,NA,NA,NA,NA,NA,NA,NA,NA,NA,NA,NA,NA,NA,NA,NA,NA,NA,NA,0,15.4,10.4,-1.971177111,-0.034403531,15,5.583333333
16/07/1982,2.53799,NA,NA,NA,NA,NA,NA,NA,NA,NA,NA,NA,NA,NA,NA,NA,NA,NA,NA,NA,NA,NA,0,16.4,8,-63.60707741,-1.110152928,21,7.666666667
17/07/1982,2.54073,NA,NA,NA,NA,NA,NA,NA,NA,NA,NA,NA,NA,NA,NA,NA,NA,NA,NA,NA,NA,NA,2,15.5,11.5,-91.27172526,-1.59299212,24,11.29166667
18/07/1982,2.54346,NA,NA,NA,NA,NA,NA,NA,NA,NA,NA,NA,NA,NA,NA,NA,NA,NA,NA,NA,NA,NA,0,17.8,11.2,-135.7409254,-2.369126079,25,10.29166667
19/07/1982,2.54620,NA,NA,NA,NA,NA,NA,NA,NA,NA,NA,NA,NA,NA,NA,NA,NA,NA,NA,NA,NA,NA,0,21,12.6,-134.280097,-2.343629812,19,9.791666667
20/07/1982,2.54894,NA,NA,NA,NA,NA,NA,NA,NA,NA,NA,NA,NA,NA,NA,NA,NA,NA,NA,NA,NA,NA,0,17.7,11.4,-62.89061025,-1.097648218,16,6.708333333
21/07/1982,2.55168,NA,NA,NA,NA,NA,NA,NA,NA,NA,NA,NA,NA,NA,NA,NA,NA,NA,NA,NA,NA,NA,0,18.6,10.8,-28.46923997,-0.496881973,14,5.541666667
22/07/1982,2.55441,NA,NA,NA,NA,NA,NA,NA,NA,NA,NA,NA,NA,NA,NA,NA,NA,NA,NA,NA,NA,NA,0.2,16.7,10.9,-17.59822297,-0.307146933,18,6.458333333
23/07/1982,2.55715,NA,NA,NA,NA,NA,NA,NA,NA,NA,NA,NA,NA,NA,NA,NA,NA,NA,NA,NA,NA,NA,0,16.2,10.4,-93.5984516,-1.633601155,10,4.166666667
24/07/1982,2.55989,NA,NA,NA,NA,NA,NA,NA,NA,NA,NA,NA,NA,NA,NA,NA,NA,NA,NA,NA,NA,NA,0.2,17.1,11.5,-140.148521,-2.446053134,16,6.916666667
25/07/1982,2.56263,NA,NA,NA,NA,NA,NA,NA,NA,NA,NA,NA,NA,NA,NA,NA,NA,NA,NA,NA,NA,NA,0,17,12.2,-76.87932683,-1.34179738,20,8.541666667
26/07/1982,2.56537,NA,NA,NA,NA,NA,NA,NA,NA,NA,NA,NA,NA,NA,NA,NA,NA,NA,NA,NA,NA,NA,0,18.1,8.5,-81.83341421,-1.428262516,15,5.375
27/07/1982,2.56810,NA,NA,NA,NA,NA,NA,NA,NA,NA,NA,NA,NA,NA,NA,NA,NA,NA,NA,NA,NA,NA,0,17.4,11.1,-108.4407352,-1.892647872,15,5.5
28/07/1982,2.57084,NA,NA,NA,NA,NA,NA,NA,NA,NA,NA,NA,NA,NA,NA,NA,NA,NA,NA,NA,NA,NA,0,18.3,8.3,-158.9847841,-2.774807944,14,4.625
29/07/1982,2.57358,NA,NA,NA,NA,NA,NA,NA,NA,NA,NA,NA,NA,NA,NA,NA,NA,NA,NA,NA,NA,NA,0,20.7,11.2,-167.5274416,-2.923905444,23,10.04166667
30/07/1982,2.57632,NA,NA,NA,NA,NA,NA,NA,NA,NA,NA,NA,NA,NA,NA,NA,NA,NA,NA,NA,NA,NA,0,20.6,13.7,167.7775786,2.928271157,17,7.25
31/07/1982,2.57906,NA,NA,NA,NA,NA,NA,NA,NA,NA,NA,NA,NA,NA,NA,NA,NA,NA,NA,NA,NA,NA,0,20.6,10.7,40.26535584,0.702763034,11,4.25
01/08/1982,2.58179,NA,NA,NA,NA,NA,NA,NA,NA,NA,NA,NA,NA,NA,NA,NA,NA,NA,NA,NA,NA,NA,0,19.2,13.1,46.45725205,0.81083201,11,3.5
02/08/1982,2.58453,NA,NA,NA,NA,NA,NA,NA,NA,NA,NA,NA,NA,NA,NA,NA,NA,NA,NA,NA,NA,NA,1.4,18.8,15,-15.70193214,-0.274050415,NA,3.958333333
03/08/1982,2.58727,NA,NA,NA,NA,NA,NA,NA,NA,NA,NA,NA,NA,NA,NA,NA,NA,NA,NA,NA,NA,NA,0,18.4,14,39.08321718,0.682130822,NA,5.375
04/08/1982,2.59001,NA,NA,NA,NA,NA,NA,NA,NA,NA,NA,NA,NA,NA,NA,NA,NA,NA,NA,NA,NA,NA,0,23.2,12.8,32.32432353,0.564165874,NA,4.083333333
05/08/1982,2.59274,NA,NA,NA,NA,NA,NA,NA,NA,NA,NA,NA,NA,NA,NA,NA,NA,NA,NA,NA,NA,NA,12.8,17.4,12.5,-15.91587419,-0.277784408,21,9.291666667
06/08/1982,2.59548,NA,NA,NA,NA,NA,NA,NA,NA,NA,NA,NA,NA,NA,NA,NA,NA,NA,NA,NA,NA,NA,43.8,15.6,13.2,29.66573637,0.517764775,22,9.958333333
07/08/1982,2.59822,NA,NA,NA,NA,NA,NA,NA,NA,NA,NA,NA,NA,NA,NA,NA,NA,NA,NA,NA,NA,NA,3.2,16.8,13.2,-85.24499144,-1.487805771,17,6.833333333
08/08/1982,2.60096,NA,NA,NA,NA,NA,NA,NA,NA,NA,NA,NA,NA,NA,NA,NA,NA,NA,NA,NA,NA,NA,3.5,18.7,12.4,-125.7030913,-2.193932824,34,15.54166667
09/08/1982,2.60370,NA,NA,NA,NA,NA,NA,NA,NA,NA,NA,NA,NA,NA,NA,NA,NA,NA,NA,NA,NA,NA,6.8,17.3,10.9,-119.9478457,-2.093484838,37,13.95833333
10/08/1982,2.60643,NA,NA,NA,NA,NA,NA,NA,NA,NA,NA,NA,NA,NA,NA,NA,NA,NA,NA,NA,NA,NA,5,15.1,9.8,-109.164604,-1.905281767,30,13.5
11/08/1982,2.60917,NA,NA,NA,NA,NA,NA,NA,NA,NA,NA,NA,NA,NA,NA,NA,NA,NA,NA,NA,NA,NA,6.4,15.3,7.9,-166.2057276,-2.900837182,59,14.91666667
12/08/1982,2.61191,NA,NA,NA,NA,NA,NA,NA,NA,NA,NA,NA,NA,NA,NA,NA,NA,NA,NA,NA,NA,NA,11.2,14.1,9.1,-114.3885629,-1.99645705,61,24
13/08/1982,2.61465,NA,NA,NA,NA,NA,NA,NA,NA,NA,NA,NA,NA,NA,NA,NA,NA,NA,NA,NA,NA,NA,3.9,14.5,8.1,-79.73733569,-1.391679044,22,8.875
14/08/1982,2.61739,NA,NA,NA,NA,NA,NA,NA,NA,NA,NA,NA,NA,NA,NA,NA,NA,NA,NA,NA,NA,NA,2.2,15.5,7.6,-114.8058784,-2.003740578,19,7.25
15/08/1982,2.62012,NA,NA,NA,NA,NA,NA,NA,NA,NA,NA,NA,NA,NA,NA,NA,NA,NA,NA,NA,NA,NA,1,15.2,6.2,-166.0503454,-2.898125251,32,12.70833333
16/08/1982,2.62286,NA,NA,NA,NA,NA,NA,NA,NA,NA,NA,NA,NA,NA,NA,NA,NA,NA,NA,NA,NA,NA,6.5,15,8.1,-149.7212874,-2.613129425,49,19.58333333
17/08/1982,2.62560,NA,NA,NA,NA,NA,NA,NA,NA,NA,NA,NA,NA,NA,NA,NA,NA,NA,NA,NA,NA,NA,6.9,15.8,8,-138.7572679,-2.421771187,24,10.79166667
18/08/1982,2.62834,NA,NA,NA,NA,NA,NA,NA,NA,NA,NA,NA,NA,NA,NA,NA,NA,NA,NA,NA,NA,NA,1.3,15,9.5,-104.0881582,-1.816681073,27,9.166666667
19/08/1982,2.63107,NA,NA,NA,NA,NA,NA,NA,NA,NA,NA,NA,NA,NA,NA,NA,NA,NA,NA,NA,NA,NA,2.9,14.1,6.4,-98.74919729,-1.723498626,22,8.708333333
20/08/1982,2.63381,NA,NA,NA,NA,NA,NA,NA,NA,NA,NA,NA,NA,NA,NA,NA,NA,NA,NA,NA,NA,NA,16.2,12.5,9.5,-42.9144098,-0.748997748,41,22.66666667
21/08/1982,2.63655,NA,NA,NA,NA,NA,NA,NA,NA,NA,NA,NA,NA,NA,NA,NA,NA,NA,NA,NA,NA,NA,3.5,13.2,10.6,-125.9957153,-2.199040076,25,10.79166667
22/08/1982,2.63929,NA,NA,NA,NA,NA,NA,NA,NA,NA,NA,NA,NA,NA,NA,NA,NA,NA,NA,NA,NA,NA,13.8,15,9.9,-139.5212032,-2.435104373,18,7.833333333
23/08/1982,2.64203,NA,NA,NA,NA,NA,NA,NA,NA,NA,NA,NA,NA,NA,NA,NA,NA,NA,NA,NA,NA,NA,1.8,15.2,9.6,-50.82156212,-0.88700359,15,4.791666667
24/08/1982,2.64476,NA,NA,NA,NA,NA,NA,NA,NA,NA,NA,NA,NA,NA,NA,NA,NA,NA,NA,NA,NA,NA,18.1,15.3,10,-150.8200655,-2.63230672,47,19.125
25/08/1982,2.64750,NA,NA,NA,NA,NA,NA,NA,NA,NA,NA,NA,NA,NA,NA,NA,NA,NA,NA,NA,NA,NA,6.9,14.2,9,-102.8412399,-1.794918243,42,14.91666667
26/08/1982,2.65024,NA,NA,NA,NA,NA,NA,NA,NA,NA,NA,NA,NA,NA,NA,NA,NA,NA,NA,NA,NA,NA,1.4,13.1,5.6,-89.66100581,-1.564879762,23,9.958333333
27/08/1982,2.65298,NA,NA,NA,NA,NA,NA,NA,NA,NA,NA,NA,NA,NA,NA,NA,NA,NA,NA,NA,NA,NA,2.6,14,6,-60.71674185,-1.059707056,24,12.04166667
28/08/1982,2.65572,NA,NA,NA,NA,NA,NA,NA,NA,NA,NA,NA,NA,NA,NA,NA,NA,NA,NA,NA,NA,NA,3.7,15.6,5.9,-141.0965925,-2.462600102,31,12.66666667
29/08/1982,2.65845,NA,NA,NA,NA,NA,NA,NA,NA,NA,NA,NA,NA,NA,NA,NA,NA,NA,NA,NA,NA,NA,12.6,14.2,11.8,-159.9540502,-2.791724828,35,16
30/08/1982,2.66119,NA,NA,NA,NA,NA,NA,NA,NA,NA,NA,NA,NA,NA,NA,NA,NA,NA,NA,NA,NA,NA,3.5,12.6,8.2,-32.74162341,-0.571449131,41,18.58333333
31/08/1982,2.66393,NA,NA,NA,NA,NA,NA,NA,NA,NA,NA,NA,NA,NA,NA,NA,NA,NA,NA,NA,NA,NA,0.4,13.7,6.5,-109.4333829,-1.909972842,24,9.666666667
01/09/1982,2.66667,NA,NA,NA,NA,NA,NA,NA,NA,NA,NA,NA,NA,NA,NA,NA,NA,NA,NA,NA,NA,NA,0.8,14,7.4,-104.9226706,-1.831246062,33,12.95833333
02/09/1982,2.66940,NA,NA,NA,NA,NA,NA,NA,NA,NA,NA,NA,NA,NA,NA,NA,NA,NA,NA,NA,NA,NA,4,14.6,8.8,-97.47295324,-1.701223966,39,19.04166667
03/09/1982,2.67214,NA,NA,NA,NA,NA,NA,NA,NA,NA,NA,NA,NA,NA,NA,NA,NA,NA,NA,NA,NA,NA,14,14.3,9.6,-119.1215496,-2.07906325,32,14.20833333
04/09/1982,2.67488,NA,NA,NA,NA,NA,NA,NA,NA,NA,NA,NA,NA,NA,NA,NA,NA,NA,NA,NA,NA,NA,1.3,12.4,6,23.35769962,0.407668764,24,6.625
05/09/1982,2.67762,NA,NA,NA,NA,NA,NA,NA,NA,NA,NA,NA,NA,NA,NA,NA,NA,NA,NA,NA,NA,NA,0.1,10.6,8.3,65.4177202,1.141754607,29,16.33333333
06/09/1982,2.68036,NA,NA,NA,NA,NA,NA,NA,NA,NA,NA,NA,NA,NA,NA,NA,NA,NA,NA,NA,NA,NA,6.1,11.2,6.5,148.7060423,2.595410057,30,13.45833333
07/09/1982,2.68309,NA,NA,NA,NA,NA,NA,NA,NA,NA,NA,NA,NA,NA,NA,NA,NA,NA,NA,NA,NA,NA,3.9,14,9.5,-115.7719065,-2.02060095,34,16.20833333
08/09/1982,2.68583,NA,NA,NA,NA,NA,NA,NA,NA,NA,NA,NA,NA,NA,NA,NA,NA,NA,NA,NA,NA,NA,3.9,14,7.6,-86.37246446,-1.507483888,39,15.5
09/09/1982,2.68857,NA,NA,NA,NA,NA,NA,NA,NA,NA,NA,NA,NA,NA,NA,NA,NA,NA,NA,NA,NA,NA,3.7,15.2,6.7,-166.8599067,-2.912254762,45,18.20833333
10/09/1982,2.69131,NA,NA,NA,NA,NA,NA,NA,NA,NA,NA,NA,NA,NA,NA,NA,NA,NA,NA,NA,NA,NA,4.5,14.7,8.4,-129.0748714,-2.252781487,43,19.58333333
11/09/1982,2.69405,NA,NA,NA,NA,NA,NA,NA,NA,NA,NA,NA,NA,NA,NA,NA,NA,NA,NA,NA,NA,NA,2.2,14.4,8,-119.9508256,-2.093536847,37,13.25
12/09/1982,2.69678,NA,NA,NA,NA,NA,NA,NA,NA,NA,NA,NA,NA,NA,NA,NA,NA,NA,NA,NA,NA,NA,7.6,14.4,8.8,-144.5376321,-2.522657573,42,16.25
13/09/1982,2.69952,NA,NA,NA,NA,NA,NA,NA,NA,NA,NA,NA,NA,NA,NA,NA,NA,NA,NA,NA,NA,NA,0.8,13.7,9.7,-145.9704066,-2.547664206,44,13.25
14/09/1982,2.70226,NA,NA,NA,NA,NA,NA,NA,NA,NA,NA,NA,NA,NA,NA,NA,NA,NA,NA,NA,NA,NA,1.6,16.4,12.8,-152.4984024,-2.661599225,40,22.625
15/09/1982,2.70500,NA,NA,NA,NA,NA,NA,NA,NA,NA,NA,NA,NA,NA,NA,NA,NA,NA,NA,NA,NA,NA,15.1,15.3,10,-128.0363807,-2.234656406,28,11.91666667
16/09/1982,2.70773,NA,NA,NA,NA,NA,NA,NA,NA,NA,NA,NA,NA,NA,NA,NA,NA,NA,NA,NA,NA,NA,0,15.6,8.8,-148.7510154,-2.596194984,26,13.58333333
17/09/1982,2.71047,NA,NA,NA,NA,NA,NA,NA,NA,NA,NA,NA,NA,NA,NA,NA,NA,NA,NA,NA,NA,NA,1.9,15.9,10.9,-136.1747031,-2.376696927,27,12.41666667
18/09/1982,2.71321,NA,NA,NA,NA,NA,NA,NA,NA,NA,NA,NA,NA,NA,NA,NA,NA,NA,NA,NA,NA,NA,4.4,12.4,6.3,-83.58914104,-1.45890573,15,4.125
19/09/1982,2.71595,NA,NA,NA,NA,NA,NA,NA,NA,NA,NA,NA,NA,NA,NA,NA,NA,NA,NA,NA,NA,NA,0,12.9,5.3,-161.6246762,-2.820882753,12,4.791666667
20/09/1982,2.71869,NA,NA,NA,NA,NA,NA,NA,NA,NA,NA,NA,NA,NA,NA,NA,NA,NA,NA,NA,NA,NA,18.7,11.4,6.9,-111.9390505,-1.953704993,41,9.916666667
21/09/1982,2.72142,NA,NA,NA,NA,NA,NA,NA,NA,NA,NA,NA,NA,NA,NA,NA,NA,NA,NA,NA,NA,NA,10,9.4,5.5,-58.73702084,-1.025154406,43,20.91666667
22/09/1982,2.72416,NA,NA,NA,NA,NA,NA,NA,NA,NA,NA,NA,NA,NA,NA,NA,NA,NA,NA,NA,NA,NA,1.1,10.8,2.4,-141.6861843,-2.472890421,18,7.75
23/09/1982,2.72690,NA,NA,NA,NA,NA,NA,NA,NA,NA,NA,NA,NA,NA,NA,NA,NA,NA,NA,NA,NA,NA,5.4,12.8,6.5,-171.1701482,-2.987482666,17,8.125
24/09/1982,2.72964,NA,NA,NA,NA,NA,NA,NA,NA,NA,NA,NA,NA,NA,NA,NA,NA,NA,NA,NA,NA,NA,6.5,12.6,6.4,144.5650891,2.523136789,34,13.58333333
25/09/1982,2.73238,NA,NA,NA,NA,NA,NA,NA,NA,NA,NA,NA,NA,NA,NA,NA,NA,NA,NA,NA,NA,NA,0.6,13.5,4.7,128.7690095,2.24744319,17,6.625
26/09/1982,2.73511,NA,NA,NA,NA,NA,NA,NA,NA,NA,NA,NA,NA,NA,NA,NA,NA,NA,NA,NA,NA,NA,10,14,9,94.54473872,1.650116981,20,7.416666667
27/09/1982,2.73785,NA,NA,NA,NA,NA,NA,NA,NA,NA,NA,NA,NA,NA,NA,NA,NA,NA,NA,NA,NA,NA,1.1,13.4,8.8,-141.354711,-2.467105121,19,7.083333333
28/09/1982,2.74059,NA,NA,NA,NA,NA,NA,NA,NA,NA,NA,NA,NA,NA,NA,NA,NA,NA,NA,NA,NA,NA,11.1,12.7,7.6,-170.7212273,-2.97964752,51,19.54166667
29/09/1982,2.74333,NA,NA,NA,NA,NA,NA,NA,NA,NA,NA,NA,NA,NA,NA,NA,NA,NA,NA,NA,NA,NA,4.1,12.6,6,-145.916035,-2.546715242,35,12.875
30/09/1982,2.74606,NA,NA,NA,NA,NA,NA,NA,NA,NA,NA,NA,NA,NA,NA,NA,NA,NA,NA,NA,NA,NA,2.4,12.8,6.3,176.9871647,3.089008757,42,22.41666667
01/10/1982,2.74880,NA,NA,NA,NA,NA,NA,NA,NA,NA,NA,NA,NA,NA,NA,NA,NA,NA,NA,NA,NA,NA,16.6,13.8,10.5,-179.7080959,-3.136497966,53,17.08333333
02/10/1982,2.75154,NA,NA,NA,NA,NA,NA,NA,NA,NA,NA,NA,NA,NA,NA,NA,NA,NA,NA,NA,NA,NA,0.9,13.5,9,-162.5079641,-2.836299034,37,20
03/10/1982,2.75428,NA,NA,NA,NA,NA,NA,NA,NA,NA,NA,NA,NA,NA,NA,NA,NA,NA,NA,NA,NA,NA,0.2,13.7,9.8,175.7281964,3.067035615,19,9.75
04/10/1982,2.75702,NA,NA,NA,NA,NA,NA,NA,NA,NA,NA,NA,NA,NA,NA,NA,NA,NA,NA,NA,NA,NA,3.9,13.3,8.4,85.28003505,1.488417398,39,10.875
05/10/1982,2.75975,NA,NA,NA,NA,NA,NA,NA,NA,NA,NA,NA,NA,NA,NA,NA,NA,NA,NA,NA,NA,NA,1.6,13.2,8.1,60.66574731,1.058817034,36,12.125
06/10/1982,2.76249,NA,NA,NA,NA,NA,NA,NA,NA,NA,NA,NA,NA,NA,NA,NA,NA,NA,NA,NA,NA,NA,0.2,11.9,7.5,27.42432688,0.478644799,28,17.625
07/10/1982,2.76523,NA,NA,NA,NA,NA,NA,NA,NA,NA,NA,NA,NA,NA,NA,NA,NA,NA,NA,NA,NA,NA,9.4,10,5.3,25.46704088,0.444483714,38,23.45833333
08/10/1982,2.76797,NA,NA,NA,NA,NA,NA,NA,NA,NA,NA,NA,NA,NA,NA,NA,NA,NA,NA,NA,NA,NA,0.4,10,8.5,36.24821958,0.63265078,29,18.45833333
09/10/1982,2.77070,NA,NA,NA,NA,NA,NA,NA,NA,NA,NA,NA,NA,NA,NA,NA,NA,NA,NA,NA,NA,NA,0.9,10.6,7.6,45.85514395,0.800323241,21,9.458333333
10/10/1982,2.77344,NA,NA,NA,NA,NA,NA,NA,NA,NA,NA,NA,NA,NA,NA,NA,NA,NA,NA,NA,NA,NA,0,12.1,6.1,90.5315184,1.580073073,17,5.833333333
11/10/1982,2.77618,NA,NA,NA,NA,NA,NA,NA,NA,NA,NA,NA,NA,NA,NA,NA,NA,NA,NA,NA,NA,NA,0.2,12.1,9.9,89.98717744,1.570572531,23,12.04166667
12/10/1982,2.77892,NA,NA,NA,NA,NA,NA,NA,NA,NA,NA,NA,NA,NA,NA,NA,NA,NA,NA,NA,NA,NA,0,11.6,9.5,95.01911125,1.658396344,38,18.125
13/10/1982,2.78166,NA,NA,NA,NA,NA,NA,NA,NA,NA,NA,NA,NA,NA,NA,NA,NA,NA,NA,NA,NA,NA,3.4,10.6,7.9,61.40831972,1.071777367,41,22.08333333
14/10/1982,2.78439,NA,NA,NA,NA,NA,NA,NA,NA,NA,NA,NA,NA,NA,NA,NA,NA,NA,NA,NA,NA,NA,4.4,10.6,6,7.199702114,0.125658507,39,15.41666667
15/10/1982,2.78713,NA,NA,NA,NA,NA,NA,NA,NA,NA,NA,NA,NA,NA,NA,NA,NA,NA,NA,NA,NA,NA,0.3,10.3,2.8,-149.0101046,-2.600716944,18,5.708333333
16/10/1982,2.78987,NA,NA,NA,NA,NA,NA,NA,NA,NA,NA,NA,NA,NA,NA,NA,NA,NA,NA,NA,NA,NA,10.5,12.6,7.4,124.5684955,2.174130391,34,15.58333333
17/10/1982,2.79261,NA,NA,NA,NA,NA,NA,NA,NA,NA,NA,NA,NA,NA,NA,NA,NA,NA,NA,NA,NA,NA,0.2,13.6,10.2,138.4439128,2.416302107,33,15.58333333
18/10/1982,2.79535,NA,NA,NA,NA,NA,NA,NA,NA,NA,NA,NA,NA,NA,NA,NA,NA,NA,NA,NA,NA,NA,5.6,12.6,8.5,-154.7651953,-2.701162225,34,15.66666667
19/10/1982,2.79808,NA,NA,NA,NA,NA,NA,NA,NA,NA,NA,NA,NA,NA,NA,NA,NA,NA,NA,NA,NA,NA,7.4,12.9,7.6,-138.7864648,-2.422280768,47,19.75
20/10/1982,2.80082,NA,NA,NA,NA,NA,NA,NA,NA,NA,NA,NA,NA,NA,NA,NA,NA,NA,NA,NA,NA,NA,7.3,10.8,6.8,-121.2425194,-2.116081156,41,15.58333333
21/10/1982,2.80356,NA,NA,NA,NA,NA,NA,NA,NA,NA,NA,NA,NA,NA,NA,NA,NA,NA,NA,NA,NA,NA,5.1,10,5.7,-136.7429714,-2.386615081,33,11.125
22/10/1982,2.80630,NA,NA,NA,NA,NA,NA,NA,NA,NA,NA,NA,NA,NA,NA,NA,NA,NA,NA,NA,NA,NA,1.2,8.6,4.8,-152.5682167,-2.662817716,23,9.166666667
23/10/1982,2.80903,NA,NA,NA,NA,NA,NA,NA,NA,NA,NA,NA,NA,NA,NA,NA,NA,NA,NA,NA,NA,NA,1.8,11,3.5,-140.7926311,-2.457294974,30,9.875
24/10/1982,2.81177,NA,NA,NA,NA,NA,NA,NA,NA,NA,NA,NA,NA,NA,NA,NA,NA,NA,NA,NA,NA,NA,3.3,10.4,4,-126.7746644,-2.212635301,46,16
25/10/1982,2.81451,NA,NA,NA,NA,NA,NA,NA,NA,NA,NA,NA,NA,NA,NA,NA,NA,NA,NA,NA,NA,NA,1,9.2,1.2,-149.0378684,-2.601201514,27,8.5
26/10/1982,2.81725,NA,NA,NA,NA,NA,NA,NA,NA,NA,NA,NA,NA,NA,NA,NA,NA,NA,NA,NA,NA,NA,19.5,13.6,4.7,179.1296519,3.126402213,71,24.75
27/10/1982,2.81999,NA,NA,NA,NA,NA,NA,NA,NA,NA,NA,NA,NA,NA,NA,NA,NA,NA,NA,NA,NA,NA,13.2,12.2,4.7,-147.0691103,-2.566840203,50,27.54166667
28/10/1982,2.82272,NA,NA,NA,NA,NA,NA,NA,NA,NA,NA,NA,NA,NA,NA,NA,NA,NA,NA,NA,NA,NA,6.5,11.8,8.8,-160.0386155,-2.79320077,60,27.25
29/10/1982,2.82546,NA,NA,NA,NA,NA,NA,NA,NA,NA,NA,NA,NA,NA,NA,NA,NA,NA,NA,NA,NA,NA,11.1,13.4,7.4,-157.4059719,-2.747252472,57,23.29166667
30/10/1982,2.82820,NA,NA,NA,NA,NA,NA,NA,NA,NA,NA,NA,NA,NA,NA,NA,NA,NA,NA,NA,NA,NA,1.5,9.8,5,88.31103367,1.541318303,25,7.791666667
31/10/1982,2.83094,NA,NA,NA,NA,NA,NA,NA,NA,NA,NA,NA,NA,NA,NA,NA,NA,NA,NA,NA,NA,NA,5,12.5,8.8,-176.3779282,-3.078375575,24,11.25
01/11/1982,2.83368,NA,NA,NA,NA,NA,NA,NA,NA,NA,NA,NA,NA,NA,NA,NA,NA,NA,NA,NA,NA,NA,3.9,11.3,5.2,-137.4864308,-2.399590894,35,9.125
02/11/1982,2.83641,NA,NA,NA,NA,NA,NA,NA,NA,NA,NA,NA,NA,NA,NA,NA,NA,NA,NA,NA,NA,NA,1.2,12.4,5.5,-126.1923637,-2.202472237,28,10.04166667
03/11/1982,2.83915,NA,NA,NA,NA,NA,NA,NA,NA,NA,NA,NA,NA,NA,NA,NA,NA,NA,NA,NA,NA,NA,0,12,4.2,-130.9354564,-2.285254822,14,6.125
04/11/1982,2.84189,NA,NA,NA,NA,NA,NA,NA,NA,NA,NA,NA,NA,NA,NA,NA,NA,NA,NA,NA,NA,NA,0,12,1.9,120.1540979,2.097084618,20,6.083333333
05/11/1982,2.84463,NA,NA,NA,NA,NA,NA,NA,NA,NA,NA,NA,NA,NA,NA,NA,NA,NA,NA,NA,NA,NA,22.2,12.7,7.2,-173.9163919,-3.035413662,31,11.25
06/11/1982,2.84736,NA,NA,NA,NA,NA,NA,NA,NA,NA,NA,NA,NA,NA,NA,NA,NA,NA,NA,NA,NA,NA,6,8.9,6.4,-23.95202226,-0.418041651,NA,3.125
07/11/1982,2.85010,NA,NA,NA,NA,NA,NA,NA,NA,NA,NA,NA,NA,NA,NA,NA,NA,NA,NA,NA,NA,NA,2.7,11.2,6.5,96.99338808,1.692853975,20,7.083333333
08/11/1982,2.85284,NA,NA,NA,NA,NA,NA,NA,NA,NA,NA,NA,NA,NA,NA,NA,NA,NA,NA,NA,NA,NA,1.9,10.5,7.6,-179.1328697,-3.126458376,26,7.083333333
09/11/1982,2.85558,NA,NA,NA,NA,NA,NA,NA,NA,NA,NA,NA,NA,NA,NA,NA,NA,NA,NA,NA,NA,NA,2.4,9.7,6,-111.8610866,-1.952344265,49,14.5
10/11/1982,2.85832,NA,NA,NA,NA,NA,NA,NA,NA,NA,NA,NA,NA,NA,NA,NA,NA,NA,NA,NA,NA,NA,4.2,10.6,4.4,-134.1409617,-2.341201443,62,28.66666667
11/11/1982,2.86105,NA,NA,NA,NA,NA,NA,NA,NA,NA,NA,NA,NA,NA,NA,NA,NA,NA,NA,NA,NA,NA,14,11.4,5.4,-143.5217787,-2.504927587,47,17.41666667
12/11/1982,2.86379,NA,NA,NA,NA,NA,NA,NA,NA,NA,NA,NA,NA,NA,NA,NA,NA,NA,NA,NA,NA,NA,4.8,11.5,4,-123.9032392,-2.162519477,43,17.20833333
13/11/1982,2.86653,NA,NA,NA,NA,NA,NA,NA,NA,NA,NA,NA,NA,NA,NA,NA,NA,NA,NA,NA,NA,NA,5.2,6.1,0.9,-126.5126216,-2.208061792,38,10.79166667
14/11/1982,2.86927,NA,NA,NA,NA,NA,NA,NA,NA,NA,NA,NA,NA,NA,NA,NA,NA,NA,NA,NA,NA,NA,4.9,5.3,0.2,-78.64944635,-1.372691794,25,8.083333333
15/11/1982,2.87201,NA,NA,NA,NA,NA,NA,NA,NA,NA,NA,NA,NA,NA,NA,NA,NA,NA,NA,NA,NA,NA,9.3,9.6,1,-117.7719486,-2.055508269,31,12.5
16/11/1982,2.87474,NA,NA,NA,NA,NA,NA,NA,NA,NA,NA,NA,NA,NA,NA,NA,NA,NA,NA,NA,NA,NA,15,10,-2.1,-82.03612241,-1.431800442,60,23.83333333
17/11/1982,2.87748,NA,NA,NA,NA,NA,NA,NA,NA,NA,NA,NA,NA,NA,NA,NA,NA,NA,NA,NA,NA,NA,7.2,5.6,-1,-80.90531414,-1.412064114,52,16.70833333
18/11/1982,2.88022,NA,NA,NA,NA,NA,NA,NA,NA,NA,NA,NA,NA,NA,NA,NA,NA,NA,NA,NA,NA,NA,13,10.4,3.6,-125.9464709,-2.198180598,49,18.04166667
19/11/1982,2.88296,NA,NA,NA,NA,NA,NA,NA,NA,NA,NA,NA,NA,NA,NA,NA,NA,NA,NA,NA,NA,NA,9.7,6.2,3,-87.79693684,-1.532345621,53,19.33333333
20/11/1982,2.88569,NA,NA,NA,NA,NA,NA,NA,NA,NA,NA,NA,NA,NA,NA,NA,NA,NA,NA,NA,NA,NA,0.5,7.2,0.2,-127.5336443,-2.225882,30,9.458333333
21/11/1982,2.88843,NA,NA,NA,NA,NA,NA,NA,NA,NA,NA,NA,NA,NA,NA,NA,NA,NA,NA,NA,NA,NA,18.9,8.6,2.3,-132.362129,-2.310154956,41,13.83333333
22/11/1982,2.89117,NA,NA,NA,NA,NA,NA,NA,NA,NA,NA,NA,NA,NA,NA,NA,NA,NA,NA,NA,NA,NA,13.8,5.4,2.1,-129.7659247,-2.264842643,32,10.04166667
23/11/1982,2.89391,NA,NA,NA,NA,NA,NA,NA,NA,NA,NA,NA,NA,NA,NA,NA,NA,NA,NA,NA,NA,NA,0.3,5.5,1.5,-39.01110766,-0.680872274,21,8.416666667
24/11/1982,2.89665,NA,NA,NA,NA,NA,NA,NA,NA,NA,NA,NA,NA,NA,NA,NA,NA,NA,NA,NA,NA,NA,0,5.1,-3.1,50.30481906,0.877984722,24,5.875
25/11/1982,2.89938,NA,NA,NA,NA,NA,NA,NA,NA,NA,NA,NA,NA,NA,NA,NA,NA,NA,NA,NA,NA,NA,3.2,6.8,2.8,43.99652171,0.767884163,24,11.66666667
26/11/1982,2.90212,NA,NA,NA,NA,NA,NA,NA,NA,NA,NA,NA,NA,NA,NA,NA,NA,NA,NA,NA,NA,NA,7.6,6.8,1.4,-1.657625783,-0.028931028,38,21.70833333
27/11/1982,2.90486,NA,NA,NA,NA,NA,NA,NA,NA,NA,NA,NA,NA,NA,NA,NA,NA,NA,NA,NA,NA,NA,5.6,6.8,0.7,-18.17727791,-0.317253349,31,11.125
28/11/1982,2.90760,NA,NA,NA,NA,NA,NA,NA,NA,NA,NA,NA,NA,NA,NA,NA,NA,NA,NA,NA,NA,NA,3.6,5.6,0.9,-75.85907555,-1.323990636,30,7.75
29/11/1982,2.91034,NA,NA,NA,NA,NA,NA,NA,NA,NA,NA,NA,NA,NA,NA,NA,NA,NA,NA,NA,NA,NA,1,9,0.4,-153.3804165,-2.676993275,45,20.83333333
30/11/1982,2.91307,NA,NA,NA,NA,NA,NA,NA,NA,NA,NA,NA,NA,NA,NA,NA,NA,NA,NA,NA,NA,NA,5.9,9.5,7.6,-155.7656674,-2.718623757,43,26.70833333
01/12/1982,2.91581,NA,NA,NA,NA,NA,NA,NA,NA,NA,NA,NA,NA,NA,NA,NA,NA,NA,NA,NA,NA,NA,8.1,9.4,6.4,-151.4917111,-2.644029149,34,13.45833333
02/12/1982,2.91855,NA,NA,NA,NA,NA,NA,NA,NA,NA,NA,NA,NA,NA,NA,NA,NA,NA,NA,NA,NA,NA,0,8.6,4.5,-165.835396,-2.894373676,30,18.16666667
03/12/1982,2.92129,NA,NA,NA,NA,NA,NA,NA,NA,NA,NA,NA,NA,NA,NA,NA,NA,NA,NA,NA,NA,NA,0,7.6,4.5,-164.164604,-2.865212855,38,20.41666667
04/12/1982,2.92402,NA,NA,NA,NA,NA,NA,NA,NA,NA,NA,NA,NA,NA,NA,NA,NA,NA,NA,NA,NA,NA,1.8,9.9,2.4,-150.685304,-2.62995469,51,21.66666667
05/12/1982,2.92676,NA,NA,NA,NA,NA,NA,NA,NA,NA,NA,NA,NA,NA,NA,NA,NA,NA,NA,NA,NA,NA,3,7.6,1.7,-120.7393151,-2.107298585,42,13.5
06/12/1982,2.92950,NA,NA,NA,NA,NA,NA,NA,NA,NA,NA,NA,NA,NA,NA,NA,NA,NA,NA,NA,NA,NA,1.6,5.1,-0.8,-78.50720669,-1.370209243,25,5.5
07/12/1982,2.93224,NA,NA,NA,NA,NA,NA,NA,NA,NA,NA,NA,NA,NA,NA,NA,NA,NA,NA,NA,NA,NA,2.6,6.7,2.5,131.6001311,2.296855584,38,14.91666667
08/12/1982,2.93498,NA,NA,NA,NA,NA,NA,NA,NA,NA,NA,NA,NA,NA,NA,NA,NA,NA,NA,NA,NA,NA,14.8,7,4,-136.5325556,-2.382942631,34,12.54166667
09/12/1982,2.93771,NA,NA,NA,NA,NA,NA,NA,NA,NA,NA,NA,NA,NA,NA,NA,NA,NA,NA,NA,NA,NA,0.7,6.4,2,-176.0653658,-3.072920331,25,11.625
10/12/1982,2.94045,NA,NA,NA,NA,NA,NA,NA,NA,NA,NA,NA,NA,NA,NA,NA,NA,NA,NA,NA,NA,NA,10.3,5.3,0.6,-35.75500405,-0.624042545,NA,5
11/12/1982,2.94319,NA,NA,NA,NA,NA,NA,NA,NA,NA,NA,NA,NA,NA,NA,NA,NA,NA,NA,NA,NA,NA,5.2,6.1,0.6,-25.96062649,-0.453098408,19,5.833333333
12/12/1982,2.94593,NA,NA,NA,NA,NA,NA,NA,NA,NA,NA,NA,NA,NA,NA,NA,NA,NA,NA,NA,NA,NA,0.2,5.7,1,83.88394378,1.464051009,19,7.208333333
13/12/1982,2.94867,NA,NA,NA,NA,NA,NA,NA,NA,NA,NA,NA,NA,NA,NA,NA,NA,NA,NA,NA,NA,NA,1.7,5.9,0.2,-84.79859289,-1.480014647,18,5.75
14/12/1982,2.95140,NA,NA,NA,NA,NA,NA,NA,NA,NA,NA,NA,NA,NA,NA,NA,NA,NA,NA,NA,NA,NA,4,7.1,1.1,-130.3536534,-2.275100444,31,12
15/12/1982,2.95414,NA,NA,NA,NA,NA,NA,NA,NA,NA,NA,NA,NA,NA,NA,NA,NA,NA,NA,NA,NA,NA,13.6,7.7,2,-79.17505798,-1.381865447,38,17.91666667
16/12/1982,2.95688,NA,NA,NA,NA,NA,NA,NA,NA,NA,NA,NA,NA,NA,NA,NA,NA,NA,NA,NA,NA,NA,7.2,4,-1,-48.30766084,-0.843127736,36,8.041666667
17/12/1982,2.95962,NA,NA,NA,NA,NA,NA,NA,NA,NA,NA,NA,NA,NA,NA,NA,NA,NA,NA,NA,NA,NA,3.8,2.9,-1.7,-54.09491673,-0.944134405,46,11.16666667
18/12/1982,2.96235,NA,NA,NA,NA,NA,NA,NA,NA,NA,NA,NA,NA,NA,NA,NA,NA,NA,NA,NA,NA,NA,3.6,3.6,-3,-72.61007443,-1.267284869,50,14.66666667
19/12/1982,2.96509,NA,NA,NA,NA,NA,NA,NA,NA,NA,NA,NA,NA,NA,NA,NA,NA,NA,NA,NA,NA,NA,29.4,7.8,0.8,-157.9915296,-2.757472383,60,23.16666667
20/12/1982,2.96783,NA,NA,NA,NA,NA,NA,NA,NA,NA,NA,NA,NA,NA,NA,NA,NA,NA,NA,NA,NA,NA,11.2,6.6,2.9,-67.13641126,-1.171751425,39,12.91666667
21/12/1982,2.97057,NA,NA,NA,NA,NA,NA,NA,NA,NA,NA,NA,NA,NA,NA,NA,NA,NA,NA,NA,NA,NA,5,6.5,-1.2,-15.78091755,-0.27542897,43,22
22/12/1982,2.97331,NA,NA,NA,NA,NA,NA,NA,NA,NA,NA,NA,NA,NA,NA,NA,NA,NA,NA,NA,NA,NA,0.9,1.5,-2.2,-31.38174119,-0.547714709,29,10.16666667
23/12/1982,2.97604,NA,NA,NA,NA,NA,NA,NA,NA,NA,NA,NA,NA,NA,NA,NA,NA,NA,NA,NA,NA,NA,5.5,9,-2.5,-143.6421528,-2.507028511,39,14.58333333
24/12/1982,2.97878,NA,NA,NA,NA,NA,NA,NA,NA,NA,NA,NA,NA,NA,NA,NA,NA,NA,NA,NA,NA,NA,2.9,9.6,3.1,-104.2638763,-1.819747933,39,15.16666667
25/12/1982,2.98152,NA,NA,NA,NA,NA,NA,NA,NA,NA,NA,NA,NA,NA,NA,NA,NA,NA,NA,NA,NA,NA,2.7,11.3,5.8,-134.1305622,-2.341019939,47,21.625
26/12/1982,2.98426,NA,NA,NA,NA,NA,NA,NA,NA,NA,NA,NA,NA,NA,NA,NA,NA,NA,NA,NA,NA,NA,3.5,6.5,2.6,-125.8259318,-2.196076795,38,12.95833333
27/12/1982,2.98700,NA,NA,NA,NA,NA,NA,NA,NA,NA,NA,NA,NA,NA,NA,NA,NA,NA,NA,NA,NA,NA,8.2,5.7,0,-95.12635655,-1.660268127,52,18.33333333
28/12/1982,2.98973,NA,NA,NA,NA,NA,NA,NA,NA,NA,NA,NA,NA,NA,NA,NA,NA,NA,NA,NA,NA,NA,1.4,8.1,2.1,-131.9361913,-2.30272094,28,9.416666667
29/12/1982,2.99247,NA,NA,NA,NA,NA,NA,NA,NA,NA,NA,NA,NA,NA,NA,NA,NA,NA,NA,NA,NA,NA,0.1,9.6,6.8,-164.5537164,-2.872004148,43,18.25
30/12/1982,2.99521,NA,NA,NA,NA,NA,NA,NA,NA,NA,NA,NA,NA,NA,NA,NA,NA,NA,NA,NA,NA,NA,2.9,9.1,1.6,-131.8141444,-2.30059082,48,13.70833333
31/12/1982,2.99795,NA,NA,NA,NA,NA,NA,NA,NA,NA,NA,NA,NA,NA,NA,NA,NA,NA,NA,NA,NA,NA,4.4,8,3,-155.0063543,-2.705371243,49,24.04166667
01/01/1983,3.00068,NA,NA,NA,NA,NA,NA,NA,NA,NA,NA,NA,NA,NA,NA,NA,NA,NA,NA,NA,NA,NA,12.6,9.3,0.7,-123.3159644,-2.152269599,50,16.625
02/01/1983,3.00342,NA,NA,NA,NA,NA,NA,NA,NA,NA,NA,NA,NA,NA,NA,NA,NA,NA,NA,NA,NA,NA,4.1,5.3,1,-138.3277904,-2.414275389,42,14.95833333
03/01/1983,3.00616,NA,NA,NA,NA,NA,NA,NA,NA,NA,NA,NA,NA,NA,NA,NA,NA,NA,NA,NA,NA,NA,16,9,3.6,-132.6796999,-2.315697614,66,24.125
04/01/1983,3.00890,NA,NA,NA,NA,NA,NA,NA,NA,NA,NA,NA,NA,NA,NA,NA,NA,NA,NA,NA,NA,NA,4.8,6.1,1.1,-126.7842644,-2.212802854,44,16.20833333
05/01/1983,3.01164,NA,NA,NA,NA,NA,NA,NA,NA,NA,NA,NA,NA,NA,NA,NA,NA,NA,NA,NA,NA,NA,23.6,10.8,1.7,-136.3691895,-2.380091355,48,16.41666667
06/01/1983,3.01437,NA,NA,NA,NA,NA,NA,NA,NA,NA,NA,NA,NA,NA,NA,NA,NA,NA,NA,NA,NA,NA,9.2,5,-0.5,-117.8956285,-2.05766689,59,25.95833333
07/01/1983,3.01711,NA,NA,NA,NA,NA,NA,NA,NA,NA,NA,NA,NA,NA,NA,NA,NA,NA,NA,NA,NA,NA,9.2,4,1,-108.8552785,-1.899883017,39,14.79166667
08/01/1983,3.01985,NA,NA,NA,NA,NA,NA,NA,NA,NA,NA,NA,NA,NA,NA,NA,NA,NA,NA,NA,NA,NA,11.6,9,1.1,-125.7381843,-2.194545311,61,21.95833333
09/01/1983,3.02259,NA,NA,NA,NA,NA,NA,NA,NA,NA,NA,NA,NA,NA,NA,NA,NA,NA,NA,NA,NA,NA,8.5,9.2,2,-100.4169224,-1.752605921,60,27.125
10/01/1983,3.02533,NA,NA,NA,NA,NA,NA,NA,NA,NA,NA,NA,NA,NA,NA,NA,NA,NA,NA,NA,NA,NA,3.4,11.2,5.5,-143.3509492,-2.501946049,46,21.875
11/01/1983,3.02806,NA,NA,NA,NA,NA,NA,NA,NA,NA,NA,NA,NA,NA,NA,NA,NA,NA,NA,NA,NA,NA,18.7,10.5,5.2,-143.5465149,-2.505359315,67,23.125
12/01/1983,3.03080,NA,NA,NA,NA,NA,NA,NA,NA,NA,NA,NA,NA,NA,NA,NA,NA,NA,NA,NA,NA,NA,11.4,5.4,1.6,-123.2471519,-2.151068594,34,11.25
13/01/1983,3.03354,NA,NA,NA,NA,NA,NA,NA,NA,NA,NA,NA,NA,NA,NA,NA,NA,NA,NA,NA,NA,NA,2.5,3.6,0.3,-61.20295664,-1.068193105,37,13
14/01/1983,3.03628,NA,NA,NA,NA,NA,NA,NA,NA,NA,NA,NA,NA,NA,NA,NA,NA,NA,NA,NA,NA,NA,9.3,7.6,0.9,-63.02745685,-1.100036641,49,24
15/01/1983,3.03901,NA,NA,NA,NA,NA,NA,NA,NA,NA,NA,NA,NA,NA,NA,NA,NA,NA,NA,NA,NA,NA,4,9.2,4.8,-66.67043694,-1.163618638,50,21.91666667
16/01/1983,3.04175,NA,NA,NA,NA,NA,NA,NA,NA,NA,NA,NA,NA,NA,NA,NA,NA,NA,NA,NA,NA,NA,7.8,9.8,4.3,-87.52752276,-1.527643458,46,24.375
17/01/1983,3.04449,NA,NA,NA,NA,NA,NA,NA,NA,NA,NA,NA,NA,NA,NA,NA,NA,NA,NA,NA,NA,NA,4.7,10,0.3,-102.8199803,-1.794547194,73,27.91666667
18/01/1983,3.04723,NA,NA,NA,NA,NA,NA,NA,NA,NA,NA,NA,NA,NA,NA,NA,NA,NA,NA,NA,NA,NA,6,4.4,-1.5,-49.37043855,-0.861676706,52,23.41666667
19/01/1983,3.04997,NA,NA,NA,NA,NA,NA,NA,NA,NA,NA,NA,NA,NA,NA,NA,NA,NA,NA,NA,NA,NA,1.1,4.2,0.2,-85.27770889,-1.488376799,22,7.041666667
20/01/1983,3.05270,NA,NA,NA,NA,NA,NA,NA,NA,NA,NA,NA,NA,NA,NA,NA,NA,NA,NA,NA,NA,NA,0.5,8.4,2.5,-111.2521846,-1.941716921,43,19.625
21/01/1983,3.05544,NA,NA,NA,NA,NA,NA,NA,NA,NA,NA,NA,NA,NA,NA,NA,NA,NA,NA,NA,NA,NA,0.4,9.6,6.7,-108.7605831,-1.898230272,42,21.04166667
22/01/1983,3.05818,NA,NA,NA,NA,NA,NA,NA,NA,NA,NA,NA,NA,NA,NA,NA,NA,NA,NA,NA,NA,NA,0.1,8.6,6.1,-151.7578043,-2.64867335,40,21.20833333
23/01/1983,3.06092,NA,NA,NA,NA,NA,NA,NA,NA,NA,NA,NA,NA,NA,NA,NA,NA,NA,NA,NA,NA,NA,0,8.8,6,-168.3337794,-2.937978692,50,24.45833333
24/01/1983,3.06366,NA,NA,NA,NA,NA,NA,NA,NA,NA,NA,NA,NA,NA,NA,NA,NA,NA,NA,NA,NA,NA,10.6,10,3.9,-149.078754,-2.601915101,55,21.29166667
25/01/1983,3.06639,NA,NA,NA,NA,NA,NA,NA,NA,NA,NA,NA,NA,NA,NA,NA,NA,NA,NA,NA,NA,NA,5.4,7.2,2.5,-125.7615214,-2.19495262,53,22.70833333
26/01/1983,3.06913,NA,NA,NA,NA,NA,NA,NA,NA,NA,NA,NA,NA,NA,NA,NA,NA,NA,NA,NA,NA,NA,2.6,9.1,5.4,-129.9236585,-2.267595617,44,23.25
27/01/1983,3.07187,NA,NA,NA,NA,NA,NA,NA,NA,NA,NA,NA,NA,NA,NA,NA,NA,NA,NA,NA,NA,NA,4.4,9.5,3.4,-99.00637716,-1.727987262,53,21.08333333
28/01/1983,3.07461,NA,NA,NA,NA,NA,NA,NA,NA,NA,NA,NA,NA,NA,NA,NA,NA,NA,NA,NA,NA,NA,7.3,7.3,3.4,-130.0696937,-2.270144412,47,13.29166667
29/01/1983,3.07734,NA,NA,NA,NA,NA,NA,NA,NA,NA,NA,NA,NA,NA,NA,NA,NA,NA,NA,NA,NA,NA,5.5,5.5,0,-99.17835775,-1.730988889,60,23.95833333
30/01/1983,3.08008,NA,NA,NA,NA,NA,NA,NA,NA,NA,NA,NA,NA,NA,NA,NA,NA,NA,NA,NA,NA,NA,0.7,3.5,-0.4,-72.32501626,-1.262309665,23,6.583333333
31/01/1983,3.08282,NA,NA,NA,NA,NA,NA,NA,NA,NA,NA,NA,NA,NA,NA,NA,NA,NA,NA,NA,NA,NA,17.1,4.6,-0.6,152.4539567,2.660823501,38,15.41666667
01/02/1983,3.08556,NA,NA,NA,NA,NA,NA,NA,NA,NA,NA,NA,NA,NA,NA,NA,NA,NA,NA,NA,NA,NA,7.5,4.7,0.8,8.579722203,0.149744401,58,23
02/02/1983,3.08830,NA,NA,NA,NA,NA,NA,NA,NA,NA,NA,NA,NA,NA,NA,NA,NA,NA,NA,NA,NA,NA,6.4,2.9,-2.7,-27.22040443,-0.475085681,27,6.416666667
03/02/1983,3.09103,NA,NA,NA,NA,NA,NA,NA,NA,NA,NA,NA,NA,NA,NA,NA,NA,NA,NA,NA,NA,NA,2.2,1.9,-3.9,-62.394604,-1.088991275,24,6.333333333
04/02/1983,3.09377,NA,NA,NA,NA,NA,NA,NA,NA,NA,NA,NA,NA,NA,NA,NA,NA,NA,NA,NA,NA,NA,10.6,6,-3.5,-146.458053,-2.55617524,57,23.66666667
05/02/1983,3.09651,NA,NA,NA,NA,NA,NA,NA,NA,NA,NA,NA,NA,NA,NA,NA,NA,NA,NA,NA,NA,NA,14.4,6.3,0.3,-51.65261718,-0.901508237,54,28.20833333
06/02/1983,3.09925,NA,NA,NA,NA,NA,NA,NA,NA,NA,NA,NA,NA,NA,NA,NA,NA,NA,NA,NA,NA,NA,4.4,6.1,-1.4,3.739077976,0.065259222,52,24.375
07/02/1983,3.10198,NA,NA,NA,NA,NA,NA,NA,NA,NA,NA,NA,NA,NA,NA,NA,NA,NA,NA,NA,NA,NA,1.8,3.5,-0.6,10.28516336,0.179509965,38,17.75
08/02/1983,3.10472,NA,NA,NA,NA,NA,NA,NA,NA,NA,NA,NA,NA,NA,NA,NA,NA,NA,NA,NA,NA,NA,3.2,4.4,0.9,-47.35445787,-0.826491205,26,7.5
09/02/1983,3.10746,NA,NA,NA,NA,NA,NA,NA,NA,NA,NA,NA,NA,NA,NA,NA,NA,NA,NA,NA,NA,NA,1.5,7.6,2.8,-102.3695798,-1.786686222,30,9.5
10/02/1983,3.11020,NA,NA,NA,NA,NA,NA,NA,NA,NA,NA,NA,NA,NA,NA,NA,NA,NA,NA,NA,NA,NA,0.7,5.3,-2.5,2.495134068,0.043548305,42,21.66666667
11/02/1983,3.11294,NA,NA,NA,NA,NA,NA,NA,NA,NA,NA,NA,NA,NA,NA,NA,NA,NA,NA,NA,NA,NA,0.6,4.5,-1.9,-65.01730597,-1.13476606,31,8.25
12/02/1983,3.11567,NA,NA,NA,NA,NA,NA,NA,NA,NA,NA,NA,NA,NA,NA,NA,NA,NA,NA,NA,NA,NA,0.5,7.1,3,-53.32218807,-0.930647746,15,4.583333333
13/02/1983,3.11841,NA,NA,NA,NA,NA,NA,NA,NA,NA,NA,NA,NA,NA,NA,NA,NA,NA,NA,NA,NA,NA,0.1,7,3.5,-71.79857926,-1.253121606,11,4.625
14/02/1983,3.12115,NA,NA,NA,NA,NA,NA,NA,NA,NA,NA,NA,NA,NA,NA,NA,NA,NA,NA,NA,NA,NA,0,6.7,1.7,-102.4564685,-1.788202716,10,3.541666667
15/02/1983,3.12389,NA,NA,NA,NA,NA,NA,NA,NA,NA,NA,NA,NA,NA,NA,NA,NA,NA,NA,NA,NA,NA,0,7.4,3,77.63932037,1.355061769,16,5.75
16/02/1983,3.12663,NA,NA,NA,NA,NA,NA,NA,NA,NA,NA,NA,NA,NA,NA,NA,NA,NA,NA,NA,NA,NA,0,5.9,0.1,31.74163022,0.553995957,NA,3.458333333
17/02/1983,3.12936,NA,NA,NA,NA,NA,NA,NA,NA,NA,NA,NA,NA,NA,NA,NA,NA,NA,NA,NA,NA,NA,0,5.5,1.5,-118.2422013,-2.063715728,16,4.916666667
18/02/1983,3.13210,NA,NA,NA,NA,NA,NA,NA,NA,NA,NA,NA,NA,NA,NA,NA,NA,NA,NA,NA,NA,NA,0,6,-2.8,-62.88950358,-1.097628902,NA,2.375
19/02/1983,3.13484,NA,NA,NA,NA,NA,NA,NA,NA,NA,NA,NA,NA,NA,NA,NA,NA,NA,NA,NA,NA,NA,0,6,-2.5,-122.41936,-2.1366209,29,5.5
20/02/1983,3.13758,NA,NA,NA,NA,NA,NA,NA,NA,NA,NA,NA,NA,NA,NA,NA,NA,NA,NA,NA,NA,NA,0,4.4,0.2,83.83235356,1.463150589,28,12.16666667
21/02/1983,3.14031,NA,NA,NA,NA,NA,NA,NA,NA,NA,NA,NA,NA,NA,NA,NA,NA,NA,NA,NA,NA,NA,0,3.6,-3,178.2549723,3.111136175,25,6.25
22/02/1983,3.14305,NA,NA,NA,NA,NA,NA,NA,NA,NA,NA,NA,NA,NA,NA,NA,NA,NA,NA,NA,NA,NA,0,5.6,2.2,177.5015815,3.097987024,26,13.79166667
23/02/1983,3.14579,NA,NA,NA,NA,NA,NA,NA,NA,NA,NA,NA,NA,NA,NA,NA,NA,NA,NA,NA,NA,NA,0,7,0.5,-149.7699744,-2.613979175,31,11.04166667
24/02/1983,3.14853,NA,NA,NA,NA,NA,NA,NA,NA,NA,NA,NA,NA,NA,NA,NA,NA,NA,NA,NA,NA,NA,0,7.6,-0.1,-138.0124256,-2.408771235,13,4.791666667
25/02/1983,3.15127,NA,NA,NA,NA,NA,NA,NA,NA,NA,NA,NA,NA,NA,NA,NA,NA,NA,NA,NA,NA,NA,0,8,0.6,167.4127488,2.921903676,16,6.166666667
26/02/1983,3.15400,NA,NA,NA,NA,NA,NA,NA,NA,NA,NA,NA,NA,NA,NA,NA,NA,NA,NA,NA,NA,NA,2.8,7.7,4.4,168.3277688,2.937873788,16,8.375
27/02/1983,3.15674,NA,NA,NA,NA,NA,NA,NA,NA,NA,NA,NA,NA,NA,NA,NA,NA,NA,NA,NA,NA,NA,7.3,7,2.4,-137.0901027,-2.392673664,64,21.70833333
28/02/1983,3.15948,NA,NA,NA,NA,NA,NA,NA,NA,NA,NA,NA,NA,NA,NA,NA,NA,NA,NA,NA,NA,NA,2.4,7.1,0.7,-56.24018233,-0.981576354,41,15.33333333
01/03/1983,3.16222,NA,NA,NA,NA,NA,NA,NA,NA,NA,NA,NA,NA,NA,NA,NA,NA,NA,NA,NA,NA,NA,0,7.8,0.7,-161.7356726,-2.822820005,33,16.33333333
02/03/1983,3.16496,NA,NA,NA,NA,NA,NA,NA,NA,NA,NA,NA,NA,NA,NA,NA,NA,NA,NA,NA,NA,NA,1.5,9.2,5.9,-151.231459,-2.639486892,39,14.16666667
03/03/1983,3.16769,NA,NA,NA,NA,NA,NA,NA,NA,NA,NA,NA,NA,NA,NA,NA,NA,NA,NA,NA,NA,NA,6.2,7.1,2.2,-134.9087318,-2.35460156,33,14.58333333
04/03/1983,3.17043,NA,NA,NA,NA,NA,NA,NA,NA,NA,NA,NA,NA,NA,NA,NA,NA,NA,NA,NA,NA,NA,5.8,8.4,1.5,-122.0571373,-2.130298921,42,21.75
05/03/1983,3.17317,NA,NA,NA,NA,NA,NA,NA,NA,NA,NA,NA,NA,NA,NA,NA,NA,NA,NA,NA,NA,NA,19.7,9.9,5.6,-101.2490009,-1.76712843,46,27.54166667
06/03/1983,3.17591,NA,NA,NA,NA,NA,NA,NA,NA,NA,NA,NA,NA,NA,NA,NA,NA,NA,NA,NA,NA,NA,7.1,9.9,7.9,-97.10367917,-1.694778917,45,25.20833333
07/03/1983,3.17864,NA,NA,NA,NA,NA,NA,NA,NA,NA,NA,NA,NA,NA,NA,NA,NA,NA,NA,NA,NA,NA,0.9,9.8,7.2,-117.078134,-2.043398921,33,16.125
08/03/1983,3.18138,NA,NA,NA,NA,NA,NA,NA,NA,NA,NA,NA,NA,NA,NA,NA,NA,NA,NA,NA,NA,NA,1.5,9.9,7.4,-128.7700848,-2.247461958,30,16.95833333
09/03/1983,3.18412,NA,NA,NA,NA,NA,NA,NA,NA,NA,NA,NA,NA,NA,NA,NA,NA,NA,NA,NA,NA,NA,1,11.7,8.6,-103.3466899,-1.80374001,33,16.41666667
10/03/1983,3.18686,NA,NA,NA,NA,NA,NA,NA,NA,NA,NA,NA,NA,NA,NA,NA,NA,NA,NA,NA,NA,NA,9.8,10.4,1.4,-75.21156258,-1.312689403,38,18.75
11/03/1983,3.18960,NA,NA,NA,NA,NA,NA,NA,NA,NA,NA,NA,NA,NA,NA,NA,NA,NA,NA,NA,NA,NA,0.5,6.9,0.5,141.8939512,2.476516638,28,12.20833333
12/03/1983,3.19233,NA,NA,NA,NA,NA,NA,NA,NA,NA,NA,NA,NA,NA,NA,NA,NA,NA,NA,NA,NA,NA,0.6,8.3,6.4,-172.0815498,-3.003389625,35,20.75
13/03/1983,3.19507,NA,NA,NA,NA,NA,NA,NA,NA,NA,NA,NA,NA,NA,NA,NA,NA,NA,NA,NA,NA,NA,6.9,8.9,6.9,-174.5673974,-3.046775851,34,14.04166667
14/03/1983,3.19781,NA,NA,NA,NA,NA,NA,NA,NA,NA,NA,NA,NA,NA,NA,NA,NA,NA,NA,NA,NA,NA,3,9.3,6.1,-138.213456,-2.412279878,21,10.45833333
15/03/1983,3.20055,NA,NA,NA,NA,NA,NA,NA,NA,NA,NA,NA,NA,NA,NA,NA,NA,NA,NA,NA,NA,NA,0.7,9.7,4.9,-88.00147065,-1.535915409,21,9.166666667
16/03/1983,3.20329,NA,NA,NA,NA,NA,NA,NA,NA,NA,NA,NA,NA,NA,NA,NA,NA,NA,NA,NA,NA,NA,6.6,10.9,5.9,-147.2894871,-2.570686504,30,15
17/03/1983,3.20602,NA,NA,NA,NA,NA,NA,NA,NA,NA,NA,NA,NA,NA,NA,NA,NA,NA,NA,NA,NA,NA,2.1,11.5,6.6,-112.3100515,-1.960180182,25,13.79166667
18/03/1983,3.20876,NA,NA,NA,NA,NA,NA,NA,NA,NA,NA,NA,NA,NA,NA,NA,NA,NA,NA,NA,NA,NA,1.8,8,4,-75.9403951,-1.32540993,19,6.875
19/03/1983,3.21150,NA,NA,NA,NA,NA,NA,NA,NA,NA,NA,NA,NA,NA,NA,NA,NA,NA,NA,NA,NA,NA,0.6,8.2,3.4,152.1378204,2.655305882,NA,NA
20/03/1983,3.21424,NA,NA,NA,NA,NA,NA,NA,NA,NA,NA,NA,NA,NA,NA,NA,NA,NA,NA,NA,NA,NA,5.7,8,0.2,-119.4362782,-2.0845563,NA,NA
21/03/1983,3.21697,NA,NA,NA,NA,NA,NA,NA,NA,NA,NA,NA,NA,NA,NA,NA,NA,NA,NA,NA,NA,NA,10.9,5,-1,-110.6783843,-1.931702218,NA,NA
22/03/1983,3.21971,NA,NA,NA,NA,NA,NA,NA,NA,NA,NA,NA,NA,NA,NA,NA,NA,NA,NA,NA,NA,NA,6.1,7.7,0.7,-19.32828361,-0.337342188,52,14.95833333
23/03/1983,3.22245,NA,NA,NA,NA,NA,NA,NA,NA,NA,NA,NA,NA,NA,NA,NA,NA,NA,NA,NA,NA,NA,0.3,6.5,2,69.19048898,1.207601844,37,15
24/03/1983,3.22519,NA,NA,NA,NA,NA,NA,NA,NA,NA,NA,NA,NA,NA,NA,NA,NA,NA,NA,NA,NA,NA,7.4,4,-0.2,-26.17291457,-0.456803534,46,20.54166667
25/03/1983,3.22793,NA,NA,NA,NA,NA,NA,NA,NA,NA,NA,NA,NA,NA,NA,NA,NA,NA,NA,NA,NA,NA,5.3,5.8,1,-34.71697172,-0.605925463,42,17.79166667
26/03/1983,3.23066,NA,NA,NA,NA,NA,NA,NA,NA,NA,NA,NA,NA,NA,NA,NA,NA,NA,NA,NA,NA,NA,1.9,4.2,0,21.60828566,0.37713573,28,5.541666667
27/03/1983,3.23340,NA,NA,NA,NA,NA,NA,NA,NA,NA,NA,NA,NA,NA,NA,NA,NA,NA,NA,NA,NA,NA,1,6.7,1,13.97843653,0.243969742,23,10.17391304
28/03/1983,3.23614,NA,NA,NA,NA,NA,NA,NA,NA,NA,NA,NA,NA,NA,NA,NA,NA,NA,NA,NA,NA,NA,1,7.4,0.9,-77.49750777,-1.352586673,19,7.833333333
29/03/1983,3.23888,NA,NA,NA,NA,NA,NA,NA,NA,NA,NA,NA,NA,NA,NA,NA,NA,NA,NA,NA,NA,NA,7.4,9.1,2,-119.2217208,-2.080811568,40,16.83333333
30/03/1983,3.24162,NA,NA,NA,NA,NA,NA,NA,NA,NA,NA,NA,NA,NA,NA,NA,NA,NA,NA,NA,NA,NA,9,7.1,1.1,-131.9807588,-2.30349879,29,12.20833333
31/03/1983,3.24435,NA,NA,NA,NA,NA,NA,NA,NA,NA,NA,NA,NA,NA,NA,NA,NA,NA,NA,NA,NA,NA,4.5,7.7,4,54.90423343,0.958259647,27,13.08333333
01/04/1983,3.24709,NA,NA,NA,NA,NA,NA,NA,NA,NA,NA,NA,NA,NA,NA,NA,NA,NA,NA,NA,NA,NA,0.9,7.2,0.6,1.589367277,0.027739692,28,11.25
02/04/1983,3.24983,NA,NA,NA,NA,NA,NA,NA,NA,NA,NA,NA,NA,NA,NA,NA,NA,NA,NA,NA,NA,NA,1.9,4.4,-0.9,-11.3466074,-0.198035658,36,14.54166667
03/04/1983,3.25257,NA,NA,NA,NA,NA,NA,NA,NA,NA,NA,NA,NA,NA,NA,NA,NA,NA,NA,NA,NA,NA,3.7,3.8,-0.9,-168.0802492,-2.933553757,22,8.833333333
04/04/1983,3.25530,NA,NA,NA,NA,NA,NA,NA,NA,NA,NA,NA,NA,NA,NA,NA,NA,NA,NA,NA,NA,NA,0.5,5.6,0.9,60.23190256,1.051245014,18,6.833333333
05/04/1983,3.25804,NA,NA,NA,NA,NA,NA,NA,NA,NA,NA,NA,NA,NA,NA,NA,NA,NA,NA,NA,NA,NA,0.3,7,-1.6,142.8881154,2.493868076,10,3.625
06/04/1983,3.26078,NA,NA,NA,NA,NA,NA,NA,NA,NA,NA,NA,NA,NA,NA,NA,NA,NA,NA,NA,NA,NA,0,7.1,-0.5,-97.21222998,-1.696673486,11,3.916666667
07/04/1983,3.26352,NA,NA,NA,NA,NA,NA,NA,NA,NA,NA,NA,NA,NA,NA,NA,NA,NA,NA,NA,NA,NA,0,7.5,-2,-104.6282891,-1.826108136,12,3.75
08/04/1983,3.26626,NA,NA,NA,NA,NA,NA,NA,NA,NA,NA,NA,NA,NA,NA,NA,NA,NA,NA,NA,NA,NA,1.2,7.5,-1.3,-77.50724629,-1.352756642,23,7.041666667
09/04/1983,3.26899,NA,NA,NA,NA,NA,NA,NA,NA,NA,NA,NA,NA,NA,NA,NA,NA,NA,NA,NA,NA,NA,2.8,8,1.7,-33.88678307,-0.591435938,27,12.16666667
10/04/1983,3.27173,NA,NA,NA,NA,NA,NA,NA,NA,NA,NA,NA,NA,NA,NA,NA,NA,NA,NA,NA,NA,NA,0.2,5.4,1.2,20.83325391,0.363608875,33,17.5
11/04/1983,3.27447,NA,NA,NA,NA,NA,NA,NA,NA,NA,NA,NA,NA,NA,NA,NA,NA,NA,NA,NA,NA,NA,1,7.8,1.3,-10.64150754,-0.185729344,34,11.83333333
12/04/1983,3.27721,NA,NA,NA,NA,NA,NA,NA,NA,NA,NA,NA,NA,NA,NA,NA,NA,NA,NA,NA,NA,NA,3.6,10,-1,-110.1855166,-1.923100052,21,8.416666667
13/04/1983,3.27995,NA,NA,NA,NA,NA,NA,NA,NA,NA,NA,NA,NA,NA,NA,NA,NA,NA,NA,NA,NA,NA,3.5,9.6,4.4,-113.7549179,-1.985397858,32,13.91666667
14/04/1983,3.28268,NA,NA,NA,NA,NA,NA,NA,NA,NA,NA,NA,NA,NA,NA,NA,NA,NA,NA,NA,NA,NA,0.8,9.7,6,-108.7461848,-1.897978973,34,16.08333333
15/04/1983,3.28542,NA,NA,NA,NA,NA,NA,NA,NA,NA,NA,NA,NA,NA,NA,NA,NA,NA,NA,NA,NA,NA,1.2,12.3,4.9,-144.5870574,-2.523520207,37,15.66666667
16/04/1983,3.28816,NA,NA,NA,NA,NA,NA,NA,NA,NA,NA,NA,NA,NA,NA,NA,NA,NA,NA,NA,NA,NA,12.2,8,0.6,-138.8034061,-2.42257645,31,11.375
17/04/1983,3.29090,NA,NA,NA,NA,NA,NA,NA,NA,NA,NA,NA,NA,NA,NA,NA,NA,NA,NA,NA,NA,NA,1.2,5.7,-1.4,-100.8903626,-1.760869011,17,5.708333333
18/04/1983,3.29363,NA,NA,NA,NA,NA,NA,NA,NA,NA,NA,NA,NA,NA,NA,NA,NA,NA,NA,NA,NA,NA,1.1,7.5,-0.1,-1.078180772,-0.018817804,17,5.208333333
19/04/1983,3.29637,NA,NA,NA,NA,NA,NA,NA,NA,NA,NA,NA,NA,NA,NA,NA,NA,NA,NA,NA,NA,NA,0.8,6.9,2.1,12.45322929,0.217349854,28,15.25
20/04/1983,3.29911,NA,NA,NA,NA,NA,NA,NA,NA,NA,NA,NA,NA,NA,NA,NA,NA,NA,NA,NA,NA,NA,0,7.6,0.3,-82.45239661,-1.439065797,21,8.625
21/04/1983,3.30185,NA,NA,NA,NA,NA,NA,NA,NA,NA,NA,NA,NA,NA,NA,NA,NA,NA,NA,NA,NA,NA,0,8,-0.9,-64.74403906,-1.129996653,17,6.25
22/04/1983,3.30459,NA,NA,NA,NA,NA,NA,NA,NA,NA,NA,NA,NA,NA,NA,NA,NA,NA,NA,NA,NA,NA,0,7.9,-0.4,44.91540291,0.783921666,33,11
23/04/1983,3.30732,NA,NA,NA,NA,NA,NA,NA,NA,NA,NA,NA,NA,NA,NA,NA,NA,NA,NA,NA,NA,NA,0.2,6.8,5.1,67.91361608,1.185316208,35,19.83333333
24/04/1983,3.31006,NA,NA,NA,NA,NA,NA,NA,NA,NA,NA,NA,NA,NA,NA,NA,NA,NA,NA,NA,NA,NA,0,9.2,6,61.44044781,1.072338108,25,11.08333333
25/04/1983,3.31280,NA,NA,NA,NA,NA,NA,NA,NA,NA,NA,NA,NA,NA,NA,NA,NA,NA,NA,NA,NA,NA,0,9.3,2.7,63.00063453,1.099568503,21,8.25
26/04/1983,3.31554,NA,NA,NA,NA,NA,NA,NA,NA,NA,NA,NA,NA,NA,NA,NA,NA,NA,NA,NA,NA,NA,1.3,8.1,5.2,54.98727534,0.959709001,21,13.33333333
27/04/1983,3.31828,NA,NA,NA,NA,NA,NA,NA,NA,NA,NA,NA,NA,NA,NA,NA,NA,NA,NA,NA,NA,NA,0,10.2,6.2,50.57012064,0.882615108,18,9.958333333
28/04/1983,3.32101,NA,NA,NA,NA,NA,NA,NA,NA,NA,NA,NA,NA,NA,NA,NA,NA,NA,NA,NA,NA,NA,0,8.3,6.3,45.41189576,0.792587101,21,13.125
29/04/1983,3.32375,NA,NA,NA,NA,NA,NA,NA,NA,NA,NA,NA,NA,NA,NA,NA,NA,NA,NA,NA,NA,NA,0,7.8,3.9,24.40576432,0.425960944,20,9.125
30/04/1983,3.32649,NA,NA,NA,NA,NA,NA,NA,NA,NA,NA,NA,NA,NA,NA,NA,NA,NA,NA,NA,NA,NA,0,8.9,1.3,107.4082247,1.874627165,13,5.166666667
01/05/1983,3.32923,NA,NA,NA,NA,NA,NA,NA,NA,NA,NA,NA,NA,NA,NA,NA,NA,NA,NA,NA,NA,NA,0,8.4,2.4,48.26853862,0.842444924,24,12.41666667
02/05/1983,3.33196,NA,NA,NA,NA,NA,NA,NA,NA,NA,NA,NA,NA,NA,NA,NA,NA,NA,NA,NA,NA,NA,0,8.6,4.2,35.65117037,0.622230305,21,13.70833333
03/05/1983,3.33470,NA,NA,NA,NA,NA,NA,NA,NA,NA,NA,NA,NA,NA,NA,NA,NA,NA,NA,NA,NA,NA,0.2,8.4,2.7,47.71824712,0.832840526,22,12.08333333
04/05/1983,3.33744,NA,NA,NA,NA,NA,NA,NA,NA,NA,NA,NA,NA,NA,NA,NA,NA,NA,NA,NA,NA,NA,0.1,12.4,6.4,83.56984081,1.458568878,19,9.791666667
05/05/1983,3.34018,NA,NA,NA,NA,NA,NA,NA,NA,NA,NA,NA,NA,NA,NA,NA,NA,NA,NA,NA,NA,NA,0.4,12.1,6.3,128.3316901,2.239810527,20,9.833333333
06/05/1983,3.34292,NA,NA,NA,NA,NA,NA,NA,NA,NA,NA,NA,NA,NA,NA,NA,NA,NA,NA,NA,NA,NA,3.8,12.8,8.5,156.1884499,2.726002705,19,7.166666667
07/05/1983,3.34565,NA,NA,NA,NA,NA,NA,NA,NA,NA,NA,NA,NA,NA,NA,NA,NA,NA,NA,NA,NA,NA,0.1,10.9,8,20.4507925,0.356933664,18,8.833333333
08/05/1983,3.34839,NA,NA,NA,NA,NA,NA,NA,NA,NA,NA,NA,NA,NA,NA,NA,NA,NA,NA,NA,NA,NA,0,10.8,7.4,73.92784063,1.290284228,15,7.75
09/05/1983,3.35113,NA,NA,NA,NA,NA,NA,NA,NA,NA,NA,NA,NA,NA,NA,NA,NA,NA,NA,NA,NA,NA,5.9,10.4,5,-176.4827594,-3.080205225,28,12.375
10/05/1983,3.35387,NA,NA,NA,NA,NA,NA,NA,NA,NA,NA,NA,NA,NA,NA,NA,NA,NA,NA,NA,NA,NA,0.2,12.6,3.1,120.4792735,2.102760004,34,12.875
11/05/1983,3.35661,NA,NA,NA,NA,NA,NA,NA,NA,NA,NA,NA,NA,NA,NA,NA,NA,NA,NA,NA,NA,NA,0,12.6,6.5,101.6640881,1.774373068,34,17.04166667
12/05/1983,3.35934,NA,NA,NA,NA,NA,NA,NA,NA,NA,NA,NA,NA,NA,NA,NA,NA,NA,NA,NA,NA,NA,1.1,11.6,6.6,91.31239538,1.593701947,27,15.33333333
13/05/1983,3.36208,NA,NA,NA,NA,NA,NA,NA,NA,NA,NA,NA,NA,NA,NA,NA,NA,NA,NA,NA,NA,NA,0.8,13,6.7,72.25197377,1.261034833,19,10.125
14/05/1983,3.36482,NA,NA,NA,NA,NA,NA,NA,NA,NA,NA,NA,NA,NA,NA,NA,NA,NA,NA,NA,NA,NA,3.8,11.1,6.9,-141.7398988,-2.473827916,23,8.791666667
15/05/1983,3.36756,NA,NA,NA,NA,NA,NA,NA,NA,NA,NA,NA,NA,NA,NA,NA,NA,NA,NA,NA,NA,NA,0,13.3,7.2,143.6813085,2.507711906,15,6.5
16/05/1983,3.37029,NA,NA,NA,NA,NA,NA,NA,NA,NA,NA,NA,NA,NA,NA,NA,NA,NA,NA,NA,NA,NA,0,11.7,3.4,23.97887897,0.418510389,21,7.5
17/05/1983,3.37303,NA,NA,NA,NA,NA,NA,NA,NA,NA,NA,NA,NA,NA,NA,NA,NA,NA,NA,NA,NA,NA,0,10.9,7.3,38.51407102,0.672197348,23,13.625
18/05/1983,3.37577,NA,NA,NA,NA,NA,NA,NA,NA,NA,NA,NA,NA,NA,NA,NA,NA,NA,NA,NA,NA,NA,0.2,11.3,7.7,15.11971292,0.263888772,16,9.25
19/05/1983,3.37851,NA,NA,NA,NA,NA,NA,NA,NA,NA,NA,NA,NA,NA,NA,NA,NA,NA,NA,NA,NA,NA,21.6,9.4,6.7,18.5502918,0.323763669,25,8.625
20/05/1983,3.38125,NA,NA,NA,NA,NA,NA,NA,NA,NA,NA,NA,NA,NA,NA,NA,NA,NA,NA,NA,NA,NA,0.4,9.7,6.1,2.045173042,0.035695003,18,9.625
21/05/1983,3.38398,NA,NA,NA,NA,NA,NA,NA,NA,NA,NA,NA,NA,NA,NA,NA,NA,NA,NA,NA,NA,NA,3.9,7.8,5.9,-4.303658974,-0.075113019,16,6.666666667
22/05/1983,3.38672,NA,NA,NA,NA,NA,NA,NA,NA,NA,NA,NA,NA,NA,NA,NA,NA,NA,NA,NA,NA,NA,0.7,8.8,2.8,-52.92024807,-0.92363257,13,4.916666667
23/05/1983,3.38946,NA,NA,NA,NA,NA,NA,NA,NA,NA,NA,NA,NA,NA,NA,NA,NA,NA,NA,NA,NA,NA,0.2,10.6,2.2,-173.3570106,-3.025650616,12,4.666666667
24/05/1983,3.39220,NA,NA,NA,NA,NA,NA,NA,NA,NA,NA,NA,NA,NA,NA,NA,NA,NA,NA,NA,NA,NA,0,15.4,3.5,107.3788554,1.874114573,13,3.958333333
25/05/1983,3.39493,NA,NA,NA,NA,NA,NA,NA,NA,NA,NA,NA,NA,NA,NA,NA,NA,NA,NA,NA,NA,NA,6,12.1,9.5,-165.9125834,-2.89572085,18,6.791666667
26/05/1983,3.39767,NA,NA,NA,NA,NA,NA,NA,NA,NA,NA,NA,NA,NA,NA,NA,NA,NA,NA,NA,NA,NA,0,9.8,7,31.23477855,0.545149727,21,12.5
27/05/1983,3.40041,NA,NA,NA,NA,NA,NA,NA,NA,NA,NA,NA,NA,NA,NA,NA,NA,NA,NA,NA,NA,NA,0,10.1,6.3,16.67043694,0.290954012,28,16
28/05/1983,3.40315,NA,NA,NA,NA,NA,NA,NA,NA,NA,NA,NA,NA,NA,NA,NA,NA,NA,NA,NA,NA,NA,0,9,6.1,29.16778854,0.509073946,31,18.95833333
29/05/1983,3.40589,NA,NA,NA,NA,NA,NA,NA,NA,NA,NA,NA,NA,NA,NA,NA,NA,NA,NA,NA,NA,NA,0,9,6,35.902576,0.626618161,24,12.66666667
30/05/1983,3.40862,NA,NA,NA,NA,NA,NA,NA,NA,NA,NA,NA,NA,NA,NA,NA,NA,NA,NA,NA,NA,NA,0,9.7,3.9,29.80186686,0.5201407,22,10.75
31/05/1983,3.41136,NA,NA,NA,NA,NA,NA,NA,NA,NA,NA,NA,NA,NA,NA,NA,NA,NA,NA,NA,NA,NA,0,10,6.8,44.16460401,0.770817753,22,13.29166667
01/06/1983,3.41410,NA,NA,NA,NA,NA,NA,NA,NA,NA,NA,NA,NA,NA,NA,NA,NA,NA,NA,NA,NA,NA,0,10.1,8.2,42.08372972,0.734499645,29,15.25
02/06/1983,3.41684,NA,NA,NA,NA,NA,NA,NA,NA,NA,NA,NA,NA,NA,NA,NA,NA,NA,NA,NA,NA,NA,0,9.3,6.5,49.5693217,0.865147872,27,18.29166667
03/06/1983,3.41958,NA,NA,NA,NA,NA,NA,NA,NA,NA,NA,NA,NA,NA,NA,NA,NA,NA,NA,NA,NA,NA,0.1,9.8,4.5,79.56309986,1.388638056,18,9.208333333
04/06/1983,3.42231,NA,NA,NA,NA,NA,NA,NA,NA,NA,NA,NA,NA,NA,NA,NA,NA,NA,NA,NA,NA,NA,1.3,9.8,6.8,54.17843885,0.945592142,20,11.125
05/06/1983,3.42505,NA,NA,NA,NA,NA,NA,NA,NA,NA,NA,NA,NA,NA,NA,NA,NA,NA,NA,NA,NA,NA,0,11.1,5.4,37.37983303,0.65240116,16,9.333333333
06/06/1983,3.42779,NA,NA,NA,NA,NA,NA,NA,NA,NA,NA,NA,NA,NA,NA,NA,NA,NA,NA,NA,NA,NA,0,14.5,3.8,57.1573578,0.997584085,14,5.458333333
07/06/1983,3.43053,NA,NA,NA,NA,NA,NA,NA,NA,NA,NA,NA,NA,NA,NA,NA,NA,NA,NA,NA,NA,NA,0.2,14.1,4.4,47.412301,0.827500758,15,4.916666667
08/06/1983,3.43326,NA,NA,NA,NA,NA,NA,NA,NA,NA,NA,NA,NA,NA,NA,NA,NA,NA,NA,NA,NA,NA,0.4,13.6,10.3,-83.20128352,-1.452136339,12,4.208333333
09/06/1983,3.43600,NA,NA,NA,NA,NA,NA,NA,NA,NA,NA,NA,NA,NA,NA,NA,NA,NA,NA,NA,NA,NA,2,13.3,9.8,-92.90374963,-1.621476319,27,13.125
10/06/1983,3.43874,NA,NA,NA,NA,NA,NA,NA,NA,NA,NA,NA,NA,NA,NA,NA,NA,NA,NA,NA,NA,NA,3.5,12.8,8.2,-159.1187046,-2.777145297,47,18.29166667
11/06/1983,3.44148,NA,NA,NA,NA,NA,NA,NA,NA,NA,NA,NA,NA,NA,NA,NA,NA,NA,NA,NA,NA,NA,1.9,13.5,9.2,-149.2679557,-2.605217295,47,20.125
12/06/1983,3.44422,NA,NA,NA,NA,NA,NA,NA,NA,NA,NA,NA,NA,NA,NA,NA,NA,NA,NA,NA,NA,NA,3.6,13,8.4,-147.9109551,-2.581533167,40,21.16666667
13/06/1983,3.44695,NA,NA,NA,NA,NA,NA,NA,NA,NA,NA,NA,NA,NA,NA,NA,NA,NA,NA,NA,NA,NA,4.3,11.4,7.1,-170.2537795,-2.971489016,30,12.91666667
14/06/1983,3.44969,NA,NA,NA,NA,NA,NA,NA,NA,NA,NA,NA,NA,NA,NA,NA,NA,NA,NA,NA,NA,NA,5.9,12.8,7.6,-56.5797182,-0.987502373,32,16.29166667
15/06/1983,3.45243,NA,NA,NA,NA,NA,NA,NA,NA,NA,NA,NA,NA,NA,NA,NA,NA,NA,NA,NA,NA,NA,0.5,13.5,7,-64.83404955,-1.131567632,29,11.04166667
16/06/1983,3.45517,NA,NA,NA,NA,NA,NA,NA,NA,NA,NA,NA,NA,NA,NA,NA,NA,NA,NA,NA,NA,NA,4.4,11.8,6.7,-168.5682477,-2.942070937,19,8.5
17/06/1983,3.45791,NA,NA,NA,NA,NA,NA,NA,NA,NA,NA,NA,NA,NA,NA,NA,NA,NA,NA,NA,NA,NA,0.7,14.5,9.7,-156.1950125,-2.726117243,24,12.16666667
18/06/1983,3.46064,NA,NA,NA,NA,NA,NA,NA,NA,NA,NA,NA,NA,NA,NA,NA,NA,NA,NA,NA,NA,NA,0,15.9,10.7,-170.6671362,-2.978703451,23,12.70833333
19/06/1983,3.46338,NA,NA,NA,NA,NA,NA,NA,NA,NA,NA,NA,NA,NA,NA,NA,NA,NA,NA,NA,NA,NA,0,19.9,9.4,166.5206645,2.906333868,13,5.958333333
20/06/1983,3.46612,NA,NA,NA,NA,NA,NA,NA,NA,NA,NA,NA,NA,NA,NA,NA,NA,NA,NA,NA,NA,NA,0,16,9.3,34.5210393,0.602505797,NA,4.375
21/06/1983,3.46886,NA,NA,NA,NA,NA,NA,NA,NA,NA,NA,NA,NA,NA,NA,NA,NA,NA,NA,NA,NA,NA,0,17.9,12.9,67.58875454,1.179646304,NA,3.458333333
22/06/1983,3.47159,NA,NA,NA,NA,NA,NA,NA,NA,NA,NA,NA,NA,NA,NA,NA,NA,NA,NA,NA,NA,NA,0,15.3,9.8,-30.84718418,-0.538384929,16,7
23/06/1983,3.47433,NA,NA,NA,NA,NA,NA,NA,NA,NA,NA,NA,NA,NA,NA,NA,NA,NA,NA,NA,NA,NA,0,13.1,4.7,17.21377742,0.300437093,14,5.625
24/06/1983,3.47707,NA,NA,NA,NA,NA,NA,NA,NA,NA,NA,NA,NA,NA,NA,NA,NA,NA,NA,NA,NA,NA,0,14.8,4.3,-103.1513396,-1.800330504,16,5.416666667
25/06/1983,3.47981,NA,NA,NA,NA,NA,NA,NA,NA,NA,NA,NA,NA,NA,NA,NA,NA,NA,NA,NA,NA,NA,0,16.4,8.5,-137.6157792,-2.40184845,30,15.29166667
26/06/1983,3.48255,NA,NA,NA,NA,NA,NA,NA,NA,NA,NA,NA,NA,NA,NA,NA,NA,NA,NA,NA,NA,NA,1.2,13.8,9,-72.89614635,-1.272277766,26,12.04545455
27/06/1983,3.48528,NA,NA,NA,NA,NA,NA,NA,NA,NA,NA,NA,NA,NA,NA,NA,NA,NA,NA,NA,NA,NA,0,14.9,7.2,-67.09996952,-1.171115396,26,11.79166667
28/06/1983,3.48802,NA,NA,NA,NA,NA,NA,NA,NA,NA,NA,NA,NA,NA,NA,NA,NA,NA,NA,NA,NA,NA,5,13.9,10.5,-94.17943531,-1.643741234,24,12.04166667
29/06/1983,3.49076,NA,NA,NA,NA,NA,NA,NA,NA,NA,NA,NA,NA,NA,NA,NA,NA,NA,NA,NA,NA,NA,0.7,13.4,8.4,-50.78925222,-0.886439676,23,10.29166667
30/06/1983,3.49350,NA,NA,NA,NA,NA,NA,NA,NA,NA,NA,NA,NA,NA,NA,NA,NA,NA,NA,NA,NA,NA,0.6,13.5,9.5,-24.40042846,-0.425867815,17,5.708333333
01/07/1983,3.49624,NA,NA,NA,NA,NA,NA,NA,NA,NA,NA,NA,NA,NA,NA,NA,NA,NA,NA,NA,NA,NA,6.4,12.4,9,-161.4397637,-2.817655419,30,12.04166667
02/07/1983,3.49897,NA,NA,NA,NA,NA,NA,NA,NA,NA,NA,NA,NA,NA,NA,NA,NA,NA,NA,NA,NA,NA,5.6,13.4,9.2,-106.3011465,-1.855305005,32,16.375
03/07/1983,3.50171,NA,NA,NA,NA,NA,NA,NA,NA,NA,NA,NA,NA,NA,NA,NA,NA,NA,NA,NA,NA,NA,5.5,13.2,9,-111.7663691,-1.950691133,29,12.95833333
04/07/1983,3.50445,NA,NA,NA,NA,NA,NA,NA,NA,NA,NA,NA,NA,NA,NA,NA,NA,NA,NA,NA,NA,NA,2.3,15.6,10.9,-111.4096846,-1.944465815,24,11.08333333
05/07/1983,3.50719,NA,NA,NA,NA,NA,NA,NA,NA,NA,NA,NA,NA,NA,NA,NA,NA,NA,NA,NA,NA,NA,2.4,13.4,8.9,-178.5461295,-3.116217826,24,9.375
06/07/1983,3.50992,NA,NA,NA,NA,NA,NA,NA,NA,NA,NA,NA,NA,NA,NA,NA,NA,NA,NA,NA,NA,NA,0.1,19.7,11.3,174.0772626,3.038221385,15,7.666666667
07/07/1983,3.51266,NA,NA,NA,NA,NA,NA,NA,NA,NA,NA,NA,NA,NA,NA,NA,NA,NA,NA,NA,NA,NA,0,22.6,11.1,15.60602644,0.272376544,NA,3.333333333
08/07/1983,3.51540,NA,NA,NA,NA,NA,NA,NA,NA,NA,NA,NA,NA,NA,NA,NA,NA,NA,NA,NA,NA,NA,0,20.1,12.2,19.63068243,0.342620043,11,3.958333333
09/07/1983,3.51814,NA,NA,NA,NA,NA,NA,NA,NA,NA,NA,NA,NA,NA,NA,NA,NA,NA,NA,NA,NA,NA,0,19.6,10.8,41.47038118,0.723794694,12,3.916666667
10/07/1983,3.52088,NA,NA,NA,NA,NA,NA,NA,NA,NA,NA,NA,NA,NA,NA,NA,NA,NA,NA,NA,NA,NA,0,19.2,12.5,28.25786029,0.493192702,13,5
11/07/1983,3.52361,NA,NA,NA,NA,NA,NA,NA,NA,NA,NA,NA,NA,NA,NA,NA,NA,NA,NA,NA,NA,NA,0,22.8,12.2,-19.60627564,-0.342194064,NA,3.916666667
12/07/1983,3.52635,NA,NA,NA,NA,NA,NA,NA,NA,NA,NA,NA,NA,NA,NA,NA,NA,NA,NA,NA,NA,NA,0,17.5,11.5,14.02738485,0.244824051,15,6.166666667
13/07/1983,3.52909,NA,NA,NA,NA,NA,NA,NA,NA,NA,NA,NA,NA,NA,NA,NA,NA,NA,NA,NA,NA,NA,0,17.4,8,-134.8215108,-2.353079266,15,5.333333333
14/07/1983,3.53183,NA,NA,NA,NA,NA,NA,NA,NA,NA,NA,NA,NA,NA,NA,NA,NA,NA,NA,NA,NA,NA,0,17.2,12.5,-105.1114466,-1.834540824,23,11.83333333
15/07/1983,3.53457,NA,NA,NA,NA,NA,NA,NA,NA,NA,NA,NA,NA,NA,NA,NA,NA,NA,NA,NA,NA,NA,4.1,14.6,10.5,-57.78592344,-1.008554625,27,13.08333333
16/07/1983,3.53730,NA,NA,NA,NA,NA,NA,NA,NA,NA,NA,NA,NA,NA,NA,NA,NA,NA,NA,NA,NA,NA,0,14,9.6,30.40313297,0.530634773,16,4.5
17/07/1983,3.54004,NA,NA,NA,NA,NA,NA,NA,NA,NA,NA,NA,NA,NA,NA,NA,NA,NA,NA,NA,NA,NA,2.1,14.4,7.5,-130.275689,-2.273739709,27,10.79166667
18/07/1983,3.54278,NA,NA,NA,NA,NA,NA,NA,NA,NA,NA,NA,NA,NA,NA,NA,NA,NA,NA,NA,NA,NA,0.6,13.6,9.1,-39.26416732,-0.685288998,17,7.125
19/07/1983,3.54552,NA,NA,NA,NA,NA,NA,NA,NA,NA,NA,NA,NA,NA,NA,NA,NA,NA,NA,NA,NA,NA,0.1,13.6,7,87.52191045,1.527545505,NA,4.125
20/07/1983,3.54825,NA,NA,NA,NA,NA,NA,NA,NA,NA,NA,NA,NA,NA,NA,NA,NA,NA,NA,NA,NA,NA,0,20.1,6,-120.5372775,-2.103772364,21,7.208333333
21/07/1983,3.55099,NA,NA,NA,NA,NA,NA,NA,NA,NA,NA,NA,NA,NA,NA,NA,NA,NA,NA,NA,NA,NA,0,18,10.2,-157.4856207,-2.748642606,25,12.375
22/07/1983,3.55373,NA,NA,NA,NA,NA,NA,NA,NA,NA,NA,NA,NA,NA,NA,NA,NA,NA,NA,NA,NA,NA,0,20.1,11.7,172.7208665,3.014547807,19,9.375
23/07/1983,3.55647,NA,NA,NA,NA,NA,NA,NA,NA,NA,NA,NA,NA,NA,NA,NA,NA,NA,NA,NA,NA,NA,0.2,18.9,11.1,38.90000664,0.678933195,NA,3.5
24/07/1983,3.55921,NA,NA,NA,NA,NA,NA,NA,NA,NA,NA,NA,NA,NA,NA,NA,NA,NA,NA,NA,NA,NA,0.3,23.2,14.5,53.48850794,0.933550576,15,4.166666667
25/07/1983,3.56194,NA,NA,NA,NA,NA,NA,NA,NA,NA,NA,NA,NA,NA,NA,NA,NA,NA,NA,NA,NA,NA,0,20,12.4,89.97093176,1.57028899,9,3.25
26/07/1983,3.56468,NA,NA,NA,NA,NA,NA,NA,NA,NA,NA,NA,NA,NA,NA,NA,NA,NA,NA,NA,NA,NA,2.9,16.1,13.4,-162.3237599,-2.833084065,NA,7.708333333
27/07/1983,3.56742,NA,NA,NA,NA,NA,NA,NA,NA,NA,NA,NA,NA,NA,NA,NA,NA,NA,NA,NA,NA,NA,1.9,16.4,11.2,-73.05950874,-1.275128977,20,9.5
28/07/1983,3.57016,NA,NA,NA,NA,NA,NA,NA,NA,NA,NA,NA,NA,NA,NA,NA,NA,NA,NA,NA,NA,NA,2.8,17.7,11.8,-107.726103,-1.880175188,33,15.04166667
29/07/1983,3.57290,NA,NA,NA,NA,NA,NA,NA,NA,NA,NA,NA,NA,NA,NA,NA,NA,NA,NA,NA,NA,NA,1.1,15,12,-95.04547004,-1.658856391,34,16.41666667
30/07/1983,3.57563,NA,NA,NA,NA,NA,NA,NA,NA,NA,NA,NA,NA,NA,NA,NA,NA,NA,NA,NA,NA,NA,7.6,15,11,-138.197656,-2.412004116,26,10.25
31/07/1983,3.57837,NA,NA,NA,NA,NA,NA,NA,NA,NA,NA,NA,NA,NA,NA,NA,NA,NA,NA,NA,NA,NA,0.1,15.3,9.5,-117.2154046,-2.045794744,25,10.33333333
01/08/1983,3.58111,NA,NA,NA,NA,NA,NA,NA,NA,NA,NA,NA,NA,NA,NA,NA,NA,NA,NA,NA,NA,NA,3.3,14,7,-49.31278567,-0.860670473,19,6
02/08/1983,3.58385,NA,NA,NA,NA,NA,NA,NA,NA,NA,NA,NA,NA,NA,NA,NA,NA,NA,NA,NA,NA,NA,0.3,14,4.9,-65.01904829,-1.134796469,18,7.125
03/08/1983,3.58658,NA,NA,NA,NA,NA,NA,NA,NA,NA,NA,NA,NA,NA,NA,NA,NA,NA,NA,NA,NA,NA,9,14.9,10.3,-126.1026005,-2.200905574,37,15.79166667
04/08/1983,3.58932,NA,NA,NA,NA,NA,NA,NA,NA,NA,NA,NA,NA,NA,NA,NA,NA,NA,NA,NA,NA,NA,0.4,15,10.6,-105.8269255,-1.847028288,25,9.875
05/08/1983,3.59206,NA,NA,NA,NA,NA,NA,NA,NA,NA,NA,NA,NA,NA,NA,NA,NA,NA,NA,NA,NA,NA,0.2,17.6,12,-127.2574111,-2.221060821,21,9.791666667
06/08/1983,3.59480,NA,NA,NA,NA,NA,NA,NA,NA,NA,NA,NA,NA,NA,NA,NA,NA,NA,NA,NA,NA,NA,0,19.5,12.4,-164.6952006,-2.874473514,18,8.333333333
07/08/1983,3.59754,NA,NA,NA,NA,NA,NA,NA,NA,NA,NA,NA,NA,NA,NA,NA,NA,NA,NA,NA,NA,NA,0,17.2,14.2,-167.6853906,-2.926662174,14,6.291666667
08/08/1983,3.60027,NA,NA,NA,NA,NA,NA,NA,NA,NA,NA,NA,NA,NA,NA,NA,NA,NA,NA,NA,NA,NA,0,18.4,12.6,-30.71011597,-0.535992637,NA,4.125
09/08/1983,3.60301,NA,NA,NA,NA,NA,NA,NA,NA,NA,NA,NA,NA,NA,NA,NA,NA,NA,NA,NA,NA,NA,0,17.7,9.1,20.78167409,0.362708637,11,3.541666667
10/08/1983,3.60575,NA,NA,NA,NA,NA,NA,NA,NA,NA,NA,NA,NA,NA,NA,NA,NA,NA,NA,NA,NA,NA,0,21.1,8.9,-123.8293611,-2.161230062,NA,7.208333333
11/08/1983,3.60849,NA,NA,NA,NA,NA,NA,NA,NA,NA,NA,NA,NA,NA,NA,NA,NA,NA,NA,NA,NA,NA,0.3,15.7,12.9,-100.299295,-1.750552935,22,10.04166667
12/08/1983,3.61123,NA,NA,NA,NA,NA,NA,NA,NA,NA,NA,NA,NA,NA,NA,NA,NA,NA,NA,NA,NA,NA,0.2,14.8,10.4,-58.50225598,-1.021056987,26,12.20833333
13/08/1983,3.61396,NA,NA,NA,NA,NA,NA,NA,NA,NA,NA,NA,NA,NA,NA,NA,NA,NA,NA,NA,NA,NA,0,18.5,11.3,-110.926207,-1.936027538,23,9.458333333
14/08/1983,3.61670,NA,NA,NA,NA,NA,NA,NA,NA,NA,NA,NA,NA,NA,NA,NA,NA,NA,NA,NA,NA,NA,1.6,16.9,12,-157.0840118,-2.741633208,33,15.875
15/08/1983,3.61944,NA,NA,NA,NA,NA,NA,NA,NA,NA,NA,NA,NA,NA,NA,NA,NA,NA,NA,NA,NA,NA,8.4,15.1,11.2,-112.2882058,-1.959798903,22,10.66666667
16/08/1983,3.62218,NA,NA,NA,NA,NA,NA,NA,NA,NA,NA,NA,NA,NA,NA,NA,NA,NA,NA,NA,NA,NA,1.5,14,9.2,-42.61239397,-0.743726577,20,8.166666667
17/08/1983,3.62491,NA,NA,NA,NA,NA,NA,NA,NA,NA,NA,NA,NA,NA,NA,NA,NA,NA,NA,NA,NA,NA,0,14.9,8.1,104.9701944,1.832075509,10,4.416666667
18/08/1983,3.62765,NA,NA,NA,NA,NA,NA,NA,NA,NA,NA,NA,NA,NA,NA,NA,NA,NA,NA,NA,NA,NA,2.3,17.2,12.7,174.1909312,3.040205277,14,6.125
19/08/1983,3.63039,NA,NA,NA,NA,NA,NA,NA,NA,NA,NA,NA,NA,NA,NA,NA,NA,NA,NA,NA,NA,NA,0.2,19.4,14,159.1626757,2.777912737,NA,4.166666667
20/08/1983,3.63313,NA,NA,NA,NA,NA,NA,NA,NA,NA,NA,NA,NA,NA,NA,NA,NA,NA,NA,NA,NA,NA,0,19.4,11.4,13.81161967,0.241058238,10,3
21/08/1983,3.63587,NA,NA,NA,NA,NA,NA,NA,NA,NA,NA,NA,NA,NA,NA,NA,NA,NA,NA,NA,NA,NA,1,21.2,12.7,-48.28066732,-0.84265661,20,5.208333333
22/08/1983,3.63860,NA,NA,NA,NA,NA,NA,NA,NA,NA,NA,NA,NA,NA,NA,NA,NA,NA,NA,NA,NA,NA,0,14.1,11.1,59.72728401,1.042437759,11,4.916666667
23/08/1983,3.64134,NA,NA,NA,NA,NA,NA,NA,NA,NA,NA,NA,NA,NA,NA,NA,NA,NA,NA,NA,NA,NA,16.3,16.5,12.4,106.1063416,1.851905019,13,6.333333333
24/08/1983,3.64408,NA,NA,NA,NA,NA,NA,NA,NA,NA,NA,NA,NA,NA,NA,NA,NA,NA,NA,NA,NA,NA,0,17.3,13.7,137.2088724,2.394746586,NA,3.208333333
25/08/1983,3.64682,NA,NA,NA,NA,NA,NA,NA,NA,NA,NA,NA,NA,NA,NA,NA,NA,NA,NA,NA,NA,NA,0.1,18.3,13.1,-156.1491887,-2.725317467,16,6.25
26/08/1983,3.64956,NA,NA,NA,NA,NA,NA,NA,NA,NA,NA,NA,NA,NA,NA,NA,NA,NA,NA,NA,NA,NA,0.2,17.8,13.5,-158.8811232,-2.772998719,29,12.83333333
27/08/1983,3.65229,NA,NA,NA,NA,NA,NA,NA,NA,NA,NA,NA,NA,NA,NA,NA,NA,NA,NA,NA,NA,NA,0.1,15.5,10.6,-55.45204995,-0.967820849,23,8.166666667
28/08/1983,3.65503,NA,NA,NA,NA,NA,NA,NA,NA,NA,NA,NA,NA,NA,NA,NA,NA,NA,NA,NA,NA,NA,0,15.4,9,-130.4426058,-2.276652956,13,5.708333333
29/08/1983,3.65777,NA,NA,NA,NA,NA,NA,NA,NA,NA,NA,NA,NA,NA,NA,NA,NA,NA,NA,NA,NA,NA,1.3,15,10.2,-157.1141819,-2.742159775,33,14.75
30/08/1983,3.66051,NA,NA,NA,NA,NA,NA,NA,NA,NA,NA,NA,NA,NA,NA,NA,NA,NA,NA,NA,NA,NA,7.2,15.7,12.9,-155.4198463,-2.71258804,35,19.25
31/08/1983,3.66324,NA,NA,NA,NA,NA,NA,NA,NA,NA,NA,NA,NA,NA,NA,NA,NA,NA,NA,NA,NA,NA,0.1,17.7,13.9,-178.7606316,-3.119961594,35,12.58333333
01/09/1983,3.66598,NA,NA,NA,NA,NA,NA,NA,NA,NA,NA,NA,NA,NA,NA,NA,NA,NA,NA,NA,NA,NA,0,16.4,12.6,-169.261326,-2.954167434,30,14.25
02/09/1983,3.66872,NA,NA,NA,NA,NA,NA,NA,NA,NA,NA,NA,NA,NA,NA,NA,NA,NA,NA,NA,NA,NA,2.9,15.7,12.3,109.6386348,1.913555165,25,8.75
03/09/1983,3.67146,NA,NA,NA,NA,NA,NA,NA,NA,NA,NA,NA,NA,NA,NA,NA,NA,NA,NA,NA,NA,NA,0.4,14.7,8.6,-51.57073214,-0.900079074,32,12.875
04/09/1983,3.67420,NA,NA,NA,NA,NA,NA,NA,NA,NA,NA,NA,NA,NA,NA,NA,NA,NA,NA,NA,NA,NA,8.6,13,7,159.6996783,2.787285201,22,7.875
05/09/1983,3.67693,NA,NA,NA,NA,NA,NA,NA,NA,NA,NA,NA,NA,NA,NA,NA,NA,NA,NA,NA,NA,NA,14.7,13,7.3,-75.97170097,-1.32595632,47,16.125
06/09/1983,3.67967,NA,NA,NA,NA,NA,NA,NA,NA,NA,NA,NA,NA,NA,NA,NA,NA,NA,NA,NA,NA,NA,3.8,13.4,6.6,-62.10570602,-1.083949054,34,12.5
07/09/1983,3.68241,NA,NA,NA,NA,NA,NA,NA,NA,NA,NA,NA,NA,NA,NA,NA,NA,NA,NA,NA,NA,NA,0,11.9,5.3,108.5183196,1.894001975,15,4.875
08/09/1983,3.68515,NA,NA,NA,NA,NA,NA,NA,NA,NA,NA,NA,NA,NA,NA,NA,NA,NA,NA,NA,NA,NA,6.5,13.9,10,114.1816969,1.992846556,21,9.166666667
09/09/1983,3.68789,NA,NA,NA,NA,NA,NA,NA,NA,NA,NA,NA,NA,NA,NA,NA,NA,NA,NA,NA,NA,NA,29.6,12.6,10,69.88648487,1.219749264,28,14.125
10/09/1983,3.69062,NA,NA,NA,NA,NA,NA,NA,NA,NA,NA,NA,NA,NA,NA,NA,NA,NA,NA,NA,NA,NA,3.7,12,7,5.417720197,0.094557055,37,19.29166667
11/09/1983,3.69336,NA,NA,NA,NA,NA,NA,NA,NA,NA,NA,NA,NA,NA,NA,NA,NA,NA,NA,NA,NA,NA,0.1,10.4,7.9,-1.250590687,-0.021826925,31,15.625
12/09/1983,3.69610,NA,NA,NA,NA,NA,NA,NA,NA,NA,NA,NA,NA,NA,NA,NA,NA,NA,NA,NA,NA,NA,0,10.7,7.1,-14.18586134,-0.247589988,20,9.041666667
13/09/1983,3.69884,NA,NA,NA,NA,NA,NA,NA,NA,NA,NA,NA,NA,NA,NA,NA,NA,NA,NA,NA,NA,NA,0.5,11.8,8.6,-14.87667437,-0.25964695,NA,2.875
14/09/1983,3.70157,NA,NA,NA,NA,NA,NA,NA,NA,NA,NA,NA,NA,NA,NA,NA,NA,NA,NA,NA,NA,NA,1.5,13.6,8.1,133.3114135,2.326723096,NA,4.875
15/09/1983,3.70431,NA,NA,NA,NA,NA,NA,NA,NA,NA,NA,NA,NA,NA,NA,NA,NA,NA,NA,NA,NA,NA,2.1,14.7,10.4,73.51977541,1.283162146,10,4.083333333
16/09/1983,3.70705,NA,NA,NA,NA,NA,NA,NA,NA,NA,NA,NA,NA,NA,NA,NA,NA,NA,NA,NA,NA,NA,4,12.2,10.2,-4.21648101,-0.073591476,22,10.25
17/09/1983,3.70979,NA,NA,NA,NA,NA,NA,NA,NA,NA,NA,NA,NA,NA,NA,NA,NA,NA,NA,NA,NA,NA,0.7,12.2,9.9,-76.21283231,-1.330164856,32,8.166666667
18/09/1983,3.71253,NA,NA,NA,NA,NA,NA,NA,NA,NA,NA,NA,NA,NA,NA,NA,NA,NA,NA,NA,NA,NA,7.8,12.4,7.7,-163.2999309,-2.850121462,56,26.04166667
19/09/1983,3.71526,NA,NA,NA,NA,NA,NA,NA,NA,NA,NA,NA,NA,NA,NA,NA,NA,NA,NA,NA,NA,NA,13.7,12.6,9,-111.1562403,-1.940042377,46,18.79166667
20/09/1983,3.71800,NA,NA,NA,NA,NA,NA,NA,NA,NA,NA,NA,NA,NA,NA,NA,NA,NA,NA,NA,NA,NA,5.1,11.6,7.5,-117.0813923,-2.043455788,32,12.41666667
21/09/1983,3.72074,NA,NA,NA,NA,NA,NA,NA,NA,NA,NA,NA,NA,NA,NA,NA,NA,NA,NA,NA,NA,NA,1.5,13.1,5.6,-134.9814309,-2.355870398,24,8.5
22/09/1983,3.72348,NA,NA,NA,NA,NA,NA,NA,NA,NA,NA,NA,NA,NA,NA,NA,NA,NA,NA,NA,NA,NA,0.7,14.3,5.1,-146.0921809,-2.549789569,NA,6.333333333
23/09/1983,3.72621,NA,NA,NA,NA,NA,NA,NA,NA,NA,NA,NA,NA,NA,NA,NA,NA,NA,NA,NA,NA,NA,26.5,15.2,8.9,171.7662691,2.997886939,33,14.66666667
24/09/1983,3.72895,NA,NA,NA,NA,NA,NA,NA,NA,NA,NA,NA,NA,NA,NA,NA,NA,NA,NA,NA,NA,NA,0.5,14.2,4,16.43153792,0.286784438,NA,10.79166667
25/09/1983,3.73169,NA,NA,NA,NA,NA,NA,NA,NA,NA,NA,NA,NA,NA,NA,NA,NA,NA,NA,NA,NA,NA,0,14.1,3.2,-136.4074119,-2.380758462,26,10.83333333
26/09/1983,3.73443,NA,NA,NA,NA,NA,NA,NA,NA,NA,NA,NA,NA,NA,NA,NA,NA,NA,NA,NA,NA,NA,7.7,15.2,12.4,-149.8868164,-2.616018452,32,15.25
27/09/1983,3.73717,NA,NA,NA,NA,NA,NA,NA,NA,NA,NA,NA,NA,NA,NA,NA,NA,NA,NA,NA,NA,NA,0.7,14,9.3,-26.48025333,-0.462167607,22,10.25
28/09/1983,3.73990,NA,NA,NA,NA,NA,NA,NA,NA,NA,NA,NA,NA,NA,NA,NA,NA,NA,NA,NA,NA,NA,0.9,10.6,8.5,75.4053537,1.316071696,33,18.58333333
29/09/1983,3.74264,NA,NA,NA,NA,NA,NA,NA,NA,NA,NA,NA,NA,NA,NA,NA,NA,NA,NA,NA,NA,NA,0.2,11.5,8.2,97.08401181,1.694435657,35,19.91666667
30/09/1983,3.74538,NA,NA,NA,NA,NA,NA,NA,NA,NA,NA,NA,NA,NA,NA,NA,NA,NA,NA,NA,NA,NA,2.6,12.6,8.6,117.0930084,2.043658528,29,14
01/10/1983,3.74812,NA,NA,NA,NA,NA,NA,NA,NA,NA,NA,NA,NA,NA,NA,NA,NA,NA,NA,NA,NA,NA,6.9,15,10.8,157.908163,2.75601736,24,12.95833333
02/10/1983,3.75086,NA,NA,NA,NA,NA,NA,NA,NA,NA,NA,NA,NA,NA,NA,NA,NA,NA,NA,NA,NA,NA,7.1,14.9,12.4,-172.005834,-3.002068136,27,15.375
03/10/1983,3.75359,NA,NA,NA,NA,NA,NA,NA,NA,NA,NA,NA,NA,NA,NA,NA,NA,NA,NA,NA,NA,NA,4,15,12.4,-161.1542299,-2.812671916,30,16.04166667
04/10/1983,3.75633,NA,NA,NA,NA,NA,NA,NA,NA,NA,NA,NA,NA,NA,NA,NA,NA,NA,NA,NA,NA,NA,31.4,13.4,11.5,167.713784,2.927157732,37,9.041666667
05/10/1983,3.75907,NA,NA,NA,NA,NA,NA,NA,NA,NA,NA,NA,NA,NA,NA,NA,NA,NA,NA,NA,NA,NA,3.3,11.9,9.4,-76.05707351,-1.327446352,31,12.75
06/10/1983,3.76181,NA,NA,NA,NA,NA,NA,NA,NA,NA,NA,NA,NA,NA,NA,NA,NA,NA,NA,NA,NA,NA,13.5,13.8,7.2,-160.3503354,-2.79864131,NA,12.16666667
07/10/1983,3.76454,NA,NA,NA,NA,NA,NA,NA,NA,NA,NA,NA,NA,NA,NA,NA,NA,NA,NA,NA,NA,NA,6.2,11,5,-130.426634,-2.276374196,28,9.708333333
08/10/1983,3.76728,NA,NA,NA,NA,NA,NA,NA,NA,NA,NA,NA,NA,NA,NA,NA,NA,NA,NA,NA,NA,NA,2.5,11.2,4.9,-86.3848777,-1.50770054,26,7.458333333
09/10/1983,3.77002,NA,NA,NA,NA,NA,NA,NA,NA,NA,NA,NA,NA,NA,NA,NA,NA,NA,NA,NA,NA,NA,5,12.4,3.1,-134.026992,-2.339212298,33,10.20833333
10/10/1983,3.77276,NA,NA,NA,NA,NA,NA,NA,NA,NA,NA,NA,NA,NA,NA,NA,NA,NA,NA,NA,NA,NA,7.1,10.9,5.7,-115.711053,-2.019538856,26,10.66666667
11/10/1983,3.77550,NA,NA,NA,NA,NA,NA,NA,NA,NA,NA,NA,NA,NA,NA,NA,NA,NA,NA,NA,NA,NA,3.5,10.3,5.4,-79.47124299,-1.387034851,25,9.125
12/10/1983,3.77823,NA,NA,NA,NA,NA,NA,NA,NA,NA,NA,NA,NA,NA,NA,NA,NA,NA,NA,NA,NA,NA,8.8,12.3,5.6,178.8316007,3.121200239,34,10.20833333
13/10/1983,3.78097,NA,NA,NA,NA,NA,NA,NA,NA,NA,NA,NA,NA,NA,NA,NA,NA,NA,NA,NA,NA,NA,17.4,13.6,4.9,-153.7825157,-2.684011232,63,29.5
14/10/1983,3.78371,NA,NA,NA,NA,NA,NA,NA,NA,NA,NA,NA,NA,NA,NA,NA,NA,NA,NA,NA,NA,NA,5.9,10.5,6.4,-125,-2.181661565,33,13.125
15/10/1983,3.78645,NA,NA,NA,NA,NA,NA,NA,NA,NA,NA,NA,NA,NA,NA,NA,NA,NA,NA,NA,NA,NA,15.2,10.5,6.6,170.1797177,2.970196394,47,18.75
16/10/1983,3.78919,NA,NA,NA,NA,NA,NA,NA,NA,NA,NA,NA,NA,NA,NA,NA,NA,NA,NA,NA,NA,NA,7,10.7,2.8,-67.60802842,-1.179982697,40,10.45833333
17/10/1983,3.79192,NA,NA,NA,NA,NA,NA,NA,NA,NA,NA,NA,NA,NA,NA,NA,NA,NA,NA,NA,NA,NA,2.8,10,5.6,-82.52833229,-1.440391125,36,12.29166667
18/10/1983,3.79466,NA,NA,NA,NA,NA,NA,NA,NA,NA,NA,NA,NA,NA,NA,NA,NA,NA,NA,NA,NA,NA,14.7,12.4,7,-133.1308397,-2.323571488,52,21.25
19/10/1983,3.79740,NA,NA,NA,NA,NA,NA,NA,NA,NA,NA,NA,NA,NA,NA,NA,NA,NA,NA,NA,NA,NA,14,9.1,4.3,-74.87995194,-1.306901705,50,12.58333333
20/10/1983,3.80014,NA,NA,NA,NA,NA,NA,NA,NA,NA,NA,NA,NA,NA,NA,NA,NA,NA,NA,NA,NA,NA,0.3,8.8,1.1,-37.63582324,-0.656869032,28,5.875
21/10/1983,3.80287,NA,NA,NA,NA,NA,NA,NA,NA,NA,NA,NA,NA,NA,NA,NA,NA,NA,NA,NA,NA,NA,0.2,9.9,0.1,-126.348399,-2.205195568,22,7.208333333
22/10/1983,3.80561,NA,NA,NA,NA,NA,NA,NA,NA,NA,NA,NA,NA,NA,NA,NA,NA,NA,NA,NA,NA,NA,0.2,11.4,7.3,-151.6640719,-2.647037412,59,19.33333333
23/10/1983,3.80835,NA,NA,NA,NA,NA,NA,NA,NA,NA,NA,NA,NA,NA,NA,NA,NA,NA,NA,NA,NA,NA,9,11.6,3.8,-91.91337608,-1.604191039,54,16.125
24/10/1983,3.81109,NA,NA,NA,NA,NA,NA,NA,NA,NA,NA,NA,NA,NA,NA,NA,NA,NA,NA,NA,NA,NA,1.8,9,2.7,-132.1531636,-2.306507821,43,10.875
25/10/1983,3.81383,NA,NA,NA,NA,NA,NA,NA,NA,NA,NA,NA,NA,NA,NA,NA,NA,NA,NA,NA,NA,NA,17.1,12.4,7.2,-125.7221725,-2.194265854,57,27.91666667
26/10/1983,3.81656,NA,NA,NA,NA,NA,NA,NA,NA,NA,NA,NA,NA,NA,NA,NA,NA,NA,NA,NA,NA,NA,0.5,12.5,8,-132.6681872,-2.315496679,39,19.83333333
27/10/1983,3.81930,NA,NA,NA,NA,NA,NA,NA,NA,NA,NA,NA,NA,NA,NA,NA,NA,NA,NA,NA,NA,NA,2.6,9,5,-75.92585446,-1.325156148,31,12.91666667
28/10/1983,3.82204,NA,NA,NA,NA,NA,NA,NA,NA,NA,NA,NA,NA,NA,NA,NA,NA,NA,NA,NA,NA,NA,0.6,7.1,2,-44.25229607,-0.772348268,32,8.208333333
29/10/1983,3.82478,NA,NA,NA,NA,NA,NA,NA,NA,NA,NA,NA,NA,NA,NA,NA,NA,NA,NA,NA,NA,NA,0.5,9.7,2.2,-136.2561627,-2.378118664,43,16.25
30/10/1983,3.82752,NA,NA,NA,NA,NA,NA,NA,NA,NA,NA,NA,NA,NA,NA,NA,NA,NA,NA,NA,NA,NA,6.5,11.6,7,-103.7906455,-1.811488497,56,28.79166667
31/10/1983,3.83025,NA,NA,NA,NA,NA,NA,NA,NA,NA,NA,NA,NA,NA,NA,NA,NA,NA,NA,NA,NA,NA,0.1,11.8,6.1,-126.5779866,-2.209202626,29,11.91666667
01/11/1983,3.83299,NA,NA,NA,NA,NA,NA,NA,NA,NA,NA,NA,NA,NA,NA,NA,NA,NA,NA,NA,NA,NA,4.9,11.9,4.8,-105.7156209,-1.845085656,31,12.5
02/11/1983,3.83573,NA,NA,NA,NA,NA,NA,NA,NA,NA,NA,NA,NA,NA,NA,NA,NA,NA,NA,NA,NA,NA,10.9,11.1,2.8,-154.5026104,-2.696579254,31,7.958333333
03/11/1983,3.83847,NA,NA,NA,NA,NA,NA,NA,NA,NA,NA,NA,NA,NA,NA,NA,NA,NA,NA,NA,NA,NA,3.1,11.5,2.8,-130.3457418,-2.27496236,32,8.416666667
04/11/1983,3.84120,NA,NA,NA,NA,NA,NA,NA,NA,NA,NA,NA,NA,NA,NA,NA,NA,NA,NA,NA,NA,NA,0.3,10.3,2.1,-146.3398087,-2.554111489,26,12
05/11/1983,3.84394,NA,NA,NA,NA,NA,NA,NA,NA,NA,NA,NA,NA,NA,NA,NA,NA,NA,NA,NA,NA,NA,2,10.4,6.9,-130.4465999,-2.276722666,27,13.125
06/11/1983,3.84668,NA,NA,NA,NA,NA,NA,NA,NA,NA,NA,NA,NA,NA,NA,NA,NA,NA,NA,NA,NA,NA,0.7,11.6,9.1,-157.9337676,-2.756464245,45,24.79166667
07/11/1983,3.84942,NA,NA,NA,NA,NA,NA,NA,NA,NA,NA,NA,NA,NA,NA,NA,NA,NA,NA,NA,NA,NA,0,13.5,11,-170.8332703,-2.981603038,39,22
08/11/1983,3.85216,NA,NA,NA,NA,NA,NA,NA,NA,NA,NA,NA,NA,NA,NA,NA,NA,NA,NA,NA,NA,NA,12.5,12.9,9.9,170.9578882,2.983778031,28,11
09/11/1983,3.85489,NA,NA,NA,NA,NA,NA,NA,NA,NA,NA,NA,NA,NA,NA,NA,NA,NA,NA,NA,NA,NA,4.6,12.7,5.2,92.14650642,1.608259931,29,6.875
10/11/1983,3.85763,NA,NA,NA,NA,NA,NA,NA,NA,NA,NA,NA,NA,NA,NA,NA,NA,NA,NA,NA,NA,NA,0,10.8,4.6,65.94795883,1.151009017,17,4.666666667
11/11/1983,3.86037,NA,NA,NA,NA,NA,NA,NA,NA,NA,NA,NA,NA,NA,NA,NA,NA,NA,NA,NA,NA,NA,0,11.2,7.2,123.9878265,2.163995804,19,7.416666667
12/11/1983,3.86311,NA,NA,NA,NA,NA,NA,NA,NA,NA,NA,NA,NA,NA,NA,NA,NA,NA,NA,NA,NA,NA,0,11,6.6,131.4489545,2.294217055,8,3
13/11/1983,3.86585,NA,NA,NA,NA,NA,NA,NA,NA,NA,NA,NA,NA,NA,NA,NA,NA,NA,NA,NA,NA,NA,0,11,5.2,57.78110718,1.008470566,10,3.25
14/11/1983,3.86858,NA,NA,NA,NA,NA,NA,NA,NA,NA,NA,NA,NA,NA,NA,NA,NA,NA,NA,NA,NA,NA,0,10,6,-68.80028465,-1.200791493,21,6.958333333
15/11/1983,3.87132,NA,NA,NA,NA,NA,NA,NA,NA,NA,NA,NA,NA,NA,NA,NA,NA,NA,NA,NA,NA,NA,0.4,9.2,4.1,-14.83176759,-0.258863178,22,10.08333333
16/11/1983,3.87406,NA,NA,NA,NA,NA,NA,NA,NA,NA,NA,NA,NA,NA,NA,NA,NA,NA,NA,NA,NA,NA,0.5,8.1,6,-48.19644823,-0.841186709,16,5.75
17/11/1983,3.87680,NA,NA,NA,NA,NA,NA,NA,NA,NA,NA,NA,NA,NA,NA,NA,NA,NA,NA,NA,NA,NA,0.2,8.6,6.8,-47.44074812,-0.827997254,16,5.5
18/11/1983,3.87953,NA,NA,NA,NA,NA,NA,NA,NA,NA,NA,NA,NA,NA,NA,NA,NA,NA,NA,NA,NA,NA,0.1,8.1,3.5,-97.08813295,-1.694507585,16,5.458333333
19/11/1983,3.88227,NA,NA,NA,NA,NA,NA,NA,NA,NA,NA,NA,NA,NA,NA,NA,NA,NA,NA,NA,NA,NA,2,9.4,5.5,-98.61186565,-1.721101737,31,15.16666667
20/11/1983,3.88501,NA,NA,NA,NA,NA,NA,NA,NA,NA,NA,NA,NA,NA,NA,NA,NA,NA,NA,NA,NA,NA,0.5,6.8,2,-17.32049675,-0.302299696,29,9.916666667
21/11/1983,3.88775,NA,NA,NA,NA,NA,NA,NA,NA,NA,NA,NA,NA,NA,NA,NA,NA,NA,NA,NA,NA,NA,0.1,3.8,-0.3,-25.28810417,-0.441360679,28,7.75
22/11/1983,3.89049,NA,NA,NA,NA,NA,NA,NA,NA,NA,NA,NA,NA,NA,NA,NA,NA,NA,NA,NA,NA,NA,1,7.2,-2,-111.2979577,-1.942515813,17,6.541666667
23/11/1983,3.89322,NA,NA,NA,NA,NA,NA,NA,NA,NA,NA,NA,NA,NA,NA,NA,NA,NA,NA,NA,NA,NA,0.2,9.5,2,-135.9164815,-2.372190109,27,7.541666667
24/11/1983,3.89596,NA,NA,NA,NA,NA,NA,NA,NA,NA,NA,NA,NA,NA,NA,NA,NA,NA,NA,NA,NA,NA,0.4,9.6,6,-166.704296,-2.909538842,31,15.875
25/11/1983,3.89870,NA,NA,NA,NA,NA,NA,NA,NA,NA,NA,NA,NA,NA,NA,NA,NA,NA,NA,NA,NA,NA,6.3,11.5,9.1,-152.6684176,-2.664566552,29,11.91666667
26/11/1983,3.90144,NA,NA,NA,NA,NA,NA,NA,NA,NA,NA,NA,NA,NA,NA,NA,NA,NA,NA,NA,NA,NA,4,9.9,6.3,-155.7888097,-2.719027668,NA,4.125
27/11/1983,3.90418,NA,NA,NA,NA,NA,NA,NA,NA,NA,NA,NA,NA,NA,NA,NA,NA,NA,NA,NA,NA,NA,1.2,9.1,7.8,65.71896744,1.147012363,25,10.125
28/11/1983,3.90691,NA,NA,NA,NA,NA,NA,NA,NA,NA,NA,NA,NA,NA,NA,NA,NA,NA,NA,NA,NA,NA,2.8,9.1,3.2,-80.79899368,-1.410208472,29,10.25
29/11/1983,3.90965,NA,NA,NA,NA,NA,NA,NA,NA,NA,NA,NA,NA,NA,NA,NA,NA,NA,NA,NA,NA,NA,0.2,5.5,-0.7,-22.49907334,-0.392682908,22,5.458333333
30/11/1983,3.91239,NA,NA,NA,NA,NA,NA,NA,NA,NA,NA,NA,NA,NA,NA,NA,NA,NA,NA,NA,NA,NA,1,10,2.3,149.3352654,2.606392071,32,14.20833333
01/12/1983,3.91513,NA,NA,NA,NA,NA,NA,NA,NA,NA,NA,NA,NA,NA,NA,NA,NA,NA,NA,NA,NA,NA,2.5,12,9.3,-172.0784415,-3.003335376,45,26.04166667
02/12/1983,3.91786,NA,NA,NA,NA,NA,NA,NA,NA,NA,NA,NA,NA,NA,NA,NA,NA,NA,NA,NA,NA,NA,6.3,11.4,9.5,-157.0871807,-2.741688516,44,22.875
03/12/1983,3.92060,NA,NA,NA,NA,NA,NA,NA,NA,NA,NA,NA,NA,NA,NA,NA,NA,NA,NA,NA,NA,NA,5.8,11.2,7.3,-143.5729449,-2.505820606,39,12.33333333
04/12/1983,3.92334,NA,NA,NA,NA,NA,NA,NA,NA,NA,NA,NA,NA,NA,NA,NA,NA,NA,NA,NA,NA,NA,8.1,11.9,8.6,-140.8008567,-2.45743854,42,23.04166667
05/12/1983,3.92608,NA,NA,NA,NA,NA,NA,NA,NA,NA,NA,NA,NA,NA,NA,NA,NA,NA,NA,NA,NA,NA,2.1,9.4,3.5,-74.7783936,-1.305129178,41,12.625
06/12/1983,3.92882,NA,NA,NA,NA,NA,NA,NA,NA,NA,NA,NA,NA,NA,NA,NA,NA,NA,NA,NA,NA,NA,0.7,6.6,1,-95.67611234,-1.669863176,20,3.791666667
07/12/1983,3.93155,NA,NA,NA,NA,NA,NA,NA,NA,NA,NA,NA,NA,NA,NA,NA,NA,NA,NA,NA,NA,NA,1.9,10.7,1.2,-155.4974693,-2.713942818,37,17.375
08/12/1983,3.93429,NA,NA,NA,NA,NA,NA,NA,NA,NA,NA,NA,NA,NA,NA,NA,NA,NA,NA,NA,NA,NA,5.6,10.9,6.4,-102.2987983,-1.785450851,29,9.416666667
09/12/1983,3.93703,NA,NA,NA,NA,NA,NA,NA,NA,NA,NA,NA,NA,NA,NA,NA,NA,NA,NA,NA,NA,NA,3.2,8.3,1.1,14.097424,0.246046465,45,20.66666667
10/12/1983,3.93977,NA,NA,NA,NA,NA,NA,NA,NA,NA,NA,NA,NA,NA,NA,NA,NA,NA,NA,NA,NA,NA,3.8,3,0.4,-24.45136675,-0.426756856,26,7.291666667
11/12/1983,3.94251,NA,NA,NA,NA,NA,NA,NA,NA,NA,NA,NA,NA,NA,NA,NA,NA,NA,NA,NA,NA,NA,7.4,6.8,1.6,-154.5762603,-2.697864687,50,18.5
12/12/1983,3.94524,NA,NA,NA,NA,NA,NA,NA,NA,NA,NA,NA,NA,NA,NA,NA,NA,NA,NA,NA,NA,NA,0.5,6.8,1,-129.304956,-2.256797222,43,9.5
13/12/1983,3.94798,NA,NA,NA,NA,NA,NA,NA,NA,NA,NA,NA,NA,NA,NA,NA,NA,NA,NA,NA,NA,NA,11.4,10.2,6.2,-157.5939545,-2.750533388,49,19.33333333
14/12/1983,3.95072,NA,NA,NA,NA,NA,NA,NA,NA,NA,NA,NA,NA,NA,NA,NA,NA,NA,NA,NA,NA,NA,10.8,9.1,4.4,-151.7188209,-2.647992962,31,12.54166667
15/12/1983,3.95346,NA,NA,NA,NA,NA,NA,NA,NA,NA,NA,NA,NA,NA,NA,NA,NA,NA,NA,NA,NA,NA,7.7,7.2,3.7,-167.4257627,-2.922130811,31,12.75
16/12/1983,3.95619,NA,NA,NA,NA,NA,NA,NA,NA,NA,NA,NA,NA,NA,NA,NA,NA,NA,NA,NA,NA,NA,0,7.2,4.4,107.8710887,1.882705665,31,10.45833333
17/12/1983,3.95893,NA,NA,NA,NA,NA,NA,NA,NA,NA,NA,NA,NA,NA,NA,NA,NA,NA,NA,NA,NA,NA,1.7,7.6,4.9,101.6683099,1.774446752,30,15.54166667
18/12/1983,3.96167,NA,NA,NA,NA,NA,NA,NA,NA,NA,NA,NA,NA,NA,NA,NA,NA,NA,NA,NA,NA,NA,2.5,6.9,4.3,111.6576905,1.948794334,28,11
19/12/1983,3.96441,NA,NA,NA,NA,NA,NA,NA,NA,NA,NA,NA,NA,NA,NA,NA,NA,NA,NA,NA,NA,NA,0,6.9,5.5,85.82689309,1.497961871,29,16.125
20/12/1983,3.96715,NA,NA,NA,NA,NA,NA,NA,NA,NA,NA,NA,NA,NA,NA,NA,NA,NA,NA,NA,NA,NA,0.6,8.1,5.7,70.817282,1.235994738,39,20.33333333
21/12/1983,3.96988,NA,NA,NA,NA,NA,NA,NA,NA,NA,NA,NA,NA,NA,NA,NA,NA,NA,NA,NA,NA,NA,2.4,8.8,7,55.8077126,0.974028333,32,13.16666667
22/12/1983,3.97262,NA,NA,NA,NA,NA,NA,NA,NA,NA,NA,NA,NA,NA,NA,NA,NA,NA,NA,NA,NA,NA,6,8.6,6.1,40.43690014,0.705757047,34,15.54166667
23/12/1983,3.97536,NA,NA,NA,NA,NA,NA,NA,NA,NA,NA,NA,NA,NA,NA,NA,NA,NA,NA,NA,NA,NA,1.2,7.4,-0.1,7.855099549,0.13709735,32,12
24/12/1983,3.97810,NA,NA,NA,NA,NA,NA,NA,NA,NA,NA,NA,NA,NA,NA,NA,NA,NA,NA,NA,NA,NA,23.6,9.6,1.5,120.2505936,2.098768787,39,15.25
25/12/1983,3.98084,NA,NA,NA,NA,NA,NA,NA,NA,NA,NA,NA,NA,NA,NA,NA,NA,NA,NA,NA,NA,NA,2,9.9,2.2,-103.518639,-1.806741088,41,12.625
26/12/1983,3.98357,NA,NA,NA,NA,NA,NA,NA,NA,NA,NA,NA,NA,NA,NA,NA,NA,NA,NA,NA,NA,NA,0.8,8.7,0.4,-113.6646551,-1.983822475,42,10.70833333
27/12/1983,3.98631,NA,NA,NA,NA,NA,NA,NA,NA,NA,NA,NA,NA,NA,NA,NA,NA,NA,NA,NA,NA,NA,19,12,7.6,-120.3015496,-2.099658135,45,19.5
28/12/1983,3.98905,NA,NA,NA,NA,NA,NA,NA,NA,NA,NA,NA,NA,NA,NA,NA,NA,NA,NA,NA,NA,NA,3.6,9.1,4,-116.0693133,-2.025791678,29,10.54166667
29/12/1983,3.99179,NA,NA,NA,NA,NA,NA,NA,NA,NA,NA,NA,NA,NA,NA,NA,NA,NA,NA,NA,NA,NA,4.2,9,3.2,-139.4848173,-2.434469319,42,13.08333333
30/12/1983,3.99452,NA,NA,NA,NA,NA,NA,NA,NA,NA,NA,NA,NA,NA,NA,NA,NA,NA,NA,NA,NA,NA,7.3,6.5,0.5,-99.34505942,-1.733898382,44,16.04166667
31/12/1983,3.99726,NA,NA,NA,NA,NA,NA,NA,NA,NA,NA,NA,NA,NA,NA,NA,NA,NA,NA,NA,NA,NA,39.7,11.1,5.4,-117.2506943,-2.046410666,61,30.25
01/01/1984,4.00000,NA,NA,NA,NA,NA,NA,NA,NA,NA,NA,NA,NA,NA,NA,NA,NA,NA,NA,NA,NA,NA,9.1,8.4,-0.5,-96.65770686,-1.686995232,50,20.83333333
02/01/1984,4.00274,NA,NA,NA,NA,NA,NA,NA,NA,NA,NA,NA,NA,NA,NA,NA,NA,NA,NA,NA,NA,NA,14.1,5.7,-1,-133.2127028,-2.32500027,53,20.33333333
03/01/1984,4.00548,NA,NA,NA,NA,NA,NA,NA,NA,NA,NA,NA,NA,NA,NA,NA,NA,NA,NA,NA,NA,NA,8.9,4.6,0.5,-49.62915874,-0.866192225,70,32.04166667
04/01/1984,4.00821,NA,NA,NA,NA,NA,NA,NA,NA,NA,NA,NA,NA,NA,NA,NA,NA,NA,NA,NA,NA,NA,0.7,5.8,0.5,-86.43234411,-1.508528985,35,11.875
05/01/1984,4.01095,NA,NA,NA,NA,NA,NA,NA,NA,NA,NA,NA,NA,NA,NA,NA,NA,NA,NA,NA,NA,NA,6.5,8,4,-99.57374157,-1.737889639,37,16.16666667
06/01/1984,4.01369,NA,NA,NA,NA,NA,NA,NA,NA,NA,NA,NA,NA,NA,NA,NA,NA,NA,NA,NA,NA,NA,4,5.4,3,-118.3533903,-2.065656341,34,9.666666667
07/01/1984,4.01643,NA,NA,NA,NA,NA,NA,NA,NA,NA,NA,NA,NA,NA,NA,NA,NA,NA,NA,NA,NA,NA,8.7,5.2,0.5,-55.19807999,-0.963388237,49,19.83333333
08/01/1984,4.01916,NA,NA,NA,NA,NA,NA,NA,NA,NA,NA,NA,NA,NA,NA,NA,NA,NA,NA,NA,NA,NA,1.2,4.6,-0.5,-32.03333161,-0.559087107,44,13.83333333
09/01/1984,4.02190,NA,NA,NA,NA,NA,NA,NA,NA,NA,NA,NA,NA,NA,NA,NA,NA,NA,NA,NA,NA,NA,4.5,8.8,-0.5,-145.7896872,-2.544510057,42,14.25
10/01/1984,4.02464,NA,NA,NA,NA,NA,NA,NA,NA,NA,NA,NA,NA,NA,NA,NA,NA,NA,NA,NA,NA,NA,5.3,11.2,5.2,-138.9977828,-2.425968963,43,23.875
11/01/1984,4.02738,NA,NA,NA,NA,NA,NA,NA,NA,NA,NA,NA,NA,NA,NA,NA,NA,NA,NA,NA,NA,NA,8.1,6,1.5,-163.9938912,-2.862233355,42,10.25
12/01/1984,4.03012,NA,NA,NA,NA,NA,NA,NA,NA,NA,NA,NA,NA,NA,NA,NA,NA,NA,NA,NA,NA,NA,10.5,4.5,-0.5,-94.78275113,-1.654271081,46,15.625
13/01/1984,4.03285,NA,NA,NA,NA,NA,NA,NA,NA,NA,NA,NA,NA,NA,NA,NA,NA,NA,NA,NA,NA,NA,18.4,2.4,-1.7,-57.18360546,-0.998042193,48,18.45833333
14/01/1984,4.03559,NA,NA,NA,NA,NA,NA,NA,NA,NA,NA,NA,NA,NA,NA,NA,NA,NA,NA,NA,NA,NA,4.8,1,-2.5,-109.7109519,-1.914817336,29,8.291666667
15/01/1984,4.03833,NA,NA,NA,NA,NA,NA,NA,NA,NA,NA,NA,NA,NA,NA,NA,NA,NA,NA,NA,NA,NA,9.7,2.9,-2.7,-106.4992222,-1.858762078,41,13.29166667
16/01/1984,4.04107,NA,NA,NA,NA,NA,NA,NA,NA,NA,NA,NA,NA,NA,NA,NA,NA,NA,NA,NA,NA,NA,2.8,3.1,-2.4,118.930098,2.075721789,37,10.25
17/01/1984,4.04381,NA,NA,NA,NA,NA,NA,NA,NA,NA,NA,NA,NA,NA,NA,NA,NA,NA,NA,NA,NA,NA,0.1,4.4,-2,-79.04110697,-1.379527561,24,4.375
18/01/1984,4.04654,NA,NA,NA,NA,NA,NA,NA,NA,NA,NA,NA,NA,NA,NA,NA,NA,NA,NA,NA,NA,NA,6.9,3.5,-2,-62.35801027,-1.088352594,50,16.08333333
19/01/1984,4.04928,NA,NA,NA,NA,NA,NA,NA,NA,NA,NA,NA,NA,NA,NA,NA,NA,NA,NA,NA,NA,NA,0,2.8,-5,-39.99902444,-0.698114674,NA,5.625
20/01/1984,4.05202,NA,NA,NA,NA,NA,NA,NA,NA,NA,NA,NA,NA,NA,NA,NA,NA,NA,NA,NA,NA,NA,0,3.6,-6,170.8247943,2.981455105,41,18.70833333
21/01/1984,4.05476,NA,NA,NA,NA,NA,NA,NA,NA,NA,NA,NA,NA,NA,NA,NA,NA,NA,NA,NA,NA,NA,0,4.8,2.5,162.981388,2.84456184,52,30.29166667
22/01/1984,4.05749,NA,NA,NA,NA,NA,NA,NA,NA,NA,NA,NA,NA,NA,NA,NA,NA,NA,NA,NA,NA,NA,15.7,4.4,0.5,-171.444943,-2.99227874,60,18.91666667
23/01/1984,4.06023,NA,NA,NA,NA,NA,NA,NA,NA,NA,NA,NA,NA,NA,NA,NA,NA,NA,NA,NA,NA,NA,1.5,3.1,0.2,123.3851232,2.153476647,24,10.125
24/01/1984,4.06297,NA,NA,NA,NA,NA,NA,NA,NA,NA,NA,NA,NA,NA,NA,NA,NA,NA,NA,NA,NA,NA,0.3,3,-0.2,178.4855382,3.115160308,19,6.833333333
25/01/1984,4.06571,NA,NA,NA,NA,NA,NA,NA,NA,NA,NA,NA,NA,NA,NA,NA,NA,NA,NA,NA,NA,NA,1.3,3.1,-2.8,-134.6106273,-2.349398654,19,6.5
26/01/1984,4.06845,NA,NA,NA,NA,NA,NA,NA,NA,NA,NA,NA,NA,NA,NA,NA,NA,NA,NA,NA,NA,NA,0,3,-5.8,46.77395613,0.816359539,21,5.416666667
27/01/1984,4.07118,NA,NA,NA,NA,NA,NA,NA,NA,NA,NA,NA,NA,NA,NA,NA,NA,NA,NA,NA,NA,NA,0.1,4.6,-0.2,53.66837864,0.936689911,19,5.958333333
28/01/1984,4.07392,NA,NA,NA,NA,NA,NA,NA,NA,NA,NA,NA,NA,NA,NA,NA,NA,NA,NA,NA,NA,NA,1.1,7.3,-1.5,170.4146942,2.974297507,NA,18.70833333
29/01/1984,4.07666,NA,NA,NA,NA,NA,NA,NA,NA,NA,NA,NA,NA,NA,NA,NA,NA,NA,NA,NA,NA,NA,5.1,6.8,3,-176.2833487,-3.076724851,35,16.5
30/01/1984,4.07940,NA,NA,NA,NA,NA,NA,NA,NA,NA,NA,NA,NA,NA,NA,NA,NA,NA,NA,NA,NA,NA,6.5,6,2.1,-166.8187018,-2.9115356,37,15.95833333
31/01/1984,4.08214,NA,NA,NA,NA,NA,NA,NA,NA,NA,NA,NA,NA,NA,NA,NA,NA,NA,NA,NA,NA,NA,0.1,5.3,-1.6,-152.2197535,-2.656735885,27,7.583333333
01/02/1984,4.08487,NA,NA,NA,NA,NA,NA,NA,NA,NA,NA,NA,NA,NA,NA,NA,NA,NA,NA,NA,NA,NA,9.8,6,1.6,-175.5167923,-3.063345919,38,16.70833333
02/02/1984,4.08761,NA,NA,NA,NA,NA,NA,NA,NA,NA,NA,NA,NA,NA,NA,NA,NA,NA,NA,NA,NA,NA,4.6,7.3,1.6,-75.6182122,-1.319786777,39,14.375
03/02/1984,4.09035,NA,NA,NA,NA,NA,NA,NA,NA,NA,NA,NA,NA,NA,NA,NA,NA,NA,NA,NA,NA,NA,10.2,7,3.4,-109.6846289,-1.914357914,43,13.41666667
04/02/1984,4.09309,NA,NA,NA,NA,NA,NA,NA,NA,NA,NA,NA,NA,NA,NA,NA,NA,NA,NA,NA,NA,NA,2.7,9,2,-141.675189,-2.472698516,50,18.45833333
05/02/1984,4.09582,NA,NA,NA,NA,NA,NA,NA,NA,NA,NA,NA,NA,NA,NA,NA,NA,NA,NA,NA,NA,NA,5,4.3,-1,-123.6327145,-2.157797932,46,16.08333333
06/02/1984,4.09856,NA,NA,NA,NA,NA,NA,NA,NA,NA,NA,NA,NA,NA,NA,NA,NA,NA,NA,NA,NA,NA,6.2,4.7,-1.5,-94.3337332,-1.64643424,53,22.41666667
07/02/1984,4.10130,NA,NA,NA,NA,NA,NA,NA,NA,NA,NA,NA,NA,NA,NA,NA,NA,NA,NA,NA,NA,NA,5.6,5.3,-0.5,-70.71490979,-1.234208006,49,20.79166667
08/02/1984,4.10404,NA,NA,NA,NA,NA,NA,NA,NA,NA,NA,NA,NA,NA,NA,NA,NA,NA,NA,NA,NA,NA,1.4,6.2,0.7,-46.35721235,-0.809085988,47,16.83333333
09/02/1984,4.10678,NA,NA,NA,NA,NA,NA,NA,NA,NA,NA,NA,NA,NA,NA,NA,NA,NA,NA,NA,NA,NA,0.3,8.1,0.7,-122.1290665,-2.131554322,25,9.791666667
10/02/1984,4.10951,NA,NA,NA,NA,NA,NA,NA,NA,NA,NA,NA,NA,NA,NA,NA,NA,NA,NA,NA,NA,NA,0.3,10.4,6.8,-136.1438022,-2.376157605,21,8.208333333
11/02/1984,4.11225,NA,NA,NA,NA,NA,NA,NA,NA,NA,NA,NA,NA,NA,NA,NA,NA,NA,NA,NA,NA,NA,0,10.3,7.2,-165.4150524,-2.887037297,18,9.916666667
12/02/1984,4.11499,NA,NA,NA,NA,NA,NA,NA,NA,NA,NA,NA,NA,NA,NA,NA,NA,NA,NA,NA,NA,NA,0.3,8.6,6.6,-170,-2.967059728,44,21.625
13/02/1984,4.11773,NA,NA,NA,NA,NA,NA,NA,NA,NA,NA,NA,NA,NA,NA,NA,NA,NA,NA,NA,NA,NA,2.4,8.3,4.7,-146.6703029,-2.559879701,46,17.375
14/02/1984,4.12047,NA,NA,NA,NA,NA,NA,NA,NA,NA,NA,NA,NA,NA,NA,NA,NA,NA,NA,NA,NA,NA,0,8.3,2,-151.2778478,-2.64029653,14,5.875
15/02/1984,4.12320,NA,NA,NA,NA,NA,NA,NA,NA,NA,NA,NA,NA,NA,NA,NA,NA,NA,NA,NA,NA,NA,0,6.1,4,-172.9148505,-3.017933466,31,15.375
16/02/1984,4.12594,NA,NA,NA,NA,NA,NA,NA,NA,NA,NA,NA,NA,NA,NA,NA,NA,NA,NA,NA,NA,NA,3.7,7.8,4.4,-163.4020962,-2.851904583,37,17.25
17/02/1984,4.12868,NA,NA,NA,NA,NA,NA,NA,NA,NA,NA,NA,NA,NA,NA,NA,NA,NA,NA,NA,NA,NA,0,8.1,5,-157.5015976,-2.748921456,38,21.33333333
18/02/1984,4.13142,NA,NA,NA,NA,NA,NA,NA,NA,NA,NA,NA,NA,NA,NA,NA,NA,NA,NA,NA,NA,NA,0,8.3,6,179.592641,3.134482898,41,22.33333333
19/02/1984,4.13415,NA,NA,NA,NA,NA,NA,NA,NA,NA,NA,NA,NA,NA,NA,NA,NA,NA,NA,NA,NA,NA,0.9,7.7,2.5,167.0229872,2.915101054,33,16.75
20/02/1984,4.13689,NA,NA,NA,NA,NA,NA,NA,NA,NA,NA,NA,NA,NA,NA,NA,NA,NA,NA,NA,NA,NA,1,5.1,0.9,150.5897712,2.628287328,28,11
21/02/1984,4.13963,NA,NA,NA,NA,NA,NA,NA,NA,NA,NA,NA,NA,NA,NA,NA,NA,NA,NA,NA,NA,NA,0,6.3,2.1,106.2497871,1.854408615,37,17.375
22/02/1984,4.14237,NA,NA,NA,NA,NA,NA,NA,NA,NA,NA,NA,NA,NA,NA,NA,NA,NA,NA,NA,NA,NA,0,8.2,4.6,89.15609068,1.556067331,22,10.54166667
23/02/1984,4.14511,NA,NA,NA,NA,NA,NA,NA,NA,NA,NA,NA,NA,NA,NA,NA,NA,NA,NA,NA,NA,NA,3.3,6.7,2,-170.1165802,-2.969094437,33,15.5
24/02/1984,4.14784,NA,NA,NA,NA,NA,NA,NA,NA,NA,NA,NA,NA,NA,NA,NA,NA,NA,NA,NA,NA,NA,3.5,9.7,5.7,-142.51079,-2.487282505,34,8.416666667
25/02/1984,4.15058,NA,NA,NA,NA,NA,NA,NA,NA,NA,NA,NA,NA,NA,NA,NA,NA,NA,NA,NA,NA,NA,0,9.4,6.7,174.6043153,3.04742019,NA,2.833333333
26/02/1984,4.15332,NA,NA,NA,NA,NA,NA,NA,NA,NA,NA,NA,NA,NA,NA,NA,NA,NA,NA,NA,NA,NA,0,7,4.7,-123.6783246,-2.158593977,NA,5.166666667
27/02/1984,4.15606,NA,NA,NA,NA,NA,NA,NA,NA,NA,NA,NA,NA,NA,NA,NA,NA,NA,NA,NA,NA,NA,0.5,7.4,3.7,-142.2615396,-2.482932265,14,5.791666667
28/02/1984,4.15880,NA,NA,NA,NA,NA,NA,NA,NA,NA,NA,NA,NA,NA,NA,NA,NA,NA,NA,NA,NA,NA,1.5,8.5,3.9,-139.3271254,-2.431717076,32,14.70833333
29/02/1984,4.16153,NA,NA,NA,NA,NA,NA,NA,NA,NA,NA,NA,NA,NA,NA,NA,NA,NA,NA,NA,NA,NA,1.5,9.4,4.6,-109.5786909,-1.912508947,34,11.29166667
01/03/1984,4.16427,NA,NA,NA,NA,NA,NA,NA,NA,NA,NA,NA,NA,NA,NA,NA,NA,NA,NA,NA,NA,NA,5.7,6,0.2,-114.6193479,-2.000485008,21,6.166666667
02/03/1984,4.16701,NA,NA,NA,NA,NA,NA,NA,NA,NA,NA,NA,NA,NA,NA,NA,NA,NA,NA,NA,NA,NA,11.4,2.9,-0.8,-21.54641061,-0.376055807,59,23.29166667
03/03/1984,4.16975,NA,NA,NA,NA,NA,NA,NA,NA,NA,NA,NA,NA,NA,NA,NA,NA,NA,NA,NA,NA,NA,8.3,9,-1,-120.1779691,-2.09750125,31,11.75
04/03/1984,4.17248,NA,NA,NA,NA,NA,NA,NA,NA,NA,NA,NA,NA,NA,NA,NA,NA,NA,NA,NA,NA,NA,1.1,9.8,5.6,-101.1532556,-1.765457359,23,10.66666667
05/03/1984,4.17522,NA,NA,NA,NA,NA,NA,NA,NA,NA,NA,NA,NA,NA,NA,NA,NA,NA,NA,NA,NA,NA,0,10.5,4.9,-131.0731847,-2.287658634,27,9.916666667
06/03/1984,4.17796,NA,NA,NA,NA,NA,NA,NA,NA,NA,NA,NA,NA,NA,NA,NA,NA,NA,NA,NA,NA,NA,0.3,9.9,4.9,-81.79348963,-1.427565701,24,9.791666667
07/03/1984,4.18070,NA,NA,NA,NA,NA,NA,NA,NA,NA,NA,NA,NA,NA,NA,NA,NA,NA,NA,NA,NA,NA,0.3,8.4,4,-88.71758511,-1.548413965,NA,2.416666667
08/03/1984,4.18344,NA,NA,NA,NA,NA,NA,NA,NA,NA,NA,NA,NA,NA,NA,NA,NA,NA,NA,NA,NA,NA,0.8,10.4,3.9,-158.8776931,-2.772938852,9,3.333333333
09/03/1984,4.18617,NA,NA,NA,NA,NA,NA,NA,NA,NA,NA,NA,NA,NA,NA,NA,NA,NA,NA,NA,NA,NA,0,9.4,5.8,-109.4561035,-1.910369392,8,3.416666667
10/03/1984,4.18891,NA,NA,NA,NA,NA,NA,NA,NA,NA,NA,NA,NA,NA,NA,NA,NA,NA,NA,NA,NA,NA,0.1,8.6,5.3,-51.5331184,-0.89942259,11,4.333333333
11/03/1984,4.19165,NA,NA,NA,NA,NA,NA,NA,NA,NA,NA,NA,NA,NA,NA,NA,NA,NA,NA,NA,NA,NA,5.4,7.3,0.7,-93.0731639,-1.624433155,35,11.45833333
12/03/1984,4.19439,NA,NA,NA,NA,NA,NA,NA,NA,NA,NA,NA,NA,NA,NA,NA,NA,NA,NA,NA,NA,NA,4.2,6.6,-1.2,-5.625545472,-0.098184291,32,10.66666667
13/03/1984,4.19713,NA,NA,NA,NA,NA,NA,NA,NA,NA,NA,NA,NA,NA,NA,NA,NA,NA,NA,NA,NA,NA,0.4,7,2.2,69.49904859,1.212987225,19,8.833333333
14/03/1984,4.19986,NA,NA,NA,NA,NA,NA,NA,NA,NA,NA,NA,NA,NA,NA,NA,NA,NA,NA,NA,NA,NA,0,6.5,2.5,65.42568279,1.14189358,25,13
15/03/1984,4.20260,NA,NA,NA,NA,NA,NA,NA,NA,NA,NA,NA,NA,NA,NA,NA,NA,NA,NA,NA,NA,NA,0.3,6.2,2.1,61.21250234,1.068359709,26,9.75
16/03/1984,4.20534,NA,NA,NA,NA,NA,NA,NA,NA,NA,NA,NA,NA,NA,NA,NA,NA,NA,NA,NA,NA,NA,15.1,4.6,0.1,102.9815125,1.797366463,25,7.625
17/03/1984,4.20808,NA,NA,NA,NA,NA,NA,NA,NA,NA,NA,NA,NA,NA,NA,NA,NA,NA,NA,NA,NA,NA,1.5,7.7,1.2,-147.0449308,-2.566418192,20,6.875
18/03/1984,4.21081,NA,NA,NA,NA,NA,NA,NA,NA,NA,NA,NA,NA,NA,NA,NA,NA,NA,NA,NA,NA,NA,0.8,8.1,0.2,-137.5739557,-2.401118492,18,7.541666667
19/03/1984,4.21355,NA,NA,NA,NA,NA,NA,NA,NA,NA,NA,NA,NA,NA,NA,NA,NA,NA,NA,NA,NA,NA,0.1,8.3,1.6,-156.6746749,-2.734488931,26,13.16666667
20/03/1984,4.21629,NA,NA,NA,NA,NA,NA,NA,NA,NA,NA,NA,NA,NA,NA,NA,NA,NA,NA,NA,NA,NA,0,5.9,3.4,-175.8141387,-3.068535591,28,16.58333333
21/03/1984,4.21903,NA,NA,NA,NA,NA,NA,NA,NA,NA,NA,NA,NA,NA,NA,NA,NA,NA,NA,NA,NA,NA,2.3,5.2,3,169.9357241,2.965937902,33,19.91666667
22/03/1984,4.22177,NA,NA,NA,NA,NA,NA,NA,NA,NA,NA,NA,NA,NA,NA,NA,NA,NA,NA,NA,NA,NA,0.1,8,4.3,160.0770316,2.793871258,24,14.125
23/03/1984,4.22450,NA,NA,NA,NA,NA,NA,NA,NA,NA,NA,NA,NA,NA,NA,NA,NA,NA,NA,NA,NA,NA,0,7.1,3.3,112.1232687,1.956920207,39,18.125
24/03/1984,4.22724,NA,NA,NA,NA,NA,NA,NA,NA,NA,NA,NA,NA,NA,NA,NA,NA,NA,NA,NA,NA,NA,4,6,3.8,89.59316301,1.563695682,52,25.83333333
25/03/1984,4.22998,NA,NA,NA,NA,NA,NA,NA,NA,NA,NA,NA,NA,NA,NA,NA,NA,NA,NA,NA,NA,NA,3.8,7.3,2.8,100.9349851,1.761647821,39,15.73913043
26/03/1984,4.23272,NA,NA,NA,NA,NA,NA,NA,NA,NA,NA,NA,NA,NA,NA,NA,NA,NA,NA,NA,NA,NA,3,5.8,2.8,80.37709798,1.402845003,29,14.70833333
27/03/1984,4.23546,NA,NA,NA,NA,NA,NA,NA,NA,NA,NA,NA,NA,NA,NA,NA,NA,NA,NA,NA,NA,NA,8.1,5.5,2.9,77.04815607,1.344744006,30,16.20833333
28/03/1984,4.23819,NA,NA,NA,NA,NA,NA,NA,NA,NA,NA,NA,NA,NA,NA,NA,NA,NA,NA,NA,NA,NA,1.6,6,3.6,56.30873573,0.982772836,26,15.25
29/03/1984,4.24093,NA,NA,NA,NA,NA,NA,NA,NA,NA,NA,NA,NA,NA,NA,NA,NA,NA,NA,NA,NA,NA,0.6,6.5,0.2,39.52445583,0.689831889,21,9.208333333
30/03/1984,4.24367,NA,NA,NA,NA,NA,NA,NA,NA,NA,NA,NA,NA,NA,NA,NA,NA,NA,NA,NA,NA,NA,1.9,5.7,-0.7,35.56442841,0.620716372,26,12.875
31/03/1984,4.24641,NA,NA,NA,NA,NA,NA,NA,NA,NA,NA,NA,NA,NA,NA,NA,NA,NA,NA,NA,NA,NA,0,5.6,2.3,77.52963828,1.353147456,23,10.875
01/04/1984,4.24914,NA,NA,NA,NA,NA,NA,NA,NA,NA,NA,NA,NA,NA,NA,NA,NA,NA,NA,NA,NA,NA,0,7.9,1.4,115.0384674,2.007800023,21,10.125
02/04/1984,4.25188,NA,NA,NA,NA,NA,NA,NA,NA,NA,NA,NA,NA,NA,NA,NA,NA,NA,NA,NA,NA,NA,0,8.9,1.2,157.6934751,2.752270349,22,9.208333333
03/04/1984,4.25462,NA,NA,NA,NA,NA,NA,NA,NA,NA,NA,NA,NA,NA,NA,NA,NA,NA,NA,NA,NA,NA,0,9,3,135.4581938,2.36419148,14,8.125
04/04/1984,4.25736,NA,NA,NA,NA,NA,NA,NA,NA,NA,NA,NA,NA,NA,NA,NA,NA,NA,NA,NA,NA,NA,0,7.7,3.3,134.397305,2.345675479,19,7.5
05/04/1984,4.26010,NA,NA,NA,NA,NA,NA,NA,NA,NA,NA,NA,NA,NA,NA,NA,NA,NA,NA,NA,NA,NA,0.2,7.3,5.1,-174.6335392,-3.047930243,15,5.958333333
06/04/1984,4.26283,NA,NA,NA,NA,NA,NA,NA,NA,NA,NA,NA,NA,NA,NA,NA,NA,NA,NA,NA,NA,NA,3.3,7.6,5.1,18.04900694,0.315014598,18,8.666666667
07/04/1984,4.26557,NA,NA,NA,NA,NA,NA,NA,NA,NA,NA,NA,NA,NA,NA,NA,NA,NA,NA,NA,NA,NA,1.6,7.6,5.3,2.592140136,0.04524138,21,9.75
08/04/1984,4.26831,NA,NA,NA,NA,NA,NA,NA,NA,NA,NA,NA,NA,NA,NA,NA,NA,NA,NA,NA,NA,NA,0.4,9.6,4.6,-51.79662878,-0.904021714,19,6.958333333
09/04/1984,4.27105,NA,NA,NA,NA,NA,NA,NA,NA,NA,NA,NA,NA,NA,NA,NA,NA,NA,NA,NA,NA,NA,1.1,10.2,5.1,-104.3315295,-1.820928703,19,6.5
10/04/1984,4.27379,NA,NA,NA,NA,NA,NA,NA,NA,NA,NA,NA,NA,NA,NA,NA,NA,NA,NA,NA,NA,NA,15.3,9.4,2.7,-141.3072212,-2.466276266,34,15.45833333
11/04/1984,4.27652,NA,NA,NA,NA,NA,NA,NA,NA,NA,NA,NA,NA,NA,NA,NA,NA,NA,NA,NA,NA,NA,8.2,6.7,0.4,-104.6071607,-1.825739375,47,15.45833333
12/04/1984,4.27926,NA,NA,NA,NA,NA,NA,NA,NA,NA,NA,NA,NA,NA,NA,NA,NA,NA,NA,NA,NA,NA,2.2,9.1,1.3,-133.2778543,-2.326137378,43,16.41666667
13/04/1984,4.28200,NA,NA,NA,NA,NA,NA,NA,NA,NA,NA,NA,NA,NA,NA,NA,NA,NA,NA,NA,NA,NA,9.3,8.1,3.7,-120.8385724,-2.109030951,40,13.625
14/04/1984,4.28474,NA,NA,NA,NA,NA,NA,NA,NA,NA,NA,NA,NA,NA,NA,NA,NA,NA,NA,NA,NA,NA,8,6.8,1,-117.737017,-2.054898599,25,5.291666667
15/04/1984,4.28747,NA,NA,NA,NA,NA,NA,NA,NA,NA,NA,NA,NA,NA,NA,NA,NA,NA,NA,NA,NA,NA,2.9,8.2,1.6,-85.5500656,-1.49313032,25,10.25
16/04/1984,4.29021,NA,NA,NA,NA,NA,NA,NA,NA,NA,NA,NA,NA,NA,NA,NA,NA,NA,NA,NA,NA,NA,1.2,8.1,1.7,-70.46123348,-1.229780519,27,8.833333333
17/04/1984,4.29295,NA,NA,NA,NA,NA,NA,NA,NA,NA,NA,NA,NA,NA,NA,NA,NA,NA,NA,NA,NA,NA,0.3,9,1.4,-170.6874291,-2.979057629,19,8.041666667
18/04/1984,4.29569,NA,NA,NA,NA,NA,NA,NA,NA,NA,NA,NA,NA,NA,NA,NA,NA,NA,NA,NA,NA,NA,4.1,9.6,5.1,175.3307542,3.060098941,36,15.70833333
19/04/1984,4.29843,NA,NA,NA,NA,NA,NA,NA,NA,NA,NA,NA,NA,NA,NA,NA,NA,NA,NA,NA,NA,NA,4.5,11.7,6.6,-142.8140311,-2.492575061,38,14.375
20/04/1984,4.30116,NA,NA,NA,NA,NA,NA,NA,NA,NA,NA,NA,NA,NA,NA,NA,NA,NA,NA,NA,NA,NA,2.8,10.6,6.7,-164.9681325,-2.879237073,46,22.45833333
21/04/1984,4.30390,NA,NA,NA,NA,NA,NA,NA,NA,NA,NA,NA,NA,NA,NA,NA,NA,NA,NA,NA,NA,NA,4.3,10.9,5.6,-112.5556456,-1.964466608,47,17.29166667
22/04/1984,4.30664,NA,NA,NA,NA,NA,NA,NA,NA,NA,NA,NA,NA,NA,NA,NA,NA,NA,NA,NA,NA,NA,0,11.7,1.8,-143.5199611,-2.504895863,17,6.625
23/04/1984,4.30938,NA,NA,NA,NA,NA,NA,NA,NA,NA,NA,NA,NA,NA,NA,NA,NA,NA,NA,NA,NA,NA,0,15,2.3,-173.6007292,-3.029904308,NA,4.916666667
24/04/1984,4.31211,NA,NA,NA,NA,NA,NA,NA,NA,NA,NA,NA,NA,NA,NA,NA,NA,NA,NA,NA,NA,NA,0,18,4.8,-160.5483665,-2.802097604,24,7
25/04/1984,4.31485,NA,NA,NA,NA,NA,NA,NA,NA,NA,NA,NA,NA,NA,NA,NA,NA,NA,NA,NA,NA,NA,0,9.5,5.7,44.23183464,0.771991149,18,8.166666667
26/04/1984,4.31759,NA,NA,NA,NA,NA,NA,NA,NA,NA,NA,NA,NA,NA,NA,NA,NA,NA,NA,NA,NA,NA,0,13.8,6.8,31.73783348,0.553929692,NA,3.708333333
27/04/1984,4.32033,NA,NA,NA,NA,NA,NA,NA,NA,NA,NA,NA,NA,NA,NA,NA,NA,NA,NA,NA,NA,NA,0,17.8,4.6,2.809916826,0.0490423,NA,3.583333333
28/04/1984,4.32307,NA,NA,NA,NA,NA,NA,NA,NA,NA,NA,NA,NA,NA,NA,NA,NA,NA,NA,NA,NA,NA,0,20.3,6.4,-112.9799207,-1.971871606,NA,4
29/04/1984,4.32580,NA,NA,NA,NA,NA,NA,NA,NA,NA,NA,NA,NA,NA,NA,NA,NA,NA,NA,NA,NA,NA,0,16.1,7.1,-169.7918423,-2.96342669,21,7.75
30/04/1984,4.32854,NA,NA,NA,NA,NA,NA,NA,NA,NA,NA,NA,NA,NA,NA,NA,NA,NA,NA,NA,NA,NA,0,14.8,8.5,163.4155727,2.852139793,19,7.375
01/05/1984,4.33128,NA,NA,NA,NA,NA,NA,NA,NA,NA,NA,NA,NA,NA,NA,NA,NA,NA,NA,NA,NA,NA,0,14.8,4.1,-27.8728329,-0.486472706,NA,4.333333333
02/05/1984,4.33402,NA,NA,NA,NA,NA,NA,NA,NA,NA,NA,NA,NA,NA,NA,NA,NA,NA,NA,NA,NA,NA,0,11.6,3.6,10.82789891,0.188982487,17,6.916666667
03/05/1984,4.33676,NA,NA,NA,NA,NA,NA,NA,NA,NA,NA,NA,NA,NA,NA,NA,NA,NA,NA,NA,NA,NA,0.3,11.2,8,41.97301918,0.732567382,16,6.916666667
04/05/1984,4.33949,NA,NA,NA,NA,NA,NA,NA,NA,NA,NA,NA,NA,NA,NA,NA,NA,NA,NA,NA,NA,NA,0,12.2,3.7,5.341225291,0.093221967,11,3.833333333
05/05/1984,4.34223,NA,NA,NA,NA,NA,NA,NA,NA,NA,NA,NA,NA,NA,NA,NA,NA,NA,NA,NA,NA,NA,0,11.2,5.5,-9.46219897,-0.165146526,23,9.375
06/05/1984,4.34497,NA,NA,NA,NA,NA,NA,NA,NA,NA,NA,NA,NA,NA,NA,NA,NA,NA,NA,NA,NA,NA,0,8.4,5.2,20.40579704,0.356148345,25,14.58333333
07/05/1984,4.34771,NA,NA,NA,NA,NA,NA,NA,NA,NA,NA,NA,NA,NA,NA,NA,NA,NA,NA,NA,NA,NA,0,7.7,4.2,30.38252667,0.530275125,19,10.91666667
08/05/1984,4.35044,NA,NA,NA,NA,NA,NA,NA,NA,NA,NA,NA,NA,NA,NA,NA,NA,NA,NA,NA,NA,NA,0.1,10.4,2,110.6501397,1.931209255,15,5.083333333
09/05/1984,4.35318,NA,NA,NA,NA,NA,NA,NA,NA,NA,NA,NA,NA,NA,NA,NA,NA,NA,NA,NA,NA,NA,0,11.7,2.4,-76.28219267,-1.331375423,16,7.333333333
10/05/1984,4.35592,NA,NA,NA,NA,NA,NA,NA,NA,NA,NA,NA,NA,NA,NA,NA,NA,NA,NA,NA,NA,NA,0.2,10.2,4.4,28.04474601,0.489473156,24,12.75
11/05/1984,4.35866,NA,NA,NA,NA,NA,NA,NA,NA,NA,NA,NA,NA,NA,NA,NA,NA,NA,NA,NA,NA,NA,0,13.1,5.1,175.8687893,3.069489426,23,10.79166667
12/05/1984,4.36140,NA,NA,NA,NA,NA,NA,NA,NA,NA,NA,NA,NA,NA,NA,NA,NA,NA,NA,NA,NA,NA,0,14.3,6,-167.9109551,-2.930599017,30,14.91666667
13/05/1984,4.36413,NA,NA,NA,NA,NA,NA,NA,NA,NA,NA,NA,NA,NA,NA,NA,NA,NA,NA,NA,NA,NA,2.7,11.2,8.6,-167.0877136,-2.916230741,23,13.25
14/05/1984,4.36687,NA,NA,NA,NA,NA,NA,NA,NA,NA,NA,NA,NA,NA,NA,NA,NA,NA,NA,NA,NA,NA,9.9,10,7.4,-134.8474454,-2.35353191,25,8.041666667
15/05/1984,4.36961,NA,NA,NA,NA,NA,NA,NA,NA,NA,NA,NA,NA,NA,NA,NA,NA,NA,NA,NA,NA,NA,0,11,3.4,-160.8827849,-2.807934306,12,4.208333333
16/05/1984,4.37235,NA,NA,NA,NA,NA,NA,NA,NA,NA,NA,NA,NA,NA,NA,NA,NA,NA,NA,NA,NA,NA,0,12.1,2.6,-10.11366498,-0.176516753,NA,4.291666667
17/05/1984,4.37509,NA,NA,NA,NA,NA,NA,NA,NA,NA,NA,NA,NA,NA,NA,NA,NA,NA,NA,NA,NA,NA,0,13.1,4,42.26022988,0.737580154,25,7.541666667
18/05/1984,4.37782,NA,NA,NA,NA,NA,NA,NA,NA,NA,NA,NA,NA,NA,NA,NA,NA,NA,NA,NA,NA,NA,0,10.7,7,41.06138378,0.716656342,23,9.5
19/05/1984,4.38056,NA,NA,NA,NA,NA,NA,NA,NA,NA,NA,NA,NA,NA,NA,NA,NA,NA,NA,NA,NA,NA,0.2,13.1,5.8,-130.9294611,-2.285150184,24,11.04166667
20/05/1984,4.38330,NA,NA,NA,NA,NA,NA,NA,NA,NA,NA,NA,NA,NA,NA,NA,NA,NA,NA,NA,NA,NA,0.1,12.6,2.5,157.3469575,2.746222476,NA,6.125
21/05/1984,4.38604,NA,NA,NA,NA,NA,NA,NA,NA,NA,NA,NA,NA,NA,NA,NA,NA,NA,NA,NA,NA,NA,0,10.6,7.8,30.32570269,0.52928336,19,9.541666667
22/05/1984,4.38877,NA,NA,NA,NA,NA,NA,NA,NA,NA,NA,NA,NA,NA,NA,NA,NA,NA,NA,NA,NA,NA,0,10.6,8.9,25.88217153,0.451729111,24,11.75
23/05/1984,4.39151,NA,NA,NA,NA,NA,NA,NA,NA,NA,NA,NA,NA,NA,NA,NA,NA,NA,NA,NA,NA,NA,0,14.6,7.6,18.85598345,0.329098995,22,10.29166667
24/05/1984,4.39425,NA,NA,NA,NA,NA,NA,NA,NA,NA,NA,NA,NA,NA,NA,NA,NA,NA,NA,NA,NA,NA,0,12.4,7.5,-32.56939958,-0.568443258,20,9.25
25/05/1984,4.39699,NA,NA,NA,NA,NA,NA,NA,NA,NA,NA,NA,NA,NA,NA,NA,NA,NA,NA,NA,NA,NA,3.1,11.1,6,-12.04837637,-0.210283837,23,6.958333333
26/05/1984,4.39973,NA,NA,NA,NA,NA,NA,NA,NA,NA,NA,NA,NA,NA,NA,NA,NA,NA,NA,NA,NA,NA,1.3,9.7,2.9,14.52502964,0.253509591,25,9.666666667
27/05/1984,4.40246,NA,NA,NA,NA,NA,NA,NA,NA,NA,NA,NA,NA,NA,NA,NA,NA,NA,NA,NA,NA,NA,0,10,4.1,23.30638326,0.406773125,18,7.833333333
28/05/1984,4.40520,NA,NA,NA,NA,NA,NA,NA,NA,NA,NA,NA,NA,NA,NA,NA,NA,NA,NA,NA,NA,NA,0,11.7,4.4,43.40747779,0.757603407,16,7.208333333
29/05/1984,4.40794,NA,NA,NA,NA,NA,NA,NA,NA,NA,NA,NA,NA,NA,NA,NA,NA,NA,NA,NA,NA,NA,0,13.3,3,-126.9288362,-2.215326108,15,6
30/05/1984,4.41068,NA,NA,NA,NA,NA,NA,NA,NA,NA,NA,NA,NA,NA,NA,NA,NA,NA,NA,NA,NA,NA,1.1,11.4,8.7,172.8679049,3.017114111,21,8
31/05/1984,4.41342,NA,NA,NA,NA,NA,NA,NA,NA,NA,NA,NA,NA,NA,NA,NA,NA,NA,NA,NA,NA,NA,0,18.2,9.5,150.5555288,2.627689685,25,9.625
01/06/1984,4.41615,NA,NA,NA,NA,NA,NA,NA,NA,NA,NA,NA,NA,NA,NA,NA,NA,NA,NA,NA,NA,NA,5.5,13.8,10,44.23751951,0.772090368,17,4.291666667
02/06/1984,4.41889,NA,NA,NA,NA,NA,NA,NA,NA,NA,NA,NA,NA,NA,NA,NA,NA,NA,NA,NA,NA,NA,3.1,10.8,8.3,158.1488441,2.760218038,31,10.33333333
03/06/1984,4.42163,NA,NA,NA,NA,NA,NA,NA,NA,NA,NA,NA,NA,NA,NA,NA,NA,NA,NA,NA,NA,NA,0.2,15.2,6,89.08040827,1.554746423,37,11.83333333
04/06/1984,4.42437,NA,NA,NA,NA,NA,NA,NA,NA,NA,NA,NA,NA,NA,NA,NA,NA,NA,NA,NA,NA,NA,3.4,14.3,8.9,63.46275583,1.107634042,19,6.041666667
05/06/1984,4.42710,NA,NA,NA,NA,NA,NA,NA,NA,NA,NA,NA,NA,NA,NA,NA,NA,NA,NA,NA,NA,NA,0.1,13,9.4,37.108779,0.647670375,NA,13.33333333
06/06/1984,4.42984,NA,NA,NA,NA,NA,NA,NA,NA,NA,NA,NA,NA,NA,NA,NA,NA,NA,NA,NA,NA,NA,0,12.2,9.8,39.16989811,0.68364369,31,14.79166667
07/06/1984,4.43258,NA,NA,NA,NA,NA,NA,NA,NA,NA,NA,NA,NA,NA,NA,NA,NA,NA,NA,NA,NA,NA,0,12.4,8.4,34.18734783,0.596681782,24,10.58333333
08/06/1984,4.43532,NA,NA,NA,NA,NA,NA,NA,NA,NA,NA,NA,NA,NA,NA,NA,NA,NA,NA,NA,NA,NA,0,11.4,7.8,28.33803899,0.494592084,20,11.04166667
09/06/1984,4.43806,NA,NA,NA,NA,NA,NA,NA,NA,NA,NA,NA,NA,NA,NA,NA,NA,NA,NA,NA,NA,NA,0,12.3,7,25.40217484,0.443351588,19,9.583333333
10/06/1984,4.44079,NA,NA,NA,NA,NA,NA,NA,NA,NA,NA,NA,NA,NA,NA,NA,NA,NA,NA,NA,NA,NA,0,11.3,8.9,82.21662544,1.434950814,9,2.958333333
11/06/1984,4.44353,NA,NA,NA,NA,NA,NA,NA,NA,NA,NA,NA,NA,NA,NA,NA,NA,NA,NA,NA,NA,NA,0,13.7,8.3,-175.4358967,-3.061934024,24,11.58333333
12/06/1984,4.44627,NA,NA,NA,NA,NA,NA,NA,NA,NA,NA,NA,NA,NA,NA,NA,NA,NA,NA,NA,NA,NA,11.9,14.4,10.4,-150.8541007,-2.632900748,29,13.875
13/06/1984,4.44901,NA,NA,NA,NA,NA,NA,NA,NA,NA,NA,NA,NA,NA,NA,NA,NA,NA,NA,NA,NA,NA,1.1,14.6,8.2,-99.53732957,-1.73725413,24,11.25
14/06/1984,4.45175,NA,NA,NA,NA,NA,NA,NA,NA,NA,NA,NA,NA,NA,NA,NA,NA,NA,NA,NA,NA,NA,0.5,13.7,9.3,-81.26821589,-1.418397945,19,8.208333333
15/06/1984,4.45448,NA,NA,NA,NA,NA,NA,NA,NA,NA,NA,NA,NA,NA,NA,NA,NA,NA,NA,NA,NA,NA,0.9,16.5,9.8,-121.1042747,-2.113668332,19,8.791666667
16/06/1984,4.45722,NA,NA,NA,NA,NA,NA,NA,NA,NA,NA,NA,NA,NA,NA,NA,NA,NA,NA,NA,NA,NA,0,16.9,9.3,-166.600933,-2.907734819,16,6.333333333
17/06/1984,4.45996,NA,NA,NA,NA,NA,NA,NA,NA,NA,NA,NA,NA,NA,NA,NA,NA,NA,NA,NA,NA,NA,0,15.9,10.8,-163.3761587,-2.851451889,25,11.125
18/06/1984,4.46270,NA,NA,NA,NA,NA,NA,NA,NA,NA,NA,NA,NA,NA,NA,NA,NA,NA,NA,NA,NA,NA,0,16.2,11.2,-145.6061133,-2.541306087,22,11.08333333
19/06/1984,4.46543,NA,NA,NA,NA,NA,NA,NA,NA,NA,NA,NA,NA,NA,NA,NA,NA,NA,NA,NA,NA,NA,1.6,16.2,11.2,-130.3330539,-2.274740914,22,10.625
20/06/1984,4.46817,NA,NA,NA,NA,NA,NA,NA,NA,NA,NA,NA,NA,NA,NA,NA,NA,NA,NA,NA,NA,NA,0.8,14.4,10.2,-138.5696658,-2.418496912,32,12.75
21/06/1984,4.47091,NA,NA,NA,NA,NA,NA,NA,NA,NA,NA,NA,NA,NA,NA,NA,NA,NA,NA,NA,NA,NA,2.9,13,8.2,-112.2992311,-1.959991331,30,12.5
22/06/1984,4.47365,NA,NA,NA,NA,NA,NA,NA,NA,NA,NA,NA,NA,NA,NA,NA,NA,NA,NA,NA,NA,NA,5.3,11.9,4.5,-53.41470754,-0.932262515,42,12.83333333
23/06/1984,4.47639,NA,NA,NA,NA,NA,NA,NA,NA,NA,NA,NA,NA,NA,NA,NA,NA,NA,NA,NA,NA,NA,0,13.2,7.2,-66.89355439,-1.167512772,16,7
24/06/1984,4.47912,NA,NA,NA,NA,NA,NA,NA,NA,NA,NA,NA,NA,NA,NA,NA,NA,NA,NA,NA,NA,NA,4.3,13.1,6.4,-105.1770291,-1.835685455,29,9.791666667
25/06/1984,4.48186,NA,NA,NA,NA,NA,NA,NA,NA,NA,NA,NA,NA,NA,NA,NA,NA,NA,NA,NA,NA,NA,2.4,14.9,9.9,-72.60716782,-1.267234139,30,15.33333333
26/06/1984,4.48460,NA,NA,NA,NA,NA,NA,NA,NA,NA,NA,NA,NA,NA,NA,NA,NA,NA,NA,NA,NA,NA,0.6,15.2,10.6,-94.11494035,-1.642615584,28,13.58333333
27/06/1984,4.48734,NA,NA,NA,NA,NA,NA,NA,NA,NA,NA,NA,NA,NA,NA,NA,NA,NA,NA,NA,NA,NA,0.8,13.8,9,-39.16285517,-0.683520767,31,15.625
28/06/1984,4.49008,NA,NA,NA,NA,NA,NA,NA,NA,NA,NA,NA,NA,NA,NA,NA,NA,NA,NA,NA,NA,NA,0.1,14.1,7,-46.13287983,-0.805170646,22,11
29/06/1984,4.49281,NA,NA,NA,NA,NA,NA,NA,NA,NA,NA,NA,NA,NA,NA,NA,NA,NA,NA,NA,NA,NA,0,13.6,9.2,-21.81291913,-0.380707258,24,9.333333333
30/06/1984,4.49555,NA,NA,NA,NA,NA,NA,NA,NA,NA,NA,NA,NA,NA,NA,NA,NA,NA,NA,NA,NA,NA,0,13.5,7.4,-54.80217898,-0.95647846,16,5.541666667
01/07/1984,4.49829,NA,NA,NA,NA,NA,NA,NA,NA,NA,NA,NA,NA,NA,NA,NA,NA,NA,NA,NA,NA,NA,0.6,13.6,8.7,-35.69958473,-0.623075295,23,8.875
02/07/1984,4.50103,NA,NA,NA,NA,NA,NA,NA,NA,NA,NA,NA,NA,NA,NA,NA,NA,NA,NA,NA,NA,NA,0.1,13.1,7.5,13.9419388,0.243332736,17,7.708333333
03/07/1984,4.50376,NA,NA,NA,NA,NA,NA,NA,NA,NA,NA,NA,NA,NA,NA,NA,NA,NA,NA,NA,NA,NA,0,14.1,7.6,11.21682783,0.195770577,13,4.833333333
04/07/1984,4.50650,NA,NA,NA,NA,NA,NA,NA,NA,NA,NA,NA,NA,NA,NA,NA,NA,NA,NA,NA,NA,NA,0,13.7,4,84.51803867,1.475118052,12,3.916666667
05/07/1984,4.50924,NA,NA,NA,NA,NA,NA,NA,NA,NA,NA,NA,NA,NA,NA,NA,NA,NA,NA,NA,NA,NA,0,16.9,9,157.0818669,2.741595772,17,7
06/07/1984,4.51198,NA,NA,NA,NA,NA,NA,NA,NA,NA,NA,NA,NA,NA,NA,NA,NA,NA,NA,NA,NA,NA,0.2,15.7,12.2,175.026032,3.054780536,27,9.458333333
07/07/1984,4.51472,NA,NA,NA,NA,NA,NA,NA,NA,NA,NA,NA,NA,NA,NA,NA,NA,NA,NA,NA,NA,NA,1.5,14.5,11.5,-172.4760838,-3.010275543,34,13.45833333
08/07/1984,4.51745,NA,NA,NA,NA,NA,NA,NA,NA,NA,NA,NA,NA,NA,NA,NA,NA,NA,NA,NA,NA,NA,0.1,20.7,12.1,158.9277567,2.773812628,18,6.583333333
09/07/1984,4.52019,NA,NA,NA,NA,NA,NA,NA,NA,NA,NA,NA,NA,NA,NA,NA,NA,NA,NA,NA,NA,NA,5.3,24.2,13.6,105.1264406,1.834802519,15,4.375
10/07/1984,4.52293,NA,NA,NA,NA,NA,NA,NA,NA,NA,NA,NA,NA,NA,NA,NA,NA,NA,NA,NA,NA,NA,15.8,19.5,12.5,122.8288531,2.143767904,12,4.291666667
11/07/1984,4.52567,NA,NA,NA,NA,NA,NA,NA,NA,NA,NA,NA,NA,NA,NA,NA,NA,NA,NA,NA,NA,NA,9,17.7,12.9,-177.8691331,-3.104402011,24,11.875
12/07/1984,4.52841,NA,NA,NA,NA,NA,NA,NA,NA,NA,NA,NA,NA,NA,NA,NA,NA,NA,NA,NA,NA,NA,0.6,16.7,12.5,-130.0089235,-2.269083773,18,9.333333333
13/07/1984,4.53114,NA,NA,NA,NA,NA,NA,NA,NA,NA,NA,NA,NA,NA,NA,NA,NA,NA,NA,NA,NA,NA,0.2,16.2,10.8,-109.591406,-1.912730866,28,8.625
14/07/1984,4.53388,NA,NA,NA,NA,NA,NA,NA,NA,NA,NA,NA,NA,NA,NA,NA,NA,NA,NA,NA,NA,NA,6.2,14.9,9.6,-94.57718088,-1.650683204,21,6.083333333
15/07/1984,4.53662,NA,NA,NA,NA,NA,NA,NA,NA,NA,NA,NA,NA,NA,NA,NA,NA,NA,NA,NA,NA,NA,0.1,14.5,7.9,-42.61029738,-0.743689985,24,7.5
16/07/1984,4.53936,NA,NA,NA,NA,NA,NA,NA,NA,NA,NA,NA,NA,NA,NA,NA,NA,NA,NA,NA,NA,NA,0,15.4,11.3,-109.6485792,-1.913728727,14,6.291666667
17/07/1984,4.54209,NA,NA,NA,NA,NA,NA,NA,NA,NA,NA,NA,NA,NA,NA,NA,NA,NA,NA,NA,NA,NA,0.4,15.8,12.5,-98.43217548,-1.717965552,19,8.625
18/07/1984,4.54483,NA,NA,NA,NA,NA,NA,NA,NA,NA,NA,NA,NA,NA,NA,NA,NA,NA,NA,NA,NA,NA,0.6,16.7,10.2,-59.56601977,-1.039623167,12,4.208333333
19/07/1984,4.54757,NA,NA,NA,NA,NA,NA,NA,NA,NA,NA,NA,NA,NA,NA,NA,NA,NA,NA,NA,NA,NA,0,16.3,11.5,-42.71669215,-0.745546923,15,5.291666667
20/07/1984,4.55031,NA,NA,NA,NA,NA,NA,NA,NA,NA,NA,NA,NA,NA,NA,NA,NA,NA,NA,NA,NA,NA,1,15.2,11.3,-49.28120216,-0.860119237,16,7.416666667
21/07/1984,4.55305,NA,NA,NA,NA,NA,NA,NA,NA,NA,NA,NA,NA,NA,NA,NA,NA,NA,NA,NA,NA,NA,0.5,14.1,10.4,-34.96101116,-0.610184754,19,6.208333333
22/07/1984,4.55578,NA,NA,NA,NA,NA,NA,NA,NA,NA,NA,NA,NA,NA,NA,NA,NA,NA,NA,NA,NA,NA,1.9,16.9,8.2,-51.54799436,-0.899682224,15,4.833333333
23/07/1984,4.55852,NA,NA,NA,NA,NA,NA,NA,NA,NA,NA,NA,NA,NA,NA,NA,NA,NA,NA,NA,NA,NA,0.1,15.8,11.8,-60.37669564,-1.05377213,14,5.75
24/07/1984,4.56126,NA,NA,NA,NA,NA,NA,NA,NA,NA,NA,NA,NA,NA,NA,NA,NA,NA,NA,NA,NA,NA,0.2,17,12.5,-52.91268427,-0.923500557,14,4.5
25/07/1984,4.56400,NA,NA,NA,NA,NA,NA,NA,NA,NA,NA,NA,NA,NA,NA,NA,NA,NA,NA,NA,NA,NA,0,15.7,11.5,-32.46637515,-0.566645142,19,7.583333333
26/07/1984,4.56674,NA,NA,NA,NA,NA,NA,NA,NA,NA,NA,NA,NA,NA,NA,NA,NA,NA,NA,NA,NA,NA,0.2,16.8,12.3,-72.97096337,-1.273583569,18,7.5
27/07/1984,4.56947,NA,NA,NA,NA,NA,NA,NA,NA,NA,NA,NA,NA,NA,NA,NA,NA,NA,NA,NA,NA,NA,15.8,15.5,12.3,-126.43795,-2.206758527,24,10.95833333
28/07/1984,4.57221,NA,NA,NA,NA,NA,NA,NA,NA,NA,NA,NA,NA,NA,NA,NA,NA,NA,NA,NA,NA,NA,0.2,16.1,13.4,-101.1980812,-1.766239713,23,11.33333333
29/07/1984,4.57495,NA,NA,NA,NA,NA,NA,NA,NA,NA,NA,NA,NA,NA,NA,NA,NA,NA,NA,NA,NA,NA,0.3,16.9,11.5,-166.0807425,-2.89865578,17,7.958333333
30/07/1984,4.57769,NA,NA,NA,NA,NA,NA,NA,NA,NA,NA,NA,NA,NA,NA,NA,NA,NA,NA,NA,NA,NA,13.4,14.7,12,85.67429976,1.495298615,11,3.666666667
31/07/1984,4.58042,NA,NA,NA,NA,NA,NA,NA,NA,NA,NA,NA,NA,NA,NA,NA,NA,NA,NA,NA,NA,NA,0.9,16.6,12.2,-82.27475405,-1.435965349,20,8.541666667
01/08/1984,4.58316,NA,NA,NA,NA,NA,NA,NA,NA,NA,NA,NA,NA,NA,NA,NA,NA,NA,NA,NA,NA,NA,0.1,17.5,8.1,-159.1752554,-2.778132295,21,7.5
02/08/1984,4.58590,NA,NA,NA,NA,NA,NA,NA,NA,NA,NA,NA,NA,NA,NA,NA,NA,NA,NA,NA,NA,NA,0.4,15.7,12.9,55.40449263,0.966990817,26,10.83333333
03/08/1984,4.58864,NA,NA,NA,NA,NA,NA,NA,NA,NA,NA,NA,NA,NA,NA,NA,NA,NA,NA,NA,NA,NA,0.1,14.9,11.8,40.10296942,0.699928856,25,13.625
04/08/1984,4.59138,NA,NA,NA,NA,NA,NA,NA,NA,NA,NA,NA,NA,NA,NA,NA,NA,NA,NA,NA,NA,NA,0,14.1,9.7,-16.94468475,-0.29574054,21,8.708333333
05/08/1984,4.59411,NA,NA,NA,NA,NA,NA,NA,NA,NA,NA,NA,NA,NA,NA,NA,NA,NA,NA,NA,NA,NA,0.6,16.6,8.1,-127.1780232,-2.21967524,14,5.208333333
06/08/1984,4.59685,NA,NA,NA,NA,NA,NA,NA,NA,NA,NA,NA,NA,NA,NA,NA,NA,NA,NA,NA,NA,NA,8,16.3,11.1,-86.40362032,-1.50802766,24,7.875
07/08/1984,4.59959,NA,NA,NA,NA,NA,NA,NA,NA,NA,NA,NA,NA,NA,NA,NA,NA,NA,NA,NA,NA,NA,0,15.2,7.8,16.88591319,0.294714782,10,3.958333333
08/08/1984,4.60233,NA,NA,NA,NA,NA,NA,NA,NA,NA,NA,NA,NA,NA,NA,NA,NA,NA,NA,NA,NA,NA,1.1,15.6,9.5,-124.1560784,-2.166932355,24,8.583333333
09/08/1984,4.60507,NA,NA,NA,NA,NA,NA,NA,NA,NA,NA,NA,NA,NA,NA,NA,NA,NA,NA,NA,NA,NA,0,17.6,7.6,-103.4248736,-1.805104573,14,4.541666667
10/08/1984,4.60780,NA,NA,NA,NA,NA,NA,NA,NA,NA,NA,NA,NA,NA,NA,NA,NA,NA,NA,NA,NA,NA,0,17.6,7.6,-151.5219775,-2.644557397,26,10.54166667
11/08/1984,4.61054,NA,NA,NA,NA,NA,NA,NA,NA,NA,NA,NA,NA,NA,NA,NA,NA,NA,NA,NA,NA,NA,0.1,15.7,12.6,-69.05762508,-1.205282931,24,9.5
12/08/1984,4.61328,NA,NA,NA,NA,NA,NA,NA,NA,NA,NA,NA,NA,NA,NA,NA,NA,NA,NA,NA,NA,NA,0,16.3,10.7,21.41686513,0.373794812,11,3.5
13/08/1984,4.61602,NA,NA,NA,NA,NA,NA,NA,NA,NA,NA,NA,NA,NA,NA,NA,NA,NA,NA,NA,NA,NA,0,17.1,11.8,-169.1875807,-2.952880336,26,10.33333333
14/08/1984,4.61875,NA,NA,NA,NA,NA,NA,NA,NA,NA,NA,NA,NA,NA,NA,NA,NA,NA,NA,NA,NA,NA,0,16.2,9.3,-118.7972165,-2.073402569,22,7.375
15/08/1984,4.62149,NA,NA,NA,NA,NA,NA,NA,NA,NA,NA,NA,NA,NA,NA,NA,NA,NA,NA,NA,NA,NA,0,16.3,10,-95.48667251,-1.666556827,12,3.583333333
16/08/1984,4.62423,NA,NA,NA,NA,NA,NA,NA,NA,NA,NA,NA,NA,NA,NA,NA,NA,NA,NA,NA,NA,NA,0,16.5,6,-83.6960237,-1.460771184,12,3.708333333
17/08/1984,4.62697,NA,NA,NA,NA,NA,NA,NA,NA,NA,NA,NA,NA,NA,NA,NA,NA,NA,NA,NA,NA,NA,0,17.4,7.1,-157.4567009,-2.748137861,18,5.708333333
18/08/1984,4.62971,NA,NA,NA,NA,NA,NA,NA,NA,NA,NA,NA,NA,NA,NA,NA,NA,NA,NA,NA,NA,NA,0.7,18,13.5,-179.1848163,-3.127365013,20,10
19/08/1984,4.63244,NA,NA,NA,NA,NA,NA,NA,NA,NA,NA,NA,NA,NA,NA,NA,NA,NA,NA,NA,NA,NA,0,22,14.7,-163.6457703,-2.856157499,17,7.083333333
20/08/1984,4.63518,NA,NA,NA,NA,NA,NA,NA,NA,NA,NA,NA,NA,NA,NA,NA,NA,NA,NA,NA,NA,NA,0,21.5,10,130.1548754,2.271631113,11,3.458333333
21/08/1984,4.63792,NA,NA,NA,NA,NA,NA,NA,NA,NA,NA,NA,NA,NA,NA,NA,NA,NA,NA,NA,NA,NA,0,22.9,12.8,-63.31799337,-1.10510746,9,2.958333333
22/08/1984,4.64066,NA,NA,NA,NA,NA,NA,NA,NA,NA,NA,NA,NA,NA,NA,NA,NA,NA,NA,NA,NA,NA,0,20.7,12.7,11.83876198,0.206625376,18,5.666666667
23/08/1984,4.64339,NA,NA,NA,NA,NA,NA,NA,NA,NA,NA,NA,NA,NA,NA,NA,NA,NA,NA,NA,NA,NA,0,19.7,13.8,42.66909099,0.744716127,16,7.291666667
24/08/1984,4.64613,NA,NA,NA,NA,NA,NA,NA,NA,NA,NA,NA,NA,NA,NA,NA,NA,NA,NA,NA,NA,NA,0,19.4,13.8,88.38080869,1.542536107,24,9.541666667
25/08/1984,4.64887,NA,NA,NA,NA,NA,NA,NA,NA,NA,NA,NA,NA,NA,NA,NA,NA,NA,NA,NA,NA,NA,0,18.9,11.6,97.68110405,1.704856883,16,5.916666667
26/08/1984,4.65161,NA,NA,NA,NA,NA,NA,NA,NA,NA,NA,NA,NA,NA,NA,NA,NA,NA,NA,NA,NA,NA,0,19,11.9,163.3534296,2.851055191,22,6.166666667
27/08/1984,4.65435,NA,NA,NA,NA,NA,NA,NA,NA,NA,NA,NA,NA,NA,NA,NA,NA,NA,NA,NA,NA,NA,0,17.7,12.9,-128.3105549,-2.239441649,27,9.291666667
28/08/1984,4.65708,NA,NA,NA,NA,NA,NA,NA,NA,NA,NA,NA,NA,NA,NA,NA,NA,NA,NA,NA,NA,NA,4.4,16.9,12.2,-136.6193272,-2.384457081,39,16.25
29/08/1984,4.65982,NA,NA,NA,NA,NA,NA,NA,NA,NA,NA,NA,NA,NA,NA,NA,NA,NA,NA,NA,NA,NA,4.7,16.1,11.4,-131.1804583,-2.289530912,36,16.625
30/08/1984,4.66256,NA,NA,NA,NA,NA,NA,NA,NA,NA,NA,NA,NA,NA,NA,NA,NA,NA,NA,NA,NA,NA,11.4,15.5,11.4,-106.8738073,-1.865299821,38,13.58333333
31/08/1984,4.66530,NA,NA,NA,NA,NA,NA,NA,NA,NA,NA,NA,NA,NA,NA,NA,NA,NA,NA,NA,NA,NA,0.7,14.5,8.4,-29.17822033,-0.509256015,17,4.833333333
01/09/1984,4.66804,NA,NA,NA,NA,NA,NA,NA,NA,NA,NA,NA,NA,NA,NA,NA,NA,NA,NA,NA,NA,NA,0,14.6,6.9,66.37529023,1.158467357,15,6.333333333
02/09/1984,4.67077,NA,NA,NA,NA,NA,NA,NA,NA,NA,NA,NA,NA,NA,NA,NA,NA,NA,NA,NA,NA,NA,7.9,15,11.6,159.9071067,2.790905509,20,5.916666667
03/09/1984,4.67351,NA,NA,NA,NA,NA,NA,NA,NA,NA,NA,NA,NA,NA,NA,NA,NA,NA,NA,NA,NA,NA,1.6,13.2,8.2,23.88207118,0.416820774,31,15.91666667
04/09/1984,4.67625,NA,NA,NA,NA,NA,NA,NA,NA,NA,NA,NA,NA,NA,NA,NA,NA,NA,NA,NA,NA,NA,0,14.7,7.1,-21.66829361,-0.378183067,31,12.75
05/09/1984,4.67899,NA,NA,NA,NA,NA,NA,NA,NA,NA,NA,NA,NA,NA,NA,NA,NA,NA,NA,NA,NA,NA,0,14,7.1,-62.58935641,-1.092390346,13,4.166666667
06/09/1984,4.68172,NA,NA,NA,NA,NA,NA,NA,NA,NA,NA,NA,NA,NA,NA,NA,NA,NA,NA,NA,NA,NA,0,16.1,9.2,-153.3295631,-2.676105716,22,10.16666667
07/09/1984,4.68446,NA,NA,NA,NA,NA,NA,NA,NA,NA,NA,NA,NA,NA,NA,NA,NA,NA,NA,NA,NA,NA,3.5,13.7,12,-143.1061857,-2.497674121,23,8.625
08/09/1984,4.68720,NA,NA,NA,NA,NA,NA,NA,NA,NA,NA,NA,NA,NA,NA,NA,NA,NA,NA,NA,NA,NA,3.7,13.1,9.4,-144.1228136,-2.515417624,18,6.583333333
09/09/1984,4.68994,NA,NA,NA,NA,NA,NA,NA,NA,NA,NA,NA,NA,NA,NA,NA,NA,NA,NA,NA,NA,NA,8.6,12.4,8.9,-50.9932244,-0.889999662,33,13.125
10/09/1984,4.69268,NA,NA,NA,NA,NA,NA,NA,NA,NA,NA,NA,NA,NA,NA,NA,NA,NA,NA,NA,NA,NA,3.1,12,8.5,-83.39233834,-1.455470875,32,11.375
11/09/1984,4.69541,NA,NA,NA,NA,NA,NA,NA,NA,NA,NA,NA,NA,NA,NA,NA,NA,NA,NA,NA,NA,NA,3,12.9,6.4,-69.35639562,-1.210497461,29,11.875
12/09/1984,4.69815,NA,NA,NA,NA,NA,NA,NA,NA,NA,NA,NA,NA,NA,NA,NA,NA,NA,NA,NA,NA,NA,3.1,12.8,4.9,171.6195716,2.995326585,19,6.166666667
13/09/1984,4.70089,NA,NA,NA,NA,NA,NA,NA,NA,NA,NA,NA,NA,NA,NA,NA,NA,NA,NA,NA,NA,NA,4.4,15.7,10.6,-173.3126767,-3.024876844,26,9.916666667
14/09/1984,4.70363,NA,NA,NA,NA,NA,NA,NA,NA,NA,NA,NA,NA,NA,NA,NA,NA,NA,NA,NA,NA,NA,9.6,15.1,11.8,-41.42588142,-0.723018026,24,9.583333333
15/09/1984,4.70637,NA,NA,NA,NA,NA,NA,NA,NA,NA,NA,NA,NA,NA,NA,NA,NA,NA,NA,NA,NA,NA,0,13.3,8.6,-145.5940546,-2.541095624,20,6.541666667
16/09/1984,4.70910,NA,NA,NA,NA,NA,NA,NA,NA,NA,NA,NA,NA,NA,NA,NA,NA,NA,NA,NA,NA,NA,7.1,13.3,9.7,-102.5331228,-1.789540586,23,9.166666667
17/09/1984,4.71184,NA,NA,NA,NA,NA,NA,NA,NA,NA,NA,NA,NA,NA,NA,NA,NA,NA,NA,NA,NA,NA,2.2,11.2,8,13.90386476,0.242668219,26,7.833333333
18/09/1984,4.71458,NA,NA,NA,NA,NA,NA,NA,NA,NA,NA,NA,NA,NA,NA,NA,NA,NA,NA,NA,NA,NA,5,13.1,8.5,-115.3951896,-2.014026,38,11.5
19/09/1984,4.71732,NA,NA,NA,NA,NA,NA,NA,NA,NA,NA,NA,NA,NA,NA,NA,NA,NA,NA,NA,NA,NA,8.8,13.6,8.3,-100.5532423,-1.754985152,40,19.54166667
20/09/1984,4.72005,NA,NA,NA,NA,NA,NA,NA,NA,NA,NA,NA,NA,NA,NA,NA,NA,NA,NA,NA,NA,NA,7.9,12.6,4.3,-118.0745767,-2.060790127,31,12.58333333
21/09/1984,4.72279,NA,NA,NA,NA,NA,NA,NA,NA,NA,NA,NA,NA,NA,NA,NA,NA,NA,NA,NA,NA,NA,0.1,12,2.8,166.0368602,2.89788989,19,4.625
22/09/1984,4.72553,NA,NA,NA,NA,NA,NA,NA,NA,NA,NA,NA,NA,NA,NA,NA,NA,NA,NA,NA,NA,NA,6.8,12.4,6.6,23.86429654,0.416510548,32,12.5
23/09/1984,4.72827,NA,NA,NA,NA,NA,NA,NA,NA,NA,NA,NA,NA,NA,NA,NA,NA,NA,NA,NA,NA,NA,1.4,11,7.6,-10.41745393,-0.181818871,38,19.41666667
24/09/1984,4.73101,NA,NA,NA,NA,NA,NA,NA,NA,NA,NA,NA,NA,NA,NA,NA,NA,NA,NA,NA,NA,NA,6.2,12.4,8.3,-5.025580191,-0.087712921,32,15.875
25/09/1984,4.73374,NA,NA,NA,NA,NA,NA,NA,NA,NA,NA,NA,NA,NA,NA,NA,NA,NA,NA,NA,NA,NA,1.1,12.7,8,-13.70881389,-0.239263939,27,8.666666667
26/09/1984,4.73648,NA,NA,NA,NA,NA,NA,NA,NA,NA,NA,NA,NA,NA,NA,NA,NA,NA,NA,NA,NA,NA,0,13.4,8.4,57.69929621,1.007042695,15,5.916666667
27/09/1984,4.73922,NA,NA,NA,NA,NA,NA,NA,NA,NA,NA,NA,NA,NA,NA,NA,NA,NA,NA,NA,NA,NA,5,12.2,9.7,142.7662656,2.491741396,22,6.75
28/09/1984,4.74196,NA,NA,NA,NA,NA,NA,NA,NA,NA,NA,NA,NA,NA,NA,NA,NA,NA,NA,NA,NA,NA,5.4,12.3,7.9,-124.1304962,-2.166485861,11,3
29/09/1984,4.74470,NA,NA,NA,NA,NA,NA,NA,NA,NA,NA,NA,NA,NA,NA,NA,NA,NA,NA,NA,NA,NA,0,13.8,3.6,-173.1127785,-3.021387963,21,6.958333333
30/09/1984,4.74743,NA,NA,NA,NA,NA,NA,NA,NA,NA,NA,NA,NA,NA,NA,NA,NA,NA,NA,NA,NA,NA,11.5,12.6,6.5,-94.66325678,-1.652185511,37,15.83333333
01/10/1984,4.75017,NA,NA,NA,NA,NA,NA,NA,NA,NA,NA,NA,NA,NA,NA,NA,NA,NA,NA,NA,NA,NA,2.9,11.5,4.9,-142.9525939,-2.494993437,24,5.25
02/10/1984,4.75291,NA,NA,NA,NA,NA,NA,NA,NA,NA,NA,NA,NA,NA,NA,NA,NA,NA,NA,NA,NA,NA,0.1,12.3,3.8,99.58997497,1.738172965,19,6.291666667
03/10/1984,4.75565,NA,NA,NA,NA,NA,NA,NA,NA,NA,NA,NA,NA,NA,NA,NA,NA,NA,NA,NA,NA,NA,0.5,12,6.2,175.8096489,3.068457231,21,7.5
04/10/1984,4.75838,NA,NA,NA,NA,NA,NA,NA,NA,NA,NA,NA,NA,NA,NA,NA,NA,NA,NA,NA,NA,NA,0.2,11.5,2.5,-50.10080105,-0.874423936,17,4.916666667
05/10/1984,4.76112,NA,NA,NA,NA,NA,NA,NA,NA,NA,NA,NA,NA,NA,NA,NA,NA,NA,NA,NA,NA,NA,1,11.3,4.5,-93.12608815,-1.625356858,25,7.625
06/10/1984,4.76386,NA,NA,NA,NA,NA,NA,NA,NA,NA,NA,NA,NA,NA,NA,NA,NA,NA,NA,NA,NA,NA,2.7,11.7,6.3,-79.78638768,-1.392535163,32,10.54166667
07/10/1984,4.76660,NA,NA,NA,NA,NA,NA,NA,NA,NA,NA,NA,NA,NA,NA,NA,NA,NA,NA,NA,NA,NA,2.4,11.8,7.1,-109.314973,-1.907906201,40,14.875
08/10/1984,4.76934,NA,NA,NA,NA,NA,NA,NA,NA,NA,NA,NA,NA,NA,NA,NA,NA,NA,NA,NA,NA,NA,8.2,13,7.7,-124.7083133,-2.176570671,36,17
09/10/1984,4.77207,NA,NA,NA,NA,NA,NA,NA,NA,NA,NA,NA,NA,NA,NA,NA,NA,NA,NA,NA,NA,NA,2.4,12.2,7,-118.6892877,-2.071518858,38,17.83333333
10/10/1984,4.77481,NA,NA,NA,NA,NA,NA,NA,NA,NA,NA,NA,NA,NA,NA,NA,NA,NA,NA,NA,NA,NA,8.4,12,6.8,-127.813149,-2.230760277,39,17.95833333
11/10/1984,4.77755,NA,NA,NA,NA,NA,NA,NA,NA,NA,NA,NA,NA,NA,NA,NA,NA,NA,NA,NA,NA,NA,3.4,10.2,5.5,-96.65769049,-1.686994946,31,10.875
12/10/1984,4.78029,NA,NA,NA,NA,NA,NA,NA,NA,NA,NA,NA,NA,NA,NA,NA,NA,NA,NA,NA,NA,NA,9.2,12.6,2.8,179.657029,3.135606681,34,12.875
13/10/1984,4.78303,NA,NA,NA,NA,NA,NA,NA,NA,NA,NA,NA,NA,NA,NA,NA,NA,NA,NA,NA,NA,NA,4,14.2,9.6,-143.4126621,-2.503023142,40,17.45833333
14/10/1984,4.78576,NA,NA,NA,NA,NA,NA,NA,NA,NA,NA,NA,NA,NA,NA,NA,NA,NA,NA,NA,NA,NA,0.6,13.9,8,-141.6880471,-2.472922932,20,8.708333333
15/10/1984,4.78850,NA,NA,NA,NA,NA,NA,NA,NA,NA,NA,NA,NA,NA,NA,NA,NA,NA,NA,NA,NA,NA,0.5,14.6,10.7,-167.1913707,-2.918039899,36,12
16/10/1984,4.79124,NA,NA,NA,NA,NA,NA,NA,NA,NA,NA,NA,NA,NA,NA,NA,NA,NA,NA,NA,NA,NA,10.7,12.5,9.1,-154.6284238,-2.698775113,31,14.08333333
17/10/1984,4.79398,NA,NA,NA,NA,NA,NA,NA,NA,NA,NA,NA,NA,NA,NA,NA,NA,NA,NA,NA,NA,NA,0.6,11.9,5.1,-153.6289661,-2.681331286,21,8.416666667
18/10/1984,4.79671,NA,NA,NA,NA,NA,NA,NA,NA,NA,NA,NA,NA,NA,NA,NA,NA,NA,NA,NA,NA,NA,27.1,10.6,8.1,69.14781712,1.206857079,35,15.25
19/10/1984,4.79945,NA,NA,NA,NA,NA,NA,NA,NA,NA,NA,NA,NA,NA,NA,NA,NA,NA,NA,NA,NA,NA,6.7,10.5,5.4,-131.5847352,-2.296586875,20,5.541666667
20/10/1984,4.80219,NA,NA,NA,NA,NA,NA,NA,NA,NA,NA,NA,NA,NA,NA,NA,NA,NA,NA,NA,NA,NA,0.8,10.5,4.5,-37.80749482,-0.659865267,31,9.625
21/10/1984,4.80493,NA,NA,NA,NA,NA,NA,NA,NA,NA,NA,NA,NA,NA,NA,NA,NA,NA,NA,NA,NA,NA,15.1,9.1,3.6,-148.3354566,-2.588942116,31,8.041666667
22/10/1984,4.80767,NA,NA,NA,NA,NA,NA,NA,NA,NA,NA,NA,NA,NA,NA,NA,NA,NA,NA,NA,NA,NA,2.9,11.6,6.3,-120.4152209,-2.101642075,25,8.416666667
23/10/1984,4.81040,NA,NA,NA,NA,NA,NA,NA,NA,NA,NA,NA,NA,NA,NA,NA,NA,NA,NA,NA,NA,NA,5.1,9.9,4.5,-112.0960749,-1.956445586,31,12.29166667
24/10/1984,4.81314,NA,NA,NA,NA,NA,NA,NA,NA,NA,NA,NA,NA,NA,NA,NA,NA,NA,NA,NA,NA,NA,3,10.5,2.7,-141.3520629,-2.467058901,22,5.916666667
25/10/1984,4.81588,NA,NA,NA,NA,NA,NA,NA,NA,NA,NA,NA,NA,NA,NA,NA,NA,NA,NA,NA,NA,NA,8.5,9.4,7.4,6.857940542,0.119693642,31,17.625
26/10/1984,4.81862,NA,NA,NA,NA,NA,NA,NA,NA,NA,NA,NA,NA,NA,NA,NA,NA,NA,NA,NA,NA,NA,2.7,9.3,4.3,-82.05322441,-1.432098928,32,12.33333333
27/10/1984,4.82136,NA,NA,NA,NA,NA,NA,NA,NA,NA,NA,NA,NA,NA,NA,NA,NA,NA,NA,NA,NA,NA,0,11.1,3.3,-151.1311344,-2.637735897,27,10.125
28/10/1984,4.82409,NA,NA,NA,NA,NA,NA,NA,NA,NA,NA,NA,NA,NA,NA,NA,NA,NA,NA,NA,NA,NA,7.8,12,7.6,-157.1009059,-2.741928066,34,14.83333333
29/10/1984,4.82683,NA,NA,NA,NA,NA,NA,NA,NA,NA,NA,NA,NA,NA,NA,NA,NA,NA,NA,NA,NA,NA,5.7,12.4,3.9,168.1277007,2.934381941,43,13.58333333
30/10/1984,4.82957,NA,NA,NA,NA,NA,NA,NA,NA,NA,NA,NA,NA,NA,NA,NA,NA,NA,NA,NA,NA,NA,3.9,12,6.2,-150.7442575,-2.630983622,42,18.20833333
31/10/1984,4.83231,NA,NA,NA,NA,NA,NA,NA,NA,NA,NA,NA,NA,NA,NA,NA,NA,NA,NA,NA,NA,NA,6.2,11.2,7.1,-159.6908843,-2.787131716,51,27.08333333
01/11/1984,4.83504,NA,NA,NA,NA,NA,NA,NA,NA,NA,NA,NA,NA,NA,NA,NA,NA,NA,NA,NA,NA,NA,15.8,11.7,6.4,-129.4879873,-2.25999172,39,12.83333333
02/11/1984,4.83778,NA,NA,NA,NA,NA,NA,NA,NA,NA,NA,NA,NA,NA,NA,NA,NA,NA,NA,NA,NA,NA,6.8,11.3,3.7,-35.73183924,-0.623638243,15,3.958333333
03/11/1984,4.84052,NA,NA,NA,NA,NA,NA,NA,NA,NA,NA,NA,NA,NA,NA,NA,NA,NA,NA,NA,NA,NA,0.7,8,3.9,7.942943659,0.138630519,29,13.29166667
04/11/1984,4.84326,NA,NA,NA,NA,NA,NA,NA,NA,NA,NA,NA,NA,NA,NA,NA,NA,NA,NA,NA,NA,NA,0.9,7.8,4.1,-0.012724661,-0.000222087,27,12.70833333
05/11/1984,4.84600,NA,NA,NA,NA,NA,NA,NA,NA,NA,NA,NA,NA,NA,NA,NA,NA,NA,NA,NA,NA,NA,5.5,5.2,0.2,-25.46453304,-0.444439944,26,6.291666667
06/11/1984,4.84873,NA,NA,NA,NA,NA,NA,NA,NA,NA,NA,NA,NA,NA,NA,NA,NA,NA,NA,NA,NA,NA,0.2,5.4,-2.4,-56.04662394,-0.978198122,13,2.666666667
07/11/1984,4.85147,NA,NA,NA,NA,NA,NA,NA,NA,NA,NA,NA,NA,NA,NA,NA,NA,NA,NA,NA,NA,NA,0,7.5,-1.3,63.32309996,1.105196587,18,6.333333333
08/11/1984,4.85421,NA,NA,NA,NA,NA,NA,NA,NA,NA,NA,NA,NA,NA,NA,NA,NA,NA,NA,NA,NA,NA,3.1,11.4,4.4,74.98055404,1.308657543,28,8.625
09/11/1984,4.85695,NA,NA,NA,NA,NA,NA,NA,NA,NA,NA,NA,NA,NA,NA,NA,NA,NA,NA,NA,NA,NA,9.7,12.2,9.6,148.2337122,2.58716634,29,14.16666667
10/11/1984,4.85969,NA,NA,NA,NA,NA,NA,NA,NA,NA,NA,NA,NA,NA,NA,NA,NA,NA,NA,NA,NA,NA,8.8,11.3,6.8,-167.1489022,-2.917298684,22,7.458333333
11/11/1984,4.86242,NA,NA,NA,NA,NA,NA,NA,NA,NA,NA,NA,NA,NA,NA,NA,NA,NA,NA,NA,NA,NA,6.9,11.7,9.2,156.2269276,2.726674266,42,16.41666667
12/11/1984,4.86516,NA,NA,NA,NA,NA,NA,NA,NA,NA,NA,NA,NA,NA,NA,NA,NA,NA,NA,NA,NA,NA,15.5,10.8,6.7,-168.7110095,-2.944562601,30,11.83333333
13/11/1984,4.86790,NA,NA,NA,NA,NA,NA,NA,NA,NA,NA,NA,NA,NA,NA,NA,NA,NA,NA,NA,NA,NA,0.9,9.6,5,165.4116195,2.886977382,29,14.45833333
14/11/1984,4.87064,NA,NA,NA,NA,NA,NA,NA,NA,NA,NA,NA,NA,NA,NA,NA,NA,NA,NA,NA,NA,NA,0.8,9.6,7.2,136.9090053,2.389512919,27,10.75
15/11/1984,4.87337,NA,NA,NA,NA,NA,NA,NA,NA,NA,NA,NA,NA,NA,NA,NA,NA,NA,NA,NA,NA,NA,0.4,9.6,4.2,115.2168871,2.010914034,24,6.041666667
16/11/1984,4.87611,NA,NA,NA,NA,NA,NA,NA,NA,NA,NA,NA,NA,NA,NA,NA,NA,NA,NA,NA,NA,NA,0.1,8.2,7,103.3422605,1.803662703,26,12.66666667
17/11/1984,4.87885,NA,NA,NA,NA,NA,NA,NA,NA,NA,NA,NA,NA,NA,NA,NA,NA,NA,NA,NA,NA,NA,0.6,8.6,6.2,111.6233946,1.948195758,22,9.541666667
18/11/1984,4.88159,NA,NA,NA,NA,NA,NA,NA,NA,NA,NA,NA,NA,NA,NA,NA,NA,NA,NA,NA,NA,NA,0.3,8,6.2,93.73420087,1.635970427,22,10.04166667
19/11/1984,4.88433,NA,NA,NA,NA,NA,NA,NA,NA,NA,NA,NA,NA,NA,NA,NA,NA,NA,NA,NA,NA,NA,0,8,4.4,68.28057391,1.19172083,16,5.041666667
20/11/1984,4.88706,NA,NA,NA,NA,NA,NA,NA,NA,NA,NA,NA,NA,NA,NA,NA,NA,NA,NA,NA,NA,NA,0,7.6,3.6,71.03990676,1.239880273,22,8.5
21/11/1984,4.88980,NA,NA,NA,NA,NA,NA,NA,NA,NA,NA,NA,NA,NA,NA,NA,NA,NA,NA,NA,NA,NA,1.2,8,5.8,87.58300182,1.528611751,28,13.25
22/11/1984,4.89254,NA,NA,NA,NA,NA,NA,NA,NA,NA,NA,NA,NA,NA,NA,NA,NA,NA,NA,NA,NA,NA,7.5,9.5,6.5,-176.3058324,-3.077117266,38,17.625
23/11/1984,4.89528,NA,NA,NA,NA,NA,NA,NA,NA,NA,NA,NA,NA,NA,NA,NA,NA,NA,NA,NA,NA,NA,2.9,9.7,3.9,-168.9176738,-2.948169573,30,12.54166667
24/11/1984,4.89802,NA,NA,NA,NA,NA,NA,NA,NA,NA,NA,NA,NA,NA,NA,NA,NA,NA,NA,NA,NA,NA,6.3,8.5,4.2,-112.8113344,-1.968929218,28,10
25/11/1984,4.90075,NA,NA,NA,NA,NA,NA,NA,NA,NA,NA,NA,NA,NA,NA,NA,NA,NA,NA,NA,NA,NA,2,8.2,1.6,-85.19115599,-1.486866166,32,3
26/11/1984,4.90349,NA,NA,NA,NA,NA,NA,NA,NA,NA,NA,NA,NA,NA,NA,NA,NA,NA,NA,NA,NA,NA,0.7,8.8,1,-140.6337764,-2.454522437,56,17.33333333
27/11/1984,4.90623,NA,NA,NA,NA,NA,NA,NA,NA,NA,NA,NA,NA,NA,NA,NA,NA,NA,NA,NA,NA,NA,24.9,11.2,7.1,-157.4855215,-2.748640874,68,31.5
28/11/1984,4.90897,NA,NA,NA,NA,NA,NA,NA,NA,NA,NA,NA,NA,NA,NA,NA,NA,NA,NA,NA,NA,NA,6,8.6,3.9,-141.6535726,-2.472321239,47,17.79166667
29/11/1984,4.91170,NA,NA,NA,NA,NA,NA,NA,NA,NA,NA,NA,NA,NA,NA,NA,NA,NA,NA,NA,NA,NA,9.5,11.7,3.9,-162.6211877,-2.83827516,49,24.91666667
30/11/1984,4.91444,NA,NA,NA,NA,NA,NA,NA,NA,NA,NA,NA,NA,NA,NA,NA,NA,NA,NA,NA,NA,NA,9.8,12.2,8.3,176.5469867,3.081326202,50,20.33333333
01/12/1984,4.91718,NA,NA,NA,NA,NA,NA,NA,NA,NA,NA,NA,NA,NA,NA,NA,NA,NA,NA,NA,NA,NA,8.7,9.1,4.4,-151.5065267,-2.644287729,35,11.54166667
02/12/1984,4.91992,NA,NA,NA,NA,NA,NA,NA,NA,NA,NA,NA,NA,NA,NA,NA,NA,NA,NA,NA,NA,NA,0,7,0.2,-158.050268,-2.75849756,18,5.375
03/12/1984,4.92266,NA,NA,NA,NA,NA,NA,NA,NA,NA,NA,NA,NA,NA,NA,NA,NA,NA,NA,NA,NA,NA,0.3,9.4,6.4,151.678868,2.647295652,27,14.04166667
04/12/1984,4.92539,NA,NA,NA,NA,NA,NA,NA,NA,NA,NA,NA,NA,NA,NA,NA,NA,NA,NA,NA,NA,NA,4.1,9.6,3.2,-162.7226112,-2.840045333,39,13.79166667
05/12/1984,4.92813,NA,NA,NA,NA,NA,NA,NA,NA,NA,NA,NA,NA,NA,NA,NA,NA,NA,NA,NA,NA,NA,0,9.8,1.2,-103.625363,-1.808603772,12,2.5
06/12/1984,4.93087,NA,NA,NA,NA,NA,NA,NA,NA,NA,NA,NA,NA,NA,NA,NA,NA,NA,NA,NA,NA,NA,4.9,8.9,1.1,-150.0383688,-2.618663539,42,12.79166667
07/12/1984,4.93361,NA,NA,NA,NA,NA,NA,NA,NA,NA,NA,NA,NA,NA,NA,NA,NA,NA,NA,NA,NA,NA,12.3,11.2,7,-143.7647932,-2.50916899,49,21
08/12/1984,4.93634,NA,NA,NA,NA,NA,NA,NA,NA,NA,NA,NA,NA,NA,NA,NA,NA,NA,NA,NA,NA,NA,0.7,8.6,5,-112.8742333,-1.970027011,25,9.333333333
09/12/1984,4.93908,NA,NA,NA,NA,NA,NA,NA,NA,NA,NA,NA,NA,NA,NA,NA,NA,NA,NA,NA,NA,NA,8.4,10,3.2,-115.5680027,-2.017042156,35,14.79166667
10/12/1984,4.94182,NA,NA,NA,NA,NA,NA,NA,NA,NA,NA,NA,NA,NA,NA,NA,NA,NA,NA,NA,NA,NA,6.6,10.3,9.1,-112.4345495,-1.962353083,31,12.5
11/12/1984,4.94456,NA,NA,NA,NA,NA,NA,NA,NA,NA,NA,NA,NA,NA,NA,NA,NA,NA,NA,NA,NA,NA,1.5,9.8,6.9,-152.5111513,-2.661821736,25,10.29166667
12/12/1984,4.94730,NA,NA,NA,NA,NA,NA,NA,NA,NA,NA,NA,NA,NA,NA,NA,NA,NA,NA,NA,NA,NA,0,9.5,7,173.380112,3.026053812,27,13.25
13/12/1984,4.95003,NA,NA,NA,NA,NA,NA,NA,NA,NA,NA,NA,NA,NA,NA,NA,NA,NA,NA,NA,NA,NA,0,12.5,5.1,167.8019761,2.928696974,22,5.916666667
14/12/1984,4.95277,NA,NA,NA,NA,NA,NA,NA,NA,NA,NA,NA,NA,NA,NA,NA,NA,NA,NA,NA,NA,NA,0.2,7.8,4.1,55.4103597,0.967093216,17,4.125
15/12/1984,4.95551,NA,NA,NA,NA,NA,NA,NA,NA,NA,NA,NA,NA,NA,NA,NA,NA,NA,NA,NA,NA,NA,0,8.5,5.3,110.7490896,1.932936258,23,10.5
16/12/1984,4.95825,NA,NA,NA,NA,NA,NA,NA,NA,NA,NA,NA,NA,NA,NA,NA,NA,NA,NA,NA,NA,NA,0,7.6,4.8,130.394018,2.275804939,29,12.04166667
17/12/1984,4.96099,NA,NA,NA,NA,NA,NA,NA,NA,NA,NA,NA,NA,NA,NA,NA,NA,NA,NA,NA,NA,NA,13.5,7.9,1.7,-130.616169,-2.279682206,39,17.375
18/12/1984,4.96372,NA,NA,NA,NA,NA,NA,NA,NA,NA,NA,NA,NA,NA,NA,NA,NA,NA,NA,NA,NA,NA,1.9,5.8,-0.7,-130.7513344,-2.282041287,31,8.25
19/12/1984,4.96646,NA,NA,NA,NA,NA,NA,NA,NA,NA,NA,NA,NA,NA,NA,NA,NA,NA,NA,NA,NA,NA,3.9,7.5,1.9,-148.0982972,-2.584802903,30,11.70833333
20/12/1984,4.96920,NA,NA,NA,NA,NA,NA,NA,NA,NA,NA,NA,NA,NA,NA,NA,NA,NA,NA,NA,NA,NA,5.9,5.6,1.8,-110.5516002,-1.929489416,34,12
21/12/1984,4.97194,NA,NA,NA,NA,NA,NA,NA,NA,NA,NA,NA,NA,NA,NA,NA,NA,NA,NA,NA,NA,NA,6,6.1,0.9,-106.853617,-1.864947433,41,13.20833333
22/12/1984,4.97467,NA,NA,NA,NA,NA,NA,NA,NA,NA,NA,NA,NA,NA,NA,NA,NA,NA,NA,NA,NA,NA,2,10.4,5.3,-158.2996369,-2.762849869,40,17.16666667
23/12/1984,4.97741,NA,NA,NA,NA,NA,NA,NA,NA,NA,NA,NA,NA,NA,NA,NA,NA,NA,NA,NA,NA,NA,13,10.9,4.5,-149.0181064,-2.600856602,53,15.04166667
24/12/1984,4.98015,NA,NA,NA,NA,NA,NA,NA,NA,NA,NA,NA,NA,NA,NA,NA,NA,NA,NA,NA,NA,NA,3.4,5.4,1.6,-120.955298,-2.111068198,29,9.541666667
25/12/1984,4.98289,NA,NA,NA,NA,NA,NA,NA,NA,NA,NA,NA,NA,NA,NA,NA,NA,NA,NA,NA,NA,NA,7.1,8.1,1.4,-164.9400667,-2.878747232,44,19.95833333
26/12/1984,4.98563,NA,NA,NA,NA,NA,NA,NA,NA,NA,NA,NA,NA,NA,NA,NA,NA,NA,NA,NA,NA,NA,1.4,3.4,-0.1,-128.3706372,-2.240490282,27,6.166666667
27/12/1984,4.98836,NA,NA,NA,NA,NA,NA,NA,NA,NA,NA,NA,NA,NA,NA,NA,NA,NA,NA,NA,NA,NA,0,6.5,0,-171.0528369,-2.985435198,44,17.95833333
28/12/1984,4.99110,NA,NA,NA,NA,NA,NA,NA,NA,NA,NA,NA,NA,NA,NA,NA,NA,NA,NA,NA,NA,NA,1.4,8.3,0.7,-173.6281814,-3.03038344,42,14.16666667
29/12/1984,4.99384,NA,NA,NA,NA,NA,NA,NA,NA,NA,NA,NA,NA,NA,NA,NA,NA,NA,NA,NA,NA,NA,3.6,9.6,0.8,-102.8064147,-1.794310428,36,12.25
30/12/1984,4.99658,NA,NA,NA,NA,NA,NA,NA,NA,NA,NA,NA,NA,NA,NA,NA,NA,NA,NA,NA,NA,NA,2.2,9.8,-0.2,159.3272896,2.780785792,49,12.75
31/12/1984,4.99932,NA,NA,NA,NA,NA,NA,NA,NA,NA,NA,NA,NA,NA,NA,NA,NA,NA,NA,NA,NA,NA,1.5,8.6,3.8,-47.10582372,-0.822151721,38,17.33333333
01/01/1985,5.00205,NA,NA,NA,NA,NA,NA,NA,NA,NA,NA,NA,NA,NA,NA,NA,NA,NA,NA,NA,NA,NA,0.3,7.5,1.2,15.81069106,0.275948616,22,7.541666667
02/01/1985,5.00479,NA,NA,NA,NA,NA,NA,NA,NA,NA,NA,NA,NA,NA,NA,NA,NA,NA,NA,NA,NA,NA,0,5.8,0.2,20.12894432,0.351316353,15,4.25
03/01/1985,5.00753,NA,NA,NA,NA,NA,NA,NA,NA,NA,NA,NA,NA,NA,NA,NA,NA,NA,NA,NA,NA,NA,0.4,4.5,-1.4,-42.37944232,-0.739660804,19,3.208333333
04/01/1985,5.01027,NA,NA,NA,NA,NA,NA,NA,NA,NA,NA,NA,NA,NA,NA,NA,NA,NA,NA,NA,NA,NA,0.7,6.7,3.2,42.09435096,0.734685021,22,9.291666667
05/01/1985,5.01300,NA,NA,NA,NA,NA,NA,NA,NA,NA,NA,NA,NA,NA,NA,NA,NA,NA,NA,NA,NA,NA,0.5,6.9,3.3,33.93008217,0.592191649,24,10.41666667
06/01/1985,5.01574,NA,NA,NA,NA,NA,NA,NA,NA,NA,NA,NA,NA,NA,NA,NA,NA,NA,NA,NA,NA,NA,0.9,7,2.9,1.628210154,0.028417628,29,12.25
07/01/1985,5.01848,NA,NA,NA,NA,NA,NA,NA,NA,NA,NA,NA,NA,NA,NA,NA,NA,NA,NA,NA,NA,NA,0.4,5.7,-0.2,-35.81160905,-0.625030488,14,5.083333333
08/01/1985,5.02122,NA,NA,NA,NA,NA,NA,NA,NA,NA,NA,NA,NA,NA,NA,NA,NA,NA,NA,NA,NA,NA,1.6,4.7,-0.5,-51.49292529,-0.898721088,19,5.416666667
09/01/1985,5.02396,NA,NA,NA,NA,NA,NA,NA,NA,NA,NA,NA,NA,NA,NA,NA,NA,NA,NA,NA,NA,NA,1.7,6.2,1.2,8.389939744,0.146432073,24,8.041666667
10/01/1985,5.02669,NA,NA,NA,NA,NA,NA,NA,NA,NA,NA,NA,NA,NA,NA,NA,NA,NA,NA,NA,NA,NA,0,5.6,1.8,-89.32117066,-1.55894852,12,3.458333333
11/01/1985,5.02943,NA,NA,NA,NA,NA,NA,NA,NA,NA,NA,NA,NA,NA,NA,NA,NA,NA,NA,NA,NA,NA,0,6.1,2.8,-146.2096723,-2.55184018,23,8.541666667
12/01/1985,5.03217,NA,NA,NA,NA,NA,NA,NA,NA,NA,NA,NA,NA,NA,NA,NA,NA,NA,NA,NA,NA,NA,0,6.3,3.6,-168.3550551,-2.938350024,21,10.95833333
13/01/1985,5.03491,NA,NA,NA,NA,NA,NA,NA,NA,NA,NA,NA,NA,NA,NA,NA,NA,NA,NA,NA,NA,NA,0,5.6,2.8,100.5255548,1.754501913,17,4.375
14/01/1985,5.03765,NA,NA,NA,NA,NA,NA,NA,NA,NA,NA,NA,NA,NA,NA,NA,NA,NA,NA,NA,NA,NA,0,5.6,0.3,153.1337477,2.672688093,20,6.875
15/01/1985,5.04038,NA,NA,NA,NA,NA,NA,NA,NA,NA,NA,NA,NA,NA,NA,NA,NA,NA,NA,NA,NA,NA,0,4.6,0.6,106.7964852,1.863950296,19,5.666666667
16/01/1985,5.04312,NA,NA,NA,NA,NA,NA,NA,NA,NA,NA,NA,NA,NA,NA,NA,NA,NA,NA,NA,NA,NA,1.1,4.5,1.4,89.28730374,1.558357431,27,10.54166667
17/01/1985,5.04586,NA,NA,NA,NA,NA,NA,NA,NA,NA,NA,NA,NA,NA,NA,NA,NA,NA,NA,NA,NA,NA,0.4,5.4,3.4,83.74064153,1.461549912,38,17.83333333
18/01/1985,5.04860,NA,NA,NA,NA,NA,NA,NA,NA,NA,NA,NA,NA,NA,NA,NA,NA,NA,NA,NA,NA,NA,0,5.3,4,79.16672973,1.381720092,32,13.54166667
19/01/1985,5.05133,NA,NA,NA,NA,NA,NA,NA,NA,NA,NA,NA,NA,NA,NA,NA,NA,NA,NA,NA,NA,NA,3.2,5.5,0.9,26.50081525,0.462526481,19,6.041666667
20/01/1985,5.05407,NA,NA,NA,NA,NA,NA,NA,NA,NA,NA,NA,NA,NA,NA,NA,NA,NA,NA,NA,NA,NA,0,3.4,-2,9.301433136,0.162340633,18,4.291666667
21/01/1985,5.05681,NA,NA,NA,NA,NA,NA,NA,NA,NA,NA,NA,NA,NA,NA,NA,NA,NA,NA,NA,NA,NA,10.4,3.4,0.8,84.85036653,1.480918267,35,14.20833333
22/01/1985,5.05955,NA,NA,NA,NA,NA,NA,NA,NA,NA,NA,NA,NA,NA,NA,NA,NA,NA,NA,NA,NA,NA,15.4,3.8,-0.3,15.26482339,0.266421428,48,27.33333333
23/01/1985,5.06229,NA,NA,NA,NA,NA,NA,NA,NA,NA,NA,NA,NA,NA,NA,NA,NA,NA,NA,NA,NA,NA,3.8,2.1,-2,-33.36359633,-0.582304606,44,17.875
24/01/1985,5.06502,NA,NA,NA,NA,NA,NA,NA,NA,NA,NA,NA,NA,NA,NA,NA,NA,NA,NA,NA,NA,NA,0.9,2.2,-3.3,-69.555212,-1.213967461,27,5.958333333
25/01/1985,5.06776,NA,NA,NA,NA,NA,NA,NA,NA,NA,NA,NA,NA,NA,NA,NA,NA,NA,NA,NA,NA,NA,0.2,3.1,-5.1,-28.06124291,-0.489761081,28,4.583333333
26/01/1985,5.07050,NA,NA,NA,NA,NA,NA,NA,NA,NA,NA,NA,NA,NA,NA,NA,NA,NA,NA,NA,NA,NA,0.8,2.4,-4.9,-45.36169896,-0.791711001,24,5.625
27/01/1985,5.07324,NA,NA,NA,NA,NA,NA,NA,NA,NA,NA,NA,NA,NA,NA,NA,NA,NA,NA,NA,NA,NA,0,3.4,-4.8,150.9544269,2.634651771,25,10.5
28/01/1985,5.07598,NA,NA,NA,NA,NA,NA,NA,NA,NA,NA,NA,NA,NA,NA,NA,NA,NA,NA,NA,NA,NA,6,5.5,1.4,-161.4208296,-2.817324958,NA,7.083333333
29/01/1985,5.07871,NA,NA,NA,NA,NA,NA,NA,NA,NA,NA,NA,NA,NA,NA,NA,NA,NA,NA,NA,NA,NA,3.5,8.6,1.7,-127.7256902,-2.229233834,27,10.5
30/01/1985,5.08145,NA,NA,NA,NA,NA,NA,NA,NA,NA,NA,NA,NA,NA,NA,NA,NA,NA,NA,NA,NA,NA,20.1,9.4,2.5,-154.7508846,-2.700912456,46,15.375
31/01/1985,5.08419,NA,NA,NA,NA,NA,NA,NA,NA,NA,NA,NA,NA,NA,NA,NA,NA,NA,NA,NA,NA,NA,5.7,9,4.2,-104.239472,-1.819321997,36,14.875
01/02/1985,5.08693,NA,NA,NA,NA,NA,NA,NA,NA,NA,NA,NA,NA,NA,NA,NA,NA,NA,NA,NA,NA,NA,4.1,8.6,4,-117.4230164,-2.049418253,48,18.25
02/02/1985,5.08966,NA,NA,NA,NA,NA,NA,NA,NA,NA,NA,NA,NA,NA,NA,NA,NA,NA,NA,NA,NA,NA,2.2,7.7,1.2,-50.66384224,-0.884250859,41,9.208333333
03/02/1985,5.09240,NA,NA,NA,NA,NA,NA,NA,NA,NA,NA,NA,NA,NA,NA,NA,NA,NA,NA,NA,NA,NA,2.1,10.2,1,172.5627125,3.011787499,29,12.70833333
04/02/1985,5.09514,NA,NA,NA,NA,NA,NA,NA,NA,NA,NA,NA,NA,NA,NA,NA,NA,NA,NA,NA,NA,NA,0.3,10.1,7.5,-146.6492643,-2.559512507,25,9.375
05/02/1985,5.09788,NA,NA,NA,NA,NA,NA,NA,NA,NA,NA,NA,NA,NA,NA,NA,NA,NA,NA,NA,NA,NA,0,8.3,4.9,87.49465051,1.527069729,13,4.75
06/02/1985,5.10062,NA,NA,NA,NA,NA,NA,NA,NA,NA,NA,NA,NA,NA,NA,NA,NA,NA,NA,NA,NA,NA,0,7.2,3.8,87.49838611,1.527134928,28,13.66666667
07/02/1985,5.10335,NA,NA,NA,NA,NA,NA,NA,NA,NA,NA,NA,NA,NA,NA,NA,NA,NA,NA,NA,NA,NA,0,5.3,3,114.1709975,1.992659816,29,12.75
08/02/1985,5.10609,NA,NA,NA,NA,NA,NA,NA,NA,NA,NA,NA,NA,NA,NA,NA,NA,NA,NA,NA,NA,NA,0,4.4,0.8,100.4163923,1.752596668,39,21
09/02/1985,5.10883,NA,NA,NA,NA,NA,NA,NA,NA,NA,NA,NA,NA,NA,NA,NA,NA,NA,NA,NA,NA,NA,0,2.1,-0.7,114.9872104,2.006905419,38,17.5
10/02/1985,5.11157,NA,NA,NA,NA,NA,NA,NA,NA,NA,NA,NA,NA,NA,NA,NA,NA,NA,NA,NA,NA,NA,0,3.8,-1,126.2577829,2.203614018,25,12.04166667
11/02/1985,5.11431,NA,NA,NA,NA,NA,NA,NA,NA,NA,NA,NA,NA,NA,NA,NA,NA,NA,NA,NA,NA,NA,0,2.4,-5.1,172.7500979,3.015057991,17,6
12/02/1985,5.11704,NA,NA,NA,NA,NA,NA,NA,NA,NA,NA,NA,NA,NA,NA,NA,NA,NA,NA,NA,NA,NA,0,2.4,-6,-20.13150054,-0.351360968,11,2.5
13/02/1985,5.11978,NA,NA,NA,NA,NA,NA,NA,NA,NA,NA,NA,NA,NA,NA,NA,NA,NA,NA,NA,NA,NA,0,3.2,-5.8,86.18751727,1.504255951,21,7.958333333
14/02/1985,5.12252,NA,NA,NA,NA,NA,NA,NA,NA,NA,NA,NA,NA,NA,NA,NA,NA,NA,NA,NA,NA,NA,0,5,-0.3,95.8621849,1.673110755,22,9.541666667
15/02/1985,5.12526,NA,NA,NA,NA,NA,NA,NA,NA,NA,NA,NA,NA,NA,NA,NA,NA,NA,NA,NA,NA,NA,0,5.2,-6.2,-95.50195722,-1.666823596,10,3.041666667
16/02/1985,5.12799,NA,NA,NA,NA,NA,NA,NA,NA,NA,NA,NA,NA,NA,NA,NA,NA,NA,NA,NA,NA,NA,0,5,-5.4,-122.3856361,-2.136032306,30,8.041666667
17/02/1985,5.13073,NA,NA,NA,NA,NA,NA,NA,NA,NA,NA,NA,NA,NA,NA,NA,NA,NA,NA,NA,NA,NA,7.4,4.8,1.7,-164.3048018,-2.867659768,48,21.45833333
18/02/1985,5.13347,NA,NA,NA,NA,NA,NA,NA,NA,NA,NA,NA,NA,NA,NA,NA,NA,NA,NA,NA,NA,NA,3,6.5,0.2,-159.9807742,-2.792191249,50,19.58333333
19/02/1985,5.13621,NA,NA,NA,NA,NA,NA,NA,NA,NA,NA,NA,NA,NA,NA,NA,NA,NA,NA,NA,NA,NA,7.5,7.7,2.4,-136.4770825,-2.381974444,48,16.5
20/02/1985,5.13895,NA,NA,NA,NA,NA,NA,NA,NA,NA,NA,NA,NA,NA,NA,NA,NA,NA,NA,NA,NA,NA,0,8.7,2.3,-153.7889786,-2.68412403,26,10.5
21/02/1985,5.14168,NA,NA,NA,NA,NA,NA,NA,NA,NA,NA,NA,NA,NA,NA,NA,NA,NA,NA,NA,NA,NA,0.6,7.5,3.1,-157.4707497,-2.748383058,33,15.5
22/02/1985,5.14442,NA,NA,NA,NA,NA,NA,NA,NA,NA,NA,NA,NA,NA,NA,NA,NA,NA,NA,NA,NA,NA,4.4,7.1,1.1,-171.3268472,-2.990217581,49,21.20833333
23/02/1985,5.14716,NA,NA,NA,NA,NA,NA,NA,NA,NA,NA,NA,NA,NA,NA,NA,NA,NA,NA,NA,NA,NA,10.7,11.3,6.2,-141.8865005,-2.476386598,41,22.625
24/02/1985,5.14990,NA,NA,NA,NA,NA,NA,NA,NA,NA,NA,NA,NA,NA,NA,NA,NA,NA,NA,NA,NA,NA,1.6,8.9,5.7,-166.6883711,-2.909260901,21,7.625
25/02/1985,5.15264,NA,NA,NA,NA,NA,NA,NA,NA,NA,NA,NA,NA,NA,NA,NA,NA,NA,NA,NA,NA,NA,0,9.3,4.4,166.6145092,2.907971768,27,9.208333333
26/02/1985,5.15537,NA,NA,NA,NA,NA,NA,NA,NA,NA,NA,NA,NA,NA,NA,NA,NA,NA,NA,NA,NA,NA,0.1,9.6,6.1,-176.6577069,-3.083258634,29,15.08333333
27/02/1985,5.15811,NA,NA,NA,NA,NA,NA,NA,NA,NA,NA,NA,NA,NA,NA,NA,NA,NA,NA,NA,NA,NA,0.5,9.2,4.6,-176.8960347,-3.08741824,22,7.666666667
28/02/1985,5.16085,NA,NA,NA,NA,NA,NA,NA,NA,NA,NA,NA,NA,NA,NA,NA,NA,NA,NA,NA,NA,NA,0,11.2,3.3,111.5919434,1.947646831,9,3.291666667
01/03/1985,5.16359,NA,NA,NA,NA,NA,NA,NA,NA,NA,NA,NA,NA,NA,NA,NA,NA,NA,NA,NA,NA,NA,0,7.4,3,90.34623754,1.576839312,19,7.541666667
02/03/1985,5.16632,NA,NA,NA,NA,NA,NA,NA,NA,NA,NA,NA,NA,NA,NA,NA,NA,NA,NA,NA,NA,NA,0,5.5,1,154.0203022,2.688161388,19,5.833333333
03/03/1985,5.16906,NA,NA,NA,NA,NA,NA,NA,NA,NA,NA,NA,NA,NA,NA,NA,NA,NA,NA,NA,NA,NA,1.4,8,3.9,147.991142,2.582932691,21,8.541666667
04/03/1985,5.17180,NA,NA,NA,NA,NA,NA,NA,NA,NA,NA,NA,NA,NA,NA,NA,NA,NA,NA,NA,NA,NA,2.8,6.9,4.6,-18.02582119,-0.31460993,32,12.04166667
05/03/1985,5.17454,NA,NA,NA,NA,NA,NA,NA,NA,NA,NA,NA,NA,NA,NA,NA,NA,NA,NA,NA,NA,NA,2.4,9.6,1.7,-140.1267085,-2.445672433,31,12.41666667
06/03/1985,5.17728,NA,NA,NA,NA,NA,NA,NA,NA,NA,NA,NA,NA,NA,NA,NA,NA,NA,NA,NA,NA,NA,2.7,8.9,6.1,172.910696,3.017860956,34,20
07/03/1985,5.18001,NA,NA,NA,NA,NA,NA,NA,NA,NA,NA,NA,NA,NA,NA,NA,NA,NA,NA,NA,NA,NA,2.7,9.1,2.3,-149.4378514,-2.608182535,33,13
08/03/1985,5.18275,NA,NA,NA,NA,NA,NA,NA,NA,NA,NA,NA,NA,NA,NA,NA,NA,NA,NA,NA,NA,NA,4.7,8.9,6.4,-161.6725695,-2.821718647,46,29.33333333
09/03/1985,5.18549,NA,NA,NA,NA,NA,NA,NA,NA,NA,NA,NA,NA,NA,NA,NA,NA,NA,NA,NA,NA,NA,21,9.5,6,-123.6170805,-2.157525066,41,16.875
10/03/1985,5.18823,NA,NA,NA,NA,NA,NA,NA,NA,NA,NA,NA,NA,NA,NA,NA,NA,NA,NA,NA,NA,NA,1,8.7,3,-65.43111087,-1.141988318,24,9.541666667
11/03/1985,5.19097,NA,NA,NA,NA,NA,NA,NA,NA,NA,NA,NA,NA,NA,NA,NA,NA,NA,NA,NA,NA,NA,1.3,10.8,3.3,-131.2508854,-2.290760096,32,14.33333333
12/03/1985,5.19370,NA,NA,NA,NA,NA,NA,NA,NA,NA,NA,NA,NA,NA,NA,NA,NA,NA,NA,NA,NA,NA,3.7,10.5,4.7,-125.2264137,-2.185613229,31,14.20833333
13/03/1985,5.19644,NA,NA,NA,NA,NA,NA,NA,NA,NA,NA,NA,NA,NA,NA,NA,NA,NA,NA,NA,NA,NA,2.7,7,1.7,-63.32956306,-1.105309389,29,13.54166667
14/03/1985,5.19918,NA,NA,NA,NA,NA,NA,NA,NA,NA,NA,NA,NA,NA,NA,NA,NA,NA,NA,NA,NA,NA,3.8,5.9,-0.6,-65.80240206,-1.148468572,23,8.125
15/03/1985,5.20192,NA,NA,NA,NA,NA,NA,NA,NA,NA,NA,NA,NA,NA,NA,NA,NA,NA,NA,NA,NA,NA,8.7,3,-1.1,-32.22038064,-0.562351728,45,13.70833333
16/03/1985,5.20465,NA,NA,NA,NA,NA,NA,NA,NA,NA,NA,NA,NA,NA,NA,NA,NA,NA,NA,NA,NA,NA,13.3,3.6,-2.5,-30.11848931,-0.525666804,38,13.66666667
17/03/1985,5.20739,NA,NA,NA,NA,NA,NA,NA,NA,NA,NA,NA,NA,NA,NA,NA,NA,NA,NA,NA,NA,NA,0,5.7,-5.3,-112.5917627,-1.96509697,17,4.541666667
18/03/1985,5.21013,NA,NA,NA,NA,NA,NA,NA,NA,NA,NA,NA,NA,NA,NA,NA,NA,NA,NA,NA,NA,NA,0,6.4,2.5,174.5743172,3.046896625,32,19.04166667
19/03/1985,5.21287,NA,NA,NA,NA,NA,NA,NA,NA,NA,NA,NA,NA,NA,NA,NA,NA,NA,NA,NA,NA,NA,0,5.6,2.4,163.7693557,2.858314471,27,17.08333333
20/03/1985,5.21561,NA,NA,NA,NA,NA,NA,NA,NA,NA,NA,NA,NA,NA,NA,NA,NA,NA,NA,NA,NA,NA,0,5.6,1.2,129.7942951,2.2653378,29,16.08333333
21/03/1985,5.21834,NA,NA,NA,NA,NA,NA,NA,NA,NA,NA,NA,NA,NA,NA,NA,NA,NA,NA,NA,NA,NA,0,5.6,2.4,104.3879304,1.821913085,25,12.625
22/03/1985,5.22108,NA,NA,NA,NA,NA,NA,NA,NA,NA,NA,NA,NA,NA,NA,NA,NA,NA,NA,NA,NA,NA,0,7.4,3,62.90110898,1.097831455,17,9.083333333
23/03/1985,5.22382,NA,NA,NA,NA,NA,NA,NA,NA,NA,NA,NA,NA,NA,NA,NA,NA,NA,NA,NA,NA,NA,0,6.8,1.3,30.58028769,0.533726706,10,4.625
24/03/1985,5.22656,NA,NA,NA,NA,NA,NA,NA,NA,NA,NA,NA,NA,NA,NA,NA,NA,NA,NA,NA,NA,NA,0,6.9,2,45.76989417,0.798835352,22,10.125
25/03/1985,5.22930,NA,NA,NA,NA,NA,NA,NA,NA,NA,NA,NA,NA,NA,NA,NA,NA,NA,NA,NA,NA,NA,0.1,7.2,1.7,38.0681703,0.664414912,NA,7.458333333
26/03/1985,5.23203,NA,NA,NA,NA,NA,NA,NA,NA,NA,NA,NA,NA,NA,NA,NA,NA,NA,NA,NA,NA,NA,4.5,6.4,2.9,17.98386171,0.313877599,38,16.41666667
27/03/1985,5.23477,NA,NA,NA,NA,NA,NA,NA,NA,NA,NA,NA,NA,NA,NA,NA,NA,NA,NA,NA,NA,NA,0.1,5.8,0.3,-23.90086203,-0.417148737,30,14.54166667
28/03/1985,5.23751,NA,NA,NA,NA,NA,NA,NA,NA,NA,NA,NA,NA,NA,NA,NA,NA,NA,NA,NA,NA,NA,3.6,5.9,-0.2,2.377660149,0.041497998,36,11.625
29/03/1985,5.24025,NA,NA,NA,NA,NA,NA,NA,NA,NA,NA,NA,NA,NA,NA,NA,NA,NA,NA,NA,NA,NA,1.4,2.1,-4.7,43.35839848,0.756746812,26,10.04166667
30/03/1985,5.24298,NA,NA,NA,NA,NA,NA,NA,NA,NA,NA,NA,NA,NA,NA,NA,NA,NA,NA,NA,NA,NA,2.6,3.5,-0.2,82.50796408,1.440035632,25,14.79166667
31/03/1985,5.24572,NA,NA,NA,NA,NA,NA,NA,NA,NA,NA,NA,NA,NA,NA,NA,NA,NA,NA,NA,NA,NA,9.8,8.5,2.7,142.5604427,2.488149108,17,7.130434783
01/04/1985,5.24846,NA,NA,NA,NA,NA,NA,NA,NA,NA,NA,NA,NA,NA,NA,NA,NA,NA,NA,NA,NA,NA,8.8,8.3,5.8,89.52339478,1.562477997,31,8.875
02/04/1985,5.25120,NA,NA,NA,NA,NA,NA,NA,NA,NA,NA,NA,NA,NA,NA,NA,NA,NA,NA,NA,NA,NA,17.2,7.3,5,58.25184726,1.01668653,29,12
03/04/1985,5.25394,NA,NA,NA,NA,NA,NA,NA,NA,NA,NA,NA,NA,NA,NA,NA,NA,NA,NA,NA,NA,NA,5.9,11.6,5.1,176.6790609,3.083631332,45,17.16666667
04/04/1985,5.25667,NA,NA,NA,NA,NA,NA,NA,NA,NA,NA,NA,NA,NA,NA,NA,NA,NA,NA,NA,NA,NA,0.5,12.5,7.1,135.4139616,2.363419483,21,7.916666667
05/04/1985,5.25941,NA,NA,NA,NA,NA,NA,NA,NA,NA,NA,NA,NA,NA,NA,NA,NA,NA,NA,NA,NA,NA,4.8,11.9,6.8,122.2700658,2.134015225,19,9.125
06/04/1985,5.26215,NA,NA,NA,NA,NA,NA,NA,NA,NA,NA,NA,NA,NA,NA,NA,NA,NA,NA,NA,NA,NA,4.5,10.8,4.5,66.7680095,1.165321601,13,5.708333333
07/04/1985,5.26489,NA,NA,NA,NA,NA,NA,NA,NA,NA,NA,NA,NA,NA,NA,NA,NA,NA,NA,NA,NA,NA,2.3,8.9,5.6,42.46322195,0.741123034,21,7.833333333
08/04/1985,5.26762,NA,NA,NA,NA,NA,NA,NA,NA,NA,NA,NA,NA,NA,NA,NA,NA,NA,NA,NA,NA,NA,0,7.9,4.7,41.68523451,0.727544592,24,11.875
09/04/1985,5.27036,NA,NA,NA,NA,NA,NA,NA,NA,NA,NA,NA,NA,NA,NA,NA,NA,NA,NA,NA,NA,NA,0,7.8,5.7,50.82269027,0.88702328,23,10.16666667
10/04/1985,5.27310,NA,NA,NA,NA,NA,NA,NA,NA,NA,NA,NA,NA,NA,NA,NA,NA,NA,NA,NA,NA,NA,0.4,9.5,5.2,158.8463994,2.772392675,39,11.33333333
11/04/1985,5.27584,NA,NA,NA,NA,NA,NA,NA,NA,NA,NA,NA,NA,NA,NA,NA,NA,NA,NA,NA,NA,NA,8.8,9.1,2.1,-109.3671613,-1.908817058,24,8.208333333
12/04/1985,5.27858,NA,NA,NA,NA,NA,NA,NA,NA,NA,NA,NA,NA,NA,NA,NA,NA,NA,NA,NA,NA,NA,3.8,8.1,3.5,-153.303457,-2.67565008,41,15.625
13/04/1985,5.28131,NA,NA,NA,NA,NA,NA,NA,NA,NA,NA,NA,NA,NA,NA,NA,NA,NA,NA,NA,NA,NA,2.2,9,5.2,165.41248,2.8869924,31,12.58333333
14/04/1985,5.28405,NA,NA,NA,NA,NA,NA,NA,NA,NA,NA,NA,NA,NA,NA,NA,NA,NA,NA,NA,NA,NA,3.5,9.9,3.9,-49.16249995,-0.858047493,30,12.20833333
15/04/1985,5.28679,NA,NA,NA,NA,NA,NA,NA,NA,NA,NA,NA,NA,NA,NA,NA,NA,NA,NA,NA,NA,NA,5.4,7.8,2.1,175.978063,3.07139661,17,5.25
16/04/1985,5.28953,NA,NA,NA,NA,NA,NA,NA,NA,NA,NA,NA,NA,NA,NA,NA,NA,NA,NA,NA,NA,NA,3.4,11.9,7,-146.453072,-2.556088305,33,14.33333333
17/04/1985,5.29227,NA,NA,NA,NA,NA,NA,NA,NA,NA,NA,NA,NA,NA,NA,NA,NA,NA,NA,NA,NA,NA,0,11,4.6,-134.4850673,-2.34720722,27,11.16666667
18/04/1985,5.29500,NA,NA,NA,NA,NA,NA,NA,NA,NA,NA,NA,NA,NA,NA,NA,NA,NA,NA,NA,NA,NA,1.7,9.4,5.2,149.994069,2.617890362,18,5.625
19/04/1985,5.29774,NA,NA,NA,NA,NA,NA,NA,NA,NA,NA,NA,NA,NA,NA,NA,NA,NA,NA,NA,NA,NA,14.5,10.2,3.8,-77.78255285,-1.357561648,50,19.66666667
20/04/1985,5.30048,NA,NA,NA,NA,NA,NA,NA,NA,NA,NA,NA,NA,NA,NA,NA,NA,NA,NA,NA,NA,NA,1.8,7.8,1.4,-2.854665476,-0.049823312,37,18.08333333
21/04/1985,5.30322,NA,NA,NA,NA,NA,NA,NA,NA,NA,NA,NA,NA,NA,NA,NA,NA,NA,NA,NA,NA,NA,0,9,4.4,10.02356047,0.174944133,24,9.875
22/04/1985,5.30595,NA,NA,NA,NA,NA,NA,NA,NA,NA,NA,NA,NA,NA,NA,NA,NA,NA,NA,NA,NA,NA,0.2,10.1,5,-9.40421584,-0.16413453,23,10.04166667
23/04/1985,5.30869,NA,NA,NA,NA,NA,NA,NA,NA,NA,NA,NA,NA,NA,NA,NA,NA,NA,NA,NA,NA,NA,0,8,4.4,39.22082988,0.684532617,19,7.375
24/04/1985,5.31143,NA,NA,NA,NA,NA,NA,NA,NA,NA,NA,NA,NA,NA,NA,NA,NA,NA,NA,NA,NA,NA,0.3,10.7,3.9,-50.86823434,-0.887818174,27,11.08333333
25/04/1985,5.31417,NA,NA,NA,NA,NA,NA,NA,NA,NA,NA,NA,NA,NA,NA,NA,NA,NA,NA,NA,NA,NA,0,5.2,1.2,-30.02727411,-0.524074799,21,8.541666667
26/04/1985,5.31691,NA,NA,NA,NA,NA,NA,NA,NA,NA,NA,NA,NA,NA,NA,NA,NA,NA,NA,NA,NA,NA,5.7,8.5,2.5,-68.10896563,-1.1887257,34,14.04166667
27/04/1985,5.31964,NA,NA,NA,NA,NA,NA,NA,NA,NA,NA,NA,NA,NA,NA,NA,NA,NA,NA,NA,NA,NA,0.8,5.8,0.7,-15.05085264,-0.262686934,41,15.875
28/04/1985,5.32238,NA,NA,NA,NA,NA,NA,NA,NA,NA,NA,NA,NA,NA,NA,NA,NA,NA,NA,NA,NA,NA,12.5,5.7,-0.3,-173.7853933,-3.033127305,28,10.25
29/04/1985,5.32512,NA,NA,NA,NA,NA,NA,NA,NA,NA,NA,NA,NA,NA,NA,NA,NA,NA,NA,NA,NA,NA,0.7,11.4,5.3,-96.92819746,-1.691716184,14,5.333333333
30/04/1985,5.32786,NA,NA,NA,NA,NA,NA,NA,NA,NA,NA,NA,NA,NA,NA,NA,NA,NA,NA,NA,NA,NA,1.7,11.5,4,-106.9931792,-1.867383254,28,8.708333333
01/05/1985,5.33060,NA,NA,NA,NA,NA,NA,NA,NA,NA,NA,NA,NA,NA,NA,NA,NA,NA,NA,NA,NA,NA,1,10.5,3.3,-58.07492604,-1.013598672,25,10.375
02/05/1985,5.33333,NA,NA,NA,NA,NA,NA,NA,NA,NA,NA,NA,NA,NA,NA,NA,NA,NA,NA,NA,NA,NA,0.5,9.8,1,-6.038207064,-0.105386594,18,8.916666667
03/05/1985,5.33607,NA,NA,NA,NA,NA,NA,NA,NA,NA,NA,NA,NA,NA,NA,NA,NA,NA,NA,NA,NA,NA,0,7.7,5.5,15.0064853,0.261912578,19,9.291666667
04/05/1985,5.33881,NA,NA,NA,NA,NA,NA,NA,NA,NA,NA,NA,NA,NA,NA,NA,NA,NA,NA,NA,NA,NA,0,7.7,3.9,9.730659271,0.169832043,10,4.083333333
05/05/1985,5.34155,NA,NA,NA,NA,NA,NA,NA,NA,NA,NA,NA,NA,NA,NA,NA,NA,NA,NA,NA,NA,NA,0,10.2,2.3,22.89148365,0.39953176,14,6.291666667
06/05/1985,5.34428,NA,NA,NA,NA,NA,NA,NA,NA,NA,NA,NA,NA,NA,NA,NA,NA,NA,NA,NA,NA,NA,0,10.2,4.4,27.84399103,0.48596932,14,5.166666667
07/05/1985,5.34702,NA,NA,NA,NA,NA,NA,NA,NA,NA,NA,NA,NA,NA,NA,NA,NA,NA,NA,NA,NA,NA,0,11.9,3.6,-164.4947243,-2.870974541,NA,6.416666667
08/05/1985,5.34976,NA,NA,NA,NA,NA,NA,NA,NA,NA,NA,NA,NA,NA,NA,NA,NA,NA,NA,NA,NA,NA,0,12.9,7.5,-142.3953141,-2.48526707,17,6.75
09/05/1985,5.35250,NA,NA,NA,NA,NA,NA,NA,NA,NA,NA,NA,NA,NA,NA,NA,NA,NA,NA,NA,NA,NA,1.9,9.4,6.1,-7.635692624,-0.133267977,26,8.375
10/05/1985,5.35524,NA,NA,NA,NA,NA,NA,NA,NA,NA,NA,NA,NA,NA,NA,NA,NA,NA,NA,NA,NA,NA,0,9.7,6.1,22.6595171,0.39548318,20,9.541666667
11/05/1985,5.35797,NA,NA,NA,NA,NA,NA,NA,NA,NA,NA,NA,NA,NA,NA,NA,NA,NA,NA,NA,NA,NA,0,12,0.3,-165.1921967,-2.88314773,15,5.625
12/05/1985,5.36071,NA,NA,NA,NA,NA,NA,NA,NA,NA,NA,NA,NA,NA,NA,NA,NA,NA,NA,NA,NA,NA,0,12.4,2.5,17.67619219,0.308507753,NA,4.916666667
13/05/1985,5.36345,NA,NA,NA,NA,NA,NA,NA,NA,NA,NA,NA,NA,NA,NA,NA,NA,NA,NA,NA,NA,NA,0,17.2,6.8,68.15809663,1.189583198,22,7.916666667
14/05/1985,5.36619,NA,NA,NA,NA,NA,NA,NA,NA,NA,NA,NA,NA,NA,NA,NA,NA,NA,NA,NA,NA,NA,0,12.2,7.8,47.13985584,0.822745693,29,13.125
15/05/1985,5.36893,NA,NA,NA,NA,NA,NA,NA,NA,NA,NA,NA,NA,NA,NA,NA,NA,NA,NA,NA,NA,NA,0.6,13.8,7.3,79.98359826,1.395977137,35,16.41666667
16/05/1985,5.37166,NA,NA,NA,NA,NA,NA,NA,NA,NA,NA,NA,NA,NA,NA,NA,NA,NA,NA,NA,NA,NA,2.5,14.2,8.9,173.8887931,3.034931972,26,12.375
17/05/1985,5.37440,NA,NA,NA,NA,NA,NA,NA,NA,NA,NA,NA,NA,NA,NA,NA,NA,NA,NA,NA,NA,NA,8.5,11.2,9.1,167.0079938,2.914839369,15,6.25
18/05/1985,5.37714,NA,NA,NA,NA,NA,NA,NA,NA,NA,NA,NA,NA,NA,NA,NA,NA,NA,NA,NA,NA,NA,1.8,10.8,8.2,11.83244089,0.206515052,30,13.5
19/05/1985,5.37988,NA,NA,NA,NA,NA,NA,NA,NA,NA,NA,NA,NA,NA,NA,NA,NA,NA,NA,NA,NA,NA,0,9.9,7.2,47.09462321,0.821956235,27,15.33333333
20/05/1985,5.38261,NA,NA,NA,NA,NA,NA,NA,NA,NA,NA,NA,NA,NA,NA,NA,NA,NA,NA,NA,NA,NA,0,10.8,7.3,54.97442032,0.959484639,26,12.25
21/05/1985,5.38535,NA,NA,NA,NA,NA,NA,NA,NA,NA,NA,NA,NA,NA,NA,NA,NA,NA,NA,NA,NA,NA,0,10.2,5.2,53.22997205,0.929038273,25,12.5
22/05/1985,5.38809,NA,NA,NA,NA,NA,NA,NA,NA,NA,NA,NA,NA,NA,NA,NA,NA,NA,NA,NA,NA,NA,0,9.1,6.5,45.4177202,0.792688756,21,13.66666667
23/05/1985,5.39083,NA,NA,NA,NA,NA,NA,NA,NA,NA,NA,NA,NA,NA,NA,NA,NA,NA,NA,NA,NA,NA,0,9.5,6.4,54.96826204,0.959377157,24,12.79166667
24/05/1985,5.39357,NA,NA,NA,NA,NA,NA,NA,NA,NA,NA,NA,NA,NA,NA,NA,NA,NA,NA,NA,NA,NA,7.6,8.6,6.1,18.55914805,0.32391824,25,13.45833333
25/05/1985,5.39630,NA,NA,NA,NA,NA,NA,NA,NA,NA,NA,NA,NA,NA,NA,NA,NA,NA,NA,NA,NA,NA,0,12.1,1.6,-118.0319176,-2.060045585,23,8.333333333
26/05/1985,5.39904,NA,NA,NA,NA,NA,NA,NA,NA,NA,NA,NA,NA,NA,NA,NA,NA,NA,NA,NA,NA,NA,11.7,13.2,5.3,129.3333666,2.25729308,26,10.91666667
27/05/1985,5.40178,NA,NA,NA,NA,NA,NA,NA,NA,NA,NA,NA,NA,NA,NA,NA,NA,NA,NA,NA,NA,NA,13.8,12.4,5.9,-83.40131246,-1.455627503,22,8.791666667
28/05/1985,5.40452,NA,NA,NA,NA,NA,NA,NA,NA,NA,NA,NA,NA,NA,NA,NA,NA,NA,NA,NA,NA,NA,3,12.1,2.2,-125.9753467,-2.198684577,31,9.958333333
29/05/1985,5.40726,NA,NA,NA,NA,NA,NA,NA,NA,NA,NA,NA,NA,NA,NA,NA,NA,NA,NA,NA,NA,NA,0.9,14.2,5.9,-132.9911044,-2.321132647,28,11.54166667
30/05/1985,5.40999,NA,NA,NA,NA,NA,NA,NA,NA,NA,NA,NA,NA,NA,NA,NA,NA,NA,NA,NA,NA,NA,0,13.7,5.4,175.6116735,3.065001908,16,6.458333333
31/05/1985,5.41273,NA,NA,NA,NA,NA,NA,NA,NA,NA,NA,NA,NA,NA,NA,NA,NA,NA,NA,NA,NA,NA,0,17.8,4.7,-159.3674983,-2.781487566,NA,8.041666667
01/06/1985,5.41547,NA,NA,NA,NA,NA,NA,NA,NA,NA,NA,NA,NA,NA,NA,NA,NA,NA,NA,NA,NA,NA,0,18.8,9.2,-165.9841503,-2.896969929,21,8.666666667
02/06/1985,5.41821,NA,NA,NA,NA,NA,NA,NA,NA,NA,NA,NA,NA,NA,NA,NA,NA,NA,NA,NA,NA,NA,0,19,5,33.53125688,0.585230835,12,4
03/06/1985,5.42094,NA,NA,NA,NA,NA,NA,NA,NA,NA,NA,NA,NA,NA,NA,NA,NA,NA,NA,NA,NA,NA,0,12,7.4,19.11785098,0.333669446,28,11.45833333
04/06/1985,5.42368,NA,NA,NA,NA,NA,NA,NA,NA,NA,NA,NA,NA,NA,NA,NA,NA,NA,NA,NA,NA,NA,14.5,10.7,7.2,41.25059069,0.719958626,36,21.70833333
05/06/1985,5.42642,NA,NA,NA,NA,NA,NA,NA,NA,NA,NA,NA,NA,NA,NA,NA,NA,NA,NA,NA,NA,NA,1.3,11,6.9,34.5822798,0.603574645,31,16.58333333
06/06/1985,5.42916,NA,NA,NA,NA,NA,NA,NA,NA,NA,NA,NA,NA,NA,NA,NA,NA,NA,NA,NA,NA,NA,2.2,9,5,15.65940048,0.273308097,26,11
07/06/1985,5.43190,NA,NA,NA,NA,NA,NA,NA,NA,NA,NA,NA,NA,NA,NA,NA,NA,NA,NA,NA,NA,NA,1.4,10.5,2.6,-10.79136278,-0.188344811,19,6.333333333
08/06/1985,5.43463,NA,NA,NA,NA,NA,NA,NA,NA,NA,NA,NA,NA,NA,NA,NA,NA,NA,NA,NA,NA,NA,0.6,11.9,1.2,-131.5689107,-2.296310685,22,7
09/06/1985,5.43737,NA,NA,NA,NA,NA,NA,NA,NA,NA,NA,NA,NA,NA,NA,NA,NA,NA,NA,NA,NA,NA,6.2,12,5.8,-100.3341321,-1.751160958,14,4.75
10/06/1985,5.44011,NA,NA,NA,NA,NA,NA,NA,NA,NA,NA,NA,NA,NA,NA,NA,NA,NA,NA,NA,NA,NA,1.7,14.5,4.9,-79.45719606,-1.386789686,16,6.208333333
11/06/1985,5.44285,NA,NA,NA,NA,NA,NA,NA,NA,NA,NA,NA,NA,NA,NA,NA,NA,NA,NA,NA,NA,NA,5.2,13,7.8,-145.614398,-2.541450683,22,9.5
12/06/1985,5.44559,NA,NA,NA,NA,NA,NA,NA,NA,NA,NA,NA,NA,NA,NA,NA,NA,NA,NA,NA,NA,NA,0.8,11.5,6.3,-4.913951255,-0.085764629,33,12.25
13/06/1985,5.44832,NA,NA,NA,NA,NA,NA,NA,NA,NA,NA,NA,NA,NA,NA,NA,NA,NA,NA,NA,NA,NA,1.9,11.3,6.1,-18.44322996,-0.321895088,21,8.875
14/06/1985,5.45106,NA,NA,NA,NA,NA,NA,NA,NA,NA,NA,NA,NA,NA,NA,NA,NA,NA,NA,NA,NA,NA,0.8,12.4,5.5,-37.38813172,-0.652546,19,7.583333333
15/06/1985,5.45380,NA,NA,NA,NA,NA,NA,NA,NA,NA,NA,NA,NA,NA,NA,NA,NA,NA,NA,NA,NA,NA,0,14.1,2.9,-77.30440233,-1.349216347,17,6.125
16/06/1985,5.45654,NA,NA,NA,NA,NA,NA,NA,NA,NA,NA,NA,NA,NA,NA,NA,NA,NA,NA,NA,NA,NA,0,13.2,3.5,-165.3285511,-2.885527564,15,5.625
17/06/1985,5.45927,NA,NA,NA,NA,NA,NA,NA,NA,NA,NA,NA,NA,NA,NA,NA,NA,NA,NA,NA,NA,NA,0.9,12.7,9.8,-177.7938702,-3.103088425,28,9.916666667
18/06/1985,5.46201,NA,NA,NA,NA,NA,NA,NA,NA,NA,NA,NA,NA,NA,NA,NA,NA,NA,NA,NA,NA,NA,3,14.8,9.2,-89.94190292,-1.569782341,20,7.125
19/06/1985,5.46475,NA,NA,NA,NA,NA,NA,NA,NA,NA,NA,NA,NA,NA,NA,NA,NA,NA,NA,NA,NA,NA,0.5,14,5.1,50.07208071,0.873922672,14,5
20/06/1985,5.46749,NA,NA,NA,NA,NA,NA,NA,NA,NA,NA,NA,NA,NA,NA,NA,NA,NA,NA,NA,NA,NA,0,17.2,8.3,100.0364693,1.745965761,18,5.458333333
21/06/1985,5.47023,NA,NA,NA,NA,NA,NA,NA,NA,NA,NA,NA,NA,NA,NA,NA,NA,NA,NA,NA,NA,NA,0,17.6,11.3,106.2386564,1.854214346,29,14.29166667
22/06/1985,5.47296,NA,NA,NA,NA,NA,NA,NA,NA,NA,NA,NA,NA,NA,NA,NA,NA,NA,NA,NA,NA,NA,5.8,13.9,11,86.86353723,1.516054725,29,13.33333333
23/06/1985,5.47570,NA,NA,NA,NA,NA,NA,NA,NA,NA,NA,NA,NA,NA,NA,NA,NA,NA,NA,NA,NA,NA,0.6,16.2,10.8,93.48284422,1.631583426,20,8.041666667
24/06/1985,5.47844,NA,NA,NA,NA,NA,NA,NA,NA,NA,NA,NA,NA,NA,NA,NA,NA,NA,NA,NA,NA,NA,3.6,14.9,10.9,-176.9000146,-3.087487701,16,5.875
25/06/1985,5.48118,NA,NA,NA,NA,NA,NA,NA,NA,NA,NA,NA,NA,NA,NA,NA,NA,NA,NA,NA,NA,NA,0.3,13.1,10,-165.8396474,-2.894447878,23,11.29166667
26/06/1985,5.48392,NA,NA,NA,NA,NA,NA,NA,NA,NA,NA,NA,NA,NA,NA,NA,NA,NA,NA,NA,NA,NA,0.1,14.1,10.2,-3.526989403,-0.061557578,15,5.458333333
27/06/1985,5.48665,NA,NA,NA,NA,NA,NA,NA,NA,NA,NA,NA,NA,NA,NA,NA,NA,NA,NA,NA,NA,NA,2.4,14.1,9.8,-84.51134916,-1.475001298,22,10.70833333
28/06/1985,5.48939,NA,NA,NA,NA,NA,NA,NA,NA,NA,NA,NA,NA,NA,NA,NA,NA,NA,NA,NA,NA,NA,3.2,13.1,7.1,168.6060037,2.942729902,15,4.625
29/06/1985,5.49213,NA,NA,NA,NA,NA,NA,NA,NA,NA,NA,NA,NA,NA,NA,NA,NA,NA,NA,NA,NA,NA,0,16,5,-97.95741317,-1.709679386,17,5.541666667
30/06/1985,5.49487,NA,NA,NA,NA,NA,NA,NA,NA,NA,NA,NA,NA,NA,NA,NA,NA,NA,NA,NA,NA,NA,0.5,14.1,5.4,179.7491056,3.13721372,15,5.833333333
01/07/1985,5.49760,NA,NA,NA,NA,NA,NA,NA,NA,NA,NA,NA,NA,NA,NA,NA,NA,NA,NA,NA,NA,NA,4.5,15.2,10.7,-168.3309962,-2.937930116,16,5.708333333
02/07/1985,5.50034,NA,NA,NA,NA,NA,NA,NA,NA,NA,NA,NA,NA,NA,NA,NA,NA,NA,NA,NA,NA,NA,0,16.4,10.6,-177.1105799,-3.091162759,23,10.875
03/07/1985,5.50308,NA,NA,NA,NA,NA,NA,NA,NA,NA,NA,NA,NA,NA,NA,NA,NA,NA,NA,NA,NA,NA,4,13.9,11.8,-173.7629964,-3.032736406,19,9.25
04/07/1985,5.50582,NA,NA,NA,NA,NA,NA,NA,NA,NA,NA,NA,NA,NA,NA,NA,NA,NA,NA,NA,NA,NA,0.5,18.9,11.8,164.4325543,2.869889469,17,4.375
05/07/1985,5.50856,NA,NA,NA,NA,NA,NA,NA,NA,NA,NA,NA,NA,NA,NA,NA,NA,NA,NA,NA,NA,NA,9.7,14.7,11.1,-41.28951322,-0.720637952,13,3.666666667
06/07/1985,5.51129,NA,NA,NA,NA,NA,NA,NA,NA,NA,NA,NA,NA,NA,NA,NA,NA,NA,NA,NA,NA,NA,1.5,15.6,7.5,-127.1459776,-2.219115939,24,8.916666667
07/07/1985,5.51403,NA,NA,NA,NA,NA,NA,NA,NA,NA,NA,NA,NA,NA,NA,NA,NA,NA,NA,NA,NA,NA,0.9,13.6,7.2,-155.1833991,-2.708461258,22,9.875
08/07/1985,5.51677,NA,NA,NA,NA,NA,NA,NA,NA,NA,NA,NA,NA,NA,NA,NA,NA,NA,NA,NA,NA,NA,2.2,15.7,11.8,-128.6171063,-2.24479198,20,9.541666667
09/07/1985,5.51951,NA,NA,NA,NA,NA,NA,NA,NA,NA,NA,NA,NA,NA,NA,NA,NA,NA,NA,NA,NA,NA,0.5,15.3,10.4,-90.87071245,-1.585993126,20,10.08333333
10/07/1985,5.52225,NA,NA,NA,NA,NA,NA,NA,NA,NA,NA,NA,NA,NA,NA,NA,NA,NA,NA,NA,NA,NA,11.1,14.3,11.7,-138.8419587,-2.42324932,28,11.58333333
11/07/1985,5.52498,NA,NA,NA,NA,NA,NA,NA,NA,NA,NA,NA,NA,NA,NA,NA,NA,NA,NA,NA,NA,NA,2.8,13.9,12.1,-163.7502129,-2.857980365,25,12.95833333
12/07/1985,5.52772,NA,NA,NA,NA,NA,NA,NA,NA,NA,NA,NA,NA,NA,NA,NA,NA,NA,NA,NA,NA,NA,0.4,15.2,10.9,-123.7172781,-2.159273844,24,11.66666667
13/07/1985,5.53046,NA,NA,NA,NA,NA,NA,NA,NA,NA,NA,NA,NA,NA,NA,NA,NA,NA,NA,NA,NA,NA,0.2,15.9,8.5,-140.039773,-2.444155123,25,9.541666667
14/07/1985,5.53320,NA,NA,NA,NA,NA,NA,NA,NA,NA,NA,NA,NA,NA,NA,NA,NA,NA,NA,NA,NA,NA,0.4,14.5,7.2,-101.154786,-1.76548407,22,6.875
15/07/1985,5.53593,NA,NA,NA,NA,NA,NA,NA,NA,NA,NA,NA,NA,NA,NA,NA,NA,NA,NA,NA,NA,NA,8.2,13.9,7.1,-164.2842515,-2.867301097,22,8.708333333
16/07/1985,5.53867,NA,NA,NA,NA,NA,NA,NA,NA,NA,NA,NA,NA,NA,NA,NA,NA,NA,NA,NA,NA,NA,0.5,16.2,10.3,-137.6078886,-2.401710733,22,9.166666667
17/07/1985,5.54141,NA,NA,NA,NA,NA,NA,NA,NA,NA,NA,NA,NA,NA,NA,NA,NA,NA,NA,NA,NA,NA,6.2,15.7,11.3,-167.5048664,-2.923511432,41,20.75
18/07/1985,5.54415,NA,NA,NA,NA,NA,NA,NA,NA,NA,NA,NA,NA,NA,NA,NA,NA,NA,NA,NA,NA,NA,3.9,16.7,11,-134.802344,-2.352744743,40,16.41666667
19/07/1985,5.54689,NA,NA,NA,NA,NA,NA,NA,NA,NA,NA,NA,NA,NA,NA,NA,NA,NA,NA,NA,NA,NA,0.2,15.3,8.5,-123.2867922,-2.151760449,26,11.54166667
20/07/1985,5.54962,NA,NA,NA,NA,NA,NA,NA,NA,NA,NA,NA,NA,NA,NA,NA,NA,NA,NA,NA,NA,NA,0.7,15.9,8.1,-121.5405273,-2.121282377,22,9.708333333
21/07/1985,5.55236,NA,NA,NA,NA,NA,NA,NA,NA,NA,NA,NA,NA,NA,NA,NA,NA,NA,NA,NA,NA,NA,4.2,14.9,8.5,-119.5874602,-2.087194925,29,10.70833333
22/07/1985,5.55510,NA,NA,NA,NA,NA,NA,NA,NA,NA,NA,NA,NA,NA,NA,NA,NA,NA,NA,NA,NA,NA,0.1,15.9,9,-96.82163797,-1.68985637,18,5.333333333
23/07/1985,5.55784,NA,NA,NA,NA,NA,NA,NA,NA,NA,NA,NA,NA,NA,NA,NA,NA,NA,NA,NA,NA,NA,1.3,15.9,9.4,-87.6787256,-1.530282446,22,8.25
24/07/1985,5.56057,NA,NA,NA,NA,NA,NA,NA,NA,NA,NA,NA,NA,NA,NA,NA,NA,NA,NA,NA,NA,NA,0,14.5,5.6,130.0187235,2.269254813,NA,4.5
25/07/1985,5.56331,NA,NA,NA,NA,NA,NA,NA,NA,NA,NA,NA,NA,NA,NA,NA,NA,NA,NA,NA,NA,NA,9.8,15.2,12.5,66.94035947,1.168329675,10,3.791666667
26/07/1985,5.56605,NA,NA,NA,NA,NA,NA,NA,NA,NA,NA,NA,NA,NA,NA,NA,NA,NA,NA,NA,NA,NA,1.9,20,12.3,79.62810243,1.389772564,23,7.458333333
27/07/1985,5.56879,NA,NA,NA,NA,NA,NA,NA,NA,NA,NA,NA,NA,NA,NA,NA,NA,NA,NA,NA,NA,NA,7.6,17.1,12.1,71.62955436,1.250171565,25,10.33333333
28/07/1985,5.57153,NA,NA,NA,NA,NA,NA,NA,NA,NA,NA,NA,NA,NA,NA,NA,NA,NA,NA,NA,NA,NA,0.3,17.1,11.7,134.9442307,2.355221133,20,9.166666667
29/07/1985,5.57426,NA,NA,NA,NA,NA,NA,NA,NA,NA,NA,NA,NA,NA,NA,NA,NA,NA,NA,NA,NA,NA,0,14.8,12.1,49.62917089,0.866192437,28,15.625
30/07/1985,5.57700,NA,NA,NA,NA,NA,NA,NA,NA,NA,NA,NA,NA,NA,NA,NA,NA,NA,NA,NA,NA,NA,0,14,11.2,27.78773094,0.484987397,19,9.958333333
31/07/1985,5.57974,NA,NA,NA,NA,NA,NA,NA,NA,NA,NA,NA,NA,NA,NA,NA,NA,NA,NA,NA,NA,NA,1.7,14.1,9.1,-66.95927683,-1.168659845,19,5.541666667
01/08/1985,5.58248,NA,NA,NA,NA,NA,NA,NA,NA,NA,NA,NA,NA,NA,NA,NA,NA,NA,NA,NA,NA,NA,4.8,15.5,10.1,-139.1660016,-2.428904935,34,12.125
02/08/1985,5.58522,NA,NA,NA,NA,NA,NA,NA,NA,NA,NA,NA,NA,NA,NA,NA,NA,NA,NA,NA,NA,NA,9.7,15.5,10.6,-144.7749646,-2.526799806,32,9.958333333
03/08/1985,5.58795,NA,NA,NA,NA,NA,NA,NA,NA,NA,NA,NA,NA,NA,NA,NA,NA,NA,NA,NA,NA,NA,1.8,15.1,10,-102.0723484,-1.781498554,21,8.583333333
04/08/1985,5.59069,NA,NA,NA,NA,NA,NA,NA,NA,NA,NA,NA,NA,NA,NA,NA,NA,NA,NA,NA,NA,NA,4.1,14.2,7,-66.09483485,-1.153572487,16,5.958333333
05/08/1985,5.59343,NA,NA,NA,NA,NA,NA,NA,NA,NA,NA,NA,NA,NA,NA,NA,NA,NA,NA,NA,NA,NA,1.4,14.2,10,-21.1727958,-0.369534999,26,11.29166667
06/08/1985,5.59617,NA,NA,NA,NA,NA,NA,NA,NA,NA,NA,NA,NA,NA,NA,NA,NA,NA,NA,NA,NA,NA,0.4,14,9.8,-36.51380998,-0.637286207,25,10.33333333
07/08/1985,5.59890,NA,NA,NA,NA,NA,NA,NA,NA,NA,NA,NA,NA,NA,NA,NA,NA,NA,NA,NA,NA,NA,5,15.1,9.6,-151.7242311,-2.648087389,21,9.291666667
08/08/1985,5.60164,NA,NA,NA,NA,NA,NA,NA,NA,NA,NA,NA,NA,NA,NA,NA,NA,NA,NA,NA,NA,NA,2,14.6,7.8,170.9329391,2.983342587,35,8.833333333
09/08/1985,5.60438,NA,NA,NA,NA,NA,NA,NA,NA,NA,NA,NA,NA,NA,NA,NA,NA,NA,NA,NA,NA,NA,2,15.7,9.7,165.7443453,2.892784542,36,12.95833333
10/08/1985,5.60712,NA,NA,NA,NA,NA,NA,NA,NA,NA,NA,NA,NA,NA,NA,NA,NA,NA,NA,NA,NA,NA,0.2,14.3,10.4,167.9134834,2.930643144,32,15.70833333
11/08/1985,5.60986,NA,NA,NA,NA,NA,NA,NA,NA,NA,NA,NA,NA,NA,NA,NA,NA,NA,NA,NA,NA,NA,2.1,13.9,10.4,150.9111946,2.633897225,23,8.75
12/08/1985,5.61259,NA,NA,NA,NA,NA,NA,NA,NA,NA,NA,NA,NA,NA,NA,NA,NA,NA,NA,NA,NA,NA,0.9,13.9,8.5,-45.91758363,-0.801413019,15,3.5
13/08/1985,5.61533,NA,NA,NA,NA,NA,NA,NA,NA,NA,NA,NA,NA,NA,NA,NA,NA,NA,NA,NA,NA,NA,1.4,15,8.7,-171.6661228,-2.996139057,16,7.833333333
14/08/1985,5.61807,NA,NA,NA,NA,NA,NA,NA,NA,NA,NA,NA,NA,NA,NA,NA,NA,NA,NA,NA,NA,NA,3.5,17.1,9.6,90.5089473,1.579679133,29,8.875
15/08/1985,5.62081,NA,NA,NA,NA,NA,NA,NA,NA,NA,NA,NA,NA,NA,NA,NA,NA,NA,NA,NA,NA,NA,4.5,17.7,11.1,88.04934656,1.536751002,27,8.333333333
16/08/1985,5.62355,NA,NA,NA,NA,NA,NA,NA,NA,NA,NA,NA,NA,NA,NA,NA,NA,NA,NA,NA,NA,NA,1.1,16.3,11.9,14.2374397,0.2484902,18,8.25
17/08/1985,5.62628,NA,NA,NA,NA,NA,NA,NA,NA,NA,NA,NA,NA,NA,NA,NA,NA,NA,NA,NA,NA,NA,0,17.4,11.5,103.0559135,1.798665004,11,2.916666667
18/08/1985,5.62902,NA,NA,NA,NA,NA,NA,NA,NA,NA,NA,NA,NA,NA,NA,NA,NA,NA,NA,NA,NA,NA,1.8,15.7,11.5,143.2333409,2.499893397,11,3.291666667
19/08/1985,5.63176,NA,NA,NA,NA,NA,NA,NA,NA,NA,NA,NA,NA,NA,NA,NA,NA,NA,NA,NA,NA,NA,1.4,17.4,12.6,-173.2212672,-3.023281446,16,7
20/08/1985,5.63450,NA,NA,NA,NA,NA,NA,NA,NA,NA,NA,NA,NA,NA,NA,NA,NA,NA,NA,NA,NA,NA,8,15.5,11.9,154.2429096,2.692046621,17,6.625
21/08/1985,5.63723,NA,NA,NA,NA,NA,NA,NA,NA,NA,NA,NA,NA,NA,NA,NA,NA,NA,NA,NA,NA,NA,1.7,15.8,11.1,-130.6134612,-2.279634945,21,7.791666667
22/08/1985,5.63997,NA,NA,NA,NA,NA,NA,NA,NA,NA,NA,NA,NA,NA,NA,NA,NA,NA,NA,NA,NA,NA,1.8,15,9.5,-124.5418062,-2.173664575,23,8.708333333
23/08/1985,5.64271,NA,NA,NA,NA,NA,NA,NA,NA,NA,NA,NA,NA,NA,NA,NA,NA,NA,NA,NA,NA,NA,4,13.9,8.6,-176.7104153,-3.08417857,26,8.041666667
24/08/1985,5.64545,NA,NA,NA,NA,NA,NA,NA,NA,NA,NA,NA,NA,NA,NA,NA,NA,NA,NA,NA,NA,NA,21,13.6,10.6,-27.90070144,-0.486959104,34,10.875
25/08/1985,5.64819,NA,NA,NA,NA,NA,NA,NA,NA,NA,NA,NA,NA,NA,NA,NA,NA,NA,NA,NA,NA,NA,13,14,9.5,-16.46062993,-0.287292189,40,18.20833333
26/08/1985,5.65092,NA,NA,NA,NA,NA,NA,NA,NA,NA,NA,NA,NA,NA,NA,NA,NA,NA,NA,NA,NA,NA,0.4,12.9,8.1,-109.5230957,-1.911538628,24,7.041666667
27/08/1985,5.65366,NA,NA,NA,NA,NA,NA,NA,NA,NA,NA,NA,NA,NA,NA,NA,NA,NA,NA,NA,NA,NA,17.4,14.3,10.1,-167.0833062,-2.916153818,29,11.95833333
28/08/1985,5.65640,NA,NA,NA,NA,NA,NA,NA,NA,NA,NA,NA,NA,NA,NA,NA,NA,NA,NA,NA,NA,NA,1.2,14.3,9.3,-121.0806186,-2.113255456,34,16
29/08/1985,5.65914,NA,NA,NA,NA,NA,NA,NA,NA,NA,NA,NA,NA,NA,NA,NA,NA,NA,NA,NA,NA,NA,0,14.9,7.8,-150.3576463,-2.624235983,17,4.958333333
30/08/1985,5.66188,NA,NA,NA,NA,NA,NA,NA,NA,NA,NA,NA,NA,NA,NA,NA,NA,NA,NA,NA,NA,NA,16.1,14.1,10,145.4404881,2.538415382,23,9.541666667
31/08/1985,5.66461,NA,NA,NA,NA,NA,NA,NA,NA,NA,NA,NA,NA,NA,NA,NA,NA,NA,NA,NA,NA,NA,14.5,13.2,10.7,110.3434201,1.925855989,30,10.79166667
01/09/1985,5.66735,NA,NA,NA,NA,NA,NA,NA,NA,NA,NA,NA,NA,NA,NA,NA,NA,NA,NA,NA,NA,NA,6.7,12.1,7.9,8.760631603,0.152901866,38,15.45833333
02/09/1985,5.67009,NA,NA,NA,NA,NA,NA,NA,NA,NA,NA,NA,NA,NA,NA,NA,NA,NA,NA,NA,NA,NA,3.4,10.8,7.9,65.17115217,1.137451183,29,9.625
03/09/1985,5.67283,NA,NA,NA,NA,NA,NA,NA,NA,NA,NA,NA,NA,NA,NA,NA,NA,NA,NA,NA,NA,NA,7.3,11.9,8.6,23.08240134,0.402863903,36,16.73913043
04/09/1985,5.67556,NA,NA,NA,NA,NA,NA,NA,NA,NA,NA,NA,NA,NA,NA,NA,NA,NA,NA,NA,NA,NA,0,12.3,4.4,15.81191648,0.275970004,16,4.75
05/09/1985,5.67830,NA,NA,NA,NA,NA,NA,NA,NA,NA,NA,NA,NA,NA,NA,NA,NA,NA,NA,NA,NA,NA,1.1,12.8,4.6,-46.30628647,-0.808197163,24,7.083333333
06/09/1985,5.68104,NA,NA,NA,NA,NA,NA,NA,NA,NA,NA,NA,NA,NA,NA,NA,NA,NA,NA,NA,NA,NA,1.5,11.3,4.1,-69.54454516,-1.21378129,27,6.125
07/09/1985,5.68378,NA,NA,NA,NA,NA,NA,NA,NA,NA,NA,NA,NA,NA,NA,NA,NA,NA,NA,NA,NA,NA,0.8,10,5.5,80.89912928,1.411956168,NA,5.833333333
08/09/1985,5.68652,NA,NA,NA,NA,NA,NA,NA,NA,NA,NA,NA,NA,NA,NA,NA,NA,NA,NA,NA,NA,NA,0,11.6,8.5,81.19134903,1.417056365,18,9.083333333
09/09/1985,5.68925,NA,NA,NA,NA,NA,NA,NA,NA,NA,NA,NA,NA,NA,NA,NA,NA,NA,NA,NA,NA,NA,14.3,15.2,9.5,-179.280352,-3.129032427,24,9.958333333
10/09/1985,5.69199,NA,NA,NA,NA,NA,NA,NA,NA,NA,NA,NA,NA,NA,NA,NA,NA,NA,NA,NA,NA,NA,1.5,15.5,10.5,-116.5362675,-2.033941565,19,6
11/09/1985,5.69473,NA,NA,NA,NA,NA,NA,NA,NA,NA,NA,NA,NA,NA,NA,NA,NA,NA,NA,NA,NA,NA,8.2,14.2,10.9,179.0259733,3.12459268,27,8.541666667
12/09/1985,5.69747,NA,NA,NA,NA,NA,NA,NA,NA,NA,NA,NA,NA,NA,NA,NA,NA,NA,NA,NA,NA,NA,8.7,15.4,10.8,-147.9274691,-2.58182139,26,8.625
13/09/1985,5.70021,NA,NA,NA,NA,NA,NA,NA,NA,NA,NA,NA,NA,NA,NA,NA,NA,NA,NA,NA,NA,NA,2.1,14.1,9.5,-127.6414214,-2.227763065,44,14.83333333
14/09/1985,5.70294,NA,NA,NA,NA,NA,NA,NA,NA,NA,NA,NA,NA,NA,NA,NA,NA,NA,NA,NA,NA,NA,9.2,14.4,9.6,-125.8340674,-2.196218788,46,19.83333333
15/09/1985,5.70568,NA,NA,NA,NA,NA,NA,NA,NA,NA,NA,NA,NA,NA,NA,NA,NA,NA,NA,NA,NA,NA,5,12.6,8.8,-86.14380224,-1.503492979,32,12.95833333
16/09/1985,5.70842,NA,NA,NA,NA,NA,NA,NA,NA,NA,NA,NA,NA,NA,NA,NA,NA,NA,NA,NA,NA,NA,3.4,11,7.9,-157.7237419,-2.752798605,18,4.416666667
17/09/1985,5.71116,NA,NA,NA,NA,NA,NA,NA,NA,NA,NA,NA,NA,NA,NA,NA,NA,NA,NA,NA,NA,NA,1.2,13.7,7.1,-109.8925438,-1.917986713,28,8.166666667
18/09/1985,5.71389,NA,NA,NA,NA,NA,NA,NA,NA,NA,NA,NA,NA,NA,NA,NA,NA,NA,NA,NA,NA,NA,0.8,13.6,5.5,-138.9011249,-2.424281963,16,5.375
19/09/1985,5.71663,NA,NA,NA,NA,NA,NA,NA,NA,NA,NA,NA,NA,NA,NA,NA,NA,NA,NA,NA,NA,NA,0.8,12.4,5.2,-118.6092393,-2.07012175,31,9.291666667
20/09/1985,5.71937,NA,NA,NA,NA,NA,NA,NA,NA,NA,NA,NA,NA,NA,NA,NA,NA,NA,NA,NA,NA,NA,4.4,12.2,5.8,-116.6314717,-2.035603192,26,6.875
21/09/1985,5.72211,NA,NA,NA,NA,NA,NA,NA,NA,NA,NA,NA,NA,NA,NA,NA,NA,NA,NA,NA,NA,NA,0.5,11.7,5.2,47.37671524,0.82687967,28,11.45833333
22/09/1985,5.72485,NA,NA,NA,NA,NA,NA,NA,NA,NA,NA,NA,NA,NA,NA,NA,NA,NA,NA,NA,NA,NA,0,11.4,7.5,81.659823,1.425232778,29,15.41666667
23/09/1985,5.72758,NA,NA,NA,NA,NA,NA,NA,NA,NA,NA,NA,NA,NA,NA,NA,NA,NA,NA,NA,NA,NA,7.2,12.5,9,130.0327728,2.269500021,22,8
24/09/1985,5.73032,NA,NA,NA,NA,NA,NA,NA,NA,NA,NA,NA,NA,NA,NA,NA,NA,NA,NA,NA,NA,NA,1.4,13.5,10.6,-151.3872981,-2.642206797,NA,3.208333333
25/09/1985,5.73306,NA,NA,NA,NA,NA,NA,NA,NA,NA,NA,NA,NA,NA,NA,NA,NA,NA,NA,NA,NA,NA,5.4,13.6,11.1,169.8802141,2.96496907,14,4.541666667
26/09/1985,5.73580,NA,NA,NA,NA,NA,NA,NA,NA,NA,NA,NA,NA,NA,NA,NA,NA,NA,NA,NA,NA,NA,0,14.7,5.8,-142.9142011,-2.494323358,NA,2.25
27/09/1985,5.73854,NA,NA,NA,NA,NA,NA,NA,NA,NA,NA,NA,NA,NA,NA,NA,NA,NA,NA,NA,NA,NA,7.7,12.8,10.3,48.97712603,0.854812107,NA,3.875
28/09/1985,5.74127,NA,NA,NA,NA,NA,NA,NA,NA,NA,NA,NA,NA,NA,NA,NA,NA,NA,NA,NA,NA,NA,0,17.3,10.9,150.8164763,2.632244078,15,4.375
29/09/1985,5.74401,NA,NA,NA,NA,NA,NA,NA,NA,NA,NA,NA,NA,NA,NA,NA,NA,NA,NA,NA,NA,NA,0,18,12.7,-156.5028718,-2.731490401,32,9.875
30/09/1985,5.74675,NA,NA,NA,NA,NA,NA,NA,NA,NA,NA,NA,NA,NA,NA,NA,NA,NA,NA,NA,NA,NA,4.1,15.3,12.8,-163.6497959,-2.856227759,29,12.875
01/10/1985,5.74949,NA,NA,NA,NA,NA,NA,NA,NA,NA,NA,NA,NA,NA,NA,NA,NA,NA,NA,NA,NA,NA,10,14.9,11.7,-172.8354443,-3.016547568,21,7.875
02/10/1985,5.75222,NA,NA,NA,NA,NA,NA,NA,NA,NA,NA,NA,NA,NA,NA,NA,NA,NA,NA,NA,NA,NA,14.5,15.3,11.4,-176.7077413,-3.0841319,30,10.25
03/10/1985,5.75496,NA,NA,NA,NA,NA,NA,NA,NA,NA,NA,NA,NA,NA,NA,NA,NA,NA,NA,NA,NA,NA,5.5,14.1,10.1,164.893283,2.877930704,40,13.5
04/10/1985,5.75770,NA,NA,NA,NA,NA,NA,NA,NA,NA,NA,NA,NA,NA,NA,NA,NA,NA,NA,NA,NA,NA,18.2,13.1,9.3,-171.3944148,-2.991396858,39,16.16666667
05/10/1985,5.76044,NA,NA,NA,NA,NA,NA,NA,NA,NA,NA,NA,NA,NA,NA,NA,NA,NA,NA,NA,NA,NA,1.1,13.4,9.4,-145.681559,-2.542622864,37,14.66666667
06/10/1985,5.76318,NA,NA,NA,NA,NA,NA,NA,NA,NA,NA,NA,NA,NA,NA,NA,NA,NA,NA,NA,NA,NA,8.1,13.9,10.8,-165.714726,-2.892267588,40,17.91666667
07/10/1985,5.76591,NA,NA,NA,NA,NA,NA,NA,NA,NA,NA,NA,NA,NA,NA,NA,NA,NA,NA,NA,NA,NA,3,12.3,6.9,-150.4201156,-2.625326278,34,15.16666667
08/10/1985,5.76865,NA,NA,NA,NA,NA,NA,NA,NA,NA,NA,NA,NA,NA,NA,NA,NA,NA,NA,NA,NA,NA,6.8,9.9,7,-128.3379729,-2.239920183,27,7.125
09/10/1985,5.77139,NA,NA,NA,NA,NA,NA,NA,NA,NA,NA,NA,NA,NA,NA,NA,NA,NA,NA,NA,NA,NA,2.5,11.3,6.2,-110.497805,-1.928550514,27,7.791666667
10/10/1985,5.77413,NA,NA,NA,NA,NA,NA,NA,NA,NA,NA,NA,NA,NA,NA,NA,NA,NA,NA,NA,NA,NA,18.9,13.9,4.9,-153.161571,-2.673173702,59,13.16666667
11/10/1985,5.77687,NA,NA,NA,NA,NA,NA,NA,NA,NA,NA,NA,NA,NA,NA,NA,NA,NA,NA,NA,NA,NA,0.4,13.9,5.7,-90.58719833,-1.581044871,73,17.95833333
12/10/1985,5.77960,NA,NA,NA,NA,NA,NA,NA,NA,NA,NA,NA,NA,NA,NA,NA,NA,NA,NA,NA,NA,NA,1.6,12.9,4.5,-151.4495383,-2.643293093,32,11
13/10/1985,5.78234,NA,NA,NA,NA,NA,NA,NA,NA,NA,NA,NA,NA,NA,NA,NA,NA,NA,NA,NA,NA,NA,0.1,14.3,11.7,-155.8576876,-2.720229813,21,10.20833333
14/10/1985,5.78508,NA,NA,NA,NA,NA,NA,NA,NA,NA,NA,NA,NA,NA,NA,NA,NA,NA,NA,NA,NA,NA,0.9,15,12.2,-143.1769295,-2.498908833,16,4.541666667
15/10/1985,5.78782,NA,NA,NA,NA,NA,NA,NA,NA,NA,NA,NA,NA,NA,NA,NA,NA,NA,NA,NA,NA,NA,0,14,10,-156.2833487,-2.727659,20,5.208333333
16/10/1985,5.79055,NA,NA,NA,NA,NA,NA,NA,NA,NA,NA,NA,NA,NA,NA,NA,NA,NA,NA,NA,NA,NA,0,13.6,10.4,-149.288624,-2.605578025,23,8.041666667
17/10/1985,5.79329,NA,NA,NA,NA,NA,NA,NA,NA,NA,NA,NA,NA,NA,NA,NA,NA,NA,NA,NA,NA,NA,0.2,12.6,9.1,-116.1520617,-2.027235909,14,4.208333333
18/10/1985,5.79603,NA,NA,NA,NA,NA,NA,NA,NA,NA,NA,NA,NA,NA,NA,NA,NA,NA,NA,NA,NA,NA,0.2,12.7,5.6,-114.5995965,-2.000140281,12,4
19/10/1985,5.79877,NA,NA,NA,NA,NA,NA,NA,NA,NA,NA,NA,NA,NA,NA,NA,NA,NA,NA,NA,NA,NA,0.4,12,6.5,-152.4984024,-2.661599225,26,12.83333333
20/10/1985,5.80151,NA,NA,NA,NA,NA,NA,NA,NA,NA,NA,NA,NA,NA,NA,NA,NA,NA,NA,NA,NA,NA,0.8,14,9.4,-148.7478154,-2.596139135,23,10.45833333
21/10/1985,5.80424,NA,NA,NA,NA,NA,NA,NA,NA,NA,NA,NA,NA,NA,NA,NA,NA,NA,NA,NA,NA,NA,0,14.4,9.1,-156.418456,-2.730017068,14,5.583333333
22/10/1985,5.80698,NA,NA,NA,NA,NA,NA,NA,NA,NA,NA,NA,NA,NA,NA,NA,NA,NA,NA,NA,NA,NA,0,12.8,7.1,-168.6660978,-2.943778743,NA,7.125
23/10/1985,5.80972,NA,NA,NA,NA,NA,NA,NA,NA,NA,NA,NA,NA,NA,NA,NA,NA,NA,NA,NA,NA,NA,0,12.3,7.6,-170.0379772,-2.967722556,28,11.125
24/10/1985,5.81246,NA,NA,NA,NA,NA,NA,NA,NA,NA,NA,NA,NA,NA,NA,NA,NA,NA,NA,NA,NA,NA,1.8,12.3,5,-138.5443487,-2.418055045,41,13.5
25/10/1985,5.81520,NA,NA,NA,NA,NA,NA,NA,NA,NA,NA,NA,NA,NA,NA,NA,NA,NA,NA,NA,NA,NA,0,11.7,2.6,95.9376151,1.67442726,20,6.125
26/10/1985,5.81793,NA,NA,NA,NA,NA,NA,NA,NA,NA,NA,NA,NA,NA,NA,NA,NA,NA,NA,NA,NA,NA,0,12.2,1.7,-23.30476566,-0.406744892,5,1.75
27/10/1985,5.82067,NA,NA,NA,NA,NA,NA,NA,NA,NA,NA,NA,NA,NA,NA,NA,NA,NA,NA,NA,NA,NA,0,12.1,2,-135.6534566,-2.367599459,NA,8.041666667
28/10/1985,5.82341,NA,NA,NA,NA,NA,NA,NA,NA,NA,NA,NA,NA,NA,NA,NA,NA,NA,NA,NA,NA,NA,0,12.4,5,-80.30123288,-1.401520907,23,7.458333333
29/10/1985,5.82615,NA,NA,NA,NA,NA,NA,NA,NA,NA,NA,NA,NA,NA,NA,NA,NA,NA,NA,NA,NA,NA,0,11,4,-136.2586307,-2.378161741,14,4.25
30/10/1985,5.82888,NA,NA,NA,NA,NA,NA,NA,NA,NA,NA,NA,NA,NA,NA,NA,NA,NA,NA,NA,NA,NA,2.2,10.4,3,-70.8379236,-1.236355002,20,7.208333333
31/10/1985,5.83162,NA,NA,NA,NA,NA,NA,NA,NA,NA,NA,NA,NA,NA,NA,NA,NA,NA,NA,NA,NA,NA,3.3,9.1,2.9,8.604028576,0.150168628,30,10.375
01/11/1985,5.83436,NA,NA,NA,NA,NA,NA,NA,NA,NA,NA,NA,NA,NA,NA,NA,NA,NA,NA,NA,NA,NA,1.2,8.8,2.2,-60.44661205,-1.054992402,37,13.125
02/11/1985,5.83710,NA,NA,NA,NA,NA,NA,NA,NA,NA,NA,NA,NA,NA,NA,NA,NA,NA,NA,NA,NA,NA,2.2,4.9,-0.1,-32.56225128,-0.568318497,37,12.70833333
03/11/1985,5.83984,NA,NA,NA,NA,NA,NA,NA,NA,NA,NA,NA,NA,NA,NA,NA,NA,NA,NA,NA,NA,NA,3.5,8.7,0.4,-157.2161281,-2.743939072,41,15.33333333
04/11/1985,5.84257,NA,NA,NA,NA,NA,NA,NA,NA,NA,NA,NA,NA,NA,NA,NA,NA,NA,NA,NA,NA,NA,27.2,10.1,5.4,-131.6776238,-2.298208087,NA,12.70833333
05/11/1985,5.84531,NA,NA,NA,NA,NA,NA,NA,NA,NA,NA,NA,NA,NA,NA,NA,NA,NA,NA,NA,NA,NA,10.2,6.3,-0.1,-8.06352182,-0.140735005,39,20.25
06/11/1985,5.84805,NA,NA,NA,NA,NA,NA,NA,NA,NA,NA,NA,NA,NA,NA,NA,NA,NA,NA,NA,NA,NA,8.9,7.1,-1.1,-101.5746299,-1.772811728,35,12.33333333
07/11/1985,5.85079,NA,NA,NA,NA,NA,NA,NA,NA,NA,NA,NA,NA,NA,NA,NA,NA,NA,NA,NA,NA,NA,1,8,1.3,-117.3744786,-2.048571109,31,6.583333333
08/11/1985,5.85352,NA,NA,NA,NA,NA,NA,NA,NA,NA,NA,NA,NA,NA,NA,NA,NA,NA,NA,NA,NA,NA,11.5,9.3,4.5,82.13275588,1.433487014,35,13.33333333
09/11/1985,5.85626,NA,NA,NA,NA,NA,NA,NA,NA,NA,NA,NA,NA,NA,NA,NA,NA,NA,NA,NA,NA,NA,29.5,9,-1,11.87516944,0.207260806,61,28.5
10/11/1985,5.85900,NA,NA,NA,NA,NA,NA,NA,NA,NA,NA,NA,NA,NA,NA,NA,NA,NA,NA,NA,NA,NA,4.9,3.4,-0.8,-14.55257497,-0.253990348,38,15.54166667
11/11/1985,5.86174,NA,NA,NA,NA,NA,NA,NA,NA,NA,NA,NA,NA,NA,NA,NA,NA,NA,NA,NA,NA,NA,1.3,5.1,0.7,-5.815183749,-0.101494103,29,12.125
12/11/1985,5.86448,NA,NA,NA,NA,NA,NA,NA,NA,NA,NA,NA,NA,NA,NA,NA,NA,NA,NA,NA,NA,NA,0,5.5,0.5,-80.87758532,-1.411580155,11,2.833333333
13/11/1985,5.86721,NA,NA,NA,NA,NA,NA,NA,NA,NA,NA,NA,NA,NA,NA,NA,NA,NA,NA,NA,NA,NA,0,8.9,0.8,-173.3125466,-3.024874573,30,14.83333333
14/11/1985,5.86995,NA,NA,NA,NA,NA,NA,NA,NA,NA,NA,NA,NA,NA,NA,NA,NA,NA,NA,NA,NA,NA,4.2,9.3,4.2,-90.67841698,-1.582636937,40,12.25
15/11/1985,5.87269,NA,NA,NA,NA,NA,NA,NA,NA,NA,NA,NA,NA,NA,NA,NA,NA,NA,NA,NA,NA,NA,0,8.3,-0.1,-104.1189664,-1.817218778,NA,9
16/11/1985,5.87543,NA,NA,NA,NA,NA,NA,NA,NA,NA,NA,NA,NA,NA,NA,NA,NA,NA,NA,NA,NA,NA,2.7,9,1.8,-122.4337893,-2.136872739,50,13.95833333
17/11/1985,5.87817,NA,NA,NA,NA,NA,NA,NA,NA,NA,NA,NA,NA,NA,NA,NA,NA,NA,NA,NA,NA,NA,0.2,9,-0.1,-156.7393235,-2.735617262,NA,15.75
18/11/1985,5.88090,NA,NA,NA,NA,NA,NA,NA,NA,NA,NA,NA,NA,NA,NA,NA,NA,NA,NA,NA,NA,NA,0,10,7.4,-166.252983,-2.901661945,41,22.41666667
19/11/1985,5.88364,NA,NA,NA,NA,NA,NA,NA,NA,NA,NA,NA,NA,NA,NA,NA,NA,NA,NA,NA,NA,NA,0.3,8.3,5.6,-163.3294336,-2.850636382,32,14.33333333
20/11/1985,5.88638,NA,NA,NA,NA,NA,NA,NA,NA,NA,NA,NA,NA,NA,NA,NA,NA,NA,NA,NA,NA,NA,0,6.5,1.6,162.8762165,2.842726252,11,3.666666667
21/11/1985,5.88912,NA,NA,NA,NA,NA,NA,NA,NA,NA,NA,NA,NA,NA,NA,NA,NA,NA,NA,NA,NA,NA,0,5.8,-0.9,31.73810275,0.553934391,9,2.625
22/11/1985,5.89185,NA,NA,NA,NA,NA,NA,NA,NA,NA,NA,NA,NA,NA,NA,NA,NA,NA,NA,NA,NA,NA,1.8,7.6,-0.3,-4.72948508,-0.082545087,19,5.375
23/11/1985,5.89459,NA,NA,NA,NA,NA,NA,NA,NA,NA,NA,NA,NA,NA,NA,NA,NA,NA,NA,NA,NA,NA,1.3,8.4,3,-8.757463389,-0.15284657,20,5.166666667
24/11/1985,5.89733,NA,NA,NA,NA,NA,NA,NA,NA,NA,NA,NA,NA,NA,NA,NA,NA,NA,NA,NA,NA,NA,2.5,8,4.5,42.4665799,0.741181641,21,9.583333333
25/11/1985,5.90007,NA,NA,NA,NA,NA,NA,NA,NA,NA,NA,NA,NA,NA,NA,NA,NA,NA,NA,NA,NA,NA,2.2,6,2.3,-3.329563055,-0.058111838,28,7.583333333
26/11/1985,5.90281,NA,NA,NA,NA,NA,NA,NA,NA,NA,NA,NA,NA,NA,NA,NA,NA,NA,NA,NA,NA,NA,2.9,4.4,-0.2,-17.64383416,-0.307942999,31,8.666666667
27/11/1985,5.90554,NA,NA,NA,NA,NA,NA,NA,NA,NA,NA,NA,NA,NA,NA,NA,NA,NA,NA,NA,NA,NA,4.6,3.6,-0.1,-6.281645289,-0.109635393,38,10.20833333
28/11/1985,5.90828,NA,NA,NA,NA,NA,NA,NA,NA,NA,NA,NA,NA,NA,NA,NA,NA,NA,NA,NA,NA,NA,4.2,3.8,0.1,80.93642972,1.412607183,27,7.25
29/11/1985,5.91102,NA,NA,NA,NA,NA,NA,NA,NA,NA,NA,NA,NA,NA,NA,NA,NA,NA,NA,NA,NA,NA,0.2,3,-4.2,-51.58847706,-0.900388781,6,2.208333333
30/11/1985,5.91376,NA,NA,NA,NA,NA,NA,NA,NA,NA,NA,NA,NA,NA,NA,NA,NA,NA,NA,NA,NA,NA,0,5.9,-3.9,114.6162911,2.000431656,26,6.333333333
01/12/1985,5.91650,NA,NA,NA,NA,NA,NA,NA,NA,NA,NA,NA,NA,NA,NA,NA,NA,NA,NA,NA,NA,NA,23.5,12.4,5.2,150.0123506,2.618209437,37,13.70833333
02/12/1985,5.91923,NA,NA,NA,NA,NA,NA,NA,NA,NA,NA,NA,NA,NA,NA,NA,NA,NA,NA,NA,NA,NA,3.6,11.5,9.6,-167.7667135,-2.928081526,33,13.33333333
03/12/1985,5.92197,NA,NA,NA,NA,NA,NA,NA,NA,NA,NA,NA,NA,NA,NA,NA,NA,NA,NA,NA,NA,NA,19.7,12.3,6.7,-104.9379991,-1.831513594,41,14.54166667
04/12/1985,5.92471,NA,NA,NA,NA,NA,NA,NA,NA,NA,NA,NA,NA,NA,NA,NA,NA,NA,NA,NA,NA,NA,20.5,9.2,5.3,128.9071172,2.249853624,21,5.25
05/12/1985,5.92745,NA,NA,NA,NA,NA,NA,NA,NA,NA,NA,NA,NA,NA,NA,NA,NA,NA,NA,NA,NA,NA,10.5,9.5,5.9,144.2284062,2.517260562,21,8.958333333
06/12/1985,5.93018,NA,NA,NA,NA,NA,NA,NA,NA,NA,NA,NA,NA,NA,NA,NA,NA,NA,NA,NA,NA,NA,3.5,7.9,4.3,99.17730973,1.730970598,26,12.375
07/12/1985,5.93292,NA,NA,NA,NA,NA,NA,NA,NA,NA,NA,NA,NA,NA,NA,NA,NA,NA,NA,NA,NA,NA,2,4.8,2.6,102.9181331,1.796260283,25,13.66666667
08/12/1985,5.93566,NA,NA,NA,NA,NA,NA,NA,NA,NA,NA,NA,NA,NA,NA,NA,NA,NA,NA,NA,NA,NA,0,5.1,2.7,77.54181968,1.353360061,22,10.625
09/12/1985,5.93840,NA,NA,NA,NA,NA,NA,NA,NA,NA,NA,NA,NA,NA,NA,NA,NA,NA,NA,NA,NA,NA,0,4,-1.5,0.102143649,0.001782743,17,4.75
10/12/1985,5.94114,NA,NA,NA,NA,NA,NA,NA,NA,NA,NA,NA,NA,NA,NA,NA,NA,NA,NA,NA,NA,NA,1.4,7.7,2,-167.1852253,-2.917932641,29,12.25
11/12/1985,5.94387,NA,NA,NA,NA,NA,NA,NA,NA,NA,NA,NA,NA,NA,NA,NA,NA,NA,NA,NA,NA,NA,2.1,9.6,2.2,-152.5871489,-2.663148144,50,22.29166667
12/12/1985,5.94661,NA,NA,NA,NA,NA,NA,NA,NA,NA,NA,NA,NA,NA,NA,NA,NA,NA,NA,NA,NA,NA,12,11.2,5.6,-133.1705729,-2.324264964,56,20.29166667
13/12/1985,5.94935,NA,NA,NA,NA,NA,NA,NA,NA,NA,NA,NA,NA,NA,NA,NA,NA,NA,NA,NA,NA,NA,3.4,9.5,4.5,-119.7591808,-2.090192014,34,10.25
14/12/1985,5.95209,NA,NA,NA,NA,NA,NA,NA,NA,NA,NA,NA,NA,NA,NA,NA,NA,NA,NA,NA,NA,NA,15.3,11.3,5.5,-125.4296196,-2.189159842,33,14
15/12/1985,5.95483,NA,NA,NA,NA,NA,NA,NA,NA,NA,NA,NA,NA,NA,NA,NA,NA,NA,NA,NA,NA,NA,1.3,11,5.2,-110.0243513,-1.920287188,30,9.958333333
16/12/1985,5.95756,NA,NA,NA,NA,NA,NA,NA,NA,NA,NA,NA,NA,NA,NA,NA,NA,NA,NA,NA,NA,NA,6.9,11.8,4.8,-79.52908167,-1.388044326,43,10.875
17/12/1985,5.96030,NA,NA,NA,NA,NA,NA,NA,NA,NA,NA,NA,NA,NA,NA,NA,NA,NA,NA,NA,NA,NA,13.7,10.4,5.1,-179.7085001,-3.136505021,14,5.458333333
18/12/1985,5.96304,NA,NA,NA,NA,NA,NA,NA,NA,NA,NA,NA,NA,NA,NA,NA,NA,NA,NA,NA,NA,NA,7.1,10,2.9,-101.0489748,-1.763637316,28,9.583333333
19/12/1985,5.96578,NA,NA,NA,NA,NA,NA,NA,NA,NA,NA,NA,NA,NA,NA,NA,NA,NA,NA,NA,NA,NA,6.8,9,1.4,-121.7714074,-2.125311995,31,11.08333333
20/12/1985,5.96851,NA,NA,NA,NA,NA,NA,NA,NA,NA,NA,NA,NA,NA,NA,NA,NA,NA,NA,NA,NA,NA,8.2,11.1,3.9,-126.8194646,-2.213417212,43,16.25
21/12/1985,5.97125,NA,NA,NA,NA,NA,NA,NA,NA,NA,NA,NA,NA,NA,NA,NA,NA,NA,NA,NA,NA,NA,9.7,9.9,4.1,-127.6386839,-2.227715287,33,12.79166667
22/12/1985,5.97399,NA,NA,NA,NA,NA,NA,NA,NA,NA,NA,NA,NA,NA,NA,NA,NA,NA,NA,NA,NA,NA,13.7,7.2,3.6,-150.0127896,-2.618217098,34,15.58333333
23/12/1985,5.97673,NA,NA,NA,NA,NA,NA,NA,NA,NA,NA,NA,NA,NA,NA,NA,NA,NA,NA,NA,NA,NA,13.6,7.6,4.1,-164.0570687,-2.86333601,33,15.08333333
24/12/1985,5.97947,NA,NA,NA,NA,NA,NA,NA,NA,NA,NA,NA,NA,NA,NA,NA,NA,NA,NA,NA,NA,NA,0,6,1,-52.31295582,-0.913033321,13,3.375
25/12/1985,5.98220,NA,NA,NA,NA,NA,NA,NA,NA,NA,NA,NA,NA,NA,NA,NA,NA,NA,NA,NA,NA,NA,1.1,6.5,3.2,79.54101106,1.388252533,41,22.375
26/12/1985,5.98494,NA,NA,NA,NA,NA,NA,NA,NA,NA,NA,NA,NA,NA,NA,NA,NA,NA,NA,NA,NA,NA,1.2,4,-2.3,20.9146687,0.365029831,37,15.66666667
27/12/1985,5.98768,NA,NA,NA,NA,NA,NA,NA,NA,NA,NA,NA,NA,NA,NA,NA,NA,NA,NA,NA,NA,NA,13,2,-4.3,-10.97755493,-0.191594477,52,15.125
28/12/1985,5.99042,NA,NA,NA,NA,NA,NA,NA,NA,NA,NA,NA,NA,NA,NA,NA,NA,NA,NA,NA,NA,NA,4.8,0.3,-5.1,-10.83261197,-0.189064745,30,10.70833333
29/12/1985,5.99316,NA,NA,NA,NA,NA,NA,NA,NA,NA,NA,NA,NA,NA,NA,NA,NA,NA,NA,NA,NA,NA,4.9,0.6,-7.5,-82.43584475,-1.438776913,22,6.583333333
30/12/1985,5.99589,NA,NA,NA,NA,NA,NA,NA,NA,NA,NA,NA,NA,NA,NA,NA,NA,NA,NA,NA,NA,NA,1.2,3.6,-4.6,155.394344,2.712142941,22,11.58333333
31/12/1985,5.99863,NA,NA,NA,NA,NA,NA,NA,NA,NA,NA,NA,NA,NA,NA,NA,NA,NA,NA,NA,NA,NA,8.9,5.3,2.6,106.6670139,1.861690596,27,6.791666667
01/01/1986,6.00137,NA,NA,NA,NA,NA,NA,NA,NA,NA,NA,NA,NA,NA,NA,NA,NA,NA,NA,NA,NA,NA,0.2,5.4,3.2,90.83327027,1.585339637,33,15.83333333
02/01/1986,6.00411,NA,NA,NA,NA,NA,NA,NA,NA,NA,NA,NA,NA,NA,NA,NA,NA,NA,NA,NA,NA,NA,1.2,5.9,3.8,68.34024187,1.192762232,40,20.08333333
03/01/1986,6.00684,NA,NA,NA,NA,NA,NA,NA,NA,NA,NA,NA,NA,NA,NA,NA,NA,NA,NA,NA,NA,NA,0,5,-0.4,8.536745944,0.148994324,28,6.041666667
04/01/1986,6.00958,NA,NA,NA,NA,NA,NA,NA,NA,NA,NA,NA,NA,NA,NA,NA,NA,NA,NA,NA,NA,NA,5.8,5.6,1.2,150.6176279,2.628773519,40,14.45833333
05/01/1986,6.01232,NA,NA,NA,NA,NA,NA,NA,NA,NA,NA,NA,NA,NA,NA,NA,NA,NA,NA,NA,NA,NA,0.2,5.3,1.7,127.8724226,2.231794797,31,7.916666667
06/01/1986,6.01506,NA,NA,NA,NA,NA,NA,NA,NA,NA,NA,NA,NA,NA,NA,NA,NA,NA,NA,NA,NA,NA,0,3.8,-0.4,124.5933634,2.174564417,14,5.416666667
07/01/1986,6.01780,NA,NA,NA,NA,NA,NA,NA,NA,NA,NA,NA,NA,NA,NA,NA,NA,NA,NA,NA,NA,NA,0,3,-1.2,125.3837089,2.188358549,16,4.291666667
08/01/1986,6.02053,NA,NA,NA,NA,NA,NA,NA,NA,NA,NA,NA,NA,NA,NA,NA,NA,NA,NA,NA,NA,NA,0,5,2.3,154.9858518,2.705013408,25,9.791666667
09/01/1986,6.02327,NA,NA,NA,NA,NA,NA,NA,NA,NA,NA,NA,NA,NA,NA,NA,NA,NA,NA,NA,NA,NA,6.6,8.4,3.8,-163.7945733,-2.858754601,44,18.5
10/01/1986,6.02601,NA,NA,NA,NA,NA,NA,NA,NA,NA,NA,NA,NA,NA,NA,NA,NA,NA,NA,NA,NA,NA,15.4,8.8,3.4,-129.544358,-2.260975574,66,28.91666667
11/01/1986,6.02875,NA,NA,NA,NA,NA,NA,NA,NA,NA,NA,NA,NA,NA,NA,NA,NA,NA,NA,NA,NA,NA,6.9,7.2,3.1,-91.66398978,-1.599838427,62,27.29166667
12/01/1986,6.03149,NA,NA,NA,NA,NA,NA,NA,NA,NA,NA,NA,NA,NA,NA,NA,NA,NA,NA,NA,NA,NA,7,6.8,3.8,-80.49729933,-1.404942912,46,17.08333333
13/01/1986,6.03422,NA,NA,NA,NA,NA,NA,NA,NA,NA,NA,NA,NA,NA,NA,NA,NA,NA,NA,NA,NA,NA,17.5,9.1,2.7,-110.3549911,-1.926057941,57,19.16666667
14/01/1986,6.03696,NA,NA,NA,NA,NA,NA,NA,NA,NA,NA,NA,NA,NA,NA,NA,NA,NA,NA,NA,NA,NA,8.2,7.5,3.4,-49.98828276,-0.872460122,64,26.75
15/01/1986,6.03970,NA,NA,NA,NA,NA,NA,NA,NA,NA,NA,NA,NA,NA,NA,NA,NA,NA,NA,NA,NA,NA,0.5,6,2,-1.189964131,-0.020768792,29,10.375
16/01/1986,6.04244,NA,NA,NA,NA,NA,NA,NA,NA,NA,NA,NA,NA,NA,NA,NA,NA,NA,NA,NA,NA,NA,1.5,4.6,-0.5,-99.5582457,-1.737619185,NA,3.541666667
17/01/1986,6.04517,NA,NA,NA,NA,NA,NA,NA,NA,NA,NA,NA,NA,NA,NA,NA,NA,NA,NA,NA,NA,NA,6.2,7.6,0.9,-138.5843099,-2.418752499,NA,11.91666667
18/01/1986,6.04791,NA,NA,NA,NA,NA,NA,NA,NA,NA,NA,NA,NA,NA,NA,NA,NA,NA,NA,NA,NA,NA,5.9,6.7,2,-105.9369345,-1.848948306,32,9.25
19/01/1986,6.05065,NA,NA,NA,NA,NA,NA,NA,NA,NA,NA,NA,NA,NA,NA,NA,NA,NA,NA,NA,NA,NA,1.8,4.5,0.2,-110.5081306,-1.928730729,27,6.166666667
20/01/1986,6.05339,NA,NA,NA,NA,NA,NA,NA,NA,NA,NA,NA,NA,NA,NA,NA,NA,NA,NA,NA,NA,NA,11.9,8.8,1.4,-126.1375961,-2.201516363,35,12.58333333
21/01/1986,6.05613,NA,NA,NA,NA,NA,NA,NA,NA,NA,NA,NA,NA,NA,NA,NA,NA,NA,NA,NA,NA,NA,5.9,5.9,0.8,-102.0627546,-1.781331112,32,8.291666667
22/01/1986,6.05886,NA,NA,NA,NA,NA,NA,NA,NA,NA,NA,NA,NA,NA,NA,NA,NA,NA,NA,NA,NA,NA,11.6,7,0.3,-124.0094104,-2.164372514,52,16.45833333
23/01/1986,6.06160,NA,NA,NA,NA,NA,NA,NA,NA,NA,NA,NA,NA,NA,NA,NA,NA,NA,NA,NA,NA,NA,8.3,5,-0.6,-23.1699744,-0.404392341,49,22.375
24/01/1986,6.06434,NA,NA,NA,NA,NA,NA,NA,NA,NA,NA,NA,NA,NA,NA,NA,NA,NA,NA,NA,NA,NA,2.8,2.9,-0.9,-7.50807795,-0.131040681,47,15.91666667
25/01/1986,6.06708,NA,NA,NA,NA,NA,NA,NA,NA,NA,NA,NA,NA,NA,NA,NA,NA,NA,NA,NA,NA,NA,0,4.4,-3.8,-120.401501,-2.101402616,NA,8.708333333
26/01/1986,6.06982,NA,NA,NA,NA,NA,NA,NA,NA,NA,NA,NA,NA,NA,NA,NA,NA,NA,NA,NA,NA,NA,0.3,7.7,3.8,-158.3316901,-2.763409303,40,21.375
27/01/1986,6.07255,NA,NA,NA,NA,NA,NA,NA,NA,NA,NA,NA,NA,NA,NA,NA,NA,NA,NA,NA,NA,NA,6.5,7.4,0.2,-100.7756582,-1.758867042,34,8.166666667
28/01/1986,6.07529,NA,NA,NA,NA,NA,NA,NA,NA,NA,NA,NA,NA,NA,NA,NA,NA,NA,NA,NA,NA,NA,4.7,4,-1.2,-131.7509494,-2.299487859,35,9.083333333
29/01/1986,6.07803,NA,NA,NA,NA,NA,NA,NA,NA,NA,NA,NA,NA,NA,NA,NA,NA,NA,NA,NA,NA,NA,0,3.4,-3.5,-63.9191012,-1.115598771,NA,3
30/01/1986,6.08077,NA,NA,NA,NA,NA,NA,NA,NA,NA,NA,NA,NA,NA,NA,NA,NA,NA,NA,NA,NA,NA,0.5,5.7,0.9,89.3737533,1.55986626,31,10.83333333
31/01/1986,6.08350,NA,NA,NA,NA,NA,NA,NA,NA,NA,NA,NA,NA,NA,NA,NA,NA,NA,NA,NA,NA,NA,0,5.3,1.7,91.17512634,1.591306151,17,7.333333333
01/02/1986,6.08624,NA,NA,NA,NA,NA,NA,NA,NA,NA,NA,NA,NA,NA,NA,NA,NA,NA,NA,NA,NA,NA,0.3,6.2,3.4,69.50579624,1.213104994,29,10.25
02/02/1986,6.08898,NA,NA,NA,NA,NA,NA,NA,NA,NA,NA,NA,NA,NA,NA,NA,NA,NA,NA,NA,NA,NA,0,6.1,4.3,64.58600515,1.127238441,26,13.04166667
03/02/1986,6.09172,NA,NA,NA,NA,NA,NA,NA,NA,NA,NA,NA,NA,NA,NA,NA,NA,NA,NA,NA,NA,NA,0.2,5.4,2.8,90.36208687,1.577115935,23,9.458333333
04/02/1986,6.09446,NA,NA,NA,NA,NA,NA,NA,NA,NA,NA,NA,NA,NA,NA,NA,NA,NA,NA,NA,NA,NA,0,5.2,2.2,114.6971689,2.00184324,24,10.5
05/02/1986,6.09719,NA,NA,NA,NA,NA,NA,NA,NA,NA,NA,NA,NA,NA,NA,NA,NA,NA,NA,NA,NA,NA,0.5,6.1,0.6,72.26006688,1.261176085,32,13.29166667
06/02/1986,6.09993,NA,NA,NA,NA,NA,NA,NA,NA,NA,NA,NA,NA,NA,NA,NA,NA,NA,NA,NA,NA,NA,0.4,2.2,0,91.68910771,1.600276818,32,11.33333333
07/02/1986,6.10267,NA,NA,NA,NA,NA,NA,NA,NA,NA,NA,NA,NA,NA,NA,NA,NA,NA,NA,NA,NA,NA,0.2,5.1,-2.7,104.4056881,1.822223015,NA,4.041666667
08/02/1986,6.10541,NA,NA,NA,NA,NA,NA,NA,NA,NA,NA,NA,NA,NA,NA,NA,NA,NA,NA,NA,NA,NA,0,2.9,-3.3,-72.29316034,-1.261753675,NA,2.625
09/02/1986,6.10815,NA,NA,NA,NA,NA,NA,NA,NA,NA,NA,NA,NA,NA,NA,NA,NA,NA,NA,NA,NA,NA,0.1,3.6,-0.6,-138.7858558,-2.422270139,NA,7.541666667
10/02/1986,6.11088,NA,NA,NA,NA,NA,NA,NA,NA,NA,NA,NA,NA,NA,NA,NA,NA,NA,NA,NA,NA,NA,0,5.2,2.2,-172.4952313,-3.01060973,39,19.75
11/02/1986,6.11362,NA,NA,NA,NA,NA,NA,NA,NA,NA,NA,NA,NA,NA,NA,NA,NA,NA,NA,NA,NA,NA,0,5.7,3.8,-169.1677885,-2.952534898,40,21.83333333
12/02/1986,6.11636,NA,NA,NA,NA,NA,NA,NA,NA,NA,NA,NA,NA,NA,NA,NA,NA,NA,NA,NA,NA,NA,0,6.6,3.3,170.0518906,2.96796539,31,13
13/02/1986,6.11910,NA,NA,NA,NA,NA,NA,NA,NA,NA,NA,NA,NA,NA,NA,NA,NA,NA,NA,NA,NA,NA,0,6,1.6,143.3382025,2.501723577,20,9.416666667
14/02/1986,6.12183,NA,NA,NA,NA,NA,NA,NA,NA,NA,NA,NA,NA,NA,NA,NA,NA,NA,NA,NA,NA,NA,0,6,0.4,114.6103787,2.000328466,37,14
15/02/1986,6.12457,NA,NA,NA,NA,NA,NA,NA,NA,NA,NA,NA,NA,NA,NA,NA,NA,NA,NA,NA,NA,NA,0,4.1,1.4,115.4118958,2.014317577,33,15.08333333
16/02/1986,6.12731,NA,NA,NA,NA,NA,NA,NA,NA,NA,NA,NA,NA,NA,NA,NA,NA,NA,NA,NA,NA,NA,0,5,2.1,111.6725695,1.949054021,27,12.25
17/02/1986,6.13005,NA,NA,NA,NA,NA,NA,NA,NA,NA,NA,NA,NA,NA,NA,NA,NA,NA,NA,NA,NA,NA,0,4.5,0.3,84.15289768,1.46874514,22,9.916666667
18/02/1986,6.13279,NA,NA,NA,NA,NA,NA,NA,NA,NA,NA,NA,NA,NA,NA,NA,NA,NA,NA,NA,NA,NA,0,6.1,-4.2,17.43577169,0.304311624,NA,3.333333333
19/02/1986,6.13552,NA,NA,NA,NA,NA,NA,NA,NA,NA,NA,NA,NA,NA,NA,NA,NA,NA,NA,NA,NA,NA,0.5,6.4,-2.9,-54.19812076,-0.945935656,NA,2.375
20/02/1986,6.13826,NA,NA,NA,NA,NA,NA,NA,NA,NA,NA,NA,NA,NA,NA,NA,NA,NA,NA,NA,NA,NA,0.9,6.4,-4.6,-32.11910471,-0.56058413,NA,5.75
21/02/1986,6.14100,NA,NA,NA,NA,NA,NA,NA,NA,NA,NA,NA,NA,NA,NA,NA,NA,NA,NA,NA,NA,NA,4.1,1.8,-5,-13.798235,-0.240824632,45,7.458333333
22/02/1986,6.14374,NA,NA,NA,NA,NA,NA,NA,NA,NA,NA,NA,NA,NA,NA,NA,NA,NA,NA,NA,NA,NA,5.6,4.3,-1.4,35.89965189,0.626567126,34,12.25
23/02/1986,6.14648,NA,NA,NA,NA,NA,NA,NA,NA,NA,NA,NA,NA,NA,NA,NA,NA,NA,NA,NA,NA,NA,0.9,5.1,-5,-8.459296049,-0.147642568,NA,2.666666667
24/02/1986,6.14921,NA,NA,NA,NA,NA,NA,NA,NA,NA,NA,NA,NA,NA,NA,NA,NA,NA,NA,NA,NA,NA,2.5,3.7,-2,-35.61663563,-0.62162756,NA,3.041666667
25/02/1986,6.15195,NA,NA,NA,NA,NA,NA,NA,NA,NA,NA,NA,NA,NA,NA,NA,NA,NA,NA,NA,NA,NA,0,4.7,-2.3,105.7106646,1.844999151,NA,3.666666667
26/02/1986,6.15469,NA,NA,NA,NA,NA,NA,NA,NA,NA,NA,NA,NA,NA,NA,NA,NA,NA,NA,NA,NA,NA,0,2.9,-3.9,-122.1475553,-2.131877013,NA,3.083333333
27/02/1986,6.15743,NA,NA,NA,NA,NA,NA,NA,NA,NA,NA,NA,NA,NA,NA,NA,NA,NA,NA,NA,NA,NA,0,2.9,-5.3,-99.91133022,-1.743781672,NA,2.958333333
28/02/1986,6.16016,NA,NA,NA,NA,NA,NA,NA,NA,NA,NA,NA,NA,NA,NA,NA,NA,NA,NA,NA,NA,NA,0,5,-5.7,-62.01343372,-1.082338599,NA,2.125
01/03/1986,6.16290,NA,NA,NA,NA,NA,NA,NA,NA,NA,NA,NA,NA,NA,NA,NA,NA,NA,NA,NA,NA,NA,0,5,-7.2,-99.19841151,-1.731338894,NA,3.291666667
02/03/1986,6.16564,NA,NA,NA,NA,NA,NA,NA,NA,NA,NA,NA,NA,NA,NA,NA,NA,NA,NA,NA,NA,NA,0.3,7,0.1,-137.5077851,-2.399963597,18,6.25
03/03/1986,6.16838,NA,NA,NA,NA,NA,NA,NA,NA,NA,NA,NA,NA,NA,NA,NA,NA,NA,NA,NA,NA,NA,12.8,6.8,2.9,-144.4052407,-2.520346908,37,15.04166667
04/03/1986,6.17112,NA,NA,NA,NA,NA,NA,NA,NA,NA,NA,NA,NA,NA,NA,NA,NA,NA,NA,NA,NA,NA,19.4,9.6,3.5,-131.4965013,-2.295046902,33,13.29166667
05/03/1986,6.17385,NA,NA,NA,NA,NA,NA,NA,NA,NA,NA,NA,NA,NA,NA,NA,NA,NA,NA,NA,NA,NA,5.4,8,2.4,-119.2561952,-2.08141326,41,18.79166667
06/03/1986,6.17659,NA,NA,NA,NA,NA,NA,NA,NA,NA,NA,NA,NA,NA,NA,NA,NA,NA,NA,NA,NA,NA,4.2,7.4,0.9,-109.4784817,-1.910759966,32,10.70833333
07/03/1986,6.17933,NA,NA,NA,NA,NA,NA,NA,NA,NA,NA,NA,NA,NA,NA,NA,NA,NA,NA,NA,NA,NA,0.6,8.2,2.4,-131.726484,-2.299060857,27,10.45833333
08/03/1986,6.18207,NA,NA,NA,NA,NA,NA,NA,NA,NA,NA,NA,NA,NA,NA,NA,NA,NA,NA,NA,NA,NA,1.8,7.8,5.8,-172.918722,-3.018001038,42,22.29166667
09/03/1986,6.18480,NA,NA,NA,NA,NA,NA,NA,NA,NA,NA,NA,NA,NA,NA,NA,NA,NA,NA,NA,NA,NA,9,9.2,4.6,-149.5569768,-2.610261665,39,14.16666667
10/03/1986,6.18754,NA,NA,NA,NA,NA,NA,NA,NA,NA,NA,NA,NA,NA,NA,NA,NA,NA,NA,NA,NA,NA,2.1,8.7,4.8,-123.5492222,-2.156340716,24,6.791666667
11/03/1986,6.19028,NA,NA,NA,NA,NA,NA,NA,NA,NA,NA,NA,NA,NA,NA,NA,NA,NA,NA,NA,NA,NA,9.9,7.6,5,-164.1698981,-2.865305255,38,19.08333333
12/03/1986,6.19302,NA,NA,NA,NA,NA,NA,NA,NA,NA,NA,NA,NA,NA,NA,NA,NA,NA,NA,NA,NA,NA,0.5,10.2,6.5,-175.8396474,-3.068980803,27,14.125
13/03/1986,6.19576,NA,NA,NA,NA,NA,NA,NA,NA,NA,NA,NA,NA,NA,NA,NA,NA,NA,NA,NA,NA,NA,0,7.5,5.5,-179.1698981,-3.127104642,40,19.875
14/03/1986,6.19849,NA,NA,NA,NA,NA,NA,NA,NA,NA,NA,NA,NA,NA,NA,NA,NA,NA,NA,NA,NA,NA,7.8,10.5,5,-166.2192809,-2.901073732,45,20.66666667
15/03/1986,6.20123,NA,NA,NA,NA,NA,NA,NA,NA,NA,NA,NA,NA,NA,NA,NA,NA,NA,NA,NA,NA,NA,2.4,10,6.8,-172.1286707,-3.004212041,49,20.125
16/03/1986,6.20397,NA,NA,NA,NA,NA,NA,NA,NA,NA,NA,NA,NA,NA,NA,NA,NA,NA,NA,NA,NA,NA,4.7,8.2,3.2,-170.943639,-2.983529337,23,11.91666667
17/03/1986,6.20671,NA,NA,NA,NA,NA,NA,NA,NA,NA,NA,NA,NA,NA,NA,NA,NA,NA,NA,NA,NA,NA,1,7.4,0.7,-173.2149283,-3.023170812,40,13
18/03/1986,6.20945,NA,NA,NA,NA,NA,NA,NA,NA,NA,NA,NA,NA,NA,NA,NA,NA,NA,NA,NA,NA,NA,2.8,8.8,3.4,-148.7898581,-2.596872918,49,14.04166667
19/03/1986,6.21218,NA,NA,NA,NA,NA,NA,NA,NA,NA,NA,NA,NA,NA,NA,NA,NA,NA,NA,NA,NA,NA,2.8,8,3.7,-168.5749764,-2.942188374,28,14.83333333
20/03/1986,6.21492,NA,NA,NA,NA,NA,NA,NA,NA,NA,NA,NA,NA,NA,NA,NA,NA,NA,NA,NA,NA,NA,10.3,7.2,0.9,-135.9502863,-2.372780115,63,17.20833333
21/03/1986,6.21766,NA,NA,NA,NA,NA,NA,NA,NA,NA,NA,NA,NA,NA,NA,NA,NA,NA,NA,NA,NA,NA,7.2,9.7,1,-119.511492,-2.085869029,41,15.54166667
22/03/1986,6.22040,NA,NA,NA,NA,NA,NA,NA,NA,NA,NA,NA,NA,NA,NA,NA,NA,NA,NA,NA,NA,NA,14.3,10.4,2.4,-121.9001679,-2.127559288,50,23.375
23/03/1986,6.22313,NA,NA,NA,NA,NA,NA,NA,NA,NA,NA,NA,NA,NA,NA,NA,NA,NA,NA,NA,NA,NA,5.5,5.2,1.3,-100.8322115,-1.759854082,48,19.875
24/03/1986,6.22587,NA,NA,NA,NA,NA,NA,NA,NA,NA,NA,NA,NA,NA,NA,NA,NA,NA,NA,NA,NA,NA,8.4,5.7,0.5,-95.68397131,-1.670000341,37,10.625
25/03/1986,6.22861,NA,NA,NA,NA,NA,NA,NA,NA,NA,NA,NA,NA,NA,NA,NA,NA,NA,NA,NA,NA,NA,5,7.1,1.2,-46.58933645,-0.813137317,35,12.875
26/03/1986,6.23135,NA,NA,NA,NA,NA,NA,NA,NA,NA,NA,NA,NA,NA,NA,NA,NA,NA,NA,NA,NA,NA,0.1,9.1,1.4,-115.3418404,-2.013094881,20,9.083333333
27/03/1986,6.23409,NA,NA,NA,NA,NA,NA,NA,NA,NA,NA,NA,NA,NA,NA,NA,NA,NA,NA,NA,NA,NA,5.5,8.7,2.5,-137.544048,-2.400596504,31,12.125
28/03/1986,6.23682,NA,NA,NA,NA,NA,NA,NA,NA,NA,NA,NA,NA,NA,NA,NA,NA,NA,NA,NA,NA,NA,1.1,7,3,-159.1924512,-2.778432418,27,13.125
29/03/1986,6.23956,NA,NA,NA,NA,NA,NA,NA,NA,NA,NA,NA,NA,NA,NA,NA,NA,NA,NA,NA,NA,NA,5.7,9.1,3.3,-133.3423095,-2.327262333,33,12.83333333
30/03/1986,6.24230,NA,NA,NA,NA,NA,NA,NA,NA,NA,NA,NA,NA,NA,NA,NA,NA,NA,NA,NA,NA,NA,2.2,6.6,3.6,-148.9951101,-2.600455241,27,15.04347826
31/03/1986,6.24504,NA,NA,NA,NA,NA,NA,NA,NA,NA,NA,NA,NA,NA,NA,NA,NA,NA,NA,NA,NA,NA,0,7.4,1.2,56.41887278,0.98469509,12,4.833333333
01/04/1986,6.24778,NA,NA,NA,NA,NA,NA,NA,NA,NA,NA,NA,NA,NA,NA,NA,NA,NA,NA,NA,NA,NA,0.4,8.6,0,-89.10113512,-1.555108175,9,3.125
02/04/1986,6.25051,NA,NA,NA,NA,NA,NA,NA,NA,NA,NA,NA,NA,NA,NA,NA,NA,NA,NA,NA,NA,NA,2.7,6.9,0.7,-31.79794565,-0.554978847,NA,6.541666667
03/04/1986,6.25325,NA,NA,NA,NA,NA,NA,NA,NA,NA,NA,NA,NA,NA,NA,NA,NA,NA,NA,NA,NA,NA,2.1,6.6,0.1,5.748276606,0.100326353,27,10.20833333
04/04/1986,6.25599,NA,NA,NA,NA,NA,NA,NA,NA,NA,NA,NA,NA,NA,NA,NA,NA,NA,NA,NA,NA,NA,0.4,7.1,1,12.40719036,0.216546323,19,7.583333333
05/04/1986,6.25873,NA,NA,NA,NA,NA,NA,NA,NA,NA,NA,NA,NA,NA,NA,NA,NA,NA,NA,NA,NA,NA,0.2,7.2,0.1,14.68247755,0.256257576,14,4.625
06/04/1986,6.26146,NA,NA,NA,NA,NA,NA,NA,NA,NA,NA,NA,NA,NA,NA,NA,NA,NA,NA,NA,NA,NA,0,7.2,-1,39.71828655,0.693214874,14,7.041666667
07/04/1986,6.26420,NA,NA,NA,NA,NA,NA,NA,NA,NA,NA,NA,NA,NA,NA,NA,NA,NA,NA,NA,NA,NA,0,7.4,0.8,89.70613433,1.565667403,27,5.916666667
08/04/1986,6.26694,NA,NA,NA,NA,NA,NA,NA,NA,NA,NA,NA,NA,NA,NA,NA,NA,NA,NA,NA,NA,NA,0,7.4,0.8,66.94441259,1.168400416,22,9.291666667
09/04/1986,6.26968,NA,NA,NA,NA,NA,NA,NA,NA,NA,NA,NA,NA,NA,NA,NA,NA,NA,NA,NA,NA,NA,0,7.4,3.4,41.21856163,0.719399613,30,13.04166667
10/04/1986,6.27242,NA,NA,NA,NA,NA,NA,NA,NA,NA,NA,NA,NA,NA,NA,NA,NA,NA,NA,NA,NA,NA,0,5.8,1.1,37.94304699,0.662231098,37,8.25
11/04/1986,6.27515,NA,NA,NA,NA,NA,NA,NA,NA,NA,NA,NA,NA,NA,NA,NA,NA,NA,NA,NA,NA,NA,3.3,8.6,0.3,-58.54419597,-1.021788978,26,9.833333333
12/04/1986,6.27789,NA,NA,NA,NA,NA,NA,NA,NA,NA,NA,NA,NA,NA,NA,NA,NA,NA,NA,NA,NA,NA,0.7,7.2,3.8,32.31694721,0.564037133,15,4.125
13/04/1986,6.28063,NA,NA,NA,NA,NA,NA,NA,NA,NA,NA,NA,NA,NA,NA,NA,NA,NA,NA,NA,NA,NA,0.4,7,1.8,109.6178793,1.913192913,15,6
14/04/1986,6.28337,NA,NA,NA,NA,NA,NA,NA,NA,NA,NA,NA,NA,NA,NA,NA,NA,NA,NA,NA,NA,NA,6.8,5.5,2,90.82924888,1.58526945,35,17.33333333
15/04/1986,6.28611,NA,NA,NA,NA,NA,NA,NA,NA,NA,NA,NA,NA,NA,NA,NA,NA,NA,NA,NA,NA,NA,0,6.7,2.3,74.55750792,1.301273995,31,16.66666667
16/04/1986,6.28884,NA,NA,NA,NA,NA,NA,NA,NA,NA,NA,NA,NA,NA,NA,NA,NA,NA,NA,NA,NA,NA,0,6.8,3.5,43.40153538,0.757499693,32,17.83333333
17/04/1986,6.29158,NA,NA,NA,NA,NA,NA,NA,NA,NA,NA,NA,NA,NA,NA,NA,NA,NA,NA,NA,NA,NA,0,6.7,0.6,35.64417028,0.62210813,22,5.583333333
18/04/1986,6.29432,NA,NA,NA,NA,NA,NA,NA,NA,NA,NA,NA,NA,NA,NA,NA,NA,NA,NA,NA,NA,NA,1.7,6.4,-0.6,-156.1258453,-2.724910048,23,9.541666667
19/04/1986,6.29706,NA,NA,NA,NA,NA,NA,NA,NA,NA,NA,NA,NA,NA,NA,NA,NA,NA,NA,NA,NA,NA,3.4,7.4,0.7,-171.8834823,-2.999932695,37,14.625
20/04/1986,6.29979,NA,NA,NA,NA,NA,NA,NA,NA,NA,NA,NA,NA,NA,NA,NA,NA,NA,NA,NA,NA,NA,6.9,9.8,4.2,-152.4622882,-2.660968914,31,11.41666667
21/04/1986,6.30253,NA,NA,NA,NA,NA,NA,NA,NA,NA,NA,NA,NA,NA,NA,NA,NA,NA,NA,NA,NA,NA,0,8.2,0.3,52.0699705,0.908792427,21,5.875
22/04/1986,6.30527,NA,NA,NA,NA,NA,NA,NA,NA,NA,NA,NA,NA,NA,NA,NA,NA,NA,NA,NA,NA,NA,1.5,8.1,3,36.45210944,0.636209329,20,9.125
23/04/1986,6.30801,NA,NA,NA,NA,NA,NA,NA,NA,NA,NA,NA,NA,NA,NA,NA,NA,NA,NA,NA,NA,NA,3.2,8.6,3.1,-18.80624679,-0.328230926,14,4.25
24/04/1986,6.31075,NA,NA,NA,NA,NA,NA,NA,NA,NA,NA,NA,NA,NA,NA,NA,NA,NA,NA,NA,NA,NA,0,9,1.4,17.61717419,0.307477695,14,5
25/04/1986,6.31348,NA,NA,NA,NA,NA,NA,NA,NA,NA,NA,NA,NA,NA,NA,NA,NA,NA,NA,NA,NA,NA,2.8,9,2.2,-94.15845107,-1.64337499,19,5.75
26/04/1986,6.31622,NA,NA,NA,NA,NA,NA,NA,NA,NA,NA,NA,NA,NA,NA,NA,NA,NA,NA,NA,NA,NA,14.3,7.9,4.9,-154.3548833,-2.694000929,26,12.625
27/04/1986,6.31896,NA,NA,NA,NA,NA,NA,NA,NA,NA,NA,NA,NA,NA,NA,NA,NA,NA,NA,NA,NA,NA,0.4,10.3,3.2,-167.9342611,-2.931005783,28,10.91666667
28/04/1986,6.32170,NA,NA,NA,NA,NA,NA,NA,NA,NA,NA,NA,NA,NA,NA,NA,NA,NA,NA,NA,NA,NA,5.1,10.4,4.7,-169.6415148,-2.960802981,37,16.08333333
29/04/1986,6.32444,NA,NA,NA,NA,NA,NA,NA,NA,NA,NA,NA,NA,NA,NA,NA,NA,NA,NA,NA,NA,NA,2.6,9.3,2.9,-162.5207292,-2.836521827,26,12.25
30/04/1986,6.32717,NA,NA,NA,NA,NA,NA,NA,NA,NA,NA,NA,NA,NA,NA,NA,NA,NA,NA,NA,NA,NA,8.5,13.9,5,-165.9119934,-2.895710553,37,18.625
01/05/1986,6.32991,NA,NA,NA,NA,NA,NA,NA,NA,NA,NA,NA,NA,NA,NA,NA,NA,NA,NA,NA,NA,NA,1.8,11.7,8.4,-164.5801537,-2.872465566,48,21.08333333
02/05/1986,6.33265,NA,NA,NA,NA,NA,NA,NA,NA,NA,NA,NA,NA,NA,NA,NA,NA,NA,NA,NA,NA,NA,1.1,14.2,6.8,-149.7089436,-2.612913986,17,7.958333333
03/05/1986,6.33539,NA,NA,NA,NA,NA,NA,NA,NA,NA,NA,NA,NA,NA,NA,NA,NA,NA,NA,NA,NA,NA,0.8,9.1,5.6,24.65143959,0.430248786,22,7.125
04/05/1986,6.33812,NA,NA,NA,NA,NA,NA,NA,NA,NA,NA,NA,NA,NA,NA,NA,NA,NA,NA,NA,NA,NA,0.1,13,6.8,80.3055504,1.401596262,27,10.91666667
05/05/1986,6.34086,NA,NA,NA,NA,NA,NA,NA,NA,NA,NA,NA,NA,NA,NA,NA,NA,NA,NA,NA,NA,NA,0.7,12.7,6.3,108.0007719,1.884969065,22,8.958333333
06/05/1986,6.34360,NA,NA,NA,NA,NA,NA,NA,NA,NA,NA,NA,NA,NA,NA,NA,NA,NA,NA,NA,NA,NA,3.5,11.6,7,123.2292851,2.15075676,15,5.958333333
07/05/1986,6.34634,NA,NA,NA,NA,NA,NA,NA,NA,NA,NA,NA,NA,NA,NA,NA,NA,NA,NA,NA,NA,NA,8.9,10.1,6.8,82.75277538,1.444308396,27,9.958333333
08/05/1986,6.34908,NA,NA,NA,NA,NA,NA,NA,NA,NA,NA,NA,NA,NA,NA,NA,NA,NA,NA,NA,NA,NA,5.4,9.5,6.6,-165.8364629,-2.894392298,39,19.54166667
09/05/1986,6.35181,NA,NA,NA,NA,NA,NA,NA,NA,NA,NA,NA,NA,NA,NA,NA,NA,NA,NA,NA,NA,NA,5.4,9.9,7.2,-170.1176162,-2.969112518,21,10.20833333
10/05/1986,6.35455,NA,NA,NA,NA,NA,NA,NA,NA,NA,NA,NA,NA,NA,NA,NA,NA,NA,NA,NA,NA,NA,15.2,11.5,7.5,176.1087396,3.073677347,33,12.45833333
11/05/1986,6.35729,NA,NA,NA,NA,NA,NA,NA,NA,NA,NA,NA,NA,NA,NA,NA,NA,NA,NA,NA,NA,NA,2.1,9.5,6.4,-36.80274367,-0.642329051,NA,11.16666667
12/05/1986,6.36003,NA,NA,NA,NA,NA,NA,NA,NA,NA,NA,NA,NA,NA,NA,NA,NA,NA,NA,NA,NA,NA,17.6,11.6,5.4,87.72327792,1.53106003,20,7.291666667
13/05/1986,6.36277,NA,NA,NA,NA,NA,NA,NA,NA,NA,NA,NA,NA,NA,NA,NA,NA,NA,NA,NA,NA,NA,2.1,10.5,6,-43.46667297,-0.758636558,18,8.25
14/05/1986,6.36550,NA,NA,NA,NA,NA,NA,NA,NA,NA,NA,NA,NA,NA,NA,NA,NA,NA,NA,NA,NA,NA,0.2,11.2,4.6,-122.6209339,-2.140139029,20,9.625
15/05/1986,6.36824,NA,NA,NA,NA,NA,NA,NA,NA,NA,NA,NA,NA,NA,NA,NA,NA,NA,NA,NA,NA,NA,1.3,11,5.3,-57.50074375,-1.003577301,19,7.375
16/05/1986,6.37098,NA,NA,NA,NA,NA,NA,NA,NA,NA,NA,NA,NA,NA,NA,NA,NA,NA,NA,NA,NA,NA,0.7,12.4,1.8,-126.9559276,-2.215798941,24,8.291666667
17/05/1986,6.37372,NA,NA,NA,NA,NA,NA,NA,NA,NA,NA,NA,NA,NA,NA,NA,NA,NA,NA,NA,NA,NA,3.5,14.8,6.7,129.1857995,2.254717549,24,9.333333333
18/05/1986,6.37645,NA,NA,NA,NA,NA,NA,NA,NA,NA,NA,NA,NA,NA,NA,NA,NA,NA,NA,NA,NA,NA,10.2,11.8,8.9,-163.2530894,-2.849303924,29,13.75
19/05/1986,6.37919,NA,NA,NA,NA,NA,NA,NA,NA,NA,NA,NA,NA,NA,NA,NA,NA,NA,NA,NA,NA,NA,1.2,13.3,8.8,-139.0578659,-2.42701761,35,12.45833333
20/05/1986,6.38193,NA,NA,NA,NA,NA,NA,NA,NA,NA,NA,NA,NA,NA,NA,NA,NA,NA,NA,NA,NA,NA,2.8,13.9,8.3,161.3443387,2.815989941,12,5
21/05/1986,6.38467,NA,NA,NA,NA,NA,NA,NA,NA,NA,NA,NA,NA,NA,NA,NA,NA,NA,NA,NA,NA,NA,5.3,11.7,5.5,-160.4735505,-2.800791819,36,14.25
22/05/1986,6.38741,NA,NA,NA,NA,NA,NA,NA,NA,NA,NA,NA,NA,NA,NA,NA,NA,NA,NA,NA,NA,NA,6.3,10.4,3.5,-145.0191112,-2.53106097,46,21.95833333
23/05/1986,6.39014,NA,NA,NA,NA,NA,NA,NA,NA,NA,NA,NA,NA,NA,NA,NA,NA,NA,NA,NA,NA,NA,7.3,11.4,6.3,-153.747017,-2.683391662,35,19.20833333
24/05/1986,6.39288,NA,NA,NA,NA,NA,NA,NA,NA,NA,NA,NA,NA,NA,NA,NA,NA,NA,NA,NA,NA,NA,14.1,12.4,7.5,-152.0636433,-2.654011248,26,13.33333333
25/05/1986,6.39562,NA,NA,NA,NA,NA,NA,NA,NA,NA,NA,NA,NA,NA,NA,NA,NA,NA,NA,NA,NA,NA,11.6,12.5,7.2,-134.4846415,-2.347199788,35,16.875
26/05/1986,6.39836,NA,NA,NA,NA,NA,NA,NA,NA,NA,NA,NA,NA,NA,NA,NA,NA,NA,NA,NA,NA,NA,6,11.9,6.2,-128.7362309,-2.246871097,NA,15.91666667
27/05/1986,6.40110,NA,NA,NA,NA,NA,NA,NA,NA,NA,NA,NA,NA,NA,NA,NA,NA,NA,NA,NA,NA,NA,5.4,9.8,5.2,-16.40468779,-0.286315815,28,10.91666667
28/05/1986,6.40383,NA,NA,NA,NA,NA,NA,NA,NA,NA,NA,NA,NA,NA,NA,NA,NA,NA,NA,NA,NA,NA,1.5,11.7,4.5,-64.9392554,-1.133403821,25,9.625
29/05/1986,6.40657,NA,NA,NA,NA,NA,NA,NA,NA,NA,NA,NA,NA,NA,NA,NA,NA,NA,NA,NA,NA,NA,1.4,12,5.8,-75.21666341,-1.312778429,19,8.458333333
30/05/1986,6.40931,NA,NA,NA,NA,NA,NA,NA,NA,NA,NA,NA,NA,NA,NA,NA,NA,NA,NA,NA,NA,NA,3,10.9,7.4,-146.2993903,-2.553406054,37,15.66666667
31/05/1986,6.41205,NA,NA,NA,NA,NA,NA,NA,NA,NA,NA,NA,NA,NA,NA,NA,NA,NA,NA,NA,NA,NA,0.1,12.5,8.2,-95.37834812,-1.66466621,15,7.625
01/06/1986,6.41478,NA,NA,NA,NA,NA,NA,NA,NA,NA,NA,NA,NA,NA,NA,NA,NA,NA,NA,NA,NA,NA,0.3,14.3,8.6,-124.3108009,-2.169632772,20,9.916666667
02/06/1986,6.41752,NA,NA,NA,NA,NA,NA,NA,NA,NA,NA,NA,NA,NA,NA,NA,NA,NA,NA,NA,NA,NA,2.4,11.5,8.5,-135.7744857,-2.369711815,29,13.5
03/06/1986,6.42026,NA,NA,NA,NA,NA,NA,NA,NA,NA,NA,NA,NA,NA,NA,NA,NA,NA,NA,NA,NA,NA,1.6,12.3,6.2,-81.41086513,-1.420887643,27,10.79166667
04/06/1986,6.42300,NA,NA,NA,NA,NA,NA,NA,NA,NA,NA,NA,NA,NA,NA,NA,NA,NA,NA,NA,NA,NA,2,12.2,4.4,-27.97422046,-0.488242253,24,10.875
05/06/1986,6.42574,NA,NA,NA,NA,NA,NA,NA,NA,NA,NA,NA,NA,NA,NA,NA,NA,NA,NA,NA,NA,NA,0.2,10.9,4.2,7.09996952,0.123917845,22,10.70833333
06/06/1986,6.42847,NA,NA,NA,NA,NA,NA,NA,NA,NA,NA,NA,NA,NA,NA,NA,NA,NA,NA,NA,NA,NA,0,11.6,3.2,46.82783792,0.817299953,12,4.625
07/06/1986,6.43121,NA,NA,NA,NA,NA,NA,NA,NA,NA,NA,NA,NA,NA,NA,NA,NA,NA,NA,NA,NA,NA,3.4,11.2,5.9,-36.75709827,-0.641532388,18,6.333333333
08/06/1986,6.43395,NA,NA,NA,NA,NA,NA,NA,NA,NA,NA,NA,NA,NA,NA,NA,NA,NA,NA,NA,NA,NA,1,12,4.5,-131.6579254,-2.297864285,30,11.125
09/06/1986,6.43669,NA,NA,NA,NA,NA,NA,NA,NA,NA,NA,NA,NA,NA,NA,NA,NA,NA,NA,NA,NA,NA,21.5,9.3,5.1,-4.373830591,-0.076337745,28,10.66666667
10/06/1986,6.43943,NA,NA,NA,NA,NA,NA,NA,NA,NA,NA,NA,NA,NA,NA,NA,NA,NA,NA,NA,NA,NA,0.6,9.2,1.4,30.514921,0.532585842,24,8.541666667
11/06/1986,6.44216,NA,NA,NA,NA,NA,NA,NA,NA,NA,NA,NA,NA,NA,NA,NA,NA,NA,NA,NA,NA,NA,1.1,14,5.5,-49.72181525,-0.867809386,NA,9.833333333
12/06/1986,6.44490,NA,NA,NA,NA,NA,NA,NA,NA,NA,NA,NA,NA,NA,NA,NA,NA,NA,NA,NA,NA,NA,2.1,13.7,6.9,-151.8901016,-2.650982373,39,14.45833333
13/06/1986,6.44764,NA,NA,NA,NA,NA,NA,NA,NA,NA,NA,NA,NA,NA,NA,NA,NA,NA,NA,NA,NA,NA,0.2,15.4,9.2,-152.4082913,-2.66002649,30,11.875
14/06/1986,6.45038,NA,NA,NA,NA,NA,NA,NA,NA,NA,NA,NA,NA,NA,NA,NA,NA,NA,NA,NA,NA,NA,0.1,14.4,9.7,-157.1876897,-2.743442728,31,11.95833333
15/06/1986,6.45311,NA,NA,NA,NA,NA,NA,NA,NA,NA,NA,NA,NA,NA,NA,NA,NA,NA,NA,NA,NA,NA,0,18.5,11.2,169.4091272,2.956747052,17,4.458333333
16/06/1986,6.45585,NA,NA,NA,NA,NA,NA,NA,NA,NA,NA,NA,NA,NA,NA,NA,NA,NA,NA,NA,NA,NA,6.5,19.5,10.1,152.9910186,2.670197001,16,4.458333333
17/06/1986,6.45859,NA,NA,NA,NA,NA,NA,NA,NA,NA,NA,NA,NA,NA,NA,NA,NA,NA,NA,NA,NA,NA,0,13.5,9.1,-53.74951656,-0.938106035,19,8.791666667
18/06/1986,6.46133,NA,NA,NA,NA,NA,NA,NA,NA,NA,NA,NA,NA,NA,NA,NA,NA,NA,NA,NA,NA,NA,0,12.7,6.5,30.06170625,0.524675753,17,7.375
19/06/1986,6.46407,NA,NA,NA,NA,NA,NA,NA,NA,NA,NA,NA,NA,NA,NA,NA,NA,NA,NA,NA,NA,NA,0,11.3,8.5,61.2474313,1.068969335,24,12.625
20/06/1986,6.46680,NA,NA,NA,NA,NA,NA,NA,NA,NA,NA,NA,NA,NA,NA,NA,NA,NA,NA,NA,NA,NA,0,11.8,8.7,69.39642412,1.21119609,23,11.54166667
21/06/1986,6.46954,NA,NA,NA,NA,NA,NA,NA,NA,NA,NA,NA,NA,NA,NA,NA,NA,NA,NA,NA,NA,NA,0,14.2,6.9,73.26975146,1.278798405,16,7.833333333
22/06/1986,6.47228,NA,NA,NA,NA,NA,NA,NA,NA,NA,NA,NA,NA,NA,NA,NA,NA,NA,NA,NA,NA,NA,0,17.2,8.1,67.29506169,1.174520397,14,6.666666667
23/06/1986,6.47502,NA,NA,NA,NA,NA,NA,NA,NA,NA,NA,NA,NA,NA,NA,NA,NA,NA,NA,NA,NA,NA,0,16.2,8.7,103.5703264,1.807643204,12,4.958333333
24/06/1986,6.47775,NA,NA,NA,NA,NA,NA,NA,NA,NA,NA,NA,NA,NA,NA,NA,NA,NA,NA,NA,NA,NA,0.1,19.7,8,109.0131758,1.902638845,27,8.791666667
25/06/1986,6.48049,NA,NA,NA,NA,NA,NA,NA,NA,NA,NA,NA,NA,NA,NA,NA,NA,NA,NA,NA,NA,NA,0.3,15.1,9.9,176.2488865,3.076123372,22,8.833333333
26/06/1986,6.48323,NA,NA,NA,NA,NA,NA,NA,NA,NA,NA,NA,NA,NA,NA,NA,NA,NA,NA,NA,NA,NA,0.4,19.8,10.2,156.4337802,2.730284526,13,6.916666667
27/06/1986,6.48597,NA,NA,NA,NA,NA,NA,NA,NA,NA,NA,NA,NA,NA,NA,NA,NA,NA,NA,NA,NA,NA,1.4,19.1,12.1,49.23590449,0.859328643,15,5.791666667
28/06/1986,6.48871,NA,NA,NA,NA,NA,NA,NA,NA,NA,NA,NA,NA,NA,NA,NA,NA,NA,NA,NA,NA,NA,0,21.6,10.6,54.11776179,0.944533127,11,4.708333333
29/06/1986,6.49144,NA,NA,NA,NA,NA,NA,NA,NA,NA,NA,NA,NA,NA,NA,NA,NA,NA,NA,NA,NA,NA,0,19.2,11.4,26.3944114,0.460669383,13,4.458333333
30/06/1986,6.49418,NA,NA,NA,NA,NA,NA,NA,NA,NA,NA,NA,NA,NA,NA,NA,NA,NA,NA,NA,NA,NA,0,22.4,12.1,88.74918438,1.548965476,17,5.083333333
01/07/1986,6.49692,NA,NA,NA,NA,NA,NA,NA,NA,NA,NA,NA,NA,NA,NA,NA,NA,NA,NA,NA,NA,NA,0,18.6,12.1,-170.8327453,-2.981593875,30,10.79166667
02/07/1986,6.49966,NA,NA,NA,NA,NA,NA,NA,NA,NA,NA,NA,NA,NA,NA,NA,NA,NA,NA,NA,NA,NA,0,18.6,12.4,173.017453,3.019724218,NA,4.666666667
03/07/1986,6.50240,NA,NA,NA,NA,NA,NA,NA,NA,NA,NA,NA,NA,NA,NA,NA,NA,NA,NA,NA,NA,NA,0.5,15.3,11.7,-162.5143793,-2.836411001,20,10.75
04/07/1986,6.50513,NA,NA,NA,NA,NA,NA,NA,NA,NA,NA,NA,NA,NA,NA,NA,NA,NA,NA,NA,NA,NA,2.6,16,11.4,-119.6940229,-2.089054794,24,10.91666667
05/07/1986,6.50787,NA,NA,NA,NA,NA,NA,NA,NA,NA,NA,NA,NA,NA,NA,NA,NA,NA,NA,NA,NA,NA,0.6,14.9,9.8,-114.2831172,-1.994616675,22,9.291666667
06/07/1986,6.51061,NA,NA,NA,NA,NA,NA,NA,NA,NA,NA,NA,NA,NA,NA,NA,NA,NA,NA,NA,NA,NA,1.4,14.9,10,-95.58035694,-1.668191929,26,10.79166667
07/07/1986,6.51335,NA,NA,NA,NA,NA,NA,NA,NA,NA,NA,NA,NA,NA,NA,NA,NA,NA,NA,NA,NA,NA,2.8,14.9,6.2,-76.01909194,-1.326783449,22,8.583333333
08/07/1986,6.51608,NA,NA,NA,NA,NA,NA,NA,NA,NA,NA,NA,NA,NA,NA,NA,NA,NA,NA,NA,NA,NA,2.1,14.6,8,-63.59042828,-1.109862346,28,9.666666667
09/07/1986,6.51882,NA,NA,NA,NA,NA,NA,NA,NA,NA,NA,NA,NA,NA,NA,NA,NA,NA,NA,NA,NA,NA,0.5,15,7,-94.46392514,-1.648706518,20,8.083333333
10/07/1986,6.52156,NA,NA,NA,NA,NA,NA,NA,NA,NA,NA,NA,NA,NA,NA,NA,NA,NA,NA,NA,NA,NA,1.1,15.2,9.7,-18.21380459,-0.317890859,NA,5.875
11/07/1986,6.52430,NA,NA,NA,NA,NA,NA,NA,NA,NA,NA,NA,NA,NA,NA,NA,NA,NA,NA,NA,NA,NA,0.2,15,6.6,66.09821296,1.153631446,NA,4.416666667
12/07/1986,6.52704,NA,NA,NA,NA,NA,NA,NA,NA,NA,NA,NA,NA,NA,NA,NA,NA,NA,NA,NA,NA,NA,0,16,10.6,153.6256784,2.681273904,8,3.75
13/07/1986,6.52977,NA,NA,NA,NA,NA,NA,NA,NA,NA,NA,NA,NA,NA,NA,NA,NA,NA,NA,NA,NA,NA,0.3,15.5,12.2,-165.4081285,-2.886916452,22,8.458333333
14/07/1986,6.53251,NA,NA,NA,NA,NA,NA,NA,NA,NA,NA,NA,NA,NA,NA,NA,NA,NA,NA,NA,NA,NA,1.6,17,12.8,-144.0459032,-2.514075286,28,9.875
15/07/1986,6.53525,NA,NA,NA,NA,NA,NA,NA,NA,NA,NA,NA,NA,NA,NA,NA,NA,NA,NA,NA,NA,NA,0,16.9,12.7,-135.8352609,-2.370772542,NA,7.625
16/07/1986,6.53799,NA,NA,NA,NA,NA,NA,NA,NA,NA,NA,NA,NA,NA,NA,NA,NA,NA,NA,NA,NA,NA,8.8,16.6,11.1,166.904847,2.913039118,NA,16.20833333
17/07/1986,6.54073,NA,NA,NA,NA,NA,NA,NA,NA,NA,NA,NA,NA,NA,NA,NA,NA,NA,NA,NA,NA,NA,5.9,13.7,10.9,-82.83942962,-1.445820797,37,17.20833333
18/07/1986,6.54346,NA,NA,NA,NA,NA,NA,NA,NA,NA,NA,NA,NA,NA,NA,NA,NA,NA,NA,NA,NA,NA,1.8,14.8,9.5,-100.8321788,-1.759853513,14,5.916666667
19/07/1986,6.54620,NA,NA,NA,NA,NA,NA,NA,NA,NA,NA,NA,NA,NA,NA,NA,NA,NA,NA,NA,NA,NA,3,14,10.4,-140.5012502,-2.452209419,30,11.33333333
20/07/1986,6.54894,NA,NA,NA,NA,NA,NA,NA,NA,NA,NA,NA,NA,NA,NA,NA,NA,NA,NA,NA,NA,NA,0.2,13.8,10.8,-106.6832156,-1.861973369,24,11.04166667
21/07/1986,6.55168,NA,NA,NA,NA,NA,NA,NA,NA,NA,NA,NA,NA,NA,NA,NA,NA,NA,NA,NA,NA,NA,0.8,15.2,8.5,-98.61665338,-1.721185299,27,9.666666667
22/07/1986,6.55441,NA,NA,NA,NA,NA,NA,NA,NA,NA,NA,NA,NA,NA,NA,NA,NA,NA,NA,NA,NA,NA,1,13.6,9.5,-38.30836596,-0.668607117,30,13.04166667
23/07/1986,6.55715,NA,NA,NA,NA,NA,NA,NA,NA,NA,NA,NA,NA,NA,NA,NA,NA,NA,NA,NA,NA,NA,0.9,14.9,7.5,-20.38512195,-0.355787496,NA,8.333333333
24/07/1986,6.55989,NA,NA,NA,NA,NA,NA,NA,NA,NA,NA,NA,NA,NA,NA,NA,NA,NA,NA,NA,NA,NA,4.3,13.1,6.9,-134.5960188,-2.349143688,NA,9.166666667
25/07/1986,6.56263,NA,NA,NA,NA,NA,NA,NA,NA,NA,NA,NA,NA,NA,NA,NA,NA,NA,NA,NA,NA,NA,3.2,15.3,10.8,-98.39907357,-1.717387815,20,8.916666667
26/07/1986,6.56537,NA,NA,NA,NA,NA,NA,NA,NA,NA,NA,NA,NA,NA,NA,NA,NA,NA,NA,NA,NA,NA,2.6,15.4,10.4,-146.605744,-2.558752934,31,14.54166667
27/07/1986,6.56810,NA,NA,NA,NA,NA,NA,NA,NA,NA,NA,NA,NA,NA,NA,NA,NA,NA,NA,NA,NA,NA,4.4,15.1,10.8,-154.6171659,-2.698578625,36,15.875
28/07/1986,6.57084,NA,NA,NA,NA,NA,NA,NA,NA,NA,NA,NA,NA,NA,NA,NA,NA,NA,NA,NA,NA,NA,4,14.7,11.1,-137.0992962,-2.39283412,22,8.083333333
29/07/1986,6.57358,NA,NA,NA,NA,NA,NA,NA,NA,NA,NA,NA,NA,NA,NA,NA,NA,NA,NA,NA,NA,NA,0,15,7.6,-21.214429,-0.370261635,18,7
30/07/1986,6.57632,NA,NA,NA,NA,NA,NA,NA,NA,NA,NA,NA,NA,NA,NA,NA,NA,NA,NA,NA,NA,NA,0.7,12.8,6.9,44.65858238,0.779439302,NA,8.541666667
31/07/1986,6.57906,NA,NA,NA,NA,NA,NA,NA,NA,NA,NA,NA,NA,NA,NA,NA,NA,NA,NA,NA,NA,NA,2.3,14.4,9,11.61773235,0.202767681,24,13.20833333
01/08/1986,6.58179,NA,NA,NA,NA,NA,NA,NA,NA,NA,NA,NA,NA,NA,NA,NA,NA,NA,NA,NA,NA,NA,0.7,14,8.4,14.237457,0.248490502,25,8.083333333
02/08/1986,6.58453,NA,NA,NA,NA,NA,NA,NA,NA,NA,NA,NA,NA,NA,NA,NA,NA,NA,NA,NA,NA,NA,4.9,12.1,10.1,39.44894514,0.688513979,40,20.5
03/08/1986,6.58727,NA,NA,NA,NA,NA,NA,NA,NA,NA,NA,NA,NA,NA,NA,NA,NA,NA,NA,NA,NA,NA,13.8,12.2,9.2,-1.256743298,-0.021934308,25,6.458333333
04/08/1986,6.59001,NA,NA,NA,NA,NA,NA,NA,NA,NA,NA,NA,NA,NA,NA,NA,NA,NA,NA,NA,NA,NA,1.8,14.7,6.8,24.15174697,0.421527505,15,3.875
05/08/1986,6.59274,NA,NA,NA,NA,NA,NA,NA,NA,NA,NA,NA,NA,NA,NA,NA,NA,NA,NA,NA,NA,NA,1,15.6,9.6,-52.82992732,-0.922056175,NA,3.25
06/08/1986,6.59548,NA,NA,NA,NA,NA,NA,NA,NA,NA,NA,NA,NA,NA,NA,NA,NA,NA,NA,NA,NA,NA,0,14.2,6.2,57.73056138,1.007588375,25,9.916666667
07/08/1986,6.59822,NA,NA,NA,NA,NA,NA,NA,NA,NA,NA,NA,NA,NA,NA,NA,NA,NA,NA,NA,NA,NA,2.8,14.1,11.9,31.43932112,0.548719668,25,14.5
08/08/1986,6.60096,NA,NA,NA,NA,NA,NA,NA,NA,NA,NA,NA,NA,NA,NA,NA,NA,NA,NA,NA,NA,NA,0,15,10,4.426479093,0.077256634,14,4.958333333
09/08/1986,6.60370,NA,NA,NA,NA,NA,NA,NA,NA,NA,NA,NA,NA,NA,NA,NA,NA,NA,NA,NA,NA,NA,0,15.1,5.8,-163.6300079,-2.855882393,11,3.25
10/08/1986,6.60643,NA,NA,NA,NA,NA,NA,NA,NA,NA,NA,NA,NA,NA,NA,NA,NA,NA,NA,NA,NA,NA,0,17,5.8,-89.47638941,-1.561657598,NA,2.75
11/08/1986,6.60917,NA,NA,NA,NA,NA,NA,NA,NA,NA,NA,NA,NA,NA,NA,NA,NA,NA,NA,NA,NA,NA,0,15,7,-168.0863766,-2.933660699,NA,2.708333333
12/08/1986,6.61191,NA,NA,NA,NA,NA,NA,NA,NA,NA,NA,NA,NA,NA,NA,NA,NA,NA,NA,NA,NA,NA,0,17.6,8.9,125.5297531,2.1909075,NA,2.434782609
13/08/1986,6.61465,NA,NA,NA,NA,NA,NA,NA,NA,NA,NA,NA,NA,NA,NA,NA,NA,NA,NA,NA,NA,NA,6.4,15.1,11.8,115.7268382,2.019814359,20,5.708333333
14/08/1986,6.61739,NA,NA,NA,NA,NA,NA,NA,NA,NA,NA,NA,NA,NA,NA,NA,NA,NA,NA,NA,NA,NA,21.5,15.2,9.5,163.0779304,2.846246823,20,8.166666667
15/08/1986,6.62012,NA,NA,NA,NA,NA,NA,NA,NA,NA,NA,NA,NA,NA,NA,NA,NA,NA,NA,NA,NA,NA,1.2,12.4,10.2,-9.129564453,-0.159340959,28,11.25
16/08/1986,6.62286,NA,NA,NA,NA,NA,NA,NA,NA,NA,NA,NA,NA,NA,NA,NA,NA,NA,NA,NA,NA,NA,9.5,14.9,9.9,-25.81233021,-0.45051015,24,11
17/08/1986,6.62560,NA,NA,NA,NA,NA,NA,NA,NA,NA,NA,NA,NA,NA,NA,NA,NA,NA,NA,NA,NA,NA,0.4,13.3,10.1,-34.8916178,-0.608973612,20,8.833333333
18/08/1986,6.62834,NA,NA,NA,NA,NA,NA,NA,NA,NA,NA,NA,NA,NA,NA,NA,NA,NA,NA,NA,NA,NA,0.7,15.3,8.3,-70.28138666,-1.2266416,NA,4.25
19/08/1986,6.63107,NA,NA,NA,NA,NA,NA,NA,NA,NA,NA,NA,NA,NA,NA,NA,NA,NA,NA,NA,NA,NA,3.2,14.4,10.3,14.80140298,0.258333216,17,5.916666667
20/08/1986,6.63381,NA,NA,NA,NA,NA,NA,NA,NA,NA,NA,NA,NA,NA,NA,NA,NA,NA,NA,NA,NA,NA,0,14,5.5,-47.18567565,-0.8235454,19,5.083333333
21/08/1986,6.63655,NA,NA,NA,NA,NA,NA,NA,NA,NA,NA,NA,NA,NA,NA,NA,NA,NA,NA,NA,NA,NA,0,12.2,5.3,33.00733639,0.576086697,24,9.291666667
22/08/1986,6.63929,NA,NA,NA,NA,NA,NA,NA,NA,NA,NA,NA,NA,NA,NA,NA,NA,NA,NA,NA,NA,NA,0,13.4,9.5,40.52161267,0.707235559,23,11.41666667
23/08/1986,6.64203,NA,NA,NA,NA,NA,NA,NA,NA,NA,NA,NA,NA,NA,NA,NA,NA,NA,NA,NA,NA,NA,2.9,13.3,7.6,4.874517771,0.085076385,19,7.75
24/08/1986,6.64476,NA,NA,NA,NA,NA,NA,NA,NA,NA,NA,NA,NA,NA,NA,NA,NA,NA,NA,NA,NA,NA,0.8,13.4,9.1,34.30336369,0.598706641,15,6.791666667
25/08/1986,6.64750,NA,NA,NA,NA,NA,NA,NA,NA,NA,NA,NA,NA,NA,NA,NA,NA,NA,NA,NA,NA,NA,0,13.2,7.1,63.29981674,1.104790218,25,11.16666667
26/08/1986,6.65024,NA,NA,NA,NA,NA,NA,NA,NA,NA,NA,NA,NA,NA,NA,NA,NA,NA,NA,NA,NA,NA,1.4,13.4,9.9,32.91913581,0.574547307,27,15.125
27/08/1986,6.65298,NA,NA,NA,NA,NA,NA,NA,NA,NA,NA,NA,NA,NA,NA,NA,NA,NA,NA,NA,NA,NA,8.5,13.1,9.7,7.485620693,0.130648728,33,15.16666667
28/08/1986,6.65572,NA,NA,NA,NA,NA,NA,NA,NA,NA,NA,NA,NA,NA,NA,NA,NA,NA,NA,NA,NA,NA,0.6,12.8,8.5,-7.913616081,-0.138118656,30,15.375
29/08/1986,6.65845,NA,NA,NA,NA,NA,NA,NA,NA,NA,NA,NA,NA,NA,NA,NA,NA,NA,NA,NA,NA,NA,0.2,13.2,9.4,-3.28728265,-0.057373906,26,13.875
30/08/1986,6.66119,NA,NA,NA,NA,NA,NA,NA,NA,NA,NA,NA,NA,NA,NA,NA,NA,NA,NA,NA,NA,NA,0,13,6.4,-30.91347828,-0.539541979,21,7.75
31/08/1986,6.66393,NA,NA,NA,NA,NA,NA,NA,NA,NA,NA,NA,NA,NA,NA,NA,NA,NA,NA,NA,NA,NA,7.3,13.5,5.9,-128.4683558,-2.242195794,36,12.08333333
01/09/1986,6.66667,NA,NA,NA,NA,NA,NA,NA,NA,NA,NA,NA,NA,NA,NA,NA,NA,NA,NA,NA,NA,NA,0.8,14.9,9.8,-110.3851219,-1.926583823,38,15.58333333
02/09/1986,6.66940,NA,NA,NA,NA,NA,NA,NA,NA,NA,NA,NA,NA,NA,NA,NA,NA,NA,NA,NA,NA,NA,0.5,14.1,9.2,-52.03334899,-0.908153261,36,11.08333333
03/09/1986,6.67214,NA,NA,NA,NA,NA,NA,NA,NA,NA,NA,NA,NA,NA,NA,NA,NA,NA,NA,NA,NA,NA,0,13.5,8,-56.64817525,-0.988697173,21,9.583333333
04/09/1986,6.67488,NA,NA,NA,NA,NA,NA,NA,NA,NA,NA,NA,NA,NA,NA,NA,NA,NA,NA,NA,NA,NA,4.4,14.2,10.7,-122.0823319,-2.130738649,32,14.83333333
05/09/1986,6.67762,NA,NA,NA,NA,NA,NA,NA,NA,NA,NA,NA,NA,NA,NA,NA,NA,NA,NA,NA,NA,NA,1,14.4,7.2,-102.055089,-1.781197322,24,10
06/09/1986,6.68036,NA,NA,NA,NA,NA,NA,NA,NA,NA,NA,NA,NA,NA,NA,NA,NA,NA,NA,NA,NA,NA,0.8,13,6.4,-76.17477606,-1.329500649,21,7.416666667
07/09/1986,6.68309,NA,NA,NA,NA,NA,NA,NA,NA,NA,NA,NA,NA,NA,NA,NA,NA,NA,NA,NA,NA,NA,0.4,14,6.4,-56.20220169,-0.980913466,27,10.75
08/09/1986,6.68583,NA,NA,NA,NA,NA,NA,NA,NA,NA,NA,NA,NA,NA,NA,NA,NA,NA,NA,NA,NA,NA,0,13.7,6.3,-14.19585862,-0.247764473,20,7.125
09/09/1986,6.68857,NA,NA,NA,NA,NA,NA,NA,NA,NA,NA,NA,NA,NA,NA,NA,NA,NA,NA,NA,NA,NA,1.3,12.6,3.6,-55.14137084,-0.962398475,25,7.5
10/09/1986,6.69131,NA,NA,NA,NA,NA,NA,NA,NA,NA,NA,NA,NA,NA,NA,NA,NA,NA,NA,NA,NA,NA,1.4,12.2,3.5,-27.20252832,-0.474773684,19,6.875
11/09/1986,6.69405,NA,NA,NA,NA,NA,NA,NA,NA,NA,NA,NA,NA,NA,NA,NA,NA,NA,NA,NA,NA,NA,1,11.8,5.3,-4.451659966,-0.077696124,22,7.916666667
12/09/1986,6.69678,NA,NA,NA,NA,NA,NA,NA,NA,NA,NA,NA,NA,NA,NA,NA,NA,NA,NA,NA,NA,NA,0.2,12.2,3,-66.50265063,-1.160690215,14,4.333333333
13/09/1986,6.69952,NA,NA,NA,NA,NA,NA,NA,NA,NA,NA,NA,NA,NA,NA,NA,NA,NA,NA,NA,NA,NA,3.4,11.1,5.1,-48.51004158,-0.846659946,21,8
14/09/1986,6.70226,NA,NA,NA,NA,NA,NA,NA,NA,NA,NA,NA,NA,NA,NA,NA,NA,NA,NA,NA,NA,NA,1.3,12.2,5.1,-30.29664067,-0.528776132,32,11.91666667
15/09/1986,6.70500,NA,NA,NA,NA,NA,NA,NA,NA,NA,NA,NA,NA,NA,NA,NA,NA,NA,NA,NA,NA,NA,2.8,10.8,4.5,-22.98374178,-0.401141969,27,9
16/09/1986,6.70773,NA,NA,NA,NA,NA,NA,NA,NA,NA,NA,NA,NA,NA,NA,NA,NA,NA,NA,NA,NA,NA,2.4,12.5,3,-93.43383559,-1.630728064,22,6.333333333
17/09/1986,6.71047,NA,NA,NA,NA,NA,NA,NA,NA,NA,NA,NA,NA,NA,NA,NA,NA,NA,NA,NA,NA,NA,0,10.4,6.1,-7.040690855,-0.122883237,20,6.708333333
18/09/1986,6.71321,NA,NA,NA,NA,NA,NA,NA,NA,NA,NA,NA,NA,NA,NA,NA,NA,NA,NA,NA,NA,NA,0,13,2.2,-122.5610093,-2.139093147,22,8.041666667
19/09/1986,6.71595,NA,NA,NA,NA,NA,NA,NA,NA,NA,NA,NA,NA,NA,NA,NA,NA,NA,NA,NA,NA,NA,5.7,13.9,9.8,-127.8653092,-2.231670645,37,19.58333333
20/09/1986,6.71869,NA,NA,NA,NA,NA,NA,NA,NA,NA,NA,NA,NA,NA,NA,NA,NA,NA,NA,NA,NA,NA,2.8,15,11.1,-119.948444,-2.09349528,52,22.83333333
21/09/1986,6.72142,NA,NA,NA,NA,NA,NA,NA,NA,NA,NA,NA,NA,NA,NA,NA,NA,NA,NA,NA,NA,NA,1.7,13.2,10.8,-100.0129383,-1.745555067,31,11.95833333
22/09/1986,6.72416,NA,NA,NA,NA,NA,NA,NA,NA,NA,NA,NA,NA,NA,NA,NA,NA,NA,NA,NA,NA,NA,5.1,13.3,11,-119.5006218,-2.085679308,25,9.791666667
23/09/1986,6.72690,NA,NA,NA,NA,NA,NA,NA,NA,NA,NA,NA,NA,NA,NA,NA,NA,NA,NA,NA,NA,NA,0.3,12.8,8.3,-22.80467876,-0.398016729,16,3.791666667
24/09/1986,6.72964,NA,NA,NA,NA,NA,NA,NA,NA,NA,NA,NA,NA,NA,NA,NA,NA,NA,NA,NA,NA,NA,0,13.6,5.2,-138.2496032,-2.412910765,14,4.208333333
25/09/1986,6.73238,NA,NA,NA,NA,NA,NA,NA,NA,NA,NA,NA,NA,NA,NA,NA,NA,NA,NA,NA,NA,NA,3.2,13.5,10,-168.9099915,-2.948035491,11,3.958333333
26/09/1986,6.73511,NA,NA,NA,NA,NA,NA,NA,NA,NA,NA,NA,NA,NA,NA,NA,NA,NA,NA,NA,NA,NA,2.8,13.8,8.5,-156.3497893,-2.728818608,21,6.791666667
27/09/1986,6.73785,NA,NA,NA,NA,NA,NA,NA,NA,NA,NA,NA,NA,NA,NA,NA,NA,NA,NA,NA,NA,NA,1.9,14,7.2,-161.6914503,-2.82204818,40,15.83333333
28/09/1986,6.74059,NA,NA,NA,NA,NA,NA,NA,NA,NA,NA,NA,NA,NA,NA,NA,NA,NA,NA,NA,NA,NA,1.9,15.7,13.1,-116.2224877,-2.028465074,43,18
29/09/1986,6.74333,NA,NA,NA,NA,NA,NA,NA,NA,NA,NA,NA,NA,NA,NA,NA,NA,NA,NA,NA,NA,NA,2.6,14.8,9.8,-155.939419,-2.721656296,35,12.04166667
30/09/1986,6.74606,NA,NA,NA,NA,NA,NA,NA,NA,NA,NA,NA,NA,NA,NA,NA,NA,NA,NA,NA,NA,NA,0.7,13.7,12.1,-147.4984185,-2.574333045,38,22.33333333
01/10/1986,6.74880,NA,NA,NA,NA,NA,NA,NA,NA,NA,NA,NA,NA,NA,NA,NA,NA,NA,NA,NA,NA,NA,4.5,14.8,10.3,-133.2994391,-2.326514103,45,19.54166667
02/10/1986,6.75154,NA,NA,NA,NA,NA,NA,NA,NA,NA,NA,NA,NA,NA,NA,NA,NA,NA,NA,NA,NA,NA,3.6,11.7,7.2,-101.7820101,-1.776431195,37,12.79166667
03/10/1986,6.75428,NA,NA,NA,NA,NA,NA,NA,NA,NA,NA,NA,NA,NA,NA,NA,NA,NA,NA,NA,NA,NA,0.8,11.7,7.9,172.2080083,3.005596744,18,3.875
04/10/1986,6.75702,NA,NA,NA,NA,NA,NA,NA,NA,NA,NA,NA,NA,NA,NA,NA,NA,NA,NA,NA,NA,NA,1.6,14.5,9.2,148.2674471,2.587755125,18,5.875
05/10/1986,6.75975,NA,NA,NA,NA,NA,NA,NA,NA,NA,NA,NA,NA,NA,NA,NA,NA,NA,NA,NA,NA,NA,2.1,15.1,11,-143.4088032,-2.502955792,33,15.83333333
06/10/1986,6.76249,NA,NA,NA,NA,NA,NA,NA,NA,NA,NA,NA,NA,NA,NA,NA,NA,NA,NA,NA,NA,NA,10,14,10.4,-129.7094474,-2.263856927,28,13.54166667
07/10/1986,6.76523,NA,NA,NA,NA,NA,NA,NA,NA,NA,NA,NA,NA,NA,NA,NA,NA,NA,NA,NA,NA,NA,1,14.7,11.9,-110.9860614,-1.937072195,19,8.416666667
08/10/1986,6.76797,NA,NA,NA,NA,NA,NA,NA,NA,NA,NA,NA,NA,NA,NA,NA,NA,NA,NA,NA,NA,NA,0,13.5,10.9,-167.4951825,-2.923342417,28,13.41666667
09/10/1986,6.77070,NA,NA,NA,NA,NA,NA,NA,NA,NA,NA,NA,NA,NA,NA,NA,NA,NA,NA,NA,NA,NA,4.8,14.1,11.6,-149.9617296,-2.617325934,43,20.79166667
10/10/1986,6.77344,NA,NA,NA,NA,NA,NA,NA,NA,NA,NA,NA,NA,NA,NA,NA,NA,NA,NA,NA,NA,NA,2.2,12.8,7.5,-127.5113487,-2.225492869,33,14.875
11/10/1986,6.77618,NA,NA,NA,NA,NA,NA,NA,NA,NA,NA,NA,NA,NA,NA,NA,NA,NA,NA,NA,NA,NA,0,12.8,8.5,-147.0855902,-2.567127831,41,19.95833333
12/10/1986,6.77892,NA,NA,NA,NA,NA,NA,NA,NA,NA,NA,NA,NA,NA,NA,NA,NA,NA,NA,NA,NA,NA,0,13.1,9.8,-156.2482196,-2.727045882,48,30.54166667
13/10/1986,6.78166,NA,NA,NA,NA,NA,NA,NA,NA,NA,NA,NA,NA,NA,NA,NA,NA,NA,NA,NA,NA,NA,0.1,12.4,9.3,-160.8301019,-2.807014814,39,22.04166667
14/10/1986,6.78439,NA,NA,NA,NA,NA,NA,NA,NA,NA,NA,NA,NA,NA,NA,NA,NA,NA,NA,NA,NA,NA,2.1,12.9,8.5,-139.3143588,-2.431494257,38,15.79166667
15/10/1986,6.78713,NA,NA,NA,NA,NA,NA,NA,NA,NA,NA,NA,NA,NA,NA,NA,NA,NA,NA,NA,NA,NA,0.3,13.4,7.5,-135.0063704,-2.356305675,28,13.83333333
16/10/1986,6.78987,NA,NA,NA,NA,NA,NA,NA,NA,NA,NA,NA,NA,NA,NA,NA,NA,NA,NA,NA,NA,NA,2.7,12.5,9.1,-120.7017209,-2.106642443,29,10.79166667
17/10/1986,6.79261,NA,NA,NA,NA,NA,NA,NA,NA,NA,NA,NA,NA,NA,NA,NA,NA,NA,NA,NA,NA,NA,1.6,12,10.2,-158.338039,-2.763520112,46,26.54166667
18/10/1986,6.79535,NA,NA,NA,NA,NA,NA,NA,NA,NA,NA,NA,NA,NA,NA,NA,NA,NA,NA,NA,NA,NA,6.2,10.8,3.5,-128.3444156,-2.240032628,38,12.75
19/10/1986,6.79808,NA,NA,NA,NA,NA,NA,NA,NA,NA,NA,NA,NA,NA,NA,NA,NA,NA,NA,NA,NA,NA,2.7,8.1,2.2,-123.7356764,-2.159594956,37,10.20833333
20/10/1986,6.80082,NA,NA,NA,NA,NA,NA,NA,NA,NA,NA,NA,NA,NA,NA,NA,NA,NA,NA,NA,NA,NA,6.3,8.2,2.5,-118.2616661,-2.064055453,44,10.375
21/10/1986,6.80356,NA,NA,NA,NA,NA,NA,NA,NA,NA,NA,NA,NA,NA,NA,NA,NA,NA,NA,NA,NA,NA,3.4,7.8,2.2,-116.7355132,-2.037419059,34,10.16666667
22/10/1986,6.80630,NA,NA,NA,NA,NA,NA,NA,NA,NA,NA,NA,NA,NA,NA,NA,NA,NA,NA,NA,NA,NA,10.9,8,1.9,-116.1620472,-2.02741019,31,6.625
23/10/1986,6.80903,NA,NA,NA,NA,NA,NA,NA,NA,NA,NA,NA,NA,NA,NA,NA,NA,NA,NA,NA,NA,NA,4.2,7.3,1.5,-72.11851498,-1.258705538,33,9.208333333
24/10/1986,6.81177,NA,NA,NA,NA,NA,NA,NA,NA,NA,NA,NA,NA,NA,NA,NA,NA,NA,NA,NA,NA,NA,1.5,9.8,4.4,169.1867057,2.952865065,28,11
25/10/1986,6.81451,NA,NA,NA,NA,NA,NA,NA,NA,NA,NA,NA,NA,NA,NA,NA,NA,NA,NA,NA,NA,NA,7,12.2,4.7,-16.90170814,-0.294990456,46,14.58333333
26/10/1986,6.81725,NA,NA,NA,NA,NA,NA,NA,NA,NA,NA,NA,NA,NA,NA,NA,NA,NA,NA,NA,NA,NA,2.3,11.6,2.3,-127.5490544,-2.226150958,39,14.79166667
27/10/1986,6.81999,NA,NA,NA,NA,NA,NA,NA,NA,NA,NA,NA,NA,NA,NA,NA,NA,NA,NA,NA,NA,NA,17,13.4,9,-139.4217657,-2.433368861,39,16
28/10/1986,6.82272,NA,NA,NA,NA,NA,NA,NA,NA,NA,NA,NA,NA,NA,NA,NA,NA,NA,NA,NA,NA,NA,6.7,10.9,5.5,-143.7873792,-2.50956319,37,14.33333333
29/10/1986,6.82546,NA,NA,NA,NA,NA,NA,NA,NA,NA,NA,NA,NA,NA,NA,NA,NA,NA,NA,NA,NA,NA,7.5,9.5,2.4,-125.1719261,-2.184662242,51,17.70833333
30/10/1986,6.82820,NA,NA,NA,NA,NA,NA,NA,NA,NA,NA,NA,NA,NA,NA,NA,NA,NA,NA,NA,NA,NA,21.7,9.6,4.5,-108.0437786,-1.885719673,75,29.58333333
31/10/1986,6.83094,NA,NA,NA,NA,NA,NA,NA,NA,NA,NA,NA,NA,NA,NA,NA,NA,NA,NA,NA,NA,NA,2.6,7.7,3.5,-49.46388186,-0.863307599,41,12.54166667
01/11/1986,6.83368,NA,NA,NA,NA,NA,NA,NA,NA,NA,NA,NA,NA,NA,NA,NA,NA,NA,NA,NA,NA,NA,0.4,6.3,3.2,1.407512046,0.024565719,29,9.416666667
02/11/1986,6.83641,NA,NA,NA,NA,NA,NA,NA,NA,NA,NA,NA,NA,NA,NA,NA,NA,NA,NA,NA,NA,NA,2,8.8,-0.9,-143.0960346,-2.49749695,48,17.95833333
03/11/1986,6.83915,NA,NA,NA,NA,NA,NA,NA,NA,NA,NA,NA,NA,NA,NA,NA,NA,NA,NA,NA,NA,NA,2.6,10.2,5,-108.0715214,-1.886203876,36,9.916666667
04/11/1986,6.84189,NA,NA,NA,NA,NA,NA,NA,NA,NA,NA,NA,NA,NA,NA,NA,NA,NA,NA,NA,NA,NA,4.2,10.2,4.6,-131.6899283,-2.298422841,46,14.5
05/11/1986,6.84463,NA,NA,NA,NA,NA,NA,NA,NA,NA,NA,NA,NA,NA,NA,NA,NA,NA,NA,NA,NA,NA,8.1,12,4.1,-87.65709764,-1.529904967,50,16.45833333
06/11/1986,6.84736,NA,NA,NA,NA,NA,NA,NA,NA,NA,NA,NA,NA,NA,NA,NA,NA,NA,NA,NA,NA,NA,3.7,9.1,4.2,-118.1187755,-2.06156154,45,16.125
07/11/1986,6.85010,NA,NA,NA,NA,NA,NA,NA,NA,NA,NA,NA,NA,NA,NA,NA,NA,NA,NA,NA,NA,NA,9.2,12.1,4.7,-132.9081685,-2.319685142,44,17.70833333
08/11/1986,6.85284,NA,NA,NA,NA,NA,NA,NA,NA,NA,NA,NA,NA,NA,NA,NA,NA,NA,NA,NA,NA,NA,3.8,5.9,1.9,-118.7398339,-2.072401055,53,15.5
09/11/1986,6.85558,NA,NA,NA,NA,NA,NA,NA,NA,NA,NA,NA,NA,NA,NA,NA,NA,NA,NA,NA,NA,NA,24,11.4,4,-153.6887078,-2.682373975,46,21.25
10/11/1986,6.85832,NA,NA,NA,NA,NA,NA,NA,NA,NA,NA,NA,NA,NA,NA,NA,NA,NA,NA,NA,NA,NA,17,10.9,5.6,-137.5880927,-2.401365229,49,19.20833333
11/11/1986,6.86105,NA,NA,NA,NA,NA,NA,NA,NA,NA,NA,NA,NA,NA,NA,NA,NA,NA,NA,NA,NA,NA,4.7,8.6,4.1,-4.279732871,-0.07469543,20,6.416666667
12/11/1986,6.86379,NA,NA,NA,NA,NA,NA,NA,NA,NA,NA,NA,NA,NA,NA,NA,NA,NA,NA,NA,NA,NA,5.1,10.5,2.1,-174.2701374,-3.041587685,43,19.91666667
13/11/1986,6.86653,NA,NA,NA,NA,NA,NA,NA,NA,NA,NA,NA,NA,NA,NA,NA,NA,NA,NA,NA,NA,NA,1.5,12.8,9.1,165.234826,2.883891753,44,19.91666667
14/11/1986,6.86927,NA,NA,NA,NA,NA,NA,NA,NA,NA,NA,NA,NA,NA,NA,NA,NA,NA,NA,NA,NA,NA,4.1,10.4,8,157.3566219,2.746391152,31,12.33333333
15/11/1986,6.87201,NA,NA,NA,NA,NA,NA,NA,NA,NA,NA,NA,NA,NA,NA,NA,NA,NA,NA,NA,NA,NA,8.4,9.4,4.6,-127.7147679,-2.229043204,52,13.75
16/11/1986,6.87474,NA,NA,NA,NA,NA,NA,NA,NA,NA,NA,NA,NA,NA,NA,NA,NA,NA,NA,NA,NA,NA,11.8,10.5,4.2,-150.8264768,-2.632418619,53,22.79166667
17/11/1986,6.87748,NA,NA,NA,NA,NA,NA,NA,NA,NA,NA,NA,NA,NA,NA,NA,NA,NA,NA,NA,NA,NA,19.1,8.5,3.2,-147.9030129,-2.581394549,50,16.33333333
18/11/1986,6.88022,NA,NA,NA,NA,NA,NA,NA,NA,NA,NA,NA,NA,NA,NA,NA,NA,NA,NA,NA,NA,NA,2.7,5,0.3,-132.635561,-2.314927245,28,5.916666667
19/11/1986,6.88296,NA,NA,NA,NA,NA,NA,NA,NA,NA,NA,NA,NA,NA,NA,NA,NA,NA,NA,NA,NA,NA,4.1,5.8,-0.7,-132.9217524,-2.319922227,24,6.625
20/11/1986,6.88569,NA,NA,NA,NA,NA,NA,NA,NA,NA,NA,NA,NA,NA,NA,NA,NA,NA,NA,NA,NA,NA,7.1,4.1,0.9,-115.9180015,-2.023150789,25,7
21/11/1986,6.88843,NA,NA,NA,NA,NA,NA,NA,NA,NA,NA,NA,NA,NA,NA,NA,NA,NA,NA,NA,NA,NA,1.3,5.1,-0.8,-177.4218129,-3.096594801,39,10.33333333
22/11/1986,6.89117,NA,NA,NA,NA,NA,NA,NA,NA,NA,NA,NA,NA,NA,NA,NA,NA,NA,NA,NA,NA,NA,13.4,8.7,1.7,178.0111288,3.106880303,55,23.125
23/11/1986,6.89391,NA,NA,NA,NA,NA,NA,NA,NA,NA,NA,NA,NA,NA,NA,NA,NA,NA,NA,NA,NA,NA,4.1,9.4,6.1,-80.47006003,-1.404467497,31,12.16666667
24/11/1986,6.89665,NA,NA,NA,NA,NA,NA,NA,NA,NA,NA,NA,NA,NA,NA,NA,NA,NA,NA,NA,NA,NA,2.8,9.6,5.4,-126.7391143,-2.212014836,31,12.95833333
25/11/1986,6.89938,NA,NA,NA,NA,NA,NA,NA,NA,NA,NA,NA,NA,NA,NA,NA,NA,NA,NA,NA,NA,NA,7.6,10.3,3.8,-132.1259462,-2.306032789,48,11.70833333
26/11/1986,6.90212,NA,NA,NA,NA,NA,NA,NA,NA,NA,NA,NA,NA,NA,NA,NA,NA,NA,NA,NA,NA,NA,3.7,7.4,2.2,-132.6538234,-2.315245984,22,7.791666667
27/11/1986,6.90486,NA,NA,NA,NA,NA,NA,NA,NA,NA,NA,NA,NA,NA,NA,NA,NA,NA,NA,NA,NA,NA,5.1,11.3,4.8,-142.0662324,-2.479523511,51,25.125
28/11/1986,6.90760,NA,NA,NA,NA,NA,NA,NA,NA,NA,NA,NA,NA,NA,NA,NA,NA,NA,NA,NA,NA,NA,12.8,11.6,5.5,-129.6686917,-2.263145606,56,21.625
29/11/1986,6.91034,NA,NA,NA,NA,NA,NA,NA,NA,NA,NA,NA,NA,NA,NA,NA,NA,NA,NA,NA,NA,NA,3.6,9.8,5,-141.3254404,-2.466594251,40,12.66666667
30/11/1986,6.91307,NA,NA,NA,NA,NA,NA,NA,NA,NA,NA,NA,NA,NA,NA,NA,NA,NA,NA,NA,NA,NA,7.2,10.7,7,-135.7237125,-2.368825656,40,13.625
01/12/1986,6.91581,NA,NA,NA,NA,NA,NA,NA,NA,NA,NA,NA,NA,NA,NA,NA,NA,NA,NA,NA,NA,NA,14.1,10.9,3.6,-103.9584607,-1.814417425,55,24.125
02/12/1986,6.91855,NA,NA,NA,NA,NA,NA,NA,NA,NA,NA,NA,NA,NA,NA,NA,NA,NA,NA,NA,NA,NA,18.3,11.4,1.4,-150.1369788,-2.620384609,NA,13.875
03/12/1986,6.92129,NA,NA,NA,NA,NA,NA,NA,NA,NA,NA,NA,NA,NA,NA,NA,NA,NA,NA,NA,NA,NA,19.9,11.5,7.4,-129.50054,-2.260210806,59,25.41666667
04/12/1986,6.92402,NA,NA,NA,NA,NA,NA,NA,NA,NA,NA,NA,NA,NA,NA,NA,NA,NA,NA,NA,NA,NA,4.4,9.1,4.7,-114.0069366,-1.989796414,47,14.83333333
05/12/1986,6.92676,NA,NA,NA,NA,NA,NA,NA,NA,NA,NA,NA,NA,NA,NA,NA,NA,NA,NA,NA,NA,NA,11.6,6.5,3.2,-91.14043884,-1.59070074,NA,6.625
06/12/1986,6.92950,NA,NA,NA,NA,NA,NA,NA,NA,NA,NA,NA,NA,NA,NA,NA,NA,NA,NA,NA,NA,NA,2.1,7.9,1.6,-146.9274755,-2.564368209,61,20.20833333
07/12/1986,6.93224,NA,NA,NA,NA,NA,NA,NA,NA,NA,NA,NA,NA,NA,NA,NA,NA,NA,NA,NA,NA,NA,15.4,9.6,5.5,-153.7709064,-2.68380861,57,23.5
08/12/1986,6.93498,NA,NA,NA,NA,NA,NA,NA,NA,NA,NA,NA,NA,NA,NA,NA,NA,NA,NA,NA,NA,NA,1,6.3,1,-100.29857,-1.750540282,NA,4.916666667
09/12/1986,6.93771,NA,NA,NA,NA,NA,NA,NA,NA,NA,NA,NA,NA,NA,NA,NA,NA,NA,NA,NA,NA,NA,0.6,6.6,0,-109.793086,-1.916250846,NA,5.791666667
10/12/1986,6.94045,NA,NA,NA,NA,NA,NA,NA,NA,NA,NA,NA,NA,NA,NA,NA,NA,NA,NA,NA,NA,NA,5.3,9.3,2,-165.7120871,-2.892221531,47,24.125
11/12/1986,6.94319,NA,NA,NA,NA,NA,NA,NA,NA,NA,NA,NA,NA,NA,NA,NA,NA,NA,NA,NA,NA,NA,9.5,8.8,2.9,-154.58106,-2.697948459,36,8.833333333
12/12/1986,6.94593,NA,NA,NA,NA,NA,NA,NA,NA,NA,NA,NA,NA,NA,NA,NA,NA,NA,NA,NA,NA,NA,7,8.8,3.2,-173.6634813,-3.03099954,59,27.70833333
13/12/1986,6.94867,NA,NA,NA,NA,NA,NA,NA,NA,NA,NA,NA,NA,NA,NA,NA,NA,NA,NA,NA,NA,NA,7.2,8.7,0.9,-140.7506684,-2.456562587,59,9.791666667
14/12/1986,6.95140,NA,NA,NA,NA,NA,NA,NA,NA,NA,NA,NA,NA,NA,NA,NA,NA,NA,NA,NA,NA,NA,0.1,5.2,-1.2,-147.2716233,-2.570374722,39,10.79166667
15/12/1986,6.95414,NA,NA,NA,NA,NA,NA,NA,NA,NA,NA,NA,NA,NA,NA,NA,NA,NA,NA,NA,NA,NA,12,7.1,1.1,-151.5796479,-2.645563934,59,13.5
16/12/1986,6.95688,NA,NA,NA,NA,NA,NA,NA,NA,NA,NA,NA,NA,NA,NA,NA,NA,NA,NA,NA,NA,NA,7.4,4.8,1.2,-127.8861822,-2.232034947,32,10.20833333
17/12/1986,6.95962,NA,NA,NA,NA,NA,NA,NA,NA,NA,NA,NA,NA,NA,NA,NA,NA,NA,NA,NA,NA,NA,2.1,7.1,1.5,-125.5097744,-2.190558806,29,8.916666667
18/12/1986,6.96235,NA,NA,NA,NA,NA,NA,NA,NA,NA,NA,NA,NA,NA,NA,NA,NA,NA,NA,NA,NA,NA,3.2,5.2,0.2,-72.18137517,-1.259802655,33,6.75
19/12/1986,6.96509,NA,NA,NA,NA,NA,NA,NA,NA,NA,NA,NA,NA,NA,NA,NA,NA,NA,NA,NA,NA,NA,2.3,4.4,0,-72.04061561,-1.257345938,44,10
20/12/1986,6.96783,NA,NA,NA,NA,NA,NA,NA,NA,NA,NA,NA,NA,NA,NA,NA,NA,NA,NA,NA,NA,NA,6.8,5.1,1.6,-28.74300937,-0.501660151,44,19.91666667
21/12/1986,6.97057,NA,NA,NA,NA,NA,NA,NA,NA,NA,NA,NA,NA,NA,NA,NA,NA,NA,NA,NA,NA,NA,4.2,4.9,0.5,-12.1627574,-0.212280163,42,14.16666667
22/12/1986,6.97331,NA,NA,NA,NA,NA,NA,NA,NA,NA,NA,NA,NA,NA,NA,NA,NA,NA,NA,NA,NA,NA,1.4,4.6,0.3,-50.84612295,-0.887432257,23,4.5
23/12/1986,6.97604,NA,NA,NA,NA,NA,NA,NA,NA,NA,NA,NA,NA,NA,NA,NA,NA,NA,NA,NA,NA,NA,0.9,7.3,3.1,-116.3551527,-2.030780516,22,6.458333333
24/12/1986,6.97878,NA,NA,NA,NA,NA,NA,NA,NA,NA,NA,NA,NA,NA,NA,NA,NA,NA,NA,NA,NA,NA,18.6,10.4,6.7,-148.4100023,-2.590243183,57,21.79166667
25/12/1986,6.98152,NA,NA,NA,NA,NA,NA,NA,NA,NA,NA,NA,NA,NA,NA,NA,NA,NA,NA,NA,NA,NA,2.1,10.9,2.2,-91.9430274,-1.604708552,31,7.666666667
26/12/1986,6.98426,NA,NA,NA,NA,NA,NA,NA,NA,NA,NA,NA,NA,NA,NA,NA,NA,NA,NA,NA,NA,NA,5.5,4.7,0.4,-97.62584304,-1.703892396,40,12.375
27/12/1986,6.98700,NA,NA,NA,NA,NA,NA,NA,NA,NA,NA,NA,NA,NA,NA,NA,NA,NA,NA,NA,NA,NA,5.8,6.9,0.4,-83.34229314,-1.454597422,41,15.08333333
28/12/1986,6.98973,NA,NA,NA,NA,NA,NA,NA,NA,NA,NA,NA,NA,NA,NA,NA,NA,NA,NA,NA,NA,NA,6.9,9.9,4.9,-92.55984659,-1.615474078,35,15.75
29/12/1986,6.99247,NA,NA,NA,NA,NA,NA,NA,NA,NA,NA,NA,NA,NA,NA,NA,NA,NA,NA,NA,NA,NA,0.9,5.3,1.2,-8.58236822,-0.149790583,38,7.583333333
30/12/1986,6.99521,NA,NA,NA,NA,NA,NA,NA,NA,NA,NA,NA,NA,NA,NA,NA,NA,NA,NA,NA,NA,NA,0.8,5.7,3.3,112.5047687,1.963578638,32,11.20833333
31/12/1986,6.99795,NA,NA,NA,NA,NA,NA,NA,NA,NA,NA,NA,NA,NA,NA,NA,NA,NA,NA,NA,NA,NA,0,5.8,3.9,89.58254607,1.563510381,28,11.58333333
01/01/1987,7.00068,NA,NA,NA,NA,NA,NA,NA,NA,NA,NA,NA,NA,NA,NA,NA,NA,NA,NA,NA,NA,NA,3.1,4.7,2.2,105.8396474,1.847250327,37,17.875
02/01/1987,7.00342,NA,NA,NA,NA,NA,NA,NA,NA,NA,NA,NA,NA,NA,NA,NA,NA,NA,NA,NA,NA,NA,0,5.2,-2,73.48932107,1.282630618,NA,8.875
03/01/1987,7.00616,NA,NA,NA,NA,NA,NA,NA,NA,NA,NA,NA,NA,NA,NA,NA,NA,NA,NA,NA,NA,NA,5.6,5.8,-2.5,-154.5795225,-2.697921624,NA,14.45833333
04/01/1987,7.00890,NA,NA,NA,NA,NA,NA,NA,NA,NA,NA,NA,NA,NA,NA,NA,NA,NA,NA,NA,NA,NA,21.3,9.8,1.3,-105.405404,-1.83967135,35,12.54166667
05/01/1987,7.01164,NA,NA,NA,NA,NA,NA,NA,NA,NA,NA,NA,NA,NA,NA,NA,NA,NA,NA,NA,NA,NA,7.4,5.8,1.1,-58.92569766,-1.028447438,45,17.70833333
06/01/1987,7.01437,NA,NA,NA,NA,NA,NA,NA,NA,NA,NA,NA,NA,NA,NA,NA,NA,NA,NA,NA,NA,NA,0.8,4.4,2.1,-5.38962126,-0.094066636,43,12.04166667
07/01/1987,7.01711,NA,NA,NA,NA,NA,NA,NA,NA,NA,NA,NA,NA,NA,NA,NA,NA,NA,NA,NA,NA,NA,0,5,1,-83.25012135,-1.45298872,NA,2.75
08/01/1987,7.01985,NA,NA,NA,NA,NA,NA,NA,NA,NA,NA,NA,NA,NA,NA,NA,NA,NA,NA,NA,NA,NA,0,5.8,-0.7,-167.4729532,-2.922954442,26,14.08333333
09/01/1987,7.02259,NA,NA,NA,NA,NA,NA,NA,NA,NA,NA,NA,NA,NA,NA,NA,NA,NA,NA,NA,NA,NA,0,5.6,1,118.059798,2.060532189,21,5.833333333
10/01/1987,7.02533,NA,NA,NA,NA,NA,NA,NA,NA,NA,NA,NA,NA,NA,NA,NA,NA,NA,NA,NA,NA,NA,0,2.5,-3.1,-45.41336346,-0.792612717,NA,2.416666667
11/01/1987,7.02806,NA,NA,NA,NA,NA,NA,NA,NA,NA,NA,NA,NA,NA,NA,NA,NA,NA,NA,NA,NA,NA,3.3,4.1,-2.6,134.5817748,2.348895084,21,9.875
12/01/1987,7.03080,NA,NA,NA,NA,NA,NA,NA,NA,NA,NA,NA,NA,NA,NA,NA,NA,NA,NA,NA,NA,NA,0,-0.8,-3.3,99.15927474,1.730655828,25,10.95833333
13/01/1987,7.03354,NA,NA,NA,NA,NA,NA,NA,NA,NA,NA,NA,NA,NA,NA,NA,NA,NA,NA,NA,NA,NA,3.4,4.4,-3.3,70.00603678,1.221835838,41,14.91666667
14/01/1987,7.03628,NA,NA,NA,NA,NA,NA,NA,NA,NA,NA,NA,NA,NA,NA,NA,NA,NA,NA,NA,NA,NA,0,3.6,-1.9,86.97306984,1.517966429,21,10.33333333
15/01/1987,7.03901,NA,NA,NA,NA,NA,NA,NA,NA,NA,NA,NA,NA,NA,NA,NA,NA,NA,NA,NA,NA,NA,0.1,3.9,1.5,101.5522147,1.77242051,19,7.333333333
16/01/1987,7.04175,NA,NA,NA,NA,NA,NA,NA,NA,NA,NA,NA,NA,NA,NA,NA,NA,NA,NA,NA,NA,NA,0,4.4,2.3,152.5193519,2.661964864,36,12.75
17/01/1987,7.04449,NA,NA,NA,NA,NA,NA,NA,NA,NA,NA,NA,NA,NA,NA,NA,NA,NA,NA,NA,NA,NA,0.3,5.5,1.2,-172.8979722,-3.017638884,49,26.58333333
18/01/1987,7.04723,NA,NA,NA,NA,NA,NA,NA,NA,NA,NA,NA,NA,NA,NA,NA,NA,NA,NA,NA,NA,NA,0,7.4,5,178.7446155,3.119682061,44,23.95833333
19/01/1987,7.04997,NA,NA,NA,NA,NA,NA,NA,NA,NA,NA,NA,NA,NA,NA,NA,NA,NA,NA,NA,NA,NA,3.5,8.6,6.5,-159.2703998,-2.779792877,45,21.33333333
20/01/1987,7.05270,NA,NA,NA,NA,NA,NA,NA,NA,NA,NA,NA,NA,NA,NA,NA,NA,NA,NA,NA,NA,NA,1.6,7,3,-66.26959423,-1.156622613,NA,2.666666667
21/01/1987,7.05544,NA,NA,NA,NA,NA,NA,NA,NA,NA,NA,NA,NA,NA,NA,NA,NA,NA,NA,NA,NA,NA,3.2,10.1,6.2,-127.8036476,-2.230594446,26,12.95833333
22/01/1987,7.05818,NA,NA,NA,NA,NA,NA,NA,NA,NA,NA,NA,NA,NA,NA,NA,NA,NA,NA,NA,NA,NA,0,9.4,7.9,-100.9754074,-1.762353322,21,8.791666667
23/01/1987,7.06092,NA,NA,NA,NA,NA,NA,NA,NA,NA,NA,NA,NA,NA,NA,NA,NA,NA,NA,NA,NA,NA,0,9.4,7.2,-45.7589061,-0.798643573,20,7.208333333
24/01/1987,7.06366,NA,NA,NA,NA,NA,NA,NA,NA,NA,NA,NA,NA,NA,NA,NA,NA,NA,NA,NA,NA,NA,0,7.8,6.1,-74.30196653,-1.296813957,8,2.666666667
25/01/1987,7.06639,NA,NA,NA,NA,NA,NA,NA,NA,NA,NA,NA,NA,NA,NA,NA,NA,NA,NA,NA,NA,NA,0.3,6.9,5.2,-60.57720638,-1.057271703,15,4.958333333
26/01/1987,7.06913,NA,NA,NA,NA,NA,NA,NA,NA,NA,NA,NA,NA,NA,NA,NA,NA,NA,NA,NA,NA,NA,0.1,5.8,0.6,-53.09291336,-0.926646148,NA,2.166666667
27/01/1987,7.07187,NA,NA,NA,NA,NA,NA,NA,NA,NA,NA,NA,NA,NA,NA,NA,NA,NA,NA,NA,NA,NA,0.6,5.6,0.5,-33.0409677,-0.576673674,NA,4.541666667
28/01/1987,7.07461,NA,NA,NA,NA,NA,NA,NA,NA,NA,NA,NA,NA,NA,NA,NA,NA,NA,NA,NA,NA,NA,0,3.8,-0.1,-44.93722962,-0.784302614,17,3.833333333
29/01/1987,7.07734,NA,NA,NA,NA,NA,NA,NA,NA,NA,NA,NA,NA,NA,NA,NA,NA,NA,NA,NA,NA,NA,0,4.9,1,-112.9004128,-1.97048393,11,3.416666667
30/01/1987,7.08008,NA,NA,NA,NA,NA,NA,NA,NA,NA,NA,NA,NA,NA,NA,NA,NA,NA,NA,NA,NA,NA,0,4.8,3.2,-125.3739373,-2.188188002,17,6.666666667
31/01/1987,7.08282,NA,NA,NA,NA,NA,NA,NA,NA,NA,NA,NA,NA,NA,NA,NA,NA,NA,NA,NA,NA,NA,0,4.6,1.6,-148.1524003,-2.585747181,21,8.583333333
01/02/1987,7.08556,NA,NA,NA,NA,NA,NA,NA,NA,NA,NA,NA,NA,NA,NA,NA,NA,NA,NA,NA,NA,NA,0,6.6,2.8,168.1350004,2.934509344,28,10.95833333
02/02/1987,7.08830,NA,NA,NA,NA,NA,NA,NA,NA,NA,NA,NA,NA,NA,NA,NA,NA,NA,NA,NA,NA,NA,0.3,8.6,5,-176.7812047,-3.085414077,41,14.79166667
03/02/1987,7.09103,NA,NA,NA,NA,NA,NA,NA,NA,NA,NA,NA,NA,NA,NA,NA,NA,NA,NA,NA,NA,NA,2.2,8.6,2.1,-116.5285045,-2.033806076,31,12.375
04/02/1987,7.09377,NA,NA,NA,NA,NA,NA,NA,NA,NA,NA,NA,NA,NA,NA,NA,NA,NA,NA,NA,NA,NA,1.8,7.7,6.3,-149.1667297,-2.603450568,46,25.875
05/02/1987,7.09651,NA,NA,NA,NA,NA,NA,NA,NA,NA,NA,NA,NA,NA,NA,NA,NA,NA,NA,NA,NA,NA,8.3,9.6,6.4,-131.9207484,-2.302451412,33,15.625
06/02/1987,7.09925,NA,NA,NA,NA,NA,NA,NA,NA,NA,NA,NA,NA,NA,NA,NA,NA,NA,NA,NA,NA,NA,14.8,9.6,3.9,-62.90353217,-1.097873747,39,11.91666667
07/02/1987,7.10198,NA,NA,NA,NA,NA,NA,NA,NA,NA,NA,NA,NA,NA,NA,NA,NA,NA,NA,NA,NA,NA,2,6.8,0.1,-150.4200511,-2.625325153,NA,9.666666667
08/02/1987,7.10472,NA,NA,NA,NA,NA,NA,NA,NA,NA,NA,NA,NA,NA,NA,NA,NA,NA,NA,NA,NA,NA,3.7,8.4,4.1,-127.6110311,-2.227232655,45,13.83333333
09/02/1987,7.10746,NA,NA,NA,NA,NA,NA,NA,NA,NA,NA,NA,NA,NA,NA,NA,NA,NA,NA,NA,NA,NA,0.9,6.9,1.9,-119.8888738,-2.092455584,NA,5.541666667
10/02/1987,7.11020,NA,NA,NA,NA,NA,NA,NA,NA,NA,NA,NA,NA,NA,NA,NA,NA,NA,NA,NA,NA,NA,3.4,5,1.3,-20.03623137,-0.349698207,22,5.958333333
11/02/1987,7.11294,NA,NA,NA,NA,NA,NA,NA,NA,NA,NA,NA,NA,NA,NA,NA,NA,NA,NA,NA,NA,NA,3.7,5.2,1.8,-32.07138396,-0.559751246,23,5.375
12/02/1987,7.11567,NA,NA,NA,NA,NA,NA,NA,NA,NA,NA,NA,NA,NA,NA,NA,NA,NA,NA,NA,NA,NA,2.7,5.6,-0.2,-16.89202198,-0.294821401,18,4.166666667
13/02/1987,7.11841,NA,NA,NA,NA,NA,NA,NA,NA,NA,NA,NA,NA,NA,NA,NA,NA,NA,NA,NA,NA,NA,0.7,4.9,2,80.02464705,1.396693574,17,6.291666667
14/02/1987,7.12115,NA,NA,NA,NA,NA,NA,NA,NA,NA,NA,NA,NA,NA,NA,NA,NA,NA,NA,NA,NA,NA,0,4.9,-2.4,-44.77801805,-0.781523848,NA,3.041666667
15/02/1987,7.12389,NA,NA,NA,NA,NA,NA,NA,NA,NA,NA,NA,NA,NA,NA,NA,NA,NA,NA,NA,NA,NA,0,3.5,-3.1,-19.038913,-0.332291718,15,3.583333333
16/02/1987,7.12663,NA,NA,NA,NA,NA,NA,NA,NA,NA,NA,NA,NA,NA,NA,NA,NA,NA,NA,NA,NA,NA,1.4,3.3,-5.4,-11.22741794,-0.19595541,17,5.375
17/02/1987,7.12936,NA,NA,NA,NA,NA,NA,NA,NA,NA,NA,NA,NA,NA,NA,NA,NA,NA,NA,NA,NA,NA,0.2,5.6,-0.3,-65.57806313,-1.144553119,NA,4.875
18/02/1987,7.13210,NA,NA,NA,NA,NA,NA,NA,NA,NA,NA,NA,NA,NA,NA,NA,NA,NA,NA,NA,NA,NA,3.8,5.8,-1.2,-78.52384588,-1.370499652,13,4.25
19/02/1987,7.13484,NA,NA,NA,NA,NA,NA,NA,NA,NA,NA,NA,NA,NA,NA,NA,NA,NA,NA,NA,NA,NA,1.6,8.9,4.9,-50.24907591,-0.877011821,NA,6.791666667
20/02/1987,7.13758,NA,NA,NA,NA,NA,NA,NA,NA,NA,NA,NA,NA,NA,NA,NA,NA,NA,NA,NA,NA,NA,0.3,7.1,1.1,-105.8141455,-1.846805235,11,3
21/02/1987,7.14031,NA,NA,NA,NA,NA,NA,NA,NA,NA,NA,NA,NA,NA,NA,NA,NA,NA,NA,NA,NA,NA,0,7.8,1.5,-86.04967065,-1.501850073,16,4.625
22/02/1987,7.14305,NA,NA,NA,NA,NA,NA,NA,NA,NA,NA,NA,NA,NA,NA,NA,NA,NA,NA,NA,NA,NA,0.9,5.8,0.6,-1.850812186,-0.032302766,17,6.875
23/02/1987,7.14579,NA,NA,NA,NA,NA,NA,NA,NA,NA,NA,NA,NA,NA,NA,NA,NA,NA,NA,NA,NA,NA,0,4,-0.3,137.149379,2.393708231,NA,4.541666667
24/02/1987,7.14853,NA,NA,NA,NA,NA,NA,NA,NA,NA,NA,NA,NA,NA,NA,NA,NA,NA,NA,NA,NA,NA,0,5.2,-1,-146.7302083,-2.560925247,15,5.916666667
25/02/1987,7.15127,NA,NA,NA,NA,NA,NA,NA,NA,NA,NA,NA,NA,NA,NA,NA,NA,NA,NA,NA,NA,NA,0,5.4,-0.3,165.0761915,2.881123059,NA,4.666666667
26/02/1987,7.15400,NA,NA,NA,NA,NA,NA,NA,NA,NA,NA,NA,NA,NA,NA,NA,NA,NA,NA,NA,NA,NA,6.6,7.2,2,137.8489066,2.40591729,29,10.33333333
27/02/1987,7.15674,NA,NA,NA,NA,NA,NA,NA,NA,NA,NA,NA,NA,NA,NA,NA,NA,NA,NA,NA,NA,NA,5.7,9,6.2,173.3507039,3.025540544,23,12.54166667
28/02/1987,7.15948,NA,NA,NA,NA,NA,NA,NA,NA,NA,NA,NA,NA,NA,NA,NA,NA,NA,NA,NA,NA,NA,0.7,9.8,6,-136.4399512,-2.38132638,22,7.291666667
01/03/1987,7.16222,NA,NA,NA,NA,NA,NA,NA,NA,NA,NA,NA,NA,NA,NA,NA,NA,NA,NA,NA,NA,NA,13.8,8.9,5.9,-176.4611447,-3.079827976,NA,12.45833333
02/03/1987,7.16496,NA,NA,NA,NA,NA,NA,NA,NA,NA,NA,NA,NA,NA,NA,NA,NA,NA,NA,NA,NA,NA,0.2,8.6,1.9,-51.20662295,-0.893724169,27,8.875
03/03/1987,7.16769,NA,NA,NA,NA,NA,NA,NA,NA,NA,NA,NA,NA,NA,NA,NA,NA,NA,NA,NA,NA,NA,0,7.5,-0.4,-157.8230213,-2.754531357,38,12.625
04/03/1987,7.17043,NA,NA,NA,NA,NA,NA,NA,NA,NA,NA,NA,NA,NA,NA,NA,NA,NA,NA,NA,NA,NA,6.6,7.7,1.2,-105.2100324,-1.836261471,38,11
05/03/1987,7.17317,NA,NA,NA,NA,NA,NA,NA,NA,NA,NA,NA,NA,NA,NA,NA,NA,NA,NA,NA,NA,NA,9.4,6.8,1.7,-178.3507851,-3.112808423,40,19.16666667
06/03/1987,7.17591,NA,NA,NA,NA,NA,NA,NA,NA,NA,NA,NA,NA,NA,NA,NA,NA,NA,NA,NA,NA,NA,1.3,7.4,6.4,-169.480517,-2.957993039,41,18.83333333
07/03/1987,7.17864,NA,NA,NA,NA,NA,NA,NA,NA,NA,NA,NA,NA,NA,NA,NA,NA,NA,NA,NA,NA,NA,2.1,7.3,3.8,141.9967565,2.478310928,41,15.91666667
08/03/1987,7.18138,NA,NA,NA,NA,NA,NA,NA,NA,NA,NA,NA,NA,NA,NA,NA,NA,NA,NA,NA,NA,NA,0.2,7.4,3.1,165.0221695,2.880180196,28,11.16666667
09/03/1987,7.18412,NA,NA,NA,NA,NA,NA,NA,NA,NA,NA,NA,NA,NA,NA,NA,NA,NA,NA,NA,NA,NA,0,6.3,0.1,126.418354,2.206416512,13,3.458333333
10/03/1987,7.18686,NA,NA,NA,NA,NA,NA,NA,NA,NA,NA,NA,NA,NA,NA,NA,NA,NA,NA,NA,NA,NA,0,6.5,-2.1,34.05772962,0.594419518,10,2.833333333
11/03/1987,7.18960,NA,NA,NA,NA,NA,NA,NA,NA,NA,NA,NA,NA,NA,NA,NA,NA,NA,NA,NA,NA,NA,0,7.7,-1.5,-80.20168448,-1.39978346,8,1.958333333
12/03/1987,7.19233,NA,NA,NA,NA,NA,NA,NA,NA,NA,NA,NA,NA,NA,NA,NA,NA,NA,NA,NA,NA,NA,0,6,-1.8,-53.10562637,-0.926868031,NA,2.208333333
13/03/1987,7.19507,NA,NA,NA,NA,NA,NA,NA,NA,NA,NA,NA,NA,NA,NA,NA,NA,NA,NA,NA,NA,NA,7.6,5.9,2.4,-145.5499437,-2.540325744,34,13.54166667
14/03/1987,7.19781,NA,NA,NA,NA,NA,NA,NA,NA,NA,NA,NA,NA,NA,NA,NA,NA,NA,NA,NA,NA,NA,5.9,7.6,1.8,-95.77545093,-1.671596961,45,10.5
15/03/1987,7.20055,NA,NA,NA,NA,NA,NA,NA,NA,NA,NA,NA,NA,NA,NA,NA,NA,NA,NA,NA,NA,NA,4.6,6,0.6,-33.84411778,-0.590691288,42,13.29166667
16/03/1987,7.20329,NA,NA,NA,NA,NA,NA,NA,NA,NA,NA,NA,NA,NA,NA,NA,NA,NA,NA,NA,NA,NA,7.1,9.2,0.5,-104.9911781,-1.832441744,32,10.75
17/03/1987,7.20602,NA,NA,NA,NA,NA,NA,NA,NA,NA,NA,NA,NA,NA,NA,NA,NA,NA,NA,NA,NA,NA,3.5,8.3,2.1,-75.63048967,-1.32000106,50,20.95833333
18/03/1987,7.20876,NA,NA,NA,NA,NA,NA,NA,NA,NA,NA,NA,NA,NA,NA,NA,NA,NA,NA,NA,NA,NA,3.3,4.3,-2.7,-18.91459491,-0.330121958,44,15.25
19/03/1987,7.21150,NA,NA,NA,NA,NA,NA,NA,NA,NA,NA,NA,NA,NA,NA,NA,NA,NA,NA,NA,NA,NA,11.4,2.8,-4.2,-21.78425973,-0.380207057,45,18.79166667
20/03/1987,7.21424,NA,NA,NA,NA,NA,NA,NA,NA,NA,NA,NA,NA,NA,NA,NA,NA,NA,NA,NA,NA,NA,2.4,2.6,-1.2,-42.09099448,-0.734626439,32,9.791666667
21/03/1987,7.21697,NA,NA,NA,NA,NA,NA,NA,NA,NA,NA,NA,NA,NA,NA,NA,NA,NA,NA,NA,NA,NA,2,3.9,-3,-138.5220777,-2.417666342,38,11.08333333
22/03/1987,7.21971,NA,NA,NA,NA,NA,NA,NA,NA,NA,NA,NA,NA,NA,NA,NA,NA,NA,NA,NA,NA,NA,4.2,5.9,0.1,-133.7191973,-2.333840267,35,8.041666667
23/03/1987,7.22245,NA,NA,NA,NA,NA,NA,NA,NA,NA,NA,NA,NA,NA,NA,NA,NA,NA,NA,NA,NA,NA,0.3,6.8,-2.3,-110.2869862,-1.924871031,13,4.333333333
24/03/1987,7.22519,NA,NA,NA,NA,NA,NA,NA,NA,NA,NA,NA,NA,NA,NA,NA,NA,NA,NA,NA,NA,NA,0,6,-2.8,93.20140771,1.626671432,20,6.458333333
25/03/1987,7.22793,NA,NA,NA,NA,NA,NA,NA,NA,NA,NA,NA,NA,NA,NA,NA,NA,NA,NA,NA,NA,NA,9.5,7.1,2.4,-157.0993963,-2.741901718,29,10.91666667
26/03/1987,7.23066,NA,NA,NA,NA,NA,NA,NA,NA,NA,NA,NA,NA,NA,NA,NA,NA,NA,NA,NA,NA,NA,4.3,8.1,0.9,-146.7073327,-2.560525993,31,8.083333333
27/03/1987,7.23340,NA,NA,NA,NA,NA,NA,NA,NA,NA,NA,NA,NA,NA,NA,NA,NA,NA,NA,NA,NA,NA,23.6,5.3,2.5,36.01454161,0.62857233,55,29.25
28/03/1987,7.23614,NA,NA,NA,NA,NA,NA,NA,NA,NA,NA,NA,NA,NA,NA,NA,NA,NA,NA,NA,NA,NA,7.5,5.1,-0.4,-4.574317214,-0.079836896,56,24.70833333
29/03/1987,7.23888,NA,NA,NA,NA,NA,NA,NA,NA,NA,NA,NA,NA,NA,NA,NA,NA,NA,NA,NA,NA,NA,4.1,8.7,-0.7,-72.15670882,-1.259372146,36,10.69565217
30/03/1987,7.24162,NA,NA,NA,NA,NA,NA,NA,NA,NA,NA,NA,NA,NA,NA,NA,NA,NA,NA,NA,NA,NA,1.9,9.9,3.7,-129.8231979,-2.26584225,37,12.95833333
31/03/1987,7.24435,NA,NA,NA,NA,NA,NA,NA,NA,NA,NA,NA,NA,NA,NA,NA,NA,NA,NA,NA,NA,NA,9.9,8.3,2.4,-88.25191542,-1.540286495,45,18
01/04/1987,7.24709,NA,NA,NA,NA,NA,NA,NA,NA,NA,NA,NA,NA,NA,NA,NA,NA,NA,NA,NA,NA,NA,0.8,7.7,0,-131.7954622,-2.300264755,22,7.458333333
02/04/1987,7.24983,NA,NA,NA,NA,NA,NA,NA,NA,NA,NA,NA,NA,NA,NA,NA,NA,NA,NA,NA,NA,NA,2.3,6.7,-0.5,-3.271737323,-0.057102589,26,5.25
03/04/1987,7.25257,NA,NA,NA,NA,NA,NA,NA,NA,NA,NA,NA,NA,NA,NA,NA,NA,NA,NA,NA,NA,NA,2,7,2,96.57570176,1.685563973,26,11.41666667
04/04/1987,7.25530,NA,NA,NA,NA,NA,NA,NA,NA,NA,NA,NA,NA,NA,NA,NA,NA,NA,NA,NA,NA,NA,0,7.1,5.3,77.51756641,1.352936762,32,15.25
05/04/1987,7.25804,NA,NA,NA,NA,NA,NA,NA,NA,NA,NA,NA,NA,NA,NA,NA,NA,NA,NA,NA,NA,NA,0,6.8,4.7,59.14976178,1.032358095,30,15.91666667
06/04/1987,7.26078,NA,NA,NA,NA,NA,NA,NA,NA,NA,NA,NA,NA,NA,NA,NA,NA,NA,NA,NA,NA,NA,0,9.8,1.7,97.10312168,1.694769187,19,7.625
07/04/1987,7.26352,NA,NA,NA,NA,NA,NA,NA,NA,NA,NA,NA,NA,NA,NA,NA,NA,NA,NA,NA,NA,NA,0,10,3.2,105.9427661,1.849050086,13,4.958333333
08/04/1987,7.26626,NA,NA,NA,NA,NA,NA,NA,NA,NA,NA,NA,NA,NA,NA,NA,NA,NA,NA,NA,NA,NA,0,6.4,4.4,77.98076526,1.361021107,16,6.291666667
09/04/1987,7.26899,NA,NA,NA,NA,NA,NA,NA,NA,NA,NA,NA,NA,NA,NA,NA,NA,NA,NA,NA,NA,NA,1,9.1,3.5,-120.5546582,-2.104075715,23,6.458333333
10/04/1987,7.27173,NA,NA,NA,NA,NA,NA,NA,NA,NA,NA,NA,NA,NA,NA,NA,NA,NA,NA,NA,NA,NA,11,7.4,0.4,-125.672466,-2.193398311,24,7.958333333
11/04/1987,7.27447,NA,NA,NA,NA,NA,NA,NA,NA,NA,NA,NA,NA,NA,NA,NA,NA,NA,NA,NA,NA,NA,0.4,10.3,0.9,-23.05038756,-0.402305157,17,6.041666667
12/04/1987,7.27721,NA,NA,NA,NA,NA,NA,NA,NA,NA,NA,NA,NA,NA,NA,NA,NA,NA,NA,NA,NA,NA,1.4,9.9,0.4,-142.6493197,-2.489700304,33,13.08333333
13/04/1987,7.27995,NA,NA,NA,NA,NA,NA,NA,NA,NA,NA,NA,NA,NA,NA,NA,NA,NA,NA,NA,NA,NA,6.5,10.8,6.4,-82.30100499,-1.436423515,33,11.04166667
14/04/1987,7.28268,NA,NA,NA,NA,NA,NA,NA,NA,NA,NA,NA,NA,NA,NA,NA,NA,NA,NA,NA,NA,NA,0.5,10.3,6.6,-153.7789265,-2.683948588,36,18
15/04/1987,7.28542,NA,NA,NA,NA,NA,NA,NA,NA,NA,NA,NA,NA,NA,NA,NA,NA,NA,NA,NA,NA,NA,1.3,10.1,5.6,-96.24181167,-1.679736492,29,13.375
16/04/1987,7.28816,NA,NA,NA,NA,NA,NA,NA,NA,NA,NA,NA,NA,NA,NA,NA,NA,NA,NA,NA,NA,NA,0,9.7,6.2,-108.3232144,-1.890596747,22,9.875
17/04/1987,7.29090,NA,NA,NA,NA,NA,NA,NA,NA,NA,NA,NA,NA,NA,NA,NA,NA,NA,NA,NA,NA,NA,0,11.6,3.6,126.0049267,2.199200844,NA,3.875
18/04/1987,7.29363,NA,NA,NA,NA,NA,NA,NA,NA,NA,NA,NA,NA,NA,NA,NA,NA,NA,NA,NA,NA,NA,0.7,11.5,5.1,-167.0509729,-2.915589496,NA,6.083333333
19/04/1987,7.29637,NA,NA,NA,NA,NA,NA,NA,NA,NA,NA,NA,NA,NA,NA,NA,NA,NA,NA,NA,NA,NA,3.5,9.8,7.4,-159.495403,-2.783719924,34,13.95833333
20/04/1987,7.29911,NA,NA,NA,NA,NA,NA,NA,NA,NA,NA,NA,NA,NA,NA,NA,NA,NA,NA,NA,NA,NA,2,10.7,5.3,-102.0821255,-1.781669197,29,13.20833333
21/04/1987,7.30185,NA,NA,NA,NA,NA,NA,NA,NA,NA,NA,NA,NA,NA,NA,NA,NA,NA,NA,NA,NA,NA,0.6,11.9,7.7,-133.2823281,-2.32621546,26,12.58333333
22/04/1987,7.30459,NA,NA,NA,NA,NA,NA,NA,NA,NA,NA,NA,NA,NA,NA,NA,NA,NA,NA,NA,NA,NA,0,12.2,7.3,-156.6492149,-2.734044571,26,11.625
23/04/1987,7.30732,NA,NA,NA,NA,NA,NA,NA,NA,NA,NA,NA,NA,NA,NA,NA,NA,NA,NA,NA,NA,NA,0.2,11.2,8,-168.3040059,-2.937459048,19,7.75
24/04/1987,7.31006,NA,NA,NA,NA,NA,NA,NA,NA,NA,NA,NA,NA,NA,NA,NA,NA,NA,NA,NA,NA,NA,0,14,4.6,141.7790751,2.47451167,NA,3.541666667
25/04/1987,7.31280,NA,NA,NA,NA,NA,NA,NA,NA,NA,NA,NA,NA,NA,NA,NA,NA,NA,NA,NA,NA,NA,0,15.4,6,45.95507964,0.802067448,NA,2.291666667
26/04/1987,7.31554,NA,NA,NA,NA,NA,NA,NA,NA,NA,NA,NA,NA,NA,NA,NA,NA,NA,NA,NA,NA,NA,0,14.5,7.5,-127.5914281,-2.226890518,NA,3.916666667
27/04/1987,7.31828,NA,NA,NA,NA,NA,NA,NA,NA,NA,NA,NA,NA,NA,NA,NA,NA,NA,NA,NA,NA,NA,0,12.6,5.8,-157.1462802,-2.742719996,NA,9.875
28/04/1987,7.32101,NA,NA,NA,NA,NA,NA,NA,NA,NA,NA,NA,NA,NA,NA,NA,NA,NA,NA,NA,NA,NA,0,13,8.3,-152.5462127,-2.662433673,20,9.583333333
29/04/1987,7.32375,NA,NA,NA,NA,NA,NA,NA,NA,NA,NA,NA,NA,NA,NA,NA,NA,NA,NA,NA,NA,NA,0,15.7,6.8,158.7198832,2.77018455,29,7.791666667
30/04/1987,7.32649,NA,NA,NA,NA,NA,NA,NA,NA,NA,NA,NA,NA,NA,NA,NA,NA,NA,NA,NA,NA,NA,8,11.2,4.9,-97.20918826,-1.696620398,NA,8.916666667
01/05/1987,7.32923,NA,NA,NA,NA,NA,NA,NA,NA,NA,NA,NA,NA,NA,NA,NA,NA,NA,NA,NA,NA,NA,6.2,10,1.3,-108.5574788,-1.894685433,41,10.45833333
02/05/1987,7.33196,NA,NA,NA,NA,NA,NA,NA,NA,NA,NA,NA,NA,NA,NA,NA,NA,NA,NA,NA,NA,NA,3.1,8.5,0.6,-2.96883151,-0.051815885,42,17
03/05/1987,7.33470,NA,NA,NA,NA,NA,NA,NA,NA,NA,NA,NA,NA,NA,NA,NA,NA,NA,NA,NA,NA,NA,0.8,7.5,2.1,-24.56073406,-0.428665676,30,11.125
04/05/1987,7.33744,NA,NA,NA,NA,NA,NA,NA,NA,NA,NA,NA,NA,NA,NA,NA,NA,NA,NA,NA,NA,NA,2.5,11.3,4.8,-101.5882734,-1.773049852,30,12.58333333
05/05/1987,7.34018,NA,NA,NA,NA,NA,NA,NA,NA,NA,NA,NA,NA,NA,NA,NA,NA,NA,NA,NA,NA,NA,0,12.4,8.2,-90.36078309,-1.57709318,30,13.875
06/05/1987,7.34292,NA,NA,NA,NA,NA,NA,NA,NA,NA,NA,NA,NA,NA,NA,NA,NA,NA,NA,NA,NA,NA,0,10.8,7.8,-132.9595202,-2.320581399,19,8.333333333
07/05/1987,7.34565,NA,NA,NA,NA,NA,NA,NA,NA,NA,NA,NA,NA,NA,NA,NA,NA,NA,NA,NA,NA,NA,0,12,7.4,-151.2394822,-2.639626923,25,12.70833333
08/05/1987,7.34839,NA,NA,NA,NA,NA,NA,NA,NA,NA,NA,NA,NA,NA,NA,NA,NA,NA,NA,NA,NA,NA,5.2,11.5,7.1,-115.9861964,-2.024341014,25,11.95833333
09/05/1987,7.35113,NA,NA,NA,NA,NA,NA,NA,NA,NA,NA,NA,NA,NA,NA,NA,NA,NA,NA,NA,NA,NA,1.6,10.5,5.8,-63.2503387,-1.103926663,24,12.04166667
10/05/1987,7.35387,NA,NA,NA,NA,NA,NA,NA,NA,NA,NA,NA,NA,NA,NA,NA,NA,NA,NA,NA,NA,NA,1.8,10,3,-70.24539969,-1.226013509,24,9.291666667
11/05/1987,7.35661,NA,NA,NA,NA,NA,NA,NA,NA,NA,NA,NA,NA,NA,NA,NA,NA,NA,NA,NA,NA,NA,8.6,9.8,6,16.4610997,0.287300388,NA,5.041666667
12/05/1987,7.35934,NA,NA,NA,NA,NA,NA,NA,NA,NA,NA,NA,NA,NA,NA,NA,NA,NA,NA,NA,NA,NA,2.8,10.1,4.9,-0.334124762,-0.005831577,32,12.54166667
13/05/1987,7.36208,NA,NA,NA,NA,NA,NA,NA,NA,NA,NA,NA,NA,NA,NA,NA,NA,NA,NA,NA,NA,NA,6.4,9.5,3.4,-44.24464225,-0.772214684,20,6.708333333
14/05/1987,7.36482,NA,NA,NA,NA,NA,NA,NA,NA,NA,NA,NA,NA,NA,NA,NA,NA,NA,NA,NA,NA,NA,2.1,9.8,4.7,46.08338571,0.804306811,25,14.20833333
15/05/1987,7.36756,NA,NA,NA,NA,NA,NA,NA,NA,NA,NA,NA,NA,NA,NA,NA,NA,NA,NA,NA,NA,NA,2.3,8.6,4.2,28.06421414,0.489812939,27,7.833333333
16/05/1987,7.37029,NA,NA,NA,NA,NA,NA,NA,NA,NA,NA,NA,NA,NA,NA,NA,NA,NA,NA,NA,NA,NA,0,10,0.1,-152.9674961,-2.669786456,NA,7.708333333
17/05/1987,7.37303,NA,NA,NA,NA,NA,NA,NA,NA,NA,NA,NA,NA,NA,NA,NA,NA,NA,NA,NA,NA,NA,3.1,11.4,6.8,-37.80415119,-0.659806909,21,10.25
18/05/1987,7.37577,NA,NA,NA,NA,NA,NA,NA,NA,NA,NA,NA,NA,NA,NA,NA,NA,NA,NA,NA,NA,NA,0.3,11.3,4.2,-43.30432734,-0.755803092,19,7.458333333
19/05/1987,7.37851,NA,NA,NA,NA,NA,NA,NA,NA,NA,NA,NA,NA,NA,NA,NA,NA,NA,NA,NA,NA,NA,0.7,12.3,7.6,13.76928216,0.240319309,17,8.125
20/05/1987,7.38125,NA,NA,NA,NA,NA,NA,NA,NA,NA,NA,NA,NA,NA,NA,NA,NA,NA,NA,NA,NA,NA,0,13,4.2,-25.10445062,-0.43815532,25,9.083333333
21/05/1987,7.38398,NA,NA,NA,NA,NA,NA,NA,NA,NA,NA,NA,NA,NA,NA,NA,NA,NA,NA,NA,NA,NA,0.1,12.4,6.3,-26.28257334,-0.458717441,27,12.25
22/05/1987,7.38672,NA,NA,NA,NA,NA,NA,NA,NA,NA,NA,NA,NA,NA,NA,NA,NA,NA,NA,NA,NA,NA,0,10.8,7.5,43.09073287,0.752075166,21,8.875
23/05/1987,7.38946,NA,NA,NA,NA,NA,NA,NA,NA,NA,NA,NA,NA,NA,NA,NA,NA,NA,NA,NA,NA,NA,0,9.5,6.6,52.50158149,0.916325459,28,13.375
24/05/1987,7.39220,NA,NA,NA,NA,NA,NA,NA,NA,NA,NA,NA,NA,NA,NA,NA,NA,NA,NA,NA,NA,NA,0,9.4,7.1,50,0.872664626,29,18.08333333
25/05/1987,7.39493,NA,NA,NA,NA,NA,NA,NA,NA,NA,NA,NA,NA,NA,NA,NA,NA,NA,NA,NA,NA,NA,0,17.7,6.5,75.47794774,1.317338701,25,7.291666667
26/05/1987,7.39767,NA,NA,NA,NA,NA,NA,NA,NA,NA,NA,NA,NA,NA,NA,NA,NA,NA,NA,NA,NA,NA,0,13.6,7.2,63.62828224,1.110523023,NA,6.791666667
27/05/1987,7.40041,NA,NA,NA,NA,NA,NA,NA,NA,NA,NA,NA,NA,NA,NA,NA,NA,NA,NA,NA,NA,NA,0,9.7,7.3,54.16460401,0.945350678,27,17.29166667
28/05/1987,7.40315,NA,NA,NA,NA,NA,NA,NA,NA,NA,NA,NA,NA,NA,NA,NA,NA,NA,NA,NA,NA,NA,0,10.4,6.7,51.68935216,0.902149383,20,8.166666667
29/05/1987,7.40589,NA,NA,NA,NA,NA,NA,NA,NA,NA,NA,NA,NA,NA,NA,NA,NA,NA,NA,NA,NA,NA,0.2,10,2,156.3772458,2.729297815,NA,4.75
30/05/1987,7.40862,NA,NA,NA,NA,NA,NA,NA,NA,NA,NA,NA,NA,NA,NA,NA,NA,NA,NA,NA,NA,NA,10.3,13.7,7.7,-172.0107629,-3.002154162,41,13.04166667
31/05/1987,7.41136,NA,NA,NA,NA,NA,NA,NA,NA,NA,NA,NA,NA,NA,NA,NA,NA,NA,NA,NA,NA,NA,5.6,13.6,9.7,-128.3907156,-2.240840716,23,9.833333333
01/06/1987,7.41410,NA,NA,NA,NA,NA,NA,NA,NA,NA,NA,NA,NA,NA,NA,NA,NA,NA,NA,NA,NA,NA,2.3,13.9,8.5,-74.88601683,-1.307007557,19,7
02/06/1987,7.41684,NA,NA,NA,NA,NA,NA,NA,NA,NA,NA,NA,NA,NA,NA,NA,NA,NA,NA,NA,NA,NA,0,11.4,3.3,38.12140635,0.665344056,NA,7.458333333
03/06/1987,7.41958,NA,NA,NA,NA,NA,NA,NA,NA,NA,NA,NA,NA,NA,NA,NA,NA,NA,NA,NA,NA,NA,0,12.7,8.2,71.18738767,1.242454301,18,10
04/06/1987,7.42231,NA,NA,NA,NA,NA,NA,NA,NA,NA,NA,NA,NA,NA,NA,NA,NA,NA,NA,NA,NA,NA,0,11.5,8.8,58.74781544,1.025342808,17,9.208333333
05/06/1987,7.42505,NA,NA,NA,NA,NA,NA,NA,NA,NA,NA,NA,NA,NA,NA,NA,NA,NA,NA,NA,NA,NA,4.5,13,8.8,112.0909817,1.956356692,NA,8.208333333
06/06/1987,7.42779,NA,NA,NA,NA,NA,NA,NA,NA,NA,NA,NA,NA,NA,NA,NA,NA,NA,NA,NA,NA,NA,9.5,10.7,7.3,49.39199664,0.862052966,37,22.16666667
07/06/1987,7.43053,NA,NA,NA,NA,NA,NA,NA,NA,NA,NA,NA,NA,NA,NA,NA,NA,NA,NA,NA,NA,NA,4.9,9.8,7.9,15.42676746,0.269247885,36,21.375
08/06/1987,7.43326,NA,NA,NA,NA,NA,NA,NA,NA,NA,NA,NA,NA,NA,NA,NA,NA,NA,NA,NA,NA,NA,2.6,10.5,6.7,0.486605295,0.008492865,26,12.95833333
09/06/1987,7.43600,NA,NA,NA,NA,NA,NA,NA,NA,NA,NA,NA,NA,NA,NA,NA,NA,NA,NA,NA,NA,NA,1.8,10.1,6.3,7.134260551,0.124516336,30,10.70833333
10/06/1987,7.43874,NA,NA,NA,NA,NA,NA,NA,NA,NA,NA,NA,NA,NA,NA,NA,NA,NA,NA,NA,NA,NA,0.9,10.4,6.5,34.2387448,0.597578829,23,13.08333333
11/06/1987,7.44148,NA,NA,NA,NA,NA,NA,NA,NA,NA,NA,NA,NA,NA,NA,NA,NA,NA,NA,NA,NA,NA,1.9,11.5,5.4,11.75228512,0.20511607,18,8.125
12/06/1987,7.44422,NA,NA,NA,NA,NA,NA,NA,NA,NA,NA,NA,NA,NA,NA,NA,NA,NA,NA,NA,NA,NA,0.3,10.8,2.2,-6.047112543,-0.105542024,19,7.291666667
13/06/1987,7.44695,NA,NA,NA,NA,NA,NA,NA,NA,NA,NA,NA,NA,NA,NA,NA,NA,NA,NA,NA,NA,NA,8.5,9,1.9,4.911862591,0.085728175,19,6.375
14/06/1987,7.44969,NA,NA,NA,NA,NA,NA,NA,NA,NA,NA,NA,NA,NA,NA,NA,NA,NA,NA,NA,NA,NA,3.1,11.1,1.7,15.08872559,0.263347942,17,6.25
15/06/1987,7.45243,NA,NA,NA,NA,NA,NA,NA,NA,NA,NA,NA,NA,NA,NA,NA,NA,NA,NA,NA,NA,NA,0,12,5.8,31.22928799,0.545053898,NA,4.416666667
16/06/1987,7.45517,NA,NA,NA,NA,NA,NA,NA,NA,NA,NA,NA,NA,NA,NA,NA,NA,NA,NA,NA,NA,NA,0,13,4.5,63.65364143,1.110965624,NA,4.583333333
17/06/1987,7.45791,NA,NA,NA,NA,NA,NA,NA,NA,NA,NA,NA,NA,NA,NA,NA,NA,NA,NA,NA,NA,NA,0,12.5,7.2,22.87058585,0.399167025,16,5.333333333
18/06/1987,7.46064,NA,NA,NA,NA,NA,NA,NA,NA,NA,NA,NA,NA,NA,NA,NA,NA,NA,NA,NA,NA,NA,0,11.4,7.9,-5.33617185,-0.093133768,12,3.791666667
19/06/1987,7.46338,NA,NA,NA,NA,NA,NA,NA,NA,NA,NA,NA,NA,NA,NA,NA,NA,NA,NA,NA,NA,NA,0,12.1,7.9,-1.930117893,-0.033686912,23,7.375
20/06/1987,7.46612,NA,NA,NA,NA,NA,NA,NA,NA,NA,NA,NA,NA,NA,NA,NA,NA,NA,NA,NA,NA,NA,0,12.6,7.1,-164.227253,-2.866306287,NA,3.208333333
21/06/1987,7.46886,NA,NA,NA,NA,NA,NA,NA,NA,NA,NA,NA,NA,NA,NA,NA,NA,NA,NA,NA,NA,NA,0.1,13,5.7,174.300971,3.042125833,NA,3.875
22/06/1987,7.47159,NA,NA,NA,NA,NA,NA,NA,NA,NA,NA,NA,NA,NA,NA,NA,NA,NA,NA,NA,NA,NA,0.1,15.4,8.7,92.37632102,1.612270953,NA,2.458333333
23/06/1987,7.47433,NA,NA,NA,NA,NA,NA,NA,NA,NA,NA,NA,NA,NA,NA,NA,NA,NA,NA,NA,NA,NA,9.7,14,10.8,30.6969259,0.535762427,NA,4.458333333
24/06/1987,7.47707,NA,NA,NA,NA,NA,NA,NA,NA,NA,NA,NA,NA,NA,NA,NA,NA,NA,NA,NA,NA,NA,0,13.1,7,-30.87472522,-0.538865611,17,5.875
25/06/1987,7.47981,NA,NA,NA,NA,NA,NA,NA,NA,NA,NA,NA,NA,NA,NA,NA,NA,NA,NA,NA,NA,NA,0,12,8.6,35.91536528,0.626841376,21,10.66666667
26/06/1987,7.48255,NA,NA,NA,NA,NA,NA,NA,NA,NA,NA,NA,NA,NA,NA,NA,NA,NA,NA,NA,NA,NA,0,12.9,9.1,52.29179935,0.91266407,17,9.916666667
27/06/1987,7.48528,NA,NA,NA,NA,NA,NA,NA,NA,NA,NA,NA,NA,NA,NA,NA,NA,NA,NA,NA,NA,NA,0,15.2,9.3,80.17474347,1.399313251,22,7.958333333
28/06/1987,7.48802,NA,NA,NA,NA,NA,NA,NA,NA,NA,NA,NA,NA,NA,NA,NA,NA,NA,NA,NA,NA,NA,0.9,18.3,11.7,-147.1781071,-2.568742555,30,11.91666667
29/06/1987,7.49076,NA,NA,NA,NA,NA,NA,NA,NA,NA,NA,NA,NA,NA,NA,NA,NA,NA,NA,NA,NA,NA,0,18,11.2,-167.5047687,-2.923509727,25,10.83333333
30/06/1987,7.49350,NA,NA,NA,NA,NA,NA,NA,NA,NA,NA,NA,NA,NA,NA,NA,NA,NA,NA,NA,NA,NA,2.7,15.6,11.5,-145.438178,-2.538375065,41,19.91666667
01/07/1987,7.49624,NA,NA,NA,NA,NA,NA,NA,NA,NA,NA,NA,NA,NA,NA,NA,NA,NA,NA,NA,NA,NA,6.2,13.8,11,-91.59807018,-1.598687913,32,15.125
02/07/1987,7.49897,NA,NA,NA,NA,NA,NA,NA,NA,NA,NA,NA,NA,NA,NA,NA,NA,NA,NA,NA,NA,NA,0.9,14.3,9.7,-136.9737323,-2.390642618,21,8.291666667
03/07/1987,7.50171,NA,NA,NA,NA,NA,NA,NA,NA,NA,NA,NA,NA,NA,NA,NA,NA,NA,NA,NA,NA,NA,5.7,13.1,10,-160,-2.792526803,29,13.83333333
04/07/1987,7.50445,NA,NA,NA,NA,NA,NA,NA,NA,NA,NA,NA,NA,NA,NA,NA,NA,NA,NA,NA,NA,NA,0.3,16.5,12.3,-145.452101,-2.538618066,40,15.79166667
05/07/1987,7.50719,NA,NA,NA,NA,NA,NA,NA,NA,NA,NA,NA,NA,NA,NA,NA,NA,NA,NA,NA,NA,NA,1.9,16,11.6,-171.6090882,-2.995143615,25,10.33333333
06/07/1987,7.50992,NA,NA,NA,NA,NA,NA,NA,NA,NA,NA,NA,NA,NA,NA,NA,NA,NA,NA,NA,NA,NA,0.1,17.1,10.5,-123.8331174,-2.161295622,21,9.041666667
07/07/1987,7.51266,NA,NA,NA,NA,NA,NA,NA,NA,NA,NA,NA,NA,NA,NA,NA,NA,NA,NA,NA,NA,NA,0,14.9,8.9,-94.66528686,-1.652220943,20,6.166666667
08/07/1987,7.51540,NA,NA,NA,NA,NA,NA,NA,NA,NA,NA,NA,NA,NA,NA,NA,NA,NA,NA,NA,NA,NA,0.7,15.2,9,-82.74557278,-1.444182686,27,10.125
09/07/1987,7.51814,NA,NA,NA,NA,NA,NA,NA,NA,NA,NA,NA,NA,NA,NA,NA,NA,NA,NA,NA,NA,NA,0.2,13,5.6,26.99350525,0.471125543,NA,4.291666667
10/07/1987,7.52088,NA,NA,NA,NA,NA,NA,NA,NA,NA,NA,NA,NA,NA,NA,NA,NA,NA,NA,NA,NA,NA,2,13.6,10.4,142.1526752,2.481032223,16,5.916666667
11/07/1987,7.52361,NA,NA,NA,NA,NA,NA,NA,NA,NA,NA,NA,NA,NA,NA,NA,NA,NA,NA,NA,NA,NA,3.2,17.1,11.8,-119.1689673,-2.079890846,19,8
12/07/1987,7.52635,NA,NA,NA,NA,NA,NA,NA,NA,NA,NA,NA,NA,NA,NA,NA,NA,NA,NA,NA,NA,NA,0.2,13.2,10.4,50.35561349,0.878871252,19,7.25
13/07/1987,7.52909,NA,NA,NA,NA,NA,NA,NA,NA,NA,NA,NA,NA,NA,NA,NA,NA,NA,NA,NA,NA,NA,0.3,15.7,10.9,157.1306652,2.742447464,23,7.041666667
14/07/1987,7.53183,NA,NA,NA,NA,NA,NA,NA,NA,NA,NA,NA,NA,NA,NA,NA,NA,NA,NA,NA,NA,NA,1.9,19.3,12.3,163.2189777,2.848708563,20,6.291666667
15/07/1987,7.53457,NA,NA,NA,NA,NA,NA,NA,NA,NA,NA,NA,NA,NA,NA,NA,NA,NA,NA,NA,NA,NA,10.6,16.1,12.9,141.6518661,2.472291456,16,3.916666667
16/07/1987,7.53730,NA,NA,NA,NA,NA,NA,NA,NA,NA,NA,NA,NA,NA,NA,NA,NA,NA,NA,NA,NA,NA,0.5,16.2,10.8,-179.6795442,-3.135999645,20,8.041666667
17/07/1987,7.54004,NA,NA,NA,NA,NA,NA,NA,NA,NA,NA,NA,NA,NA,NA,NA,NA,NA,NA,NA,NA,NA,5.9,14.4,11,26.59865886,0.464234174,19,8.208333333
18/07/1987,7.54278,NA,NA,NA,NA,NA,NA,NA,NA,NA,NA,NA,NA,NA,NA,NA,NA,NA,NA,NA,NA,NA,0,14.9,12.3,55.24292268,0.964170889,32,15.95833333
19/07/1987,7.54552,NA,NA,NA,NA,NA,NA,NA,NA,NA,NA,NA,NA,NA,NA,NA,NA,NA,NA,NA,NA,NA,0,15.4,12.1,53.34248877,0.93100206,28,11.75
20/07/1987,7.54825,NA,NA,NA,NA,NA,NA,NA,NA,NA,NA,NA,NA,NA,NA,NA,NA,NA,NA,NA,NA,NA,0,15,11.5,23.91427519,0.41738284,21,9.625
21/07/1987,7.55099,NA,NA,NA,NA,NA,NA,NA,NA,NA,NA,NA,NA,NA,NA,NA,NA,NA,NA,NA,NA,NA,0,13.2,11.1,34.99351419,0.610752039,14,7.708333333
22/07/1987,7.55373,NA,NA,NA,NA,NA,NA,NA,NA,NA,NA,NA,NA,NA,NA,NA,NA,NA,NA,NA,NA,NA,0,14.8,9.7,35.45751896,0.618850451,13,5.291666667
23/07/1987,7.55647,NA,NA,NA,NA,NA,NA,NA,NA,NA,NA,NA,NA,NA,NA,NA,NA,NA,NA,NA,NA,NA,0,16.7,11.6,-70.57713102,-1.231803313,17,6
24/07/1987,7.55921,NA,NA,NA,NA,NA,NA,NA,NA,NA,NA,NA,NA,NA,NA,NA,NA,NA,NA,NA,NA,NA,1.3,14.8,11,-28.91625683,-0.504683889,25,10.70833333
25/07/1987,7.56194,NA,NA,NA,NA,NA,NA,NA,NA,NA,NA,NA,NA,NA,NA,NA,NA,NA,NA,NA,NA,NA,0,13.6,7.4,-18.36632338,-0.320552814,23,8.5
26/07/1987,7.56468,NA,NA,NA,NA,NA,NA,NA,NA,NA,NA,NA,NA,NA,NA,NA,NA,NA,NA,NA,NA,NA,3.9,15.8,8.1,-93.65227247,-1.634540507,25,9.583333333
27/07/1987,7.56742,NA,NA,NA,NA,NA,NA,NA,NA,NA,NA,NA,NA,NA,NA,NA,NA,NA,NA,NA,NA,NA,0.7,13.7,10.7,24.90050309,0.434595764,NA,5.416666667
28/07/1987,7.57016,NA,NA,NA,NA,NA,NA,NA,NA,NA,NA,NA,NA,NA,NA,NA,NA,NA,NA,NA,NA,NA,2,15.5,10.3,-177.086029,-3.090734266,15,5.041666667
29/07/1987,7.57290,NA,NA,NA,NA,NA,NA,NA,NA,NA,NA,NA,NA,NA,NA,NA,NA,NA,NA,NA,NA,NA,0.2,15.5,12,-31.36464634,-0.547416347,17,6.041666667
30/07/1987,7.57563,NA,NA,NA,NA,NA,NA,NA,NA,NA,NA,NA,NA,NA,NA,NA,NA,NA,NA,NA,NA,NA,3.7,15.5,11.1,-98.96099324,-1.727195163,21,8.291666667
31/07/1987,7.57837,NA,NA,NA,NA,NA,NA,NA,NA,NA,NA,NA,NA,NA,NA,NA,NA,NA,NA,NA,NA,NA,12.1,16.3,11.2,-92.45727408,-1.61368385,43,12.66666667
01/08/1987,7.58111,NA,NA,NA,NA,NA,NA,NA,NA,NA,NA,NA,NA,NA,NA,NA,NA,NA,NA,NA,NA,NA,1.3,15.3,10.3,-72.06138979,-1.257708515,30,12.16666667
02/08/1987,7.58385,NA,NA,NA,NA,NA,NA,NA,NA,NA,NA,NA,NA,NA,NA,NA,NA,NA,NA,NA,NA,NA,0.2,15.3,9.6,-60.60525801,-1.057761296,20,6.708333333
03/08/1987,7.58658,NA,NA,NA,NA,NA,NA,NA,NA,NA,NA,NA,NA,NA,NA,NA,NA,NA,NA,NA,NA,NA,6.1,14.8,9,-12.30155504,-0.214702639,19,6.5
04/08/1987,7.58932,NA,NA,NA,NA,NA,NA,NA,NA,NA,NA,NA,NA,NA,NA,NA,NA,NA,NA,NA,NA,NA,0.4,14.4,7.3,-21.17143845,-0.369511308,21,6.791666667
05/08/1987,7.59206,NA,NA,NA,NA,NA,NA,NA,NA,NA,NA,NA,NA,NA,NA,NA,NA,NA,NA,NA,NA,NA,0.2,15.1,5.2,-44.41682197,-0.775219787,NA,6.666666667
06/08/1987,7.59480,NA,NA,NA,NA,NA,NA,NA,NA,NA,NA,NA,NA,NA,NA,NA,NA,NA,NA,NA,NA,NA,0,13.2,5.5,-21.50072487,-0.375258441,23,9.291666667
07/08/1987,7.59754,NA,NA,NA,NA,NA,NA,NA,NA,NA,NA,NA,NA,NA,NA,NA,NA,NA,NA,NA,NA,NA,1.1,11.8,9.7,-7.918369369,-0.138201617,27,12.29166667
08/08/1987,7.60027,NA,NA,NA,NA,NA,NA,NA,NA,NA,NA,NA,NA,NA,NA,NA,NA,NA,NA,NA,NA,NA,0.3,13.3,10.2,21.06692801,0.367687257,12,4.208333333
09/08/1987,7.60301,NA,NA,NA,NA,NA,NA,NA,NA,NA,NA,NA,NA,NA,NA,NA,NA,NA,NA,NA,NA,NA,0,14,9.8,-32.94012587,-0.574913652,NA,3
10/08/1987,7.60575,NA,NA,NA,NA,NA,NA,NA,NA,NA,NA,NA,NA,NA,NA,NA,NA,NA,NA,NA,NA,NA,0.1,12.3,10.4,-128.8202416,-2.248337359,NA,2.875
11/08/1987,7.60849,NA,NA,NA,NA,NA,NA,NA,NA,NA,NA,NA,NA,NA,NA,NA,NA,NA,NA,NA,NA,NA,1.2,17.5,6.4,86.57247006,1.510974644,NA,4.958333333
12/08/1987,7.61123,NA,NA,NA,NA,NA,NA,NA,NA,NA,NA,NA,NA,NA,NA,NA,NA,NA,NA,NA,NA,NA,2.5,17.9,13,139.493284,2.434617091,18,5.458333333
13/08/1987,7.61396,NA,NA,NA,NA,NA,NA,NA,NA,NA,NA,NA,NA,NA,NA,NA,NA,NA,NA,NA,NA,NA,9,14.8,12.4,-172.0349881,-3.002576971,38,17.08333333
14/08/1987,7.61670,NA,NA,NA,NA,NA,NA,NA,NA,NA,NA,NA,NA,NA,NA,NA,NA,NA,NA,NA,NA,NA,1.3,16.4,12.4,-118.1718505,-2.062487875,24,9.166666667
15/08/1987,7.61944,NA,NA,NA,NA,NA,NA,NA,NA,NA,NA,NA,NA,NA,NA,NA,NA,NA,NA,NA,NA,NA,1.1,15.8,12.3,-171.6961245,-2.996662685,NA,7
16/08/1987,7.62218,NA,NA,NA,NA,NA,NA,NA,NA,NA,NA,NA,NA,NA,NA,NA,NA,NA,NA,NA,NA,NA,4.2,18.7,13.1,-149.0123081,-2.600755402,21,9.75
17/08/1987,7.62491,NA,NA,NA,NA,NA,NA,NA,NA,NA,NA,NA,NA,NA,NA,NA,NA,NA,NA,NA,NA,NA,0,18.2,13,-141.5499015,-2.470511836,20,9.583333333
18/08/1987,7.62765,NA,NA,NA,NA,NA,NA,NA,NA,NA,NA,NA,NA,NA,NA,NA,NA,NA,NA,NA,NA,NA,0,16.4,11.5,-99.30854614,-1.733261105,30,7
19/08/1987,7.63039,NA,NA,NA,NA,NA,NA,NA,NA,NA,NA,NA,NA,NA,NA,NA,NA,NA,NA,NA,NA,NA,2.1,16.2,11,165.7086935,2.8921623,NA,4.375
20/08/1987,7.63313,NA,NA,NA,NA,NA,NA,NA,NA,NA,NA,NA,NA,NA,NA,NA,NA,NA,NA,NA,NA,NA,31.4,14.7,12.4,-161.9885612,-2.827233744,26,7.791666667
21/08/1987,7.63587,NA,NA,NA,NA,NA,NA,NA,NA,NA,NA,NA,NA,NA,NA,NA,NA,NA,NA,NA,NA,NA,0.3,16.6,11.1,-132.5445351,-2.313338543,24,10.79166667
22/08/1987,7.63860,NA,NA,NA,NA,NA,NA,NA,NA,NA,NA,NA,NA,NA,NA,NA,NA,NA,NA,NA,NA,NA,1.9,14.5,10.8,-132.7099912,-2.316226297,11,2.916666667
23/08/1987,7.64134,NA,NA,NA,NA,NA,NA,NA,NA,NA,NA,NA,NA,NA,NA,NA,NA,NA,NA,NA,NA,NA,0,14.3,10.5,48.97036283,0.854694067,26,11.5
24/08/1987,7.64408,NA,NA,NA,NA,NA,NA,NA,NA,NA,NA,NA,NA,NA,NA,NA,NA,NA,NA,NA,NA,NA,0,13.6,10.8,55.80154693,0.973920722,21,11.29166667
25/08/1987,7.64682,NA,NA,NA,NA,NA,NA,NA,NA,NA,NA,NA,NA,NA,NA,NA,NA,NA,NA,NA,NA,NA,0,13.1,5.6,-8.879398037,-0.154974731,NA,3.166666667
26/08/1987,7.64956,NA,NA,NA,NA,NA,NA,NA,NA,NA,NA,NA,NA,NA,NA,NA,NA,NA,NA,NA,NA,NA,0.2,13.7,9.7,15.39162206,0.268634482,26,14.625
27/08/1987,7.65229,NA,NA,NA,NA,NA,NA,NA,NA,NA,NA,NA,NA,NA,NA,NA,NA,NA,NA,NA,NA,NA,1.3,15.3,6.9,-91.89560078,-1.603880802,21,6.791666667
28/08/1987,7.65503,NA,NA,NA,NA,NA,NA,NA,NA,NA,NA,NA,NA,NA,NA,NA,NA,NA,NA,NA,NA,NA,4.1,14.3,11.4,-33.52245619,-0.585077234,13,5.083333333
29/08/1987,7.65777,NA,NA,NA,NA,NA,NA,NA,NA,NA,NA,NA,NA,NA,NA,NA,NA,NA,NA,NA,NA,NA,0.3,14.4,9.3,-128.6638583,-2.245607955,30,9.75
30/08/1987,7.66051,NA,NA,NA,NA,NA,NA,NA,NA,NA,NA,NA,NA,NA,NA,NA,NA,NA,NA,NA,NA,NA,0.2,14.5,9,28.17851733,0.491807906,30,6.25
31/08/1987,7.66324,NA,NA,NA,NA,NA,NA,NA,NA,NA,NA,NA,NA,NA,NA,NA,NA,NA,NA,NA,NA,NA,0,15.7,8.7,172.742423,3.01492404,28,10.29166667
01/09/1987,7.66598,NA,NA,NA,NA,NA,NA,NA,NA,NA,NA,NA,NA,NA,NA,NA,NA,NA,NA,NA,NA,NA,0.4,16.8,9.5,-114.6501865,-2.001023243,33,10.91666667
02/09/1987,7.66872,NA,NA,NA,NA,NA,NA,NA,NA,NA,NA,NA,NA,NA,NA,NA,NA,NA,NA,NA,NA,NA,0.1,13.7,7,-176.9222884,-3.087876453,18,6.333333333
03/09/1987,7.67146,NA,NA,NA,NA,NA,NA,NA,NA,NA,NA,NA,NA,NA,NA,NA,NA,NA,NA,NA,NA,NA,4.1,17,12.5,177.0571745,3.090230659,45,17.79166667
04/09/1987,7.67420,NA,NA,NA,NA,NA,NA,NA,NA,NA,NA,NA,NA,NA,NA,NA,NA,NA,NA,NA,NA,NA,2.2,15.4,11.3,-159.7890476,-2.78884499,41,21.33333333
05/09/1987,7.67693,NA,NA,NA,NA,NA,NA,NA,NA,NA,NA,NA,NA,NA,NA,NA,NA,NA,NA,NA,NA,NA,4.5,17.1,11.4,-164.6833716,-2.874267058,37,11.16666667
06/09/1987,7.67967,NA,NA,NA,NA,NA,NA,NA,NA,NA,NA,NA,NA,NA,NA,NA,NA,NA,NA,NA,NA,NA,1.6,14.5,10.6,-137.4856207,-2.399576755,24,9.583333333
07/09/1987,7.68241,NA,NA,NA,NA,NA,NA,NA,NA,NA,NA,NA,NA,NA,NA,NA,NA,NA,NA,NA,NA,NA,0.7,15.3,10,-97.3131698,-1.698435219,28,11.70833333
08/09/1987,7.68515,NA,NA,NA,NA,NA,NA,NA,NA,NA,NA,NA,NA,NA,NA,NA,NA,NA,NA,NA,NA,NA,1.2,14.3,7.8,-110.4073267,-1.926971369,25,9.458333333
09/09/1987,7.68789,NA,NA,NA,NA,NA,NA,NA,NA,NA,NA,NA,NA,NA,NA,NA,NA,NA,NA,NA,NA,NA,4.3,16.2,9.6,-140.1221008,-2.445592013,30,13.91666667
10/09/1987,7.69062,NA,NA,NA,NA,NA,NA,NA,NA,NA,NA,NA,NA,NA,NA,NA,NA,NA,NA,NA,NA,NA,18.9,12.2,7.3,-131.6243189,-2.29727774,34,9.375
11/09/1987,7.69336,NA,NA,NA,NA,NA,NA,NA,NA,NA,NA,NA,NA,NA,NA,NA,NA,NA,NA,NA,NA,NA,1.9,15.4,9.5,-136.8901599,-2.389184004,23,8.666666667
12/09/1987,7.69610,NA,NA,NA,NA,NA,NA,NA,NA,NA,NA,NA,NA,NA,NA,NA,NA,NA,NA,NA,NA,NA,14.1,14.6,9.9,-142.297844,-2.483565896,36,14.875
13/09/1987,7.69884,NA,NA,NA,NA,NA,NA,NA,NA,NA,NA,NA,NA,NA,NA,NA,NA,NA,NA,NA,NA,NA,4.6,14.8,9.5,-130,-2.268928028,45,22.83333333
14/09/1987,7.70157,NA,NA,NA,NA,NA,NA,NA,NA,NA,NA,NA,NA,NA,NA,NA,NA,NA,NA,NA,NA,NA,6.5,13.7,8.3,-89.1393076,-1.555774411,41,18.625
15/09/1987,7.70431,NA,NA,NA,NA,NA,NA,NA,NA,NA,NA,NA,NA,NA,NA,NA,NA,NA,NA,NA,NA,NA,2,14,3.9,-119.1421338,-2.079422513,NA,6
16/09/1987,7.70705,NA,NA,NA,NA,NA,NA,NA,NA,NA,NA,NA,NA,NA,NA,NA,NA,NA,NA,NA,NA,NA,0,15,7.2,-155.8427904,-2.719969807,31,13.58333333
17/09/1987,7.70979,NA,NA,NA,NA,NA,NA,NA,NA,NA,NA,NA,NA,NA,NA,NA,NA,NA,NA,NA,NA,NA,4.4,14.1,8.5,-135.6282788,-2.367160024,42,14.29166667
18/09/1987,7.71253,NA,NA,NA,NA,NA,NA,NA,NA,NA,NA,NA,NA,NA,NA,NA,NA,NA,NA,NA,NA,NA,4.8,12,6.3,-99.501698,-1.736632241,39,14.375
19/09/1987,7.71526,NA,NA,NA,NA,NA,NA,NA,NA,NA,NA,NA,NA,NA,NA,NA,NA,NA,NA,NA,NA,NA,10.4,12.9,8.3,-156.6372798,-2.733836264,28,7.833333333
20/09/1987,7.71800,NA,NA,NA,NA,NA,NA,NA,NA,NA,NA,NA,NA,NA,NA,NA,NA,NA,NA,NA,NA,NA,0.8,12.7,8,123.8553649,2.161683914,22,8.166666667
21/09/1987,7.72074,NA,NA,NA,NA,NA,NA,NA,NA,NA,NA,NA,NA,NA,NA,NA,NA,NA,NA,NA,NA,NA,21.8,14.3,10.1,-122.129821,-2.131567491,28,8.333333333
22/09/1987,7.72348,NA,NA,NA,NA,NA,NA,NA,NA,NA,NA,NA,NA,NA,NA,NA,NA,NA,NA,NA,NA,NA,16.4,14.4,8.3,-138.8335109,-2.423101877,42,16.625
23/09/1987,7.72621,NA,NA,NA,NA,NA,NA,NA,NA,NA,NA,NA,NA,NA,NA,NA,NA,NA,NA,NA,NA,NA,6.2,13.5,9.9,-140.2311355,-2.447495028,39,21.125
24/09/1987,7.72895,NA,NA,NA,NA,NA,NA,NA,NA,NA,NA,NA,NA,NA,NA,NA,NA,NA,NA,NA,NA,NA,3.5,12.1,6.5,-58.4781724,-1.020636649,30,12.625
25/09/1987,7.73169,NA,NA,NA,NA,NA,NA,NA,NA,NA,NA,NA,NA,NA,NA,NA,NA,NA,NA,NA,NA,NA,5.3,9.9,3.8,-33.29433385,-0.581095748,34,11.33333333
26/09/1987,7.73443,NA,NA,NA,NA,NA,NA,NA,NA,NA,NA,NA,NA,NA,NA,NA,NA,NA,NA,NA,NA,NA,2,10.6,5.9,-15.70573242,-0.274116742,NA,8.166666667
27/09/1987,7.73717,NA,NA,NA,NA,NA,NA,NA,NA,NA,NA,NA,NA,NA,NA,NA,NA,NA,NA,NA,NA,NA,0.6,11.7,3.9,-101.1969024,-1.766219139,NA,3.166666667
28/09/1987,7.73990,NA,NA,NA,NA,NA,NA,NA,NA,NA,NA,NA,NA,NA,NA,NA,NA,NA,NA,NA,NA,NA,0,13.4,6,-138.5376644,-2.417938383,21,7.166666667
29/09/1987,7.74264,NA,NA,NA,NA,NA,NA,NA,NA,NA,NA,NA,NA,NA,NA,NA,NA,NA,NA,NA,NA,NA,0.1,14,9.7,-166.6356686,-2.908341068,NA,6.1
30/09/1987,7.74538,NA,NA,NA,NA,NA,NA,NA,NA,NA,NA,NA,NA,NA,NA,NA,NA,NA,NA,NA,NA,NA,0,12.7,9.9,139.6039045,2.436547782,34,12.54166667
01/10/1987,7.74812,NA,NA,NA,NA,NA,NA,NA,NA,NA,NA,NA,NA,NA,NA,NA,NA,NA,NA,NA,NA,NA,2.6,14.3,11,128.3028849,2.239307781,30,6.916666667
02/10/1987,7.75086,NA,NA,NA,NA,NA,NA,NA,NA,NA,NA,NA,NA,NA,NA,NA,NA,NA,NA,NA,NA,NA,0,13.2,7.4,46.31199532,0.808296801,NA,4.625
03/10/1987,7.75359,NA,NA,NA,NA,NA,NA,NA,NA,NA,NA,NA,NA,NA,NA,NA,NA,NA,NA,NA,NA,NA,0,12.7,5.2,123.262523,2.151336871,NA,3.958333333
04/10/1987,7.75633,NA,NA,NA,NA,NA,NA,NA,NA,NA,NA,NA,NA,NA,NA,NA,NA,NA,NA,NA,NA,NA,0,13.6,5.3,168.7685607,2.945567058,22,6.541666667
05/10/1987,7.75907,NA,NA,NA,NA,NA,NA,NA,NA,NA,NA,NA,NA,NA,NA,NA,NA,NA,NA,NA,NA,NA,22.8,12.5,9.2,169.4047673,2.956670958,33,12.625
06/10/1987,7.76181,NA,NA,NA,NA,NA,NA,NA,NA,NA,NA,NA,NA,NA,NA,NA,NA,NA,NA,NA,NA,NA,10.1,10.3,4.8,-143.6098323,-2.506464412,28,8.791666667
07/10/1987,7.76454,NA,NA,NA,NA,NA,NA,NA,NA,NA,NA,NA,NA,NA,NA,NA,NA,NA,NA,NA,NA,NA,3.1,8.9,3.6,41.7869804,0.729320392,41,12.58333333
08/10/1987,7.76728,NA,NA,NA,NA,NA,NA,NA,NA,NA,NA,NA,NA,NA,NA,NA,NA,NA,NA,NA,NA,NA,19.7,8.4,3.2,-47.98793627,-0.837547489,46,15.58333333
09/10/1987,7.77002,NA,NA,NA,NA,NA,NA,NA,NA,NA,NA,NA,NA,NA,NA,NA,NA,NA,NA,NA,NA,NA,2.3,9.1,0.8,-153.1323419,-2.672663558,NA,4.208333333
10/10/1987,7.77276,NA,NA,NA,NA,NA,NA,NA,NA,NA,NA,NA,NA,NA,NA,NA,NA,NA,NA,NA,NA,NA,0.8,8.9,2.2,-32.85926834,-0.573502422,18,6.833333333
11/10/1987,7.77550,NA,NA,NA,NA,NA,NA,NA,NA,NA,NA,NA,NA,NA,NA,NA,NA,NA,NA,NA,NA,NA,0,9.6,2,-131.5824161,-2.296546399,19,4.583333333
12/10/1987,7.77823,NA,NA,NA,NA,NA,NA,NA,NA,NA,NA,NA,NA,NA,NA,NA,NA,NA,NA,NA,NA,NA,0,11.3,7,141.0264904,2.46137659,24,10.375
13/10/1987,7.78097,NA,NA,NA,NA,NA,NA,NA,NA,NA,NA,NA,NA,NA,NA,NA,NA,NA,NA,NA,NA,NA,0,11.2,6.9,115.380483,2.013769322,17,8.041666667
14/10/1987,7.78371,NA,NA,NA,NA,NA,NA,NA,NA,NA,NA,NA,NA,NA,NA,NA,NA,NA,NA,NA,NA,NA,0.7,11.4,7.7,142.692744,2.490458201,33,16.54166667
15/10/1987,7.78645,NA,NA,NA,NA,NA,NA,NA,NA,NA,NA,NA,NA,NA,NA,NA,NA,NA,NA,NA,NA,NA,3.2,10.3,5.1,67.86263805,1.184426473,33,9.333333333
16/10/1987,7.78919,NA,NA,NA,NA,NA,NA,NA,NA,NA,NA,NA,NA,NA,NA,NA,NA,NA,NA,NA,NA,NA,1,10.5,7.3,-46.66973277,-0.814540498,25,11.625
17/10/1987,7.79192,NA,NA,NA,NA,NA,NA,NA,NA,NA,NA,NA,NA,NA,NA,NA,NA,NA,NA,NA,NA,NA,3,12.4,7.6,-160.0270335,-2.792998627,29,11.16666667
18/10/1987,7.79466,NA,NA,NA,NA,NA,NA,NA,NA,NA,NA,NA,NA,NA,NA,NA,NA,NA,NA,NA,NA,NA,7.6,13.2,8.3,139.290813,2.431083304,49,21.79166667
19/10/1987,7.79740,NA,NA,NA,NA,NA,NA,NA,NA,NA,NA,NA,NA,NA,NA,NA,NA,NA,NA,NA,NA,NA,2.7,12,4.7,-177.5786032,-3.099331307,40,13.25
20/10/1987,7.80014,NA,NA,NA,NA,NA,NA,NA,NA,NA,NA,NA,NA,NA,NA,NA,NA,NA,NA,NA,NA,NA,0,14.1,5.4,-8.892274582,-0.155199469,NA,2.291666667
21/10/1987,7.80287,NA,NA,NA,NA,NA,NA,NA,NA,NA,NA,NA,NA,NA,NA,NA,NA,NA,NA,NA,NA,NA,4.6,11.5,5.6,14.89593281,0.259983073,15,4.666666667
22/10/1987,7.80561,NA,NA,NA,NA,NA,NA,NA,NA,NA,NA,NA,NA,NA,NA,NA,NA,NA,NA,NA,NA,NA,3.7,11.4,4.4,-168.9005361,-2.947870464,39,12.5
23/10/1987,7.80835,NA,NA,NA,NA,NA,NA,NA,NA,NA,NA,NA,NA,NA,NA,NA,NA,NA,NA,NA,NA,NA,0.3,10,3.1,-157.9352447,-2.756490024,21,7.583333333
24/10/1987,7.81109,NA,NA,NA,NA,NA,NA,NA,NA,NA,NA,NA,NA,NA,NA,NA,NA,NA,NA,NA,NA,NA,1,10.4,5.6,-164.5822798,-2.872502673,39,13.91666667
25/10/1987,7.81383,NA,NA,NA,NA,NA,NA,NA,NA,NA,NA,NA,NA,NA,NA,NA,NA,NA,NA,NA,NA,NA,19.1,10.5,7.7,-168.2173103,-2.935945923,39,10.375
26/10/1987,7.81656,NA,NA,NA,NA,NA,NA,NA,NA,NA,NA,NA,NA,NA,NA,NA,NA,NA,NA,NA,NA,NA,19.1,9.1,5,169.528009,2.958821932,19,5.583333333
27/10/1987,7.81930,NA,NA,NA,NA,NA,NA,NA,NA,NA,NA,NA,NA,NA,NA,NA,NA,NA,NA,NA,NA,NA,0.1,9.8,5.8,164.6769145,2.874154359,NA,6.458333333
28/10/1987,7.82204,NA,NA,NA,NA,NA,NA,NA,NA,NA,NA,NA,NA,NA,NA,NA,NA,NA,NA,NA,NA,NA,0.6,9.4,2.4,-158.9362422,-2.773960727,21,7.041666667
29/10/1987,7.82478,NA,NA,NA,NA,NA,NA,NA,NA,NA,NA,NA,NA,NA,NA,NA,NA,NA,NA,NA,NA,NA,0,10.8,5.8,156.5744205,2.732739162,22,8.916666667
30/10/1987,7.82752,NA,NA,NA,NA,NA,NA,NA,NA,NA,NA,NA,NA,NA,NA,NA,NA,NA,NA,NA,NA,NA,0,10.4,1.2,-110.2846741,-1.924830677,NA,2.541666667
31/10/1987,7.83025,NA,NA,NA,NA,NA,NA,NA,NA,NA,NA,NA,NA,NA,NA,NA,NA,NA,NA,NA,NA,NA,3.9,10.4,2,-71.10596445,-1.241033198,16,3.708333333
01/11/1987,7.83299,NA,NA,NA,NA,NA,NA,NA,NA,NA,NA,NA,NA,NA,NA,NA,NA,NA,NA,NA,NA,NA,0,10.8,5,-142.2581059,-2.482872336,NA,4.625
02/11/1987,7.83573,NA,NA,NA,NA,NA,NA,NA,NA,NA,NA,NA,NA,NA,NA,NA,NA,NA,NA,NA,NA,NA,0.9,12.1,7.4,-156.3493157,-2.728810343,10,4.083333333
03/11/1987,7.83847,NA,NA,NA,NA,NA,NA,NA,NA,NA,NA,NA,NA,NA,NA,NA,NA,NA,NA,NA,NA,NA,0,11.1,8.5,-168.5524516,-2.941795243,15,5.041666667
04/11/1987,7.84120,NA,NA,NA,NA,NA,NA,NA,NA,NA,NA,NA,NA,NA,NA,NA,NA,NA,NA,NA,NA,NA,0,10.4,8.3,-173.0210718,-3.019787379,15,5.666666667
05/11/1987,7.84394,NA,NA,NA,NA,NA,NA,NA,NA,NA,NA,NA,NA,NA,NA,NA,NA,NA,NA,NA,NA,NA,0,9.5,7.4,-145.0826728,-2.532170328,9,2.958333333
06/11/1987,7.84668,NA,NA,NA,NA,NA,NA,NA,NA,NA,NA,NA,NA,NA,NA,NA,NA,NA,NA,NA,NA,NA,0,9.4,5.7,-174.7039053,-3.049158364,16,4.833333333
07/11/1987,7.84942,NA,NA,NA,NA,NA,NA,NA,NA,NA,NA,NA,NA,NA,NA,NA,NA,NA,NA,NA,NA,NA,0,9.6,4.6,-128.8100712,-2.248159852,NA,3.541666667
08/11/1987,7.85216,NA,NA,NA,NA,NA,NA,NA,NA,NA,NA,NA,NA,NA,NA,NA,NA,NA,NA,NA,NA,NA,0,8.6,5.6,83.43599794,1.456232879,18,7.083333333
09/11/1987,7.85489,NA,NA,NA,NA,NA,NA,NA,NA,NA,NA,NA,NA,NA,NA,NA,NA,NA,NA,NA,NA,NA,0,9.7,5.2,114.8319942,2.004196386,20,7.541666667
10/11/1987,7.85763,NA,NA,NA,NA,NA,NA,NA,NA,NA,NA,NA,NA,NA,NA,NA,NA,NA,NA,NA,NA,NA,4.5,9.9,5.1,164.9397579,2.878741843,42,15.375
11/11/1987,7.86037,NA,NA,NA,NA,NA,NA,NA,NA,NA,NA,NA,NA,NA,NA,NA,NA,NA,NA,NA,NA,NA,18.6,7.9,0.6,161.4353808,2.817578924,35,10.625
12/11/1987,7.86311,NA,NA,NA,NA,NA,NA,NA,NA,NA,NA,NA,NA,NA,NA,NA,NA,NA,NA,NA,NA,NA,3.9,8,4,-137.3112749,-2.396533847,34,11.16666667
13/11/1987,7.86585,NA,NA,NA,NA,NA,NA,NA,NA,NA,NA,NA,NA,NA,NA,NA,NA,NA,NA,NA,NA,NA,5.4,7.9,3.6,-66.8924948,-1.167494279,40,11.41666667
14/11/1987,7.86858,NA,NA,NA,NA,NA,NA,NA,NA,NA,NA,NA,NA,NA,NA,NA,NA,NA,NA,NA,NA,NA,1,8.1,1.9,-94.78679761,-1.654341706,37,10.25
15/11/1987,7.87132,NA,NA,NA,NA,NA,NA,NA,NA,NA,NA,NA,NA,NA,NA,NA,NA,NA,NA,NA,NA,NA,10.6,10.7,2.9,172.2083272,3.005602309,34,12.33333333
16/11/1987,7.87406,NA,NA,NA,NA,NA,NA,NA,NA,NA,NA,NA,NA,NA,NA,NA,NA,NA,NA,NA,NA,NA,1,10.3,6.6,-152.9303188,-2.669137589,25,8.333333333
17/11/1987,7.87680,NA,NA,NA,NA,NA,NA,NA,NA,NA,NA,NA,NA,NA,NA,NA,NA,NA,NA,NA,NA,NA,8.4,11.3,7.1,-145.448201,-2.538549999,28,12.66666667
18/11/1987,7.87953,NA,NA,NA,NA,NA,NA,NA,NA,NA,NA,NA,NA,NA,NA,NA,NA,NA,NA,NA,NA,NA,6.3,12.4,9.6,-165.1811585,-2.882955078,47,21.5
19/11/1987,7.88227,NA,NA,NA,NA,NA,NA,NA,NA,NA,NA,NA,NA,NA,NA,NA,NA,NA,NA,NA,NA,NA,7.6,10.6,5.5,-114.1727712,-1.992690773,48,23.58333333
20/11/1987,7.88501,NA,NA,NA,NA,NA,NA,NA,NA,NA,NA,NA,NA,NA,NA,NA,NA,NA,NA,NA,NA,NA,0.8,9.2,6.6,-76.47745647,-1.334783419,38,15.41666667
21/11/1987,7.88775,NA,NA,NA,NA,NA,NA,NA,NA,NA,NA,NA,NA,NA,NA,NA,NA,NA,NA,NA,NA,NA,3.1,9.8,6.2,-101.6683587,-1.774447604,29,13.58333333
22/11/1987,7.89049,NA,NA,NA,NA,NA,NA,NA,NA,NA,NA,NA,NA,NA,NA,NA,NA,NA,NA,NA,NA,NA,6.6,6.7,2.3,-54.14858133,-0.94507103,42,16.58333333
23/11/1987,7.89322,NA,NA,NA,NA,NA,NA,NA,NA,NA,NA,NA,NA,NA,NA,NA,NA,NA,NA,NA,NA,NA,2,7.4,3.1,-16.67467488,-0.291027978,43,20.91666667
24/11/1987,7.89596,NA,NA,NA,NA,NA,NA,NA,NA,NA,NA,NA,NA,NA,NA,NA,NA,NA,NA,NA,NA,NA,0.3,5.4,2.1,-19.58466404,-0.34181687,36,15.83333333
25/11/1987,7.89870,NA,NA,NA,NA,NA,NA,NA,NA,NA,NA,NA,NA,NA,NA,NA,NA,NA,NA,NA,NA,NA,0.5,5.3,2.3,-65.93869017,-1.150847248,20,5.416666667
26/11/1987,7.90144,NA,NA,NA,NA,NA,NA,NA,NA,NA,NA,NA,NA,NA,NA,NA,NA,NA,NA,NA,NA,NA,0.4,6.1,2.2,-145.6021207,-2.541236404,16,6.75
27/11/1987,7.90418,NA,NA,NA,NA,NA,NA,NA,NA,NA,NA,NA,NA,NA,NA,NA,NA,NA,NA,NA,NA,NA,0,8,2.1,-154.6785983,-2.699650823,16,5.125
28/11/1987,7.90691,NA,NA,NA,NA,NA,NA,NA,NA,NA,NA,NA,NA,NA,NA,NA,NA,NA,NA,NA,NA,NA,0.4,8.9,5.7,170,2.967059728,30,17.5
29/11/1987,7.90965,NA,NA,NA,NA,NA,NA,NA,NA,NA,NA,NA,NA,NA,NA,NA,NA,NA,NA,NA,NA,NA,5.4,9.1,1.8,-103.6494878,-1.80902483,31,12.04166667
30/11/1987,7.91239,NA,NA,NA,NA,NA,NA,NA,NA,NA,NA,NA,NA,NA,NA,NA,NA,NA,NA,NA,NA,NA,0.2,7.6,-0.2,-88.81658414,-1.550141824,8,2.375
01/12/1987,7.91513,NA,NA,NA,NA,NA,NA,NA,NA,NA,NA,NA,NA,NA,NA,NA,NA,NA,NA,NA,NA,NA,0,7.5,0.1,176.1764938,3.074859882,13,3.958333333
02/12/1987,7.91786,NA,NA,NA,NA,NA,NA,NA,NA,NA,NA,NA,NA,NA,NA,NA,NA,NA,NA,NA,NA,NA,0,5.7,-3.6,-58.40151956,-1.019298804,NA,2.875
03/12/1987,7.92060,NA,NA,NA,NA,NA,NA,NA,NA,NA,NA,NA,NA,NA,NA,NA,NA,NA,NA,NA,NA,NA,0,5,-2.5,-71.33554126,-1.245040069,NA,2.166666667
04/12/1987,7.92334,NA,NA,NA,NA,NA,NA,NA,NA,NA,NA,NA,NA,NA,NA,NA,NA,NA,NA,NA,NA,NA,0,5.5,0,30.23277989,0.527661551,18,4.916666667
05/12/1987,7.92608,NA,NA,NA,NA,NA,NA,NA,NA,NA,NA,NA,NA,NA,NA,NA,NA,NA,NA,NA,NA,NA,0,6.7,4.1,73.73907798,1.286989698,20,9.25
06/12/1987,7.92882,NA,NA,NA,NA,NA,NA,NA,NA,NA,NA,NA,NA,NA,NA,NA,NA,NA,NA,NA,NA,NA,1.3,6.4,2.8,45.21617548,0.789171137,27,11.625
07/12/1987,7.93155,NA,NA,NA,NA,NA,NA,NA,NA,NA,NA,NA,NA,NA,NA,NA,NA,NA,NA,NA,NA,NA,0,4.4,-3,-43.82491654,-0.764889088,NA,3.25
08/12/1987,7.93429,NA,NA,NA,NA,NA,NA,NA,NA,NA,NA,NA,NA,NA,NA,NA,NA,NA,NA,NA,NA,NA,2.9,5,-2.8,-134.9241547,-2.35487074,NA,6.583333333
09/12/1987,7.93703,NA,NA,NA,NA,NA,NA,NA,NA,NA,NA,NA,NA,NA,NA,NA,NA,NA,NA,NA,NA,NA,3.7,6.4,2.4,-142.8784167,-2.493698801,15,6.625
10/12/1987,7.93977,NA,NA,NA,NA,NA,NA,NA,NA,NA,NA,NA,NA,NA,NA,NA,NA,NA,NA,NA,NA,NA,1.2,6.3,0.4,-110.666702,-1.931498322,13,4.708333333
11/12/1987,7.94251,NA,NA,NA,NA,NA,NA,NA,NA,NA,NA,NA,NA,NA,NA,NA,NA,NA,NA,NA,NA,NA,0,8.7,2,1.192223756,0.02080823,8,2.208333333
12/12/1987,7.94524,NA,NA,NA,NA,NA,NA,NA,NA,NA,NA,NA,NA,NA,NA,NA,NA,NA,NA,NA,NA,NA,0,6.2,-0.1,-97.37160637,-1.699455129,13,2.958333333
13/12/1987,7.94798,NA,NA,NA,NA,NA,NA,NA,NA,NA,NA,NA,NA,NA,NA,NA,NA,NA,NA,NA,NA,NA,0,6.4,2.8,-140.3953705,-2.450361469,12,4.458333333
14/12/1987,7.95072,NA,NA,NA,NA,NA,NA,NA,NA,NA,NA,NA,NA,NA,NA,NA,NA,NA,NA,NA,NA,NA,0,4.5,-2.2,-68.37122644,-1.193303015,6,2.041666667
15/12/1987,7.95346,NA,NA,NA,NA,NA,NA,NA,NA,NA,NA,NA,NA,NA,NA,NA,NA,NA,NA,NA,NA,NA,0,4.4,-2.6,-1.662739323,-0.029020276,12,3.5
16/12/1987,7.95619,NA,NA,NA,NA,NA,NA,NA,NA,NA,NA,NA,NA,NA,NA,NA,NA,NA,NA,NA,NA,NA,0,8.8,0.4,104.4036434,1.822187328,27,10.91666667
17/12/1987,7.95893,NA,NA,NA,NA,NA,NA,NA,NA,NA,NA,NA,NA,NA,NA,NA,NA,NA,NA,NA,NA,NA,2.4,9.8,7.8,152.843498,2.667622281,25,10.16666667
18/12/1987,7.96167,NA,NA,NA,NA,NA,NA,NA,NA,NA,NA,NA,NA,NA,NA,NA,NA,NA,NA,NA,NA,NA,1.4,9.8,7.5,-144.0744772,-2.514573996,26,12.70833333
19/12/1987,7.96441,NA,NA,NA,NA,NA,NA,NA,NA,NA,NA,NA,NA,NA,NA,NA,NA,NA,NA,NA,NA,NA,15.9,11.8,6.2,-155.3738224,-2.711784772,28,13.375
20/12/1987,7.96715,NA,NA,NA,NA,NA,NA,NA,NA,NA,NA,NA,NA,NA,NA,NA,NA,NA,NA,NA,NA,NA,2.5,11.6,9.2,-144.5492202,-2.522859823,35,14.91666667
21/12/1987,7.96988,NA,NA,NA,NA,NA,NA,NA,NA,NA,NA,NA,NA,NA,NA,NA,NA,NA,NA,NA,NA,NA,2.7,11.6,7.2,-170.6441108,-2.978301583,50,20.33333333
22/12/1987,7.97262,NA,NA,NA,NA,NA,NA,NA,NA,NA,NA,NA,NA,NA,NA,NA,NA,NA,NA,NA,NA,NA,0.5,8.8,5.1,-143.2653507,-2.500452074,53,15.625
23/12/1987,7.97536,NA,NA,NA,NA,NA,NA,NA,NA,NA,NA,NA,NA,NA,NA,NA,NA,NA,NA,NA,NA,NA,3.4,10.2,7.6,-179.164604,-3.127012243,43,23.16666667
24/12/1987,7.97810,NA,NA,NA,NA,NA,NA,NA,NA,NA,NA,NA,NA,NA,NA,NA,NA,NA,NA,NA,NA,NA,1.5,10.2,8.9,170,2.967059728,32,18.95833333
25/12/1987,7.98084,NA,NA,NA,NA,NA,NA,NA,NA,NA,NA,NA,NA,NA,NA,NA,NA,NA,NA,NA,NA,NA,6.2,9.8,6.6,-151.5366242,-2.644813029,33,16.875
26/12/1987,7.98357,NA,NA,NA,NA,NA,NA,NA,NA,NA,NA,NA,NA,NA,NA,NA,NA,NA,NA,NA,NA,NA,10.9,10.4,7,-161.2423574,-2.81421003,37,15.16666667
27/12/1987,7.98631,NA,NA,NA,NA,NA,NA,NA,NA,NA,NA,NA,NA,NA,NA,NA,NA,NA,NA,NA,NA,NA,6.1,9.1,6.2,169.8550951,2.96453066,24,10.41666667
28/12/1987,7.98905,NA,NA,NA,NA,NA,NA,NA,NA,NA,NA,NA,NA,NA,NA,NA,NA,NA,NA,NA,NA,NA,12.6,11.2,3.1,176.3779498,3.078375951,38,20.125
29/12/1987,7.99179,NA,NA,NA,NA,NA,NA,NA,NA,NA,NA,NA,NA,NA,NA,NA,NA,NA,NA,NA,NA,NA,12.6,10.8,4.8,-150.417752,-2.625285026,38,15.625
30/12/1987,7.99452,NA,NA,NA,NA,NA,NA,NA,NA,NA,NA,NA,NA,NA,NA,NA,NA,NA,NA,NA,NA,NA,5.8,8.7,5,163.8750389,2.86015899,38,12.625
31/12/1987,7.99726,NA,NA,NA,NA,NA,NA,NA,NA,NA,NA,NA,NA,NA,NA,NA,NA,NA,NA,NA,NA,NA,22.3,11,6.4,176.3365233,3.077652923,43,21.125
01/01/1988,8.00000,NA,NA,NA,NA,NA,NA,NA,NA,NA,NA,NA,NA,NA,NA,NA,NA,NA,NA,NA,NA,NA,15.7,9.7,6.9,-136.8562481,-2.388592131,36,17.16666667
02/01/1988,8.00274,NA,NA,NA,NA,NA,NA,NA,NA,NA,NA,NA,NA,NA,NA,NA,NA,NA,NA,NA,NA,NA,2,8,3.7,-163.3550551,-2.851083562,31,11.33333333
03/01/1988,8.00548,NA,NA,NA,NA,NA,NA,NA,NA,NA,NA,NA,NA,NA,NA,NA,NA,NA,NA,NA,NA,NA,1.5,5.8,0.5,-114.09906,-1.991404271,19,6.375
04/01/1988,8.00821,NA,NA,NA,NA,NA,NA,NA,NA,NA,NA,NA,NA,NA,NA,NA,NA,NA,NA,NA,NA,NA,0.1,4.9,0,-139.2029316,-2.429549485,14,6.041666667
05/01/1988,8.01095,NA,NA,NA,NA,NA,NA,NA,NA,NA,NA,NA,NA,NA,NA,NA,NA,NA,NA,NA,NA,NA,0,4.2,-2,-132.8402779,-2.318500229,18,3.75
06/01/1988,8.01369,NA,NA,NA,NA,NA,NA,NA,NA,NA,NA,NA,NA,NA,NA,NA,NA,NA,NA,NA,NA,NA,3,4.8,-3.2,-47.53255731,-0.829599627,41,11.625
07/01/1988,8.01643,NA,NA,NA,NA,NA,NA,NA,NA,NA,NA,NA,NA,NA,NA,NA,NA,NA,NA,NA,NA,NA,1.1,4.1,0.5,-102.5597378,-1.790005105,36,10.58333333
08/01/1988,8.01916,NA,NA,NA,NA,NA,NA,NA,NA,NA,NA,NA,NA,NA,NA,NA,NA,NA,NA,NA,NA,NA,2,9.7,3.6,169.5006238,2.95834397,48,24.57894737
09/01/1988,8.02190,NA,NA,NA,NA,NA,NA,NA,NA,NA,NA,NA,NA,NA,NA,NA,NA,NA,NA,NA,NA,NA,16.2,11.4,3.9,-174.4462615,-3.044661631,50,24.5
10/01/1988,8.02464,NA,NA,NA,NA,NA,NA,NA,NA,NA,NA,NA,NA,NA,NA,NA,NA,NA,NA,NA,NA,NA,5.4,6.2,1.5,-148.2679135,-2.587763266,47,17.45833333
11/01/1988,8.02738,NA,NA,NA,NA,NA,NA,NA,NA,NA,NA,NA,NA,NA,NA,NA,NA,NA,NA,NA,NA,NA,2.6,6.2,1,-163.622101,-2.855744392,32,11.20833333
12/01/1988,8.03012,NA,NA,NA,NA,NA,NA,NA,NA,NA,NA,NA,NA,NA,NA,NA,NA,NA,NA,NA,NA,NA,16.1,8.2,5.6,167.8636914,2.929774109,42,24.45833333
13/01/1988,8.03285,NA,NA,NA,NA,NA,NA,NA,NA,NA,NA,NA,NA,NA,NA,NA,NA,NA,NA,NA,NA,NA,11.4,8.8,3.8,177.07658,3.09056935,50,26.125
14/01/1988,8.03559,NA,NA,NA,NA,NA,NA,NA,NA,NA,NA,NA,NA,NA,NA,NA,NA,NA,NA,NA,NA,NA,0.5,8.1,5.7,169.5830776,2.95978306,48,25.95833333
15/01/1988,8.03833,NA,NA,NA,NA,NA,NA,NA,NA,NA,NA,NA,NA,NA,NA,NA,NA,NA,NA,NA,NA,NA,5.4,8.1,5.5,-157.0222959,-2.740556062,32,14.5
16/01/1988,8.04107,NA,NA,NA,NA,NA,NA,NA,NA,NA,NA,NA,NA,NA,NA,NA,NA,NA,NA,NA,NA,NA,6.2,7.9,3,-140.6821093,-2.455366007,26,10.5
17/01/1988,8.04381,NA,NA,NA,NA,NA,NA,NA,NA,NA,NA,NA,NA,NA,NA,NA,NA,NA,NA,NA,NA,NA,9.2,7.5,-0.2,-120.3575477,-2.100635487,32,12.75
18/01/1988,8.04654,NA,NA,NA,NA,NA,NA,NA,NA,NA,NA,NA,NA,NA,NA,NA,NA,NA,NA,NA,NA,NA,0,4.9,0.1,-158.276047,-2.762438147,18,7.416666667
19/01/1988,8.04928,NA,NA,NA,NA,NA,NA,NA,NA,NA,NA,NA,NA,NA,NA,NA,NA,NA,NA,NA,NA,NA,12.6,8,1.7,111.5083676,1.946188159,56,21.375
20/01/1988,8.05202,NA,NA,NA,NA,NA,NA,NA,NA,NA,NA,NA,NA,NA,NA,NA,NA,NA,NA,NA,NA,NA,2,6.3,1.1,-131.1352231,-2.288741409,49,10.20833333
21/01/1988,8.05476,NA,NA,NA,NA,NA,NA,NA,NA,NA,NA,NA,NA,NA,NA,NA,NA,NA,NA,NA,NA,NA,3.2,3.3,-0.1,-132.1272105,-2.306054855,30,8.666666667
22/01/1988,8.05749,NA,NA,NA,NA,NA,NA,NA,NA,NA,NA,NA,NA,NA,NA,NA,NA,NA,NA,NA,NA,NA,5.2,2.2,-0.9,-134.8677398,-2.353886115,19,7.083333333
23/01/1988,8.06023,NA,NA,NA,NA,NA,NA,NA,NA,NA,NA,NA,NA,NA,NA,NA,NA,NA,NA,NA,NA,NA,0.4,3.8,-0.9,68.77023954,1.200267107,NA,11.41666667
24/01/1988,8.06297,NA,NA,NA,NA,NA,NA,NA,NA,NA,NA,NA,NA,NA,NA,NA,NA,NA,NA,NA,NA,NA,12.3,5.6,3.1,72.52727558,1.265839756,36,19.125
25/01/1988,8.06571,NA,NA,NA,NA,NA,NA,NA,NA,NA,NA,NA,NA,NA,NA,NA,NA,NA,NA,NA,NA,NA,8,5.6,3.2,36.67474043,0.640094973,46,26
26/01/1988,8.06845,NA,NA,NA,NA,NA,NA,NA,NA,NA,NA,NA,NA,NA,NA,NA,NA,NA,NA,NA,NA,NA,1.5,5.7,2.6,32.06403567,0.559622994,34,19.29166667
27/01/1988,8.07118,NA,NA,NA,NA,NA,NA,NA,NA,NA,NA,NA,NA,NA,NA,NA,NA,NA,NA,NA,NA,NA,0,5.4,2.2,52.76172514,0.920865823,23,9.375
28/01/1988,8.07392,NA,NA,NA,NA,NA,NA,NA,NA,NA,NA,NA,NA,NA,NA,NA,NA,NA,NA,NA,NA,NA,0,4.4,0.7,102.3949801,1.78712954,30,13.70833333
29/01/1988,8.07666,NA,NA,NA,NA,NA,NA,NA,NA,NA,NA,NA,NA,NA,NA,NA,NA,NA,NA,NA,NA,NA,0,5.9,3.3,73.31650558,1.279614418,34,13.83333333
30/01/1988,8.07940,NA,NA,NA,NA,NA,NA,NA,NA,NA,NA,NA,NA,NA,NA,NA,NA,NA,NA,NA,NA,NA,3.6,5.5,3,61.74905062,1.077724243,18,4.875
31/01/1988,8.08214,NA,NA,NA,NA,NA,NA,NA,NA,NA,NA,NA,NA,NA,NA,NA,NA,NA,NA,NA,NA,NA,0.6,7.9,1.5,-132.216419,-2.307611837,27,9.916666667
01/02/1988,8.08487,NA,NA,NA,NA,NA,NA,NA,NA,NA,NA,NA,NA,NA,NA,NA,NA,NA,NA,NA,NA,NA,3,6.2,1.6,69.77124467,1.217737943,39,13.16666667
02/02/1988,8.08761,NA,NA,NA,NA,NA,NA,NA,NA,NA,NA,NA,NA,NA,NA,NA,NA,NA,NA,NA,NA,NA,0.1,8.2,2.4,-145.6689863,-2.54240343,16,6.75
03/02/1988,8.09035,NA,NA,NA,NA,NA,NA,NA,NA,NA,NA,NA,NA,NA,NA,NA,NA,NA,NA,NA,NA,NA,0,7.8,1.2,-78.64462392,-1.372607626,14,3.875
04/02/1988,8.09309,NA,NA,NA,NA,NA,NA,NA,NA,NA,NA,NA,NA,NA,NA,NA,NA,NA,NA,NA,NA,NA,2.1,6.2,2.3,6.56700441,0.114615849,23,6.916666667
05/02/1988,8.09582,NA,NA,NA,NA,NA,NA,NA,NA,NA,NA,NA,NA,NA,NA,NA,NA,NA,NA,NA,NA,NA,1.3,6.4,0,-82.75523404,-1.444351307,21,4.875
06/02/1988,8.09856,NA,NA,NA,NA,NA,NA,NA,NA,NA,NA,NA,NA,NA,NA,NA,NA,NA,NA,NA,NA,NA,5.8,4.7,-1.5,-54.39962284,-0.94945253,48,16.20833333
07/02/1988,8.10130,NA,NA,NA,NA,NA,NA,NA,NA,NA,NA,NA,NA,NA,NA,NA,NA,NA,NA,NA,NA,NA,7.8,4.6,-1.5,-155.1552799,-2.707970486,41,13.29166667
08/02/1988,8.10404,NA,NA,NA,NA,NA,NA,NA,NA,NA,NA,NA,NA,NA,NA,NA,NA,NA,NA,NA,NA,NA,3.6,6.6,0.4,-121.9474084,-2.128383791,34,9.541666667
09/02/1988,8.10678,NA,NA,NA,NA,NA,NA,NA,NA,NA,NA,NA,NA,NA,NA,NA,NA,NA,NA,NA,NA,NA,13,5.7,1.8,66.287812,1.156940573,44,20.16666667
10/02/1988,8.10951,NA,NA,NA,NA,NA,NA,NA,NA,NA,NA,NA,NA,NA,NA,NA,NA,NA,NA,NA,NA,NA,34.7,4.9,1.1,-60.5463282,-1.056732777,41,17.66666667
11/02/1988,8.11225,NA,NA,NA,NA,NA,NA,NA,NA,NA,NA,NA,NA,NA,NA,NA,NA,NA,NA,NA,NA,NA,1.8,4,-0.9,-71.90219285,-1.254930005,20,5.375
12/02/1988,8.11499,NA,NA,NA,NA,NA,NA,NA,NA,NA,NA,NA,NA,NA,NA,NA,NA,NA,NA,NA,NA,NA,2.7,5.3,-0.5,-153.5767151,-2.680419333,49,13.75
13/02/1988,8.11773,NA,NA,NA,NA,NA,NA,NA,NA,NA,NA,NA,NA,NA,NA,NA,NA,NA,NA,NA,NA,NA,4.3,8.6,2.1,-176.2127621,-3.075492882,59,26.375
14/02/1988,8.12047,NA,NA,NA,NA,NA,NA,NA,NA,NA,NA,NA,NA,NA,NA,NA,NA,NA,NA,NA,NA,NA,2.4,6.3,1.4,148.6638175,2.594673094,23,9.666666667
15/02/1988,8.12320,NA,NA,NA,NA,NA,NA,NA,NA,NA,NA,NA,NA,NA,NA,NA,NA,NA,NA,NA,NA,NA,12.3,10.2,2,-163.6418869,-2.85608972,47,17.04166667
16/02/1988,8.12594,NA,NA,NA,NA,NA,NA,NA,NA,NA,NA,NA,NA,NA,NA,NA,NA,NA,NA,NA,NA,NA,2.4,7.4,2,-95.53771452,-1.667447678,44,15.5
17/02/1988,8.12868,NA,NA,NA,NA,NA,NA,NA,NA,NA,NA,NA,NA,NA,NA,NA,NA,NA,NA,NA,NA,NA,0.8,8.6,4.1,-123.8995686,-2.162455415,23,9.833333333
18/02/1988,8.13142,NA,NA,NA,NA,NA,NA,NA,NA,NA,NA,NA,NA,NA,NA,NA,NA,NA,NA,NA,NA,NA,0.3,8.2,4.6,-107.8246137,-1.881894523,39,13.41666667
19/02/1988,8.13415,NA,NA,NA,NA,NA,NA,NA,NA,NA,NA,NA,NA,NA,NA,NA,NA,NA,NA,NA,NA,NA,1.6,8.9,6,-113.681408,-1.984114869,23,9.083333333
20/02/1988,8.13689,NA,NA,NA,NA,NA,NA,NA,NA,NA,NA,NA,NA,NA,NA,NA,NA,NA,NA,NA,NA,NA,1.7,9.8,3.5,-154.7702196,-2.701249916,26,10.375
21/02/1988,8.13963,NA,NA,NA,NA,NA,NA,NA,NA,NA,NA,NA,NA,NA,NA,NA,NA,NA,NA,NA,NA,NA,1.7,8.5,3.3,-134.3041107,-2.344048931,23,9.375
22/02/1988,8.14237,NA,NA,NA,NA,NA,NA,NA,NA,NA,NA,NA,NA,NA,NA,NA,NA,NA,NA,NA,NA,NA,3.7,7.7,3,-82.09690392,-1.432861279,41,17.5
23/02/1988,8.14511,NA,NA,NA,NA,NA,NA,NA,NA,NA,NA,NA,NA,NA,NA,NA,NA,NA,NA,NA,NA,NA,1,5.7,2.1,-29.58254607,-0.51631283,34,13.79166667
24/02/1988,8.14784,NA,NA,NA,NA,NA,NA,NA,NA,NA,NA,NA,NA,NA,NA,NA,NA,NA,NA,NA,NA,NA,0.2,6.3,1.4,-36.64258725,-0.639533794,23,7.666666667
25/02/1988,8.15058,NA,NA,NA,NA,NA,NA,NA,NA,NA,NA,NA,NA,NA,NA,NA,NA,NA,NA,NA,NA,NA,3.3,7.4,2.9,-75.86520486,-1.324097612,28,8.166666667
26/02/1988,8.15332,NA,NA,NA,NA,NA,NA,NA,NA,NA,NA,NA,NA,NA,NA,NA,NA,NA,NA,NA,NA,NA,3,8.6,3.8,-75.28257012,-1.313928718,25,11.16666667
27/02/1988,8.15606,NA,NA,NA,NA,NA,NA,NA,NA,NA,NA,NA,NA,NA,NA,NA,NA,NA,NA,NA,NA,NA,0,10.8,6.3,-83.70517555,-1.460930914,37,15.45833333
28/02/1988,8.15880,NA,NA,NA,NA,NA,NA,NA,NA,NA,NA,NA,NA,NA,NA,NA,NA,NA,NA,NA,NA,NA,1.7,7.2,0.5,-41.22788459,-0.71956233,46,23.75
29/02/1988,8.16153,NA,NA,NA,NA,NA,NA,NA,NA,NA,NA,NA,NA,NA,NA,NA,NA,NA,NA,NA,NA,NA,6.2,2.6,-0.5,-23.32956306,-0.407177688,38,17.70833333
01/03/1988,8.16427,NA,NA,NA,NA,NA,NA,NA,NA,NA,NA,NA,NA,NA,NA,NA,NA,NA,NA,NA,NA,NA,0.4,3.4,-0.6,-40.59719256,-0.708554677,32,11.875
02/03/1988,8.16701,NA,NA,NA,NA,NA,NA,NA,NA,NA,NA,NA,NA,NA,NA,NA,NA,NA,NA,NA,NA,NA,7.2,7.9,0.3,-135.1492376,-2.358799178,31,12.08333333
03/03/1988,8.16975,NA,NA,NA,NA,NA,NA,NA,NA,NA,NA,NA,NA,NA,NA,NA,NA,NA,NA,NA,NA,NA,7.7,5.5,-0.1,-22.89314442,-0.399560746,41,20.29166667
04/03/1988,8.17248,NA,NA,NA,NA,NA,NA,NA,NA,NA,NA,NA,NA,NA,NA,NA,NA,NA,NA,NA,NA,NA,1.4,2.8,-1.7,-35.20758451,-0.614488271,32,10.75
05/03/1988,8.17522,NA,NA,NA,NA,NA,NA,NA,NA,NA,NA,NA,NA,NA,NA,NA,NA,NA,NA,NA,NA,NA,3.8,8.7,0.2,-98.73010596,-1.72316542,29,10.625
06/03/1988,8.17796,NA,NA,NA,NA,NA,NA,NA,NA,NA,NA,NA,NA,NA,NA,NA,NA,NA,NA,NA,NA,NA,5.9,6.9,1.1,-83.04827223,-1.449465788,36,13.25
07/03/1988,8.18070,NA,NA,NA,NA,NA,NA,NA,NA,NA,NA,NA,NA,NA,NA,NA,NA,NA,NA,NA,NA,NA,0.3,9.1,2.4,-135.917319,-2.372204727,20,7.458333333
08/03/1988,8.18344,NA,NA,NA,NA,NA,NA,NA,NA,NA,NA,NA,NA,NA,NA,NA,NA,NA,NA,NA,NA,NA,3.3,10.9,5,-147.8056464,-2.579695183,24,10.20833333
09/03/1988,8.18617,NA,NA,NA,NA,NA,NA,NA,NA,NA,NA,NA,NA,NA,NA,NA,NA,NA,NA,NA,NA,NA,2.4,7.6,1.6,-138.4564153,-2.416520318,27,9.166666667
10/03/1988,8.18891,NA,NA,NA,NA,NA,NA,NA,NA,NA,NA,NA,NA,NA,NA,NA,NA,NA,NA,NA,NA,NA,5.2,7.2,2.9,-95.42982816,-1.665564706,45,16.625
11/03/1988,8.19165,NA,NA,NA,NA,NA,NA,NA,NA,NA,NA,NA,NA,NA,NA,NA,NA,NA,NA,NA,NA,NA,5.9,8.1,3.1,-71.07410936,-1.240477221,31,11.375
12/03/1988,8.19439,NA,NA,NA,NA,NA,NA,NA,NA,NA,NA,NA,NA,NA,NA,NA,NA,NA,NA,NA,NA,NA,0.5,4.2,0.2,3.6292103,0.063341669,NA,7.125
13/03/1988,8.19713,NA,NA,NA,NA,NA,NA,NA,NA,NA,NA,NA,NA,NA,NA,NA,NA,NA,NA,NA,NA,NA,1.6,3.1,-2.1,-31.11361155,-0.543034964,17,7.041666667
14/03/1988,8.19986,NA,NA,NA,NA,NA,NA,NA,NA,NA,NA,NA,NA,NA,NA,NA,NA,NA,NA,NA,NA,NA,0,4.1,-3.6,76.24688931,1.330759263,NA,4.958333333
15/03/1988,8.20260,NA,NA,NA,NA,NA,NA,NA,NA,NA,NA,NA,NA,NA,NA,NA,NA,NA,NA,NA,NA,NA,12.5,5.7,-0.1,78.75823224,1.374590466,32,12
16/03/1988,8.20534,NA,NA,NA,NA,NA,NA,NA,NA,NA,NA,NA,NA,NA,NA,NA,NA,NA,NA,NA,NA,NA,3.5,6.5,1.7,22.33378959,0.389798163,35,13.45833333
17/03/1988,8.20808,NA,NA,NA,NA,NA,NA,NA,NA,NA,NA,NA,NA,NA,NA,NA,NA,NA,NA,NA,NA,NA,1.2,6.2,-0.3,39.64486685,0.691933458,22,9.666666667
18/03/1988,8.21081,NA,NA,NA,NA,NA,NA,NA,NA,NA,NA,NA,NA,NA,NA,NA,NA,NA,NA,NA,NA,NA,5.1,6.6,1.9,130.3788497,2.275540202,47,18.58333333
19/03/1988,8.21355,NA,NA,NA,NA,NA,NA,NA,NA,NA,NA,NA,NA,NA,NA,NA,NA,NA,NA,NA,NA,NA,6.8,10.1,5.8,174.0690465,3.038077987,44,22.83333333
20/03/1988,8.21629,NA,NA,NA,NA,NA,NA,NA,NA,NA,NA,NA,NA,NA,NA,NA,NA,NA,NA,NA,NA,NA,2.4,10.5,6,-123.2279592,-2.150733618,30,10.5
21/03/1988,8.21903,NA,NA,NA,NA,NA,NA,NA,NA,NA,NA,NA,NA,NA,NA,NA,NA,NA,NA,NA,NA,NA,5.7,10.1,5.2,130.7711281,2.282386752,17,6.75
22/03/1988,8.22177,NA,NA,NA,NA,NA,NA,NA,NA,NA,NA,NA,NA,NA,NA,NA,NA,NA,NA,NA,NA,NA,1.1,8.6,5.5,138.6681698,2.420216131,19,8.458333333
23/03/1988,8.22450,NA,NA,NA,NA,NA,NA,NA,NA,NA,NA,NA,NA,NA,NA,NA,NA,NA,NA,NA,NA,NA,8,10.1,5.4,167.9035518,2.930469805,23,7.25
24/03/1988,8.22724,NA,NA,NA,NA,NA,NA,NA,NA,NA,NA,NA,NA,NA,NA,NA,NA,NA,NA,NA,NA,NA,10.2,8.8,4.3,-166.5370556,-2.906619946,41,20.66666667
25/03/1988,8.22998,NA,NA,NA,NA,NA,NA,NA,NA,NA,NA,NA,NA,NA,NA,NA,NA,NA,NA,NA,NA,NA,5.6,8.8,4.6,-90.01327465,-1.571028013,25,12.41666667
26/03/1988,8.23272,NA,NA,NA,NA,NA,NA,NA,NA,NA,NA,NA,NA,NA,NA,NA,NA,NA,NA,NA,NA,NA,11.1,8.7,4.5,-53.73040457,-0.937772468,29,14.41666667
27/03/1988,8.23546,NA,NA,NA,NA,NA,NA,NA,NA,NA,NA,NA,NA,NA,NA,NA,NA,NA,NA,NA,NA,NA,6.4,10.6,4.3,-125.1130121,-2.183633998,29,10.73913043
28/03/1988,8.23819,NA,NA,NA,NA,NA,NA,NA,NA,NA,NA,NA,NA,NA,NA,NA,NA,NA,NA,NA,NA,NA,5.8,8.8,4,-155.5670927,-2.715157975,38,14.54166667
29/03/1988,8.24093,NA,NA,NA,NA,NA,NA,NA,NA,NA,NA,NA,NA,NA,NA,NA,NA,NA,NA,NA,NA,NA,1.8,8,2,147.5259678,2.57481387,30,13.125
30/03/1988,8.24367,NA,NA,NA,NA,NA,NA,NA,NA,NA,NA,NA,NA,NA,NA,NA,NA,NA,NA,NA,NA,NA,0,8.1,2.9,6.754655267,0.117890974,21,7.291666667
31/03/1988,8.24641,NA,NA,NA,NA,NA,NA,NA,NA,NA,NA,NA,NA,NA,NA,NA,NA,NA,NA,NA,NA,NA,1.8,9.4,0.3,-132.6587668,-2.315332261,NA,8.416666667
01/04/1988,8.24914,NA,NA,NA,NA,NA,NA,NA,NA,NA,NA,NA,NA,NA,NA,NA,NA,NA,NA,NA,NA,NA,12.6,9.6,3.4,-130.6890691,-2.280954552,23,8.541666667
02/04/1988,8.25188,NA,NA,NA,NA,NA,NA,NA,NA,NA,NA,NA,NA,NA,NA,NA,NA,NA,NA,NA,NA,NA,0,9.6,-0.1,-60.94067303,-1.063615393,18,5.666666667
03/04/1988,8.25462,NA,NA,NA,NA,NA,NA,NA,NA,NA,NA,NA,NA,NA,NA,NA,NA,NA,NA,NA,NA,NA,0.6,10.3,2,-128.4525609,-2.24192012,17,6.625
04/04/1988,8.25736,NA,NA,NA,NA,NA,NA,NA,NA,NA,NA,NA,NA,NA,NA,NA,NA,NA,NA,NA,NA,NA,2.3,10.6,4,-172.9435322,-3.018434056,24,11.70833333
05/04/1988,8.26010,NA,NA,NA,NA,NA,NA,NA,NA,NA,NA,NA,NA,NA,NA,NA,NA,NA,NA,NA,NA,NA,0,11.5,7.2,-174.8130499,-3.051063297,22,9.708333333
06/04/1988,8.26283,NA,NA,NA,NA,NA,NA,NA,NA,NA,NA,NA,NA,NA,NA,NA,NA,NA,NA,NA,NA,NA,0,11.9,6.8,-123.7496405,-2.159838675,14,5.875
07/04/1988,8.26557,NA,NA,NA,NA,NA,NA,NA,NA,NA,NA,NA,NA,NA,NA,NA,NA,NA,NA,NA,NA,NA,0,10.3,5.3,-99.83894589,-1.742518327,18,8.208333333
08/04/1988,8.26831,NA,NA,NA,NA,NA,NA,NA,NA,NA,NA,NA,NA,NA,NA,NA,NA,NA,NA,NA,NA,NA,2.3,5.9,0.7,-12.47399599,-0.217712301,29,9.875
09/04/1988,8.27105,NA,NA,NA,NA,NA,NA,NA,NA,NA,NA,NA,NA,NA,NA,NA,NA,NA,NA,NA,NA,NA,2.5,7,-1.5,-119.6818699,-2.088842684,37,12.29166667
10/04/1988,8.27379,NA,NA,NA,NA,NA,NA,NA,NA,NA,NA,NA,NA,NA,NA,NA,NA,NA,NA,NA,NA,NA,4,10.3,6.2,-101.6895482,-1.774817431,35,16.625
11/04/1988,8.27652,NA,NA,NA,NA,NA,NA,NA,NA,NA,NA,NA,NA,NA,NA,NA,NA,NA,NA,NA,NA,NA,1.4,6.8,3,-26.49407112,-0.462408773,29,11.08333333
12/04/1988,8.27926,NA,NA,NA,NA,NA,NA,NA,NA,NA,NA,NA,NA,NA,NA,NA,NA,NA,NA,NA,NA,NA,0,4.7,1.6,36.08268324,0.629761626,20,10.625
13/04/1988,8.28200,NA,NA,NA,NA,NA,NA,NA,NA,NA,NA,NA,NA,NA,NA,NA,NA,NA,NA,NA,NA,NA,0,8.5,1.1,157.9123601,2.756090613,33,15.45833333
14/04/1988,8.28474,NA,NA,NA,NA,NA,NA,NA,NA,NA,NA,NA,NA,NA,NA,NA,NA,NA,NA,NA,NA,NA,1.5,8.8,6.7,175.4060565,3.061413214,46,25.375
15/04/1988,8.28747,NA,NA,NA,NA,NA,NA,NA,NA,NA,NA,NA,NA,NA,NA,NA,NA,NA,NA,NA,NA,NA,2.3,11.8,8,179.6136089,3.134848857,34,10
16/04/1988,8.29021,NA,NA,NA,NA,NA,NA,NA,NA,NA,NA,NA,NA,NA,NA,NA,NA,NA,NA,NA,NA,NA,22.4,8.9,6.2,30.41692242,0.530875444,30,16.33333333
17/04/1988,8.29295,NA,NA,NA,NA,NA,NA,NA,NA,NA,NA,NA,NA,NA,NA,NA,NA,NA,NA,NA,NA,NA,14.8,7.8,5.1,40.25890568,0.702650457,37,18.79166667
18/04/1988,8.29569,NA,NA,NA,NA,NA,NA,NA,NA,NA,NA,NA,NA,NA,NA,NA,NA,NA,NA,NA,NA,NA,6.7,7.4,5.8,89.16778854,1.556271497,33,17.25
19/04/1988,8.29843,NA,NA,NA,NA,NA,NA,NA,NA,NA,NA,NA,NA,NA,NA,NA,NA,NA,NA,NA,NA,NA,2.3,8.4,5.2,62.32851692,1.087837838,24,7.375
20/04/1988,8.30116,NA,NA,NA,NA,NA,NA,NA,NA,NA,NA,NA,NA,NA,NA,NA,NA,NA,NA,NA,NA,NA,7.6,7.9,6.1,32.50796408,0.567371006,31,12.875
21/04/1988,8.30390,NA,NA,NA,NA,NA,NA,NA,NA,NA,NA,NA,NA,NA,NA,NA,NA,NA,NA,NA,NA,NA,0.9,8.6,5,50.3950779,0.879560036,28,16.20833333
22/04/1988,8.30664,NA,NA,NA,NA,NA,NA,NA,NA,NA,NA,NA,NA,NA,NA,NA,NA,NA,NA,NA,NA,NA,0,10,4.4,74.16668016,1.294452764,27,14.625
23/04/1988,8.30938,NA,NA,NA,NA,NA,NA,NA,NA,NA,NA,NA,NA,NA,NA,NA,NA,NA,NA,NA,NA,NA,0,9.5,3.3,125.047301,2.182487122,24,8.416666667
24/04/1988,8.31211,NA,NA,NA,NA,NA,NA,NA,NA,NA,NA,NA,NA,NA,NA,NA,NA,NA,NA,NA,NA,NA,1.4,8.9,6.3,-175.2404395,-3.058522653,17,6.791666667
25/04/1988,8.31485,NA,NA,NA,NA,NA,NA,NA,NA,NA,NA,NA,NA,NA,NA,NA,NA,NA,NA,NA,NA,NA,1,11.7,7.2,-107.7289514,-1.880224902,14,5.708333333
26/04/1988,8.31759,NA,NA,NA,NA,NA,NA,NA,NA,NA,NA,NA,NA,NA,NA,NA,NA,NA,NA,NA,NA,NA,0,8.8,6.5,39.23823459,0.684836386,18,9.416666667
27/04/1988,8.32033,NA,NA,NA,NA,NA,NA,NA,NA,NA,NA,NA,NA,NA,NA,NA,NA,NA,NA,NA,NA,NA,1.7,9.6,5.2,126.5097904,2.208012378,18,6.875
28/04/1988,8.32307,NA,NA,NA,NA,NA,NA,NA,NA,NA,NA,NA,NA,NA,NA,NA,NA,NA,NA,NA,NA,NA,0.2,10.5,4.9,100.9178982,1.761349598,20,6.958333333
29/04/1988,8.32580,NA,NA,NA,NA,NA,NA,NA,NA,NA,NA,NA,NA,NA,NA,NA,NA,NA,NA,NA,NA,NA,0,10.1,2.5,87.80663092,1.532514815,15,5.916666667
30/04/1988,8.32854,NA,NA,NA,NA,NA,NA,NA,NA,NA,NA,NA,NA,NA,NA,NA,NA,NA,NA,NA,NA,NA,0,10,3.2,66.53238428,1.161209165,25,10.04166667
01/05/1988,8.33128,NA,NA,NA,NA,NA,NA,NA,NA,NA,NA,NA,NA,NA,NA,NA,NA,NA,NA,NA,NA,NA,4,7.9,5.7,48.32743055,0.843472782,34,20.16666667
02/05/1988,8.33402,NA,NA,NA,NA,NA,NA,NA,NA,NA,NA,NA,NA,NA,NA,NA,NA,NA,NA,NA,NA,NA,10.2,7.2,5.8,31.24900087,0.545397953,41,25
03/05/1988,8.33676,NA,NA,NA,NA,NA,NA,NA,NA,NA,NA,NA,NA,NA,NA,NA,NA,NA,NA,NA,NA,NA,1.3,7.2,5.9,39.16778854,0.683606871,34,22.20833333
04/05/1988,8.33949,NA,NA,NA,NA,NA,NA,NA,NA,NA,NA,NA,NA,NA,NA,NA,NA,NA,NA,NA,NA,NA,0.1,9,5.3,68.62116066,1.19766519,26,11.20833333
05/05/1988,8.34223,NA,NA,NA,NA,NA,NA,NA,NA,NA,NA,NA,NA,NA,NA,NA,NA,NA,NA,NA,NA,NA,1,11.7,4.8,-162.0238427,-2.827849523,31,11.875
06/05/1988,8.34497,NA,NA,NA,NA,NA,NA,NA,NA,NA,NA,NA,NA,NA,NA,NA,NA,NA,NA,NA,NA,NA,0,13.7,7.5,175.6794109,3.066184149,32,15.45833333
07/05/1988,8.34771,NA,NA,NA,NA,NA,NA,NA,NA,NA,NA,NA,NA,NA,NA,NA,NA,NA,NA,NA,NA,NA,0,15.9,5.8,145.2219614,2.534601373,20,5.833333333
08/05/1988,8.35044,NA,NA,NA,NA,NA,NA,NA,NA,NA,NA,NA,NA,NA,NA,NA,NA,NA,NA,NA,NA,NA,0,14.2,7.8,-57.93740708,-1.011198514,25,7.875
09/05/1988,8.35318,NA,NA,NA,NA,NA,NA,NA,NA,NA,NA,NA,NA,NA,NA,NA,NA,NA,NA,NA,NA,NA,0.4,11.1,2.2,-161.4584069,-2.817980806,29,10.83333333
10/05/1988,8.35592,NA,NA,NA,NA,NA,NA,NA,NA,NA,NA,NA,NA,NA,NA,NA,NA,NA,NA,NA,NA,NA,1,11.9,8.8,172.8494031,3.016791195,22,11.20833333
11/05/1988,8.35866,NA,NA,NA,NA,NA,NA,NA,NA,NA,NA,NA,NA,NA,NA,NA,NA,NA,NA,NA,NA,NA,0,16.2,8.2,117.9622121,2.058828995,13,4.708333333
12/05/1988,8.36140,NA,NA,NA,NA,NA,NA,NA,NA,NA,NA,NA,NA,NA,NA,NA,NA,NA,NA,NA,NA,NA,0,15.6,8,83.54296978,1.458099889,28,11.91666667
13/05/1988,8.36413,NA,NA,NA,NA,NA,NA,NA,NA,NA,NA,NA,NA,NA,NA,NA,NA,NA,NA,NA,NA,NA,0,16.2,8.6,72.0842957,1.258108299,28,14.20833333
14/05/1988,8.36687,NA,NA,NA,NA,NA,NA,NA,NA,NA,NA,NA,NA,NA,NA,NA,NA,NA,NA,NA,NA,NA,0,19.8,10.1,68.86645383,1.201946364,31,12.625
15/05/1988,8.36961,NA,NA,NA,NA,NA,NA,NA,NA,NA,NA,NA,NA,NA,NA,NA,NA,NA,NA,NA,NA,NA,0,14.1,8.8,35.22926825,0.614866724,24,11.75
16/05/1988,8.37235,NA,NA,NA,NA,NA,NA,NA,NA,NA,NA,NA,NA,NA,NA,NA,NA,NA,NA,NA,NA,NA,0,12.4,7.2,14.24720211,0.248660586,22,12.70833333
17/05/1988,8.37509,NA,NA,NA,NA,NA,NA,NA,NA,NA,NA,NA,NA,NA,NA,NA,NA,NA,NA,NA,NA,NA,0,8.8,4.3,-20.80579454,-0.363129618,30,14.79166667
18/05/1988,8.37782,NA,NA,NA,NA,NA,NA,NA,NA,NA,NA,NA,NA,NA,NA,NA,NA,NA,NA,NA,NA,NA,2.5,7.7,2.8,-21.56037696,-0.376299566,20,8.625
19/05/1988,8.38056,NA,NA,NA,NA,NA,NA,NA,NA,NA,NA,NA,NA,NA,NA,NA,NA,NA,NA,NA,NA,NA,1.8,9.1,2.5,-72.44491475,-1.264402289,22,6.541666667
20/05/1988,8.38330,NA,NA,NA,NA,NA,NA,NA,NA,NA,NA,NA,NA,NA,NA,NA,NA,NA,NA,NA,NA,NA,0,13.1,2,-127.2229644,-2.220459614,25,9.875
21/05/1988,8.38604,NA,NA,NA,NA,NA,NA,NA,NA,NA,NA,NA,NA,NA,NA,NA,NA,NA,NA,NA,NA,NA,0,14.7,5.2,156.3574293,2.728951951,20,8.25
22/05/1988,8.38877,NA,NA,NA,NA,NA,NA,NA,NA,NA,NA,NA,NA,NA,NA,NA,NA,NA,NA,NA,NA,NA,0,17.5,5.5,90.90043047,1.586511803,17,7.125
23/05/1988,8.39151,NA,NA,NA,NA,NA,NA,NA,NA,NA,NA,NA,NA,NA,NA,NA,NA,NA,NA,NA,NA,NA,0,14.7,8,87.90828736,1.534289054,34,16.375
24/05/1988,8.39425,NA,NA,NA,NA,NA,NA,NA,NA,NA,NA,NA,NA,NA,NA,NA,NA,NA,NA,NA,NA,NA,5.3,13.8,8.6,103.95324,1.814326306,24,9.125
25/05/1988,8.39699,NA,NA,NA,NA,NA,NA,NA,NA,NA,NA,NA,NA,NA,NA,NA,NA,NA,NA,NA,NA,NA,8.9,13.5,6.4,163.0551059,2.84584846,41,17.54166667
26/05/1988,8.39973,NA,NA,NA,NA,NA,NA,NA,NA,NA,NA,NA,NA,NA,NA,NA,NA,NA,NA,NA,NA,NA,0.9,15.2,9,148.2950792,2.588237396,27,11.375
27/05/1988,8.40246,NA,NA,NA,NA,NA,NA,NA,NA,NA,NA,NA,NA,NA,NA,NA,NA,NA,NA,NA,NA,NA,0.2,13.4,8.7,146.4429845,2.555912247,33,13.16666667
28/05/1988,8.40520,NA,NA,NA,NA,NA,NA,NA,NA,NA,NA,NA,NA,NA,NA,NA,NA,NA,NA,NA,NA,NA,0,17.7,7.1,83.6309149,1.459634821,26,10.5
29/05/1988,8.40794,NA,NA,NA,NA,NA,NA,NA,NA,NA,NA,NA,NA,NA,NA,NA,NA,NA,NA,NA,NA,NA,0,14,9.4,48.74995727,0.850847265,20,8.458333333
30/05/1988,8.41068,NA,NA,NA,NA,NA,NA,NA,NA,NA,NA,NA,NA,NA,NA,NA,NA,NA,NA,NA,NA,NA,5.4,13,9,101.200524,1.766282349,26,10.41666667
31/05/1988,8.41342,NA,NA,NA,NA,NA,NA,NA,NA,NA,NA,NA,NA,NA,NA,NA,NA,NA,NA,NA,NA,NA,0.1,12.1,9.6,135.7486404,2.36926073,19,9
01/06/1988,8.41615,NA,NA,NA,NA,NA,NA,NA,NA,NA,NA,NA,NA,NA,NA,NA,NA,NA,NA,NA,NA,NA,0.2,14.5,9.4,102.9798775,1.797337926,14,5.875
02/06/1988,8.41889,NA,NA,NA,NA,NA,NA,NA,NA,NA,NA,NA,NA,NA,NA,NA,NA,NA,NA,NA,NA,NA,4.2,14,9.6,163.3534315,2.851055225,23,11
03/06/1988,8.42163,NA,NA,NA,NA,NA,NA,NA,NA,NA,NA,NA,NA,NA,NA,NA,NA,NA,NA,NA,NA,NA,0.1,12.4,9.2,65.19435759,1.137856194,22,8.875
04/06/1988,8.42437,NA,NA,NA,NA,NA,NA,NA,NA,NA,NA,NA,NA,NA,NA,NA,NA,NA,NA,NA,NA,NA,0,11.9,7.6,-35.33979961,-0.61679586,22,10.95833333
05/06/1988,8.42710,NA,NA,NA,NA,NA,NA,NA,NA,NA,NA,NA,NA,NA,NA,NA,NA,NA,NA,NA,NA,NA,0,13.2,4,-168.1891105,-2.935453744,18,8.130434783
06/06/1988,8.42984,NA,NA,NA,NA,NA,NA,NA,NA,NA,NA,NA,NA,NA,NA,NA,NA,NA,NA,NA,NA,NA,6.2,13.1,9.7,173.0100007,3.019594152,24,10.54166667
07/06/1988,8.43258,NA,NA,NA,NA,NA,NA,NA,NA,NA,NA,NA,NA,NA,NA,NA,NA,NA,NA,NA,NA,NA,7.6,12.1,9.2,-1.629237698,-0.028435562,19,9.666666667
08/06/1988,8.43532,NA,NA,NA,NA,NA,NA,NA,NA,NA,NA,NA,NA,NA,NA,NA,NA,NA,NA,NA,NA,NA,0,12.4,9.2,8.385089592,0.146347421,19,11.08333333
09/06/1988,8.43806,NA,NA,NA,NA,NA,NA,NA,NA,NA,NA,NA,NA,NA,NA,NA,NA,NA,NA,NA,NA,NA,0,11.9,9.5,11.27458472,0.196778625,19,11
10/06/1988,8.44079,NA,NA,NA,NA,NA,NA,NA,NA,NA,NA,NA,NA,NA,NA,NA,NA,NA,NA,NA,NA,NA,0,11.7,9,18.31905721,0.319727864,21,11.75
11/06/1988,8.44353,NA,NA,NA,NA,NA,NA,NA,NA,NA,NA,NA,NA,NA,NA,NA,NA,NA,NA,NA,NA,NA,0,13.9,9.2,22.37416906,0.390502917,19,8.708333333
12/06/1988,8.44627,NA,NA,NA,NA,NA,NA,NA,NA,NA,NA,NA,NA,NA,NA,NA,NA,NA,NA,NA,NA,NA,0,18,7.9,-68.65783937,-1.198305354,NA,5.625
13/06/1988,8.44901,NA,NA,NA,NA,NA,NA,NA,NA,NA,NA,NA,NA,NA,NA,NA,NA,NA,NA,NA,NA,NA,0,13.7,8.9,-2.669415628,-0.046590092,13,4.75
14/06/1988,8.45175,NA,NA,NA,NA,NA,NA,NA,NA,NA,NA,NA,NA,NA,NA,NA,NA,NA,NA,NA,NA,NA,0,13.4,9.5,61.02551179,1.065096108,NA,3.5
15/06/1988,8.45448,NA,NA,NA,NA,NA,NA,NA,NA,NA,NA,NA,NA,NA,NA,NA,NA,NA,NA,NA,NA,NA,0,15.2,11.6,-173.3803235,-3.026057504,15,5.916666667
16/06/1988,8.45722,NA,NA,NA,NA,NA,NA,NA,NA,NA,NA,NA,NA,NA,NA,NA,NA,NA,NA,NA,NA,NA,0.3,13.7,10.7,12.71113355,0.221851132,19,7.583333333
17/06/1988,8.45996,NA,NA,NA,NA,NA,NA,NA,NA,NA,NA,NA,NA,NA,NA,NA,NA,NA,NA,NA,NA,NA,0,12.6,9.6,35.11034503,0.612791122,12,4.916666667
18/06/1988,8.46270,NA,NA,NA,NA,NA,NA,NA,NA,NA,NA,NA,NA,NA,NA,NA,NA,NA,NA,NA,NA,NA,0,16.3,6.2,-164.0768224,-2.863680776,23,8.083333333
19/06/1988,8.46543,NA,NA,NA,NA,NA,NA,NA,NA,NA,NA,NA,NA,NA,NA,NA,NA,NA,NA,NA,NA,NA,0,16.2,12,-177.6016326,-3.099733246,16,7.25
20/06/1988,8.46817,NA,NA,NA,NA,NA,NA,NA,NA,NA,NA,NA,NA,NA,NA,NA,NA,NA,NA,NA,NA,NA,2.8,15.2,12,167.9162703,2.930691784,28,15.25
21/06/1988,8.47091,NA,NA,NA,NA,NA,NA,NA,NA,NA,NA,NA,NA,NA,NA,NA,NA,NA,NA,NA,NA,NA,4.2,14.2,10,-112.368239,-1.961195746,27,14.29166667
22/06/1988,8.47365,NA,NA,NA,NA,NA,NA,NA,NA,NA,NA,NA,NA,NA,NA,NA,NA,NA,NA,NA,NA,NA,0,15.7,6.6,-141.6354696,-2.472005283,28,12.54166667
23/06/1988,8.47639,NA,NA,NA,NA,NA,NA,NA,NA,NA,NA,NA,NA,NA,NA,NA,NA,NA,NA,NA,NA,NA,0.1,17.6,11.8,-156.4281084,-2.730185535,24,13.08333333
24/06/1988,8.47912,NA,NA,NA,NA,NA,NA,NA,NA,NA,NA,NA,NA,NA,NA,NA,NA,NA,NA,NA,NA,NA,0.1,16.2,11.4,-166.7404916,-2.910170575,20,10.33333333
25/06/1988,8.48186,NA,NA,NA,NA,NA,NA,NA,NA,NA,NA,NA,NA,NA,NA,NA,NA,NA,NA,NA,NA,NA,0,14.9,10.4,-117.1155566,-2.044052068,13,6.541666667
26/06/1988,8.48460,NA,NA,NA,NA,NA,NA,NA,NA,NA,NA,NA,NA,NA,NA,NA,NA,NA,NA,NA,NA,NA,0,15.1,11.5,73.55986924,1.283861916,15,4.958333333
27/06/1988,8.48734,NA,NA,NA,NA,NA,NA,NA,NA,NA,NA,NA,NA,NA,NA,NA,NA,NA,NA,NA,NA,NA,0.8,12.8,10.2,12.07201419,0.210696395,21,12.75
28/06/1988,8.49008,NA,NA,NA,NA,NA,NA,NA,NA,NA,NA,NA,NA,NA,NA,NA,NA,NA,NA,NA,NA,NA,0,12.6,10.3,15,0.261799388,22,15.125
29/06/1988,8.49281,NA,NA,NA,NA,NA,NA,NA,NA,NA,NA,NA,NA,NA,NA,NA,NA,NA,NA,NA,NA,NA,0,14.6,7.7,43.02160288,0.75086862,20,8.583333333
30/06/1988,8.49555,NA,NA,NA,NA,NA,NA,NA,NA,NA,NA,NA,NA,NA,NA,NA,NA,NA,NA,NA,NA,NA,0,19.7,10.2,87.44101118,1.526133546,14,7.375
01/07/1988,8.49829,NA,NA,NA,NA,NA,NA,NA,NA,NA,NA,NA,NA,NA,NA,NA,NA,NA,NA,NA,NA,NA,0,17.9,13.1,66.10085194,1.153677505,28,12.5
02/07/1988,8.50103,NA,NA,NA,NA,NA,NA,NA,NA,NA,NA,NA,NA,NA,NA,NA,NA,NA,NA,NA,NA,NA,14.8,14.1,11.2,25.44597155,0.444115985,26,12.70833333
03/07/1988,8.50376,NA,NA,NA,NA,NA,NA,NA,NA,NA,NA,NA,NA,NA,NA,NA,NA,NA,NA,NA,NA,NA,0.1,14.3,10.4,17.09996952,0.29845077,24,14.41666667
04/07/1988,8.50650,NA,NA,NA,NA,NA,NA,NA,NA,NA,NA,NA,NA,NA,NA,NA,NA,NA,NA,NA,NA,NA,1.3,13.7,10.1,17.44410615,0.304457087,28,12.625
05/07/1988,8.50924,NA,NA,NA,NA,NA,NA,NA,NA,NA,NA,NA,NA,NA,NA,NA,NA,NA,NA,NA,NA,NA,3.7,13.6,10.1,12.92715005,0.225621331,38,20.16666667
06/07/1988,8.51198,NA,NA,NA,NA,NA,NA,NA,NA,NA,NA,NA,NA,NA,NA,NA,NA,NA,NA,NA,NA,NA,0,13.7,11.6,15.84926608,0.276621877,35,18.625
07/07/1988,8.51472,NA,NA,NA,NA,NA,NA,NA,NA,NA,NA,NA,NA,NA,NA,NA,NA,NA,NA,NA,NA,NA,0.5,12.7,10.2,25.83680952,0.450937394,20,8.833333333
08/07/1988,8.51745,NA,NA,NA,NA,NA,NA,NA,NA,NA,NA,NA,NA,NA,NA,NA,NA,NA,NA,NA,NA,NA,4.7,13.4,9.6,-117.1915301,-2.045378055,NA,4.666666667
09/07/1988,8.52019,NA,NA,NA,NA,NA,NA,NA,NA,NA,NA,NA,NA,NA,NA,NA,NA,NA,NA,NA,NA,NA,0.4,15.2,10,-163.1895724,-2.848195343,19,8.916666667
10/07/1988,8.52293,NA,NA,NA,NA,NA,NA,NA,NA,NA,NA,NA,NA,NA,NA,NA,NA,NA,NA,NA,NA,NA,9.3,16.4,11.5,174.5221284,3.045985758,31,14.20833333
11/07/1988,8.52567,NA,NA,NA,NA,NA,NA,NA,NA,NA,NA,NA,NA,NA,NA,NA,NA,NA,NA,NA,NA,NA,23.9,13.6,9.6,-136.8956849,-2.389280434,33,14.16666667
12/07/1988,8.52841,NA,NA,NA,NA,NA,NA,NA,NA,NA,NA,NA,NA,NA,NA,NA,NA,NA,NA,NA,NA,NA,0.3,14.5,10.5,-158.7147539,-2.770095028,22,9.125
13/07/1988,8.53114,NA,NA,NA,NA,NA,NA,NA,NA,NA,NA,NA,NA,NA,NA,NA,NA,NA,NA,NA,NA,NA,0,14.5,11.2,26.20776042,0.457411709,22,11.125
14/07/1988,8.53388,NA,NA,NA,NA,NA,NA,NA,NA,NA,NA,NA,NA,NA,NA,NA,NA,NA,NA,NA,NA,NA,4.7,14.2,10.2,-19.9873401,-0.348844894,27,14.08333333
15/07/1988,8.53662,NA,NA,NA,NA,NA,NA,NA,NA,NA,NA,NA,NA,NA,NA,NA,NA,NA,NA,NA,NA,NA,0,12.7,9.5,6.809572417,0.118849459,12,5.473684211
16/07/1988,8.53936,NA,NA,NA,NA,NA,NA,NA,NA,NA,NA,NA,NA,NA,NA,NA,NA,NA,NA,NA,NA,NA,5,13.3,10.3,173.7441778,3.032407958,17,8.916666667
17/07/1988,8.54209,NA,NA,NA,NA,NA,NA,NA,NA,NA,NA,NA,NA,NA,NA,NA,NA,NA,NA,NA,NA,NA,4.1,14.7,10.3,-149.6324297,-2.611578566,20,7.5
18/07/1988,8.54483,NA,NA,NA,NA,NA,NA,NA,NA,NA,NA,NA,NA,NA,NA,NA,NA,NA,NA,NA,NA,NA,3,14.6,10.4,-153.986626,-2.687573628,24,9.833333333
19/07/1988,8.54757,NA,NA,NA,NA,NA,NA,NA,NA,NA,NA,NA,NA,NA,NA,NA,NA,NA,NA,NA,NA,NA,6.1,16.4,11.4,-148.3659245,-2.58947388,22,10.70833333
20/07/1988,8.55031,NA,NA,NA,NA,NA,NA,NA,NA,NA,NA,NA,NA,NA,NA,NA,NA,NA,NA,NA,NA,NA,0.2,16.2,9.4,-156.0462373,-2.723520626,23,9.045454545
21/07/1988,8.55305,NA,NA,NA,NA,NA,NA,NA,NA,NA,NA,NA,NA,NA,NA,NA,NA,NA,NA,NA,NA,NA,0.9,16.3,10.5,159.8263926,2.789496783,18,8.791666667
22/07/1988,8.55578,NA,NA,NA,NA,NA,NA,NA,NA,NA,NA,NA,NA,NA,NA,NA,NA,NA,NA,NA,NA,NA,0,16.9,7.8,21.48022238,0.374900605,21,8.25
23/07/1988,8.55852,NA,NA,NA,NA,NA,NA,NA,NA,NA,NA,NA,NA,NA,NA,NA,NA,NA,NA,NA,NA,NA,21.4,18.5,12.8,85.93878062,1.499914677,22,7.625
24/07/1988,8.56126,NA,NA,NA,NA,NA,NA,NA,NA,NA,NA,NA,NA,NA,NA,NA,NA,NA,NA,NA,NA,NA,15.3,15.9,11.6,-144.5311527,-2.522544486,26,11.875
25/07/1988,8.56400,NA,NA,NA,NA,NA,NA,NA,NA,NA,NA,NA,NA,NA,NA,NA,NA,NA,NA,NA,NA,NA,17.5,15.4,10.8,175.7061818,3.066651389,41,18.375
26/07/1988,8.56674,NA,NA,NA,NA,NA,NA,NA,NA,NA,NA,NA,NA,NA,NA,NA,NA,NA,NA,NA,NA,NA,7.9,15,10.8,-143.7150581,-2.508300948,35,15.625
27/07/1988,8.56947,NA,NA,NA,NA,NA,NA,NA,NA,NA,NA,NA,NA,NA,NA,NA,NA,NA,NA,NA,NA,NA,1.6,15.1,10.4,-145.4243432,-2.538133601,27,11.58333333
28/07/1988,8.57221,NA,NA,NA,NA,NA,NA,NA,NA,NA,NA,NA,NA,NA,NA,NA,NA,NA,NA,NA,NA,NA,4.3,15.6,9.6,-154.7655016,-2.701167572,35,8.291666667
29/07/1988,8.57495,NA,NA,NA,NA,NA,NA,NA,NA,NA,NA,NA,NA,NA,NA,NA,NA,NA,NA,NA,NA,NA,2,14.1,5.7,-102.580482,-1.79036716,NA,4.083333333
30/07/1988,8.57769,NA,NA,NA,NA,NA,NA,NA,NA,NA,NA,NA,NA,NA,NA,NA,NA,NA,NA,NA,NA,NA,2.5,14.4,8,119.9913357,2.094243883,NA,3.625
31/07/1988,8.58042,NA,NA,NA,NA,NA,NA,NA,NA,NA,NA,NA,NA,NA,NA,NA,NA,NA,NA,NA,NA,NA,6.8,14.7,8.1,-117.4788276,-2.050392343,NA,2.916666667
01/08/1988,8.58316,NA,NA,NA,NA,NA,NA,NA,NA,NA,NA,NA,NA,NA,NA,NA,NA,NA,NA,NA,NA,NA,2.5,14.4,9,40.5173053,0.707160381,10,2.583333333
02/08/1988,8.58590,NA,NA,NA,NA,NA,NA,NA,NA,NA,NA,NA,NA,NA,NA,NA,NA,NA,NA,NA,NA,NA,3.9,15.2,7.8,-131.207434,-2.290001727,20,7.541666667
03/08/1988,8.58864,NA,NA,NA,NA,NA,NA,NA,NA,NA,NA,NA,NA,NA,NA,NA,NA,NA,NA,NA,NA,NA,1.2,15.8,10.5,-125.0270271,-2.182133277,27,10.33333333
04/08/1988,8.59138,NA,NA,NA,NA,NA,NA,NA,NA,NA,NA,NA,NA,NA,NA,NA,NA,NA,NA,NA,NA,NA,0,16.8,10.9,-132.82282,-2.318195532,20,10.20833333
05/08/1988,8.59411,NA,NA,NA,NA,NA,NA,NA,NA,NA,NA,NA,NA,NA,NA,NA,NA,NA,NA,NA,NA,NA,7.1,14.5,12.9,-178.7494093,-3.119765728,29,13.875
06/08/1988,8.59685,NA,NA,NA,NA,NA,NA,NA,NA,NA,NA,NA,NA,NA,NA,NA,NA,NA,NA,NA,NA,NA,2.7,17.4,12.6,-179.9227717,-3.140244765,17,7.583333333
07/08/1988,8.59959,NA,NA,NA,NA,NA,NA,NA,NA,NA,NA,NA,NA,NA,NA,NA,NA,NA,NA,NA,NA,NA,0.6,18.9,10.2,144.8462056,2.528043197,16,4.208333333
08/08/1988,8.60233,NA,NA,NA,NA,NA,NA,NA,NA,NA,NA,NA,NA,NA,NA,NA,NA,NA,NA,NA,NA,NA,0.2,20.7,9.6,144.8486595,2.528086025,29,7.458333333
09/08/1988,8.60507,NA,NA,NA,NA,NA,NA,NA,NA,NA,NA,NA,NA,NA,NA,NA,NA,NA,NA,NA,NA,NA,1.7,16.5,11.7,174.3038907,3.042176791,21,8.75
10/08/1988,8.60780,NA,NA,NA,NA,NA,NA,NA,NA,NA,NA,NA,NA,NA,NA,NA,NA,NA,NA,NA,NA,NA,3.8,15.1,11,125.9677719,2.19855237,23,7.625
11/08/1988,8.61054,NA,NA,NA,NA,NA,NA,NA,NA,NA,NA,NA,NA,NA,NA,NA,NA,NA,NA,NA,NA,NA,6,16.9,10.9,-143.7256691,-2.508486146,20,6.541666667
12/08/1988,8.61328,NA,NA,NA,NA,NA,NA,NA,NA,NA,NA,NA,NA,NA,NA,NA,NA,NA,NA,NA,NA,NA,1.2,14.4,8.9,-56.94668059,-0.993907074,14,5.166666667
13/08/1988,8.61602,NA,NA,NA,NA,NA,NA,NA,NA,NA,NA,NA,NA,NA,NA,NA,NA,NA,NA,NA,NA,NA,5,16.2,10.8,-155.3869524,-2.712013934,21,6.791666667
14/08/1988,8.61875,NA,NA,NA,NA,NA,NA,NA,NA,NA,NA,NA,NA,NA,NA,NA,NA,NA,NA,NA,NA,NA,10.4,15.7,11.6,103.1127464,1.799656925,38,10.79166667
15/08/1988,8.62149,NA,NA,NA,NA,NA,NA,NA,NA,NA,NA,NA,NA,NA,NA,NA,NA,NA,NA,NA,NA,NA,7,15.7,11.3,-87.49528001,-1.527080716,44,16.79166667
16/08/1988,8.62423,NA,NA,NA,NA,NA,NA,NA,NA,NA,NA,NA,NA,NA,NA,NA,NA,NA,NA,NA,NA,NA,0,15.6,10.9,-125.2763354,-2.186484527,15,6.125
17/08/1988,8.62697,NA,NA,NA,NA,NA,NA,NA,NA,NA,NA,NA,NA,NA,NA,NA,NA,NA,NA,NA,NA,NA,2.1,14.5,11.6,150.1075855,2.619871599,22,8.166666667
18/08/1988,8.62971,NA,NA,NA,NA,NA,NA,NA,NA,NA,NA,NA,NA,NA,NA,NA,NA,NA,NA,NA,NA,NA,0.7,16.1,9,77.44883337,1.351737144,10,3.083333333
19/08/1988,8.63244,NA,NA,NA,NA,NA,NA,NA,NA,NA,NA,NA,NA,NA,NA,NA,NA,NA,NA,NA,NA,NA,2.4,13.7,9.7,12.41293552,0.216646595,16,5.916666667
20/08/1988,8.63518,NA,NA,NA,NA,NA,NA,NA,NA,NA,NA,NA,NA,NA,NA,NA,NA,NA,NA,NA,NA,NA,4,12.4,10.3,-40.23036581,-0.702152343,36,15.5
21/08/1988,8.63792,NA,NA,NA,NA,NA,NA,NA,NA,NA,NA,NA,NA,NA,NA,NA,NA,NA,NA,NA,NA,NA,0,12.7,8,-48.04761175,-0.838589023,25,10.45833333
22/08/1988,8.64066,NA,NA,NA,NA,NA,NA,NA,NA,NA,NA,NA,NA,NA,NA,NA,NA,NA,NA,NA,NA,NA,2.2,13,4.5,-142.2103759,-2.48203929,19,6.5
23/08/1988,8.64339,NA,NA,NA,NA,NA,NA,NA,NA,NA,NA,NA,NA,NA,NA,NA,NA,NA,NA,NA,NA,NA,0.9,14.6,10,-136.2790758,-2.378518574,27,7.583333333
24/08/1988,8.64613,NA,NA,NA,NA,NA,NA,NA,NA,NA,NA,NA,NA,NA,NA,NA,NA,NA,NA,NA,NA,NA,6.6,14.7,10.7,-158.8235495,-2.771993868,34,14
25/08/1988,8.64887,NA,NA,NA,NA,NA,NA,NA,NA,NA,NA,NA,NA,NA,NA,NA,NA,NA,NA,NA,NA,NA,6,15.6,10.1,-55.02637492,-0.960391418,31,9.083333333
26/08/1988,8.65161,NA,NA,NA,NA,NA,NA,NA,NA,NA,NA,NA,NA,NA,NA,NA,NA,NA,NA,NA,NA,NA,0,14.9,7.4,164.1869493,2.865602854,NA,4.916666667
27/08/1988,8.65435,NA,NA,NA,NA,NA,NA,NA,NA,NA,NA,NA,NA,NA,NA,NA,NA,NA,NA,NA,NA,NA,10.8,14.5,11.5,179.6757488,3.135933402,44,20.54166667
28/08/1988,8.65708,NA,NA,NA,NA,NA,NA,NA,NA,NA,NA,NA,NA,NA,NA,NA,NA,NA,NA,NA,NA,NA,2.3,13.9,10.2,173.2652091,3.024048377,29,14.95833333
29/08/1988,8.65982,NA,NA,NA,NA,NA,NA,NA,NA,NA,NA,NA,NA,NA,NA,NA,NA,NA,NA,NA,NA,NA,9.3,13.6,9.6,-154.0618283,-2.688886155,32,14.375
30/08/1988,8.66256,NA,NA,NA,NA,NA,NA,NA,NA,NA,NA,NA,NA,NA,NA,NA,NA,NA,NA,NA,NA,NA,5.2,13.4,9.6,-177.0907654,-3.090816932,34,15.29166667
31/08/1988,8.66530,NA,NA,NA,NA,NA,NA,NA,NA,NA,NA,NA,NA,NA,NA,NA,NA,NA,NA,NA,NA,NA,3.6,15.1,9.2,-166.017893,-2.897558849,44,13.29166667
01/09/1988,8.66804,NA,NA,NA,NA,NA,NA,NA,NA,NA,NA,NA,NA,NA,NA,NA,NA,NA,NA,NA,NA,NA,17.4,13.3,9.9,78.88776896,1.376851308,34,12.41666667
02/09/1988,8.67077,NA,NA,NA,NA,NA,NA,NA,NA,NA,NA,NA,NA,NA,NA,NA,NA,NA,NA,NA,NA,NA,2.4,17.7,10.4,126.4286809,2.206596751,34,11.375
03/09/1988,8.67351,NA,NA,NA,NA,NA,NA,NA,NA,NA,NA,NA,NA,NA,NA,NA,NA,NA,NA,NA,NA,NA,7,13.2,9.6,-165.1358085,-2.882163572,46,18.5
04/09/1988,8.67625,NA,NA,NA,NA,NA,NA,NA,NA,NA,NA,NA,NA,NA,NA,NA,NA,NA,NA,NA,NA,NA,8.1,15,10.5,-157.4697172,-2.748365037,34,17.875
05/09/1988,8.67899,NA,NA,NA,NA,NA,NA,NA,NA,NA,NA,NA,NA,NA,NA,NA,NA,NA,NA,NA,NA,NA,3,15.9,8.2,-154.8016774,-2.701798957,20,8.458333333
06/09/1988,8.68172,NA,NA,NA,NA,NA,NA,NA,NA,NA,NA,NA,NA,NA,NA,NA,NA,NA,NA,NA,NA,NA,2.3,15.1,10.4,149.4353292,2.608138513,23,8.666666667
07/09/1988,8.68446,NA,NA,NA,NA,NA,NA,NA,NA,NA,NA,NA,NA,NA,NA,NA,NA,NA,NA,NA,NA,NA,1.7,17.1,13,175.0189652,3.054657195,25,12.875
08/09/1988,8.68720,NA,NA,NA,NA,NA,NA,NA,NA,NA,NA,NA,NA,NA,NA,NA,NA,NA,NA,NA,NA,NA,10.5,15.7,10.5,-135.537492,-2.365575496,19,7.791666667
09/09/1988,8.68994,NA,NA,NA,NA,NA,NA,NA,NA,NA,NA,NA,NA,NA,NA,NA,NA,NA,NA,NA,NA,NA,1.6,12.9,10,-168.5088202,-2.94103373,29,11.33333333
10/09/1988,8.69268,NA,NA,NA,NA,NA,NA,NA,NA,NA,NA,NA,NA,NA,NA,NA,NA,NA,NA,NA,NA,NA,1.3,14.6,9.4,-118.4928627,-2.068090594,31,9.5
11/09/1988,8.69541,NA,NA,NA,NA,NA,NA,NA,NA,NA,NA,NA,NA,NA,NA,NA,NA,NA,NA,NA,NA,NA,4.7,14.3,7.7,-129.5831694,-2.261652962,23,9.833333333
12/09/1988,8.69815,NA,NA,NA,NA,NA,NA,NA,NA,NA,NA,NA,NA,NA,NA,NA,NA,NA,NA,NA,NA,NA,14.3,12.6,9.1,-46.70368889,-0.815133144,37,14.66666667
13/09/1988,8.70089,NA,NA,NA,NA,NA,NA,NA,NA,NA,NA,NA,NA,NA,NA,NA,NA,NA,NA,NA,NA,NA,0.8,12.8,9.1,-16.23865635,-0.283418019,28,12.70833333
14/09/1988,8.70363,NA,NA,NA,NA,NA,NA,NA,NA,NA,NA,NA,NA,NA,NA,NA,NA,NA,NA,NA,NA,NA,0,13.1,8.1,-87.30114198,-1.523692368,16,5.75
15/09/1988,8.70637,NA,NA,NA,NA,NA,NA,NA,NA,NA,NA,NA,NA,NA,NA,NA,NA,NA,NA,NA,NA,NA,0,14,9.9,-129.184848,-2.254700942,24,10.20833333
16/09/1988,8.70910,NA,NA,NA,NA,NA,NA,NA,NA,NA,NA,NA,NA,NA,NA,NA,NA,NA,NA,NA,NA,NA,0,16.2,10.6,-111.4111098,-1.944490689,23,10.41666667
17/09/1988,8.71184,NA,NA,NA,NA,NA,NA,NA,NA,NA,NA,NA,NA,NA,NA,NA,NA,NA,NA,NA,NA,NA,0,14.2,10.6,-119.113506,-2.078922863,23,10.54166667
18/09/1988,8.71458,NA,NA,NA,NA,NA,NA,NA,NA,NA,NA,NA,NA,NA,NA,NA,NA,NA,NA,NA,NA,NA,0.2,14.3,11.7,-133.3081562,-2.326666245,27,13.20833333
19/09/1988,8.71732,NA,NA,NA,NA,NA,NA,NA,NA,NA,NA,NA,NA,NA,NA,NA,NA,NA,NA,NA,NA,NA,0,16,11.8,-140.8559747,-2.45840053,29,14.58333333
20/09/1988,8.72005,NA,NA,NA,NA,NA,NA,NA,NA,NA,NA,NA,NA,NA,NA,NA,NA,NA,NA,NA,NA,NA,0.1,14.9,12.6,-152.491922,-2.661486122,23,13
21/09/1988,8.72279,NA,NA,NA,NA,NA,NA,NA,NA,NA,NA,NA,NA,NA,NA,NA,NA,NA,NA,NA,NA,NA,0.6,14.5,9.7,-176.2705826,-3.076502041,38,15.41666667
22/09/1988,8.72553,NA,NA,NA,NA,NA,NA,NA,NA,NA,NA,NA,NA,NA,NA,NA,NA,NA,NA,NA,NA,NA,5.9,13.3,9.7,-170.9467896,-2.983584324,28,12.20833333
23/09/1988,8.72827,NA,NA,NA,NA,NA,NA,NA,NA,NA,NA,NA,NA,NA,NA,NA,NA,NA,NA,NA,NA,NA,3.8,12.1,6,-107.6605697,-1.879031416,24,5.958333333
24/09/1988,8.73101,NA,NA,NA,NA,NA,NA,NA,NA,NA,NA,NA,NA,NA,NA,NA,NA,NA,NA,NA,NA,NA,1.6,12.6,6.1,-91.82980002,-1.602732362,21,7.291666667
25/09/1988,8.73374,NA,NA,NA,NA,NA,NA,NA,NA,NA,NA,NA,NA,NA,NA,NA,NA,NA,NA,NA,NA,NA,8.6,13.2,5,-161.8293664,-2.824455271,33,12.29166667
26/09/1988,8.73648,NA,NA,NA,NA,NA,NA,NA,NA,NA,NA,NA,NA,NA,NA,NA,NA,NA,NA,NA,NA,NA,3.8,12.6,8.1,-119.1302967,-2.079215916,31,12.5
27/09/1988,8.73922,NA,NA,NA,NA,NA,NA,NA,NA,NA,NA,NA,NA,NA,NA,NA,NA,NA,NA,NA,NA,NA,20.5,13.4,8,-159.6083459,-2.78569115,31,12.79166667
28/09/1988,8.74196,NA,NA,NA,NA,NA,NA,NA,NA,NA,NA,NA,NA,NA,NA,NA,NA,NA,NA,NA,NA,NA,5.9,11.1,6.8,-78.27829477,-1.366213977,40,16.125
29/09/1988,8.74470,NA,NA,NA,NA,NA,NA,NA,NA,NA,NA,NA,NA,NA,NA,NA,NA,NA,NA,NA,NA,NA,2.9,9,4.5,-53.26176219,-0.929593116,38,13.875
30/09/1988,8.74743,NA,NA,NA,NA,NA,NA,NA,NA,NA,NA,NA,NA,NA,NA,NA,NA,NA,NA,NA,NA,NA,0.8,11,3.8,-149.3121373,-2.605988409,39,10.16666667
01/10/1988,8.75017,NA,NA,NA,NA,NA,NA,NA,NA,NA,NA,NA,NA,NA,NA,NA,NA,NA,NA,NA,NA,NA,4.1,12.5,9.2,-175.0319332,-3.054883531,58,30.79166667
02/10/1988,8.75291,NA,NA,NA,NA,NA,NA,NA,NA,NA,NA,NA,NA,NA,NA,NA,NA,NA,NA,NA,NA,NA,0,13.9,9.9,-162.3720907,-2.833927595,30,14.5
03/10/1988,8.75565,NA,NA,NA,NA,NA,NA,NA,NA,NA,NA,NA,NA,NA,NA,NA,NA,NA,NA,NA,NA,NA,9,12.4,8.3,-162.6932342,-2.839532608,31,11.08333333
04/10/1988,8.75838,NA,NA,NA,NA,NA,NA,NA,NA,NA,NA,NA,NA,NA,NA,NA,NA,NA,NA,NA,NA,NA,6.9,11.4,8.4,92.86150969,1.620739093,22,11.04166667
05/10/1988,8.76112,NA,NA,NA,NA,NA,NA,NA,NA,NA,NA,NA,NA,NA,NA,NA,NA,NA,NA,NA,NA,NA,0,12.4,7.5,-81.21693293,-1.417502888,32,9
06/10/1988,8.76386,NA,NA,NA,NA,NA,NA,NA,NA,NA,NA,NA,NA,NA,NA,NA,NA,NA,NA,NA,NA,NA,9,10.8,5.3,-127.768664,-2.229983868,31,9.5
07/10/1988,8.76660,NA,NA,NA,NA,NA,NA,NA,NA,NA,NA,NA,NA,NA,NA,NA,NA,NA,NA,NA,NA,NA,32.6,10.5,6.2,-58.25897838,-1.016810992,41,19.375
08/10/1988,8.76934,NA,NA,NA,NA,NA,NA,NA,NA,NA,NA,NA,NA,NA,NA,NA,NA,NA,NA,NA,NA,NA,16.7,9.2,3.7,-24.23198867,-0.422927987,33,10.875
09/10/1988,8.77207,NA,NA,NA,NA,NA,NA,NA,NA,NA,NA,NA,NA,NA,NA,NA,NA,NA,NA,NA,NA,NA,6.5,8.9,4.4,-14.07894991,-0.245724031,36,16.04166667
10/10/1988,8.77481,NA,NA,NA,NA,NA,NA,NA,NA,NA,NA,NA,NA,NA,NA,NA,NA,NA,NA,NA,NA,NA,0,10.1,1.7,-91.90656231,-1.604072116,17,4.125
11/10/1988,8.77755,NA,NA,NA,NA,NA,NA,NA,NA,NA,NA,NA,NA,NA,NA,NA,NA,NA,NA,NA,NA,NA,0,10.8,0.9,-92.06664077,-1.606866013,NA,3.041666667
12/10/1988,8.78029,NA,NA,NA,NA,NA,NA,NA,NA,NA,NA,NA,NA,NA,NA,NA,NA,NA,NA,NA,NA,NA,1.1,11,2.6,50.43907865,0.880327994,27,10.41666667
13/10/1988,8.78303,NA,NA,NA,NA,NA,NA,NA,NA,NA,NA,NA,NA,NA,NA,NA,NA,NA,NA,NA,NA,NA,1.2,11.4,5.5,35.41862536,0.618171629,28,9.541666667
14/10/1988,8.78576,NA,NA,NA,NA,NA,NA,NA,NA,NA,NA,NA,NA,NA,NA,NA,NA,NA,NA,NA,NA,NA,0.6,12.4,5.8,-159.4274809,-2.78253446,20,6.875
15/10/1988,8.78850,NA,NA,NA,NA,NA,NA,NA,NA,NA,NA,NA,NA,NA,NA,NA,NA,NA,NA,NA,NA,NA,0,14.3,8,-176.2625706,-3.076362205,34,14.04166667
16/10/1988,8.79124,NA,NA,NA,NA,NA,NA,NA,NA,NA,NA,NA,NA,NA,NA,NA,NA,NA,NA,NA,NA,NA,1.5,13.4,10.8,-169.2039626,-2.953166255,35,11.75
17/10/1988,8.79398,NA,NA,NA,NA,NA,NA,NA,NA,NA,NA,NA,NA,NA,NA,NA,NA,NA,NA,NA,NA,NA,0,12.3,8.3,84.11176544,1.468027247,12,4.25
18/10/1988,8.79671,NA,NA,NA,NA,NA,NA,NA,NA,NA,NA,NA,NA,NA,NA,NA,NA,NA,NA,NA,NA,NA,0.4,14.3,6.1,86.1462016,1.503534856,31,10.75
19/10/1988,8.79945,NA,NA,NA,NA,NA,NA,NA,NA,NA,NA,NA,NA,NA,NA,NA,NA,NA,NA,NA,NA,NA,3.4,14.3,11.2,97.91891773,1.709007514,41,19.95833333
20/10/1988,8.80219,NA,NA,NA,NA,NA,NA,NA,NA,NA,NA,NA,NA,NA,NA,NA,NA,NA,NA,NA,NA,NA,0,12.2,10.8,100.8375,1.759946385,30,13.625
21/10/1988,8.80493,NA,NA,NA,NA,NA,NA,NA,NA,NA,NA,NA,NA,NA,NA,NA,NA,NA,NA,NA,NA,NA,0,13.7,7.5,97.54411058,1.702465896,17,7.333333333
22/10/1988,8.80767,NA,NA,NA,NA,NA,NA,NA,NA,NA,NA,NA,NA,NA,NA,NA,NA,NA,NA,NA,NA,NA,3.3,13.1,7.5,140.9663929,2.46032769,25,5.791666667
23/10/1988,8.81040,NA,NA,NA,NA,NA,NA,NA,NA,NA,NA,NA,NA,NA,NA,NA,NA,NA,NA,NA,NA,NA,0,11.6,2.5,34.52253851,0.602531963,23,9.125
24/10/1988,8.81314,NA,NA,NA,NA,NA,NA,NA,NA,NA,NA,NA,NA,NA,NA,NA,NA,NA,NA,NA,NA,NA,0,10.4,8.7,90.0768353,1.572137356,31,15.625
25/10/1988,8.81588,NA,NA,NA,NA,NA,NA,NA,NA,NA,NA,NA,NA,NA,NA,NA,NA,NA,NA,NA,NA,NA,3.5,12,7.1,106.2291907,1.85404914,23,8.208333333
26/10/1988,8.81862,NA,NA,NA,NA,NA,NA,NA,NA,NA,NA,NA,NA,NA,NA,NA,NA,NA,NA,NA,NA,NA,13.7,13.1,10.6,170.9403241,2.983471481,37,18.125
27/10/1988,8.82136,NA,NA,NA,NA,NA,NA,NA,NA,NA,NA,NA,NA,NA,NA,NA,NA,NA,NA,NA,NA,NA,20.8,12.1,4.5,-154.5783571,-2.697901284,50,14.125
28/10/1988,8.82409,NA,NA,NA,NA,NA,NA,NA,NA,NA,NA,NA,NA,NA,NA,NA,NA,NA,NA,NA,NA,NA,1.5,6.9,0.6,-29.32346328,-0.511790982,40,14.79166667
29/10/1988,8.82683,NA,NA,NA,NA,NA,NA,NA,NA,NA,NA,NA,NA,NA,NA,NA,NA,NA,NA,NA,NA,NA,0.6,7.1,0.6,-103.7818958,-1.811335785,21,4.541666667
30/10/1988,8.82957,NA,NA,NA,NA,NA,NA,NA,NA,NA,NA,NA,NA,NA,NA,NA,NA,NA,NA,NA,NA,NA,0,8.8,2.1,-112.6534986,-1.966174465,16,5.875
31/10/1988,8.83231,NA,NA,NA,NA,NA,NA,NA,NA,NA,NA,NA,NA,NA,NA,NA,NA,NA,NA,NA,NA,NA,0,8.6,5.9,-124.3018211,-2.169476045,12,5.208333333
01/11/1988,8.83504,NA,NA,NA,NA,NA,NA,NA,NA,NA,NA,NA,NA,NA,NA,NA,NA,NA,NA,NA,NA,NA,2.3,9.2,4.3,-56.82794763,-0.991834793,20,7.75
02/11/1988,8.83778,NA,NA,NA,NA,NA,NA,NA,NA,NA,NA,NA,NA,NA,NA,NA,NA,NA,NA,NA,NA,NA,0.1,8.7,3.1,109.306356,1.907755805,19,6.541666667
03/11/1988,8.84052,NA,NA,NA,NA,NA,NA,NA,NA,NA,NA,NA,NA,NA,NA,NA,NA,NA,NA,NA,NA,NA,0,9.4,4.5,168.7139542,2.944613995,35,18.875
04/11/1988,8.84326,NA,NA,NA,NA,NA,NA,NA,NA,NA,NA,NA,NA,NA,NA,NA,NA,NA,NA,NA,NA,NA,7.8,8.8,2.8,-154.4051689,-2.694878579,40,17
05/11/1988,8.84600,NA,NA,NA,NA,NA,NA,NA,NA,NA,NA,NA,NA,NA,NA,NA,NA,NA,NA,NA,NA,NA,1.1,8.4,2,-125.8768834,-2.196966068,18,6.25
06/11/1988,8.84873,NA,NA,NA,NA,NA,NA,NA,NA,NA,NA,NA,NA,NA,NA,NA,NA,NA,NA,NA,NA,NA,0.1,9.8,5.4,-147.4758366,-2.573938917,15,6.75
07/11/1988,8.85147,NA,NA,NA,NA,NA,NA,NA,NA,NA,NA,NA,NA,NA,NA,NA,NA,NA,NA,NA,NA,NA,0,10.8,4.4,-172.3680384,-3.008389796,24,10
08/11/1988,8.85421,NA,NA,NA,NA,NA,NA,NA,NA,NA,NA,NA,NA,NA,NA,NA,NA,NA,NA,NA,NA,NA,1.4,11.7,8.5,176.2519957,3.076177639,34,13.54166667
09/11/1988,8.85695,NA,NA,NA,NA,NA,NA,NA,NA,NA,NA,NA,NA,NA,NA,NA,NA,NA,NA,NA,NA,NA,14.5,10.1,4.9,-171.9682583,-3.001412316,36,12.08333333
10/11/1988,8.85969,NA,NA,NA,NA,NA,NA,NA,NA,NA,NA,NA,NA,NA,NA,NA,NA,NA,NA,NA,NA,NA,9.6,12.4,4.7,-165.080805,-2.881203579,45,19.70833333
11/11/1988,8.86242,NA,NA,NA,NA,NA,NA,NA,NA,NA,NA,NA,NA,NA,NA,NA,NA,NA,NA,NA,NA,NA,6.3,9.9,4.3,-145.4337063,-2.538297018,48,16.58333333
12/11/1988,8.86516,NA,NA,NA,NA,NA,NA,NA,NA,NA,NA,NA,NA,NA,NA,NA,NA,NA,NA,NA,NA,NA,4.1,8.7,5,-125.5253421,-2.190830514,26,8
13/11/1988,8.86790,NA,NA,NA,NA,NA,NA,NA,NA,NA,NA,NA,NA,NA,NA,NA,NA,NA,NA,NA,NA,NA,3.1,10.7,3.9,-123.2463996,-2.151055464,28,9.666666667
14/11/1988,8.87064,NA,NA,NA,NA,NA,NA,NA,NA,NA,NA,NA,NA,NA,NA,NA,NA,NA,NA,NA,NA,NA,0,11.6,9,-131.6898126,-2.298420821,30,13.83333333
15/11/1988,8.87337,NA,NA,NA,NA,NA,NA,NA,NA,NA,NA,NA,NA,NA,NA,NA,NA,NA,NA,NA,NA,NA,0,10.5,8.5,-165.0063704,-2.879904451,29,12.95833333
16/11/1988,8.87611,NA,NA,NA,NA,NA,NA,NA,NA,NA,NA,NA,NA,NA,NA,NA,NA,NA,NA,NA,NA,NA,0,10.8,9.1,-172.4824987,-3.010387505,29,15.16666667
17/11/1988,8.87885,NA,NA,NA,NA,NA,NA,NA,NA,NA,NA,NA,NA,NA,NA,NA,NA,NA,NA,NA,NA,NA,11.2,10.8,7.7,76.17241605,1.329459459,43,10.66666667
18/11/1988,8.88159,NA,NA,NA,NA,NA,NA,NA,NA,NA,NA,NA,NA,NA,NA,NA,NA,NA,NA,NA,NA,NA,0.1,8.4,3.5,-10.17669175,-0.177616778,34,10.875
19/11/1988,8.88433,NA,NA,NA,NA,NA,NA,NA,NA,NA,NA,NA,NA,NA,NA,NA,NA,NA,NA,NA,NA,NA,7,4.4,0,46.26227624,0.80742904,16,5.291666667
20/11/1988,8.88706,NA,NA,NA,NA,NA,NA,NA,NA,NA,NA,NA,NA,NA,NA,NA,NA,NA,NA,NA,NA,NA,1.4,4.8,-0.4,-12.24078917,-0.213642074,35,11.83333333
21/11/1988,8.88980,NA,NA,NA,NA,NA,NA,NA,NA,NA,NA,NA,NA,NA,NA,NA,NA,NA,NA,NA,NA,NA,0,4.4,-0.9,-97.5910777,-1.703285626,14,5.541666667
22/11/1988,8.89254,NA,NA,NA,NA,NA,NA,NA,NA,NA,NA,NA,NA,NA,NA,NA,NA,NA,NA,NA,NA,NA,0.2,7,2.8,-103.2946526,-1.802831787,16,5.833333333
23/11/1988,8.89528,NA,NA,NA,NA,NA,NA,NA,NA,NA,NA,NA,NA,NA,NA,NA,NA,NA,NA,NA,NA,NA,0,8.8,2.3,-133.6089118,-2.33191542,21,5.5
24/11/1988,8.89802,NA,NA,NA,NA,NA,NA,NA,NA,NA,NA,NA,NA,NA,NA,NA,NA,NA,NA,NA,NA,NA,0.2,9.4,3.8,-119.1348441,-2.079295284,14,6.333333333
25/11/1988,8.90075,NA,NA,NA,NA,NA,NA,NA,NA,NA,NA,NA,NA,NA,NA,NA,NA,NA,NA,NA,NA,NA,0.2,8.9,3.9,-128.3466909,-2.240072341,14,5.291666667
26/11/1988,8.90349,NA,NA,NA,NA,NA,NA,NA,NA,NA,NA,NA,NA,NA,NA,NA,NA,NA,NA,NA,NA,NA,1.5,8.4,3.6,-107.6554754,-1.878942503,18,4.791666667
27/11/1988,8.90623,NA,NA,NA,NA,NA,NA,NA,NA,NA,NA,NA,NA,NA,NA,NA,NA,NA,NA,NA,NA,NA,4.2,7.9,5.4,-155.7468301,-2.718294984,29,10.125
28/11/1988,8.90897,NA,NA,NA,NA,NA,NA,NA,NA,NA,NA,NA,NA,NA,NA,NA,NA,NA,NA,NA,NA,NA,15.9,10.9,7.5,-103.4424449,-1.805411249,41,19.41666667
29/11/1988,8.91170,NA,NA,NA,NA,NA,NA,NA,NA,NA,NA,NA,NA,NA,NA,NA,NA,NA,NA,NA,NA,NA,0,8.2,4.4,86.18030937,1.504130149,18,8.625
30/11/1988,8.91444,NA,NA,NA,NA,NA,NA,NA,NA,NA,NA,NA,NA,NA,NA,NA,NA,NA,NA,NA,NA,NA,1,7.6,5.2,91.57202118,1.598233272,32,15.20833333
01/12/1988,8.91718,NA,NA,NA,NA,NA,NA,NA,NA,NA,NA,NA,NA,NA,NA,NA,NA,NA,NA,NA,NA,NA,0,6.3,3.9,117.3651696,2.048408636,22,10.29166667
02/12/1988,8.91992,NA,NA,NA,NA,NA,NA,NA,NA,NA,NA,NA,NA,NA,NA,NA,NA,NA,NA,NA,NA,NA,0,5.3,3,143.3168331,2.501350612,24,11.91666667
03/12/1988,8.92266,NA,NA,NA,NA,NA,NA,NA,NA,NA,NA,NA,NA,NA,NA,NA,NA,NA,NA,NA,NA,NA,0.5,7.8,4.8,136.0324937,2.374214904,36,18.20833333
04/12/1988,8.92539,NA,NA,NA,NA,NA,NA,NA,NA,NA,NA,NA,NA,NA,NA,NA,NA,NA,NA,NA,NA,NA,6.5,7.4,2.6,-89.7120547,-1.565770733,51,16.70833333
05/12/1988,8.92813,NA,NA,NA,NA,NA,NA,NA,NA,NA,NA,NA,NA,NA,NA,NA,NA,NA,NA,NA,NA,NA,4.1,6.9,2.6,-82.91655489,-1.447166887,39,12.95833333
06/12/1988,8.93087,NA,NA,NA,NA,NA,NA,NA,NA,NA,NA,NA,NA,NA,NA,NA,NA,NA,NA,NA,NA,NA,2.1,7.7,1.1,-70.94699529,-1.238258662,41,9.541666667
07/12/1988,8.93361,NA,NA,NA,NA,NA,NA,NA,NA,NA,NA,NA,NA,NA,NA,NA,NA,NA,NA,NA,NA,NA,1.3,11.6,2.4,-147.9130324,-2.581569422,40,13.70833333
08/12/1988,8.93634,NA,NA,NA,NA,NA,NA,NA,NA,NA,NA,NA,NA,NA,NA,NA,NA,NA,NA,NA,NA,NA,8.6,11.7,3.5,-108.6016551,-1.895456455,42,12.58333333
09/12/1988,8.93908,NA,NA,NA,NA,NA,NA,NA,NA,NA,NA,NA,NA,NA,NA,NA,NA,NA,NA,NA,NA,NA,4.2,11,1.6,-134.2624375,-2.343321595,34,12.16666667
10/12/1988,8.94182,NA,NA,NA,NA,NA,NA,NA,NA,NA,NA,NA,NA,NA,NA,NA,NA,NA,NA,NA,NA,NA,0.7,11.2,9.9,-119.5455199,-2.086462928,33,16.79166667
11/12/1988,8.94456,NA,NA,NA,NA,NA,NA,NA,NA,NA,NA,NA,NA,NA,NA,NA,NA,NA,NA,NA,NA,NA,3.9,10.8,5.8,-99.92020878,-1.743936632,43,17.70833333
12/12/1988,8.94730,NA,NA,NA,NA,NA,NA,NA,NA,NA,NA,NA,NA,NA,NA,NA,NA,NA,NA,NA,NA,NA,1.4,10.7,5.3,-104.8409732,-1.829820173,27,10.29166667
13/12/1988,8.95003,NA,NA,NA,NA,NA,NA,NA,NA,NA,NA,NA,NA,NA,NA,NA,NA,NA,NA,NA,NA,NA,0.3,10.8,4.2,-121.7408893,-2.124779353,25,6.25
14/12/1988,8.95277,NA,NA,NA,NA,NA,NA,NA,NA,NA,NA,NA,NA,NA,NA,NA,NA,NA,NA,NA,NA,NA,0.6,9.6,7,-143.2808924,-2.500723327,17,6.708333333
15/12/1988,8.95551,NA,NA,NA,NA,NA,NA,NA,NA,NA,NA,NA,NA,NA,NA,NA,NA,NA,NA,NA,NA,NA,1.2,10.1,8.5,-169.2190116,-2.953428909,46,19.75
16/12/1988,8.95825,NA,NA,NA,NA,NA,NA,NA,NA,NA,NA,NA,NA,NA,NA,NA,NA,NA,NA,NA,NA,NA,2.6,10,3.3,-110.4872344,-1.928366021,24,10.08333333
17/12/1988,8.96099,NA,NA,NA,NA,NA,NA,NA,NA,NA,NA,NA,NA,NA,NA,NA,NA,NA,NA,NA,NA,NA,4.4,8.8,5.2,-129.724159,-2.264113693,24,9.875
18/12/1988,8.96372,NA,NA,NA,NA,NA,NA,NA,NA,NA,NA,NA,NA,NA,NA,NA,NA,NA,NA,NA,NA,NA,2.7,10.1,6.2,-116.1450678,-2.027113843,45,19.5
19/12/1988,8.96646,NA,NA,NA,NA,NA,NA,NA,NA,NA,NA,NA,NA,NA,NA,NA,NA,NA,NA,NA,NA,NA,6.3,7,3.9,-80.2065956,-1.399869175,39,17.95833333
20/12/1988,8.96920,NA,NA,NA,NA,NA,NA,NA,NA,NA,NA,NA,NA,NA,NA,NA,NA,NA,NA,NA,NA,NA,0.4,10.3,2.8,-139.3550175,-2.432203884,30,12.625
21/12/1988,8.97194,NA,NA,NA,NA,NA,NA,NA,NA,NA,NA,NA,NA,NA,NA,NA,NA,NA,NA,NA,NA,NA,5.3,10.8,7.3,-151.2664979,-2.640098437,62,18.83333333
22/12/1988,8.97467,NA,NA,NA,NA,NA,NA,NA,NA,NA,NA,NA,NA,NA,NA,NA,NA,NA,NA,NA,NA,NA,3.2,9.6,2,-119.9615818,-2.093724579,61,19.45833333
23/12/1988,8.97741,NA,NA,NA,NA,NA,NA,NA,NA,NA,NA,NA,NA,NA,NA,NA,NA,NA,NA,NA,NA,NA,10.8,7.7,1.8,-138.9867116,-2.425775733,58,23.58333333
24/12/1988,8.98015,NA,NA,NA,NA,NA,NA,NA,NA,NA,NA,NA,NA,NA,NA,NA,NA,NA,NA,NA,NA,NA,2.2,8,1.7,-133.4756396,-2.329589382,43,11.25
25/12/1988,8.98289,NA,NA,NA,NA,NA,NA,NA,NA,NA,NA,NA,NA,NA,NA,NA,NA,NA,NA,NA,NA,NA,3.2,11.2,7.5,-164.7428039,-2.875304347,41,18.41666667
26/12/1988,8.98563,NA,NA,NA,NA,NA,NA,NA,NA,NA,NA,NA,NA,NA,NA,NA,NA,NA,NA,NA,NA,NA,1.9,10.3,4.5,-157.9412493,-2.756594825,37,19.375
27/12/1988,8.98836,NA,NA,NA,NA,NA,NA,NA,NA,NA,NA,NA,NA,NA,NA,NA,NA,NA,NA,NA,NA,NA,1.1,9.9,5.1,-150.797501,-2.631912896,47,22.25
28/12/1988,8.99110,NA,NA,NA,NA,NA,NA,NA,NA,NA,NA,NA,NA,NA,NA,NA,NA,NA,NA,NA,NA,NA,20.7,12.3,8.8,-161.6504991,-2.821333447,48,23.5
29/12/1988,8.99384,NA,NA,NA,NA,NA,NA,NA,NA,NA,NA,NA,NA,NA,NA,NA,NA,NA,NA,NA,NA,NA,6.8,11.4,7.2,-165.6753571,-2.891580471,44,12.75
30/12/1988,8.99658,NA,NA,NA,NA,NA,NA,NA,NA,NA,NA,NA,NA,NA,NA,NA,NA,NA,NA,NA,NA,NA,2,12,6.8,-161.062658,-2.811073684,50,14.5
31/12/1988,8.99932,NA,NA,NA,NA,NA,NA,NA,NA,NA,NA,NA,NA,NA,NA,NA,NA,NA,NA,NA,NA,NA,1.2,10.9,8.7,-173.3028039,-3.02470453,33,18.375
01/01/1989,9.00205,NA,NA,NA,NA,NA,NA,NA,NA,NA,NA,NA,NA,NA,NA,NA,NA,NA,NA,NA,NA,NA,0.4,10.8,9.4,-144.565396,-2.523142145,38,18.79166667
02/01/1989,9.00479,NA,NA,NA,NA,NA,NA,NA,NA,NA,NA,NA,NA,NA,NA,NA,NA,NA,NA,NA,NA,NA,0,10.2,8.6,-145.8375163,-2.545344833,30,17.625
03/01/1989,9.00753,NA,NA,NA,NA,NA,NA,NA,NA,NA,NA,NA,NA,NA,NA,NA,NA,NA,NA,NA,NA,NA,0.9,9.2,7.7,-162.9032966,-2.843198887,41,23.66666667
04/01/1989,9.01027,NA,NA,NA,NA,NA,NA,NA,NA,NA,NA,NA,NA,NA,NA,NA,NA,NA,NA,NA,NA,NA,2.4,10,3.3,-106.1753353,-1.853109186,36,11.70833333
05/01/1989,9.01300,NA,NA,NA,NA,NA,NA,NA,NA,NA,NA,NA,NA,NA,NA,NA,NA,NA,NA,NA,NA,NA,3.7,7.6,1.8,-148.6911849,-2.595150746,36,9.541666667
06/01/1989,9.01574,NA,NA,NA,NA,NA,NA,NA,NA,NA,NA,NA,NA,NA,NA,NA,NA,NA,NA,NA,NA,NA,0.1,8.2,3.5,-11.04363001,-0.192747705,23,6.541666667
07/01/1989,9.01848,NA,NA,NA,NA,NA,NA,NA,NA,NA,NA,NA,NA,NA,NA,NA,NA,NA,NA,NA,NA,NA,4.2,11.3,6.6,-101.8132137,-1.7769758,27,12.375
08/01/1989,9.02122,NA,NA,NA,NA,NA,NA,NA,NA,NA,NA,NA,NA,NA,NA,NA,NA,NA,NA,NA,NA,NA,0.2,11.7,6.5,-109.8177068,-1.916680561,44,15.375
09/01/1989,9.02396,NA,NA,NA,NA,NA,NA,NA,NA,NA,NA,NA,NA,NA,NA,NA,NA,NA,NA,NA,NA,NA,1.2,8.3,2,-100.4743161,-1.753607629,27,9.958333333
10/01/1989,9.02669,NA,NA,NA,NA,NA,NA,NA,NA,NA,NA,NA,NA,NA,NA,NA,NA,NA,NA,NA,NA,NA,2,7.1,1.6,-118.9575507,-2.07620093,42,11
11/01/1989,9.02943,NA,NA,NA,NA,NA,NA,NA,NA,NA,NA,NA,NA,NA,NA,NA,NA,NA,NA,NA,NA,NA,19.7,8.6,4.4,-126.6703045,-2.210813878,58,21.79166667
12/01/1989,9.03217,NA,NA,NA,NA,NA,NA,NA,NA,NA,NA,NA,NA,NA,NA,NA,NA,NA,NA,NA,NA,NA,1.9,5.9,1.5,-102.6167147,-1.790999539,28,9.583333333
13/01/1989,9.03491,NA,NA,NA,NA,NA,NA,NA,NA,NA,NA,NA,NA,NA,NA,NA,NA,NA,NA,NA,NA,NA,11.9,10.2,0.6,-146.4377784,-2.555821383,76,24.79166667
14/01/1989,9.03765,NA,NA,NA,NA,NA,NA,NA,NA,NA,NA,NA,NA,NA,NA,NA,NA,NA,NA,NA,NA,NA,9.4,10.7,3.2,-107.5243116,-1.876653263,63,26.58333333
15/01/1989,9.04038,NA,NA,NA,NA,NA,NA,NA,NA,NA,NA,NA,NA,NA,NA,NA,NA,NA,NA,NA,NA,NA,2.7,12,9,-103.3210979,-1.803293346,62,32.29166667
16/01/1989,9.04312,NA,NA,NA,NA,NA,NA,NA,NA,NA,NA,NA,NA,NA,NA,NA,NA,NA,NA,NA,NA,NA,12.1,11.4,2.9,-106.9911391,-1.867347648,56,21.04166667
17/01/1989,9.04586,NA,NA,NA,NA,NA,NA,NA,NA,NA,NA,NA,NA,NA,NA,NA,NA,NA,NA,NA,NA,NA,6.1,7.8,3,-98.77656623,-1.723976305,31,11.66666667
18/01/1989,9.04860,NA,NA,NA,NA,NA,NA,NA,NA,NA,NA,NA,NA,NA,NA,NA,NA,NA,NA,NA,NA,NA,2.2,11.2,7.5,-119.5825461,-2.087109157,40,20.95833333
19/01/1989,9.05133,NA,NA,NA,NA,NA,NA,NA,NA,NA,NA,NA,NA,NA,NA,NA,NA,NA,NA,NA,NA,NA,5.4,11.2,6.4,-129.2839796,-2.256431115,46,23.79166667
20/01/1989,9.05407,NA,NA,NA,NA,NA,NA,NA,NA,NA,NA,NA,NA,NA,NA,NA,NA,NA,NA,NA,NA,NA,74.3,9.3,2.8,78.03738542,1.362009315,37,14.66666667
21/01/1989,9.05681,NA,NA,NA,NA,NA,NA,NA,NA,NA,NA,NA,NA,NA,NA,NA,NA,NA,NA,NA,NA,NA,3.2,9,1,-51.21637428,-0.893894362,23,5.375
22/01/1989,9.05955,NA,NA,NA,NA,NA,NA,NA,NA,NA,NA,NA,NA,NA,NA,NA,NA,NA,NA,NA,NA,NA,2.4,9.2,0.6,-130.3744533,-2.275463471,44,16.66666667
23/01/1989,9.06229,NA,NA,NA,NA,NA,NA,NA,NA,NA,NA,NA,NA,NA,NA,NA,NA,NA,NA,NA,NA,NA,2.5,10.1,7.7,-132.1834398,-2.30703624,37,19.33333333
24/01/1989,9.06502,NA,NA,NA,NA,NA,NA,NA,NA,NA,NA,NA,NA,NA,NA,NA,NA,NA,NA,NA,NA,NA,2.5,10.6,9,-147.9189177,-2.58167214,44,24.66666667
25/01/1989,9.06776,NA,NA,NA,NA,NA,NA,NA,NA,NA,NA,NA,NA,NA,NA,NA,NA,NA,NA,NA,NA,NA,1.2,10.5,7.5,-147.9210276,-2.581708965,51,24.25
26/01/1989,9.07050,NA,NA,NA,NA,NA,NA,NA,NA,NA,NA,NA,NA,NA,NA,NA,NA,NA,NA,NA,NA,NA,5.2,9.3,3,-129.5447104,-2.260981725,41,15.54166667
27/01/1989,9.07324,NA,NA,NA,NA,NA,NA,NA,NA,NA,NA,NA,NA,NA,NA,NA,NA,NA,NA,NA,NA,NA,21.2,11.1,5.8,-131.3896892,-2.29318268,52,27.45833333
28/01/1989,9.07598,NA,NA,NA,NA,NA,NA,NA,NA,NA,NA,NA,NA,NA,NA,NA,NA,NA,NA,NA,NA,NA,3.5,9.1,2.8,-104.7901506,-1.828933152,51,19.58333333
29/01/1989,9.07871,NA,NA,NA,NA,NA,NA,NA,NA,NA,NA,NA,NA,NA,NA,NA,NA,NA,NA,NA,NA,NA,18.4,11.3,8.1,-100.8673971,-1.760468186,56,28.70833333
30/01/1989,9.08145,NA,NA,NA,NA,NA,NA,NA,NA,NA,NA,NA,NA,NA,NA,NA,NA,NA,NA,NA,NA,NA,7.6,10.9,9.5,-100,-1.745329252,45,23.16666667
31/01/1989,9.08419,NA,NA,NA,NA,NA,NA,NA,NA,NA,NA,NA,NA,NA,NA,NA,NA,NA,NA,NA,NA,NA,0,10.1,8.1,-132.9489461,-2.320396847,39,19.45833333
01/02/1989,9.08693,NA,NA,NA,NA,NA,NA,NA,NA,NA,NA,NA,NA,NA,NA,NA,NA,NA,NA,NA,NA,NA,5.7,8.7,4.3,-128.9862828,-2.251235324,41,15.66666667
02/02/1989,9.08966,NA,NA,NA,NA,NA,NA,NA,NA,NA,NA,NA,NA,NA,NA,NA,NA,NA,NA,NA,NA,NA,9.1,9.8,5.2,-116.34635,-2.030626881,40,16.83333333
03/02/1989,9.09240,NA,NA,NA,NA,NA,NA,NA,NA,NA,NA,NA,NA,NA,NA,NA,NA,NA,NA,NA,NA,NA,2.6,11.4,4.4,-120.6511166,-2.105759231,44,19.20833333
04/02/1989,9.09514,NA,NA,NA,NA,NA,NA,NA,NA,NA,NA,NA,NA,NA,NA,NA,NA,NA,NA,NA,NA,NA,6.9,8.1,1.5,-96.28642313,-1.680515109,48,18.875
05/02/1989,9.09788,NA,NA,NA,NA,NA,NA,NA,NA,NA,NA,NA,NA,NA,NA,NA,NA,NA,NA,NA,NA,NA,14.9,11.4,1,-102.5923157,-1.790573696,51,21.125
06/02/1989,9.10062,NA,NA,NA,NA,NA,NA,NA,NA,NA,NA,NA,NA,NA,NA,NA,NA,NA,NA,NA,NA,NA,11.8,11.8,5.4,-100.0635544,-1.746438486,45,15.625
07/02/1989,9.10335,NA,NA,NA,NA,NA,NA,NA,NA,NA,NA,NA,NA,NA,NA,NA,NA,NA,NA,NA,NA,NA,5.5,6.9,3.6,-104.1769309,-1.818230449,31,8.958333333
08/02/1989,9.10609,NA,NA,NA,NA,NA,NA,NA,NA,NA,NA,NA,NA,NA,NA,NA,NA,NA,NA,NA,NA,NA,1.5,7.2,0.4,-159.8037629,-2.78910182,25,7.875
09/02/1989,9.10883,NA,NA,NA,NA,NA,NA,NA,NA,NA,NA,NA,NA,NA,NA,NA,NA,NA,NA,NA,NA,NA,4.7,10.3,5.1,-169.9997049,-2.967054578,45,20.58333333
10/02/1989,9.11157,NA,NA,NA,NA,NA,NA,NA,NA,NA,NA,NA,NA,NA,NA,NA,NA,NA,NA,NA,NA,NA,3.4,7.2,1.9,-126.5907891,-2.209426072,23,8.458333333
11/02/1989,9.11431,NA,NA,NA,NA,NA,NA,NA,NA,NA,NA,NA,NA,NA,NA,NA,NA,NA,NA,NA,NA,NA,12.4,7.6,2.5,-120.354479,-2.100581928,56,24.04166667
12/02/1989,9.11704,NA,NA,NA,NA,NA,NA,NA,NA,NA,NA,NA,NA,NA,NA,NA,NA,NA,NA,NA,NA,NA,3.4,5.6,0.6,-81.83963041,-1.428371009,46,14.58333333
13/02/1989,9.11978,NA,NA,NA,NA,NA,NA,NA,NA,NA,NA,NA,NA,NA,NA,NA,NA,NA,NA,NA,NA,NA,9.2,9.4,2.9,-105.2808592,-1.837497633,85,27.04166667
14/02/1989,9.12252,NA,NA,NA,NA,NA,NA,NA,NA,NA,NA,NA,NA,NA,NA,NA,NA,NA,NA,NA,NA,NA,6.5,10.9,1.9,-94.27188464,-1.645354779,57,23.83333333
15/02/1989,9.12526,NA,NA,NA,NA,NA,NA,NA,NA,NA,NA,NA,NA,NA,NA,NA,NA,NA,NA,NA,NA,NA,7.6,10.9,-1.5,-57.49562409,-1.003487946,64,22.75
16/02/1989,9.12799,NA,NA,NA,NA,NA,NA,NA,NA,NA,NA,NA,NA,NA,NA,NA,NA,NA,NA,NA,NA,NA,1.5,3.1,-2.7,-80.12714667,-1.39848253,39,10.125
17/02/1989,9.13073,NA,NA,NA,NA,NA,NA,NA,NA,NA,NA,NA,NA,NA,NA,NA,NA,NA,NA,NA,NA,NA,1.2,7.3,2.4,-167.717272,-2.92721861,48,23.375
18/02/1989,9.13347,NA,NA,NA,NA,NA,NA,NA,NA,NA,NA,NA,NA,NA,NA,NA,NA,NA,NA,NA,NA,NA,13.2,8.9,3.9,-126.4214833,-2.206471129,71,24.70833333
19/02/1989,9.13621,NA,NA,NA,NA,NA,NA,NA,NA,NA,NA,NA,NA,NA,NA,NA,NA,NA,NA,NA,NA,NA,7.7,5.6,0.6,-110.2881057,-1.92489057,42,14.16666667
20/02/1989,9.13895,NA,NA,NA,NA,NA,NA,NA,NA,NA,NA,NA,NA,NA,NA,NA,NA,NA,NA,NA,NA,NA,4.4,5.4,0,-107.3703342,-1.873965851,32,8.875
21/02/1989,9.14168,NA,NA,NA,NA,NA,NA,NA,NA,NA,NA,NA,NA,NA,NA,NA,NA,NA,NA,NA,NA,NA,2.2,6.5,0.1,-135.3365991,-2.362069253,46,15.375
22/02/1989,9.14442,NA,NA,NA,NA,NA,NA,NA,NA,NA,NA,NA,NA,NA,NA,NA,NA,NA,NA,NA,NA,NA,10.3,6.7,1.7,-135.6033843,-2.366725533,52,29.5
23/02/1989,9.14716,NA,NA,NA,NA,NA,NA,NA,NA,NA,NA,NA,NA,NA,NA,NA,NA,NA,NA,NA,NA,NA,9.5,5.2,1.8,-111.2458333,-1.941606071,54,24.625
24/02/1989,9.14990,NA,NA,NA,NA,NA,NA,NA,NA,NA,NA,NA,NA,NA,NA,NA,NA,NA,NA,NA,NA,NA,3.2,5.8,0.5,-21.19017066,-0.369838247,18,5.25
25/02/1989,9.15264,NA,NA,NA,NA,NA,NA,NA,NA,NA,NA,NA,NA,NA,NA,NA,NA,NA,NA,NA,NA,NA,5.8,5.7,3.2,84.55961138,1.475843633,26,11.75
26/02/1989,9.15537,NA,NA,NA,NA,NA,NA,NA,NA,NA,NA,NA,NA,NA,NA,NA,NA,NA,NA,NA,NA,NA,3.5,7.6,1.6,-104.8607343,-1.83016507,18,4.666666667
27/02/1989,9.15811,NA,NA,NA,NA,NA,NA,NA,NA,NA,NA,NA,NA,NA,NA,NA,NA,NA,NA,NA,NA,NA,3.1,7.7,1.7,-57.46474443,-1.002948994,28,6.291666667
28/02/1989,9.16085,NA,NA,NA,NA,NA,NA,NA,NA,NA,NA,NA,NA,NA,NA,NA,NA,NA,NA,NA,NA,NA,9.5,8.1,3.1,-7.524611374,-0.131329243,36,16.91304348
01/03/1989,9.16359,NA,NA,NA,NA,NA,NA,NA,NA,NA,NA,NA,NA,NA,NA,NA,NA,NA,NA,NA,NA,NA,3.1,8.4,4.1,-40.74205644,-0.711083029,39,16.45833333
02/03/1989,9.16632,NA,NA,NA,NA,NA,NA,NA,NA,NA,NA,NA,NA,NA,NA,NA,NA,NA,NA,NA,NA,NA,1.5,7.2,2.9,54.4188889,0.949788787,23,11.45833333
03/03/1989,9.16906,NA,NA,NA,NA,NA,NA,NA,NA,NA,NA,NA,NA,NA,NA,NA,NA,NA,NA,NA,NA,NA,0.4,7.2,5,59.73493131,1.04257123,22,7.086956522
04/03/1989,9.17180,NA,NA,NA,NA,NA,NA,NA,NA,NA,NA,NA,NA,NA,NA,NA,NA,NA,NA,NA,NA,NA,7.8,8.8,3.7,-179.9213544,-3.14022003,47,18.45833333
05/03/1989,9.17454,NA,NA,NA,NA,NA,NA,NA,NA,NA,NA,NA,NA,NA,NA,NA,NA,NA,NA,NA,NA,NA,0.4,11.4,3.7,147.8860537,2.581098555,42,19.95833333
06/03/1989,9.17728,NA,NA,NA,NA,NA,NA,NA,NA,NA,NA,NA,NA,NA,NA,NA,NA,NA,NA,NA,NA,NA,3.8,11.2,6.8,152.0982225,2.654614769,55,22.66666667
07/03/1989,9.18001,NA,NA,NA,NA,NA,NA,NA,NA,NA,NA,NA,NA,NA,NA,NA,NA,NA,NA,NA,NA,NA,5.8,8.6,1.5,-173.8063492,-3.033493055,42,13.25
08/03/1989,9.18275,NA,NA,NA,NA,NA,NA,NA,NA,NA,NA,NA,NA,NA,NA,NA,NA,NA,NA,NA,NA,NA,4.6,8,4.1,154.0989751,2.68953449,52,23
09/03/1989,9.18549,NA,NA,NA,NA,NA,NA,NA,NA,NA,NA,NA,NA,NA,NA,NA,NA,NA,NA,NA,NA,NA,7.2,10.1,1.1,160.0693802,2.793737716,39,12.79166667
10/03/1989,9.18823,NA,NA,NA,NA,NA,NA,NA,NA,NA,NA,NA,NA,NA,NA,NA,NA,NA,NA,NA,NA,NA,1,7.6,1.1,174.5376013,3.046255812,37,17.25
11/03/1989,9.19097,NA,NA,NA,NA,NA,NA,NA,NA,NA,NA,NA,NA,NA,NA,NA,NA,NA,NA,NA,NA,NA,7.3,8.7,3.5,-177.9586443,-3.105964275,41,16.41666667
12/03/1989,9.19370,NA,NA,NA,NA,NA,NA,NA,NA,NA,NA,NA,NA,NA,NA,NA,NA,NA,NA,NA,NA,NA,22.8,7,4.3,-120.4063898,-2.101487943,27,7.083333333
13/03/1989,9.19644,NA,NA,NA,NA,NA,NA,NA,NA,NA,NA,NA,NA,NA,NA,NA,NA,NA,NA,NA,NA,NA,5.2,7,1.5,-99.03096749,-1.728416444,33,12.33333333
14/03/1989,9.19918,NA,NA,NA,NA,NA,NA,NA,NA,NA,NA,NA,NA,NA,NA,NA,NA,NA,NA,NA,NA,NA,5.2,7.3,1,-172.9313037,-3.018220629,20,8.25
15/03/1989,9.20192,NA,NA,NA,NA,NA,NA,NA,NA,NA,NA,NA,NA,NA,NA,NA,NA,NA,NA,NA,NA,NA,1.8,5.7,-0.2,-120.1158274,-2.096416672,28,10.29166667
16/03/1989,9.20465,NA,NA,NA,NA,NA,NA,NA,NA,NA,NA,NA,NA,NA,NA,NA,NA,NA,NA,NA,NA,NA,4.8,4.8,-0.9,-36.05004918,-0.629192054,25,11.25
17/03/1989,9.20739,NA,NA,NA,NA,NA,NA,NA,NA,NA,NA,NA,NA,NA,NA,NA,NA,NA,NA,NA,NA,NA,0,6.5,-2.6,-177.0176363,-3.089540587,44,15.66666667
18/03/1989,9.21013,NA,NA,NA,NA,NA,NA,NA,NA,NA,NA,NA,NA,NA,NA,NA,NA,NA,NA,NA,NA,NA,16,9.6,4.5,-159.4031855,-2.782110425,50,16.5
19/03/1989,9.21287,NA,NA,NA,NA,NA,NA,NA,NA,NA,NA,NA,NA,NA,NA,NA,NA,NA,NA,NA,NA,NA,9.1,10.1,3,162.1898331,2.830746601,45,17.95833333
20/03/1989,9.21561,NA,NA,NA,NA,NA,NA,NA,NA,NA,NA,NA,NA,NA,NA,NA,NA,NA,NA,NA,NA,NA,3.3,6,-0.6,-163.8415916,-2.859575226,45,17.04166667
21/03/1989,9.21834,NA,NA,NA,NA,NA,NA,NA,NA,NA,NA,NA,NA,NA,NA,NA,NA,NA,NA,NA,NA,NA,4.3,5.7,-1,-148.6839277,-2.595024083,33,11.29166667
22/03/1989,9.22108,NA,NA,NA,NA,NA,NA,NA,NA,NA,NA,NA,NA,NA,NA,NA,NA,NA,NA,NA,NA,NA,4.9,5.7,-0.5,-143.3048011,-2.501140613,43,12.29166667
23/03/1989,9.22382,NA,NA,NA,NA,NA,NA,NA,NA,NA,NA,NA,NA,NA,NA,NA,NA,NA,NA,NA,NA,NA,10.2,7,-1,-157.2186763,-2.743983547,42,16.54166667
24/03/1989,9.22656,NA,NA,NA,NA,NA,NA,NA,NA,NA,NA,NA,NA,NA,NA,NA,NA,NA,NA,NA,NA,NA,6.6,8,2.4,-120.5391394,-2.103804859,42,17.33333333
25/03/1989,9.22930,NA,NA,NA,NA,NA,NA,NA,NA,NA,NA,NA,NA,NA,NA,NA,NA,NA,NA,NA,NA,NA,5.6,8.2,0.8,-142.8867041,-2.493843444,28,8.958333333
26/03/1989,9.23203,NA,NA,NA,NA,NA,NA,NA,NA,NA,NA,NA,NA,NA,NA,NA,NA,NA,NA,NA,NA,NA,7.7,10.4,4.1,158.2584803,2.76213155,37,10.47826087
27/03/1989,9.23477,NA,NA,NA,NA,NA,NA,NA,NA,NA,NA,NA,NA,NA,NA,NA,NA,NA,NA,NA,NA,NA,3.1,9.4,4.8,146.7865055,2.561907818,31,10.375
28/03/1989,9.23751,NA,NA,NA,NA,NA,NA,NA,NA,NA,NA,NA,NA,NA,NA,NA,NA,NA,NA,NA,NA,NA,0.9,9.3,2.5,-145.5692393,-2.540662515,37,11.54166667
29/03/1989,9.24025,NA,NA,NA,NA,NA,NA,NA,NA,NA,NA,NA,NA,NA,NA,NA,NA,NA,NA,NA,NA,NA,5.5,9,2.9,159.1319942,2.777377244,45,20.75
30/03/1989,9.24298,NA,NA,NA,NA,NA,NA,NA,NA,NA,NA,NA,NA,NA,NA,NA,NA,NA,NA,NA,NA,NA,3.3,11,7.5,-154.2255695,-2.691743979,25,11.29166667
31/03/1989,9.24572,NA,NA,NA,NA,NA,NA,NA,NA,NA,NA,NA,NA,NA,NA,NA,NA,NA,NA,NA,NA,NA,0,10,4.8,93.65745874,1.634631024,12,4.166666667
01/04/1989,9.24846,NA,NA,NA,NA,NA,NA,NA,NA,NA,NA,NA,NA,NA,NA,NA,NA,NA,NA,NA,NA,NA,0.1,13.9,6.8,86.09723593,1.502680244,14,5.125
02/04/1989,9.25120,NA,NA,NA,NA,NA,NA,NA,NA,NA,NA,NA,NA,NA,NA,NA,NA,NA,NA,NA,NA,NA,0,9.6,5.1,82.90166976,1.446907093,25,12.25
03/04/1989,9.25394,NA,NA,NA,NA,NA,NA,NA,NA,NA,NA,NA,NA,NA,NA,NA,NA,NA,NA,NA,NA,NA,0,7.3,2,82.26896291,1.435864275,19,7.833333333
04/04/1989,9.25667,NA,NA,NA,NA,NA,NA,NA,NA,NA,NA,NA,NA,NA,NA,NA,NA,NA,NA,NA,NA,NA,0,8,-1.8,31.98292336,0.558207317,22,7.458333333
05/04/1989,9.25941,NA,NA,NA,NA,NA,NA,NA,NA,NA,NA,NA,NA,NA,NA,NA,NA,NA,NA,NA,NA,NA,0,6.9,1.8,62.08904488,1.083658263,28,13.29166667
06/04/1989,9.26215,NA,NA,NA,NA,NA,NA,NA,NA,NA,NA,NA,NA,NA,NA,NA,NA,NA,NA,NA,NA,NA,0,7.2,3.8,69.04880617,1.205129012,20,10.75
07/04/1989,9.26489,NA,NA,NA,NA,NA,NA,NA,NA,NA,NA,NA,NA,NA,NA,NA,NA,NA,NA,NA,NA,NA,0,7.2,4.5,45.54074099,0.794835874,17,7.166666667
08/04/1989,9.26762,NA,NA,NA,NA,NA,NA,NA,NA,NA,NA,NA,NA,NA,NA,NA,NA,NA,NA,NA,NA,NA,0.3,10.1,4.1,-127.6603174,-2.228092863,17,6.5
09/04/1989,9.27036,NA,NA,NA,NA,NA,NA,NA,NA,NA,NA,NA,NA,NA,NA,NA,NA,NA,NA,NA,NA,NA,4.1,8.5,3.7,147.0298196,2.56615445,36,14.29166667
10/04/1989,9.27310,NA,NA,NA,NA,NA,NA,NA,NA,NA,NA,NA,NA,NA,NA,NA,NA,NA,NA,NA,NA,NA,6,8.8,3.2,167.9050831,2.930496531,37,14
11/04/1989,9.27584,NA,NA,NA,NA,NA,NA,NA,NA,NA,NA,NA,NA,NA,NA,NA,NA,NA,NA,NA,NA,NA,1.5,9.6,2.9,91.96990113,1.605177587,27,8.833333333
12/04/1989,9.27858,NA,NA,NA,NA,NA,NA,NA,NA,NA,NA,NA,NA,NA,NA,NA,NA,NA,NA,NA,NA,NA,1.2,11.1,4.1,-129.1558529,-2.254194882,27,10.375
13/04/1989,9.28131,NA,NA,NA,NA,NA,NA,NA,NA,NA,NA,NA,NA,NA,NA,NA,NA,NA,NA,NA,NA,NA,0,9.8,1.7,-127.2702831,-2.22128548,10,4.041666667
14/04/1989,9.28405,NA,NA,NA,NA,NA,NA,NA,NA,NA,NA,NA,NA,NA,NA,NA,NA,NA,NA,NA,NA,NA,1.1,9.3,4.3,14.50027232,0.253077494,17,7.458333333
15/04/1989,9.28679,NA,NA,NA,NA,NA,NA,NA,NA,NA,NA,NA,NA,NA,NA,NA,NA,NA,NA,NA,NA,NA,0.1,10.1,4,172.7085811,3.014333387,24,8.625
16/04/1989,9.28953,NA,NA,NA,NA,NA,NA,NA,NA,NA,NA,NA,NA,NA,NA,NA,NA,NA,NA,NA,NA,NA,0,9,0.5,-15.02703853,-0.262271299,13,5.875
17/04/1989,9.29227,NA,NA,NA,NA,NA,NA,NA,NA,NA,NA,NA,NA,NA,NA,NA,NA,NA,NA,NA,NA,NA,0,10,2.3,-10.49424901,-0.183159198,15,6.708333333
18/04/1989,9.29500,NA,NA,NA,NA,NA,NA,NA,NA,NA,NA,NA,NA,NA,NA,NA,NA,NA,NA,NA,NA,NA,0.1,9,2.4,-25.91233581,-0.452255577,18,7.25
19/04/1989,9.29774,NA,NA,NA,NA,NA,NA,NA,NA,NA,NA,NA,NA,NA,NA,NA,NA,NA,NA,NA,NA,NA,0,9.2,5.7,-0.405279056,-0.007073454,20,10.25
20/04/1989,9.30048,NA,NA,NA,NA,NA,NA,NA,NA,NA,NA,NA,NA,NA,NA,NA,NA,NA,NA,NA,NA,NA,0,8.8,6.8,-0.416392253,-0.007267416,22,11.45833333
21/04/1989,9.30322,NA,NA,NA,NA,NA,NA,NA,NA,NA,NA,NA,NA,NA,NA,NA,NA,NA,NA,NA,NA,NA,0.7,9.9,5.1,-25.9884571,-0.453584144,27,9.458333333
22/04/1989,9.30595,NA,NA,NA,NA,NA,NA,NA,NA,NA,NA,NA,NA,NA,NA,NA,NA,NA,NA,NA,NA,NA,0.8,6,1,-35.41665024,-0.618137157,25,10.79166667
23/04/1989,9.30869,NA,NA,NA,NA,NA,NA,NA,NA,NA,NA,NA,NA,NA,NA,NA,NA,NA,NA,NA,NA,NA,6.4,5.2,-1.6,-66.04461258,-1.152695943,30,10.20833333
24/04/1989,9.31143,NA,NA,NA,NA,NA,NA,NA,NA,NA,NA,NA,NA,NA,NA,NA,NA,NA,NA,NA,NA,NA,14.4,4.7,-2.3,-69.3456814,-1.210310462,27,7.833333333
25/04/1989,9.31417,NA,NA,NA,NA,NA,NA,NA,NA,NA,NA,NA,NA,NA,NA,NA,NA,NA,NA,NA,NA,NA,3.9,6.1,-1.1,-79.02058304,-1.379169351,27,7.875
26/04/1989,9.31691,NA,NA,NA,NA,NA,NA,NA,NA,NA,NA,NA,NA,NA,NA,NA,NA,NA,NA,NA,NA,NA,5.1,3.6,-2.9,-0.859871797,-0.015007594,NA,7.625
27/04/1989,9.31964,NA,NA,NA,NA,NA,NA,NA,NA,NA,NA,NA,NA,NA,NA,NA,NA,NA,NA,NA,NA,NA,0.5,7,2.7,-19.8749594,-0.34688348,22,7.25
28/04/1989,9.32238,NA,NA,NA,NA,NA,NA,NA,NA,NA,NA,NA,NA,NA,NA,NA,NA,NA,NA,NA,NA,NA,0.1,8.1,-0.7,-179.3755546,-3.130694025,23,8.083333333
29/04/1989,9.32512,NA,NA,NA,NA,NA,NA,NA,NA,NA,NA,NA,NA,NA,NA,NA,NA,NA,NA,NA,NA,NA,2.9,9.6,4.9,93.84198172,1.637851558,15,5.25
30/04/1989,9.32786,NA,NA,NA,NA,NA,NA,NA,NA,NA,NA,NA,NA,NA,NA,NA,NA,NA,NA,NA,NA,NA,0.7,11.1,6.2,152.9307759,2.669145567,29,13.79166667
01/05/1989,9.33060,NA,NA,NA,NA,NA,NA,NA,NA,NA,NA,NA,NA,NA,NA,NA,NA,NA,NA,NA,NA,NA,3.3,11.1,7.9,170.3253001,2.972737286,28,13.70833333
02/05/1989,9.33333,NA,NA,NA,NA,NA,NA,NA,NA,NA,NA,NA,NA,NA,NA,NA,NA,NA,NA,NA,NA,NA,1.2,12.8,9,169.5251901,2.958772732,36,17.16666667
03/05/1989,9.33607,NA,NA,NA,NA,NA,NA,NA,NA,NA,NA,NA,NA,NA,NA,NA,NA,NA,NA,NA,NA,NA,0.4,12.1,5.7,175.8129329,3.068514546,25,12.16666667
04/05/1989,9.33881,NA,NA,NA,NA,NA,NA,NA,NA,NA,NA,NA,NA,NA,NA,NA,NA,NA,NA,NA,NA,NA,0.1,12.3,6.2,-143.5534619,-2.505480562,23,9.583333333
05/05/1989,9.34155,NA,NA,NA,NA,NA,NA,NA,NA,NA,NA,NA,NA,NA,NA,NA,NA,NA,NA,NA,NA,NA,0.1,10.9,3.6,-123.5169449,-2.155777371,25,10.625
06/05/1989,9.34428,NA,NA,NA,NA,NA,NA,NA,NA,NA,NA,NA,NA,NA,NA,NA,NA,NA,NA,NA,NA,NA,0.3,12.2,6.2,-137.7646717,-2.404447114,17,6.875
07/05/1989,9.34702,NA,NA,NA,NA,NA,NA,NA,NA,NA,NA,NA,NA,NA,NA,NA,NA,NA,NA,NA,NA,NA,0,14.3,7.1,-162.55676,-2.837150683,21,8.25
08/05/1989,9.34976,NA,NA,NA,NA,NA,NA,NA,NA,NA,NA,NA,NA,NA,NA,NA,NA,NA,NA,NA,NA,NA,0.2,11.1,5.8,-143.741235,-2.508757821,33,10.5
09/05/1989,9.35250,NA,NA,NA,NA,NA,NA,NA,NA,NA,NA,NA,NA,NA,NA,NA,NA,NA,NA,NA,NA,NA,2.8,9.6,4,-94.07000743,-1.641831357,30,12.875
10/05/1989,9.35524,NA,NA,NA,NA,NA,NA,NA,NA,NA,NA,NA,NA,NA,NA,NA,NA,NA,NA,NA,NA,NA,1.5,9.1,1.6,-151.4320513,-2.642987889,24,8.458333333
11/05/1989,9.35797,NA,NA,NA,NA,NA,NA,NA,NA,NA,NA,NA,NA,NA,NA,NA,NA,NA,NA,NA,NA,NA,11,8.1,3.2,49.30141072,0.860471943,30,11.58333333
12/05/1989,9.36071,NA,NA,NA,NA,NA,NA,NA,NA,NA,NA,NA,NA,NA,NA,NA,NA,NA,NA,NA,NA,NA,0,9.2,6.1,-7.449400692,-0.130016569,45,17
13/05/1989,9.36345,NA,NA,NA,NA,NA,NA,NA,NA,NA,NA,NA,NA,NA,NA,NA,NA,NA,NA,NA,NA,NA,0,10.2,0.6,146.0266416,2.548645691,17,7.291666667
14/05/1989,9.36619,NA,NA,NA,NA,NA,NA,NA,NA,NA,NA,NA,NA,NA,NA,NA,NA,NA,NA,NA,NA,NA,0.2,13.1,7.4,155.4177202,2.712550933,43,23.625
15/05/1989,9.36893,NA,NA,NA,NA,NA,NA,NA,NA,NA,NA,NA,NA,NA,NA,NA,NA,NA,NA,NA,NA,NA,8.4,13.6,5.4,165.7973005,2.893708785,55,27.54166667
16/05/1989,9.37166,NA,NA,NA,NA,NA,NA,NA,NA,NA,NA,NA,NA,NA,NA,NA,NA,NA,NA,NA,NA,NA,5.5,11.4,5.2,-172.4824336,-3.010386368,36,20.125
17/05/1989,9.37440,NA,NA,NA,NA,NA,NA,NA,NA,NA,NA,NA,NA,NA,NA,NA,NA,NA,NA,NA,NA,NA,3,14.2,8.7,172.1291347,3.00422014,32,16.16666667
18/05/1989,9.37714,NA,NA,NA,NA,NA,NA,NA,NA,NA,NA,NA,NA,NA,NA,NA,NA,NA,NA,NA,NA,NA,0.9,12.3,7.6,-146.5263141,-2.557366621,25,12.08333333
19/05/1989,9.37988,NA,NA,NA,NA,NA,NA,NA,NA,NA,NA,NA,NA,NA,NA,NA,NA,NA,NA,NA,NA,NA,0,13.2,3.8,136.355119,2.379845778,12,5.041666667
20/05/1989,9.38261,NA,NA,NA,NA,NA,NA,NA,NA,NA,NA,NA,NA,NA,NA,NA,NA,NA,NA,NA,NA,NA,0,18.9,9.9,110.0038386,1.919929174,17,6.416666667
21/05/1989,9.38535,NA,NA,NA,NA,NA,NA,NA,NA,NA,NA,NA,NA,NA,NA,NA,NA,NA,NA,NA,NA,NA,0,21.6,10.9,59.93316303,1.046031026,15,4.125
22/05/1989,9.38809,NA,NA,NA,NA,NA,NA,NA,NA,NA,NA,NA,NA,NA,NA,NA,NA,NA,NA,NA,NA,NA,0,21.6,11.4,68.20951028,1.190480536,14,3.708333333
23/05/1989,9.39083,NA,NA,NA,NA,NA,NA,NA,NA,NA,NA,NA,NA,NA,NA,NA,NA,NA,NA,NA,NA,NA,0.3,17.2,9.5,-170.6552183,-2.978495446,30,8.916666667
24/05/1989,9.39357,NA,NA,NA,NA,NA,NA,NA,NA,NA,NA,NA,NA,NA,NA,NA,NA,NA,NA,NA,NA,NA,0,12,3.9,-52.62212403,-0.918429324,15,5.708333333
25/05/1989,9.39630,NA,NA,NA,NA,NA,NA,NA,NA,NA,NA,NA,NA,NA,NA,NA,NA,NA,NA,NA,NA,NA,0,11.7,3.4,-114.2563731,-1.994149902,14,4.625
26/05/1989,9.39904,NA,NA,NA,NA,NA,NA,NA,NA,NA,NA,NA,NA,NA,NA,NA,NA,NA,NA,NA,NA,NA,0,13.7,4.6,-143.4365125,-2.503439411,17,6.958333333
27/05/1989,9.40178,NA,NA,NA,NA,NA,NA,NA,NA,NA,NA,NA,NA,NA,NA,NA,NA,NA,NA,NA,NA,NA,0.5,13.4,9.7,-147.8361442,-2.58022747,21,8.458333333
28/05/1989,9.40452,NA,NA,NA,NA,NA,NA,NA,NA,NA,NA,NA,NA,NA,NA,NA,NA,NA,NA,NA,NA,NA,2.1,11.4,7.3,-97.78268674,-1.706629835,26,9.958333333
29/05/1989,9.40726,NA,NA,NA,NA,NA,NA,NA,NA,NA,NA,NA,NA,NA,NA,NA,NA,NA,NA,NA,NA,NA,1.4,9.9,2.9,-95.54501753,-1.66757514,30,10.625
30/05/1989,9.40999,NA,NA,NA,NA,NA,NA,NA,NA,NA,NA,NA,NA,NA,NA,NA,NA,NA,NA,NA,NA,NA,0.5,8.9,3.7,-50.26673783,-0.877320079,24,10.25
31/05/1989,9.41273,NA,NA,NA,NA,NA,NA,NA,NA,NA,NA,NA,NA,NA,NA,NA,NA,NA,NA,NA,NA,NA,3.4,9,4.9,-49.49132478,-0.863786569,29,11.875
01/06/1989,9.41547,NA,NA,NA,NA,NA,NA,NA,NA,NA,NA,NA,NA,NA,NA,NA,NA,NA,NA,NA,NA,NA,2.4,10.3,5.3,-52.60013293,-0.918045507,26,9.916666667
02/06/1989,9.41821,NA,NA,NA,NA,NA,NA,NA,NA,NA,NA,NA,NA,NA,NA,NA,NA,NA,NA,NA,NA,NA,4.2,8.5,5,127.1095905,2.218480865,21,8.625
03/06/1989,9.42094,NA,NA,NA,NA,NA,NA,NA,NA,NA,NA,NA,NA,NA,NA,NA,NA,NA,NA,NA,NA,NA,0,10,5,20.03836877,0.349735512,18,8.458333333
04/06/1989,9.42368,NA,NA,NA,NA,NA,NA,NA,NA,NA,NA,NA,NA,NA,NA,NA,NA,NA,NA,NA,NA,NA,1,12.1,3.1,-56.05721448,-0.978382962,10,4.083333333
05/06/1989,9.42642,NA,NA,NA,NA,NA,NA,NA,NA,NA,NA,NA,NA,NA,NA,NA,NA,NA,NA,NA,NA,NA,5.2,10.5,5.6,-60.07359345,-1.048481999,23,7.041666667
06/06/1989,9.42916,NA,NA,NA,NA,NA,NA,NA,NA,NA,NA,NA,NA,NA,NA,NA,NA,NA,NA,NA,NA,NA,0.5,10.7,6.3,-14.41920299,-0.251662568,22,11.75
07/06/1989,9.43190,NA,NA,NA,NA,NA,NA,NA,NA,NA,NA,NA,NA,NA,NA,NA,NA,NA,NA,NA,NA,NA,0.1,10.6,6,-9.578584694,-0.167177841,17,7.375
08/06/1989,9.43463,NA,NA,NA,NA,NA,NA,NA,NA,NA,NA,NA,NA,NA,NA,NA,NA,NA,NA,NA,NA,NA,1.8,10.5,6.5,4.588755435,0.080088891,13,6.958333333
09/06/1989,9.43737,NA,NA,NA,NA,NA,NA,NA,NA,NA,NA,NA,NA,NA,NA,NA,NA,NA,NA,NA,NA,NA,0.1,14,6.9,82.19815495,1.434628443,14,5.708333333
10/06/1989,9.44011,NA,NA,NA,NA,NA,NA,NA,NA,NA,NA,NA,NA,NA,NA,NA,NA,NA,NA,NA,NA,NA,0,15.3,9.2,74.4143235,1.298774956,18,5.75
11/06/1989,9.44285,NA,NA,NA,NA,NA,NA,NA,NA,NA,NA,NA,NA,NA,NA,NA,NA,NA,NA,NA,NA,NA,0.2,14.1,9.4,123.3344909,2.152592948,22,8.458333333
12/06/1989,9.44559,NA,NA,NA,NA,NA,NA,NA,NA,NA,NA,NA,NA,NA,NA,NA,NA,NA,NA,NA,NA,NA,0.8,17.1,12.1,127.4190749,2.223882387,32,8.833333333
13/06/1989,9.44832,NA,NA,NA,NA,NA,NA,NA,NA,NA,NA,NA,NA,NA,NA,NA,NA,NA,NA,NA,NA,NA,15.5,16.2,11.4,122.1303624,2.13157694,19,5.041666667
14/06/1989,9.45106,NA,NA,NA,NA,NA,NA,NA,NA,NA,NA,NA,NA,NA,NA,NA,NA,NA,NA,NA,NA,NA,0,15.4,9.7,165.8664349,2.894915408,26,11.75
15/06/1989,9.45380,NA,NA,NA,NA,NA,NA,NA,NA,NA,NA,NA,NA,NA,NA,NA,NA,NA,NA,NA,NA,NA,0,14.7,9.1,155.3177561,2.710806231,33,10.79166667
16/06/1989,9.45654,NA,NA,NA,NA,NA,NA,NA,NA,NA,NA,NA,NA,NA,NA,NA,NA,NA,NA,NA,NA,NA,0,16,11,161.1222742,2.812114184,24,11.04166667
17/06/1989,9.45927,NA,NA,NA,NA,NA,NA,NA,NA,NA,NA,NA,NA,NA,NA,NA,NA,NA,NA,NA,NA,NA,0,18.7,10.6,146.7213274,2.560770247,28,11.33333333
18/06/1989,9.46201,NA,NA,NA,NA,NA,NA,NA,NA,NA,NA,NA,NA,NA,NA,NA,NA,NA,NA,NA,NA,NA,0,19.3,9.2,53.37779896,0.931618339,14,3.625
19/06/1989,9.46475,NA,NA,NA,NA,NA,NA,NA,NA,NA,NA,NA,NA,NA,NA,NA,NA,NA,NA,NA,NA,NA,0,16,9.9,-6.851658324,-0.119583997,11,4.458333333
20/06/1989,9.46749,NA,NA,NA,NA,NA,NA,NA,NA,NA,NA,NA,NA,NA,NA,NA,NA,NA,NA,NA,NA,NA,0.1,16.5,9.6,-117.7240657,-2.054672556,29,11.5
21/06/1989,9.47023,NA,NA,NA,NA,NA,NA,NA,NA,NA,NA,NA,NA,NA,NA,NA,NA,NA,NA,NA,NA,NA,0,16.2,9.3,-96.20993294,-1.679180103,26,8.166666667
22/06/1989,9.47296,NA,NA,NA,NA,NA,NA,NA,NA,NA,NA,NA,NA,NA,NA,NA,NA,NA,NA,NA,NA,NA,0.2,15.1,6.7,-164.519025,-2.871398668,27,10.375
23/06/1989,9.47570,NA,NA,NA,NA,NA,NA,NA,NA,NA,NA,NA,NA,NA,NA,NA,NA,NA,NA,NA,NA,NA,0,13.1,9.2,-124.9616312,-2.180991904,16,7
24/06/1989,9.47844,NA,NA,NA,NA,NA,NA,NA,NA,NA,NA,NA,NA,NA,NA,NA,NA,NA,NA,NA,NA,NA,3.1,12.1,8.6,174.5305547,3.046132825,31,11.91666667
25/06/1989,9.48118,NA,NA,NA,NA,NA,NA,NA,NA,NA,NA,NA,NA,NA,NA,NA,NA,NA,NA,NA,NA,NA,11.2,15,10,-172.8983786,-3.017645978,31,14.625
26/06/1989,9.48392,NA,NA,NA,NA,NA,NA,NA,NA,NA,NA,NA,NA,NA,NA,NA,NA,NA,NA,NA,NA,NA,10,13,8.2,-75.40712937,-1.316102687,22,7.125
27/06/1989,9.48665,NA,NA,NA,NA,NA,NA,NA,NA,NA,NA,NA,NA,NA,NA,NA,NA,NA,NA,NA,NA,NA,5.3,12.2,8.1,-56.75026395,-0.990478957,20,8.916666667
28/06/1989,9.48939,NA,NA,NA,NA,NA,NA,NA,NA,NA,NA,NA,NA,NA,NA,NA,NA,NA,NA,NA,NA,NA,4.5,10.2,4.5,-68.86423422,-1.201907624,17,5.5
29/06/1989,9.49213,NA,NA,NA,NA,NA,NA,NA,NA,NA,NA,NA,NA,NA,NA,NA,NA,NA,NA,NA,NA,NA,4.5,12.6,5.9,-96.78472265,-1.689212076,29,13.04166667
30/06/1989,9.49487,NA,NA,NA,NA,NA,NA,NA,NA,NA,NA,NA,NA,NA,NA,NA,NA,NA,NA,NA,NA,NA,5.1,11.1,5.5,98.85123369,1.725279498,20,8
01/07/1989,9.49760,NA,NA,NA,NA,NA,NA,NA,NA,NA,NA,NA,NA,NA,NA,NA,NA,NA,NA,NA,NA,NA,1.1,12.6,9.4,26.26266944,0.458370052,21,13.70833333
02/07/1989,9.50034,NA,NA,NA,NA,NA,NA,NA,NA,NA,NA,NA,NA,NA,NA,NA,NA,NA,NA,NA,NA,NA,0,17.4,7.3,146.0270341,2.548652543,NA,9.916666667
03/07/1989,9.50308,NA,NA,NA,NA,NA,NA,NA,NA,NA,NA,NA,NA,NA,NA,NA,NA,NA,NA,NA,NA,NA,0,19.2,11.9,151.5824284,2.645612464,26,11.83333333
04/07/1989,9.50582,NA,NA,NA,NA,NA,NA,NA,NA,NA,NA,NA,NA,NA,NA,NA,NA,NA,NA,NA,NA,NA,0,18.9,11.6,145.5188454,2.539782976,21,8.666666667
05/07/1989,9.50856,NA,NA,NA,NA,NA,NA,NA,NA,NA,NA,NA,NA,NA,NA,NA,NA,NA,NA,NA,NA,NA,0,20.1,12,163.4994752,2.853604168,NA,5.708333333
06/07/1989,9.51129,NA,NA,NA,NA,NA,NA,NA,NA,NA,NA,NA,NA,NA,NA,NA,NA,NA,NA,NA,NA,NA,0,19.5,11.5,134.4524409,2.346637781,NA,8
07/07/1989,9.51403,NA,NA,NA,NA,NA,NA,NA,NA,NA,NA,NA,NA,NA,NA,NA,NA,NA,NA,NA,NA,NA,0,13.8,11.1,-7.244432476,-0.126439199,17,9.166666667
08/07/1989,9.51677,NA,NA,NA,NA,NA,NA,NA,NA,NA,NA,NA,NA,NA,NA,NA,NA,NA,NA,NA,NA,NA,0,13.4,9.5,-21.04804685,-0.367357719,16,10.875
09/07/1989,9.51951,NA,NA,NA,NA,NA,NA,NA,NA,NA,NA,NA,NA,NA,NA,NA,NA,NA,NA,NA,NA,NA,0,14.6,9.8,-174.3720214,-3.043365897,NA,9.041666667
10/07/1989,9.52225,NA,NA,NA,NA,NA,NA,NA,NA,NA,NA,NA,NA,NA,NA,NA,NA,NA,NA,NA,NA,NA,7.7,15.6,11.5,-149.4023778,-2.607563403,22,13.29166667
11/07/1989,9.52498,NA,NA,NA,NA,NA,NA,NA,NA,NA,NA,NA,NA,NA,NA,NA,NA,NA,NA,NA,NA,NA,0.8,17.3,11.3,-156.8721322,-2.737935211,30,15.04166667
12/07/1989,9.52772,NA,NA,NA,NA,NA,NA,NA,NA,NA,NA,NA,NA,NA,NA,NA,NA,NA,NA,NA,NA,NA,1.1,17.1,10.4,-126.2709837,-2.203844416,26,13.95833333
13/07/1989,9.53046,NA,NA,NA,NA,NA,NA,NA,NA,NA,NA,NA,NA,NA,NA,NA,NA,NA,NA,NA,NA,NA,0.1,13.7,10.1,-93.6885368,-1.635173438,21,9.75
14/07/1989,9.53320,NA,NA,NA,NA,NA,NA,NA,NA,NA,NA,NA,NA,NA,NA,NA,NA,NA,NA,NA,NA,NA,0,17,9.8,-125.2039931,-2.185221917,21,10.45833333
15/07/1989,9.53593,NA,NA,NA,NA,NA,NA,NA,NA,NA,NA,NA,NA,NA,NA,NA,NA,NA,NA,NA,NA,NA,0,15.4,11.1,-94.99364573,-1.657951887,27,13.375
16/07/1989,9.53867,NA,NA,NA,NA,NA,NA,NA,NA,NA,NA,NA,NA,NA,NA,NA,NA,NA,NA,NA,NA,NA,0,18.6,10.2,-111.7469792,-1.950352717,18,8.304347826
17/07/1989,9.54141,NA,NA,NA,NA,NA,NA,NA,NA,NA,NA,NA,NA,NA,NA,NA,NA,NA,NA,NA,NA,NA,0.3,17.8,11.3,-105.2234626,-1.836495874,19,10.375
18/07/1989,9.54415,NA,NA,NA,NA,NA,NA,NA,NA,NA,NA,NA,NA,NA,NA,NA,NA,NA,NA,NA,NA,NA,0,16.2,10.8,165.1128066,2.881762112,12,5.875
19/07/1989,9.54689,NA,NA,NA,NA,NA,NA,NA,NA,NA,NA,NA,NA,NA,NA,NA,NA,NA,NA,NA,NA,NA,0,15.5,10.6,-11.20365522,-0.195540672,13,6.791666667
20/07/1989,9.54962,NA,NA,NA,NA,NA,NA,NA,NA,NA,NA,NA,NA,NA,NA,NA,NA,NA,NA,NA,NA,NA,6.7,18.5,11.1,72.35462478,1.262826431,13,6.375
21/07/1989,9.55236,NA,NA,NA,NA,NA,NA,NA,NA,NA,NA,NA,NA,NA,NA,NA,NA,NA,NA,NA,NA,NA,5,19,14.1,5.727189071,0.099958306,12,4.708333333
22/07/1989,9.55510,NA,NA,NA,NA,NA,NA,NA,NA,NA,NA,NA,NA,NA,NA,NA,NA,NA,NA,NA,NA,NA,0,21.5,13,64.22388829,1.120918309,10,4.5
23/07/1989,9.55784,NA,NA,NA,NA,NA,NA,NA,NA,NA,NA,NA,NA,NA,NA,NA,NA,NA,NA,NA,NA,NA,0,18.5,13.8,139.8352261,2.440585106,17,8
24/07/1989,9.56057,NA,NA,NA,NA,NA,NA,NA,NA,NA,NA,NA,NA,NA,NA,NA,NA,NA,NA,NA,NA,NA,0,19.5,13.3,119.048022,2.077779951,15,7.5
25/07/1989,9.56331,NA,NA,NA,NA,NA,NA,NA,NA,NA,NA,NA,NA,NA,NA,NA,NA,NA,NA,NA,NA,NA,5.9,19.9,12.8,153.2727095,2.675113434,24,8.833333333
26/07/1989,9.56605,NA,NA,NA,NA,NA,NA,NA,NA,NA,NA,NA,NA,NA,NA,NA,NA,NA,NA,NA,NA,NA,9.8,17.3,11.6,-170.6183343,-2.977851697,25,11.25
27/07/1989,9.56879,NA,NA,NA,NA,NA,NA,NA,NA,NA,NA,NA,NA,NA,NA,NA,NA,NA,NA,NA,NA,NA,2.9,16.4,9.8,-164.7640087,-2.875674441,23,11.5
28/07/1989,9.57153,NA,NA,NA,NA,NA,NA,NA,NA,NA,NA,NA,NA,NA,NA,NA,NA,NA,NA,NA,NA,NA,4.3,16,11.7,-152.6950941,-2.665032144,NA,9.541666667
29/07/1989,9.57426,NA,NA,NA,NA,NA,NA,NA,NA,NA,NA,NA,NA,NA,NA,NA,NA,NA,NA,NA,NA,NA,19.4,15,10.5,-127.2739417,-2.221349335,21,8.541666667
30/07/1989,9.57700,NA,NA,NA,NA,NA,NA,NA,NA,NA,NA,NA,NA,NA,NA,NA,NA,NA,NA,NA,NA,NA,1.2,15,9.4,-102.3526519,-1.786390774,21,8.666666667
31/07/1989,9.57974,NA,NA,NA,NA,NA,NA,NA,NA,NA,NA,NA,NA,NA,NA,NA,NA,NA,NA,NA,NA,NA,0.2,15,9.6,-82.87373061,-1.446419463,24,10.29166667
01/08/1989,9.58248,NA,NA,NA,NA,NA,NA,NA,NA,NA,NA,NA,NA,NA,NA,NA,NA,NA,NA,NA,NA,NA,0,14.4,7.7,-101.0548506,-1.763739868,13,4.25
02/08/1989,9.58522,NA,NA,NA,NA,NA,NA,NA,NA,NA,NA,NA,NA,NA,NA,NA,NA,NA,NA,NA,NA,NA,0.4,18.7,11.8,-162.1873528,-2.830703311,32,9.5
03/08/1989,9.58795,NA,NA,NA,NA,NA,NA,NA,NA,NA,NA,NA,NA,NA,NA,NA,NA,NA,NA,NA,NA,NA,1.2,15.1,11.1,-123.235322,-2.150862123,26,10.75
04/08/1989,9.59069,NA,NA,NA,NA,NA,NA,NA,NA,NA,NA,NA,NA,NA,NA,NA,NA,NA,NA,NA,NA,NA,0.1,15,9.9,-120.1045248,-2.096219405,16,6.083333333
05/08/1989,9.59343,NA,NA,NA,NA,NA,NA,NA,NA,NA,NA,NA,NA,NA,NA,NA,NA,NA,NA,NA,NA,NA,0.8,18.7,11.8,127.4952313,2.225211566,17,6.833333333
06/08/1989,9.59617,NA,NA,NA,NA,NA,NA,NA,NA,NA,NA,NA,NA,NA,NA,NA,NA,NA,NA,NA,NA,NA,17.1,17,12.3,101.38023,1.769418811,14,4.666666667
07/08/1989,9.59890,NA,NA,NA,NA,NA,NA,NA,NA,NA,NA,NA,NA,NA,NA,NA,NA,NA,NA,NA,NA,NA,2.3,17.2,12.5,-161.2335881,-2.814056977,20,6.75
08/08/1989,9.60164,NA,NA,NA,NA,NA,NA,NA,NA,NA,NA,NA,NA,NA,NA,NA,NA,NA,NA,NA,NA,NA,0.9,16.2,12.1,152.7398474,2.665813237,27,9.583333333
09/08/1989,9.60438,NA,NA,NA,NA,NA,NA,NA,NA,NA,NA,NA,NA,NA,NA,NA,NA,NA,NA,NA,NA,NA,20.2,15.3,11.2,-142.2524483,-2.482773592,23,9.583333333
10/08/1989,9.60712,NA,NA,NA,NA,NA,NA,NA,NA,NA,NA,NA,NA,NA,NA,NA,NA,NA,NA,NA,NA,NA,9,14.5,9.2,162.5925482,2.837775306,48,14.95833333
11/08/1989,9.60986,NA,NA,NA,NA,NA,NA,NA,NA,NA,NA,NA,NA,NA,NA,NA,NA,NA,NA,NA,NA,NA,2.9,15.6,10.9,-152.3300018,-2.658660081,49,16.66666667
12/08/1989,9.61259,NA,NA,NA,NA,NA,NA,NA,NA,NA,NA,NA,NA,NA,NA,NA,NA,NA,NA,NA,NA,NA,4.1,15.4,9.2,-175.8011245,-3.068308451,37,11.54166667
13/08/1989,9.61533,NA,NA,NA,NA,NA,NA,NA,NA,NA,NA,NA,NA,NA,NA,NA,NA,NA,NA,NA,NA,NA,6,15.7,9.5,162.0763209,2.828765439,26,11.25
14/08/1989,9.61807,NA,NA,NA,NA,NA,NA,NA,NA,NA,NA,NA,NA,NA,NA,NA,NA,NA,NA,NA,NA,NA,11.5,14,10.7,130.0034325,2.268987936,34,14.41666667
15/08/1989,9.62081,NA,NA,NA,NA,NA,NA,NA,NA,NA,NA,NA,NA,NA,NA,NA,NA,NA,NA,NA,NA,NA,15.6,14.6,10,145.0191599,2.53106182,40,20.83333333
16/08/1989,9.62355,NA,NA,NA,NA,NA,NA,NA,NA,NA,NA,NA,NA,NA,NA,NA,NA,NA,NA,NA,NA,NA,9.1,14.9,11,162.0613898,2.828504842,41,18.95833333
17/08/1989,9.62628,NA,NA,NA,NA,NA,NA,NA,NA,NA,NA,NA,NA,NA,NA,NA,NA,NA,NA,NA,NA,NA,4.1,15,9.1,-164.3606513,-2.868634525,27,11.625
18/08/1989,9.62902,NA,NA,NA,NA,NA,NA,NA,NA,NA,NA,NA,NA,NA,NA,NA,NA,NA,NA,NA,NA,NA,4.6,17.1,9.8,-172.3783525,-3.00856981,30,15
19/08/1989,9.63176,NA,NA,NA,NA,NA,NA,NA,NA,NA,NA,NA,NA,NA,NA,NA,NA,NA,NA,NA,NA,NA,5.6,16,12,147.0224647,2.566026083,37,17.29166667
20/08/1989,9.63450,NA,NA,NA,NA,NA,NA,NA,NA,NA,NA,NA,NA,NA,NA,NA,NA,NA,NA,NA,NA,NA,20.8,15.4,10.9,151.2624215,2.64002729,32,11.95833333
21/08/1989,9.63723,NA,NA,NA,NA,NA,NA,NA,NA,NA,NA,NA,NA,NA,NA,NA,NA,NA,NA,NA,NA,NA,10.3,14.1,11.1,176.1387739,3.074201545,40,17.79166667
22/08/1989,9.63997,NA,NA,NA,NA,NA,NA,NA,NA,NA,NA,NA,NA,NA,NA,NA,NA,NA,NA,NA,NA,NA,4,14.7,8.8,-163.6974102,-2.857058785,36,13.75
23/08/1989,9.64271,NA,NA,NA,NA,NA,NA,NA,NA,NA,NA,NA,NA,NA,NA,NA,NA,NA,NA,NA,NA,NA,4.2,13.8,9.7,-146.1766927,-2.551264577,26,11.95833333
24/08/1989,9.64545,NA,NA,NA,NA,NA,NA,NA,NA,NA,NA,NA,NA,NA,NA,NA,NA,NA,NA,NA,NA,NA,0,14.3,9,-106.9568346,-1.866748922,17,6.291666667
25/08/1989,9.64819,NA,NA,NA,NA,NA,NA,NA,NA,NA,NA,NA,NA,NA,NA,NA,NA,NA,NA,NA,NA,NA,0,14.2,6.7,-8.361779274,-0.14594058,15,4.916666667
26/08/1989,9.65092,NA,NA,NA,NA,NA,NA,NA,NA,NA,NA,NA,NA,NA,NA,NA,NA,NA,NA,NA,NA,NA,0.3,13.8,10.5,-5.194752404,-0.090665533,22,10.45833333
27/08/1989,9.65366,NA,NA,NA,NA,NA,NA,NA,NA,NA,NA,NA,NA,NA,NA,NA,NA,NA,NA,NA,NA,NA,0,13,9,-49.66402316,-0.866800724,19,7.958333333
28/08/1989,9.65640,NA,NA,NA,NA,NA,NA,NA,NA,NA,NA,NA,NA,NA,NA,NA,NA,NA,NA,NA,NA,NA,0,13.6,8.2,147.6183604,2.576426425,13,4.166666667
29/08/1989,9.65914,NA,NA,NA,NA,NA,NA,NA,NA,NA,NA,NA,NA,NA,NA,NA,NA,NA,NA,NA,NA,NA,0,15.6,9.4,127.1020819,2.218349816,22,9.291666667
30/08/1989,9.66188,NA,NA,NA,NA,NA,NA,NA,NA,NA,NA,NA,NA,NA,NA,NA,NA,NA,NA,NA,NA,NA,11.1,15,11,-175.3685441,-3.0607585,28,11.20833333
31/08/1989,9.66461,NA,NA,NA,NA,NA,NA,NA,NA,NA,NA,NA,NA,NA,NA,NA,NA,NA,NA,NA,NA,NA,0.3,14.7,8.9,-157.7696347,-2.753599584,26,11.5
01/09/1989,9.66735,NA,NA,NA,NA,NA,NA,NA,NA,NA,NA,NA,NA,NA,NA,NA,NA,NA,NA,NA,NA,NA,7.4,13.8,8.8,-126.7174725,-2.211637114,26,10.41666667
02/09/1989,9.67009,NA,NA,NA,NA,NA,NA,NA,NA,NA,NA,NA,NA,NA,NA,NA,NA,NA,NA,NA,NA,NA,0.4,13.5,7,-73.95016665,-1.29067389,15,4.125
03/09/1989,9.67283,NA,NA,NA,NA,NA,NA,NA,NA,NA,NA,NA,NA,NA,NA,NA,NA,NA,NA,NA,NA,NA,1.2,13.2,8.8,156.6322156,2.733747876,26,11.79166667
04/09/1989,9.67556,NA,NA,NA,NA,NA,NA,NA,NA,NA,NA,NA,NA,NA,NA,NA,NA,NA,NA,NA,NA,NA,0.6,15.3,9,-153.8384942,-2.68498824,22,9.125
05/09/1989,9.67830,NA,NA,NA,NA,NA,NA,NA,NA,NA,NA,NA,NA,NA,NA,NA,NA,NA,NA,NA,NA,NA,4.1,15.2,11.9,179.5836077,3.134325238,29,13.29166667
06/09/1989,9.68104,NA,NA,NA,NA,NA,NA,NA,NA,NA,NA,NA,NA,NA,NA,NA,NA,NA,NA,NA,NA,NA,2,15.2,10.4,-156.8300809,-2.737201279,33,13.29166667
07/09/1989,9.68378,NA,NA,NA,NA,NA,NA,NA,NA,NA,NA,NA,NA,NA,NA,NA,NA,NA,NA,NA,NA,NA,0,14.6,7.4,-164.716497,-2.874845205,16,6.333333333
08/09/1989,9.68652,NA,NA,NA,NA,NA,NA,NA,NA,NA,NA,NA,NA,NA,NA,NA,NA,NA,NA,NA,NA,NA,0.5,14.2,5.2,-109.0967034,-1.904096677,15,4.708333333
09/09/1989,9.68925,NA,NA,NA,NA,NA,NA,NA,NA,NA,NA,NA,NA,NA,NA,NA,NA,NA,NA,NA,NA,NA,0,12.3,4,-36.95462109,-0.644979812,15,4.583333333
10/09/1989,9.69199,NA,NA,NA,NA,NA,NA,NA,NA,NA,NA,NA,NA,NA,NA,NA,NA,NA,NA,NA,NA,NA,0,13.5,4,32.65116707,0.56987037,10,3.083333333
11/09/1989,9.69473,NA,NA,NA,NA,NA,NA,NA,NA,NA,NA,NA,NA,NA,NA,NA,NA,NA,NA,NA,NA,NA,0,13.5,3.5,-37.19468436,-0.649169706,NA,3
12/09/1989,9.69747,NA,NA,NA,NA,NA,NA,NA,NA,NA,NA,NA,NA,NA,NA,NA,NA,NA,NA,NA,NA,NA,0,16,7.3,170.6523349,2.97844512,NA,6.166666667
13/09/1989,9.70021,NA,NA,NA,NA,NA,NA,NA,NA,NA,NA,NA,NA,NA,NA,NA,NA,NA,NA,NA,NA,NA,5,13.5,6.9,-165.5583492,-2.889538298,25,9.291666667
14/09/1989,9.70294,NA,NA,NA,NA,NA,NA,NA,NA,NA,NA,NA,NA,NA,NA,NA,NA,NA,NA,NA,NA,NA,5.3,12,5,-168.802019,-2.946151015,28,7.416666667
15/09/1989,9.70568,NA,NA,NA,NA,NA,NA,NA,NA,NA,NA,NA,NA,NA,NA,NA,NA,NA,NA,NA,NA,NA,10.1,14.3,4.8,156.1485265,2.725305909,45,11.875
16/09/1989,9.70842,NA,NA,NA,NA,NA,NA,NA,NA,NA,NA,NA,NA,NA,NA,NA,NA,NA,NA,NA,NA,NA,3.4,12.2,6.8,-164.132865,-2.864658904,46,18.54166667
17/09/1989,9.71116,NA,NA,NA,NA,NA,NA,NA,NA,NA,NA,NA,NA,NA,NA,NA,NA,NA,NA,NA,NA,NA,3.2,13.5,7.3,-174.0617789,-3.037951144,41,15.16666667
18/09/1989,9.71389,NA,NA,NA,NA,NA,NA,NA,NA,NA,NA,NA,NA,NA,NA,NA,NA,NA,NA,NA,NA,NA,4.7,16.6,10,120.0410734,2.095111969,53,16.125
19/09/1989,9.71663,NA,NA,NA,NA,NA,NA,NA,NA,NA,NA,NA,NA,NA,NA,NA,NA,NA,NA,NA,NA,NA,11.7,14.5,9.6,168.3402419,2.938091484,47,26.375
20/09/1989,9.71937,NA,NA,NA,NA,NA,NA,NA,NA,NA,NA,NA,NA,NA,NA,NA,NA,NA,NA,NA,NA,NA,13.8,15.5,11.8,166.7049533,2.909550314,54,27.04166667
21/09/1989,9.72211,NA,NA,NA,NA,NA,NA,NA,NA,NA,NA,NA,NA,NA,NA,NA,NA,NA,NA,NA,NA,NA,7.3,14.1,10.9,129.8893866,2.26699746,28,8.458333333
22/09/1989,9.72485,NA,NA,NA,NA,NA,NA,NA,NA,NA,NA,NA,NA,NA,NA,NA,NA,NA,NA,NA,NA,NA,1,14.7,7.1,-169.699762,-2.961819586,15,3.583333333
23/09/1989,9.72758,NA,NA,NA,NA,NA,NA,NA,NA,NA,NA,NA,NA,NA,NA,NA,NA,NA,NA,NA,NA,NA,0.2,14.2,4,176.3714365,3.078262274,NA,7.708333333
24/09/1989,9.73032,NA,NA,NA,NA,NA,NA,NA,NA,NA,NA,NA,NA,NA,NA,NA,NA,NA,NA,NA,NA,NA,1.3,15.5,13,165.8428077,2.894503035,45,23.95833333
25/09/1989,9.73306,NA,NA,NA,NA,NA,NA,NA,NA,NA,NA,NA,NA,NA,NA,NA,NA,NA,NA,NA,NA,NA,15.3,14.7,6.5,-143.3390948,-2.501739151,46,16.375
26/09/1989,9.73580,NA,NA,NA,NA,NA,NA,NA,NA,NA,NA,NA,NA,NA,NA,NA,NA,NA,NA,NA,NA,NA,0.3,15.8,5.3,-177.466397,-3.097372939,34,12.79166667
27/09/1989,9.73854,NA,NA,NA,NA,NA,NA,NA,NA,NA,NA,NA,NA,NA,NA,NA,NA,NA,NA,NA,NA,NA,0.2,12.5,8.8,-137.9236791,-2.407222317,24,8.583333333
28/09/1989,9.74127,NA,NA,NA,NA,NA,NA,NA,NA,NA,NA,NA,NA,NA,NA,NA,NA,NA,NA,NA,NA,NA,0,13,9.3,-140.3111073,-2.448890799,19,7.916666667
29/09/1989,9.74401,NA,NA,NA,NA,NA,NA,NA,NA,NA,NA,NA,NA,NA,NA,NA,NA,NA,NA,NA,NA,NA,0,12.2,8.4,-116.6362726,-2.035686984,16,6.208333333
30/09/1989,9.74675,NA,NA,NA,NA,NA,NA,NA,NA,NA,NA,NA,NA,NA,NA,NA,NA,NA,NA,NA,NA,NA,0.9,11.5,8,-101.169961,-1.765748923,13,4.708333333
01/10/1989,9.74949,NA,NA,NA,NA,NA,NA,NA,NA,NA,NA,NA,NA,NA,NA,NA,NA,NA,NA,NA,NA,NA,0.7,11.6,7.5,-117.4805768,-2.050422872,21,7.791666667
02/10/1989,9.75222,NA,NA,NA,NA,NA,NA,NA,NA,NA,NA,NA,NA,NA,NA,NA,NA,NA,NA,NA,NA,NA,0,10.2,8.4,-85.40432299,-1.490586632,12,4.416666667
03/10/1989,9.75496,NA,NA,NA,NA,NA,NA,NA,NA,NA,NA,NA,NA,NA,NA,NA,NA,NA,NA,NA,NA,NA,0,11.4,8,93.51498221,1.632144339,19,7.083333333
04/10/1989,9.75770,NA,NA,NA,NA,NA,NA,NA,NA,NA,NA,NA,NA,NA,NA,NA,NA,NA,NA,NA,NA,NA,0,13.8,9.9,127.3115481,2.22200569,28,11.875
05/10/1989,9.76044,NA,NA,NA,NA,NA,NA,NA,NA,NA,NA,NA,NA,NA,NA,NA,NA,NA,NA,NA,NA,NA,4.1,13.8,8.7,-173.379644,-3.026045644,33,13
06/10/1989,9.76318,NA,NA,NA,NA,NA,NA,NA,NA,NA,NA,NA,NA,NA,NA,NA,NA,NA,NA,NA,NA,NA,2,12.1,8.6,-114.9054119,-2.005477766,32,14.16666667
07/10/1989,9.76591,NA,NA,NA,NA,NA,NA,NA,NA,NA,NA,NA,NA,NA,NA,NA,NA,NA,NA,NA,NA,NA,7.7,12.5,8,-101.0738357,-1.764071221,23,8.083333333
08/10/1989,9.76865,NA,NA,NA,NA,NA,NA,NA,NA,NA,NA,NA,NA,NA,NA,NA,NA,NA,NA,NA,NA,NA,0.3,12.4,8.6,-115.1282349,-2.009366761,36,7.666666667
09/10/1989,9.77139,NA,NA,NA,NA,NA,NA,NA,NA,NA,NA,NA,NA,NA,NA,NA,NA,NA,NA,NA,NA,NA,0,12,9,-105.2467434,-1.836902199,17,6.166666667
10/10/1989,9.77413,NA,NA,NA,NA,NA,NA,NA,NA,NA,NA,NA,NA,NA,NA,NA,NA,NA,NA,NA,NA,NA,3.6,12.4,6.5,-101.9713316,-1.779735479,NA,11.08333333
11/10/1989,9.77687,NA,NA,NA,NA,NA,NA,NA,NA,NA,NA,NA,NA,NA,NA,NA,NA,NA,NA,NA,NA,NA,2.8,13,6.1,-158.5085483,-2.76649606,16,6.75
12/10/1989,9.77960,NA,NA,NA,NA,NA,NA,NA,NA,NA,NA,NA,NA,NA,NA,NA,NA,NA,NA,NA,NA,NA,4,12.2,7.4,-144.3601074,-2.519559182,27,10.125
13/10/1989,9.78234,NA,NA,NA,NA,NA,NA,NA,NA,NA,NA,NA,NA,NA,NA,NA,NA,NA,NA,NA,NA,NA,6.1,10.1,6.1,-135.1297493,-2.358459042,33,11.83333333
14/10/1989,9.78508,NA,NA,NA,NA,NA,NA,NA,NA,NA,NA,NA,NA,NA,NA,NA,NA,NA,NA,NA,NA,NA,7.1,10.5,4.7,-84.02919159,-1.466586061,NA,6.833333333
15/10/1989,9.78782,NA,NA,NA,NA,NA,NA,NA,NA,NA,NA,NA,NA,NA,NA,NA,NA,NA,NA,NA,NA,NA,5.7,12.6,3.7,179.0700913,3.125362685,NA,11.08333333
16/10/1989,9.79055,NA,NA,NA,NA,NA,NA,NA,NA,NA,NA,NA,NA,NA,NA,NA,NA,NA,NA,NA,NA,NA,10.1,14.5,10.2,-176.5947179,-3.082159269,32,12.91666667
17/10/1989,9.79329,NA,NA,NA,NA,NA,NA,NA,NA,NA,NA,NA,NA,NA,NA,NA,NA,NA,NA,NA,NA,NA,0,15.1,10.5,175.838605,3.068962609,25,10.54166667
18/10/1989,9.79603,NA,NA,NA,NA,NA,NA,NA,NA,NA,NA,NA,NA,NA,NA,NA,NA,NA,NA,NA,NA,NA,0,13.4,7.1,-173.6897126,-3.031457362,NA,4.625
19/10/1989,9.79877,NA,NA,NA,NA,NA,NA,NA,NA,NA,NA,NA,NA,NA,NA,NA,NA,NA,NA,NA,NA,NA,9.8,13.1,5.3,95.82442518,1.672451723,NA,7.25
20/10/1989,9.80151,NA,NA,NA,NA,NA,NA,NA,NA,NA,NA,NA,NA,NA,NA,NA,NA,NA,NA,NA,NA,NA,9.7,11.5,7.3,160.0254814,2.792971538,33,12.5
21/10/1989,9.80424,NA,NA,NA,NA,NA,NA,NA,NA,NA,NA,NA,NA,NA,NA,NA,NA,NA,NA,NA,NA,NA,12.9,11.7,5.5,160.8377278,2.807147911,45,13.70833333
22/10/1989,9.80698,NA,NA,NA,NA,NA,NA,NA,NA,NA,NA,NA,NA,NA,NA,NA,NA,NA,NA,NA,NA,NA,2.2,12.5,8.9,166.6704369,2.90894789,40,17.25
23/10/1989,9.80972,NA,NA,NA,NA,NA,NA,NA,NA,NA,NA,NA,NA,NA,NA,NA,NA,NA,NA,NA,NA,NA,7,11.2,5.4,-168.7118124,-2.944576613,26,9.833333333
24/10/1989,9.81246,NA,NA,NA,NA,NA,NA,NA,NA,NA,NA,NA,NA,NA,NA,NA,NA,NA,NA,NA,NA,NA,14.8,11.5,6.4,-161.0936358,-2.811614349,43,16.54166667
25/10/1989,9.81520,NA,NA,NA,NA,NA,NA,NA,NA,NA,NA,NA,NA,NA,NA,NA,NA,NA,NA,NA,NA,NA,5.6,10.7,6.5,-160.8311553,-2.8070332,43,17.375
26/10/1989,9.81793,NA,NA,NA,NA,NA,NA,NA,NA,NA,NA,NA,NA,NA,NA,NA,NA,NA,NA,NA,NA,NA,6.3,10.5,5.2,-153.3338445,-2.676180441,37,8.125
27/10/1989,9.82067,NA,NA,NA,NA,NA,NA,NA,NA,NA,NA,NA,NA,NA,NA,NA,NA,NA,NA,NA,NA,NA,3,8.9,2.4,-18.81567654,-0.328395507,NA,6.125
28/10/1989,9.82341,NA,NA,NA,NA,NA,NA,NA,NA,NA,NA,NA,NA,NA,NA,NA,NA,NA,NA,NA,NA,NA,25.4,11.9,6.5,15.34037998,0.267740139,44,18.83333333
29/10/1989,9.82615,NA,NA,NA,NA,NA,NA,NA,NA,NA,NA,NA,NA,NA,NA,NA,NA,NA,NA,NA,NA,NA,0,12.4,7.6,86.02564692,1.50143078,21,7.625
30/10/1989,9.82888,NA,NA,NA,NA,NA,NA,NA,NA,NA,NA,NA,NA,NA,NA,NA,NA,NA,NA,NA,NA,NA,16.2,12.2,6.3,177.2510471,3.093614374,28,10.25
31/10/1989,9.83162,NA,NA,NA,NA,NA,NA,NA,NA,NA,NA,NA,NA,NA,NA,NA,NA,NA,NA,NA,NA,NA,60.3,9.4,6,171.1633303,2.987363673,20,5.666666667
01/11/1989,9.83436,NA,NA,NA,NA,NA,NA,NA,NA,NA,NA,NA,NA,NA,NA,NA,NA,NA,NA,NA,NA,NA,4.9,11.6,5.1,171.5895432,2.99480249,29,11.95833333
02/11/1989,9.83710,NA,NA,NA,NA,NA,NA,NA,NA,NA,NA,NA,NA,NA,NA,NA,NA,NA,NA,NA,NA,NA,10.4,11.7,8,119.6714156,2.088660223,36,17.45833333
03/11/1989,9.83984,NA,NA,NA,NA,NA,NA,NA,NA,NA,NA,NA,NA,NA,NA,NA,NA,NA,NA,NA,NA,NA,1.4,10,5.7,-139.004348,-2.426083548,31,10.83333333
04/11/1989,9.84257,NA,NA,NA,NA,NA,NA,NA,NA,NA,NA,NA,NA,NA,NA,NA,NA,NA,NA,NA,NA,NA,9.9,9.3,2.6,-149.3743838,-2.607074816,32,9.083333333
05/11/1989,9.84531,NA,NA,NA,NA,NA,NA,NA,NA,NA,NA,NA,NA,NA,NA,NA,NA,NA,NA,NA,NA,NA,1.9,8,3.5,-72.77873023,-1.270228468,29,11.04761905
06/11/1989,9.84805,NA,NA,NA,NA,NA,NA,NA,NA,NA,NA,NA,NA,NA,NA,NA,NA,NA,NA,NA,NA,NA,0.9,8.8,2,-156.7178175,-2.735241911,30,9.958333333
07/11/1989,9.85079,NA,NA,NA,NA,NA,NA,NA,NA,NA,NA,NA,NA,NA,NA,NA,NA,NA,NA,NA,NA,NA,6.6,9,4.5,-165.6541879,-2.891210998,32,11.91666667
08/11/1989,9.85352,NA,NA,NA,NA,NA,NA,NA,NA,NA,NA,NA,NA,NA,NA,NA,NA,NA,NA,NA,NA,NA,2.4,7,1.4,-129.9952499,-2.268845123,NA,5.375
09/11/1989,9.85626,NA,NA,NA,NA,NA,NA,NA,NA,NA,NA,NA,NA,NA,NA,NA,NA,NA,NA,NA,NA,NA,0.5,9.1,1.2,165.8419922,2.894488802,24,8.166666667
10/11/1989,9.85900,NA,NA,NA,NA,NA,NA,NA,NA,NA,NA,NA,NA,NA,NA,NA,NA,NA,NA,NA,NA,NA,4,9.2,2.9,169.2293615,2.953609549,NA,11.5
11/11/1989,9.86174,NA,NA,NA,NA,NA,NA,NA,NA,NA,NA,NA,NA,NA,NA,NA,NA,NA,NA,NA,NA,NA,11.2,8.4,3.7,-140.8089061,-2.457579028,18,7.208333333
12/11/1989,9.86448,NA,NA,NA,NA,NA,NA,NA,NA,NA,NA,NA,NA,NA,NA,NA,NA,NA,NA,NA,NA,NA,0,9.6,1.5,-148.6829372,-2.595006796,NA,5.125
13/11/1989,9.86721,NA,NA,NA,NA,NA,NA,NA,NA,NA,NA,NA,NA,NA,NA,NA,NA,NA,NA,NA,NA,NA,0.6,12.2,1.6,172.5221937,3.011080314,36,8.833333333
14/11/1989,9.86995,NA,NA,NA,NA,NA,NA,NA,NA,NA,NA,NA,NA,NA,NA,NA,NA,NA,NA,NA,NA,NA,0.1,11.5,5.4,-146.0625893,-2.549273097,NA,8.333333333
15/11/1989,9.87269,NA,NA,NA,NA,NA,NA,NA,NA,NA,NA,NA,NA,NA,NA,NA,NA,NA,NA,NA,NA,NA,0,10.6,5.2,140.6603451,2.454986149,19,9.291666667
16/11/1989,9.87543,NA,NA,NA,NA,NA,NA,NA,NA,NA,NA,NA,NA,NA,NA,NA,NA,NA,NA,NA,NA,NA,0,9.1,4,147.6272447,2.576581486,29,10.79166667
17/11/1989,9.87817,NA,NA,NA,NA,NA,NA,NA,NA,NA,NA,NA,NA,NA,NA,NA,NA,NA,NA,NA,NA,NA,0,10.4,1.8,-83.40778153,-1.45574041,16,3.208333333
18/11/1989,9.88090,NA,NA,NA,NA,NA,NA,NA,NA,NA,NA,NA,NA,NA,NA,NA,NA,NA,NA,NA,NA,NA,0.5,10.1,2.4,33.93496298,0.592276836,12,3.625
19/11/1989,9.88364,NA,NA,NA,NA,NA,NA,NA,NA,NA,NA,NA,NA,NA,NA,NA,NA,NA,NA,NA,NA,NA,0.3,10.2,4.9,-8.182387093,-0.142809595,29,12.25
20/11/1989,9.88638,NA,NA,NA,NA,NA,NA,NA,NA,NA,NA,NA,NA,NA,NA,NA,NA,NA,NA,NA,NA,NA,0,10.4,7.4,44.53990469,0.777367985,36,11.95833333
21/11/1989,9.88912,NA,NA,NA,NA,NA,NA,NA,NA,NA,NA,NA,NA,NA,NA,NA,NA,NA,NA,NA,NA,NA,0,9.1,6.3,38.60836739,0.67384313,29,13.25
22/11/1989,9.89185,NA,NA,NA,NA,NA,NA,NA,NA,NA,NA,NA,NA,NA,NA,NA,NA,NA,NA,NA,NA,NA,0,7.2,3.6,-19.32450961,-0.337276319,28,10.83333333
23/11/1989,9.89459,NA,NA,NA,NA,NA,NA,NA,NA,NA,NA,NA,NA,NA,NA,NA,NA,NA,NA,NA,NA,NA,1.9,7.3,3.3,-84.76494956,-1.47942746,22,6.666666667
24/11/1989,9.89733,NA,NA,NA,NA,NA,NA,NA,NA,NA,NA,NA,NA,NA,NA,NA,NA,NA,NA,NA,NA,NA,3.3,7.2,3,10.60993829,0.185178357,28,10.45833333
25/11/1989,9.90007,NA,NA,NA,NA,NA,NA,NA,NA,NA,NA,NA,NA,NA,NA,NA,NA,NA,NA,NA,NA,NA,0.1,5.9,0.9,-111.3763003,-1.943883148,11,3.916666667
26/11/1989,9.90281,NA,NA,NA,NA,NA,NA,NA,NA,NA,NA,NA,NA,NA,NA,NA,NA,NA,NA,NA,NA,NA,0.8,7.8,3.4,-98.97057919,-1.72736247,17,6.5
27/11/1989,9.90554,NA,NA,NA,NA,NA,NA,NA,NA,NA,NA,NA,NA,NA,NA,NA,NA,NA,NA,NA,NA,NA,0.3,7.8,5,-72.64269959,-1.267854285,16,4.916666667
28/11/1989,9.90828,NA,NA,NA,NA,NA,NA,NA,NA,NA,NA,NA,NA,NA,NA,NA,NA,NA,NA,NA,NA,NA,0,7.6,1.4,-102.2992715,-1.78545911,NA,2.291666667
29/11/1989,9.91102,NA,NA,NA,NA,NA,NA,NA,NA,NA,NA,NA,NA,NA,NA,NA,NA,NA,NA,NA,NA,NA,0,8,2.7,164.2062085,2.865938991,NA,4.916666667
30/11/1989,9.91376,NA,NA,NA,NA,NA,NA,NA,NA,NA,NA,NA,NA,NA,NA,NA,NA,NA,NA,NA,NA,NA,0,7.8,4.4,178.7046085,3.118983807,14,5.041666667
01/12/1989,9.91650,NA,NA,NA,NA,NA,NA,NA,NA,NA,NA,NA,NA,NA,NA,NA,NA,NA,NA,NA,NA,NA,0,7.9,5.9,151.8999322,2.65115395,17,7.166666667
02/12/1989,9.91923,NA,NA,NA,NA,NA,NA,NA,NA,NA,NA,NA,NA,NA,NA,NA,NA,NA,NA,NA,NA,NA,0,9.3,4.8,-169.1656682,-2.952497892,23,12.25
03/12/1989,9.92197,NA,NA,NA,NA,NA,NA,NA,NA,NA,NA,NA,NA,NA,NA,NA,NA,NA,NA,NA,NA,NA,0,10.4,8.9,-153.047227,-2.671178022,19,9.083333333
04/12/1989,9.92471,NA,NA,NA,NA,NA,NA,NA,NA,NA,NA,NA,NA,NA,NA,NA,NA,NA,NA,NA,NA,NA,0,9.6,6.2,-74.29982588,-1.296776595,NA,2.25
05/12/1989,9.92745,NA,NA,NA,NA,NA,NA,NA,NA,NA,NA,NA,NA,NA,NA,NA,NA,NA,NA,NA,NA,NA,0,8.1,1.9,-120.6513267,-2.105762898,10,2.625
06/12/1989,9.93018,NA,NA,NA,NA,NA,NA,NA,NA,NA,NA,NA,NA,NA,NA,NA,NA,NA,NA,NA,NA,NA,0,9,6.4,-103.5128769,-1.80664052,18,6.333333333
07/12/1989,9.93292,NA,NA,NA,NA,NA,NA,NA,NA,NA,NA,NA,NA,NA,NA,NA,NA,NA,NA,NA,NA,NA,1,8.3,2.1,-70.70542559,-1.234042476,NA,1.833333333
08/12/1989,9.93566,NA,NA,NA,NA,NA,NA,NA,NA,NA,NA,NA,NA,NA,NA,NA,NA,NA,NA,NA,NA,NA,0.6,7.2,2,-97.60890595,-1.703596788,10,2.708333333
09/12/1989,9.93840,NA,NA,NA,NA,NA,NA,NA,NA,NA,NA,NA,NA,NA,NA,NA,NA,NA,NA,NA,NA,NA,0,7.1,2.8,-65.30909685,-1.139858772,NA,1.625
10/12/1989,9.94114,NA,NA,NA,NA,NA,NA,NA,NA,NA,NA,NA,NA,NA,NA,NA,NA,NA,NA,NA,NA,NA,0.5,6.1,3.1,-129.85568,-2.266409168,17,3.166666667
11/12/1989,9.94387,NA,NA,NA,NA,NA,NA,NA,NA,NA,NA,NA,NA,NA,NA,NA,NA,NA,NA,NA,NA,NA,1.2,7,2.3,58.78780872,1.026040822,18,6.541666667
12/12/1989,9.94661,NA,NA,NA,NA,NA,NA,NA,NA,NA,NA,NA,NA,NA,NA,NA,NA,NA,NA,NA,NA,NA,0,5.4,1.6,45.90084205,0.801120823,24,10.04166667
13/12/1989,9.94935,NA,NA,NA,NA,NA,NA,NA,NA,NA,NA,NA,NA,NA,NA,NA,NA,NA,NA,NA,NA,NA,1.8,4.8,-2.6,28.89422348,0.504299335,25,8.75
14/12/1989,9.95209,NA,NA,NA,NA,NA,NA,NA,NA,NA,NA,NA,NA,NA,NA,NA,NA,NA,NA,NA,NA,NA,3.5,4.4,-2.4,7.10503504,0.124006255,27,8.75
15/12/1989,9.95483,NA,NA,NA,NA,NA,NA,NA,NA,NA,NA,NA,NA,NA,NA,NA,NA,NA,NA,NA,NA,NA,0.7,4,-2.6,-84.79590368,-1.479967711,22,3.5
16/12/1989,9.95756,NA,NA,NA,NA,NA,NA,NA,NA,NA,NA,NA,NA,NA,NA,NA,NA,NA,NA,NA,NA,NA,1.5,4.8,-4.6,36.58425556,0.638515714,42,13.41666667
17/12/1989,9.96030,NA,NA,NA,NA,NA,NA,NA,NA,NA,NA,NA,NA,NA,NA,NA,NA,NA,NA,NA,NA,NA,42.9,5.1,3.1,9.098199481,0.158793537,62,32.95833333
18/12/1989,9.96304,NA,NA,NA,NA,NA,NA,NA,NA,NA,NA,NA,NA,NA,NA,NA,NA,NA,NA,NA,NA,NA,13.5,4.5,-0.5,-56.9936988,-0.994727697,49,15
19/12/1989,9.96578,NA,NA,NA,NA,NA,NA,NA,NA,NA,NA,NA,NA,NA,NA,NA,NA,NA,NA,NA,NA,NA,0.2,4.5,-3.6,-151.0163851,-2.635733144,31,8.375
20/12/1989,9.96851,NA,NA,NA,NA,NA,NA,NA,NA,NA,NA,NA,NA,NA,NA,NA,NA,NA,NA,NA,NA,NA,0,5.1,2.6,93.32136654,1.628765109,NA,8.25
21/12/1989,9.97125,NA,NA,NA,NA,NA,NA,NA,NA,NA,NA,NA,NA,NA,NA,NA,NA,NA,NA,NA,NA,NA,10.4,9.6,2.1,145.8113021,2.544887308,32,8.541666667
22/12/1989,9.97399,NA,NA,NA,NA,NA,NA,NA,NA,NA,NA,NA,NA,NA,NA,NA,NA,NA,NA,NA,NA,NA,5.3,8.8,2.6,-130.5478471,-2.278489764,43,16.75
23/12/1989,9.97673,NA,NA,NA,NA,NA,NA,NA,NA,NA,NA,NA,NA,NA,NA,NA,NA,NA,NA,NA,NA,NA,4.4,7.6,2.7,-179.2624594,-3.128720141,34,12.16666667
24/12/1989,9.97947,NA,NA,NA,NA,NA,NA,NA,NA,NA,NA,NA,NA,NA,NA,NA,NA,NA,NA,NA,NA,NA,10.4,11.2,4.3,153.3507851,2.67647611,56,24.91666667
25/12/1989,9.98220,NA,NA,NA,NA,NA,NA,NA,NA,NA,NA,NA,NA,NA,NA,NA,NA,NA,NA,NA,NA,NA,11.9,8.9,4.4,178.9766148,3.123731213,60,27.5
26/12/1989,9.98494,NA,NA,NA,NA,NA,NA,NA,NA,NA,NA,NA,NA,NA,NA,NA,NA,NA,NA,NA,NA,NA,1.6,6.6,2.7,-178.5516359,-3.116313932,24,8.083333333
27/12/1989,9.98768,NA,NA,NA,NA,NA,NA,NA,NA,NA,NA,NA,NA,NA,NA,NA,NA,NA,NA,NA,NA,NA,0,6.9,3.1,172.0710381,3.003206163,18,8.333333333
28/12/1989,9.99042,NA,NA,NA,NA,NA,NA,NA,NA,NA,NA,NA,NA,NA,NA,NA,NA,NA,NA,NA,NA,NA,0,6.7,0.1,-177.375864,-3.09579284,NA,4.875
29/12/1989,9.99316,NA,NA,NA,NA,NA,NA,NA,NA,NA,NA,NA,NA,NA,NA,NA,NA,NA,NA,NA,NA,NA,0,7.8,5.8,151.6534419,2.646851882,36,15.95833333
30/12/1989,9.99589,NA,NA,NA,NA,NA,NA,NA,NA,NA,NA,NA,NA,NA,NA,NA,NA,NA,NA,NA,NA,NA,0,8,5.1,166.8463319,2.912017836,NA,8.625
31/12/1989,9.99863,NA,NA,NA,NA,NA,NA,NA,NA,NA,NA,NA,NA,NA,NA,NA,NA,NA,NA,NA,NA,NA,0,6.1,2.5,120.141476,2.096864324,17,8.416666667
01/01/1990,10.00137,NA,NA,NA,NA,NA,NA,NA,NA,NA,NA,NA,NA,NA,NA,NA,NA,NA,NA,NA,NA,NA,1.6,9.1,5.7,141.4580839,2.468909318,27,11.91666667
02/01/1990,10.00411,NA,NA,NA,NA,NA,NA,NA,NA,NA,NA,NA,NA,NA,NA,NA,NA,NA,NA,NA,NA,NA,0.4,8.1,4.6,142.6592867,2.489874262,26,9.916666667
03/01/1990,10.00684,NA,NA,NA,NA,NA,NA,NA,NA,NA,NA,NA,NA,NA,NA,NA,NA,NA,NA,NA,NA,NA,0.7,8.4,1.3,163.8089968,2.859006339,NA,7.666666667
04/01/1990,10.00958,NA,NA,NA,NA,NA,NA,NA,NA,NA,NA,NA,NA,NA,NA,NA,NA,NA,NA,NA,NA,NA,0.4,9,2.6,149.5250225,2.609703958,27,12.16666667
05/01/1990,10.01232,NA,NA,NA,NA,NA,NA,NA,NA,NA,NA,NA,NA,NA,NA,NA,NA,NA,NA,NA,NA,NA,2.9,9.2,4,161.2314092,2.814018948,31,11.66666667
06/01/1990,10.01506,NA,NA,NA,NA,NA,NA,NA,NA,NA,NA,NA,NA,NA,NA,NA,NA,NA,NA,NA,NA,NA,3,10.2,3.5,-177.143326,-3.091734287,33,13.08333333
07/01/1990,10.01780,NA,NA,NA,NA,NA,NA,NA,NA,NA,NA,NA,NA,NA,NA,NA,NA,NA,NA,NA,NA,NA,3.2,8.5,2.1,-175.4124441,-3.061524698,50,16.29166667
08/01/1990,10.02053,NA,NA,NA,NA,NA,NA,NA,NA,NA,NA,NA,NA,NA,NA,NA,NA,NA,NA,NA,NA,NA,2.5,9.8,2,173.2739315,3.024200612,56,19.875
09/01/1990,10.02327,NA,NA,NA,NA,NA,NA,NA,NA,NA,NA,NA,NA,NA,NA,NA,NA,NA,NA,NA,NA,NA,3.8,9.2,2.4,-156.9120471,-2.738631858,48,18.20833333
10/01/1990,10.02601,NA,NA,NA,NA,NA,NA,NA,NA,NA,NA,NA,NA,NA,NA,NA,NA,NA,NA,NA,NA,NA,7.6,9.7,6,-168.9084605,-2.94800877,46,21.33333333
11/01/1990,10.02875,NA,NA,NA,NA,NA,NA,NA,NA,NA,NA,NA,NA,NA,NA,NA,NA,NA,NA,NA,NA,NA,3.8,10.8,6,177.673245,3.100983118,53,20.20833333
12/01/1990,10.03149,NA,NA,NA,NA,NA,NA,NA,NA,NA,NA,NA,NA,NA,NA,NA,NA,NA,NA,NA,NA,NA,2.1,10.6,2.9,-160.5906032,-2.802834774,64,21
13/01/1990,10.03422,NA,NA,NA,NA,NA,NA,NA,NA,NA,NA,NA,NA,NA,NA,NA,NA,NA,NA,NA,NA,NA,0.9,8,1.5,173.2458397,3.023710318,40,15.875
14/01/1990,10.03696,NA,NA,NA,NA,NA,NA,NA,NA,NA,NA,NA,NA,NA,NA,NA,NA,NA,NA,NA,NA,NA,15.1,11.1,6,179.0705573,3.125370818,51,18.04166667
15/01/1990,10.03970,NA,NA,NA,NA,NA,NA,NA,NA,NA,NA,NA,NA,NA,NA,NA,NA,NA,NA,NA,NA,NA,8.3,11.8,5.6,-141.268672,-2.465603457,45,16.58333333
16/01/1990,10.04244,NA,NA,NA,NA,NA,NA,NA,NA,NA,NA,NA,NA,NA,NA,NA,NA,NA,NA,NA,NA,NA,4.9,10.3,4,-173.4164823,-3.026688594,73,22.75
17/01/1990,10.04517,NA,NA,NA,NA,NA,NA,NA,NA,NA,NA,NA,NA,NA,NA,NA,NA,NA,NA,NA,NA,NA,7,7.7,2,-126.7005442,-2.211341661,62,22.95833333
18/01/1990,10.04791,NA,NA,NA,NA,NA,NA,NA,NA,NA,NA,NA,NA,NA,NA,NA,NA,NA,NA,NA,NA,NA,5,8.1,1.8,-163.2087056,-2.848529281,48,17.29166667
19/01/1990,10.05065,NA,NA,NA,NA,NA,NA,NA,NA,NA,NA,NA,NA,NA,NA,NA,NA,NA,NA,NA,NA,NA,24.7,8.1,0.8,-146.1284669,-2.550422878,50,17.875
20/01/1990,10.05339,NA,NA,NA,NA,NA,NA,NA,NA,NA,NA,NA,NA,NA,NA,NA,NA,NA,NA,NA,NA,NA,6.3,10.2,2.8,-153.6887078,-2.682373975,44,16.5
21/01/1990,10.05613,NA,NA,NA,NA,NA,NA,NA,NA,NA,NA,NA,NA,NA,NA,NA,NA,NA,NA,NA,NA,NA,4.2,11,5.6,166.3943162,2.904128674,45,20.66666667
22/01/1990,10.05886,NA,NA,NA,NA,NA,NA,NA,NA,NA,NA,NA,NA,NA,NA,NA,NA,NA,NA,NA,NA,NA,6.3,8.1,3.7,173.8097558,3.033552511,62,20.79166667
23/01/1990,10.06160,NA,NA,NA,NA,NA,NA,NA,NA,NA,NA,NA,NA,NA,NA,NA,NA,NA,NA,NA,NA,NA,15.7,6.6,0.1,-163.952707,-2.861514555,60,16.91666667
24/01/1990,10.06434,NA,NA,NA,NA,NA,NA,NA,NA,NA,NA,NA,NA,NA,NA,NA,NA,NA,NA,NA,NA,NA,4.7,3.5,0.1,-154.987309,-2.705038842,36,13.83333333
25/01/1990,10.06708,NA,NA,NA,NA,NA,NA,NA,NA,NA,NA,NA,NA,NA,NA,NA,NA,NA,NA,NA,NA,NA,2.6,3.1,-0.1,-104.6640314,-1.826731956,30,6.043478261
26/01/1990,10.06982,NA,NA,NA,NA,NA,NA,NA,NA,NA,NA,NA,NA,NA,NA,NA,NA,NA,NA,NA,NA,NA,3.7,3.8,-2,-149.7410044,-2.613473552,17,5.625
27/01/1990,10.07255,NA,NA,NA,NA,NA,NA,NA,NA,NA,NA,NA,NA,NA,NA,NA,NA,NA,NA,NA,NA,NA,9.9,4.4,0.4,-101.0188865,-1.763112176,15,3.958333333
28/01/1990,10.07529,NA,NA,NA,NA,NA,NA,NA,NA,NA,NA,NA,NA,NA,NA,NA,NA,NA,NA,NA,NA,NA,0.2,5.2,-2,-106.6536938,-1.861458116,12,3.875
29/01/1990,10.07803,NA,NA,NA,NA,NA,NA,NA,NA,NA,NA,NA,NA,NA,NA,NA,NA,NA,NA,NA,NA,NA,8.7,8.9,0.9,132.1196862,2.30592353,46,16.47826087
30/01/1990,10.08077,NA,NA,NA,NA,NA,NA,NA,NA,NA,NA,NA,NA,NA,NA,NA,NA,NA,NA,NA,NA,NA,9.1,7.6,5,148.9337386,2.599384105,35,18.375
31/01/1990,10.08350,NA,NA,NA,NA,NA,NA,NA,NA,NA,NA,NA,NA,NA,NA,NA,NA,NA,NA,NA,NA,NA,32,7.3,0.7,178.733385,3.119486051,58,27.16666667
01/02/1990,10.08624,NA,NA,NA,NA,NA,NA,NA,NA,NA,NA,NA,NA,NA,NA,NA,NA,NA,NA,NA,NA,NA,1.3,7,3.3,152.2712224,2.657634187,41,15.58333333
02/02/1990,10.08898,NA,NA,NA,NA,NA,NA,NA,NA,NA,NA,NA,NA,NA,NA,NA,NA,NA,NA,NA,NA,NA,7.4,7.2,1.7,-167.6021835,-2.925209936,33,14.79166667
03/02/1990,10.09172,NA,NA,NA,NA,NA,NA,NA,NA,NA,NA,NA,NA,NA,NA,NA,NA,NA,NA,NA,NA,NA,5.4,6.8,1.1,-167.8720078,-2.929919258,37,13.29166667
04/02/1990,10.09446,NA,NA,NA,NA,NA,NA,NA,NA,NA,NA,NA,NA,NA,NA,NA,NA,NA,NA,NA,NA,NA,15,10.1,4.3,167.0905126,2.916279594,63,29.29166667
05/02/1990,10.09719,NA,NA,NA,NA,NA,NA,NA,NA,NA,NA,NA,NA,NA,NA,NA,NA,NA,NA,NA,NA,NA,46.2,11.3,8.1,172.894284,3.017574513,63,29.20833333
06/02/1990,10.09993,NA,NA,NA,NA,NA,NA,NA,NA,NA,NA,NA,NA,NA,NA,NA,NA,NA,NA,NA,NA,NA,0.5,9.3,4.5,177.2145677,3.092977689,42,10.16666667
07/02/1990,10.10267,NA,NA,NA,NA,NA,NA,NA,NA,NA,NA,NA,NA,NA,NA,NA,NA,NA,NA,NA,NA,NA,5.1,7.4,3,172.8287961,3.016431533,23,8.125
08/02/1990,10.10541,NA,NA,NA,NA,NA,NA,NA,NA,NA,NA,NA,NA,NA,NA,NA,NA,NA,NA,NA,NA,NA,3.8,6.7,2.8,-131.9532223,-2.303018187,40,14.70833333
09/02/1990,10.10815,NA,NA,NA,NA,NA,NA,NA,NA,NA,NA,NA,NA,NA,NA,NA,NA,NA,NA,NA,NA,NA,5.5,8,3,-156.6054603,-2.733280908,42,15.70833333
10/02/1990,10.11088,NA,NA,NA,NA,NA,NA,NA,NA,NA,NA,NA,NA,NA,NA,NA,NA,NA,NA,NA,NA,NA,16.1,8.5,3.6,158.6152774,2.768358834,41,15.66666667
11/02/1990,10.11362,NA,NA,NA,NA,NA,NA,NA,NA,NA,NA,NA,NA,NA,NA,NA,NA,NA,NA,NA,NA,NA,6.5,6,0.2,-136.1530732,-2.376319413,44,11.04166667
12/02/1990,10.11636,NA,NA,NA,NA,NA,NA,NA,NA,NA,NA,NA,NA,NA,NA,NA,NA,NA,NA,NA,NA,NA,5.4,3.4,0.3,-121.0528719,-2.112771184,34,11
13/02/1990,10.11910,NA,NA,NA,NA,NA,NA,NA,NA,NA,NA,NA,NA,NA,NA,NA,NA,NA,NA,NA,NA,NA,12.6,4,0,-146.8179151,-2.562456019,41,9.708333333
14/02/1990,10.12183,NA,NA,NA,NA,NA,NA,NA,NA,NA,NA,NA,NA,NA,NA,NA,NA,NA,NA,NA,NA,NA,3.1,5,-0.4,-115.2939369,-2.012258807,NA,5.875
15/02/1990,10.12457,NA,NA,NA,NA,NA,NA,NA,NA,NA,NA,NA,NA,NA,NA,NA,NA,NA,NA,NA,NA,NA,2,4.1,0,-124.2540118,-2.168641615,24,6.375
16/02/1990,10.12731,NA,NA,NA,NA,NA,NA,NA,NA,NA,NA,NA,NA,NA,NA,NA,NA,NA,NA,NA,NA,NA,0.6,6.9,0.4,-155.54045,-2.714692972,24,6.583333333
17/02/1990,10.13005,NA,NA,NA,NA,NA,NA,NA,NA,NA,NA,NA,NA,NA,NA,NA,NA,NA,NA,NA,NA,NA,14.1,7.3,0.5,170.3271988,2.972770425,45,14.375
18/02/1990,10.13279,NA,NA,NA,NA,NA,NA,NA,NA,NA,NA,NA,NA,NA,NA,NA,NA,NA,NA,NA,NA,NA,5,4.6,0.2,-173.0882155,-3.020959257,45,16.75
19/02/1990,10.13552,NA,NA,NA,NA,NA,NA,NA,NA,NA,NA,NA,NA,NA,NA,NA,NA,NA,NA,NA,NA,NA,24.6,8.5,2.8,178.2496677,3.111043592,70,33.45833333
20/02/1990,10.13826,NA,NA,NA,NA,NA,NA,NA,NA,NA,NA,NA,NA,NA,NA,NA,NA,NA,NA,NA,NA,NA,13.5,8.4,2.1,-177.5664875,-3.099119849,54,17.375
21/02/1990,10.14100,NA,NA,NA,NA,NA,NA,NA,NA,NA,NA,NA,NA,NA,NA,NA,NA,NA,NA,NA,NA,NA,7.2,7.5,2.9,-178.1752474,-3.109744713,52,22.625
22/02/1990,10.14374,NA,NA,NA,NA,NA,NA,NA,NA,NA,NA,NA,NA,NA,NA,NA,NA,NA,NA,NA,NA,NA,24.4,11.6,4.4,168.3359281,2.938016194,55,32.16666667
23/02/1990,10.14648,NA,NA,NA,NA,NA,NA,NA,NA,NA,NA,NA,NA,NA,NA,NA,NA,NA,NA,NA,NA,NA,6.1,10.4,6.6,-175.8490386,-3.069144711,55,22.33333333
24/02/1990,10.14921,NA,NA,NA,NA,NA,NA,NA,NA,NA,NA,NA,NA,NA,NA,NA,NA,NA,NA,NA,NA,NA,1.5,7.3,3.3,178.3233783,3.112330085,16,5.458333333
25/02/1990,10.15195,NA,NA,NA,NA,NA,NA,NA,NA,NA,NA,NA,NA,NA,NA,NA,NA,NA,NA,NA,NA,NA,11.5,7,2.4,-177.9011808,-3.104961349,48,17.25
26/02/1990,10.15469,NA,NA,NA,NA,NA,NA,NA,NA,NA,NA,NA,NA,NA,NA,NA,NA,NA,NA,NA,NA,NA,11.7,4.6,-0.6,-104.5337031,-1.824457299,47,16.16666667
27/02/1990,10.15743,NA,NA,NA,NA,NA,NA,NA,NA,NA,NA,NA,NA,NA,NA,NA,NA,NA,NA,NA,NA,NA,5,6.3,-0.1,-99.94838017,-1.744428316,53,24.79166667
28/02/1990,10.16016,NA,NA,NA,NA,NA,NA,NA,NA,NA,NA,NA,NA,NA,NA,NA,NA,NA,NA,NA,NA,NA,2.3,4.4,0,-137.4747078,-2.399386289,30,9.458333333
01/03/1990,10.16290,NA,NA,NA,NA,NA,NA,NA,NA,NA,NA,NA,NA,NA,NA,NA,NA,NA,NA,NA,NA,NA,5,4.1,-1.8,-13.18745766,-0.230164556,36,13.08333333
02/03/1990,10.16564,NA,NA,NA,NA,NA,NA,NA,NA,NA,NA,NA,NA,NA,NA,NA,NA,NA,NA,NA,NA,NA,6,6.4,-0.5,-91.64774587,-1.599554918,32,9.791666667
03/03/1990,10.16838,NA,NA,NA,NA,NA,NA,NA,NA,NA,NA,NA,NA,NA,NA,NA,NA,NA,NA,NA,NA,NA,15,9.9,3.7,-129.8272717,-2.26591335,40,18.25
04/03/1990,10.17112,NA,NA,NA,NA,NA,NA,NA,NA,NA,NA,NA,NA,NA,NA,NA,NA,NA,NA,NA,NA,NA,3.1,8.3,2.3,-115.7173967,-2.019649575,46,20.54166667
05/03/1990,10.17385,NA,NA,NA,NA,NA,NA,NA,NA,NA,NA,NA,NA,NA,NA,NA,NA,NA,NA,NA,NA,NA,12.2,8.6,3.9,-94.92943824,-1.656831254,54,20.79166667
06/03/1990,10.17659,NA,NA,NA,NA,NA,NA,NA,NA,NA,NA,NA,NA,NA,NA,NA,NA,NA,NA,NA,NA,NA,9.7,9.2,4.8,-170.1442273,-2.969576969,23,6.541666667
07/03/1990,10.17933,NA,NA,NA,NA,NA,NA,NA,NA,NA,NA,NA,NA,NA,NA,NA,NA,NA,NA,NA,NA,NA,4.4,10,3.5,-114.0888337,-1.991225788,44,19.45833333
08/03/1990,10.18207,NA,NA,NA,NA,NA,NA,NA,NA,NA,NA,NA,NA,NA,NA,NA,NA,NA,NA,NA,NA,NA,2.6,5.7,1.7,-118.030108,-2.060014001,32,8.916666667
09/03/1990,10.18480,NA,NA,NA,NA,NA,NA,NA,NA,NA,NA,NA,NA,NA,NA,NA,NA,NA,NA,NA,NA,NA,7.4,5,0.1,-137.3414537,-2.397060566,31,7.458333333
10/03/1990,10.18754,NA,NA,NA,NA,NA,NA,NA,NA,NA,NA,NA,NA,NA,NA,NA,NA,NA,NA,NA,NA,NA,8.4,10.5,2.1,-149.8585506,-2.61552512,32,9.958333333
11/03/1990,10.19028,NA,NA,NA,NA,NA,NA,NA,NA,NA,NA,NA,NA,NA,NA,NA,NA,NA,NA,NA,NA,NA,8.3,9,5.6,-111.925288,-1.953464792,54,21.625
12/03/1990,10.19302,NA,NA,NA,NA,NA,NA,NA,NA,NA,NA,NA,NA,NA,NA,NA,NA,NA,NA,NA,NA,NA,0.2,9.3,4.2,-108.3944482,-1.891840012,34,9.791666667
13/03/1990,10.19576,NA,NA,NA,NA,NA,NA,NA,NA,NA,NA,NA,NA,NA,NA,NA,NA,NA,NA,NA,NA,NA,5.3,9.1,5.5,167.5295902,2.923942944,40,13.29166667
14/03/1990,10.19849,NA,NA,NA,NA,NA,NA,NA,NA,NA,NA,NA,NA,NA,NA,NA,NA,NA,NA,NA,NA,NA,24.2,9,5.8,-154.2562165,-2.69227887,51,26.70833333
15/03/1990,10.20123,NA,NA,NA,NA,NA,NA,NA,NA,NA,NA,NA,NA,NA,NA,NA,NA,NA,NA,NA,NA,NA,10.4,11.6,5.4,-142.8447683,-2.493111525,41,14.91666667
16/03/1990,10.20397,NA,NA,NA,NA,NA,NA,NA,NA,NA,NA,NA,NA,NA,NA,NA,NA,NA,NA,NA,NA,NA,16.9,11.6,8.8,-152.9397765,-2.669302658,47,21.91666667
17/03/1990,10.20671,NA,NA,NA,NA,NA,NA,NA,NA,NA,NA,NA,NA,NA,NA,NA,NA,NA,NA,NA,NA,NA,0.1,11.7,7.4,-151.8293113,-2.649921384,50,23.20833333
18/03/1990,10.20945,NA,NA,NA,NA,NA,NA,NA,NA,NA,NA,NA,NA,NA,NA,NA,NA,NA,NA,NA,NA,NA,10.8,10.3,5.4,-163.2674903,-2.849555267,43,10.625
19/03/1990,10.21218,NA,NA,NA,NA,NA,NA,NA,NA,NA,NA,NA,NA,NA,NA,NA,NA,NA,NA,NA,NA,NA,8,7.4,2.7,-126.3985939,-2.206071634,43,17.45833333
20/03/1990,10.21492,NA,NA,NA,NA,NA,NA,NA,NA,NA,NA,NA,NA,NA,NA,NA,NA,NA,NA,NA,NA,NA,8.2,9.5,3.2,-150.0776311,-2.619348796,43,16.95833333
21/03/1990,10.21766,NA,NA,NA,NA,NA,NA,NA,NA,NA,NA,NA,NA,NA,NA,NA,NA,NA,NA,NA,NA,NA,6.9,9.2,4.6,-126.34635,-2.205159806,51,22.04166667
22/03/1990,10.22040,NA,NA,NA,NA,NA,NA,NA,NA,NA,NA,NA,NA,NA,NA,NA,NA,NA,NA,NA,NA,NA,4.9,8,3.9,-98.68258082,-1.72233595,41,17
23/03/1990,10.22313,NA,NA,NA,NA,NA,NA,NA,NA,NA,NA,NA,NA,NA,NA,NA,NA,NA,NA,NA,NA,NA,15.2,10.9,4.8,-127.5143793,-2.225545763,59,26.29166667
24/03/1990,10.22587,NA,NA,NA,NA,NA,NA,NA,NA,NA,NA,NA,NA,NA,NA,NA,NA,NA,NA,NA,NA,NA,4.6,8.1,1.3,-82.29074226,-1.436244396,49,20.29166667
25/03/1990,10.22861,NA,NA,NA,NA,NA,NA,NA,NA,NA,NA,NA,NA,NA,NA,NA,NA,NA,NA,NA,NA,NA,3.7,7.8,1.1,-47.18442576,-0.823523585,44,12.95652174
26/03/1990,10.23135,NA,NA,NA,NA,NA,NA,NA,NA,NA,NA,NA,NA,NA,NA,NA,NA,NA,NA,NA,NA,NA,0.3,8.8,4.3,-147.7177335,-2.578160814,26,10.83333333
27/03/1990,10.23409,NA,NA,NA,NA,NA,NA,NA,NA,NA,NA,NA,NA,NA,NA,NA,NA,NA,NA,NA,NA,NA,2.5,8.5,3.7,-142.5409903,-2.487809599,47,22.625
28/03/1990,10.23682,NA,NA,NA,NA,NA,NA,NA,NA,NA,NA,NA,NA,NA,NA,NA,NA,NA,NA,NA,NA,NA,0.2,8.1,1.1,-142.823916,-2.492747584,45,12.875
29/03/1990,10.23956,NA,NA,NA,NA,NA,NA,NA,NA,NA,NA,NA,NA,NA,NA,NA,NA,NA,NA,NA,NA,NA,0.7,10.6,5.4,-126.193033,-2.20248392,42,15.29166667
30/03/1990,10.24230,NA,NA,NA,NA,NA,NA,NA,NA,NA,NA,NA,NA,NA,NA,NA,NA,NA,NA,NA,NA,NA,0,14.2,9.2,-124.3723047,-2.170706215,31,13.875
31/03/1990,10.24504,NA,NA,NA,NA,NA,NA,NA,NA,NA,NA,NA,NA,NA,NA,NA,NA,NA,NA,NA,NA,NA,0,10.5,8.2,-161.204317,-2.813546101,18,8.958333333
01/04/1990,10.24778,NA,NA,NA,NA,NA,NA,NA,NA,NA,NA,NA,NA,NA,NA,NA,NA,NA,NA,NA,NA,NA,4.2,8.8,7,154.3310827,2.693585532,10,3.25
02/04/1990,10.25051,NA,NA,NA,NA,NA,NA,NA,NA,NA,NA,NA,NA,NA,NA,NA,NA,NA,NA,NA,NA,NA,13,9,2.5,160.5577048,2.802260588,52,13.04166667
03/04/1990,10.25325,NA,NA,NA,NA,NA,NA,NA,NA,NA,NA,NA,NA,NA,NA,NA,NA,NA,NA,NA,NA,NA,0.6,5,-1.5,-5.334553586,-0.093105524,45,17.04166667
04/04/1990,10.25599,NA,NA,NA,NA,NA,NA,NA,NA,NA,NA,NA,NA,NA,NA,NA,NA,NA,NA,NA,NA,NA,3.7,7.4,-2.6,-106.4321492,-1.857591434,40,12.79166667
05/04/1990,10.25873,NA,NA,NA,NA,NA,NA,NA,NA,NA,NA,NA,NA,NA,NA,NA,NA,NA,NA,NA,NA,NA,5.9,8.5,2.5,-76.63237545,-1.337487265,37,7.625
06/04/1990,10.26146,NA,NA,NA,NA,NA,NA,NA,NA,NA,NA,NA,NA,NA,NA,NA,NA,NA,NA,NA,NA,NA,0,8.6,4.2,83.78251574,1.462280755,20,8.5
07/04/1990,10.26420,NA,NA,NA,NA,NA,NA,NA,NA,NA,NA,NA,NA,NA,NA,NA,NA,NA,NA,NA,NA,NA,0,8.3,2.5,118.3799377,2.066119681,11,4.875
08/04/1990,10.26694,NA,NA,NA,NA,NA,NA,NA,NA,NA,NA,NA,NA,NA,NA,NA,NA,NA,NA,NA,NA,NA,0,12.1,2,-139.4748975,-2.434296185,29,11.70833333
09/04/1990,10.26968,NA,NA,NA,NA,NA,NA,NA,NA,NA,NA,NA,NA,NA,NA,NA,NA,NA,NA,NA,NA,NA,4.6,8.7,5.9,-120.263216,-2.098989087,35,14.04166667
10/04/1990,10.27242,NA,NA,NA,NA,NA,NA,NA,NA,NA,NA,NA,NA,NA,NA,NA,NA,NA,NA,NA,NA,NA,6.4,9.3,5,-94.89582489,-1.656244591,44,18.875
11/04/1990,10.27515,NA,NA,NA,NA,NA,NA,NA,NA,NA,NA,NA,NA,NA,NA,NA,NA,NA,NA,NA,NA,NA,0.5,11.2,5,-136.0272605,-2.374123569,38,15.08333333
12/04/1990,10.27789,NA,NA,NA,NA,NA,NA,NA,NA,NA,NA,NA,NA,NA,NA,NA,NA,NA,NA,NA,NA,NA,2.8,9.7,3,-134.1069121,-2.340607165,51,15.58333333
13/04/1990,10.28063,NA,NA,NA,NA,NA,NA,NA,NA,NA,NA,NA,NA,NA,NA,NA,NA,NA,NA,NA,NA,NA,7.5,7.7,2.4,-24.66679088,-0.430516717,19,6.5
14/04/1990,10.28337,NA,NA,NA,NA,NA,NA,NA,NA,NA,NA,NA,NA,NA,NA,NA,NA,NA,NA,NA,NA,NA,6.8,8.3,1.1,-145.6618584,-2.542279023,48,14.125
15/04/1990,10.28611,NA,NA,NA,NA,NA,NA,NA,NA,NA,NA,NA,NA,NA,NA,NA,NA,NA,NA,NA,NA,NA,5.7,8.3,2.5,-104.5070714,-1.823992488,39,14.29166667
16/04/1990,10.28884,NA,NA,NA,NA,NA,NA,NA,NA,NA,NA,NA,NA,NA,NA,NA,NA,NA,NA,NA,NA,NA,7.1,7.1,1.4,-122.7454511,-2.142312263,31,10.25
17/04/1990,10.29158,NA,NA,NA,NA,NA,NA,NA,NA,NA,NA,NA,NA,NA,NA,NA,NA,NA,NA,NA,NA,NA,11,7.7,1.1,-98.17898036,-1.713546463,24,9.791666667
18/04/1990,10.29432,NA,NA,NA,NA,NA,NA,NA,NA,NA,NA,NA,NA,NA,NA,NA,NA,NA,NA,NA,NA,NA,5.2,8,1.2,-126.8511532,-2.213970283,40,12.95833333
19/04/1990,10.29706,NA,NA,NA,NA,NA,NA,NA,NA,NA,NA,NA,NA,NA,NA,NA,NA,NA,NA,NA,NA,NA,12.8,8,3.9,-9.730555835,-0.169830237,33,13.375
20/04/1990,10.29979,NA,NA,NA,NA,NA,NA,NA,NA,NA,NA,NA,NA,NA,NA,NA,NA,NA,NA,NA,NA,NA,0,8.8,3.1,47.3592626,0.826575064,13,5.291666667
21/04/1990,10.30253,NA,NA,NA,NA,NA,NA,NA,NA,NA,NA,NA,NA,NA,NA,NA,NA,NA,NA,NA,NA,NA,0,13,1.3,22.8537798,0.398873704,NA,2.333333333
22/04/1990,10.30527,NA,NA,NA,NA,NA,NA,NA,NA,NA,NA,NA,NA,NA,NA,NA,NA,NA,NA,NA,NA,NA,0.1,11.2,3.5,-96.10795781,-1.677400301,NA,5.291666667
23/04/1990,10.30801,NA,NA,NA,NA,NA,NA,NA,NA,NA,NA,NA,NA,NA,NA,NA,NA,NA,NA,NA,NA,NA,0,11.2,6.6,92.57452937,1.615730341,16,6.875
24/04/1990,10.31075,NA,NA,NA,NA,NA,NA,NA,NA,NA,NA,NA,NA,NA,NA,NA,NA,NA,NA,NA,NA,NA,0.2,11.4,6.7,-139.2350413,-2.430109905,25,9.5
25/04/1990,10.31348,NA,NA,NA,NA,NA,NA,NA,NA,NA,NA,NA,NA,NA,NA,NA,NA,NA,NA,NA,NA,NA,5.3,10.5,4.9,-141.3007817,-2.466163876,49,21.41666667
26/04/1990,10.31622,NA,NA,NA,NA,NA,NA,NA,NA,NA,NA,NA,NA,NA,NA,NA,NA,NA,NA,NA,NA,NA,0.8,7.9,1.7,-82.53049751,-1.440428915,36,15.95833333
27/04/1990,10.31896,NA,NA,NA,NA,NA,NA,NA,NA,NA,NA,NA,NA,NA,NA,NA,NA,NA,NA,NA,NA,NA,0.8,10.3,1.2,-99.92963106,-1.744101082,38,12.5
28/04/1990,10.32170,NA,NA,NA,NA,NA,NA,NA,NA,NA,NA,NA,NA,NA,NA,NA,NA,NA,NA,NA,NA,NA,3.7,12.9,6.3,-142.5433585,-2.487850932,37,16.45833333
29/04/1990,10.32444,NA,NA,NA,NA,NA,NA,NA,NA,NA,NA,NA,NA,NA,NA,NA,NA,NA,NA,NA,NA,NA,0.5,13.2,9.1,-148.7189343,-2.595635064,37,16.83333333
30/04/1990,10.32717,NA,NA,NA,NA,NA,NA,NA,NA,NA,NA,NA,NA,NA,NA,NA,NA,NA,NA,NA,NA,NA,0,13.8,9.3,-171.8142447,-2.998724272,22,9.375
01/05/1990,10.32991,NA,NA,NA,NA,NA,NA,NA,NA,NA,NA,NA,NA,NA,NA,NA,NA,NA,NA,NA,NA,NA,0,20.5,6.3,178.0866305,3.108198055,NA,5.875
02/05/1990,10.33265,NA,NA,NA,NA,NA,NA,NA,NA,NA,NA,NA,NA,NA,NA,NA,NA,NA,NA,NA,NA,NA,0,20.3,10.7,-172.7068421,-3.014303035,16,5.916666667
03/05/1990,10.33539,NA,NA,NA,NA,NA,NA,NA,NA,NA,NA,NA,NA,NA,NA,NA,NA,NA,NA,NA,NA,NA,0,20,7.4,157.3542313,2.746349428,NA,4.5
04/05/1990,10.33812,NA,NA,NA,NA,NA,NA,NA,NA,NA,NA,NA,NA,NA,NA,NA,NA,NA,NA,NA,NA,NA,2.4,11.4,6.1,-33.45249184,-0.583856126,NA,5.166666667
05/05/1990,10.34086,NA,NA,NA,NA,NA,NA,NA,NA,NA,NA,NA,NA,NA,NA,NA,NA,NA,NA,NA,NA,NA,8.8,9.6,4.9,-117.1241342,-2.044201775,34,12.58333333
06/05/1990,10.34360,NA,NA,NA,NA,NA,NA,NA,NA,NA,NA,NA,NA,NA,NA,NA,NA,NA,NA,NA,NA,NA,6.4,10.5,6.4,-14.65046614,-0.255698871,35,14.58333333
07/05/1990,10.34634,NA,NA,NA,NA,NA,NA,NA,NA,NA,NA,NA,NA,NA,NA,NA,NA,NA,NA,NA,NA,NA,16.2,10.2,7.2,29.97458518,0.523155203,26,12.33333333
08/05/1990,10.34908,NA,NA,NA,NA,NA,NA,NA,NA,NA,NA,NA,NA,NA,NA,NA,NA,NA,NA,NA,NA,NA,2,11.7,7.4,48.62121232,0.848600241,23,7.5
09/05/1990,10.35181,NA,NA,NA,NA,NA,NA,NA,NA,NA,NA,NA,NA,NA,NA,NA,NA,NA,NA,NA,NA,NA,0,10.9,8.3,53.38175898,0.931687455,18,9.125
10/05/1990,10.35455,NA,NA,NA,NA,NA,NA,NA,NA,NA,NA,NA,NA,NA,NA,NA,NA,NA,NA,NA,NA,NA,0,12,7.1,53.09935225,0.926758528,13,6.083333333
11/05/1990,10.35729,NA,NA,NA,NA,NA,NA,NA,NA,NA,NA,NA,NA,NA,NA,NA,NA,NA,NA,NA,NA,NA,0,10.3,8,33.33807139,0.581859112,22,11.70833333
12/05/1990,10.36003,NA,NA,NA,NA,NA,NA,NA,NA,NA,NA,NA,NA,NA,NA,NA,NA,NA,NA,NA,NA,NA,0,9.8,7.5,45.83751632,0.800015581,24,13.45833333
13/05/1990,10.36277,NA,NA,NA,NA,NA,NA,NA,NA,NA,NA,NA,NA,NA,NA,NA,NA,NA,NA,NA,NA,NA,0,13.2,4.1,62.36520104,1.088478097,NA,3.416666667
14/05/1990,10.36550,NA,NA,NA,NA,NA,NA,NA,NA,NA,NA,NA,NA,NA,NA,NA,NA,NA,NA,NA,NA,NA,0,14,8.1,50.16840932,0.875603923,13,4.75
15/05/1990,10.36824,NA,NA,NA,NA,NA,NA,NA,NA,NA,NA,NA,NA,NA,NA,NA,NA,NA,NA,NA,NA,NA,0,13.5,8.5,91.25059069,1.592623252,25,10.79166667
16/05/1990,10.37098,NA,NA,NA,NA,NA,NA,NA,NA,NA,NA,NA,NA,NA,NA,NA,NA,NA,NA,NA,NA,NA,0,12.1,8.1,54.98088875,0.959597534,25,14.54166667
17/05/1990,10.37372,NA,NA,NA,NA,NA,NA,NA,NA,NA,NA,NA,NA,NA,NA,NA,NA,NA,NA,NA,NA,NA,0,10.9,7.2,51.23782308,0.894268714,20,11.33333333
18/05/1990,10.37645,NA,NA,NA,NA,NA,NA,NA,NA,NA,NA,NA,NA,NA,NA,NA,NA,NA,NA,NA,NA,NA,0,10.4,6.4,45.41336968,0.792612825,17,8.041666667
19/05/1990,10.37919,NA,NA,NA,NA,NA,NA,NA,NA,NA,NA,NA,NA,NA,NA,NA,NA,NA,NA,NA,NA,NA,0,13.6,4.3,-24.91854165,-0.434910597,NA,3.291666667
20/05/1990,10.38193,NA,NA,NA,NA,NA,NA,NA,NA,NA,NA,NA,NA,NA,NA,NA,NA,NA,NA,NA,NA,NA,0.6,11.7,8.1,-92.1409497,-1.608162948,NA,5.75
21/05/1990,10.38467,NA,NA,NA,NA,NA,NA,NA,NA,NA,NA,NA,NA,NA,NA,NA,NA,NA,NA,NA,NA,NA,1.3,10.7,7.9,38.44706491,0.67102787,10,4.041666667
22/05/1990,10.38741,NA,NA,NA,NA,NA,NA,NA,NA,NA,NA,NA,NA,NA,NA,NA,NA,NA,NA,NA,NA,NA,10.6,13,8.1,-153.4924816,-2.678949182,27,10.33333333
23/05/1990,10.39014,NA,NA,NA,NA,NA,NA,NA,NA,NA,NA,NA,NA,NA,NA,NA,NA,NA,NA,NA,NA,NA,3.9,12.6,6.9,-75.68426515,-1.320939619,26,12.20833333
24/05/1990,10.39288,NA,NA,NA,NA,NA,NA,NA,NA,NA,NA,NA,NA,NA,NA,NA,NA,NA,NA,NA,NA,NA,0.5,10.4,3.6,-48.87919655,-0.853102916,23,8.416666667
25/05/1990,10.39562,NA,NA,NA,NA,NA,NA,NA,NA,NA,NA,NA,NA,NA,NA,NA,NA,NA,NA,NA,NA,NA,0,12.2,1.4,-100.179037,-1.748454036,14,3.916666667
26/05/1990,10.39836,NA,NA,NA,NA,NA,NA,NA,NA,NA,NA,NA,NA,NA,NA,NA,NA,NA,NA,NA,NA,NA,0,11.7,2.5,-160.6521623,-2.803909183,NA,3.875
27/05/1990,10.40110,NA,NA,NA,NA,NA,NA,NA,NA,NA,NA,NA,NA,NA,NA,NA,NA,NA,NA,NA,NA,NA,0,14.2,3.2,138.6954364,2.420692023,NA,3.5
28/05/1990,10.40383,NA,NA,NA,NA,NA,NA,NA,NA,NA,NA,NA,NA,NA,NA,NA,NA,NA,NA,NA,NA,NA,1.4,14,7.4,169.3927828,2.956461789,NA,8.208333333
29/05/1990,10.40657,NA,NA,NA,NA,NA,NA,NA,NA,NA,NA,NA,NA,NA,NA,NA,NA,NA,NA,NA,NA,NA,0.1,13.8,9.9,-170.0883525,-2.968601771,23,10.25
30/05/1990,10.40931,NA,NA,NA,NA,NA,NA,NA,NA,NA,NA,NA,NA,NA,NA,NA,NA,NA,NA,NA,NA,NA,0.1,15.6,9.6,-120.3492059,-2.100489895,NA,5.541666667
31/05/1990,10.41205,NA,NA,NA,NA,NA,NA,NA,NA,NA,NA,NA,NA,NA,NA,NA,NA,NA,NA,NA,NA,NA,0.8,14.4,9.5,143.5889667,2.506100239,29,7.708333333
01/06/1990,10.41478,NA,NA,NA,NA,NA,NA,NA,NA,NA,NA,NA,NA,NA,NA,NA,NA,NA,NA,NA,NA,NA,2,14.4,10.1,159.2858193,2.780061998,25,10.22727273
02/06/1990,10.41752,NA,NA,NA,NA,NA,NA,NA,NA,NA,NA,NA,NA,NA,NA,NA,NA,NA,NA,NA,NA,NA,0,15.2,4.7,-48.76751839,-0.851153764,17,6.238095238
03/06/1990,10.42026,NA,NA,NA,NA,NA,NA,NA,NA,NA,NA,NA,NA,NA,NA,NA,NA,NA,NA,NA,NA,NA,1.1,12.7,9.8,-68.77385985,-1.200330294,20,7.285714286
04/06/1990,10.42300,NA,NA,NA,NA,NA,NA,NA,NA,NA,NA,NA,NA,NA,NA,NA,NA,NA,NA,NA,NA,NA,6.6,13.1,9.4,-95.00350522,-1.658123967,26,11.83333333
05/06/1990,10.42574,NA,NA,NA,NA,NA,NA,NA,NA,NA,NA,NA,NA,NA,NA,NA,NA,NA,NA,NA,NA,NA,1.5,13,8.7,-157.5962631,-2.75057368,28,11.16666667
06/06/1990,10.42847,NA,NA,NA,NA,NA,NA,NA,NA,NA,NA,NA,NA,NA,NA,NA,NA,NA,NA,NA,NA,NA,6.8,12,6.3,133.0371063,2.321935532,23,7.458333333
07/06/1990,10.43121,NA,NA,NA,NA,NA,NA,NA,NA,NA,NA,NA,NA,NA,NA,NA,NA,NA,NA,NA,NA,NA,13.5,12.7,7.9,-53.87746448,-0.940339148,32,10.25
08/06/1990,10.43395,NA,NA,NA,NA,NA,NA,NA,NA,NA,NA,NA,NA,NA,NA,NA,NA,NA,NA,NA,NA,NA,3.6,12.6,7,24.3066314,0.424230748,24,11.125
09/06/1990,10.43669,NA,NA,NA,NA,NA,NA,NA,NA,NA,NA,NA,NA,NA,NA,NA,NA,NA,NA,NA,NA,NA,0,14,9.2,-35.65568202,-0.622309048,14,6.25
10/06/1990,10.43943,NA,NA,NA,NA,NA,NA,NA,NA,NA,NA,NA,NA,NA,NA,NA,NA,NA,NA,NA,NA,NA,0,13.5,9.1,-34.65942257,-0.604921041,17,6.791666667
11/06/1990,10.44216,NA,NA,NA,NA,NA,NA,NA,NA,NA,NA,NA,NA,NA,NA,NA,NA,NA,NA,NA,NA,NA,0,11.1,9,4.04725886,0.070637993,14,6.25
12/06/1990,10.44490,NA,NA,NA,NA,NA,NA,NA,NA,NA,NA,NA,NA,NA,NA,NA,NA,NA,NA,NA,NA,NA,0,11.8,9.1,15.42999267,0.269304176,13,5.416666667
13/06/1990,10.44764,NA,NA,NA,NA,NA,NA,NA,NA,NA,NA,NA,NA,NA,NA,NA,NA,NA,NA,NA,NA,NA,0,13.4,9.5,-137.5787553,-2.40120226,11,3.25
14/06/1990,10.45038,NA,NA,NA,NA,NA,NA,NA,NA,NA,NA,NA,NA,NA,NA,NA,NA,NA,NA,NA,NA,NA,0,14.9,9.5,156.4565063,2.730681171,17,4.625
15/06/1990,10.45311,NA,NA,NA,NA,NA,NA,NA,NA,NA,NA,NA,NA,NA,NA,NA,NA,NA,NA,NA,NA,NA,0,18.1,9.7,144.9027616,2.529030285,11,4.916666667
16/06/1990,10.45585,NA,NA,NA,NA,NA,NA,NA,NA,NA,NA,NA,NA,NA,NA,NA,NA,NA,NA,NA,NA,NA,0,17.4,10.2,165.7766159,2.89334777,NA,4.125
17/06/1990,10.45859,NA,NA,NA,NA,NA,NA,NA,NA,NA,NA,NA,NA,NA,NA,NA,NA,NA,NA,NA,NA,NA,0.4,14.3,11.8,108.9986721,1.902385708,10,3.541666667
18/06/1990,10.46133,NA,NA,NA,NA,NA,NA,NA,NA,NA,NA,NA,NA,NA,NA,NA,NA,NA,NA,NA,NA,NA,12.9,16.6,10.8,139.0461607,2.426813317,14,4.583333333
19/06/1990,10.46407,NA,NA,NA,NA,NA,NA,NA,NA,NA,NA,NA,NA,NA,NA,NA,NA,NA,NA,NA,NA,NA,1.3,14,7.2,177.3385652,3.095141853,18,6.041666667
20/06/1990,10.46680,NA,NA,NA,NA,NA,NA,NA,NA,NA,NA,NA,NA,NA,NA,NA,NA,NA,NA,NA,NA,NA,0.5,15.2,6.9,115.0876687,2.008658748,NA,4.208333333
21/06/1990,10.46954,NA,NA,NA,NA,NA,NA,NA,NA,NA,NA,NA,NA,NA,NA,NA,NA,NA,NA,NA,NA,NA,3.9,14.8,10.6,78.92764841,1.377547336,15,4.291666667
22/06/1990,10.47228,NA,NA,NA,NA,NA,NA,NA,NA,NA,NA,NA,NA,NA,NA,NA,NA,NA,NA,NA,NA,NA,0.1,14.4,10.1,-18.54807177,-0.323724922,20,9.333333333
23/06/1990,10.47502,NA,NA,NA,NA,NA,NA,NA,NA,NA,NA,NA,NA,NA,NA,NA,NA,NA,NA,NA,NA,NA,4.4,12.3,9.3,-70.66001572,-1.233249924,27,12.75
24/06/1990,10.47775,NA,NA,NA,NA,NA,NA,NA,NA,NA,NA,NA,NA,NA,NA,NA,NA,NA,NA,NA,NA,NA,5.3,13.6,7.5,-177.5528234,-3.098881364,30,8.958333333
25/06/1990,10.48049,NA,NA,NA,NA,NA,NA,NA,NA,NA,NA,NA,NA,NA,NA,NA,NA,NA,NA,NA,NA,NA,2.3,15.3,8.9,-134.9609293,-2.355512579,33,16.08333333
26/06/1990,10.48323,NA,NA,NA,NA,NA,NA,NA,NA,NA,NA,NA,NA,NA,NA,NA,NA,NA,NA,NA,NA,NA,1.3,15,10,-136.6829307,-2.385567173,20,7.333333333
27/06/1990,10.48597,NA,NA,NA,NA,NA,NA,NA,NA,NA,NA,NA,NA,NA,NA,NA,NA,NA,NA,NA,NA,NA,1.4,14,9,33.37018545,0.582419608,11,4.375
28/06/1990,10.48871,NA,NA,NA,NA,NA,NA,NA,NA,NA,NA,NA,NA,NA,NA,NA,NA,NA,NA,NA,NA,NA,3.5,16,8.8,-129.2800015,-2.256361683,19,6.916666667
29/06/1990,10.49144,NA,NA,NA,NA,NA,NA,NA,NA,NA,NA,NA,NA,NA,NA,NA,NA,NA,NA,NA,NA,NA,0.6,15.6,8.9,124.8972188,2.179867695,16,5.333333333
30/06/1990,10.49418,NA,NA,NA,NA,NA,NA,NA,NA,NA,NA,NA,NA,NA,NA,NA,NA,NA,NA,NA,NA,NA,2.3,13.3,10.6,45.79502471,0.799273962,30,10
01/07/1990,10.49692,NA,NA,NA,NA,NA,NA,NA,NA,NA,NA,NA,NA,NA,NA,NA,NA,NA,NA,NA,NA,NA,7.3,11.9,9.6,-15.06471263,-0.262928836,33,17.33333333
02/07/1990,10.49966,NA,NA,NA,NA,NA,NA,NA,NA,NA,NA,NA,NA,NA,NA,NA,NA,NA,NA,NA,NA,NA,0.4,14,6,-66.28782123,-1.156940734,22,9.875
03/07/1990,10.50240,NA,NA,NA,NA,NA,NA,NA,NA,NA,NA,NA,NA,NA,NA,NA,NA,NA,NA,NA,NA,NA,30.1,13.4,7.9,-118.2527278,-2.06389945,29,9.416666667
04/07/1990,10.50513,NA,NA,NA,NA,NA,NA,NA,NA,NA,NA,NA,NA,NA,NA,NA,NA,NA,NA,NA,NA,NA,5.1,13.8,9.9,79.05481647,1.379766837,26,9.333333333
05/07/1990,10.50787,NA,NA,NA,NA,NA,NA,NA,NA,NA,NA,NA,NA,NA,NA,NA,NA,NA,NA,NA,NA,NA,0.6,12.7,9.4,-23.96628111,-0.418290515,27,14.54166667
06/07/1990,10.51061,NA,NA,NA,NA,NA,NA,NA,NA,NA,NA,NA,NA,NA,NA,NA,NA,NA,NA,NA,NA,NA,3.1,14.7,6.9,-127.4378857,-2.224210697,17,5.041666667
07/07/1990,10.51335,NA,NA,NA,NA,NA,NA,NA,NA,NA,NA,NA,NA,NA,NA,NA,NA,NA,NA,NA,NA,NA,9.3,14.7,10.3,172.326067,3.007657255,23,9.083333333
08/07/1990,10.51608,NA,NA,NA,NA,NA,NA,NA,NA,NA,NA,NA,NA,NA,NA,NA,NA,NA,NA,NA,NA,NA,3,14.4,9.9,-139.5331669,-2.435313178,29,13.5
09/07/1990,10.51882,NA,NA,NA,NA,NA,NA,NA,NA,NA,NA,NA,NA,NA,NA,NA,NA,NA,NA,NA,NA,NA,3.9,14.7,9.5,-74.8220234,-1.305890661,37,17.16666667
10/07/1990,10.52156,NA,NA,NA,NA,NA,NA,NA,NA,NA,NA,NA,NA,NA,NA,NA,NA,NA,NA,NA,NA,NA,0.7,14.5,10.1,-111.1740656,-1.940353488,35,13.33333333
11/07/1990,10.52430,NA,NA,NA,NA,NA,NA,NA,NA,NA,NA,NA,NA,NA,NA,NA,NA,NA,NA,NA,NA,NA,1.5,15,10.6,-114.5908276,-1.999987234,37,16.66666667
12/07/1990,10.52704,NA,NA,NA,NA,NA,NA,NA,NA,NA,NA,NA,NA,NA,NA,NA,NA,NA,NA,NA,NA,NA,0,14.4,10.5,-105.0837796,-1.834057945,18,7.375
13/07/1990,10.52977,NA,NA,NA,NA,NA,NA,NA,NA,NA,NA,NA,NA,NA,NA,NA,NA,NA,NA,NA,NA,NA,0,15.8,10.3,143.1657786,2.498714213,NA,3.083333333
14/07/1990,10.53251,NA,NA,NA,NA,NA,NA,NA,NA,NA,NA,NA,NA,NA,NA,NA,NA,NA,NA,NA,NA,NA,0,21.3,9.1,72.21490194,1.260387808,NA,3.708333333
15/07/1990,10.53525,NA,NA,NA,NA,NA,NA,NA,NA,NA,NA,NA,NA,NA,NA,NA,NA,NA,NA,NA,NA,NA,4.6,16.7,13.3,-150.5255063,-2.627165693,23,6.25
16/07/1990,10.53799,NA,NA,NA,NA,NA,NA,NA,NA,NA,NA,NA,NA,NA,NA,NA,NA,NA,NA,NA,NA,NA,0,18.5,9,-148.2439299,-2.587344673,NA,4.416666667
17/07/1990,10.54073,NA,NA,NA,NA,NA,NA,NA,NA,NA,NA,NA,NA,NA,NA,NA,NA,NA,NA,NA,NA,NA,0,18.3,7.3,-168.487558,-2.940662636,NA,5.375
18/07/1990,10.54346,NA,NA,NA,NA,NA,NA,NA,NA,NA,NA,NA,NA,NA,NA,NA,NA,NA,NA,NA,NA,NA,0,21.4,12.4,165.2638645,2.884398571,23,6.708333333
19/07/1990,10.54620,NA,NA,NA,NA,NA,NA,NA,NA,NA,NA,NA,NA,NA,NA,NA,NA,NA,NA,NA,NA,NA,12.3,17.4,13.8,177.6845399,3.101180252,19,7.75
20/07/1990,10.54894,NA,NA,NA,NA,NA,NA,NA,NA,NA,NA,NA,NA,NA,NA,NA,NA,NA,NA,NA,NA,NA,0.9,18.5,8.6,-108.0974738,-1.886656831,15,5.208333333
21/07/1990,10.55168,NA,NA,NA,NA,NA,NA,NA,NA,NA,NA,NA,NA,NA,NA,NA,NA,NA,NA,NA,NA,NA,0,15.3,8.8,-69.57512833,-1.214315067,15,5.458333333
22/07/1990,10.55441,NA,NA,NA,NA,NA,NA,NA,NA,NA,NA,NA,NA,NA,NA,NA,NA,NA,NA,NA,NA,NA,0,14.6,6.9,15.23998488,0.265987914,22,7.958333333
23/07/1990,10.55715,NA,NA,NA,NA,NA,NA,NA,NA,NA,NA,NA,NA,NA,NA,NA,NA,NA,NA,NA,NA,NA,0,16.5,9.5,53.37722235,0.931608275,15,5.75
24/07/1990,10.55989,NA,NA,NA,NA,NA,NA,NA,NA,NA,NA,NA,NA,NA,NA,NA,NA,NA,NA,NA,NA,NA,0,20.2,9,114.710809,2.002081305,NA,4
25/07/1990,10.56263,NA,NA,NA,NA,NA,NA,NA,NA,NA,NA,NA,NA,NA,NA,NA,NA,NA,NA,NA,NA,NA,0,20.6,13.6,148.8533084,2.597980334,NA,4.391304348
26/07/1990,10.56537,NA,NA,NA,NA,NA,NA,NA,NA,NA,NA,NA,NA,NA,NA,NA,NA,NA,NA,NA,NA,NA,0,21.3,13.4,42.83498836,0.747611582,NA,3.541666667
27/07/1990,10.56810,NA,NA,NA,NA,NA,NA,NA,NA,NA,NA,NA,NA,NA,NA,NA,NA,NA,NA,NA,NA,NA,0.5,21,13.1,111.6939148,1.949426567,21,8.041666667
28/07/1990,10.57084,NA,NA,NA,NA,NA,NA,NA,NA,NA,NA,NA,NA,NA,NA,NA,NA,NA,NA,NA,NA,NA,0.9,18.8,13.8,176.0835755,3.073238151,21,8.833333333
29/07/1990,10.57358,NA,NA,NA,NA,NA,NA,NA,NA,NA,NA,NA,NA,NA,NA,NA,NA,NA,NA,NA,NA,NA,12.2,18.2,11.5,128.2028897,2.237562536,20,7.541666667
30/07/1990,10.57632,NA,NA,NA,NA,NA,NA,NA,NA,NA,NA,NA,NA,NA,NA,NA,NA,NA,NA,NA,NA,NA,1.1,18.2,13.3,-164.5729099,-2.872339137,33,14.45833333
31/07/1990,10.57906,NA,NA,NA,NA,NA,NA,NA,NA,NA,NA,NA,NA,NA,NA,NA,NA,NA,NA,NA,NA,NA,4.4,16.4,13.1,-174.4046958,-3.043936173,25,12.75
01/08/1990,10.58179,NA,NA,NA,NA,NA,NA,NA,NA,NA,NA,NA,NA,NA,NA,NA,NA,NA,NA,NA,NA,NA,17,16.4,13.2,-179.1248144,-3.126317782,33,14.625
02/08/1990,10.58453,NA,NA,NA,NA,NA,NA,NA,NA,NA,NA,NA,NA,NA,NA,NA,NA,NA,NA,NA,NA,NA,0.9,18.7,14.4,-170.3826635,-2.973738467,33,12.75
03/08/1990,10.58727,NA,NA,NA,NA,NA,NA,NA,NA,NA,NA,NA,NA,NA,NA,NA,NA,NA,NA,NA,NA,NA,2.5,16.6,12.7,-126.186593,-2.20237152,20,7.916666667
04/08/1990,10.59001,NA,NA,NA,NA,NA,NA,NA,NA,NA,NA,NA,NA,NA,NA,NA,NA,NA,NA,NA,NA,NA,1.7,16.1,11.9,-124.6816449,-2.176105219,31,12.79166667
05/08/1990,10.59274,NA,NA,NA,NA,NA,NA,NA,NA,NA,NA,NA,NA,NA,NA,NA,NA,NA,NA,NA,NA,NA,3.2,15.4,10.6,-64.13173105,-1.119309862,32,13.75
06/08/1990,10.59548,NA,NA,NA,NA,NA,NA,NA,NA,NA,NA,NA,NA,NA,NA,NA,NA,NA,NA,NA,NA,NA,5.9,14.8,10.1,-63.35680903,-1.105784921,20,7.916666667
07/08/1990,10.59822,NA,NA,NA,NA,NA,NA,NA,NA,NA,NA,NA,NA,NA,NA,NA,NA,NA,NA,NA,NA,NA,0.8,15.4,9.5,-123.0201883,-2.147107332,27,11.25
08/08/1990,10.60096,NA,NA,NA,NA,NA,NA,NA,NA,NA,NA,NA,NA,NA,NA,NA,NA,NA,NA,NA,NA,NA,0.2,14.5,12,-144.4974585,-2.521956411,20,9.083333333
09/08/1990,10.60370,NA,NA,NA,NA,NA,NA,NA,NA,NA,NA,NA,NA,NA,NA,NA,NA,NA,NA,NA,NA,NA,0.3,19.1,13.1,-161.075067,-2.811290262,20,9.166666667
10/08/1990,10.60643,NA,NA,NA,NA,NA,NA,NA,NA,NA,NA,NA,NA,NA,NA,NA,NA,NA,NA,NA,NA,NA,2.2,17.2,13,-174.6953723,-3.049009434,26,13
11/08/1990,10.60917,NA,NA,NA,NA,NA,NA,NA,NA,NA,NA,NA,NA,NA,NA,NA,NA,NA,NA,NA,NA,NA,1.5,16.7,11.4,-152.0396622,-2.653592699,36,14.70833333
12/08/1990,10.61191,NA,NA,NA,NA,NA,NA,NA,NA,NA,NA,NA,NA,NA,NA,NA,NA,NA,NA,NA,NA,NA,2.7,15.6,11.1,-145.9707168,-2.547669619,21,9.083333333
13/08/1990,10.61465,NA,NA,NA,NA,NA,NA,NA,NA,NA,NA,NA,NA,NA,NA,NA,NA,NA,NA,NA,NA,NA,1.1,17,11.2,-160.9448331,-2.809017252,20,9.375
14/08/1990,10.61739,NA,NA,NA,NA,NA,NA,NA,NA,NA,NA,NA,NA,NA,NA,NA,NA,NA,NA,NA,NA,NA,3.1,16.2,8.6,-134.313686,-2.344216052,23,6.791666667
15/08/1990,10.62012,NA,NA,NA,NA,NA,NA,NA,NA,NA,NA,NA,NA,NA,NA,NA,NA,NA,NA,NA,NA,NA,2,14.4,7.8,14.90185843,0.260086494,NA,10.16666667
16/08/1990,10.62286,NA,NA,NA,NA,NA,NA,NA,NA,NA,NA,NA,NA,NA,NA,NA,NA,NA,NA,NA,NA,NA,11.8,14.1,10.9,-39.96148269,-0.697459447,33,18.16666667
17/08/1990,10.62560,NA,NA,NA,NA,NA,NA,NA,NA,NA,NA,NA,NA,NA,NA,NA,NA,NA,NA,NA,NA,NA,0.8,13,10,-54.5673974,-0.952380749,28,13.5
18/08/1990,10.62834,NA,NA,NA,NA,NA,NA,NA,NA,NA,NA,NA,NA,NA,NA,NA,NA,NA,NA,NA,NA,NA,1.4,14.8,8.9,-153.9666108,-2.687224297,20,8.791666667
19/08/1990,10.63107,NA,NA,NA,NA,NA,NA,NA,NA,NA,NA,NA,NA,NA,NA,NA,NA,NA,NA,NA,NA,NA,18.8,14.4,10.4,-179.74348,-3.137115534,29,10.54166667
20/08/1990,10.63381,NA,NA,NA,NA,NA,NA,NA,NA,NA,NA,NA,NA,NA,NA,NA,NA,NA,NA,NA,NA,NA,0.5,15.4,8.9,-94.23624397,-1.644732732,23,10.29166667
21/08/1990,10.63655,NA,NA,NA,NA,NA,NA,NA,NA,NA,NA,NA,NA,NA,NA,NA,NA,NA,NA,NA,NA,NA,0.2,15.4,6.7,-175.4865358,-3.062817842,24,11.16666667
22/08/1990,10.63929,NA,NA,NA,NA,NA,NA,NA,NA,NA,NA,NA,NA,NA,NA,NA,NA,NA,NA,NA,NA,NA,0,16.3,10.4,-116.9260763,-2.040745013,20,9.541666667
23/08/1990,10.64203,NA,NA,NA,NA,NA,NA,NA,NA,NA,NA,NA,NA,NA,NA,NA,NA,NA,NA,NA,NA,NA,0.8,15.6,9,-179.4789187,-3.132498069,NA,7.333333333
24/08/1990,10.64476,NA,NA,NA,NA,NA,NA,NA,NA,NA,NA,NA,NA,NA,NA,NA,NA,NA,NA,NA,NA,NA,0,17.5,12.8,-128.66361,-2.245603622,17,7
25/08/1990,10.64750,NA,NA,NA,NA,NA,NA,NA,NA,NA,NA,NA,NA,NA,NA,NA,NA,NA,NA,NA,NA,NA,0,15.1,10.1,25.11464076,0.438333172,11,4.666666667
26/08/1990,10.65024,NA,NA,NA,NA,NA,NA,NA,NA,NA,NA,NA,NA,NA,NA,NA,NA,NA,NA,NA,NA,NA,0.2,15.8,12.9,-178.2380615,-3.110841026,18,9.208333333
27/08/1990,10.65298,NA,NA,NA,NA,NA,NA,NA,NA,NA,NA,NA,NA,NA,NA,NA,NA,NA,NA,NA,NA,NA,0.4,17.1,13,164.1180588,2.864400488,29,12.125
28/08/1990,10.65572,NA,NA,NA,NA,NA,NA,NA,NA,NA,NA,NA,NA,NA,NA,NA,NA,NA,NA,NA,NA,NA,4.4,17.1,12.2,173.0047973,3.019503335,23,9.875
29/08/1990,10.65845,NA,NA,NA,NA,NA,NA,NA,NA,NA,NA,NA,NA,NA,NA,NA,NA,NA,NA,NA,NA,NA,4.5,16.5,12.5,171.6544446,2.995935234,29,13.41666667
30/08/1990,10.66119,NA,NA,NA,NA,NA,NA,NA,NA,NA,NA,NA,NA,NA,NA,NA,NA,NA,NA,NA,NA,NA,7.7,13.9,11.2,-173.99989,-3.036870979,37,18
31/08/1990,10.66393,NA,NA,NA,NA,NA,NA,NA,NA,NA,NA,NA,NA,NA,NA,NA,NA,NA,NA,NA,NA,NA,3.1,15.6,9.9,-112.0968827,-1.956459684,28,11.41666667
01/09/1990,10.66667,NA,NA,NA,NA,NA,NA,NA,NA,NA,NA,NA,NA,NA,NA,NA,NA,NA,NA,NA,NA,NA,8.8,14.5,7.2,-154.7053142,-2.700117103,31,10.125
02/09/1990,10.66940,NA,NA,NA,NA,NA,NA,NA,NA,NA,NA,NA,NA,NA,NA,NA,NA,NA,NA,NA,NA,NA,6.8,16.8,12.8,-154.6071607,-2.698404001,NA,NA
03/09/1990,10.67214,NA,NA,NA,NA,NA,NA,NA,NA,NA,NA,NA,NA,NA,NA,NA,NA,NA,NA,NA,NA,NA,8.6,15.6,9.9,-132.9072771,-2.319669586,34,14.125
04/09/1990,10.67488,NA,NA,NA,NA,NA,NA,NA,NA,NA,NA,NA,NA,NA,NA,NA,NA,NA,NA,NA,NA,NA,2.4,13.7,9.3,-109.5117509,-1.911340623,26,10.08333333
05/09/1990,10.67762,NA,NA,NA,NA,NA,NA,NA,NA,NA,NA,NA,NA,NA,NA,NA,NA,NA,NA,NA,NA,NA,4.9,13.4,9.4,152.1497248,2.655513653,28,9.5
06/09/1990,10.68036,NA,NA,NA,NA,NA,NA,NA,NA,NA,NA,NA,NA,NA,NA,NA,NA,NA,NA,NA,NA,NA,3.8,14.5,9.1,-72.29884858,-1.261852953,44,16.125
07/09/1990,10.68309,NA,NA,NA,NA,NA,NA,NA,NA,NA,NA,NA,NA,NA,NA,NA,NA,NA,NA,NA,NA,NA,0.8,14.6,9.1,-66.12523196,-1.154103016,29,10.29166667
08/09/1990,10.68583,NA,NA,NA,NA,NA,NA,NA,NA,NA,NA,NA,NA,NA,NA,NA,NA,NA,NA,NA,NA,NA,0.2,15,9.9,-97.11916628,-1.695049218,17,7.041666667
09/09/1990,10.68857,NA,NA,NA,NA,NA,NA,NA,NA,NA,NA,NA,NA,NA,NA,NA,NA,NA,NA,NA,NA,NA,0,16.6,11.4,-124.5774572,-2.174286802,23,9
10/09/1990,10.69131,NA,NA,NA,NA,NA,NA,NA,NA,NA,NA,NA,NA,NA,NA,NA,NA,NA,NA,NA,NA,NA,0,16,11.4,-137.962857,-2.407906101,20,7
11/09/1990,10.69405,NA,NA,NA,NA,NA,NA,NA,NA,NA,NA,NA,NA,NA,NA,NA,NA,NA,NA,NA,NA,NA,0.4,15,9.7,-127.7093345,-2.228948373,17,6.833333333
12/09/1990,10.69678,NA,NA,NA,NA,NA,NA,NA,NA,NA,NA,NA,NA,NA,NA,NA,NA,NA,NA,NA,NA,NA,0,16.3,8.4,-122.5296232,-2.138545356,14,5.25
13/09/1990,10.69952,NA,NA,NA,NA,NA,NA,NA,NA,NA,NA,NA,NA,NA,NA,NA,NA,NA,NA,NA,NA,NA,0,13.8,9,-145.9344578,-2.54703678,28,10.45833333
14/09/1990,10.70226,NA,NA,NA,NA,NA,NA,NA,NA,NA,NA,NA,NA,NA,NA,NA,NA,NA,NA,NA,NA,NA,0,13.3,6.1,-62.72245421,-1.094713341,23,8.375
15/09/1990,10.70500,NA,NA,NA,NA,NA,NA,NA,NA,NA,NA,NA,NA,NA,NA,NA,NA,NA,NA,NA,NA,NA,0,12.8,2.7,-138.3492865,-2.414650568,NA,3.708333333
16/09/1990,10.70773,NA,NA,NA,NA,NA,NA,NA,NA,NA,NA,NA,NA,NA,NA,NA,NA,NA,NA,NA,NA,NA,3.9,13.7,6.7,-143.7695518,-2.509252043,NA,11.54166667
17/09/1990,10.71047,NA,NA,NA,NA,NA,NA,NA,NA,NA,NA,NA,NA,NA,NA,NA,NA,NA,NA,NA,NA,NA,4.2,13.2,5.9,-122.8901995,-2.144838599,28,9.041666667
18/09/1990,10.71321,NA,NA,NA,NA,NA,NA,NA,NA,NA,NA,NA,NA,NA,NA,NA,NA,NA,NA,NA,NA,NA,19.9,15.1,9.3,-135.1725799,-2.359206578,44,17.75
19/09/1990,10.71595,NA,NA,NA,NA,NA,NA,NA,NA,NA,NA,NA,NA,NA,NA,NA,NA,NA,NA,NA,NA,NA,3.7,11,5.8,-75.67359596,-1.320753406,59,29.5
20/09/1990,10.71869,NA,NA,NA,NA,NA,NA,NA,NA,NA,NA,NA,NA,NA,NA,NA,NA,NA,NA,NA,NA,NA,13.7,10.4,4.2,-71.04685604,-1.240001561,38,13.58333333
21/09/1990,10.72142,NA,NA,NA,NA,NA,NA,NA,NA,NA,NA,NA,NA,NA,NA,NA,NA,NA,NA,NA,NA,NA,3.3,10.1,4.2,-67.52391619,-1.178514661,40,15.91666667
22/09/1990,10.72416,NA,NA,NA,NA,NA,NA,NA,NA,NA,NA,NA,NA,NA,NA,NA,NA,NA,NA,NA,NA,NA,0.5,11.6,3.6,-43.36424968,-0.756848935,19,6.541666667
23/09/1990,10.72690,NA,NA,NA,NA,NA,NA,NA,NA,NA,NA,NA,NA,NA,NA,NA,NA,NA,NA,NA,NA,NA,1.1,12.5,7.2,-16.27359131,-0.28402775,20,9.041666667
24/09/1990,10.72964,NA,NA,NA,NA,NA,NA,NA,NA,NA,NA,NA,NA,NA,NA,NA,NA,NA,NA,NA,NA,NA,2.5,12.4,8.5,5.374598796,0.093804445,22,10.54166667
25/09/1990,10.73238,NA,NA,NA,NA,NA,NA,NA,NA,NA,NA,NA,NA,NA,NA,NA,NA,NA,NA,NA,NA,NA,0.5,11.7,6.4,-14.25297809,-0.248761396,20,7.708333333
26/09/1990,10.73511,NA,NA,NA,NA,NA,NA,NA,NA,NA,NA,NA,NA,NA,NA,NA,NA,NA,NA,NA,NA,NA,0.2,11.8,3.7,-55.36205094,-0.966250069,18,5.208333333
27/09/1990,10.73785,NA,NA,NA,NA,NA,NA,NA,NA,NA,NA,NA,NA,NA,NA,NA,NA,NA,NA,NA,NA,NA,4.8,12,7.1,-137.0685214,-2.392297,26,11.16666667
28/09/1990,10.74059,NA,NA,NA,NA,NA,NA,NA,NA,NA,NA,NA,NA,NA,NA,NA,NA,NA,NA,NA,NA,NA,20.2,12.6,9.2,-119.7961045,-2.090836455,26,10.75
29/09/1990,10.74333,NA,NA,NA,NA,NA,NA,NA,NA,NA,NA,NA,NA,NA,NA,NA,NA,NA,NA,NA,NA,NA,0,12.9,5.1,-78.67789431,-1.373188304,8,2.958333333
30/09/1990,10.74606,NA,NA,NA,NA,NA,NA,NA,NA,NA,NA,NA,NA,NA,NA,NA,NA,NA,NA,NA,NA,NA,0,11.8,5.5,-37.51650358,-0.654786511,13,4.375
01/10/1990,10.74880,NA,NA,NA,NA,NA,NA,NA,NA,NA,NA,NA,NA,NA,NA,NA,NA,NA,NA,NA,NA,NA,7.8,14.3,7.7,-155.2626628,-2.709844671,24,8.333333333
02/10/1990,10.75154,NA,NA,NA,NA,NA,NA,NA,NA,NA,NA,NA,NA,NA,NA,NA,NA,NA,NA,NA,NA,NA,10,13.9,9.3,174.9478319,3.053415686,30,12.08333333
03/10/1990,10.75428,NA,NA,NA,NA,NA,NA,NA,NA,NA,NA,NA,NA,NA,NA,NA,NA,NA,NA,NA,NA,NA,7.1,10.7,6.6,-145.3087571,-2.536116244,45,12.70833333
04/10/1990,10.75702,NA,NA,NA,NA,NA,NA,NA,NA,NA,NA,NA,NA,NA,NA,NA,NA,NA,NA,NA,NA,NA,2.6,12,6.8,-106.671924,-1.861776293,49,15.5
05/10/1990,10.75975,NA,NA,NA,NA,NA,NA,NA,NA,NA,NA,NA,NA,NA,NA,NA,NA,NA,NA,NA,NA,NA,3.4,13.4,9.3,-119.8725862,-2.092171312,27,11
06/10/1990,10.76249,NA,NA,NA,NA,NA,NA,NA,NA,NA,NA,NA,NA,NA,NA,NA,NA,NA,NA,NA,NA,NA,3.4,11.2,6.9,-41.69871576,-0.727779884,34,10.04166667
07/10/1990,10.76523,NA,NA,NA,NA,NA,NA,NA,NA,NA,NA,NA,NA,NA,NA,NA,NA,NA,NA,NA,NA,NA,0.6,10.1,4.6,-58.9831979,-1.029451007,NA,11.95833333
08/10/1990,10.76797,NA,NA,NA,NA,NA,NA,NA,NA,NA,NA,NA,NA,NA,NA,NA,NA,NA,NA,NA,NA,NA,2.2,11.9,8.1,-135.0644115,-2.357318684,44,17.45833333
09/10/1990,10.77070,NA,NA,NA,NA,NA,NA,NA,NA,NA,NA,NA,NA,NA,NA,NA,NA,NA,NA,NA,NA,NA,3.1,13.1,7.3,-112.4888487,-1.963300782,45,19.04166667
10/10/1990,10.77344,NA,NA,NA,NA,NA,NA,NA,NA,NA,NA,NA,NA,NA,NA,NA,NA,NA,NA,NA,NA,NA,3.1,11.5,6.5,-123.2212429,-2.150616397,30,10.375
11/10/1990,10.77618,NA,NA,NA,NA,NA,NA,NA,NA,NA,NA,NA,NA,NA,NA,NA,NA,NA,NA,NA,NA,NA,2.1,10.8,3.5,-164.4756578,-2.870641768,21,7.25
12/10/1990,10.77892,NA,NA,NA,NA,NA,NA,NA,NA,NA,NA,NA,NA,NA,NA,NA,NA,NA,NA,NA,NA,NA,13.8,14.5,7.2,171.5541411,2.994184607,49,24.16666667
13/10/1990,10.78166,NA,NA,NA,NA,NA,NA,NA,NA,NA,NA,NA,NA,NA,NA,NA,NA,NA,NA,NA,NA,NA,0.5,18.6,12,134.777499,2.352311115,28,9.75
14/10/1990,10.78439,NA,NA,NA,NA,NA,NA,NA,NA,NA,NA,NA,NA,NA,NA,NA,NA,NA,NA,NA,NA,NA,0.9,16.4,9.8,179.9608893,3.140910042,56,21.79166667
15/10/1990,10.78713,NA,NA,NA,NA,NA,NA,NA,NA,NA,NA,NA,NA,NA,NA,NA,NA,NA,NA,NA,NA,NA,7.5,12.5,9.5,166.1255975,2.899438649,34,10.66666667
16/10/1990,10.78987,NA,NA,NA,NA,NA,NA,NA,NA,NA,NA,NA,NA,NA,NA,NA,NA,NA,NA,NA,NA,NA,0.7,12.9,8.5,-147.1107444,-2.567566855,31,14.70833333
17/10/1990,10.79261,NA,NA,NA,NA,NA,NA,NA,NA,NA,NA,NA,NA,NA,NA,NA,NA,NA,NA,NA,NA,NA,2.3,10.7,6.8,-166.9718949,-2.914209325,20,8
18/10/1990,10.79535,NA,NA,NA,NA,NA,NA,NA,NA,NA,NA,NA,NA,NA,NA,NA,NA,NA,NA,NA,NA,NA,1.9,12.9,8,54.83865627,0.957115109,30,15
19/10/1990,10.79808,NA,NA,NA,NA,NA,NA,NA,NA,NA,NA,NA,NA,NA,NA,NA,NA,NA,NA,NA,NA,NA,0,11.7,8.3,94.16460401,1.643482379,22,12
20/10/1990,10.80082,NA,NA,NA,NA,NA,NA,NA,NA,NA,NA,NA,NA,NA,NA,NA,NA,NA,NA,NA,NA,NA,0,13.3,7.7,106.1497366,1.852662404,25,11
21/10/1990,10.80356,NA,NA,NA,NA,NA,NA,NA,NA,NA,NA,NA,NA,NA,NA,NA,NA,NA,NA,NA,NA,NA,0,14.4,10.6,116.7246472,2.037229412,15,6.125
22/10/1990,10.80630,NA,NA,NA,NA,NA,NA,NA,NA,NA,NA,NA,NA,NA,NA,NA,NA,NA,NA,NA,NA,NA,0,12,5.4,160.8450853,2.807276323,NA,4.708333333
23/10/1990,10.80903,NA,NA,NA,NA,NA,NA,NA,NA,NA,NA,NA,NA,NA,NA,NA,NA,NA,NA,NA,NA,NA,0,13,5.4,68.76663333,1.200204167,15,4.958333333
24/10/1990,10.81177,NA,NA,NA,NA,NA,NA,NA,NA,NA,NA,NA,NA,NA,NA,NA,NA,NA,NA,NA,NA,NA,0,14.5,4.9,101.7635401,1.776108834,27,8.958333333
25/10/1990,10.81451,NA,NA,NA,NA,NA,NA,NA,NA,NA,NA,NA,NA,NA,NA,NA,NA,NA,NA,NA,NA,NA,0.7,13.2,10.1,137.8230951,2.405466794,31,13.375
26/10/1990,10.81725,NA,NA,NA,NA,NA,NA,NA,NA,NA,NA,NA,NA,NA,NA,NA,NA,NA,NA,NA,NA,NA,0,13.1,9.1,87.40362903,1.525481105,31,11.91666667
27/10/1990,10.81999,NA,NA,NA,NA,NA,NA,NA,NA,NA,NA,NA,NA,NA,NA,NA,NA,NA,NA,NA,NA,NA,10.1,11.1,7.8,171.8787988,2.999850954,40,12.29166667
28/10/1990,10.82272,NA,NA,NA,NA,NA,NA,NA,NA,NA,NA,NA,NA,NA,NA,NA,NA,NA,NA,NA,NA,NA,3.7,8,3.5,-58.29232163,-1.017392941,40,11.33333333
29/10/1990,10.82546,NA,NA,NA,NA,NA,NA,NA,NA,NA,NA,NA,NA,NA,NA,NA,NA,NA,NA,NA,NA,NA,3.2,7.8,3,-138.3009078,-2.4138062,37,12.79166667
30/10/1990,10.82820,NA,NA,NA,NA,NA,NA,NA,NA,NA,NA,NA,NA,NA,NA,NA,NA,NA,NA,NA,NA,NA,1.9,9,3.2,52.68000174,0.91943948,18,7.25
31/10/1990,10.83094,NA,NA,NA,NA,NA,NA,NA,NA,NA,NA,NA,NA,NA,NA,NA,NA,NA,NA,NA,NA,NA,5.4,10.6,6,-27.43122894,-0.478765263,21,9.208333333
01/11/1990,10.83368,NA,NA,NA,NA,NA,NA,NA,NA,NA,NA,NA,NA,NA,NA,NA,NA,NA,NA,NA,NA,NA,5.6,8.7,6.4,-22.92341996,-0.400089154,34,12.70833333
02/11/1990,10.83641,NA,NA,NA,NA,NA,NA,NA,NA,NA,NA,NA,NA,NA,NA,NA,NA,NA,NA,NA,NA,NA,4.6,7.6,3.4,-17.93376761,-0.313003292,28,13.79166667
03/11/1990,10.83915,NA,NA,NA,NA,NA,NA,NA,NA,NA,NA,NA,NA,NA,NA,NA,NA,NA,NA,NA,NA,NA,1,7.1,4,-12.93603048,-0.225776324,31,12
04/11/1990,10.84189,NA,NA,NA,NA,NA,NA,NA,NA,NA,NA,NA,NA,NA,NA,NA,NA,NA,NA,NA,NA,NA,0.2,7.7,1.7,-21.16165219,-0.369340506,18,8.125
05/11/1990,10.84463,NA,NA,NA,NA,NA,NA,NA,NA,NA,NA,NA,NA,NA,NA,NA,NA,NA,NA,NA,NA,NA,0,8.4,6.3,-21.26165287,-0.371085847,15,5.75
06/11/1990,10.84736,NA,NA,NA,NA,NA,NA,NA,NA,NA,NA,NA,NA,NA,NA,NA,NA,NA,NA,NA,NA,NA,0.9,7.9,5.4,-92.68368061,-1.61763539,10,2.583333333
07/11/1990,10.85010,NA,NA,NA,NA,NA,NA,NA,NA,NA,NA,NA,NA,NA,NA,NA,NA,NA,NA,NA,NA,NA,0,7.5,5.6,140,2.443460953,14,4.833333333
08/11/1990,10.85284,NA,NA,NA,NA,NA,NA,NA,NA,NA,NA,NA,NA,NA,NA,NA,NA,NA,NA,NA,NA,NA,0,9.8,1.7,116.8660703,2.039697711,13,3.5
09/11/1990,10.85558,NA,NA,NA,NA,NA,NA,NA,NA,NA,NA,NA,NA,NA,NA,NA,NA,NA,NA,NA,NA,NA,0,8.5,0.2,-55.60531518,-0.970495832,5,2.166666667
10/11/1990,10.85832,NA,NA,NA,NA,NA,NA,NA,NA,NA,NA,NA,NA,NA,NA,NA,NA,NA,NA,NA,NA,NA,1.1,9.2,1.6,38.51323086,0.672182684,10,2.416666667
11/11/1990,10.86105,NA,NA,NA,NA,NA,NA,NA,NA,NA,NA,NA,NA,NA,NA,NA,NA,NA,NA,NA,NA,NA,0.1,9.8,7,44.24226091,0.772173121,NA,1.791666667
12/11/1990,10.86379,NA,NA,NA,NA,NA,NA,NA,NA,NA,NA,NA,NA,NA,NA,NA,NA,NA,NA,NA,NA,NA,3.5,12.1,8.5,130.1704283,2.271902563,17,5.833333333
13/11/1990,10.86653,NA,NA,NA,NA,NA,NA,NA,NA,NA,NA,NA,NA,NA,NA,NA,NA,NA,NA,NA,NA,NA,4,12.8,10.4,-177.0051381,-3.089322453,22,9.958333333
14/11/1990,10.86927,NA,NA,NA,NA,NA,NA,NA,NA,NA,NA,NA,NA,NA,NA,NA,NA,NA,NA,NA,NA,NA,1.1,10.4,5.4,-131.6480922,-2.297692663,19,5.791666667
15/11/1990,10.87201,NA,NA,NA,NA,NA,NA,NA,NA,NA,NA,NA,NA,NA,NA,NA,NA,NA,NA,NA,NA,NA,1.2,12.5,6,-129.598191,-2.261915138,44,16.91666667
16/11/1990,10.87474,NA,NA,NA,NA,NA,NA,NA,NA,NA,NA,NA,NA,NA,NA,NA,NA,NA,NA,NA,NA,NA,6.3,10.2,5.9,-110.7049852,-1.932166489,49,16.66666667
17/11/1990,10.87748,NA,NA,NA,NA,NA,NA,NA,NA,NA,NA,NA,NA,NA,NA,NA,NA,NA,NA,NA,NA,NA,3.6,8.1,4.4,-111.6161836,-1.948069903,35,10.79166667
18/11/1990,10.88022,NA,NA,NA,NA,NA,NA,NA,NA,NA,NA,NA,NA,NA,NA,NA,NA,NA,NA,NA,NA,NA,16.1,7,4.1,-82.63628571,-1.442275267,36,12.29166667
19/11/1990,10.88296,NA,NA,NA,NA,NA,NA,NA,NA,NA,NA,NA,NA,NA,NA,NA,NA,NA,NA,NA,NA,NA,4.8,6.4,2.6,-86.32028536,-1.506573191,22,8.083333333
20/11/1990,10.88569,NA,NA,NA,NA,NA,NA,NA,NA,NA,NA,NA,NA,NA,NA,NA,NA,NA,NA,NA,NA,NA,12.7,7.2,3,-22.46905301,-0.392158955,40,12.75
21/11/1990,10.88843,NA,NA,NA,NA,NA,NA,NA,NA,NA,NA,NA,NA,NA,NA,NA,NA,NA,NA,NA,NA,NA,0.4,6.8,1.2,-11.16096587,-0.194795602,28,9.625
22/11/1990,10.89117,NA,NA,NA,NA,NA,NA,NA,NA,NA,NA,NA,NA,NA,NA,NA,NA,NA,NA,NA,NA,NA,0.7,7.4,-0.3,-131.0356181,-2.287002973,46,12.33333333
23/11/1990,10.89391,NA,NA,NA,NA,NA,NA,NA,NA,NA,NA,NA,NA,NA,NA,NA,NA,NA,NA,NA,NA,NA,7.4,8.3,5.1,170.8545498,2.981974436,51,25.29166667
24/11/1990,10.89665,NA,NA,NA,NA,NA,NA,NA,NA,NA,NA,NA,NA,NA,NA,NA,NA,NA,NA,NA,NA,NA,4.4,7.1,3.5,72.06551978,1.257780597,35,14.79166667
25/11/1990,10.89938,NA,NA,NA,NA,NA,NA,NA,NA,NA,NA,NA,NA,NA,NA,NA,NA,NA,NA,NA,NA,NA,1.8,8.5,5.1,36.38431065,0.635026017,31,14.125
26/11/1990,10.90212,NA,NA,NA,NA,NA,NA,NA,NA,NA,NA,NA,NA,NA,NA,NA,NA,NA,NA,NA,NA,NA,0.8,8.2,1.8,-32.08079713,-0.559915537,21,5.583333333
27/11/1990,10.90486,NA,NA,NA,NA,NA,NA,NA,NA,NA,NA,NA,NA,NA,NA,NA,NA,NA,NA,NA,NA,NA,0.1,8.4,1.5,-127.2509993,-2.220948914,13,5.291666667
28/11/1990,10.90760,NA,NA,NA,NA,NA,NA,NA,NA,NA,NA,NA,NA,NA,NA,NA,NA,NA,NA,NA,NA,NA,1,8.2,4.5,-135.5458057,-2.365720597,22,5.625
29/11/1990,10.91034,NA,NA,NA,NA,NA,NA,NA,NA,NA,NA,NA,NA,NA,NA,NA,NA,NA,NA,NA,NA,NA,0,9.3,5.9,-48.78674541,-0.851489339,13,4.333333333
30/11/1990,10.91307,NA,NA,NA,NA,NA,NA,NA,NA,NA,NA,NA,NA,NA,NA,NA,NA,NA,NA,NA,NA,NA,0.2,7.8,5.6,-96.21577733,-1.679282107,9,2.375
01/12/1990,10.91581,NA,NA,NA,NA,NA,NA,NA,NA,NA,NA,NA,NA,NA,NA,NA,NA,NA,NA,NA,NA,NA,0.4,9.9,5.2,-137.0685214,-2.392297,20,7.333333333
02/12/1990,10.91855,NA,NA,NA,NA,NA,NA,NA,NA,NA,NA,NA,NA,NA,NA,NA,NA,NA,NA,NA,NA,NA,0.9,11.3,8.5,-121.7166186,-2.124355748,43,19.66666667
03/12/1990,10.92129,NA,NA,NA,NA,NA,NA,NA,NA,NA,NA,NA,NA,NA,NA,NA,NA,NA,NA,NA,NA,NA,5.4,10.1,5.9,-77.07813403,-1.34526722,31,11.91666667
04/12/1990,10.92402,NA,NA,NA,NA,NA,NA,NA,NA,NA,NA,NA,NA,NA,NA,NA,NA,NA,NA,NA,NA,NA,0.5,8.9,4.4,-73.19186828,-1.277439087,20,7.25
05/12/1990,10.92676,NA,NA,NA,NA,NA,NA,NA,NA,NA,NA,NA,NA,NA,NA,NA,NA,NA,NA,NA,NA,NA,0.2,8.2,5.7,-134.601431,-2.349238148,28,13.25
06/12/1990,10.92950,NA,NA,NA,NA,NA,NA,NA,NA,NA,NA,NA,NA,NA,NA,NA,NA,NA,NA,NA,NA,NA,14.3,9.1,1.7,-111.8862851,-1.952784063,37,17.29166667
07/12/1990,10.93224,NA,NA,NA,NA,NA,NA,NA,NA,NA,NA,NA,NA,NA,NA,NA,NA,NA,NA,NA,NA,NA,6.3,4.2,-1.2,-1.188134434,-0.020736858,40,21.29166667
08/12/1990,10.93498,NA,NA,NA,NA,NA,NA,NA,NA,NA,NA,NA,NA,NA,NA,NA,NA,NA,NA,NA,NA,NA,3.3,3.8,-2.5,19.98717794,0.348842063,49,26.33333333
09/12/1990,10.93771,NA,NA,NA,NA,NA,NA,NA,NA,NA,NA,NA,NA,NA,NA,NA,NA,NA,NA,NA,NA,NA,0.2,6.6,-0.9,37.39988919,0.652751206,39,13.20833333
10/12/1990,10.94045,NA,NA,NA,NA,NA,NA,NA,NA,NA,NA,NA,NA,NA,NA,NA,NA,NA,NA,NA,NA,NA,0.7,4.5,-1.6,-114.6964219,-2.001830203,13,6.041666667
11/12/1990,10.94319,NA,NA,NA,NA,NA,NA,NA,NA,NA,NA,NA,NA,NA,NA,NA,NA,NA,NA,NA,NA,NA,8.3,10,1.4,-97.06286676,-1.694066606,51,23.54166667
12/12/1990,10.94593,NA,NA,NA,NA,NA,NA,NA,NA,NA,NA,NA,NA,NA,NA,NA,NA,NA,NA,NA,NA,NA,0.1,4.7,1.4,-29.42035548,-0.51348207,40,12.20833333
13/12/1990,10.94867,NA,NA,NA,NA,NA,NA,NA,NA,NA,NA,NA,NA,NA,NA,NA,NA,NA,NA,NA,NA,NA,0.3,9.3,-0.7,-151.0891857,-2.637003755,26,11
14/12/1990,10.95140,NA,NA,NA,NA,NA,NA,NA,NA,NA,NA,NA,NA,NA,NA,NA,NA,NA,NA,NA,NA,NA,0,9.3,7.1,-157.0803007,-2.741568436,19,8.958333333
15/12/1990,10.95414,NA,NA,NA,NA,NA,NA,NA,NA,NA,NA,NA,NA,NA,NA,NA,NA,NA,NA,NA,NA,NA,0,8.2,3.4,-148.217665,-2.586886264,18,5.333333333
16/12/1990,10.95688,NA,NA,NA,NA,NA,NA,NA,NA,NA,NA,NA,NA,NA,NA,NA,NA,NA,NA,NA,NA,NA,0,7.3,0.9,-127.1282056,-2.21880576,10,2.916666667
17/12/1990,10.95962,NA,NA,NA,NA,NA,NA,NA,NA,NA,NA,NA,NA,NA,NA,NA,NA,NA,NA,NA,NA,NA,0.7,8.7,4.9,-165.835396,-2.894373676,30,14.75
18/12/1990,10.96235,NA,NA,NA,NA,NA,NA,NA,NA,NA,NA,NA,NA,NA,NA,NA,NA,NA,NA,NA,NA,NA,1.3,6.9,1.8,-141.8934235,-2.476507428,33,13.54166667
19/12/1990,10.96509,NA,NA,NA,NA,NA,NA,NA,NA,NA,NA,NA,NA,NA,NA,NA,NA,NA,NA,NA,NA,NA,2.1,4.5,2.1,-95.05529971,-1.659027951,47,9.416666667
20/12/1990,10.96783,NA,NA,NA,NA,NA,NA,NA,NA,NA,NA,NA,NA,NA,NA,NA,NA,NA,NA,NA,NA,NA,10.6,8.5,3.5,-120.3628432,-2.100727911,36,10.875
21/12/1990,10.97057,NA,NA,NA,NA,NA,NA,NA,NA,NA,NA,NA,NA,NA,NA,NA,NA,NA,NA,NA,NA,NA,3.7,9.9,3.1,-169.3112075,-2.955038032,40,12.70833333
22/12/1990,10.97331,NA,NA,NA,NA,NA,NA,NA,NA,NA,NA,NA,NA,NA,NA,NA,NA,NA,NA,NA,NA,NA,6,11.6,4.1,-136.892299,-2.389221338,42,15.45833333
23/12/1990,10.97604,NA,NA,NA,NA,NA,NA,NA,NA,NA,NA,NA,NA,NA,NA,NA,NA,NA,NA,NA,NA,NA,11.9,7.7,2.4,-165.3792618,-2.886412633,56,15.58333333
24/12/1990,10.97878,NA,NA,NA,NA,NA,NA,NA,NA,NA,NA,NA,NA,NA,NA,NA,NA,NA,NA,NA,NA,NA,3.3,5.6,0.9,-159.9743884,-2.792079796,55,19.875
25/12/1990,10.98152,NA,NA,NA,NA,NA,NA,NA,NA,NA,NA,NA,NA,NA,NA,NA,NA,NA,NA,NA,NA,NA,13.4,7.1,2.3,-151.4075277,-2.64255987,61,25.33333333
26/12/1990,10.98426,NA,NA,NA,NA,NA,NA,NA,NA,NA,NA,NA,NA,NA,NA,NA,NA,NA,NA,NA,NA,NA,7.9,5.3,2.1,-109.3840109,-1.909111139,43,15.375
27/12/1990,10.98700,NA,NA,NA,NA,NA,NA,NA,NA,NA,NA,NA,NA,NA,NA,NA,NA,NA,NA,NA,NA,NA,7.2,4,-0.3,-93.30374209,-1.628457504,54,21.375
28/12/1990,10.98973,NA,NA,NA,NA,NA,NA,NA,NA,NA,NA,NA,NA,NA,NA,NA,NA,NA,NA,NA,NA,NA,12,8,0.9,-138.8609481,-2.423580747,53,17.20833333
29/12/1990,10.99247,NA,NA,NA,NA,NA,NA,NA,NA,NA,NA,NA,NA,NA,NA,NA,NA,NA,NA,NA,NA,NA,2.6,2.9,-1.7,-143.7367906,-2.508680252,33,8.791666667
30/12/1990,10.99521,NA,NA,NA,NA,NA,NA,NA,NA,NA,NA,NA,NA,NA,NA,NA,NA,NA,NA,NA,NA,NA,5.7,4.2,0.3,-148.465147,-2.59120564,33,12.41666667
31/12/1990,10.99795,NA,NA,NA,NA,NA,NA,NA,NA,NA,NA,NA,NA,NA,NA,NA,NA,NA,NA,NA,NA,NA,4,5.1,1.6,-146.7800432,-2.56179503,29,10.95833333
01/01/1991,11.00068,NA,NA,NA,NA,NA,NA,NA,NA,NA,NA,NA,NA,NA,NA,NA,NA,NA,NA,NA,NA,NA,25.7,9.8,1,-171.8407635,-2.999187112,48,20.83333333
02/01/1991,11.00342,NA,NA,NA,NA,NA,NA,NA,NA,NA,NA,NA,NA,NA,NA,NA,NA,NA,NA,NA,NA,NA,3.4,9.1,1.9,-124.1059323,-2.166057139,48,18.91666667
03/01/1991,11.00616,NA,NA,NA,NA,NA,NA,NA,NA,NA,NA,NA,NA,NA,NA,NA,NA,NA,NA,NA,NA,NA,8.2,5.2,0.8,-142.5433585,-2.487850932,48,20.625
04/01/1991,11.00890,NA,NA,NA,NA,NA,NA,NA,NA,NA,NA,NA,NA,NA,NA,NA,NA,NA,NA,NA,NA,NA,9.5,7.1,1.6,-128.1513337,-2.236662715,43,17.33333333
05/01/1991,11.01164,NA,NA,NA,NA,NA,NA,NA,NA,NA,NA,NA,NA,NA,NA,NA,NA,NA,NA,NA,NA,NA,6.4,6.3,3.5,133.2841195,2.326246725,37,15.25
06/01/1991,11.01437,NA,NA,NA,NA,NA,NA,NA,NA,NA,NA,NA,NA,NA,NA,NA,NA,NA,NA,NA,NA,NA,5,6.4,1.6,-77.73420033,-1.356717737,31,10.91666667
07/01/1991,11.01711,NA,NA,NA,NA,NA,NA,NA,NA,NA,NA,NA,NA,NA,NA,NA,NA,NA,NA,NA,NA,NA,0,3.9,-1.1,-120.0174241,-2.094699211,18,5.5
08/01/1991,11.01985,NA,NA,NA,NA,NA,NA,NA,NA,NA,NA,NA,NA,NA,NA,NA,NA,NA,NA,NA,NA,NA,0.9,3.5,-0.3,-150.0783328,-2.619361043,30,10.41666667
09/01/1991,11.02259,NA,NA,NA,NA,NA,NA,NA,NA,NA,NA,NA,NA,NA,NA,NA,NA,NA,NA,NA,NA,NA,6.1,3.8,-1,-174.6666836,-3.048508723,34,13.58333333
10/01/1991,11.02533,NA,NA,NA,NA,NA,NA,NA,NA,NA,NA,NA,NA,NA,NA,NA,NA,NA,NA,NA,NA,NA,8.1,4.8,0.4,-153.0686513,-2.671551948,37,11.66666667
11/01/1991,11.02806,NA,NA,NA,NA,NA,NA,NA,NA,NA,NA,NA,NA,NA,NA,NA,NA,NA,NA,NA,NA,NA,0.6,5,-0.3,-44.88164868,-0.783332543,22,7.291666667
12/01/1991,11.03080,NA,NA,NA,NA,NA,NA,NA,NA,NA,NA,NA,NA,NA,NA,NA,NA,NA,NA,NA,NA,NA,1.6,3.4,-0.5,-87.01028286,-1.518615919,20,5.875
13/01/1991,11.03354,NA,NA,NA,NA,NA,NA,NA,NA,NA,NA,NA,NA,NA,NA,NA,NA,NA,NA,NA,NA,NA,0,5.5,-0.4,-172.1340268,-3.004305523,49,16.25
14/01/1991,11.03628,NA,NA,NA,NA,NA,NA,NA,NA,NA,NA,NA,NA,NA,NA,NA,NA,NA,NA,NA,NA,NA,0,6,4.6,-176.252983,-3.07619487,47,27.66666667
15/01/1991,11.03901,NA,NA,NA,NA,NA,NA,NA,NA,NA,NA,NA,NA,NA,NA,NA,NA,NA,NA,NA,NA,NA,0,6.6,3,179.5665723,3.134027913,38,18.875
16/01/1991,11.04175,NA,NA,NA,NA,NA,NA,NA,NA,NA,NA,NA,NA,NA,NA,NA,NA,NA,NA,NA,NA,NA,0,6.9,3.4,-176.6620582,-3.083334579,49,25.33333333
17/01/1991,11.04449,NA,NA,NA,NA,NA,NA,NA,NA,NA,NA,NA,NA,NA,NA,NA,NA,NA,NA,NA,NA,NA,0.1,8,1.4,-176.5276843,-3.080989312,46,17
18/01/1991,11.04723,NA,NA,NA,NA,NA,NA,NA,NA,NA,NA,NA,NA,NA,NA,NA,NA,NA,NA,NA,NA,NA,2.9,9.4,4.2,178.0919369,3.108290671,56,19.375
19/01/1991,11.04997,NA,NA,NA,NA,NA,NA,NA,NA,NA,NA,NA,NA,NA,NA,NA,NA,NA,NA,NA,NA,NA,7.1,10,1.5,-152.5143793,-2.661878076,51,21.83333333
20/01/1991,11.05270,NA,NA,NA,NA,NA,NA,NA,NA,NA,NA,NA,NA,NA,NA,NA,NA,NA,NA,NA,NA,NA,9.4,10.4,6.1,-108.6269616,-1.895898136,40,17.45833333
21/01/1991,11.05544,NA,NA,NA,NA,NA,NA,NA,NA,NA,NA,NA,NA,NA,NA,NA,NA,NA,NA,NA,NA,NA,0,8.1,-0.2,-120.1550234,-2.097100771,26,7.75
22/01/1991,11.05818,NA,NA,NA,NA,NA,NA,NA,NA,NA,NA,NA,NA,NA,NA,NA,NA,NA,NA,NA,NA,NA,0.1,8.4,6.4,-153.7756334,-2.683891111,28,11.25
23/01/1991,11.06092,NA,NA,NA,NA,NA,NA,NA,NA,NA,NA,NA,NA,NA,NA,NA,NA,NA,NA,NA,NA,NA,1,9.1,4.1,-134.6106211,-2.349398546,23,7.416666667
24/01/1991,11.06366,NA,NA,NA,NA,NA,NA,NA,NA,NA,NA,NA,NA,NA,NA,NA,NA,NA,NA,NA,NA,NA,0.1,7.3,2.5,-146.0069215,-2.548301511,NA,7.083333333
25/01/1991,11.06639,NA,NA,NA,NA,NA,NA,NA,NA,NA,NA,NA,NA,NA,NA,NA,NA,NA,NA,NA,NA,NA,0,7.2,5.5,-167.5047687,-2.923509727,34,16.83333333
26/01/1991,11.06913,NA,NA,NA,NA,NA,NA,NA,NA,NA,NA,NA,NA,NA,NA,NA,NA,NA,NA,NA,NA,NA,2.6,7.5,3.7,-146.3614515,-2.554489227,NA,7.416666667
27/01/1991,11.07187,NA,NA,NA,NA,NA,NA,NA,NA,NA,NA,NA,NA,NA,NA,NA,NA,NA,NA,NA,NA,NA,0,7.8,4.5,-172.0890449,-3.00352044,24,11.91666667
28/01/1991,11.07461,NA,NA,NA,NA,NA,NA,NA,NA,NA,NA,NA,NA,NA,NA,NA,NA,NA,NA,NA,NA,NA,0,5.6,2.8,174.1560576,3.039596618,38,19.75
29/01/1991,11.07734,NA,NA,NA,NA,NA,NA,NA,NA,NA,NA,NA,NA,NA,NA,NA,NA,NA,NA,NA,NA,NA,8.9,6.4,3.5,-140.1232902,-2.445612774,43,9.208333333
30/01/1991,11.08008,NA,NA,NA,NA,NA,NA,NA,NA,NA,NA,NA,NA,NA,NA,NA,NA,NA,NA,NA,NA,NA,2.2,5.5,0,-51.68792561,-0.902124486,27,7.791666667
31/01/1991,11.08282,NA,NA,NA,NA,NA,NA,NA,NA,NA,NA,NA,NA,NA,NA,NA,NA,NA,NA,NA,NA,NA,0,5.5,0,-173.0787938,-3.020794818,22,10.20833333
01/02/1991,11.08556,NA,NA,NA,NA,NA,NA,NA,NA,NA,NA,NA,NA,NA,NA,NA,NA,NA,NA,NA,NA,NA,0,4.3,1.1,174.3553326,3.043074623,21,7.125
02/02/1991,11.08830,NA,NA,NA,NA,NA,NA,NA,NA,NA,NA,NA,NA,NA,NA,NA,NA,NA,NA,NA,NA,NA,0,5.6,-0.3,-173.1058323,-3.021266727,26,12.54166667
03/02/1991,11.09103,NA,NA,NA,NA,NA,NA,NA,NA,NA,NA,NA,NA,NA,NA,NA,NA,NA,NA,NA,NA,NA,1.8,5.4,3,171.6640719,2.996103262,NA,24.375
04/02/1991,11.09377,NA,NA,NA,NA,NA,NA,NA,NA,NA,NA,NA,NA,NA,NA,NA,NA,NA,NA,NA,NA,NA,8.6,5.3,0.7,-172.1497193,-3.004579407,NA,10.75
05/02/1991,11.09651,NA,NA,NA,NA,NA,NA,NA,NA,NA,NA,NA,NA,NA,NA,NA,NA,NA,NA,NA,NA,NA,0,3.6,1.4,167.8865564,2.930173179,21,8.583333333
06/02/1991,11.09925,NA,NA,NA,NA,NA,NA,NA,NA,NA,NA,NA,NA,NA,NA,NA,NA,NA,NA,NA,NA,NA,0,4.3,0.4,137.8885005,2.406608335,27,9.916666667
07/02/1991,11.10198,NA,NA,NA,NA,NA,NA,NA,NA,NA,NA,NA,NA,NA,NA,NA,NA,NA,NA,NA,NA,NA,0.1,3.1,-0.3,108.9546159,1.901616783,25,10.83333333
08/02/1991,11.10472,NA,NA,NA,NA,NA,NA,NA,NA,NA,NA,NA,NA,NA,NA,NA,NA,NA,NA,NA,NA,NA,0,3.5,0.2,82.08638392,1.43267767,NA,12.54166667
09/02/1991,11.10746,NA,NA,NA,NA,NA,NA,NA,NA,NA,NA,NA,NA,NA,NA,NA,NA,NA,NA,NA,NA,NA,0,4.5,-2.9,76.61121706,1.337117982,20,8.291666667
10/02/1991,11.11020,NA,NA,NA,NA,NA,NA,NA,NA,NA,NA,NA,NA,NA,NA,NA,NA,NA,NA,NA,NA,NA,0.3,4.6,-3.3,-74.49001689,-1.300096055,23,4.25
11/02/1991,11.11294,NA,NA,NA,NA,NA,NA,NA,NA,NA,NA,NA,NA,NA,NA,NA,NA,NA,NA,NA,NA,NA,3.1,4.4,-1,-88.29931322,-1.541113743,NA,4.833333333
12/02/1991,11.11567,NA,NA,NA,NA,NA,NA,NA,NA,NA,NA,NA,NA,NA,NA,NA,NA,NA,NA,NA,NA,NA,0.1,5.4,-1.4,-46.08691457,-0.804368401,9,2.041666667
13/02/1991,11.11841,NA,NA,NA,NA,NA,NA,NA,NA,NA,NA,NA,NA,NA,NA,NA,NA,NA,NA,NA,NA,NA,0,6.5,-2.4,-129.8608596,-2.26649957,13,4
14/02/1991,11.12115,NA,NA,NA,NA,NA,NA,NA,NA,NA,NA,NA,NA,NA,NA,NA,NA,NA,NA,NA,NA,NA,6,5.8,0.5,-173.7453386,-3.032428218,29,14.91666667
15/02/1991,11.12389,NA,NA,NA,NA,NA,NA,NA,NA,NA,NA,NA,NA,NA,NA,NA,NA,NA,NA,NA,NA,NA,0.5,6.6,2.4,41.24863823,0.719924549,19,9.125
16/02/1991,11.12663,NA,NA,NA,NA,NA,NA,NA,NA,NA,NA,NA,NA,NA,NA,NA,NA,NA,NA,NA,NA,NA,0.3,5.4,1.7,16.62706383,0.290197009,16,5.833333333
17/02/1991,11.12936,NA,NA,NA,NA,NA,NA,NA,NA,NA,NA,NA,NA,NA,NA,NA,NA,NA,NA,NA,NA,NA,0,4.9,1.8,-101.4242964,-1.770187914,10,3.208333333
18/02/1991,11.13210,NA,NA,NA,NA,NA,NA,NA,NA,NA,NA,NA,NA,NA,NA,NA,NA,NA,NA,NA,NA,NA,0.3,6,-1.8,-115.0283567,-2.007623558,38,9.458333333
19/02/1991,11.13484,NA,NA,NA,NA,NA,NA,NA,NA,NA,NA,NA,NA,NA,NA,NA,NA,NA,NA,NA,NA,NA,3.4,8.7,5.4,-138.9123092,-2.424477167,39,20.70833333
20/02/1991,11.13758,NA,NA,NA,NA,NA,NA,NA,NA,NA,NA,NA,NA,NA,NA,NA,NA,NA,NA,NA,NA,NA,3.8,6.8,1,-152.1010403,-2.654663949,30,9.708333333
21/02/1991,11.14031,NA,NA,NA,NA,NA,NA,NA,NA,NA,NA,NA,NA,NA,NA,NA,NA,NA,NA,NA,NA,NA,1.9,6.6,1.6,-152.5123548,-2.661842741,24,9.416666667
22/02/1991,11.14305,NA,NA,NA,NA,NA,NA,NA,NA,NA,NA,NA,NA,NA,NA,NA,NA,NA,NA,NA,NA,NA,4.1,5.8,-0.9,-146.8504203,-2.563023342,23,8.041666667
23/02/1991,11.14579,NA,NA,NA,NA,NA,NA,NA,NA,NA,NA,NA,NA,NA,NA,NA,NA,NA,NA,NA,NA,NA,1.5,10,3.8,-144.6004036,-2.523753143,33,15.83333333
24/02/1991,11.14853,NA,NA,NA,NA,NA,NA,NA,NA,NA,NA,NA,NA,NA,NA,NA,NA,NA,NA,NA,NA,NA,1.1,9.1,3.3,-128.774993,-2.247547622,35,14.625
25/02/1991,11.15127,NA,NA,NA,NA,NA,NA,NA,NA,NA,NA,NA,NA,NA,NA,NA,NA,NA,NA,NA,NA,NA,0.1,7.3,2,-173.5782685,-3.029512295,29,12.25
26/02/1991,11.15400,NA,NA,NA,NA,NA,NA,NA,NA,NA,NA,NA,NA,NA,NA,NA,NA,NA,NA,NA,NA,NA,10.8,8.4,5.8,161.0798104,2.81137305,27,11.375
27/02/1991,11.15674,NA,NA,NA,NA,NA,NA,NA,NA,NA,NA,NA,NA,NA,NA,NA,NA,NA,NA,NA,NA,NA,0,8,5.1,145.2269767,2.534688906,22,12.04166667
28/02/1991,11.15948,NA,NA,NA,NA,NA,NA,NA,NA,NA,NA,NA,NA,NA,NA,NA,NA,NA,NA,NA,NA,NA,4.7,8.6,3.2,-138.2534239,-2.412977448,17,5.875
01/03/1991,11.16222,NA,NA,NA,NA,NA,NA,NA,NA,NA,NA,NA,NA,NA,NA,NA,NA,NA,NA,NA,NA,NA,0.5,7.5,0.4,-133.5876649,-2.331544593,NA,4.291666667
02/03/1991,11.16496,NA,NA,NA,NA,NA,NA,NA,NA,NA,NA,NA,NA,NA,NA,NA,NA,NA,NA,NA,NA,NA,0,6.1,2.9,138.9879827,2.425797919,21,10.83333333
03/03/1991,11.16769,NA,NA,NA,NA,NA,NA,NA,NA,NA,NA,NA,NA,NA,NA,NA,NA,NA,NA,NA,NA,NA,2.7,7.8,2.9,-155.8983478,-2.720939467,32,12.875
04/03/1991,11.17043,NA,NA,NA,NA,NA,NA,NA,NA,NA,NA,NA,NA,NA,NA,NA,NA,NA,NA,NA,NA,NA,10.9,6.2,2,150.7417538,2.630939924,35,12.125
05/03/1991,11.17317,NA,NA,NA,NA,NA,NA,NA,NA,NA,NA,NA,NA,NA,NA,NA,NA,NA,NA,NA,NA,NA,3.3,9.1,4.1,161.7396326,2.82288912,25,11.45833333
06/03/1991,11.17591,NA,NA,NA,NA,NA,NA,NA,NA,NA,NA,NA,NA,NA,NA,NA,NA,NA,NA,NA,NA,NA,0,9.6,4.3,156.3486885,2.728799395,15,4.25
07/03/1991,11.17864,NA,NA,NA,NA,NA,NA,NA,NA,NA,NA,NA,NA,NA,NA,NA,NA,NA,NA,NA,NA,NA,0,7.7,3.5,40.34959063,0.704233208,17,6.708333333
08/03/1991,11.18138,NA,NA,NA,NA,NA,NA,NA,NA,NA,NA,NA,NA,NA,NA,NA,NA,NA,NA,NA,NA,NA,3.9,7,5.8,30.77918387,0.5371981,21,10
09/03/1991,11.18412,NA,NA,NA,NA,NA,NA,NA,NA,NA,NA,NA,NA,NA,NA,NA,NA,NA,NA,NA,NA,NA,0.4,10.1,4.6,72.6726691,1.268377352,17,3.5
10/03/1991,11.18686,NA,NA,NA,NA,NA,NA,NA,NA,NA,NA,NA,NA,NA,NA,NA,NA,NA,NA,NA,NA,NA,0.2,8.7,4.9,-161.7946139,-2.823848725,9,2.5
11/03/1991,11.18960,NA,NA,NA,NA,NA,NA,NA,NA,NA,NA,NA,NA,NA,NA,NA,NA,NA,NA,NA,NA,NA,0,10,5.8,148.0057689,2.58318798,13,3.875
12/03/1991,11.19233,NA,NA,NA,NA,NA,NA,NA,NA,NA,NA,NA,NA,NA,NA,NA,NA,NA,NA,NA,NA,NA,6.2,9.6,7,112.9394717,1.971165637,13,3.166666667
13/03/1991,11.19507,NA,NA,NA,NA,NA,NA,NA,NA,NA,NA,NA,NA,NA,NA,NA,NA,NA,NA,NA,NA,NA,2.3,10.5,7.6,-168.4839262,-2.940599249,18,7.291666667
14/03/1991,11.19781,NA,NA,NA,NA,NA,NA,NA,NA,NA,NA,NA,NA,NA,NA,NA,NA,NA,NA,NA,NA,NA,3,9.6,4,-161.7112978,-2.822394585,16,5.458333333
15/03/1991,11.20055,NA,NA,NA,NA,NA,NA,NA,NA,NA,NA,NA,NA,NA,NA,NA,NA,NA,NA,NA,NA,NA,1.7,8.2,4.9,125.5209867,2.190754498,23,8
16/03/1991,11.20329,NA,NA,NA,NA,NA,NA,NA,NA,NA,NA,NA,NA,NA,NA,NA,NA,NA,NA,NA,NA,NA,1.5,10.4,6.2,176.4318638,3.079316929,27,7.916666667
17/03/1991,11.20602,NA,NA,NA,NA,NA,NA,NA,NA,NA,NA,NA,NA,NA,NA,NA,NA,NA,NA,NA,NA,NA,2.2,9.8,5.5,-54.97707459,-0.959530965,18,5.875
18/03/1991,11.20876,NA,NA,NA,NA,NA,NA,NA,NA,NA,NA,NA,NA,NA,NA,NA,NA,NA,NA,NA,NA,NA,5.1,8.1,3.8,175.5138022,3.063293732,35,11.45833333
19/03/1991,11.21150,NA,NA,NA,NA,NA,NA,NA,NA,NA,NA,NA,NA,NA,NA,NA,NA,NA,NA,NA,NA,NA,7.7,11.2,4.9,-129.5710585,-2.261441586,40,12.41666667
20/03/1991,11.21424,NA,NA,NA,NA,NA,NA,NA,NA,NA,NA,NA,NA,NA,NA,NA,NA,NA,NA,NA,NA,NA,0.6,8.6,3.3,-104.7371291,-1.828007753,16,5.375
21/03/1991,11.21697,NA,NA,NA,NA,NA,NA,NA,NA,NA,NA,NA,NA,NA,NA,NA,NA,NA,NA,NA,NA,NA,1.3,8.4,2.2,-51.73161564,-0.90288702,29,10.5
22/03/1991,11.21971,NA,NA,NA,NA,NA,NA,NA,NA,NA,NA,NA,NA,NA,NA,NA,NA,NA,NA,NA,NA,NA,3.3,7.5,2.3,-30.02570988,-0.524047498,40,17.04166667
23/03/1991,11.22245,NA,NA,NA,NA,NA,NA,NA,NA,NA,NA,NA,NA,NA,NA,NA,NA,NA,NA,NA,NA,NA,0.2,8.2,2.7,-47.09948962,-0.82204117,16,4.833333333
24/03/1991,11.22519,NA,NA,NA,NA,NA,NA,NA,NA,NA,NA,NA,NA,NA,NA,NA,NA,NA,NA,NA,NA,NA,0,10.3,2.1,-160.994201,-2.809878884,17,6.083333333
25/03/1991,11.22793,NA,NA,NA,NA,NA,NA,NA,NA,NA,NA,NA,NA,NA,NA,NA,NA,NA,NA,NA,NA,NA,0,11.1,6.4,-168.1990995,-2.935628085,21,7.833333333
26/03/1991,11.23066,NA,NA,NA,NA,NA,NA,NA,NA,NA,NA,NA,NA,NA,NA,NA,NA,NA,NA,NA,NA,NA,0,11.4,0.3,115.8265135,2.021554022,14,3.5
27/03/1991,11.23340,NA,NA,NA,NA,NA,NA,NA,NA,NA,NA,NA,NA,NA,NA,NA,NA,NA,NA,NA,NA,NA,0,9,3.4,-33.10100671,-0.577721553,NA,4.916666667
28/03/1991,11.23614,NA,NA,NA,NA,NA,NA,NA,NA,NA,NA,NA,NA,NA,NA,NA,NA,NA,NA,NA,NA,NA,0,9,4,62.92340348,1.098220567,15,4.666666667
29/03/1991,11.23888,NA,NA,NA,NA,NA,NA,NA,NA,NA,NA,NA,NA,NA,NA,NA,NA,NA,NA,NA,NA,NA,1.5,8.9,2.4,-150.6197992,-2.628811415,26,11.75
30/03/1991,11.24162,NA,NA,NA,NA,NA,NA,NA,NA,NA,NA,NA,NA,NA,NA,NA,NA,NA,NA,NA,NA,NA,0.9,8.8,6.1,-121.7290936,-2.124573479,19,5.875
31/03/1991,11.24435,NA,NA,NA,NA,NA,NA,NA,NA,NA,NA,NA,NA,NA,NA,NA,NA,NA,NA,NA,NA,NA,6.8,10.3,7.4,-119.9594345,-2.093687101,29,11.7826087
01/04/1991,11.24709,NA,NA,NA,NA,NA,NA,NA,NA,NA,NA,NA,NA,NA,NA,NA,NA,NA,NA,NA,NA,NA,5.6,11.4,8,-134.9805913,-2.355855744,39,18.95833333
02/04/1991,11.24983,NA,NA,NA,NA,NA,NA,NA,NA,NA,NA,NA,NA,NA,NA,NA,NA,NA,NA,NA,NA,NA,6.5,8.8,4.5,-139.98744,-2.443241739,44,15.54166667
03/04/1991,11.25257,NA,NA,NA,NA,NA,NA,NA,NA,NA,NA,NA,NA,NA,NA,NA,NA,NA,NA,NA,NA,NA,5.3,7.4,2.2,159.2838292,2.780027264,19,4.875
04/04/1991,11.25530,NA,NA,NA,NA,NA,NA,NA,NA,NA,NA,NA,NA,NA,NA,NA,NA,NA,NA,NA,NA,NA,1.9,8.6,5,123.3921088,2.153598569,29,10.45833333
05/04/1991,11.25804,NA,NA,NA,NA,NA,NA,NA,NA,NA,NA,NA,NA,NA,NA,NA,NA,NA,NA,NA,NA,NA,3.6,8.7,1.3,-103.7261864,-1.810363473,39,9.541666667
06/04/1991,11.26078,NA,NA,NA,NA,NA,NA,NA,NA,NA,NA,NA,NA,NA,NA,NA,NA,NA,NA,NA,NA,NA,3.2,7,3.8,173.9261282,3.035583592,40,14.33333333
07/04/1991,11.26352,NA,NA,NA,NA,NA,NA,NA,NA,NA,NA,NA,NA,NA,NA,NA,NA,NA,NA,NA,NA,NA,3.5,9.9,5.5,-136.1705347,-2.376624175,44,19.45833333
08/04/1991,11.26626,NA,NA,NA,NA,NA,NA,NA,NA,NA,NA,NA,NA,NA,NA,NA,NA,NA,NA,NA,NA,NA,5,8.9,2.4,-111.1664308,-1.940220235,38,15.33333333
09/04/1991,11.26899,NA,NA,NA,NA,NA,NA,NA,NA,NA,NA,NA,NA,NA,NA,NA,NA,NA,NA,NA,NA,NA,2.6,10.5,6.4,-159.1858613,-2.778317403,47,18.04166667
10/04/1991,11.27173,NA,NA,NA,NA,NA,NA,NA,NA,NA,NA,NA,NA,NA,NA,NA,NA,NA,NA,NA,NA,NA,13.8,7.2,4.9,167.1263599,2.916905246,21,5.666666667
11/04/1991,11.27447,NA,NA,NA,NA,NA,NA,NA,NA,NA,NA,NA,NA,NA,NA,NA,NA,NA,NA,NA,NA,NA,29,10.1,5.1,179.7509161,3.137245319,51,18.95833333
12/04/1991,11.27721,NA,NA,NA,NA,NA,NA,NA,NA,NA,NA,NA,NA,NA,NA,NA,NA,NA,NA,NA,NA,NA,0.1,9.8,3.2,-55.47210609,-0.968170894,24,5.375
13/04/1991,11.27995,NA,NA,NA,NA,NA,NA,NA,NA,NA,NA,NA,NA,NA,NA,NA,NA,NA,NA,NA,NA,NA,0,10.5,0.5,-4.626188845,-0.080742227,NA,2.708333333
14/04/1991,11.28268,NA,NA,NA,NA,NA,NA,NA,NA,NA,NA,NA,NA,NA,NA,NA,NA,NA,NA,NA,NA,NA,0,12.5,1.1,-107.0113037,-1.867699586,15,4.625
15/04/1991,11.28542,NA,NA,NA,NA,NA,NA,NA,NA,NA,NA,NA,NA,NA,NA,NA,NA,NA,NA,NA,NA,NA,0,10.7,5.5,-41.11147062,-0.717530523,20,5.625
16/04/1991,11.28816,NA,NA,NA,NA,NA,NA,NA,NA,NA,NA,NA,NA,NA,NA,NA,NA,NA,NA,NA,NA,NA,0,6.5,3.2,1.74272663,0.030416318,27,13.625
17/04/1991,11.29090,NA,NA,NA,NA,NA,NA,NA,NA,NA,NA,NA,NA,NA,NA,NA,NA,NA,NA,NA,NA,NA,0.2,7.2,3,-39.10290213,-0.682474389,27,10.25
18/04/1991,11.29363,NA,NA,NA,NA,NA,NA,NA,NA,NA,NA,NA,NA,NA,NA,NA,NA,NA,NA,NA,NA,NA,1,7.2,3.9,-16.94614487,-0.295766023,47,18.45833333
19/04/1991,11.29637,NA,NA,NA,NA,NA,NA,NA,NA,NA,NA,NA,NA,NA,NA,NA,NA,NA,NA,NA,NA,NA,0,6.2,2.6,-6.542054754,-0.114180395,34,10.08695652
20/04/1991,11.29911,NA,NA,NA,NA,NA,NA,NA,NA,NA,NA,NA,NA,NA,NA,NA,NA,NA,NA,NA,NA,NA,1.3,7.6,0.7,-138.5173447,-2.417583736,25,9
21/04/1991,11.30185,NA,NA,NA,NA,NA,NA,NA,NA,NA,NA,NA,NA,NA,NA,NA,NA,NA,NA,NA,NA,NA,2.7,7.5,3.7,-43.2694046,-0.755193576,35,13.04166667
22/04/1991,11.30459,NA,NA,NA,NA,NA,NA,NA,NA,NA,NA,NA,NA,NA,NA,NA,NA,NA,NA,NA,NA,NA,0,8.6,0.9,-98.63654702,-1.721532508,20,7.625
23/04/1991,11.30732,NA,NA,NA,NA,NA,NA,NA,NA,NA,NA,NA,NA,NA,NA,NA,NA,NA,NA,NA,NA,NA,1.9,10.3,6.4,-162.0810823,-2.828848541,27,13.16666667
24/04/1991,11.31006,NA,NA,NA,NA,NA,NA,NA,NA,NA,NA,NA,NA,NA,NA,NA,NA,NA,NA,NA,NA,NA,0.2,10.1,7.6,177.9157043,3.105214831,35,17.625
25/04/1991,11.31280,NA,NA,NA,NA,NA,NA,NA,NA,NA,NA,NA,NA,NA,NA,NA,NA,NA,NA,NA,NA,NA,0,10.9,7.1,169.0117569,2.949811633,23,7.916666667
26/04/1991,11.31554,NA,NA,NA,NA,NA,NA,NA,NA,NA,NA,NA,NA,NA,NA,NA,NA,NA,NA,NA,NA,NA,0,12.8,5.4,167.0454401,2.915492929,23,9.041666667
27/04/1991,11.31828,NA,NA,NA,NA,NA,NA,NA,NA,NA,NA,NA,NA,NA,NA,NA,NA,NA,NA,NA,NA,NA,0,12.7,6.6,157.630029,2.751163007,19,8.125
28/04/1991,11.32101,NA,NA,NA,NA,NA,NA,NA,NA,NA,NA,NA,NA,NA,NA,NA,NA,NA,NA,NA,NA,NA,0,10.5,5.9,126.8687708,2.214277769,14,4.833333333
29/04/1991,11.32375,NA,NA,NA,NA,NA,NA,NA,NA,NA,NA,NA,NA,NA,NA,NA,NA,NA,NA,NA,NA,NA,0,13.7,3.5,97.52113785,1.702064946,NA,10.83333333
30/04/1991,11.32649,NA,NA,NA,NA,NA,NA,NA,NA,NA,NA,NA,NA,NA,NA,NA,NA,NA,NA,NA,NA,NA,0,9.8,6.1,52.03342264,0.908154546,21,11
01/05/1991,11.32923,NA,NA,NA,NA,NA,NA,NA,NA,NA,NA,NA,NA,NA,NA,NA,NA,NA,NA,NA,NA,NA,0,12.3,1.9,-38.98124189,-0.680351018,24,8.541666667
02/05/1991,11.33196,NA,NA,NA,NA,NA,NA,NA,NA,NA,NA,NA,NA,NA,NA,NA,NA,NA,NA,NA,NA,NA,0.2,11.7,6.9,-27.87399204,-0.486492937,24,10.41666667
03/05/1991,11.33470,NA,NA,NA,NA,NA,NA,NA,NA,NA,NA,NA,NA,NA,NA,NA,NA,NA,NA,NA,NA,NA,6.3,9.6,7,-50.36479033,-0.879031418,28,11
04/05/1991,11.33744,NA,NA,NA,NA,NA,NA,NA,NA,NA,NA,NA,NA,NA,NA,NA,NA,NA,NA,NA,NA,NA,0,9,5.7,16.85489216,0.294173363,19,7.75
05/05/1991,11.34018,NA,NA,NA,NA,NA,NA,NA,NA,NA,NA,NA,NA,NA,NA,NA,NA,NA,NA,NA,NA,NA,0,10.4,4.2,42.8881782,0.74853992,NA,2.666666667
06/05/1991,11.34292,NA,NA,NA,NA,NA,NA,NA,NA,NA,NA,NA,NA,NA,NA,NA,NA,NA,NA,NA,NA,NA,5.2,10,6.5,-83.56483306,-1.458481476,NA,3.125
07/05/1991,11.34565,NA,NA,NA,NA,NA,NA,NA,NA,NA,NA,NA,NA,NA,NA,NA,NA,NA,NA,NA,NA,NA,0.5,10,5.3,14.74425794,0.257335847,18,6.625
08/05/1991,11.34839,NA,NA,NA,NA,NA,NA,NA,NA,NA,NA,NA,NA,NA,NA,NA,NA,NA,NA,NA,NA,NA,1.9,12.4,2,-153.9623088,-2.687149212,NA,10.58333333
09/05/1991,11.35113,NA,NA,NA,NA,NA,NA,NA,NA,NA,NA,NA,NA,NA,NA,NA,NA,NA,NA,NA,NA,NA,0.8,11,5.9,-105.8344358,-1.847159367,17,6.333333333
10/05/1991,11.35387,NA,NA,NA,NA,NA,NA,NA,NA,NA,NA,NA,NA,NA,NA,NA,NA,NA,NA,NA,NA,NA,2.5,12.2,5.8,-144.9587185,-2.530006917,29,11.5
11/05/1991,11.35661,NA,NA,NA,NA,NA,NA,NA,NA,NA,NA,NA,NA,NA,NA,NA,NA,NA,NA,NA,NA,NA,0.3,10.6,6.1,-88.29316415,-1.541006421,23,5.916666667
12/05/1991,11.35934,NA,NA,NA,NA,NA,NA,NA,NA,NA,NA,NA,NA,NA,NA,NA,NA,NA,NA,NA,NA,NA,4.9,12.5,7.2,-130.5688698,-2.278856678,37,13.375
13/05/1991,11.36208,NA,NA,NA,NA,NA,NA,NA,NA,NA,NA,NA,NA,NA,NA,NA,NA,NA,NA,NA,NA,NA,0.9,11.3,6.6,-79.13998556,-1.381253318,24,7.166666667
14/05/1991,11.36482,NA,NA,NA,NA,NA,NA,NA,NA,NA,NA,NA,NA,NA,NA,NA,NA,NA,NA,NA,NA,NA,0.9,11.6,4.1,-71.24903336,-1.243530221,27,10.5
15/05/1991,11.36756,NA,NA,NA,NA,NA,NA,NA,NA,NA,NA,NA,NA,NA,NA,NA,NA,NA,NA,NA,NA,NA,0.6,12,7.7,-55.36700435,-0.966336523,28,13.29166667
16/05/1991,11.37029,NA,NA,NA,NA,NA,NA,NA,NA,NA,NA,NA,NA,NA,NA,NA,NA,NA,NA,NA,NA,NA,3.2,9.5,6.9,-55.40605653,-0.967018112,20,8.041666667
17/05/1991,11.37303,NA,NA,NA,NA,NA,NA,NA,NA,NA,NA,NA,NA,NA,NA,NA,NA,NA,NA,NA,NA,NA,0,12.7,7.2,-145.8948032,-2.546344678,18,6.291666667
18/05/1991,11.37577,NA,NA,NA,NA,NA,NA,NA,NA,NA,NA,NA,NA,NA,NA,NA,NA,NA,NA,NA,NA,NA,1.5,11.6,8.3,-122.170037,-2.132269393,NA,9.5
19/05/1991,11.37851,NA,NA,NA,NA,NA,NA,NA,NA,NA,NA,NA,NA,NA,NA,NA,NA,NA,NA,NA,NA,NA,2.8,11.3,6,-138.6811604,-2.42044286,NA,11.91666667
20/05/1991,11.38125,NA,NA,NA,NA,NA,NA,NA,NA,NA,NA,NA,NA,NA,NA,NA,NA,NA,NA,NA,NA,NA,1.7,12.7,8.4,-105.4974705,-1.841278212,24,8.541666667
21/05/1991,11.38398,NA,NA,NA,NA,NA,NA,NA,NA,NA,NA,NA,NA,NA,NA,NA,NA,NA,NA,NA,NA,NA,0,12.3,8.6,-110.9453684,-1.936361968,44,16.83333333
22/05/1991,11.38672,NA,NA,NA,NA,NA,NA,NA,NA,NA,NA,NA,NA,NA,NA,NA,NA,NA,NA,NA,NA,NA,0,12.1,7.2,-75.27687997,-1.313829406,21,7.041666667
23/05/1991,11.38946,NA,NA,NA,NA,NA,NA,NA,NA,NA,NA,NA,NA,NA,NA,NA,NA,NA,NA,NA,NA,NA,0,12.2,4.9,-177.3617365,-3.09554627,NA,3.625
24/05/1991,11.39220,NA,NA,NA,NA,NA,NA,NA,NA,NA,NA,NA,NA,NA,NA,NA,NA,NA,NA,NA,NA,NA,0,14.4,9.9,-105.056089,-1.833574651,14,5.125
25/05/1991,11.39493,NA,NA,NA,NA,NA,NA,NA,NA,NA,NA,NA,NA,NA,NA,NA,NA,NA,NA,NA,NA,NA,0,15.7,9.4,-98.49016606,-1.718977679,16,5.583333333
26/05/1991,11.39767,NA,NA,NA,NA,NA,NA,NA,NA,NA,NA,NA,NA,NA,NA,NA,NA,NA,NA,NA,NA,NA,0,15.6,10.5,-94.51730726,-1.649638212,18,6.125
27/05/1991,11.40041,NA,NA,NA,NA,NA,NA,NA,NA,NA,NA,NA,NA,NA,NA,NA,NA,NA,NA,NA,NA,NA,0.1,14.2,9.8,-103.355777,-1.80389861,16,4.125
28/05/1991,11.40315,NA,NA,NA,NA,NA,NA,NA,NA,NA,NA,NA,NA,NA,NA,NA,NA,NA,NA,NA,NA,NA,0,10.9,9.1,13.6932036,0.238991488,16,5.208333333
29/05/1991,11.40589,NA,NA,NA,NA,NA,NA,NA,NA,NA,NA,NA,NA,NA,NA,NA,NA,NA,NA,NA,NA,NA,0,10.9,8.1,41.24583333,0.719875594,21,10.875
30/05/1991,11.40862,NA,NA,NA,NA,NA,NA,NA,NA,NA,NA,NA,NA,NA,NA,NA,NA,NA,NA,NA,NA,NA,0,11.8,8,40.01277317,0.698354635,22,8.25
31/05/1991,11.41136,NA,NA,NA,NA,NA,NA,NA,NA,NA,NA,NA,NA,NA,NA,NA,NA,NA,NA,NA,NA,NA,0,10.2,7.8,37.51111887,0.65469253,32,15.79166667
01/06/1991,11.41410,NA,NA,NA,NA,NA,NA,NA,NA,NA,NA,NA,NA,NA,NA,NA,NA,NA,NA,NA,NA,NA,0,9.6,6.7,47.05344437,0.821237529,23,10.45833333
02/06/1991,11.41684,NA,NA,NA,NA,NA,NA,NA,NA,NA,NA,NA,NA,NA,NA,NA,NA,NA,NA,NA,NA,NA,1.8,9.1,5.2,25.72346398,0.448959142,26,10.79166667
03/06/1991,11.41958,NA,NA,NA,NA,NA,NA,NA,NA,NA,NA,NA,NA,NA,NA,NA,NA,NA,NA,NA,NA,NA,4.5,10.3,2.6,1.296402843,0.022626498,30,10.875
04/06/1991,11.42231,NA,NA,NA,NA,NA,NA,NA,NA,NA,NA,NA,NA,NA,NA,NA,NA,NA,NA,NA,NA,NA,0.4,10.6,3.4,-17.38548951,-0.303434034,23,6.75
05/06/1991,11.42505,NA,NA,NA,NA,NA,NA,NA,NA,NA,NA,NA,NA,NA,NA,NA,NA,NA,NA,NA,NA,NA,0,11.9,1.7,-95.17304202,-1.661082942,22,4.833333333
06/06/1991,11.42779,NA,NA,NA,NA,NA,NA,NA,NA,NA,NA,NA,NA,NA,NA,NA,NA,NA,NA,NA,NA,NA,0.8,10.6,3.8,-11.28993168,-0.19704648,17,5.666666667
07/06/1991,11.43053,NA,NA,NA,NA,NA,NA,NA,NA,NA,NA,NA,NA,NA,NA,NA,NA,NA,NA,NA,NA,NA,0.8,10,2.4,-4.793042369,-0.083654371,16,4.625
08/06/1991,11.43326,NA,NA,NA,NA,NA,NA,NA,NA,NA,NA,NA,NA,NA,NA,NA,NA,NA,NA,NA,NA,NA,0,12.8,2.6,53.86223057,0.940073266,21,6.791666667
09/06/1991,11.43600,NA,NA,NA,NA,NA,NA,NA,NA,NA,NA,NA,NA,NA,NA,NA,NA,NA,NA,NA,NA,NA,11.7,13.3,9,86.31718566,1.506519091,24,7.541666667
10/06/1991,11.43874,NA,NA,NA,NA,NA,NA,NA,NA,NA,NA,NA,NA,NA,NA,NA,NA,NA,NA,NA,NA,NA,1.4,11.4,8,-43.12001306,-0.752586201,30,9.166666667
11/06/1991,11.44148,NA,NA,NA,NA,NA,NA,NA,NA,NA,NA,NA,NA,NA,NA,NA,NA,NA,NA,NA,NA,NA,3.4,11.1,3.8,-176.9022269,-3.087526313,19,5.541666667
12/06/1991,11.44422,NA,NA,NA,NA,NA,NA,NA,NA,NA,NA,NA,NA,NA,NA,NA,NA,NA,NA,NA,NA,NA,2.7,12.7,9.1,-169.7851192,-2.96330935,13,3.583333333
13/06/1991,11.44695,NA,NA,NA,NA,NA,NA,NA,NA,NA,NA,NA,NA,NA,NA,NA,NA,NA,NA,NA,NA,NA,1.8,13.8,6,-50.674814,-0.884442352,NA,5.666666667
14/06/1991,11.44969,NA,NA,NA,NA,NA,NA,NA,NA,NA,NA,NA,NA,NA,NA,NA,NA,NA,NA,NA,NA,NA,1.4,13,9,-37.45664154,-0.653741722,19,9.041666667
15/06/1991,11.45243,NA,NA,NA,NA,NA,NA,NA,NA,NA,NA,NA,NA,NA,NA,NA,NA,NA,NA,NA,NA,NA,0.1,13.5,8.4,-36.89920257,-0.644012576,20,7.458333333
16/06/1991,11.45517,NA,NA,NA,NA,NA,NA,NA,NA,NA,NA,NA,NA,NA,NA,NA,NA,NA,NA,NA,NA,NA,0.3,10.2,7.8,-38.74781544,-0.676276957,27,12.20833333
17/06/1991,11.45791,NA,NA,NA,NA,NA,NA,NA,NA,NA,NA,NA,NA,NA,NA,NA,NA,NA,NA,NA,NA,NA,3.6,9.4,7.1,-45.84394236,-0.800127736,23,12.04166667
18/06/1991,11.46064,NA,NA,NA,NA,NA,NA,NA,NA,NA,NA,NA,NA,NA,NA,NA,NA,NA,NA,NA,NA,NA,1.5,11.1,7.4,-12.78045301,-0.223060985,22,11.16666667
19/06/1991,11.46338,NA,NA,NA,NA,NA,NA,NA,NA,NA,NA,NA,NA,NA,NA,NA,NA,NA,NA,NA,NA,NA,0,12.4,8,19.13231807,0.333921944,15,7.416666667
20/06/1991,11.46612,NA,NA,NA,NA,NA,NA,NA,NA,NA,NA,NA,NA,NA,NA,NA,NA,NA,NA,NA,NA,NA,0,13.5,4.9,-43.03559424,-0.751112815,15,4.916666667
21/06/1991,11.46886,NA,NA,NA,NA,NA,NA,NA,NA,NA,NA,NA,NA,NA,NA,NA,NA,NA,NA,NA,NA,NA,0,15.6,7.3,83.65908964,1.460126563,19,7.833333333
22/06/1991,11.47159,NA,NA,NA,NA,NA,NA,NA,NA,NA,NA,NA,NA,NA,NA,NA,NA,NA,NA,NA,NA,NA,0.9,16,9.9,97.15694773,1.695708629,19,4.333333333
23/06/1991,11.47433,NA,NA,NA,NA,NA,NA,NA,NA,NA,NA,NA,NA,NA,NA,NA,NA,NA,NA,NA,NA,NA,0.6,14.4,6.2,25.98806364,0.453577277,16,5.75
24/06/1991,11.47707,NA,NA,NA,NA,NA,NA,NA,NA,NA,NA,NA,NA,NA,NA,NA,NA,NA,NA,NA,NA,NA,0,13.5,6,28.68878051,0.500713678,14,6.375
25/06/1991,11.47981,NA,NA,NA,NA,NA,NA,NA,NA,NA,NA,NA,NA,NA,NA,NA,NA,NA,NA,NA,NA,NA,2.5,14.4,11.5,122.1621715,2.132132115,12,4.333333333
26/06/1991,11.48255,NA,NA,NA,NA,NA,NA,NA,NA,NA,NA,NA,NA,NA,NA,NA,NA,NA,NA,NA,NA,NA,15.6,14.7,9.2,158.640056,2.768791302,14,3.583333333
27/06/1991,11.48528,NA,NA,NA,NA,NA,NA,NA,NA,NA,NA,NA,NA,NA,NA,NA,NA,NA,NA,NA,NA,NA,1,14.7,10.2,27.42624526,0.478678281,14,5.541666667
28/06/1991,11.48802,NA,NA,NA,NA,NA,NA,NA,NA,NA,NA,NA,NA,NA,NA,NA,NA,NA,NA,NA,NA,NA,0,14.8,7,-67.49177335,-1.177953663,17,6.416666667
29/06/1991,11.49076,NA,NA,NA,NA,NA,NA,NA,NA,NA,NA,NA,NA,NA,NA,NA,NA,NA,NA,NA,NA,NA,1.1,13.6,10.1,144.4940482,2.521896891,14,5.333333333
30/06/1991,11.49350,NA,NA,NA,NA,NA,NA,NA,NA,NA,NA,NA,NA,NA,NA,NA,NA,NA,NA,NA,NA,NA,10.9,16.2,10.8,139.8141025,2.44021643,13,4.791666667
01/07/1991,11.49624,NA,NA,NA,NA,NA,NA,NA,NA,NA,NA,NA,NA,NA,NA,NA,NA,NA,NA,NA,NA,NA,0.8,14.6,12.2,56.40130042,0.984388395,24,8.791666667
02/07/1991,11.49897,NA,NA,NA,NA,NA,NA,NA,NA,NA,NA,NA,NA,NA,NA,NA,NA,NA,NA,NA,NA,NA,0,14.1,11.7,34.58121947,0.603556139,19,9.875
03/07/1991,11.50171,NA,NA,NA,NA,NA,NA,NA,NA,NA,NA,NA,NA,NA,NA,NA,NA,NA,NA,NA,NA,NA,0,16.3,10.1,28.5147893,0.497676959,17,7.041666667
04/07/1991,11.50445,NA,NA,NA,NA,NA,NA,NA,NA,NA,NA,NA,NA,NA,NA,NA,NA,NA,NA,NA,NA,NA,0,21.6,12.3,87.78942079,1.532214441,NA,5.833333333
05/07/1991,11.50719,NA,NA,NA,NA,NA,NA,NA,NA,NA,NA,NA,NA,NA,NA,NA,NA,NA,NA,NA,NA,NA,0,23.5,13.4,48.9865337,0.854976302,31,8.875
06/07/1991,11.50992,NA,NA,NA,NA,NA,NA,NA,NA,NA,NA,NA,NA,NA,NA,NA,NA,NA,NA,NA,NA,NA,0,20.9,14.9,44.50470073,0.77675356,21,10
07/07/1991,11.51266,NA,NA,NA,NA,NA,NA,NA,NA,NA,NA,NA,NA,NA,NA,NA,NA,NA,NA,NA,NA,NA,0,22.6,14.5,82.03109724,1.431712736,16,5.458333333
08/07/1991,11.51540,NA,NA,NA,NA,NA,NA,NA,NA,NA,NA,NA,NA,NA,NA,NA,NA,NA,NA,NA,NA,NA,12.4,19.6,13.5,54.92740892,0.958664135,15,5.708333333
09/07/1991,11.51814,NA,NA,NA,NA,NA,NA,NA,NA,NA,NA,NA,NA,NA,NA,NA,NA,NA,NA,NA,NA,NA,4.4,15.5,11.9,-147.8401713,-2.580297757,34,11.875
10/07/1991,11.52088,NA,NA,NA,NA,NA,NA,NA,NA,NA,NA,NA,NA,NA,NA,NA,NA,NA,NA,NA,NA,NA,0.2,16.6,11.6,173.8224603,3.033774246,28,10.91666667
11/07/1991,11.52361,NA,NA,NA,NA,NA,NA,NA,NA,NA,NA,NA,NA,NA,NA,NA,NA,NA,NA,NA,NA,NA,1.7,17.5,12.3,150.3753052,2.62454419,22,8.625
12/07/1991,11.52635,NA,NA,NA,NA,NA,NA,NA,NA,NA,NA,NA,NA,NA,NA,NA,NA,NA,NA,NA,NA,NA,2.6,16.1,8.4,-160.3045242,-2.797841754,26,9.083333333
13/07/1991,11.52909,NA,NA,NA,NA,NA,NA,NA,NA,NA,NA,NA,NA,NA,NA,NA,NA,NA,NA,NA,NA,NA,5.2,14.1,11.5,-121.5020843,-2.120611419,32,12.95833333
14/07/1991,11.53183,NA,NA,NA,NA,NA,NA,NA,NA,NA,NA,NA,NA,NA,NA,NA,NA,NA,NA,NA,NA,NA,1,15,11.5,-105.4785949,-1.840948771,27,9.083333333
15/07/1991,11.53457,NA,NA,NA,NA,NA,NA,NA,NA,NA,NA,NA,NA,NA,NA,NA,NA,NA,NA,NA,NA,NA,4.1,15,11.4,-162.0649365,-2.828566743,12,4.041666667
16/07/1991,11.53730,NA,NA,NA,NA,NA,NA,NA,NA,NA,NA,NA,NA,NA,NA,NA,NA,NA,NA,NA,NA,NA,4.5,15.4,10.8,-102.7211891,-1.792822962,22,7.708333333
17/07/1991,11.54004,NA,NA,NA,NA,NA,NA,NA,NA,NA,NA,NA,NA,NA,NA,NA,NA,NA,NA,NA,NA,NA,2.2,15.6,11.6,-152.9324727,-2.669175182,16,5.291666667
18/07/1991,11.54278,NA,NA,NA,NA,NA,NA,NA,NA,NA,NA,NA,NA,NA,NA,NA,NA,NA,NA,NA,NA,NA,4.5,15.5,11.6,110.4143618,1.927094154,16,6.208333333
19/07/1991,11.54552,NA,NA,NA,NA,NA,NA,NA,NA,NA,NA,NA,NA,NA,NA,NA,NA,NA,NA,NA,NA,NA,0,15,11.6,0.758354368,0.013235781,18,7.708333333
20/07/1991,11.54825,NA,NA,NA,NA,NA,NA,NA,NA,NA,NA,NA,NA,NA,NA,NA,NA,NA,NA,NA,NA,NA,0,14.5,11,3.44869481,0.060191079,15,5.875
21/07/1991,11.55099,NA,NA,NA,NA,NA,NA,NA,NA,NA,NA,NA,NA,NA,NA,NA,NA,NA,NA,NA,NA,NA,0,16.4,6.9,36.96838023,0.645219954,15,4.375
22/07/1991,11.55373,NA,NA,NA,NA,NA,NA,NA,NA,NA,NA,NA,NA,NA,NA,NA,NA,NA,NA,NA,NA,NA,0.2,15.7,11.9,134.6720433,2.350470566,NA,3.75
23/07/1991,11.55647,NA,NA,NA,NA,NA,NA,NA,NA,NA,NA,NA,NA,NA,NA,NA,NA,NA,NA,NA,NA,NA,1.8,18,12.6,78.74573728,1.374372388,15,5.25
24/07/1991,11.55921,NA,NA,NA,NA,NA,NA,NA,NA,NA,NA,NA,NA,NA,NA,NA,NA,NA,NA,NA,NA,NA,1.3,17.6,13.9,33.97775669,0.593023727,NA,5.583333333
25/07/1991,11.56194,NA,NA,NA,NA,NA,NA,NA,NA,NA,NA,NA,NA,NA,NA,NA,NA,NA,NA,NA,NA,NA,0,19.2,13.5,99.67455192,1.739649111,12,3.916666667
26/07/1991,11.56468,NA,NA,NA,NA,NA,NA,NA,NA,NA,NA,NA,NA,NA,NA,NA,NA,NA,NA,NA,NA,NA,0,16.4,13.5,-158.7416028,-2.770563628,25,10.16666667
27/07/1991,11.56742,NA,NA,NA,NA,NA,NA,NA,NA,NA,NA,NA,NA,NA,NA,NA,NA,NA,NA,NA,NA,NA,4.1,16.1,13.4,-176.2323298,-3.075834404,30,13.45833333
28/07/1991,11.57016,NA,NA,NA,NA,NA,NA,NA,NA,NA,NA,NA,NA,NA,NA,NA,NA,NA,NA,NA,NA,NA,0.9,16.6,12.4,-176.9578662,-3.088497402,29,9.166666667
29/07/1991,11.57290,NA,NA,NA,NA,NA,NA,NA,NA,NA,NA,NA,NA,NA,NA,NA,NA,NA,NA,NA,NA,NA,1,18,12.5,36.73429462,0.641134389,16,5
30/07/1991,11.57563,NA,NA,NA,NA,NA,NA,NA,NA,NA,NA,NA,NA,NA,NA,NA,NA,NA,NA,NA,NA,NA,0,22,14.4,66.6436667,1.16315141,24,8.083333333
31/07/1991,11.57837,NA,NA,NA,NA,NA,NA,NA,NA,NA,NA,NA,NA,NA,NA,NA,NA,NA,NA,NA,NA,NA,0,21.5,13.8,60.56723095,1.057097599,25,7.416666667
01/08/1991,11.58111,NA,NA,NA,NA,NA,NA,NA,NA,NA,NA,NA,NA,NA,NA,NA,NA,NA,NA,NA,NA,NA,0,19,13.8,119.6120463,2.087624032,22,6.208333333
02/08/1991,11.58385,NA,NA,NA,NA,NA,NA,NA,NA,NA,NA,NA,NA,NA,NA,NA,NA,NA,NA,NA,NA,NA,0.9,17.9,13.8,174.9513245,3.053476643,24,8.875
03/08/1991,11.58658,NA,NA,NA,NA,NA,NA,NA,NA,NA,NA,NA,NA,NA,NA,NA,NA,NA,NA,NA,NA,NA,0.4,17.8,12.5,164.2064839,2.865943798,24,9.208333333
04/08/1991,11.58932,NA,NA,NA,NA,NA,NA,NA,NA,NA,NA,NA,NA,NA,NA,NA,NA,NA,NA,NA,NA,NA,4.2,17.1,13.3,169.2198121,2.953442881,25,12
05/08/1991,11.59206,NA,NA,NA,NA,NA,NA,NA,NA,NA,NA,NA,NA,NA,NA,NA,NA,NA,NA,NA,NA,NA,7.4,17.3,12.9,-142.7403156,-2.491288482,35,12.95833333
06/08/1991,11.59480,NA,NA,NA,NA,NA,NA,NA,NA,NA,NA,NA,NA,NA,NA,NA,NA,NA,NA,NA,NA,NA,0.8,17.1,11.1,-147.3654848,-2.572012913,23,6.458333333
07/08/1991,11.59754,NA,NA,NA,NA,NA,NA,NA,NA,NA,NA,NA,NA,NA,NA,NA,NA,NA,NA,NA,NA,NA,0,17.1,11.8,-144.9354194,-2.529600272,18,8.208333333
08/08/1991,11.60027,NA,NA,NA,NA,NA,NA,NA,NA,NA,NA,NA,NA,NA,NA,NA,NA,NA,NA,NA,NA,NA,4,17,11.1,-145.0198127,-2.531073212,28,10.16666667
09/08/1991,11.60301,NA,NA,NA,NA,NA,NA,NA,NA,NA,NA,NA,NA,NA,NA,NA,NA,NA,NA,NA,NA,NA,4.5,17.1,11.8,-127.7168361,-2.229079299,35,15.375
10/08/1991,11.60575,NA,NA,NA,NA,NA,NA,NA,NA,NA,NA,NA,NA,NA,NA,NA,NA,NA,NA,NA,NA,NA,1.4,16,12.3,-147.5217063,-2.574739492,33,10.29166667
11/08/1991,11.60849,NA,NA,NA,NA,NA,NA,NA,NA,NA,NA,NA,NA,NA,NA,NA,NA,NA,NA,NA,NA,NA,1.7,16.7,11.2,-112.8461511,-1.969536884,38,13.875
12/08/1991,11.61123,NA,NA,NA,NA,NA,NA,NA,NA,NA,NA,NA,NA,NA,NA,NA,NA,NA,NA,NA,NA,NA,1.4,16,9.4,-123.7851508,-2.160458447,23,8.291666667
13/08/1991,11.61396,NA,NA,NA,NA,NA,NA,NA,NA,NA,NA,NA,NA,NA,NA,NA,NA,NA,NA,NA,NA,NA,1.8,16.8,11.8,-135.7731093,-2.369687792,24,9.833333333
14/08/1991,11.61670,NA,NA,NA,NA,NA,NA,NA,NA,NA,NA,NA,NA,NA,NA,NA,NA,NA,NA,NA,NA,NA,0.2,14.9,11.6,-162.0422384,-2.828170587,26,10.04166667
15/08/1991,11.61944,NA,NA,NA,NA,NA,NA,NA,NA,NA,NA,NA,NA,NA,NA,NA,NA,NA,NA,NA,NA,NA,4.5,16.8,12.8,-141.9310706,-2.477164494,35,16.5
16/08/1991,11.62218,NA,NA,NA,NA,NA,NA,NA,NA,NA,NA,NA,NA,NA,NA,NA,NA,NA,NA,NA,NA,NA,3,15.3,11.3,-111.4865616,-1.945807572,29,8.458333333
17/08/1991,11.62491,NA,NA,NA,NA,NA,NA,NA,NA,NA,NA,NA,NA,NA,NA,NA,NA,NA,NA,NA,NA,NA,1.7,16.2,10.7,-73.86182532,-1.289132043,21,5.833333333
18/08/1991,11.62765,NA,NA,NA,NA,NA,NA,NA,NA,NA,NA,NA,NA,NA,NA,NA,NA,NA,NA,NA,NA,NA,0,16.3,7.7,-140.731727,-2.456231998,28,7.166666667
19/08/1991,11.63039,NA,NA,NA,NA,NA,NA,NA,NA,NA,NA,NA,NA,NA,NA,NA,NA,NA,NA,NA,NA,NA,3.5,15.7,11.9,-115.6951487,-2.019261274,28,9.333333333
20/08/1991,11.63313,NA,NA,NA,NA,NA,NA,NA,NA,NA,NA,NA,NA,NA,NA,NA,NA,NA,NA,NA,NA,NA,1.3,15.7,11.8,-153.3337956,-2.676179589,39,16.5
21/08/1991,11.63587,NA,NA,NA,NA,NA,NA,NA,NA,NA,NA,NA,NA,NA,NA,NA,NA,NA,NA,NA,NA,NA,3.5,16,12.8,-162.9397765,-2.843835583,41,13.91666667
22/08/1991,11.63860,NA,NA,NA,NA,NA,NA,NA,NA,NA,NA,NA,NA,NA,NA,NA,NA,NA,NA,NA,NA,NA,4.6,18.4,13.3,73.0863809,1.275597985,NA,3.083333333
23/08/1991,11.64134,NA,NA,NA,NA,NA,NA,NA,NA,NA,NA,NA,NA,NA,NA,NA,NA,NA,NA,NA,NA,NA,29.5,14.8,11.4,-137.0158824,-2.391378276,NA,3.541666667
24/08/1991,11.64408,NA,NA,NA,NA,NA,NA,NA,NA,NA,NA,NA,NA,NA,NA,NA,NA,NA,NA,NA,NA,NA,2.9,16.1,11.3,-66.16646416,-1.154822654,NA,2.791666667
25/08/1991,11.64682,NA,NA,NA,NA,NA,NA,NA,NA,NA,NA,NA,NA,NA,NA,NA,NA,NA,NA,NA,NA,NA,0,16.4,11.4,-162.910696,-2.843328031,26,8.958333333
26/08/1991,11.64956,NA,NA,NA,NA,NA,NA,NA,NA,NA,NA,NA,NA,NA,NA,NA,NA,NA,NA,NA,NA,NA,0,16.3,11.5,-139.8782884,-2.441336685,19,6.375
27/08/1991,11.65229,NA,NA,NA,NA,NA,NA,NA,NA,NA,NA,NA,NA,NA,NA,NA,NA,NA,NA,NA,NA,NA,0,16.7,10.4,-135.8984527,-2.371875448,18,5.083333333
28/08/1991,11.65503,NA,NA,NA,NA,NA,NA,NA,NA,NA,NA,NA,NA,NA,NA,NA,NA,NA,NA,NA,NA,NA,0,18,8.4,-159.2029235,-2.778615193,NA,7.708333333
29/08/1991,11.65777,NA,NA,NA,NA,NA,NA,NA,NA,NA,NA,NA,NA,NA,NA,NA,NA,NA,NA,NA,NA,NA,0,16.5,12.1,-127.9960995,-2.233953366,30,9.416666667
30/08/1991,11.66051,NA,NA,NA,NA,NA,NA,NA,NA,NA,NA,NA,NA,NA,NA,NA,NA,NA,NA,NA,NA,NA,0,19.8,10.5,-173.7180692,-3.031952277,NA,4.375
31/08/1991,11.66324,NA,NA,NA,NA,NA,NA,NA,NA,NA,NA,NA,NA,NA,NA,NA,NA,NA,NA,NA,NA,NA,0,22.8,11.6,-161.7335931,-2.82278371,NA,4.416666667
01/09/1991,11.66598,NA,NA,NA,NA,NA,NA,NA,NA,NA,NA,NA,NA,NA,NA,NA,NA,NA,NA,NA,NA,NA,0,21.2,10.2,-128.29305,-2.239136129,14,3.916666667
02/09/1991,11.66872,NA,NA,NA,NA,NA,NA,NA,NA,NA,NA,NA,NA,NA,NA,NA,NA,NA,NA,NA,NA,NA,0,15.3,11.4,14.09480413,0.24600074,12,4.875
03/09/1991,11.67146,NA,NA,NA,NA,NA,NA,NA,NA,NA,NA,NA,NA,NA,NA,NA,NA,NA,NA,NA,NA,NA,0,17.5,8.6,-114.239496,-1.993855342,NA,2.666666667
04/09/1991,11.67420,NA,NA,NA,NA,NA,NA,NA,NA,NA,NA,NA,NA,NA,NA,NA,NA,NA,NA,NA,NA,NA,0,20.1,12.7,-107.1543744,-1.870196641,NA,2.916666667
05/09/1991,11.67693,NA,NA,NA,NA,NA,NA,NA,NA,NA,NA,NA,NA,NA,NA,NA,NA,NA,NA,NA,NA,NA,0.2,15.2,12,-4.480380638,-0.078197394,15,6.545454545
06/09/1991,11.67967,NA,NA,NA,NA,NA,NA,NA,NA,NA,NA,NA,NA,NA,NA,NA,NA,NA,NA,NA,NA,NA,0,15.5,5.6,-62.04577847,-1.082903121,NA,2.833333333
07/09/1991,11.68241,NA,NA,NA,NA,NA,NA,NA,NA,NA,NA,NA,NA,NA,NA,NA,NA,NA,NA,NA,NA,NA,0.2,16.1,11.6,-60.87667841,-1.062498476,13,4
08/09/1991,11.68515,NA,NA,NA,NA,NA,NA,NA,NA,NA,NA,NA,NA,NA,NA,NA,NA,NA,NA,NA,NA,NA,0.2,15.9,11.1,-88.39907356,-1.542854889,NA,2.375
09/09/1991,11.68789,NA,NA,NA,NA,NA,NA,NA,NA,NA,NA,NA,NA,NA,NA,NA,NA,NA,NA,NA,NA,NA,0,15.7,12.3,-138.4492202,-2.41639474,NA,6.375
10/09/1991,11.69062,NA,NA,NA,NA,NA,NA,NA,NA,NA,NA,NA,NA,NA,NA,NA,NA,NA,NA,NA,NA,NA,0.6,14.3,6.8,-34.42218194,-0.600780411,23,10.375
11/09/1991,11.69336,NA,NA,NA,NA,NA,NA,NA,NA,NA,NA,NA,NA,NA,NA,NA,NA,NA,NA,NA,NA,NA,0.5,12.3,5.4,3.65457275,0.063784327,16,5.625
12/09/1991,11.69610,NA,NA,NA,NA,NA,NA,NA,NA,NA,NA,NA,NA,NA,NA,NA,NA,NA,NA,NA,NA,NA,0,14.5,3.9,156.1821651,2.725893013,17,5.958333333
13/09/1991,11.69884,NA,NA,NA,NA,NA,NA,NA,NA,NA,NA,NA,NA,NA,NA,NA,NA,NA,NA,NA,NA,NA,7.4,15.9,13.4,-179.1475817,-3.126715148,42,17.08333333
14/09/1991,11.70157,NA,NA,NA,NA,NA,NA,NA,NA,NA,NA,NA,NA,NA,NA,NA,NA,NA,NA,NA,NA,NA,5.2,16.4,12,-148.8257913,-2.59750007,43,19.75
15/09/1991,11.70431,NA,NA,NA,NA,NA,NA,NA,NA,NA,NA,NA,NA,NA,NA,NA,NA,NA,NA,NA,NA,NA,0.5,16,10.4,-127.5562862,-2.226277176,22,6.875
16/09/1991,11.70705,NA,NA,NA,NA,NA,NA,NA,NA,NA,NA,NA,NA,NA,NA,NA,NA,NA,NA,NA,NA,NA,10.1,15.2,10.8,164.3800912,2.868973815,34,12.91666667
17/09/1991,11.70979,NA,NA,NA,NA,NA,NA,NA,NA,NA,NA,NA,NA,NA,NA,NA,NA,NA,NA,NA,NA,NA,3.2,15.3,11.7,-129.8892259,-2.266994655,39,16.45833333
18/09/1991,11.71253,NA,NA,NA,NA,NA,NA,NA,NA,NA,NA,NA,NA,NA,NA,NA,NA,NA,NA,NA,NA,NA,7.6,14.3,8.9,-130.8464694,-2.283701706,38,17.58333333
19/09/1991,11.71526,NA,NA,NA,NA,NA,NA,NA,NA,NA,NA,NA,NA,NA,NA,NA,NA,NA,NA,NA,NA,NA,6.5,14.7,9,-126.1243761,-2.20128563,30,13.16666667
20/09/1991,11.71800,NA,NA,NA,NA,NA,NA,NA,NA,NA,NA,NA,NA,NA,NA,NA,NA,NA,NA,NA,NA,NA,0,14.9,10.7,-171.2346477,-2.988608397,39,16
21/09/1991,11.72074,NA,NA,NA,NA,NA,NA,NA,NA,NA,NA,NA,NA,NA,NA,NA,NA,NA,NA,NA,NA,NA,19.1,14.2,9.4,-163.0465444,-2.845699034,46,23.95833333
22/09/1991,11.72348,NA,NA,NA,NA,NA,NA,NA,NA,NA,NA,NA,NA,NA,NA,NA,NA,NA,NA,NA,NA,NA,5.6,10.2,6.8,-121.0234986,-2.112258523,31,11.125
23/09/1991,11.72621,NA,NA,NA,NA,NA,NA,NA,NA,NA,NA,NA,NA,NA,NA,NA,NA,NA,NA,NA,NA,NA,8.1,14.2,6,-147.223755,-2.569539261,34,11.79166667
24/09/1991,11.72895,NA,NA,NA,NA,NA,NA,NA,NA,NA,NA,NA,NA,NA,NA,NA,NA,NA,NA,NA,NA,NA,9.5,13.2,8.2,-115.8287691,-2.021593389,53,24.75
25/09/1991,11.73169,NA,NA,NA,NA,NA,NA,NA,NA,NA,NA,NA,NA,NA,NA,NA,NA,NA,NA,NA,NA,NA,6,11.6,4.9,-68.91229675,-1.202746473,NA,4.166666667
26/09/1991,11.73443,NA,NA,NA,NA,NA,NA,NA,NA,NA,NA,NA,NA,NA,NA,NA,NA,NA,NA,NA,NA,NA,1.5,11.2,3.8,-33.52860939,-0.585184627,20,6.416666667
27/09/1991,11.73717,NA,NA,NA,NA,NA,NA,NA,NA,NA,NA,NA,NA,NA,NA,NA,NA,NA,NA,NA,NA,NA,0,10.4,2,44.37206897,0.774438699,14,5.5
28/09/1991,11.73990,NA,NA,NA,NA,NA,NA,NA,NA,NA,NA,NA,NA,NA,NA,NA,NA,NA,NA,NA,NA,NA,2.7,11.5,7.4,32.47791555,0.56684656,25,12.70833333
29/09/1991,11.74264,NA,NA,NA,NA,NA,NA,NA,NA,NA,NA,NA,NA,NA,NA,NA,NA,NA,NA,NA,NA,NA,0.2,10.2,2.7,-16.65171709,-0.290627289,14,5.708333333
30/09/1991,11.74538,NA,NA,NA,NA,NA,NA,NA,NA,NA,NA,NA,NA,NA,NA,NA,NA,NA,NA,NA,NA,NA,1.8,10.6,0.8,-145.4197412,-2.538053281,NA,9.458333333
01/10/1991,11.74812,NA,NA,NA,NA,NA,NA,NA,NA,NA,NA,NA,NA,NA,NA,NA,NA,NA,NA,NA,NA,NA,10.1,11.2,6.9,-87.69590223,-1.530582234,48,18.29166667
02/10/1991,11.75086,NA,NA,NA,NA,NA,NA,NA,NA,NA,NA,NA,NA,NA,NA,NA,NA,NA,NA,NA,NA,NA,2.2,12.9,4.6,-170.9827749,-2.984212385,50,12.66666667
03/10/1991,11.75359,NA,NA,NA,NA,NA,NA,NA,NA,NA,NA,NA,NA,NA,NA,NA,NA,NA,NA,NA,NA,NA,14.2,14.7,5.7,-127.8727895,-2.2318012,61,22.16666667
04/10/1991,11.75633,NA,NA,NA,NA,NA,NA,NA,NA,NA,NA,NA,NA,NA,NA,NA,NA,NA,NA,NA,NA,NA,2.9,11.2,5.5,-126.2641259,-2.203724723,40,16.66666667
05/10/1991,11.75907,NA,NA,NA,NA,NA,NA,NA,NA,NA,NA,NA,NA,NA,NA,NA,NA,NA,NA,NA,NA,NA,3.1,11,5.1,-106.0955155,-1.851716067,22,8.625
06/10/1991,11.76181,NA,NA,NA,NA,NA,NA,NA,NA,NA,NA,NA,NA,NA,NA,NA,NA,NA,NA,NA,NA,NA,20.7,12.2,5,-163.1301062,-2.847157462,56,22.875
07/10/1991,11.76454,NA,NA,NA,NA,NA,NA,NA,NA,NA,NA,NA,NA,NA,NA,NA,NA,NA,NA,NA,NA,NA,8.2,11.9,8.6,-167.9183694,-2.93072842,43,23.04166667
08/10/1991,11.76728,NA,NA,NA,NA,NA,NA,NA,NA,NA,NA,NA,NA,NA,NA,NA,NA,NA,NA,NA,NA,NA,3.5,11.5,5.2,-156.3317917,-2.72850449,NA,5.291666667
09/10/1991,11.77002,NA,NA,NA,NA,NA,NA,NA,NA,NA,NA,NA,NA,NA,NA,NA,NA,NA,NA,NA,NA,NA,0.2,11.8,3.1,29.85080599,0.520994849,18,8.8
10/10/1991,11.77276,NA,NA,NA,NA,NA,NA,NA,NA,NA,NA,NA,NA,NA,NA,NA,NA,NA,NA,NA,NA,NA,0,12.4,7.3,130.2472478,2.273243316,NA,3.913043478
11/10/1991,11.77550,NA,NA,NA,NA,NA,NA,NA,NA,NA,NA,NA,NA,NA,NA,NA,NA,NA,NA,NA,NA,NA,0,12.5,5.3,-21.015522,-0.366790053,NA,3.208333333
12/10/1991,11.77823,NA,NA,NA,NA,NA,NA,NA,NA,NA,NA,NA,NA,NA,NA,NA,NA,NA,NA,NA,NA,NA,0,12.5,8.9,-13.22641937,-0.230844566,25,8.291666667
13/10/1991,11.78097,NA,NA,NA,NA,NA,NA,NA,NA,NA,NA,NA,NA,NA,NA,NA,NA,NA,NA,NA,NA,NA,0,11.3,4.6,-20.13330807,-0.351392515,23,10.70833333
14/10/1991,11.78371,NA,NA,NA,NA,NA,NA,NA,NA,NA,NA,NA,NA,NA,NA,NA,NA,NA,NA,NA,NA,NA,0.2,11.2,4.4,-70.90605869,-1.237544184,13,3.583333333
15/10/1991,11.78645,NA,NA,NA,NA,NA,NA,NA,NA,NA,NA,NA,NA,NA,NA,NA,NA,NA,NA,NA,NA,NA,2.5,10.3,4.9,-140.710569,-2.455862721,33,6.75
16/10/1991,11.78919,NA,NA,NA,NA,NA,NA,NA,NA,NA,NA,NA,NA,NA,NA,NA,NA,NA,NA,NA,NA,NA,21,12.4,6.5,-102.8438146,-1.79496318,65,31.66666667
17/10/1991,11.79192,NA,NA,NA,NA,NA,NA,NA,NA,NA,NA,NA,NA,NA,NA,NA,NA,NA,NA,NA,NA,NA,16.7,9.5,5,-37.16181147,-0.648595966,57,27.29166667
18/10/1991,11.79466,NA,NA,NA,NA,NA,NA,NA,NA,NA,NA,NA,NA,NA,NA,NA,NA,NA,NA,NA,NA,NA,4.2,7.1,3.5,-17.08186687,-0.298134819,43,17.91666667
19/10/1991,11.79740,NA,NA,NA,NA,NA,NA,NA,NA,NA,NA,NA,NA,NA,NA,NA,NA,NA,NA,NA,NA,NA,0.5,8.3,3.9,-41.68107547,-0.727472003,26,6.75
20/10/1991,11.80014,NA,NA,NA,NA,NA,NA,NA,NA,NA,NA,NA,NA,NA,NA,NA,NA,NA,NA,NA,NA,NA,3,9.7,4.8,-119.0125735,-2.077161259,14,2.541666667
21/10/1991,11.80287,NA,NA,NA,NA,NA,NA,NA,NA,NA,NA,NA,NA,NA,NA,NA,NA,NA,NA,NA,NA,NA,0.8,10.5,6,-67.43267554,-1.176922212,10,2.416666667
22/10/1991,11.80561,NA,NA,NA,NA,NA,NA,NA,NA,NA,NA,NA,NA,NA,NA,NA,NA,NA,NA,NA,NA,NA,0,10,5.2,-98.65891011,-1.721922818,NA,2.458333333
23/10/1991,11.80835,NA,NA,NA,NA,NA,NA,NA,NA,NA,NA,NA,NA,NA,NA,NA,NA,NA,NA,NA,NA,NA,0.2,10,4.5,-99.24309216,-1.732118718,12,3.083333333
24/10/1991,11.81109,NA,NA,NA,NA,NA,NA,NA,NA,NA,NA,NA,NA,NA,NA,NA,NA,NA,NA,NA,NA,NA,0,9.8,5.5,-150.0143944,-2.618245108,13,2.291666667
25/10/1991,11.81383,NA,NA,NA,NA,NA,NA,NA,NA,NA,NA,NA,NA,NA,NA,NA,NA,NA,NA,NA,NA,NA,0.4,9.5,7.9,-175.2020195,-3.057852097,17,6.791666667
26/10/1991,11.81656,NA,NA,NA,NA,NA,NA,NA,NA,NA,NA,NA,NA,NA,NA,NA,NA,NA,NA,NA,NA,NA,0.2,10.7,7.8,150.8853632,2.63344638,22,7.25
27/10/1991,11.81930,NA,NA,NA,NA,NA,NA,NA,NA,NA,NA,NA,NA,NA,NA,NA,NA,NA,NA,NA,NA,NA,1.7,12.5,5.4,152.3181315,2.658452905,21,8.083333333
28/10/1991,11.82204,NA,NA,NA,NA,NA,NA,NA,NA,NA,NA,NA,NA,NA,NA,NA,NA,NA,NA,NA,NA,NA,0,12,7.9,145.3108257,2.536152347,18,8.208333333
29/10/1991,11.82478,NA,NA,NA,NA,NA,NA,NA,NA,NA,NA,NA,NA,NA,NA,NA,NA,NA,NA,NA,NA,NA,0,13.3,7.9,109.8744652,1.917671181,26,10.95833333
30/10/1991,11.82752,NA,NA,NA,NA,NA,NA,NA,NA,NA,NA,NA,NA,NA,NA,NA,NA,NA,NA,NA,NA,NA,2.4,12.5,8.6,151.1272114,2.637667427,23,7.083333333
31/10/1991,11.83025,NA,NA,NA,NA,NA,NA,NA,NA,NA,NA,NA,NA,NA,NA,NA,NA,NA,NA,NA,NA,NA,2.7,10.6,7.4,140.459239,2.451476185,44,17.75
01/11/1991,11.83299,NA,NA,NA,NA,NA,NA,NA,NA,NA,NA,NA,NA,NA,NA,NA,NA,NA,NA,NA,NA,NA,8.8,11.5,8.1,166.2906437,2.902319248,33,12.375
02/11/1991,11.83573,NA,NA,NA,NA,NA,NA,NA,NA,NA,NA,NA,NA,NA,NA,NA,NA,NA,NA,NA,NA,NA,4.5,8.4,3.6,-131.2994609,-2.291607899,35,9.458333333
03/11/1991,11.83847,NA,NA,NA,NA,NA,NA,NA,NA,NA,NA,NA,NA,NA,NA,NA,NA,NA,NA,NA,NA,NA,0.9,6.4,0.2,-92.1797358,-1.608839893,26,4.125
04/11/1991,11.84120,NA,NA,NA,NA,NA,NA,NA,NA,NA,NA,NA,NA,NA,NA,NA,NA,NA,NA,NA,NA,NA,8.6,7.9,3.2,-14.1475983,-0.246922172,43,17.66666667
05/11/1991,11.84394,NA,NA,NA,NA,NA,NA,NA,NA,NA,NA,NA,NA,NA,NA,NA,NA,NA,NA,NA,NA,NA,1.8,6,1.2,-57.05552799,-0.99580682,31,8.458333333
06/11/1991,11.84668,NA,NA,NA,NA,NA,NA,NA,NA,NA,NA,NA,NA,NA,NA,NA,NA,NA,NA,NA,NA,NA,16.2,10.7,2.6,-121.5797503,-2.121966946,38,14.20833333
07/11/1991,11.84942,NA,NA,NA,NA,NA,NA,NA,NA,NA,NA,NA,NA,NA,NA,NA,NA,NA,NA,NA,NA,NA,3,7.3,4.2,-101.2121913,-1.766485981,35,13.95833333
08/11/1991,11.85216,NA,NA,NA,NA,NA,NA,NA,NA,NA,NA,NA,NA,NA,NA,NA,NA,NA,NA,NA,NA,NA,10,6.2,2.6,-68.78362979,-1.200500811,30,9.625
09/11/1991,11.85489,NA,NA,NA,NA,NA,NA,NA,NA,NA,NA,NA,NA,NA,NA,NA,NA,NA,NA,NA,NA,NA,1.4,5.5,1.9,-83.00284967,-1.448673015,22,7.125
10/11/1991,11.85763,NA,NA,NA,NA,NA,NA,NA,NA,NA,NA,NA,NA,NA,NA,NA,NA,NA,NA,NA,NA,NA,22.2,10.5,1.7,-145.1764328,-2.533806749,56,16.875
11/11/1991,11.86037,NA,NA,NA,NA,NA,NA,NA,NA,NA,NA,NA,NA,NA,NA,NA,NA,NA,NA,NA,NA,NA,5.2,6.1,1.4,-114.9470801,-2.006205014,51,17.04166667
12/11/1991,11.86311,NA,NA,NA,NA,NA,NA,NA,NA,NA,NA,NA,NA,NA,NA,NA,NA,NA,NA,NA,NA,NA,25.4,8.8,1.7,-136.6297307,-2.384638657,56,17.04166667
13/11/1991,11.86585,NA,NA,NA,NA,NA,NA,NA,NA,NA,NA,NA,NA,NA,NA,NA,NA,NA,NA,NA,NA,NA,1.5,7,2.2,-125.7717463,-2.195131078,45,12.54166667
14/11/1991,11.86858,NA,NA,NA,NA,NA,NA,NA,NA,NA,NA,NA,NA,NA,NA,NA,NA,NA,NA,NA,NA,NA,7.2,7.9,4.1,-19.33351235,-0.337433447,39,15.04166667
15/11/1991,11.87132,NA,NA,NA,NA,NA,NA,NA,NA,NA,NA,NA,NA,NA,NA,NA,NA,NA,NA,NA,NA,NA,1.9,7.6,4,29.92998739,0.522376825,24,9.75
16/11/1991,11.87406,NA,NA,NA,NA,NA,NA,NA,NA,NA,NA,NA,NA,NA,NA,NA,NA,NA,NA,NA,NA,NA,0,6.6,-0.4,87.85637431,1.533383001,NA,3.125
17/11/1991,11.87680,NA,NA,NA,NA,NA,NA,NA,NA,NA,NA,NA,NA,NA,NA,NA,NA,NA,NA,NA,NA,NA,0,6.7,-0.9,-117.5806663,-2.052169764,NA,2.75
18/11/1991,11.87953,NA,NA,NA,NA,NA,NA,NA,NA,NA,NA,NA,NA,NA,NA,NA,NA,NA,NA,NA,NA,NA,3.4,7.9,3,55.75117222,0.973041517,36,13.75
19/11/1991,11.88227,NA,NA,NA,NA,NA,NA,NA,NA,NA,NA,NA,NA,NA,NA,NA,NA,NA,NA,NA,NA,NA,0.2,8.5,1.8,-1.406700966,-0.024551563,22,5.625
20/11/1991,11.88501,NA,NA,NA,NA,NA,NA,NA,NA,NA,NA,NA,NA,NA,NA,NA,NA,NA,NA,NA,NA,NA,2.2,8.5,1.6,-143.4815086,-2.50422474,34,6.583333333
21/11/1991,11.88775,NA,NA,NA,NA,NA,NA,NA,NA,NA,NA,NA,NA,NA,NA,NA,NA,NA,NA,NA,NA,NA,30.8,11.8,8,-129.8826963,-2.266880692,39,16.79166667
22/11/1991,11.89049,NA,NA,NA,NA,NA,NA,NA,NA,NA,NA,NA,NA,NA,NA,NA,NA,NA,NA,NA,NA,NA,8.2,11.8,10.1,-161.2474151,-2.814298304,36,17.16666667
23/11/1991,11.89322,NA,NA,NA,NA,NA,NA,NA,NA,NA,NA,NA,NA,NA,NA,NA,NA,NA,NA,NA,NA,NA,3.1,11.2,9.8,-176.6873886,-3.083776678,47,21.625
24/11/1991,11.89596,NA,NA,NA,NA,NA,NA,NA,NA,NA,NA,NA,NA,NA,NA,NA,NA,NA,NA,NA,NA,NA,22,11.4,9.5,177.0867526,3.090746894,45,20.25
25/11/1991,11.89870,NA,NA,NA,NA,NA,NA,NA,NA,NA,NA,NA,NA,NA,NA,NA,NA,NA,NA,NA,NA,NA,4.1,11.9,8.8,164.1550504,2.865046114,51,24.125
26/11/1991,11.90144,NA,NA,NA,NA,NA,NA,NA,NA,NA,NA,NA,NA,NA,NA,NA,NA,NA,NA,NA,NA,NA,2.8,11.2,4.3,-149.1423814,-2.60302561,55,10.70833333
27/11/1991,11.90418,NA,NA,NA,NA,NA,NA,NA,NA,NA,NA,NA,NA,NA,NA,NA,NA,NA,NA,NA,NA,NA,2.6,9.5,4.6,-171.2553845,-2.988970321,50,22.79166667
28/11/1991,11.90691,NA,NA,NA,NA,NA,NA,NA,NA,NA,NA,NA,NA,NA,NA,NA,NA,NA,NA,NA,NA,NA,6.7,9.8,4.1,-146.6156134,-2.558925189,41,14.33333333
29/11/1991,11.90965,NA,NA,NA,NA,NA,NA,NA,NA,NA,NA,NA,NA,NA,NA,NA,NA,NA,NA,NA,NA,NA,6.2,12.2,4.5,170.4899534,2.975611028,50,16.54166667
30/11/1991,11.91239,NA,NA,NA,NA,NA,NA,NA,NA,NA,NA,NA,NA,NA,NA,NA,NA,NA,NA,NA,NA,NA,6,12,4.3,-69.80798212,-1.218379132,53,11.33333333
01/12/1991,11.91513,NA,NA,NA,NA,NA,NA,NA,NA,NA,NA,NA,NA,NA,NA,NA,NA,NA,NA,NA,NA,NA,0.2,8.3,0.4,-129.3617777,-2.257788948,23,4.958333333
02/12/1991,11.91786,NA,NA,NA,NA,NA,NA,NA,NA,NA,NA,NA,NA,NA,NA,NA,NA,NA,NA,NA,NA,NA,0.5,10.3,6.1,-170.0506366,-2.967943504,29,13.66666667
03/12/1991,11.92060,NA,NA,NA,NA,NA,NA,NA,NA,NA,NA,NA,NA,NA,NA,NA,NA,NA,NA,NA,NA,NA,0.2,10.4,7.7,-147.0572571,-2.566633325,24,8.166666667
04/12/1991,11.92334,NA,NA,NA,NA,NA,NA,NA,NA,NA,NA,NA,NA,NA,NA,NA,NA,NA,NA,NA,NA,NA,0.7,9.5,6.3,49.93764435,0.871576315,14,4.208333333
05/12/1991,11.92608,NA,NA,NA,NA,NA,NA,NA,NA,NA,NA,NA,NA,NA,NA,NA,NA,NA,NA,NA,NA,NA,0,7.8,1.7,120.1935233,2.097772721,NA,3.708333333
06/12/1991,11.92882,NA,NA,NA,NA,NA,NA,NA,NA,NA,NA,NA,NA,NA,NA,NA,NA,NA,NA,NA,NA,NA,0,7.1,0,-170.1175913,-2.969112083,NA,9.375
07/12/1991,11.93155,NA,NA,NA,NA,NA,NA,NA,NA,NA,NA,NA,NA,NA,NA,NA,NA,NA,NA,NA,NA,NA,0,8.3,6.6,-173.3295631,-3.025171566,33,16.125
08/12/1991,11.93429,NA,NA,NA,NA,NA,NA,NA,NA,NA,NA,NA,NA,NA,NA,NA,NA,NA,NA,NA,NA,NA,0.4,8.8,7.6,-175.4177202,-3.061616784,21,10.83333333
09/12/1991,11.93703,NA,NA,NA,NA,NA,NA,NA,NA,NA,NA,NA,NA,NA,NA,NA,NA,NA,NA,NA,NA,NA,0,8.9,7.2,-178.3338118,-3.112512184,31,15.41666667
10/12/1991,11.93977,NA,NA,NA,NA,NA,NA,NA,NA,NA,NA,NA,NA,NA,NA,NA,NA,NA,NA,NA,NA,NA,0,8.2,7,-170.4163923,-2.974327144,40,19.45833333
11/12/1991,11.94251,NA,NA,NA,NA,NA,NA,NA,NA,NA,NA,NA,NA,NA,NA,NA,NA,NA,NA,NA,NA,NA,0,8.5,6.7,-173.3337956,-3.025245439,33,17.20833333
12/12/1991,11.94524,NA,NA,NA,NA,NA,NA,NA,NA,NA,NA,NA,NA,NA,NA,NA,NA,NA,NA,NA,NA,NA,1.8,10,7.1,-145.4135502,-2.537945229,33,13.25
13/12/1991,11.94798,NA,NA,NA,NA,NA,NA,NA,NA,NA,NA,NA,NA,NA,NA,NA,NA,NA,NA,NA,NA,NA,0.2,12,9,-138.3572314,-2.414789232,48,21.125
14/12/1991,11.95072,NA,NA,NA,NA,NA,NA,NA,NA,NA,NA,NA,NA,NA,NA,NA,NA,NA,NA,NA,NA,NA,4.7,10.5,4.1,-139.1271536,-2.428226909,24,7.666666667
15/12/1991,11.95346,NA,NA,NA,NA,NA,NA,NA,NA,NA,NA,NA,NA,NA,NA,NA,NA,NA,NA,NA,NA,NA,0.3,8.9,7.1,-158.3295631,-2.763372179,22,10.25
16/12/1991,11.95619,NA,NA,NA,NA,NA,NA,NA,NA,NA,NA,NA,NA,NA,NA,NA,NA,NA,NA,NA,NA,NA,1.2,8.8,5.5,-173.3423095,-3.025394034,33,13.625
17/12/1991,11.95893,NA,NA,NA,NA,NA,NA,NA,NA,NA,NA,NA,NA,NA,NA,NA,NA,NA,NA,NA,NA,NA,9.1,9.6,3.6,-140.1492605,-2.44606604,51,22.5
18/12/1991,11.96167,NA,NA,NA,NA,NA,NA,NA,NA,NA,NA,NA,NA,NA,NA,NA,NA,NA,NA,NA,NA,NA,5.8,6.2,1.1,-115.8283586,-2.021586225,50,16.45833333
19/12/1991,11.96441,NA,NA,NA,NA,NA,NA,NA,NA,NA,NA,NA,NA,NA,NA,NA,NA,NA,NA,NA,NA,NA,12.5,10,0.9,-116.099896,-2.026325446,53,23.20833333
20/12/1991,11.96715,NA,NA,NA,NA,NA,NA,NA,NA,NA,NA,NA,NA,NA,NA,NA,NA,NA,NA,NA,NA,NA,3.1,4.5,0.6,-86.54473877,-1.510490642,42,14.16666667
21/12/1991,11.96988,NA,NA,NA,NA,NA,NA,NA,NA,NA,NA,NA,NA,NA,NA,NA,NA,NA,NA,NA,NA,NA,5.4,6.1,0.7,155.8083497,2.719368704,NA,5.125
22/12/1991,11.97262,NA,NA,NA,NA,NA,NA,NA,NA,NA,NA,NA,NA,NA,NA,NA,NA,NA,NA,NA,NA,NA,5.9,11.6,4.1,-132.3934042,-2.310700812,55,17.25
23/12/1991,11.97536,NA,NA,NA,NA,NA,NA,NA,NA,NA,NA,NA,NA,NA,NA,NA,NA,NA,NA,NA,NA,NA,3.8,7,1.1,-82.84754005,-1.445962351,42,13.5
24/12/1991,11.97810,NA,NA,NA,NA,NA,NA,NA,NA,NA,NA,NA,NA,NA,NA,NA,NA,NA,NA,NA,NA,NA,0.5,5.6,2,-87.97481342,-1.535450153,31,8.291666667
25/12/1991,11.98084,NA,NA,NA,NA,NA,NA,NA,NA,NA,NA,NA,NA,NA,NA,NA,NA,NA,NA,NA,NA,NA,5.9,10.9,2.9,-147.7700728,-2.579074306,41,19
26/12/1991,11.98357,NA,NA,NA,NA,NA,NA,NA,NA,NA,NA,NA,NA,NA,NA,NA,NA,NA,NA,NA,NA,NA,0.3,9,5.1,-81.77034987,-1.427161836,31,10.16666667
27/12/1991,11.98631,NA,NA,NA,NA,NA,NA,NA,NA,NA,NA,NA,NA,NA,NA,NA,NA,NA,NA,NA,NA,NA,0.2,9.8,4.1,-143.7276428,-2.508520593,21,7.375
28/12/1991,11.98905,NA,NA,NA,NA,NA,NA,NA,NA,NA,NA,NA,NA,NA,NA,NA,NA,NA,NA,NA,NA,NA,2,9.6,7.2,-148.9464477,-2.599605922,29,12.70833333
29/12/1991,11.99179,NA,NA,NA,NA,NA,NA,NA,NA,NA,NA,NA,NA,NA,NA,NA,NA,NA,NA,NA,NA,NA,0.2,7.4,1.7,-125.7434065,-2.194636456,NA,5.041666667
30/12/1991,11.99452,NA,NA,NA,NA,NA,NA,NA,NA,NA,NA,NA,NA,NA,NA,NA,NA,NA,NA,NA,NA,NA,0.1,9.3,3,-175.4139948,-3.061551764,37,14.20833333
31/12/1991,11.99726,NA,NA,NA,NA,NA,NA,NA,NA,NA,NA,NA,NA,NA,NA,NA,NA,NA,NA,NA,NA,NA,9.9,8.3,3.9,-155.6127177,-2.715954281,66,25.625
01/01/1992,12.00000,NA,NA,NA,NA,NA,NA,NA,NA,NA,NA,NA,NA,NA,NA,NA,NA,NA,NA,NA,NA,NA,17.3,11.7,3.9,-126.1049527,-2.200946628,79,22.45833333
02/01/1992,12.00274,NA,NA,NA,NA,NA,NA,NA,NA,NA,NA,NA,NA,NA,NA,NA,NA,NA,NA,NA,NA,NA,15,12,7.6,-131.6683099,-2.298045528,54,24.125
03/01/1992,12.00548,NA,NA,NA,NA,NA,NA,NA,NA,NA,NA,NA,NA,NA,NA,NA,NA,NA,NA,NA,NA,NA,8.8,7.7,2,-123.7613436,-2.160042933,45,17.08333333
04/01/1992,12.00821,NA,NA,NA,NA,NA,NA,NA,NA,NA,NA,NA,NA,NA,NA,NA,NA,NA,NA,NA,NA,NA,7.1,4,1.1,-111.0505373,-1.938197512,28,8.541666667
05/01/1992,12.01095,NA,NA,NA,NA,NA,NA,NA,NA,NA,NA,NA,NA,NA,NA,NA,NA,NA,NA,NA,NA,NA,0.5,5.2,0.5,-139.5693635,-2.435944929,NA,3.166666667
06/01/1992,12.01369,NA,NA,NA,NA,NA,NA,NA,NA,NA,NA,NA,NA,NA,NA,NA,NA,NA,NA,NA,NA,NA,14.5,11.6,2,-156.1345707,-2.725062335,44,11.70833333
07/01/1992,12.01643,NA,NA,NA,NA,NA,NA,NA,NA,NA,NA,NA,NA,NA,NA,NA,NA,NA,NA,NA,NA,NA,2,6,2.1,-126.683962,-2.211052247,NA,2.833333333
08/01/1992,12.01916,NA,NA,NA,NA,NA,NA,NA,NA,NA,NA,NA,NA,NA,NA,NA,NA,NA,NA,NA,NA,NA,0.5,6.7,1.2,-4.127948505,-0.072046293,NA,11.79166667
09/01/1992,12.02190,NA,NA,NA,NA,NA,NA,NA,NA,NA,NA,NA,NA,NA,NA,NA,NA,NA,NA,NA,NA,NA,0.4,4.2,-1.5,-63.29682456,-1.104737995,21,4.791666667
10/01/1992,12.02464,NA,NA,NA,NA,NA,NA,NA,NA,NA,NA,NA,NA,NA,NA,NA,NA,NA,NA,NA,NA,NA,0,9.6,-0.3,-153.3210002,-2.675956267,34,16.25
11/01/1992,12.02738,NA,NA,NA,NA,NA,NA,NA,NA,NA,NA,NA,NA,NA,NA,NA,NA,NA,NA,NA,NA,NA,0,9.9,7.5,-124.6231488,-2.17508427,35,11.79166667
12/01/1992,12.03012,NA,NA,NA,NA,NA,NA,NA,NA,NA,NA,NA,NA,NA,NA,NA,NA,NA,NA,NA,NA,NA,0,8.6,5.7,-129.4687776,-2.259656448,NA,3.125
13/01/1992,12.03285,NA,NA,NA,NA,NA,NA,NA,NA,NA,NA,NA,NA,NA,NA,NA,NA,NA,NA,NA,NA,NA,0.6,8.1,6.1,-139.1516343,-2.428654178,20,7.208333333
14/01/1992,12.03559,NA,NA,NA,NA,NA,NA,NA,NA,NA,NA,NA,NA,NA,NA,NA,NA,NA,NA,NA,NA,NA,0.2,8.7,6.3,-120.3272488,-2.100106671,NA,4.416666667
15/01/1992,12.03833,NA,NA,NA,NA,NA,NA,NA,NA,NA,NA,NA,NA,NA,NA,NA,NA,NA,NA,NA,NA,NA,0,7.7,5.1,-158.7669338,-2.771005738,NA,5.083333333
16/01/1992,12.04107,NA,NA,NA,NA,NA,NA,NA,NA,NA,NA,NA,NA,NA,NA,NA,NA,NA,NA,NA,NA,NA,1.2,9.3,3,-101.1389697,-1.765208023,NA,6.875
17/01/1992,12.04381,NA,NA,NA,NA,NA,NA,NA,NA,NA,NA,NA,NA,NA,NA,NA,NA,NA,NA,NA,NA,NA,0,8.9,2.3,-142.9617884,-2.495153913,21,6.458333333
18/01/1992,12.04654,NA,NA,NA,NA,NA,NA,NA,NA,NA,NA,NA,NA,NA,NA,NA,NA,NA,NA,NA,NA,NA,0.5,9.4,7.3,-140.7042605,-2.455752618,26,10.58333333
19/01/1992,12.04928,NA,NA,NA,NA,NA,NA,NA,NA,NA,NA,NA,NA,NA,NA,NA,NA,NA,NA,NA,NA,NA,0,10,8.2,-115.2855661,-2.012112708,NA,7.833333333
20/01/1992,12.05202,NA,NA,NA,NA,NA,NA,NA,NA,NA,NA,NA,NA,NA,NA,NA,NA,NA,NA,NA,NA,NA,0,9.4,8.1,-176.1562143,-3.074505937,NA,5.791666667
21/01/1992,12.05476,NA,NA,NA,NA,NA,NA,NA,NA,NA,NA,NA,NA,NA,NA,NA,NA,NA,NA,NA,NA,NA,0,8.7,5.3,177.0639695,3.090349255,40,19.75
22/01/1992,12.05749,NA,NA,NA,NA,NA,NA,NA,NA,NA,NA,NA,NA,NA,NA,NA,NA,NA,NA,NA,NA,NA,0.1,6.6,4.2,177.5015976,3.097987307,47,25.5
23/01/1992,12.06023,NA,NA,NA,NA,NA,NA,NA,NA,NA,NA,NA,NA,NA,NA,NA,NA,NA,NA,NA,NA,NA,0,7.5,5.8,179.1698981,3.127104642,53,29.83333333
24/01/1992,12.06297,NA,NA,NA,NA,NA,NA,NA,NA,NA,NA,NA,NA,NA,NA,NA,NA,NA,NA,NA,NA,NA,0.3,8.3,6,-179.1698981,-3.127104642,45,24.91666667
25/01/1992,12.06571,NA,NA,NA,NA,NA,NA,NA,NA,NA,NA,NA,NA,NA,NA,NA,NA,NA,NA,NA,NA,NA,10.8,9.5,2.2,-95.39362787,-1.664932892,NA,10.29166667
26/01/1992,12.06845,NA,NA,NA,NA,NA,NA,NA,NA,NA,NA,NA,NA,NA,NA,NA,NA,NA,NA,NA,NA,NA,0,6.7,1.1,-147.0839625,-2.567099423,NA,4.875
27/01/1992,12.07118,NA,NA,NA,NA,NA,NA,NA,NA,NA,NA,NA,NA,NA,NA,NA,NA,NA,NA,NA,NA,NA,0,7.9,5.6,-173.7517804,-3.032540649,35,13.45833333
28/01/1992,12.07392,NA,NA,NA,NA,NA,NA,NA,NA,NA,NA,NA,NA,NA,NA,NA,NA,NA,NA,NA,NA,NA,0.6,9.4,6.9,-169.2887842,-2.954646672,NA,4
29/01/1992,12.07666,NA,NA,NA,NA,NA,NA,NA,NA,NA,NA,NA,NA,NA,NA,NA,NA,NA,NA,NA,NA,NA,0,8.5,3.7,175.0323409,3.054890647,NA,2.125
30/01/1992,12.07940,NA,NA,NA,NA,NA,NA,NA,NA,NA,NA,NA,NA,NA,NA,NA,NA,NA,NA,NA,NA,NA,0,6.8,1,-174.7887736,-3.050639594,NA,8.041666667
31/01/1992,12.08214,NA,NA,NA,NA,NA,NA,NA,NA,NA,NA,NA,NA,NA,NA,NA,NA,NA,NA,NA,NA,NA,2.6,7.9,5.7,-175.5428132,-3.063800069,35,13.83333333
01/02/1992,12.08487,NA,NA,NA,NA,NA,NA,NA,NA,NA,NA,NA,NA,NA,NA,NA,NA,NA,NA,NA,NA,NA,0.1,8.7,4.8,-154.6083779,-2.698425246,NA,6.666666667
02/02/1992,12.08761,NA,NA,NA,NA,NA,NA,NA,NA,NA,NA,NA,NA,NA,NA,NA,NA,NA,NA,NA,NA,NA,9,8.1,1.6,-134.4734357,-2.34700421,44,10.375
03/02/1992,12.09035,NA,NA,NA,NA,NA,NA,NA,NA,NA,NA,NA,NA,NA,NA,NA,NA,NA,NA,NA,NA,NA,1.9,6,1.8,-101.689164,-1.774810726,NA,10.45833333
04/02/1992,12.09309,NA,NA,NA,NA,NA,NA,NA,NA,NA,NA,NA,NA,NA,NA,NA,NA,NA,NA,NA,NA,NA,4.6,9.4,0.5,-123.228882,-2.150749725,NA,7.083333333
05/02/1992,12.09582,NA,NA,NA,NA,NA,NA,NA,NA,NA,NA,NA,NA,NA,NA,NA,NA,NA,NA,NA,NA,NA,0.4,10.7,7.8,-118.6881738,-2.071499415,31,13.04166667
06/02/1992,12.09856,NA,NA,NA,NA,NA,NA,NA,NA,NA,NA,NA,NA,NA,NA,NA,NA,NA,NA,NA,NA,NA,0.1,10.6,8,-152.0418755,-2.653631329,39,16.91666667
07/02/1992,12.10130,NA,NA,NA,NA,NA,NA,NA,NA,NA,NA,NA,NA,NA,NA,NA,NA,NA,NA,NA,NA,NA,5,10.6,7.9,-162.9367785,-2.843783258,39,13.25
08/02/1992,12.10404,NA,NA,NA,NA,NA,NA,NA,NA,NA,NA,NA,NA,NA,NA,NA,NA,NA,NA,NA,NA,NA,0.9,9.6,8,175.4219941,3.061691377,45,17.16666667
09/02/1992,12.10678,NA,NA,NA,NA,NA,NA,NA,NA,NA,NA,NA,NA,NA,NA,NA,NA,NA,NA,NA,NA,NA,5.5,8.6,2.1,-161.5016694,-2.818735878,41,10.125
10/02/1992,12.10951,NA,NA,NA,NA,NA,NA,NA,NA,NA,NA,NA,NA,NA,NA,NA,NA,NA,NA,NA,NA,NA,3.2,4.9,0.8,-133.0361446,-2.321918748,35,9.25
11/02/1992,12.11225,NA,NA,NA,NA,NA,NA,NA,NA,NA,NA,NA,NA,NA,NA,NA,NA,NA,NA,NA,NA,NA,1.3,8,1,-161.301267,-2.815238197,35,10.54166667
12/02/1992,12.11499,NA,NA,NA,NA,NA,NA,NA,NA,NA,NA,NA,NA,NA,NA,NA,NA,NA,NA,NA,NA,NA,3.4,9.7,3.9,160.0515003,2.793425653,32,10.41666667
13/02/1992,12.11773,NA,NA,NA,NA,NA,NA,NA,NA,NA,NA,NA,NA,NA,NA,NA,NA,NA,NA,NA,NA,NA,6.9,7.2,3.6,-150.3911462,-2.624820667,32,9.041666667
14/02/1992,12.12047,NA,NA,NA,NA,NA,NA,NA,NA,NA,NA,NA,NA,NA,NA,NA,NA,NA,NA,NA,NA,NA,1.8,8,4.2,173.2665535,3.024071842,23,5.833333333
15/02/1992,12.12320,NA,NA,NA,NA,NA,NA,NA,NA,NA,NA,NA,NA,NA,NA,NA,NA,NA,NA,NA,NA,NA,21.1,7.9,2.8,-112.741173,-1.967704672,43,13.5
16/02/1992,12.12594,NA,NA,NA,NA,NA,NA,NA,NA,NA,NA,NA,NA,NA,NA,NA,NA,NA,NA,NA,NA,NA,5.2,6.3,0.3,-37.94193485,-0.662211688,NA,5.541666667
17/02/1992,12.12868,NA,NA,NA,NA,NA,NA,NA,NA,NA,NA,NA,NA,NA,NA,NA,NA,NA,NA,NA,NA,NA,14.3,5.6,1,-162.1231658,-2.829583038,NA,11.33333333
18/02/1992,12.13142,NA,NA,NA,NA,NA,NA,NA,NA,NA,NA,NA,NA,NA,NA,NA,NA,NA,NA,NA,NA,NA,0.4,6.7,-0.9,-122.3979983,-2.136248068,NA,4.583333333
19/02/1992,12.13415,NA,NA,NA,NA,NA,NA,NA,NA,NA,NA,NA,NA,NA,NA,NA,NA,NA,NA,NA,NA,NA,0,7.1,3.1,-166.2482196,-2.901578807,33,14.20833333
20/02/1992,12.13689,NA,NA,NA,NA,NA,NA,NA,NA,NA,NA,NA,NA,NA,NA,NA,NA,NA,NA,NA,NA,NA,4.9,8.4,3.4,-154.3361587,-2.693674125,34,15.875
21/02/1992,12.13963,NA,NA,NA,NA,NA,NA,NA,NA,NA,NA,NA,NA,NA,NA,NA,NA,NA,NA,NA,NA,NA,6.3,7.6,2,-152.9986466,-2.670330134,51,16.54166667
22/02/1992,12.14237,NA,NA,NA,NA,NA,NA,NA,NA,NA,NA,NA,NA,NA,NA,NA,NA,NA,NA,NA,NA,NA,14.9,11.2,7,-138.3403243,-2.414494148,49,19.5
23/02/1992,12.14511,NA,NA,NA,NA,NA,NA,NA,NA,NA,NA,NA,NA,NA,NA,NA,NA,NA,NA,NA,NA,NA,1.2,8.6,3.2,-150.0170575,-2.618291588,56,16.29166667
24/02/1992,12.14784,NA,NA,NA,NA,NA,NA,NA,NA,NA,NA,NA,NA,NA,NA,NA,NA,NA,NA,NA,NA,NA,9.6,10,3.8,-139.9613845,-2.442786986,36,12.5
25/02/1992,12.15058,NA,NA,NA,NA,NA,NA,NA,NA,NA,NA,NA,NA,NA,NA,NA,NA,NA,NA,NA,NA,NA,2.7,8.3,2.1,175.0645776,3.055453283,NA,13.875
26/02/1992,12.15332,NA,NA,NA,NA,NA,NA,NA,NA,NA,NA,NA,NA,NA,NA,NA,NA,NA,NA,NA,NA,NA,3.4,8.4,3.5,-166.0718002,-2.898499709,45,14.83333333
27/02/1992,12.15606,NA,NA,NA,NA,NA,NA,NA,NA,NA,NA,NA,NA,NA,NA,NA,NA,NA,NA,NA,NA,NA,9.5,10.8,1.9,-172.6267241,-3.012904713,67,20.375
28/02/1992,12.15880,NA,NA,NA,NA,NA,NA,NA,NA,NA,NA,NA,NA,NA,NA,NA,NA,NA,NA,NA,NA,NA,2.6,6.9,1.4,-170.4731772,-2.975318229,52,22.54166667
29/02/1992,12.16153,NA,NA,NA,NA,NA,NA,NA,NA,NA,NA,NA,NA,NA,NA,NA,NA,NA,NA,NA,NA,NA,4.1,8.6,5.7,-174.5822798,-3.047035598,47,23.29166667
01/03/1992,12.16427,NA,NA,NA,NA,NA,NA,NA,NA,NA,NA,NA,NA,NA,NA,NA,NA,NA,NA,NA,NA,NA,1.9,8.2,2.1,-140.4186796,-2.450768291,26,6.916666667
02/03/1992,12.16701,NA,NA,NA,NA,NA,NA,NA,NA,NA,NA,NA,NA,NA,NA,NA,NA,NA,NA,NA,NA,NA,8.8,7.6,1.5,-138.4898575,-2.417103994,26,8.75
03/03/1992,12.16975,NA,NA,NA,NA,NA,NA,NA,NA,NA,NA,NA,NA,NA,NA,NA,NA,NA,NA,NA,NA,NA,3,11.1,6.6,-154.0711021,-2.689048013,35,14.66666667
04/03/1992,12.17248,NA,NA,NA,NA,NA,NA,NA,NA,NA,NA,NA,NA,NA,NA,NA,NA,NA,NA,NA,NA,NA,2,10.5,8.1,172.9462293,3.01848113,56,19.16666667
05/03/1992,12.17522,NA,NA,NA,NA,NA,NA,NA,NA,NA,NA,NA,NA,NA,NA,NA,NA,NA,NA,NA,NA,NA,10.4,9.5,6.2,160.6683249,2.804191273,NA,5.833333333
06/03/1992,12.17796,NA,NA,NA,NA,NA,NA,NA,NA,NA,NA,NA,NA,NA,NA,NA,NA,NA,NA,NA,NA,NA,8.5,9.1,2.7,-168.9042154,-2.94793468,NA,14.875
07/03/1992,12.18070,NA,NA,NA,NA,NA,NA,NA,NA,NA,NA,NA,NA,NA,NA,NA,NA,NA,NA,NA,NA,NA,1.7,10.1,4.4,-60.71554427,-1.059686155,36,13.25
08/03/1992,12.18344,NA,NA,NA,NA,NA,NA,NA,NA,NA,NA,NA,NA,NA,NA,NA,NA,NA,NA,NA,NA,NA,0,9.3,1.3,-148.2479222,-2.587414352,NA,9.166666667
09/03/1992,12.18617,NA,NA,NA,NA,NA,NA,NA,NA,NA,NA,NA,NA,NA,NA,NA,NA,NA,NA,NA,NA,NA,4.1,9.2,4.9,-163.9132963,-2.860826708,46,15.29166667
10/03/1992,12.18891,NA,NA,NA,NA,NA,NA,NA,NA,NA,NA,NA,NA,NA,NA,NA,NA,NA,NA,NA,NA,NA,8.1,8.2,0.6,-129.2464912,-2.255776817,44,11.75
11/03/1992,12.19165,NA,NA,NA,NA,NA,NA,NA,NA,NA,NA,NA,NA,NA,NA,NA,NA,NA,NA,NA,NA,NA,11.9,8.6,0.5,-124.837854,-2.178831583,49,13.75
12/03/1992,12.19439,NA,NA,NA,NA,NA,NA,NA,NA,NA,NA,NA,NA,NA,NA,NA,NA,NA,NA,NA,NA,NA,5,8.3,-0.4,-88.71100953,-1.548299199,56,19.70833333
13/03/1992,12.19713,NA,NA,NA,NA,NA,NA,NA,NA,NA,NA,NA,NA,NA,NA,NA,NA,NA,NA,NA,NA,NA,9.6,3,-3,-67.18688865,-1.172632421,NA,6.041666667
14/03/1992,12.19986,NA,NA,NA,NA,NA,NA,NA,NA,NA,NA,NA,NA,NA,NA,NA,NA,NA,NA,NA,NA,NA,6.7,2.2,-2.9,-77.34996301,-1.350011531,NA,10.95833333
15/03/1992,12.20260,NA,NA,NA,NA,NA,NA,NA,NA,NA,NA,NA,NA,NA,NA,NA,NA,NA,NA,NA,NA,NA,0.4,3.9,-5,-124.1357719,-2.16657794,NA,4.833333333
16/03/1992,12.20534,NA,NA,NA,NA,NA,NA,NA,NA,NA,NA,NA,NA,NA,NA,NA,NA,NA,NA,NA,NA,NA,0.7,11.2,3.3,-155.8406925,-2.719933192,33,10.75
17/03/1992,12.20808,NA,NA,NA,NA,NA,NA,NA,NA,NA,NA,NA,NA,NA,NA,NA,NA,NA,NA,NA,NA,NA,0.7,10.3,5.8,-154.7588625,-2.701051698,47,14.125
18/03/1992,12.21081,NA,NA,NA,NA,NA,NA,NA,NA,NA,NA,NA,NA,NA,NA,NA,NA,NA,NA,NA,NA,NA,5.3,8.1,4.4,-115.0515142,-2.008027732,NA,4.416666667
19/03/1992,12.21355,NA,NA,NA,NA,NA,NA,NA,NA,NA,NA,NA,NA,NA,NA,NA,NA,NA,NA,NA,NA,NA,19.7,11,1.9,-157.0926301,-2.741783626,NA,9.875
20/03/1992,12.21629,NA,NA,NA,NA,NA,NA,NA,NA,NA,NA,NA,NA,NA,NA,NA,NA,NA,NA,NA,NA,NA,1.8,10.7,7.4,-144.7580595,-2.526504758,30,10.375
21/03/1992,12.21903,NA,NA,NA,NA,NA,NA,NA,NA,NA,NA,NA,NA,NA,NA,NA,NA,NA,NA,NA,NA,NA,4.5,8,1.9,-141.1539651,-2.463601443,NA,7.083333333
22/03/1992,12.22177,NA,NA,NA,NA,NA,NA,NA,NA,NA,NA,NA,NA,NA,NA,NA,NA,NA,NA,NA,NA,NA,6.7,8.4,1.2,-113.8806365,-1.987592061,NA,7.791666667
23/03/1992,12.22450,NA,NA,NA,NA,NA,NA,NA,NA,NA,NA,NA,NA,NA,NA,NA,NA,NA,NA,NA,NA,NA,8.5,8.6,2.9,-23.97161704,-0.418383644,38,16.25
24/03/1992,12.22724,NA,NA,NA,NA,NA,NA,NA,NA,NA,NA,NA,NA,NA,NA,NA,NA,NA,NA,NA,NA,NA,1,7.9,4.2,-38.85786522,-0.678197688,25,9.291666667
25/03/1992,12.22998,NA,NA,NA,NA,NA,NA,NA,NA,NA,NA,NA,NA,NA,NA,NA,NA,NA,NA,NA,NA,NA,6.5,8.5,3.9,-88.27683557,-1.540721434,40,12.75
26/03/1992,12.23272,NA,NA,NA,NA,NA,NA,NA,NA,NA,NA,NA,NA,NA,NA,NA,NA,NA,NA,NA,NA,NA,6.2,6.2,1.1,-31.24264965,-0.545287103,52,20.125
27/03/1992,12.23546,NA,NA,NA,NA,NA,NA,NA,NA,NA,NA,NA,NA,NA,NA,NA,NA,NA,NA,NA,NA,NA,0.7,8.3,2,-63.70154979,-1.111801782,NA,4.916666667
28/03/1992,12.23819,NA,NA,NA,NA,NA,NA,NA,NA,NA,NA,NA,NA,NA,NA,NA,NA,NA,NA,NA,NA,NA,7.1,8.8,3.7,-168.3802404,-2.93878959,NA,4.291666667
29/03/1992,12.24093,NA,NA,NA,NA,NA,NA,NA,NA,NA,NA,NA,NA,NA,NA,NA,NA,NA,NA,NA,NA,NA,4.9,9.4,4.2,52.54806126,0.917136685,NA,11.13043478
30/03/1992,12.24367,NA,NA,NA,NA,NA,NA,NA,NA,NA,NA,NA,NA,NA,NA,NA,NA,NA,NA,NA,NA,NA,2.5,6.1,3.6,40.81098744,0.712286102,47,18.16666667
31/03/1992,12.24641,NA,NA,NA,NA,NA,NA,NA,NA,NA,NA,NA,NA,NA,NA,NA,NA,NA,NA,NA,NA,NA,0.7,6.2,3.6,42.07844153,0.734407349,48,22.91666667
01/04/1992,12.24914,NA,NA,NA,NA,NA,NA,NA,NA,NA,NA,NA,NA,NA,NA,NA,NA,NA,NA,NA,NA,NA,0,5.7,1.6,36.77589829,0.641860511,41,22.25
02/04/1992,12.25188,NA,NA,NA,NA,NA,NA,NA,NA,NA,NA,NA,NA,NA,NA,NA,NA,NA,NA,NA,NA,NA,1.8,5.9,1.5,11.63416768,0.203054532,37,17.45833333
03/04/1992,12.25462,NA,NA,NA,NA,NA,NA,NA,NA,NA,NA,NA,NA,NA,NA,NA,NA,NA,NA,NA,NA,NA,0.4,7.3,3.3,-19.59124011,-0.341931644,NA,7.125
04/04/1992,12.25736,NA,NA,NA,NA,NA,NA,NA,NA,NA,NA,NA,NA,NA,NA,NA,NA,NA,NA,NA,NA,NA,3.3,8.4,0.1,-130.6233619,-2.279807746,24,6.833333333
05/04/1992,12.26010,NA,NA,NA,NA,NA,NA,NA,NA,NA,NA,NA,NA,NA,NA,NA,NA,NA,NA,NA,NA,NA,0.3,9,4.1,-166.0492649,-2.898106394,36,12.20833333
06/04/1992,12.26283,NA,NA,NA,NA,NA,NA,NA,NA,NA,NA,NA,NA,NA,NA,NA,NA,NA,NA,NA,NA,NA,0.2,10.2,6.4,165.0395185,2.880482994,NA,10.25
07/04/1992,12.26557,NA,NA,NA,NA,NA,NA,NA,NA,NA,NA,NA,NA,NA,NA,NA,NA,NA,NA,NA,NA,NA,0,10.4,6.2,40.22268337,0.702018259,NA,2.833333333
08/04/1992,12.26831,NA,NA,NA,NA,NA,NA,NA,NA,NA,NA,NA,NA,NA,NA,NA,NA,NA,NA,NA,NA,NA,0,12.4,3.6,157.4682552,2.74833952,NA,4.875
09/04/1992,12.27105,NA,NA,NA,NA,NA,NA,NA,NA,NA,NA,NA,NA,NA,NA,NA,NA,NA,NA,NA,NA,NA,0.8,9.9,7.6,-170.835396,-2.981640139,41,19
10/04/1992,12.27379,NA,NA,NA,NA,NA,NA,NA,NA,NA,NA,NA,NA,NA,NA,NA,NA,NA,NA,NA,NA,NA,1.9,13,8.2,178.7494587,3.11976659,22,8.583333333
11/04/1992,12.27652,NA,NA,NA,NA,NA,NA,NA,NA,NA,NA,NA,NA,NA,NA,NA,NA,NA,NA,NA,NA,NA,10.1,10,8.2,170.083024,2.968508771,NA,6.416666667
12/04/1992,12.27926,NA,NA,NA,NA,NA,NA,NA,NA,NA,NA,NA,NA,NA,NA,NA,NA,NA,NA,NA,NA,NA,0.2,9.4,4.5,-109.8118069,-1.916577588,NA,7.541666667
13/04/1992,12.28200,NA,NA,NA,NA,NA,NA,NA,NA,NA,NA,NA,NA,NA,NA,NA,NA,NA,NA,NA,NA,NA,5,8,1.6,-88.47117573,-1.54411331,32,9.208333333
14/04/1992,12.28474,NA,NA,NA,NA,NA,NA,NA,NA,NA,NA,NA,NA,NA,NA,NA,NA,NA,NA,NA,NA,NA,0.8,7,3.9,40.16711735,0.701048449,33,15.33333333
15/04/1992,12.28747,NA,NA,NA,NA,NA,NA,NA,NA,NA,NA,NA,NA,NA,NA,NA,NA,NA,NA,NA,NA,NA,3.4,7.2,2,-15.41867885,-0.269106712,NA,13.41666667
16/04/1992,12.29021,NA,NA,NA,NA,NA,NA,NA,NA,NA,NA,NA,NA,NA,NA,NA,NA,NA,NA,NA,NA,NA,4.5,9.3,3.2,-125.3368307,-2.18754037,NA,6.291666667
17/04/1992,12.29295,NA,NA,NA,NA,NA,NA,NA,NA,NA,NA,NA,NA,NA,NA,NA,NA,NA,NA,NA,NA,NA,14.3,11.8,3.4,-147.7835597,-2.579309697,NA,11.41666667
18/04/1992,12.29569,NA,NA,NA,NA,NA,NA,NA,NA,NA,NA,NA,NA,NA,NA,NA,NA,NA,NA,NA,NA,NA,2.3,10,4.1,-101.6468141,-1.774071581,47,17.70833333
19/04/1992,12.29843,NA,NA,NA,NA,NA,NA,NA,NA,NA,NA,NA,NA,NA,NA,NA,NA,NA,NA,NA,NA,NA,0.3,9.9,3.6,-51.39335632,-0.896983281,NA,7.416666667
20/04/1992,12.30116,NA,NA,NA,NA,NA,NA,NA,NA,NA,NA,NA,NA,NA,NA,NA,NA,NA,NA,NA,NA,NA,1,9.6,5.3,131.7478754,2.299434208,30,10.875
21/04/1992,12.30390,NA,NA,NA,NA,NA,NA,NA,NA,NA,NA,NA,NA,NA,NA,NA,NA,NA,NA,NA,NA,NA,5.5,10.2,7.5,-97.92720816,-1.70915221,NA,10.25
22/04/1992,12.30664,NA,NA,NA,NA,NA,NA,NA,NA,NA,NA,NA,NA,NA,NA,NA,NA,NA,NA,NA,NA,NA,0,11,3.8,70.38123727,1.228384322,NA,3.75
23/04/1992,12.30938,NA,NA,NA,NA,NA,NA,NA,NA,NA,NA,NA,NA,NA,NA,NA,NA,NA,NA,NA,NA,NA,4,11.4,6.7,133.8895178,2.336812919,NA,7.25
24/04/1992,12.31211,NA,NA,NA,NA,NA,NA,NA,NA,NA,NA,NA,NA,NA,NA,NA,NA,NA,NA,NA,NA,NA,7.2,9.2,5.1,170.011156,2.967254438,25,11.125
25/04/1992,12.31485,NA,NA,NA,NA,NA,NA,NA,NA,NA,NA,NA,NA,NA,NA,NA,NA,NA,NA,NA,NA,NA,6.3,11,3.3,177.5019085,3.097992732,45,17.08333333
26/04/1992,12.31759,NA,NA,NA,NA,NA,NA,NA,NA,NA,NA,NA,NA,NA,NA,NA,NA,NA,NA,NA,NA,NA,3.1,10,6.2,172.9801751,3.019073596,31,11.875
27/04/1992,12.32033,NA,NA,NA,NA,NA,NA,NA,NA,NA,NA,NA,NA,NA,NA,NA,NA,NA,NA,NA,NA,NA,6.4,9.3,5.7,-119.3232471,-2.082583536,27,9
28/04/1992,12.32307,NA,NA,NA,NA,NA,NA,NA,NA,NA,NA,NA,NA,NA,NA,NA,NA,NA,NA,NA,NA,NA,2.6,8.8,2.5,-92.44690338,-1.613502847,27,8.833333333
29/04/1992,12.32580,NA,NA,NA,NA,NA,NA,NA,NA,NA,NA,NA,NA,NA,NA,NA,NA,NA,NA,NA,NA,NA,0.5,9.9,4.4,-119.4864276,-2.085431572,21,8.25
30/04/1992,12.32854,NA,NA,NA,NA,NA,NA,NA,NA,NA,NA,NA,NA,NA,NA,NA,NA,NA,NA,NA,NA,NA,5.9,10.6,6.4,-142.9142618,-2.494324417,29,13.79166667
01/05/1992,12.33128,NA,NA,NA,NA,NA,NA,NA,NA,NA,NA,NA,NA,NA,NA,NA,NA,NA,NA,NA,NA,NA,4.4,9.5,5.4,-72.64091372,-1.267823116,48,23.25
02/05/1992,12.33402,NA,NA,NA,NA,NA,NA,NA,NA,NA,NA,NA,NA,NA,NA,NA,NA,NA,NA,NA,NA,NA,1.4,10.4,5.3,-72.69070831,-1.268692196,42,13.29166667
03/05/1992,12.33676,NA,NA,NA,NA,NA,NA,NA,NA,NA,NA,NA,NA,NA,NA,NA,NA,NA,NA,NA,NA,NA,4.6,10,6.8,-170,-2.967059728,31,16.875
04/05/1992,12.33949,NA,NA,NA,NA,NA,NA,NA,NA,NA,NA,NA,NA,NA,NA,NA,NA,NA,NA,NA,NA,NA,1.8,13.1,6.7,-145.7086806,-2.543096226,29,10.25
05/05/1992,12.34223,NA,NA,NA,NA,NA,NA,NA,NA,NA,NA,NA,NA,NA,NA,NA,NA,NA,NA,NA,NA,NA,2.1,11,3.5,-151.683281,-2.647372674,33,12.625
06/05/1992,12.34497,NA,NA,NA,NA,NA,NA,NA,NA,NA,NA,NA,NA,NA,NA,NA,NA,NA,NA,NA,NA,NA,4.1,11.4,8.9,-133.747017,-2.334325811,34,14.29166667
07/05/1992,12.34771,NA,NA,NA,NA,NA,NA,NA,NA,NA,NA,NA,NA,NA,NA,NA,NA,NA,NA,NA,NA,NA,2.7,11.7,2.5,-118.3188293,-2.065053138,37,17.75
08/05/1992,12.35044,NA,NA,NA,NA,NA,NA,NA,NA,NA,NA,NA,NA,NA,NA,NA,NA,NA,NA,NA,NA,NA,8.1,7.5,1,-102.0747553,-1.781540563,38,13.375
09/05/1992,12.35318,NA,NA,NA,NA,NA,NA,NA,NA,NA,NA,NA,NA,NA,NA,NA,NA,NA,NA,NA,NA,NA,1.3,6.7,0.2,-23.94238186,-0.417873394,NA,3.5
10/05/1992,12.35592,NA,NA,NA,NA,NA,NA,NA,NA,NA,NA,NA,NA,NA,NA,NA,NA,NA,NA,NA,NA,NA,0.4,7.1,2.1,81.2762627,1.418538388,NA,3.583333333
11/05/1992,12.35866,NA,NA,NA,NA,NA,NA,NA,NA,NA,NA,NA,NA,NA,NA,NA,NA,NA,NA,NA,NA,NA,7.5,10,0.7,131.4073084,2.293490193,NA,8.25
12/05/1992,12.36140,NA,NA,NA,NA,NA,NA,NA,NA,NA,NA,NA,NA,NA,NA,NA,NA,NA,NA,NA,NA,NA,3.8,12,5.7,-143.581177,-2.505964283,40,14.83333333
13/05/1992,12.36413,NA,NA,NA,NA,NA,NA,NA,NA,NA,NA,NA,NA,NA,NA,NA,NA,NA,NA,NA,NA,NA,3.7,14.3,6.5,175.6814782,3.066220229,NA,10.41666667
14/05/1992,12.36687,NA,NA,NA,NA,NA,NA,NA,NA,NA,NA,NA,NA,NA,NA,NA,NA,NA,NA,NA,NA,NA,0,21.3,9.2,155.6579775,2.716744214,NA,8.583333333
15/05/1992,12.36961,NA,NA,NA,NA,NA,NA,NA,NA,NA,NA,NA,NA,NA,NA,NA,NA,NA,NA,NA,NA,NA,1.6,14,7.5,-152.9662449,-2.669764618,54,22.125
16/05/1992,12.37235,NA,NA,NA,NA,NA,NA,NA,NA,NA,NA,NA,NA,NA,NA,NA,NA,NA,NA,NA,NA,NA,0,13.4,3,-134.5142893,-2.347717239,NA,5.708333333
17/05/1992,12.37509,NA,NA,NA,NA,NA,NA,NA,NA,NA,NA,NA,NA,NA,NA,NA,NA,NA,NA,NA,NA,NA,0,15.3,1.5,35.88950561,0.62639004,NA,3.041666667
18/05/1992,12.37782,NA,NA,NA,NA,NA,NA,NA,NA,NA,NA,NA,NA,NA,NA,NA,NA,NA,NA,NA,NA,NA,0,20.2,6.5,76.78246672,1.340106852,NA,2.125
19/05/1992,12.38056,NA,NA,NA,NA,NA,NA,NA,NA,NA,NA,NA,NA,NA,NA,NA,NA,NA,NA,NA,NA,NA,0,19.4,7.5,166.6243139,2.908142892,NA,4.083333333
20/05/1992,12.38330,NA,NA,NA,NA,NA,NA,NA,NA,NA,NA,NA,NA,NA,NA,NA,NA,NA,NA,NA,NA,NA,0.3,12,9.1,-112.6383412,-1.965909917,NA,3.291666667
21/05/1992,12.38604,NA,NA,NA,NA,NA,NA,NA,NA,NA,NA,NA,NA,NA,NA,NA,NA,NA,NA,NA,NA,NA,0,10.6,8.5,17.93861021,0.313087811,NA,7.458333333
22/05/1992,12.38877,NA,NA,NA,NA,NA,NA,NA,NA,NA,NA,NA,NA,NA,NA,NA,NA,NA,NA,NA,NA,NA,0,12,9,25.4497256,0.444181505,NA,5.833333333
23/05/1992,12.39151,NA,NA,NA,NA,NA,NA,NA,NA,NA,NA,NA,NA,NA,NA,NA,NA,NA,NA,NA,NA,NA,0,14.2,7.9,40.66455647,0.709730399,16,4.958333333
24/05/1992,12.39425,NA,NA,NA,NA,NA,NA,NA,NA,NA,NA,NA,NA,NA,NA,NA,NA,NA,NA,NA,NA,NA,0,19,9.2,48.19065279,0.84108556,25,6.583333333
25/05/1992,12.39699,NA,NA,NA,NA,NA,NA,NA,NA,NA,NA,NA,NA,NA,NA,NA,NA,NA,NA,NA,NA,NA,3.6,22.2,10.4,66.4930528,1.160522701,NA,4.166666667
26/05/1992,12.39973,NA,NA,NA,NA,NA,NA,NA,NA,NA,NA,NA,NA,NA,NA,NA,NA,NA,NA,NA,NA,NA,0,18.1,10.7,28.96994455,0.505620917,NA,3.333333333
27/05/1992,12.40246,NA,NA,NA,NA,NA,NA,NA,NA,NA,NA,NA,NA,NA,NA,NA,NA,NA,NA,NA,NA,NA,0,20.1,9.9,70.99130886,1.23903208,NA,9.541666667
28/05/1992,12.40520,NA,NA,NA,NA,NA,NA,NA,NA,NA,NA,NA,NA,NA,NA,NA,NA,NA,NA,NA,NA,NA,0,19,11.1,46.21378518,0.806582711,28,10.91666667
29/05/1992,12.40794,NA,NA,NA,NA,NA,NA,NA,NA,NA,NA,NA,NA,NA,NA,NA,NA,NA,NA,NA,NA,NA,0,21.5,12,73.91867303,1.290124223,24,10.41666667
30/05/1992,12.41068,NA,NA,NA,NA,NA,NA,NA,NA,NA,NA,NA,NA,NA,NA,NA,NA,NA,NA,NA,NA,NA,0,23,10,50.97769391,0.889728604,NA,5.041666667
31/05/1992,12.41342,NA,NA,NA,NA,NA,NA,NA,NA,NA,NA,NA,NA,NA,NA,NA,NA,NA,NA,NA,NA,NA,0,18.9,11.7,70.31553863,1.227237664,NA,3.708333333
01/06/1992,12.41615,NA,NA,NA,NA,NA,NA,NA,NA,NA,NA,NA,NA,NA,NA,NA,NA,NA,NA,NA,NA,NA,0.8,19.7,12,159.151848,2.777723758,NA,6.666666667
02/06/1992,12.41889,NA,NA,NA,NA,NA,NA,NA,NA,NA,NA,NA,NA,NA,NA,NA,NA,NA,NA,NA,NA,NA,6.6,16.6,11,99.28323767,1.732819389,NA,6.958333333
03/06/1992,12.42163,NA,NA,NA,NA,NA,NA,NA,NA,NA,NA,NA,NA,NA,NA,NA,NA,NA,NA,NA,NA,NA,0.1,13.2,9.3,-60.45477579,-1.055134886,NA,8.541666667
04/06/1992,12.42437,NA,NA,NA,NA,NA,NA,NA,NA,NA,NA,NA,NA,NA,NA,NA,NA,NA,NA,NA,NA,NA,0,13.8,4.5,7.5974889,0.132601196,NA,6.875
05/06/1992,12.42710,NA,NA,NA,NA,NA,NA,NA,NA,NA,NA,NA,NA,NA,NA,NA,NA,NA,NA,NA,NA,NA,0,12.1,8.8,48.7270501,0.850447459,26,12.54166667
06/06/1992,12.42984,NA,NA,NA,NA,NA,NA,NA,NA,NA,NA,NA,NA,NA,NA,NA,NA,NA,NA,NA,NA,NA,0,15.6,8.8,55.68818897,0.971942252,NA,4.208333333
07/06/1992,12.43258,NA,NA,NA,NA,NA,NA,NA,NA,NA,NA,NA,NA,NA,NA,NA,NA,NA,NA,NA,NA,NA,0,19.8,10.6,61.38159143,1.071310871,NA,5.541666667
08/06/1992,12.43532,NA,NA,NA,NA,NA,NA,NA,NA,NA,NA,NA,NA,NA,NA,NA,NA,NA,NA,NA,NA,NA,0,22.1,11.5,113.7388938,1.985118185,24,6.625
09/06/1992,12.43806,NA,NA,NA,NA,NA,NA,NA,NA,NA,NA,NA,NA,NA,NA,NA,NA,NA,NA,NA,NA,NA,0,18,11.4,143.4101468,2.502979242,NA,4.25
10/06/1992,12.44079,NA,NA,NA,NA,NA,NA,NA,NA,NA,NA,NA,NA,NA,NA,NA,NA,NA,NA,NA,NA,NA,0,21.3,9.2,14.23720135,0.24848604,NA,2.666666667
11/06/1992,12.44353,NA,NA,NA,NA,NA,NA,NA,NA,NA,NA,NA,NA,NA,NA,NA,NA,NA,NA,NA,NA,NA,0,20.5,10.1,18.02896797,0.314664852,NA,3.166666667
12/06/1992,12.44627,NA,NA,NA,NA,NA,NA,NA,NA,NA,NA,NA,NA,NA,NA,NA,NA,NA,NA,NA,NA,NA,0,22.2,9.3,-153.2761888,-2.67517416,NA,5.625
13/06/1992,12.44901,NA,NA,NA,NA,NA,NA,NA,NA,NA,NA,NA,NA,NA,NA,NA,NA,NA,NA,NA,NA,NA,6.8,16.2,12.3,-158.9999026,-2.775071811,36,14.33333333
14/06/1992,12.45175,NA,NA,NA,NA,NA,NA,NA,NA,NA,NA,NA,NA,NA,NA,NA,NA,NA,NA,NA,NA,NA,0.1,15.3,11,-168.5846454,-2.942357131,23,7.958333333
15/06/1992,12.45448,NA,NA,NA,NA,NA,NA,NA,NA,NA,NA,NA,NA,NA,NA,NA,NA,NA,NA,NA,NA,NA,1.1,14.3,10.8,-85.21068759,-1.487207056,35,12.20833333
16/06/1992,12.45722,NA,NA,NA,NA,NA,NA,NA,NA,NA,NA,NA,NA,NA,NA,NA,NA,NA,NA,NA,NA,NA,0,14.8,10.1,-79.12729919,-1.381031899,NA,5.666666667
17/06/1992,12.45996,NA,NA,NA,NA,NA,NA,NA,NA,NA,NA,NA,NA,NA,NA,NA,NA,NA,NA,NA,NA,NA,0.5,14.7,9.7,-95.26012767,-1.662602874,23,10.58333333
18/06/1992,12.46270,NA,NA,NA,NA,NA,NA,NA,NA,NA,NA,NA,NA,NA,NA,NA,NA,NA,NA,NA,NA,NA,0.1,16.5,8.9,-39.12227553,-0.682812519,21,8.416666667
19/06/1992,12.46543,NA,NA,NA,NA,NA,NA,NA,NA,NA,NA,NA,NA,NA,NA,NA,NA,NA,NA,NA,NA,NA,0,16,10.7,-69.69650961,-1.21643357,19,8.333333333
20/06/1992,12.46817,NA,NA,NA,NA,NA,NA,NA,NA,NA,NA,NA,NA,NA,NA,NA,NA,NA,NA,NA,NA,NA,0,14,10.5,-111.6506175,-1.948670888,28,13.79166667
21/06/1992,12.47091,NA,NA,NA,NA,NA,NA,NA,NA,NA,NA,NA,NA,NA,NA,NA,NA,NA,NA,NA,NA,NA,0.7,14.3,9.6,-75.4081285,-1.316120125,24,11
22/06/1992,12.47365,NA,NA,NA,NA,NA,NA,NA,NA,NA,NA,NA,NA,NA,NA,NA,NA,NA,NA,NA,NA,NA,1.2,14.3,9.9,-89.34462844,-1.559357935,22,9
23/06/1992,12.47639,NA,NA,NA,NA,NA,NA,NA,NA,NA,NA,NA,NA,NA,NA,NA,NA,NA,NA,NA,NA,NA,4.3,14.5,9.8,-137.0951034,-2.392760943,27,12.16666667
24/06/1992,12.47912,NA,NA,NA,NA,NA,NA,NA,NA,NA,NA,NA,NA,NA,NA,NA,NA,NA,NA,NA,NA,NA,11.6,14,10,-111.9431178,-1.95377598,NA,8.125
25/06/1992,12.48186,NA,NA,NA,NA,NA,NA,NA,NA,NA,NA,NA,NA,NA,NA,NA,NA,NA,NA,NA,NA,NA,0,13.7,8.2,172.5911795,3.012284343,NA,5.75
26/06/1992,12.48460,NA,NA,NA,NA,NA,NA,NA,NA,NA,NA,NA,NA,NA,NA,NA,NA,NA,NA,NA,NA,NA,0.4,15.5,10.1,-136.5633289,-2.383479727,31,13.45833333
27/06/1992,12.48734,NA,NA,NA,NA,NA,NA,NA,NA,NA,NA,NA,NA,NA,NA,NA,NA,NA,NA,NA,NA,NA,0,15.1,7.2,-117.9219126,-2.058125634,24,6.666666667
28/06/1992,12.49008,NA,NA,NA,NA,NA,NA,NA,NA,NA,NA,NA,NA,NA,NA,NA,NA,NA,NA,NA,NA,NA,0,14.6,5.3,-137.7377843,-2.403977841,NA,4.625
29/06/1992,12.49281,NA,NA,NA,NA,NA,NA,NA,NA,NA,NA,NA,NA,NA,NA,NA,NA,NA,NA,NA,NA,NA,0,12.4,4.4,16.38232529,0.285925515,NA,9.125
30/06/1992,12.49555,NA,NA,NA,NA,NA,NA,NA,NA,NA,NA,NA,NA,NA,NA,NA,NA,NA,NA,NA,NA,NA,0,11.5,10.1,45.83539599,0.799978574,28,17.16666667
01/07/1992,12.49829,NA,NA,NA,NA,NA,NA,NA,NA,NA,NA,NA,NA,NA,NA,NA,NA,NA,NA,NA,NA,NA,0,12,9.8,42.91069596,0.748932929,23,15.04166667
02/07/1992,12.50103,NA,NA,NA,NA,NA,NA,NA,NA,NA,NA,NA,NA,NA,NA,NA,NA,NA,NA,NA,NA,NA,0,14,8.9,85.1811585,1.486691676,19,10.16666667
03/07/1992,12.50376,NA,NA,NA,NA,NA,NA,NA,NA,NA,NA,NA,NA,NA,NA,NA,NA,NA,NA,NA,NA,NA,0.5,14.5,9.5,91.67256945,1.599988171,31,14.66666667
04/07/1992,12.50650,NA,NA,NA,NA,NA,NA,NA,NA,NA,NA,NA,NA,NA,NA,NA,NA,NA,NA,NA,NA,NA,0,12.9,10.3,56.59310753,0.98773606,25,13.91666667
05/07/1992,12.50924,NA,NA,NA,NA,NA,NA,NA,NA,NA,NA,NA,NA,NA,NA,NA,NA,NA,NA,NA,NA,NA,1.1,14,10,100.6929469,1.757423457,NA,6.208333333
06/07/1992,12.51198,NA,NA,NA,NA,NA,NA,NA,NA,NA,NA,NA,NA,NA,NA,NA,NA,NA,NA,NA,NA,NA,6.2,16.4,8.9,-141.3192454,-2.466486129,15,6.125
07/07/1992,12.51472,NA,NA,NA,NA,NA,NA,NA,NA,NA,NA,NA,NA,NA,NA,NA,NA,NA,NA,NA,NA,NA,0.6,16.6,12.3,-129.3759387,-2.258036104,NA,4.291666667
08/07/1992,12.51745,NA,NA,NA,NA,NA,NA,NA,NA,NA,NA,NA,NA,NA,NA,NA,NA,NA,NA,NA,NA,NA,0.9,16.8,11.5,-122.5659386,-2.139179179,23,8.333333333
09/07/1992,12.52019,NA,NA,NA,NA,NA,NA,NA,NA,NA,NA,NA,NA,NA,NA,NA,NA,NA,NA,NA,NA,NA,0.1,14.3,9.1,-161.3953401,-2.816880082,22,9.166666667
10/07/1992,12.52293,NA,NA,NA,NA,NA,NA,NA,NA,NA,NA,NA,NA,NA,NA,NA,NA,NA,NA,NA,NA,NA,2.2,15,10.1,-90.69218499,-1.582877234,NA,8.333333333
11/07/1992,12.52567,NA,NA,NA,NA,NA,NA,NA,NA,NA,NA,NA,NA,NA,NA,NA,NA,NA,NA,NA,NA,NA,0,15.8,6.7,118.7540422,2.072649036,NA,3.166666667
12/07/1992,12.52841,NA,NA,NA,NA,NA,NA,NA,NA,NA,NA,NA,NA,NA,NA,NA,NA,NA,NA,NA,NA,NA,2.1,14.7,8.9,-117.1216045,-2.044157624,NA,11.29166667
13/07/1992,12.53114,NA,NA,NA,NA,NA,NA,NA,NA,NA,NA,NA,NA,NA,NA,NA,NA,NA,NA,NA,NA,NA,5.4,12.5,8,-100.3453373,-1.751356525,33,14.04166667
14/07/1992,12.53388,NA,NA,NA,NA,NA,NA,NA,NA,NA,NA,NA,NA,NA,NA,NA,NA,NA,NA,NA,NA,NA,0.2,15.2,9.1,-12.97663901,-0.226485077,NA,6.916666667
15/07/1992,12.53662,NA,NA,NA,NA,NA,NA,NA,NA,NA,NA,NA,NA,NA,NA,NA,NA,NA,NA,NA,NA,NA,7.6,15.2,4.6,105.5160851,1.841603099,NA,4.708333333
16/07/1992,12.53936,NA,NA,NA,NA,NA,NA,NA,NA,NA,NA,NA,NA,NA,NA,NA,NA,NA,NA,NA,NA,NA,12.2,15.4,12.2,168.3264396,2.937850589,18,7.75
17/07/1992,12.54209,NA,NA,NA,NA,NA,NA,NA,NA,NA,NA,NA,NA,NA,NA,NA,NA,NA,NA,NA,NA,NA,2.6,18,12.5,173.3427523,3.025401762,24,10.45833333
18/07/1992,12.54483,NA,NA,NA,NA,NA,NA,NA,NA,NA,NA,NA,NA,NA,NA,NA,NA,NA,NA,NA,NA,NA,1.4,15.8,12.6,-177.0172696,-3.089534188,29,14.125
19/07/1992,12.54757,NA,NA,NA,NA,NA,NA,NA,NA,NA,NA,NA,NA,NA,NA,NA,NA,NA,NA,NA,NA,NA,2.9,16,12.8,-169.1667297,-2.952516419,31,16.66666667
20/07/1992,12.55031,NA,NA,NA,NA,NA,NA,NA,NA,NA,NA,NA,NA,NA,NA,NA,NA,NA,NA,NA,NA,NA,1.3,16.4,12,-163.739078,-2.857786025,32,17.41666667
21/07/1992,12.55305,NA,NA,NA,NA,NA,NA,NA,NA,NA,NA,NA,NA,NA,NA,NA,NA,NA,NA,NA,NA,NA,11.3,15.7,11.4,-167.4736812,-2.922967148,NA,8
22/07/1992,12.55578,NA,NA,NA,NA,NA,NA,NA,NA,NA,NA,NA,NA,NA,NA,NA,NA,NA,NA,NA,NA,NA,8.2,16.8,10.4,-166.7648208,-2.9105952,NA,5.833333333
23/07/1992,12.55852,NA,NA,NA,NA,NA,NA,NA,NA,NA,NA,NA,NA,NA,NA,NA,NA,NA,NA,NA,NA,NA,25.9,14.2,10.9,156.8001991,2.736679743,33,12.08333333
24/07/1992,12.56126,NA,NA,NA,NA,NA,NA,NA,NA,NA,NA,NA,NA,NA,NA,NA,NA,NA,NA,NA,NA,NA,0.6,16.6,11.7,-152.5503254,-2.662505453,30,14.41666667
25/07/1992,12.56400,NA,NA,NA,NA,NA,NA,NA,NA,NA,NA,NA,NA,NA,NA,NA,NA,NA,NA,NA,NA,NA,2.9,16.2,11.6,172.0536955,3.002903477,35,19.16666667
26/07/1992,12.56674,NA,NA,NA,NA,NA,NA,NA,NA,NA,NA,NA,NA,NA,NA,NA,NA,NA,NA,NA,NA,NA,1.8,16.7,11.5,-148.3928349,-2.589943556,33,16.95833333
27/07/1992,12.56947,NA,NA,NA,NA,NA,NA,NA,NA,NA,NA,NA,NA,NA,NA,NA,NA,NA,NA,NA,NA,NA,5.4,14.4,9.5,-111.3221922,-1.942938784,32,13.29166667
28/07/1992,12.57221,NA,NA,NA,NA,NA,NA,NA,NA,NA,NA,NA,NA,NA,NA,NA,NA,NA,NA,NA,NA,NA,0.1,15.5,11,-133.3931221,-2.32814918,27,13.33333333
29/07/1992,12.57495,NA,NA,NA,NA,NA,NA,NA,NA,NA,NA,NA,NA,NA,NA,NA,NA,NA,NA,NA,NA,NA,1.4,16,11,-162.1446147,-2.829957391,27,11.75
30/07/1992,12.57769,NA,NA,NA,NA,NA,NA,NA,NA,NA,NA,NA,NA,NA,NA,NA,NA,NA,NA,NA,NA,NA,3.5,15.4,9.1,-122.7856711,-2.143014235,NA,9.791666667
31/07/1992,12.58042,NA,NA,NA,NA,NA,NA,NA,NA,NA,NA,NA,NA,NA,NA,NA,NA,NA,NA,NA,NA,NA,7.8,14.2,9.6,161.7245577,2.822626013,NA,6.708333333
01/08/1992,12.58316,NA,NA,NA,NA,NA,NA,NA,NA,NA,NA,NA,NA,NA,NA,NA,NA,NA,NA,NA,NA,NA,11.6,16.5,12.6,-153.7536193,-2.683506894,25,12.95833333
02/08/1992,12.58590,NA,NA,NA,NA,NA,NA,NA,NA,NA,NA,NA,NA,NA,NA,NA,NA,NA,NA,NA,NA,NA,0.2,15.9,11.8,-154.2543669,-2.692246589,21,8.666666667
03/08/1992,12.58864,NA,NA,NA,NA,NA,NA,NA,NA,NA,NA,NA,NA,NA,NA,NA,NA,NA,NA,NA,NA,NA,18.8,13.7,10.8,-118.1959153,-2.062907884,31,9.958333333
04/08/1992,12.59138,NA,NA,NA,NA,NA,NA,NA,NA,NA,NA,NA,NA,NA,NA,NA,NA,NA,NA,NA,NA,NA,2.1,14.8,9.5,-139.0082008,-2.426150791,28,8.5
05/08/1992,12.59411,NA,NA,NA,NA,NA,NA,NA,NA,NA,NA,NA,NA,NA,NA,NA,NA,NA,NA,NA,NA,NA,5,15.7,10.8,-162.0713796,-2.828679197,46,17.70833333
06/08/1992,12.59685,NA,NA,NA,NA,NA,NA,NA,NA,NA,NA,NA,NA,NA,NA,NA,NA,NA,NA,NA,NA,NA,1.2,15.4,9.8,-97.47286718,-1.701222464,36,12.16666667
07/08/1992,12.59959,NA,NA,NA,NA,NA,NA,NA,NA,NA,NA,NA,NA,NA,NA,NA,NA,NA,NA,NA,NA,NA,0.1,17,9.5,-135.3583556,-2.362448975,19,7.416666667
08/08/1992,12.60233,NA,NA,NA,NA,NA,NA,NA,NA,NA,NA,NA,NA,NA,NA,NA,NA,NA,NA,NA,NA,NA,0,16.4,10.3,126.1195478,2.201201361,NA,3.708333333
09/08/1992,12.60507,NA,NA,NA,NA,NA,NA,NA,NA,NA,NA,NA,NA,NA,NA,NA,NA,NA,NA,NA,NA,NA,3.4,15.8,12,101.3655101,1.769161898,NA,2.125
10/08/1992,12.60780,NA,NA,NA,NA,NA,NA,NA,NA,NA,NA,NA,NA,NA,NA,NA,NA,NA,NA,NA,NA,NA,1.8,16,10.1,-167.9755221,-2.931725923,NA,5.625
11/08/1992,12.61054,NA,NA,NA,NA,NA,NA,NA,NA,NA,NA,NA,NA,NA,NA,NA,NA,NA,NA,NA,NA,NA,0.4,15.6,11.8,141.12899,2.463165546,18,6.625
12/08/1992,12.61328,NA,NA,NA,NA,NA,NA,NA,NA,NA,NA,NA,NA,NA,NA,NA,NA,NA,NA,NA,NA,NA,6,13.5,11,33.84152609,0.590646054,29,10.375
13/08/1992,12.61602,NA,NA,NA,NA,NA,NA,NA,NA,NA,NA,NA,NA,NA,NA,NA,NA,NA,NA,NA,NA,NA,0.3,14.5,10.6,-9.217525378,-0.160876167,NA,9.791666667
14/08/1992,12.61875,NA,NA,NA,NA,NA,NA,NA,NA,NA,NA,NA,NA,NA,NA,NA,NA,NA,NA,NA,NA,NA,0,15.2,7.6,-155.307946,-2.710635012,NA,6.458333333
15/08/1992,12.62149,NA,NA,NA,NA,NA,NA,NA,NA,NA,NA,NA,NA,NA,NA,NA,NA,NA,NA,NA,NA,NA,5.4,16,10.6,-147.3630551,-2.571970507,36,11.29166667
16/08/1992,12.62423,NA,NA,NA,NA,NA,NA,NA,NA,NA,NA,NA,NA,NA,NA,NA,NA,NA,NA,NA,NA,NA,4.4,16,9.9,-161.2457354,-2.814268987,23,8.75
17/08/1992,12.62697,NA,NA,NA,NA,NA,NA,NA,NA,NA,NA,NA,NA,NA,NA,NA,NA,NA,NA,NA,NA,NA,5.2,16.1,9.9,-152.3750356,-2.65944607,18,6.541666667
18/08/1992,12.62971,NA,NA,NA,NA,NA,NA,NA,NA,NA,NA,NA,NA,NA,NA,NA,NA,NA,NA,NA,NA,NA,0.4,14.5,10.2,174.6143181,3.047594772,26,13.04166667
19/08/1992,12.63244,NA,NA,NA,NA,NA,NA,NA,NA,NA,NA,NA,NA,NA,NA,NA,NA,NA,NA,NA,NA,NA,2,16.4,10.6,-162.2840711,-2.832391364,23,7.541666667
20/08/1992,12.63518,NA,NA,NA,NA,NA,NA,NA,NA,NA,NA,NA,NA,NA,NA,NA,NA,NA,NA,NA,NA,NA,14.2,14.9,10.8,169.6591803,2.961111303,NA,9.708333333
21/08/1992,12.63792,NA,NA,NA,NA,NA,NA,NA,NA,NA,NA,NA,NA,NA,NA,NA,NA,NA,NA,NA,NA,NA,0.1,14.6,7.3,163.265801,2.849525783,NA,3.833333333
22/08/1992,12.64066,NA,NA,NA,NA,NA,NA,NA,NA,NA,NA,NA,NA,NA,NA,NA,NA,NA,NA,NA,NA,NA,10.3,17.1,11,123.4437025,2.154499049,25,9.916666667
23/08/1992,12.64339,NA,NA,NA,NA,NA,NA,NA,NA,NA,NA,NA,NA,NA,NA,NA,NA,NA,NA,NA,NA,NA,10.9,14.9,9.5,-151.2362831,-2.639571089,25,10.58333333
24/08/1992,12.64613,NA,NA,NA,NA,NA,NA,NA,NA,NA,NA,NA,NA,NA,NA,NA,NA,NA,NA,NA,NA,NA,14.9,14.6,9.7,-170.8119133,-2.981230289,30,9.041666667
25/08/1992,12.64887,NA,NA,NA,NA,NA,NA,NA,NA,NA,NA,NA,NA,NA,NA,NA,NA,NA,NA,NA,NA,NA,22,15.6,10,-163.7184077,-2.857425261,NA,6
26/08/1992,12.65161,NA,NA,NA,NA,NA,NA,NA,NA,NA,NA,NA,NA,NA,NA,NA,NA,NA,NA,NA,NA,NA,3.8,14.3,9.4,-156.3952396,-2.729611865,NA,4.875
27/08/1992,12.65435,NA,NA,NA,NA,NA,NA,NA,NA,NA,NA,NA,NA,NA,NA,NA,NA,NA,NA,NA,NA,NA,2.7,12.1,8.6,133.324958,2.326959493,NA,3.833333333
28/08/1992,12.65708,NA,NA,NA,NA,NA,NA,NA,NA,NA,NA,NA,NA,NA,NA,NA,NA,NA,NA,NA,NA,NA,4.2,13.1,9,-64.56671865,-1.126901828,24,9.833333333
29/08/1992,12.65982,NA,NA,NA,NA,NA,NA,NA,NA,NA,NA,NA,NA,NA,NA,NA,NA,NA,NA,NA,NA,NA,9.3,13.9,6.8,-172.4030222,-3.009000378,NA,6.541666667
30/08/1992,12.66256,NA,NA,NA,NA,NA,NA,NA,NA,NA,NA,NA,NA,NA,NA,NA,NA,NA,NA,NA,NA,NA,26.7,12.2,7.9,48.07635677,0.839090718,NA,10.75
31/08/1992,12.66530,NA,NA,NA,NA,NA,NA,NA,NA,NA,NA,NA,NA,NA,NA,NA,NA,NA,NA,NA,NA,NA,14.1,14.9,10.3,-91.41277027,-1.59545382,NA,7.083333333
01/09/1992,12.66804,NA,NA,NA,NA,NA,NA,NA,NA,NA,NA,NA,NA,NA,NA,NA,NA,NA,NA,NA,NA,NA,6.1,14.2,10.1,-104.1270099,-1.817359162,22,10.20833333
02/09/1992,12.67077,NA,NA,NA,NA,NA,NA,NA,NA,NA,NA,NA,NA,NA,NA,NA,NA,NA,NA,NA,NA,NA,8.8,13.5,9.4,-60.86693712,-1.062328458,NA,4.583333333
03/09/1992,12.67351,NA,NA,NA,NA,NA,NA,NA,NA,NA,NA,NA,NA,NA,NA,NA,NA,NA,NA,NA,NA,NA,3.4,11.6,7.5,-54.51601339,-0.951483929,36,12
04/09/1992,12.67625,NA,NA,NA,NA,NA,NA,NA,NA,NA,NA,NA,NA,NA,NA,NA,NA,NA,NA,NA,NA,NA,3.3,12,8.1,-60.41639225,-1.054464967,33,15.20833333
05/09/1992,12.67899,NA,NA,NA,NA,NA,NA,NA,NA,NA,NA,NA,NA,NA,NA,NA,NA,NA,NA,NA,NA,NA,1.5,12.7,4.5,-137.7599958,-2.404365505,NA,5.833333333
06/09/1992,12.68172,NA,NA,NA,NA,NA,NA,NA,NA,NA,NA,NA,NA,NA,NA,NA,NA,NA,NA,NA,NA,NA,8.3,15.7,8.1,159.2479588,2.779401208,46,17.95833333
07/09/1992,12.68446,NA,NA,NA,NA,NA,NA,NA,NA,NA,NA,NA,NA,NA,NA,NA,NA,NA,NA,NA,NA,NA,15.1,14.5,6.4,-135.8560422,-2.371135245,45,17.95833333
08/09/1992,12.68720,NA,NA,NA,NA,NA,NA,NA,NA,NA,NA,NA,NA,NA,NA,NA,NA,NA,NA,NA,NA,NA,4.3,12.3,8.1,-132.8004059,-2.317804331,38,13.70833333
09/09/1992,12.68994,NA,NA,NA,NA,NA,NA,NA,NA,NA,NA,NA,NA,NA,NA,NA,NA,NA,NA,NA,NA,NA,28.7,12.7,9.5,-146.2673948,-2.552847628,31,9.958333333
10/09/1992,12.69268,NA,NA,NA,NA,NA,NA,NA,NA,NA,NA,NA,NA,NA,NA,NA,NA,NA,NA,NA,NA,NA,12.7,14.2,11.2,175.4173632,3.061610552,51,22.125
11/09/1992,12.69541,NA,NA,NA,NA,NA,NA,NA,NA,NA,NA,NA,NA,NA,NA,NA,NA,NA,NA,NA,NA,NA,1.4,14.5,7.9,156.0089438,2.722869731,46,19.33333333
12/09/1992,12.69815,NA,NA,NA,NA,NA,NA,NA,NA,NA,NA,NA,NA,NA,NA,NA,NA,NA,NA,NA,NA,NA,8.8,12.7,7.4,-134.5188902,-2.34779754,43,17.95833333
13/09/1992,12.70089,NA,NA,NA,NA,NA,NA,NA,NA,NA,NA,NA,NA,NA,NA,NA,NA,NA,NA,NA,NA,NA,2.8,12.2,6.4,-160.4211799,-2.799877779,32,10.79166667
14/09/1992,12.70363,NA,NA,NA,NA,NA,NA,NA,NA,NA,NA,NA,NA,NA,NA,NA,NA,NA,NA,NA,NA,NA,2.6,13.1,7.4,-122.6943278,-2.141419993,25,8.458333333
15/09/1992,12.70637,NA,NA,NA,NA,NA,NA,NA,NA,NA,NA,NA,NA,NA,NA,NA,NA,NA,NA,NA,NA,NA,9.9,13.5,8.6,-118.6307014,-2.070496333,34,12.66666667
16/09/1992,12.70910,NA,NA,NA,NA,NA,NA,NA,NA,NA,NA,NA,NA,NA,NA,NA,NA,NA,NA,NA,NA,NA,0.4,13.6,5.3,168.6483435,2.943468873,NA,4.208333333
17/09/1992,12.71184,NA,NA,NA,NA,NA,NA,NA,NA,NA,NA,NA,NA,NA,NA,NA,NA,NA,NA,NA,NA,NA,0.5,14,10,160.0715339,2.793775305,24,8.541666667
18/09/1992,12.71458,NA,NA,NA,NA,NA,NA,NA,NA,NA,NA,NA,NA,NA,NA,NA,NA,NA,NA,NA,NA,NA,0,16,10.3,164.4837163,2.870782416,NA,5.25
19/09/1992,12.71732,NA,NA,NA,NA,NA,NA,NA,NA,NA,NA,NA,NA,NA,NA,NA,NA,NA,NA,NA,NA,NA,0,14.3,9.5,168.8757236,2.947437403,NA,4.458333333
20/09/1992,12.72005,NA,NA,NA,NA,NA,NA,NA,NA,NA,NA,NA,NA,NA,NA,NA,NA,NA,NA,NA,NA,NA,0.9,12.9,6.4,-33.36149102,-0.582267862,NA,2.125
21/09/1992,12.72279,NA,NA,NA,NA,NA,NA,NA,NA,NA,NA,NA,NA,NA,NA,NA,NA,NA,NA,NA,NA,NA,0.2,13.5,8.2,-19.29255369,-0.336718583,NA,2.208333333
22/09/1992,12.72553,NA,NA,NA,NA,NA,NA,NA,NA,NA,NA,NA,NA,NA,NA,NA,NA,NA,NA,NA,NA,NA,0,12.6,5.9,-1.950790194,-0.034047712,NA,3.541666667
23/09/1992,12.72827,NA,NA,NA,NA,NA,NA,NA,NA,NA,NA,NA,NA,NA,NA,NA,NA,NA,NA,NA,NA,NA,7.8,12.2,4.2,-51.63838381,-0.901259818,NA,3.166666667
24/09/1992,12.73101,NA,NA,NA,NA,NA,NA,NA,NA,NA,NA,NA,NA,NA,NA,NA,NA,NA,NA,NA,NA,NA,1.1,12,6,3.243053379,0.056601959,NA,7.291666667
25/09/1992,12.73374,NA,NA,NA,NA,NA,NA,NA,NA,NA,NA,NA,NA,NA,NA,NA,NA,NA,NA,NA,NA,NA,1.1,11.8,7.7,10.29348009,0.179655119,NA,7.041666667
26/09/1992,12.73648,NA,NA,NA,NA,NA,NA,NA,NA,NA,NA,NA,NA,NA,NA,NA,NA,NA,NA,NA,NA,NA,0,13.2,4.8,42.11230921,0.734998451,NA,3.583333333
27/09/1992,12.73922,NA,NA,NA,NA,NA,NA,NA,NA,NA,NA,NA,NA,NA,NA,NA,NA,NA,NA,NA,NA,NA,6.3,11.9,7.6,17.72272186,0.309319849,NA,2.416666667
28/09/1992,12.74196,NA,NA,NA,NA,NA,NA,NA,NA,NA,NA,NA,NA,NA,NA,NA,NA,NA,NA,NA,NA,NA,0,13.7,5.6,13.45782827,0.234883413,NA,1.916666667
29/09/1992,12.74470,NA,NA,NA,NA,NA,NA,NA,NA,NA,NA,NA,NA,NA,NA,NA,NA,NA,NA,NA,NA,NA,0,18.8,11.7,99.84785182,1.742673765,NA,5.333333333
30/09/1992,12.74743,NA,NA,NA,NA,NA,NA,NA,NA,NA,NA,NA,NA,NA,NA,NA,NA,NA,NA,NA,NA,NA,10,13.8,9.5,-24.458883,-0.42688804,NA,4.25
01/10/1992,12.75017,NA,NA,NA,NA,NA,NA,NA,NA,NA,NA,NA,NA,NA,NA,NA,NA,NA,NA,NA,NA,NA,8.7,13.6,9.8,-146.2645003,-2.552797109,NA,6.458333333
02/10/1992,12.75291,NA,NA,NA,NA,NA,NA,NA,NA,NA,NA,NA,NA,NA,NA,NA,NA,NA,NA,NA,NA,NA,14.3,12.5,9.4,155.4366243,2.712880872,NA,8.458333333
03/10/1992,12.75565,NA,NA,NA,NA,NA,NA,NA,NA,NA,NA,NA,NA,NA,NA,NA,NA,NA,NA,NA,NA,NA,0,15.1,7.5,42.35988245,0.73931942,NA,3.833333333
04/10/1992,12.75838,NA,NA,NA,NA,NA,NA,NA,NA,NA,NA,NA,NA,NA,NA,NA,NA,NA,NA,NA,NA,NA,0,14.1,8.5,-23.83016954,-0.41591492,NA,2.5
05/10/1992,12.76112,NA,NA,NA,NA,NA,NA,NA,NA,NA,NA,NA,NA,NA,NA,NA,NA,NA,NA,NA,NA,NA,0,12.2,5.9,-41.53873532,-0.724987698,NA,2.75
06/10/1992,12.76386,NA,NA,NA,NA,NA,NA,NA,NA,NA,NA,NA,NA,NA,NA,NA,NA,NA,NA,NA,NA,NA,0.2,11.8,4.3,-45.90236291,-0.801147367,NA,3.125
07/10/1992,12.76660,NA,NA,NA,NA,NA,NA,NA,NA,NA,NA,NA,NA,NA,NA,NA,NA,NA,NA,NA,NA,NA,0.1,13.8,6.5,-121.9882281,-2.12909623,NA,4.625
08/10/1992,12.76934,NA,NA,NA,NA,NA,NA,NA,NA,NA,NA,NA,NA,NA,NA,NA,NA,NA,NA,NA,NA,NA,0.6,13.7,8.4,-100.5250449,-1.754493014,32,11.95833333
09/10/1992,12.77207,NA,NA,NA,NA,NA,NA,NA,NA,NA,NA,NA,NA,NA,NA,NA,NA,NA,NA,NA,NA,NA,0,10.5,7.2,-7.196630686,-0.125604901,NA,8.166666667
10/10/1992,12.77481,NA,NA,NA,NA,NA,NA,NA,NA,NA,NA,NA,NA,NA,NA,NA,NA,NA,NA,NA,NA,NA,0.1,11.5,5.6,-64.08891453,-1.118562573,NA,4.458333333
11/10/1992,12.77755,NA,NA,NA,NA,NA,NA,NA,NA,NA,NA,NA,NA,NA,NA,NA,NA,NA,NA,NA,NA,NA,0,11.2,6.9,17.73029453,0.309452017,NA,4.125
12/10/1992,12.78029,NA,NA,NA,NA,NA,NA,NA,NA,NA,NA,NA,NA,NA,NA,NA,NA,NA,NA,NA,NA,NA,0.2,11,6.5,-102.1391646,-1.782664718,NA,4.291666667
13/10/1992,12.78303,NA,NA,NA,NA,NA,NA,NA,NA,NA,NA,NA,NA,NA,NA,NA,NA,NA,NA,NA,NA,NA,4.1,10.9,5.5,-103.9938248,-1.815034644,25,8.25
14/10/1992,12.78576,NA,NA,NA,NA,NA,NA,NA,NA,NA,NA,NA,NA,NA,NA,NA,NA,NA,NA,NA,NA,NA,4.7,8.1,3,-49.72510723,-0.867866842,42,13.79166667
15/10/1992,12.78850,NA,NA,NA,NA,NA,NA,NA,NA,NA,NA,NA,NA,NA,NA,NA,NA,NA,NA,NA,NA,NA,4.2,9.2,4.6,-10.41692242,-0.181809594,44,17.04166667
16/10/1992,12.79124,NA,NA,NA,NA,NA,NA,NA,NA,NA,NA,NA,NA,NA,NA,NA,NA,NA,NA,NA,NA,NA,5.4,8.3,3.9,-6.129917435,-0.106987242,40,16.79166667
17/10/1992,12.79398,NA,NA,NA,NA,NA,NA,NA,NA,NA,NA,NA,NA,NA,NA,NA,NA,NA,NA,NA,NA,NA,5.6,8.5,2.1,-35.21893568,-0.614686387,NA,9
18/10/1992,12.79671,NA,NA,NA,NA,NA,NA,NA,NA,NA,NA,NA,NA,NA,NA,NA,NA,NA,NA,NA,NA,NA,9.3,8.1,1.6,-47.21490265,-0.824055507,28,9
19/10/1992,12.79945,NA,NA,NA,NA,NA,NA,NA,NA,NA,NA,NA,NA,NA,NA,NA,NA,NA,NA,NA,NA,NA,3.3,7.7,5,-2.479335849,-0.043272574,39,21.875
20/10/1992,12.80219,NA,NA,NA,NA,NA,NA,NA,NA,NA,NA,NA,NA,NA,NA,NA,NA,NA,NA,NA,NA,NA,3.8,7.7,4.1,-46.35240226,-0.809002036,29,9.083333333
21/10/1992,12.80493,NA,NA,NA,NA,NA,NA,NA,NA,NA,NA,NA,NA,NA,NA,NA,NA,NA,NA,NA,NA,NA,4.1,9,3.4,-69.73453914,-1.21709731,NA,6.958333333
22/10/1992,12.80767,NA,NA,NA,NA,NA,NA,NA,NA,NA,NA,NA,NA,NA,NA,NA,NA,NA,NA,NA,NA,NA,3.7,8.4,1.5,-123.010684,-2.146941451,27,7.916666667
23/10/1992,12.81040,NA,NA,NA,NA,NA,NA,NA,NA,NA,NA,NA,NA,NA,NA,NA,NA,NA,NA,NA,NA,NA,6,6.5,1.8,-133.865525,-2.336394167,26,6.75
24/10/1992,12.81314,NA,NA,NA,NA,NA,NA,NA,NA,NA,NA,NA,NA,NA,NA,NA,NA,NA,NA,NA,NA,NA,5,7.7,1.8,-99.9804777,-1.744988524,NA,4.125
25/10/1992,12.81588,NA,NA,NA,NA,NA,NA,NA,NA,NA,NA,NA,NA,NA,NA,NA,NA,NA,NA,NA,NA,NA,6.9,9,-0.8,-76.63179743,-1.337477177,NA,4.083333333
26/10/1992,12.81862,NA,NA,NA,NA,NA,NA,NA,NA,NA,NA,NA,NA,NA,NA,NA,NA,NA,NA,NA,NA,NA,7.5,8.3,1.9,-160.8355907,-2.807110611,NA,11.79166667
27/10/1992,12.82136,NA,NA,NA,NA,NA,NA,NA,NA,NA,NA,NA,NA,NA,NA,NA,NA,NA,NA,NA,NA,NA,5.6,7.8,3.9,-92.34112041,-1.611656586,NA,5.916666667
28/10/1992,12.82409,NA,NA,NA,NA,NA,NA,NA,NA,NA,NA,NA,NA,NA,NA,NA,NA,NA,NA,NA,NA,NA,1.7,9.3,2,43.26994392,0.755202989,43,18.41666667
29/10/1992,12.82683,NA,NA,NA,NA,NA,NA,NA,NA,NA,NA,NA,NA,NA,NA,NA,NA,NA,NA,NA,NA,NA,0,8.7,1.7,-36.2719681,-0.633065269,NA,4.75
30/10/1992,12.82957,NA,NA,NA,NA,NA,NA,NA,NA,NA,NA,NA,NA,NA,NA,NA,NA,NA,NA,NA,NA,NA,2.7,6.1,1.3,-84.7802443,-1.479694404,22,7.375
31/10/1992,12.83231,NA,NA,NA,NA,NA,NA,NA,NA,NA,NA,NA,NA,NA,NA,NA,NA,NA,NA,NA,NA,NA,12.5,8.9,2.1,-150.141476,-2.6204631,34,11.70833333
01/11/1992,12.83504,NA,NA,NA,NA,NA,NA,NA,NA,NA,NA,NA,NA,NA,NA,NA,NA,NA,NA,NA,NA,NA,18,9.1,4.6,-130.0771746,-2.270274978,31,7.916666667
02/11/1992,12.83778,NA,NA,NA,NA,NA,NA,NA,NA,NA,NA,NA,NA,NA,NA,NA,NA,NA,NA,NA,NA,NA,5.5,8.5,2.9,-47.93062227,-0.836547171,27,9.083333333
03/11/1992,12.84052,NA,NA,NA,NA,NA,NA,NA,NA,NA,NA,NA,NA,NA,NA,NA,NA,NA,NA,NA,NA,NA,5.2,7.6,2.3,-126.4233843,-2.206504308,32,8.333333333
04/11/1992,12.84326,NA,NA,NA,NA,NA,NA,NA,NA,NA,NA,NA,NA,NA,NA,NA,NA,NA,NA,NA,NA,NA,9.7,8.6,2.8,-156.9068636,-2.738541389,NA,5.916666667
05/11/1992,12.84600,NA,NA,NA,NA,NA,NA,NA,NA,NA,NA,NA,NA,NA,NA,NA,NA,NA,NA,NA,NA,NA,1.5,13,8.5,-147.1016214,-2.567407629,41,18.83333333
06/11/1992,12.84873,NA,NA,NA,NA,NA,NA,NA,NA,NA,NA,NA,NA,NA,NA,NA,NA,NA,NA,NA,NA,NA,10.9,12.5,7,-123.1277344,-2.148984365,39,14.08333333
07/11/1992,12.85147,NA,NA,NA,NA,NA,NA,NA,NA,NA,NA,NA,NA,NA,NA,NA,NA,NA,NA,NA,NA,NA,0.1,9.3,5,-100.3641599,-1.751685041,NA,8.75
08/11/1992,12.85421,NA,NA,NA,NA,NA,NA,NA,NA,NA,NA,NA,NA,NA,NA,NA,NA,NA,NA,NA,NA,NA,0.2,11.6,3.4,-172.1871427,-3.00523257,NA,17.70833333
09/11/1992,12.85695,NA,NA,NA,NA,NA,NA,NA,NA,NA,NA,NA,NA,NA,NA,NA,NA,NA,NA,NA,NA,NA,8.7,11.6,2,-133.4183093,-2.32858878,NA,8.958333333
10/11/1992,12.85969,NA,NA,NA,NA,NA,NA,NA,NA,NA,NA,NA,NA,NA,NA,NA,NA,NA,NA,NA,NA,NA,4.1,7.2,1.4,-150.4632992,-2.626079975,NA,8.458333333
11/11/1992,12.86242,NA,NA,NA,NA,NA,NA,NA,NA,NA,NA,NA,NA,NA,NA,NA,NA,NA,NA,NA,NA,NA,5.6,6.4,2.1,-133.0375134,-2.321942637,33,7.541666667
12/11/1992,12.86516,NA,NA,NA,NA,NA,NA,NA,NA,NA,NA,NA,NA,NA,NA,NA,NA,NA,NA,NA,NA,NA,7.1,5.4,0.9,-62.1981462,-1.08556244,39,13.75
13/11/1992,12.86790,NA,NA,NA,NA,NA,NA,NA,NA,NA,NA,NA,NA,NA,NA,NA,NA,NA,NA,NA,NA,NA,2.9,7,0.9,-75.44825102,-1.316820395,NA,6.5
14/11/1992,12.87064,NA,NA,NA,NA,NA,NA,NA,NA,NA,NA,NA,NA,NA,NA,NA,NA,NA,NA,NA,NA,NA,0,5.3,0.5,103.6214762,1.808535935,NA,10.375
15/11/1992,12.87337,NA,NA,NA,NA,NA,NA,NA,NA,NA,NA,NA,NA,NA,NA,NA,NA,NA,NA,NA,NA,NA,0,7.6,4.7,143.7719696,2.509294242,33,12.20833333
16/11/1992,12.87611,NA,NA,NA,NA,NA,NA,NA,NA,NA,NA,NA,NA,NA,NA,NA,NA,NA,NA,NA,NA,NA,10.7,7.6,2.1,-113.3296874,-1.977976186,NA,10.91666667
17/11/1992,12.87885,NA,NA,NA,NA,NA,NA,NA,NA,NA,NA,NA,NA,NA,NA,NA,NA,NA,NA,NA,NA,NA,1.9,4.7,0.2,-125.7352381,-2.194493891,NA,5.208333333
18/11/1992,12.88159,NA,NA,NA,NA,NA,NA,NA,NA,NA,NA,NA,NA,NA,NA,NA,NA,NA,NA,NA,NA,NA,12.3,8.1,0.6,-134.6688996,-2.350415698,57,22.625
19/11/1992,12.88433,NA,NA,NA,NA,NA,NA,NA,NA,NA,NA,NA,NA,NA,NA,NA,NA,NA,NA,NA,NA,NA,3.6,6.6,2.8,-79.69714304,-1.39097755,60,19.41666667
20/11/1992,12.88706,NA,NA,NA,NA,NA,NA,NA,NA,NA,NA,NA,NA,NA,NA,NA,NA,NA,NA,NA,NA,NA,8.4,5.8,0.9,-119.147432,-2.079514984,36,10.125
21/11/1992,12.88980,NA,NA,NA,NA,NA,NA,NA,NA,NA,NA,NA,NA,NA,NA,NA,NA,NA,NA,NA,NA,NA,1.6,5,1,-127.3651786,-2.22294172,NA,4.625
22/11/1992,12.89254,NA,NA,NA,NA,NA,NA,NA,NA,NA,NA,NA,NA,NA,NA,NA,NA,NA,NA,NA,NA,NA,6.7,8.5,3.3,138.7378931,2.421433031,NA,6.291666667
23/11/1992,12.89528,NA,NA,NA,NA,NA,NA,NA,NA,NA,NA,NA,NA,NA,NA,NA,NA,NA,NA,NA,NA,NA,21.6,13,6.9,-159.219667,-2.778907423,51,24.29166667
24/11/1992,12.89802,NA,NA,NA,NA,NA,NA,NA,NA,NA,NA,NA,NA,NA,NA,NA,NA,NA,NA,NA,NA,NA,7.1,10.6,5.6,-170.0653815,-2.96820085,52,24.20833333
25/11/1992,12.90075,NA,NA,NA,NA,NA,NA,NA,NA,NA,NA,NA,NA,NA,NA,NA,NA,NA,NA,NA,NA,NA,8.5,9.3,3.4,-149.4246736,-2.607952538,35,13.625
26/11/1992,12.90349,NA,NA,NA,NA,NA,NA,NA,NA,NA,NA,NA,NA,NA,NA,NA,NA,NA,NA,NA,NA,NA,2.5,5.4,1.4,-138.2161022,-2.412326063,NA,8.375
27/11/1992,12.90623,NA,NA,NA,NA,NA,NA,NA,NA,NA,NA,NA,NA,NA,NA,NA,NA,NA,NA,NA,NA,NA,12,7.2,1.7,-136.1454418,-2.376186222,36,10
28/11/1992,12.90897,NA,NA,NA,NA,NA,NA,NA,NA,NA,NA,NA,NA,NA,NA,NA,NA,NA,NA,NA,NA,NA,3.6,6.8,1.6,-135.913352,-2.372135489,36,7.75
29/11/1992,12.91170,NA,NA,NA,NA,NA,NA,NA,NA,NA,NA,NA,NA,NA,NA,NA,NA,NA,NA,NA,NA,NA,2.4,10.6,4.5,165.3679515,2.886215231,44,22.25
30/11/1992,12.91444,NA,NA,NA,NA,NA,NA,NA,NA,NA,NA,NA,NA,NA,NA,NA,NA,NA,NA,NA,NA,NA,0.6,10.9,2.6,-151.9327372,-2.651726506,NA,12.66666667
01/12/1992,12.91718,NA,NA,NA,NA,NA,NA,NA,NA,NA,NA,NA,NA,NA,NA,NA,NA,NA,NA,NA,NA,NA,10.9,5.9,2.2,-130.4068211,-2.276028396,NA,12.5
02/12/1992,12.91992,NA,NA,NA,NA,NA,NA,NA,NA,NA,NA,NA,NA,NA,NA,NA,NA,NA,NA,NA,NA,NA,2.4,7.2,1.7,-106.5391417,-1.859458805,NA,7.375
03/12/1992,12.92266,NA,NA,NA,NA,NA,NA,NA,NA,NA,NA,NA,NA,NA,NA,NA,NA,NA,NA,NA,NA,NA,2.8,5.1,1.5,-89.83221503,-1.567867927,NA,8.916666667
04/12/1992,12.92539,NA,NA,NA,NA,NA,NA,NA,NA,NA,NA,NA,NA,NA,NA,NA,NA,NA,NA,NA,NA,NA,1.7,3.3,-0.3,-79.45991401,-1.386837123,NA,5.375
05/12/1992,12.92813,NA,NA,NA,NA,NA,NA,NA,NA,NA,NA,NA,NA,NA,NA,NA,NA,NA,NA,NA,NA,NA,2.7,4.6,0.7,-75.99706766,-1.326399053,32,8.416666667
06/12/1992,12.93087,NA,NA,NA,NA,NA,NA,NA,NA,NA,NA,NA,NA,NA,NA,NA,NA,NA,NA,NA,NA,NA,7.6,6.8,1.4,-151.6927209,-2.647537431,24,9
07/12/1992,12.93361,NA,NA,NA,NA,NA,NA,NA,NA,NA,NA,NA,NA,NA,NA,NA,NA,NA,NA,NA,NA,NA,2.4,7.2,3.6,160.5195954,2.801595454,NA,3.916666667
08/12/1992,12.93634,NA,NA,NA,NA,NA,NA,NA,NA,NA,NA,NA,NA,NA,NA,NA,NA,NA,NA,NA,NA,NA,3.3,8.4,3,-123.1436087,-2.149261424,29,11.29166667
09/12/1992,12.93908,NA,NA,NA,NA,NA,NA,NA,NA,NA,NA,NA,NA,NA,NA,NA,NA,NA,NA,NA,NA,NA,0.3,8.8,2.4,-105.4378252,-1.840237205,NA,11.20833333
10/12/1992,12.94182,NA,NA,NA,NA,NA,NA,NA,NA,NA,NA,NA,NA,NA,NA,NA,NA,NA,NA,NA,NA,NA,10.3,11.1,6.2,-115.9646708,-2.023965322,49,NA
11/12/1992,12.94456,NA,NA,NA,NA,NA,NA,NA,NA,NA,NA,NA,NA,NA,NA,NA,NA,NA,NA,NA,NA,NA,4.7,7,3.9,-94.15389365,-1.643295448,NA,11.20833333
12/12/1992,12.94730,NA,NA,NA,NA,NA,NA,NA,NA,NA,NA,NA,NA,NA,NA,NA,NA,NA,NA,NA,NA,NA,2.4,5.7,2.9,-76.5976757,-1.33688164,38,11.54166667
13/12/1992,12.95003,NA,NA,NA,NA,NA,NA,NA,NA,NA,NA,NA,NA,NA,NA,NA,NA,NA,NA,NA,NA,NA,12.7,10.6,3.5,-122.9616056,-2.146084872,41,18.16666667
14/12/1992,12.95277,NA,NA,NA,NA,NA,NA,NA,NA,NA,NA,NA,NA,NA,NA,NA,NA,NA,NA,NA,NA,NA,21.5,10.8,6.1,-122.2437354,-2.133555673,40,19.29166667
15/12/1992,12.95551,NA,NA,NA,NA,NA,NA,NA,NA,NA,NA,NA,NA,NA,NA,NA,NA,NA,NA,NA,NA,NA,3,6.5,1,-117.990455,-2.059321925,NA,5.75
16/12/1992,12.95825,NA,NA,NA,NA,NA,NA,NA,NA,NA,NA,NA,NA,NA,NA,NA,NA,NA,NA,NA,NA,NA,1.9,4.2,-0.9,-104.7409436,-1.828074328,NA,7.916666667
17/12/1992,12.96099,NA,NA,NA,NA,NA,NA,NA,NA,NA,NA,NA,NA,NA,NA,NA,NA,NA,NA,NA,NA,NA,12.3,8.6,2.1,179.0551669,3.125102205,56,27.16666667
18/12/1992,12.96372,NA,NA,NA,NA,NA,NA,NA,NA,NA,NA,NA,NA,NA,NA,NA,NA,NA,NA,NA,NA,NA,3.8,8.5,0.5,-135.4143126,-2.363425609,51,12.875
19/12/1992,12.96646,NA,NA,NA,NA,NA,NA,NA,NA,NA,NA,NA,NA,NA,NA,NA,NA,NA,NA,NA,NA,NA,1.4,2.4,-1.7,-97.94095162,-1.709392078,NA,9.875
20/12/1992,12.96920,NA,NA,NA,NA,NA,NA,NA,NA,NA,NA,NA,NA,NA,NA,NA,NA,NA,NA,NA,NA,NA,0,4.5,-2.5,-164.0784169,-2.863708606,NA,10.875
21/12/1992,12.97194,NA,NA,NA,NA,NA,NA,NA,NA,NA,NA,NA,NA,NA,NA,NA,NA,NA,NA,NA,NA,NA,0.9,5.7,0.2,-162.6260645,-2.838360276,NA,16.29166667
22/12/1992,12.97467,NA,NA,NA,NA,NA,NA,NA,NA,NA,NA,NA,NA,NA,NA,NA,NA,NA,NA,NA,NA,NA,0,6,-0.9,-158.4559059,-2.765577277,NA,8.208333333
23/12/1992,12.97741,NA,NA,NA,NA,NA,NA,NA,NA,NA,NA,NA,NA,NA,NA,NA,NA,NA,NA,NA,NA,NA,2.6,7.8,4.7,-168.0887824,-2.933702689,38,19.33333333
24/12/1992,12.98015,NA,NA,NA,NA,NA,NA,NA,NA,NA,NA,NA,NA,NA,NA,NA,NA,NA,NA,NA,NA,NA,5.9,8.6,4.5,-160.3525246,-2.798679519,NA,9.375
25/12/1992,12.98289,NA,NA,NA,NA,NA,NA,NA,NA,NA,NA,NA,NA,NA,NA,NA,NA,NA,NA,NA,NA,NA,6,9.2,1,-98.66543521,-1.722036702,NA,16.04166667
26/12/1992,12.98563,NA,NA,NA,NA,NA,NA,NA,NA,NA,NA,NA,NA,NA,NA,NA,NA,NA,NA,NA,NA,NA,0,7.8,-0.5,153.7992633,2.684303532,NA,8
27/12/1992,12.98836,NA,NA,NA,NA,NA,NA,NA,NA,NA,NA,NA,NA,NA,NA,NA,NA,NA,NA,NA,NA,NA,0,7.6,4.5,-166.6661395,-2.908872886,20,7.791666667
28/12/1992,12.99110,NA,NA,NA,NA,NA,NA,NA,NA,NA,NA,NA,NA,NA,NA,NA,NA,NA,NA,NA,NA,NA,0,7,4.3,-178.2047246,-3.110259187,NA,4.333333333
29/12/1992,12.99384,NA,NA,NA,NA,NA,NA,NA,NA,NA,NA,NA,NA,NA,NA,NA,NA,NA,NA,NA,NA,NA,0,6,3.2,-175.2463092,-3.058625097,27,13.04761905
30/12/1992,12.99658,NA,NA,NA,NA,NA,NA,NA,NA,NA,NA,NA,NA,NA,NA,NA,NA,NA,NA,NA,NA,NA,0,5.5,4.4,-173.7787482,-3.033011326,37,14.33333333
31/12/1992,12.99932,NA,NA,NA,NA,NA,NA,NA,NA,NA,NA,NA,NA,NA,NA,NA,NA,NA,NA,NA,NA,NA,2.2,7.5,3.3,-161.7777503,-2.823554399,47,18.83333333
01/01/1993,13.00205,NA,NA,NA,NA,NA,NA,NA,NA,NA,NA,NA,NA,NA,NA,NA,NA,NA,NA,NA,NA,NA,0.3,9.9,3.2,-174.2038172,-3.040430179,59,31.54166667
02/01/1993,13.00479,NA,NA,NA,NA,NA,NA,NA,NA,NA,NA,NA,NA,NA,NA,NA,NA,NA,NA,NA,NA,NA,11.2,9.2,2.1,-160.965422,-2.809376596,50,10
03/01/1993,13.00753,NA,NA,NA,NA,NA,NA,NA,NA,NA,NA,NA,NA,NA,NA,NA,NA,NA,NA,NA,NA,NA,12.9,9,6.1,171.661961,2.99606642,63,31
04/01/1993,13.01027,NA,NA,NA,NA,NA,NA,NA,NA,NA,NA,NA,NA,NA,NA,NA,NA,NA,NA,NA,NA,NA,4.5,8.9,5,-157.7848239,-2.753864687,43,15.33333333
05/01/1993,13.01300,NA,NA,NA,NA,NA,NA,NA,NA,NA,NA,NA,NA,NA,NA,NA,NA,NA,NA,NA,NA,NA,17.1,9.2,3,-141.6766422,-2.47272388,62,28.08333333
06/01/1993,13.01574,NA,NA,NA,NA,NA,NA,NA,NA,NA,NA,NA,NA,NA,NA,NA,NA,NA,NA,NA,NA,NA,6.5,7.5,2.5,-142.1299936,-2.480636354,40,12.75
07/01/1993,13.01848,NA,NA,NA,NA,NA,NA,NA,NA,NA,NA,NA,NA,NA,NA,NA,NA,NA,NA,NA,NA,NA,12.2,8.5,1.6,-152.8920483,-2.668469642,58,28.04166667
08/01/1993,13.02122,NA,NA,NA,NA,NA,NA,NA,NA,NA,NA,NA,NA,NA,NA,NA,NA,NA,NA,NA,NA,NA,5.2,7.5,0.6,-128.3048803,-2.239342607,47,19.08333333
09/01/1993,13.02396,NA,NA,NA,NA,NA,NA,NA,NA,NA,NA,NA,NA,NA,NA,NA,NA,NA,NA,NA,NA,NA,5.5,7.4,0.8,-135.3268729,-2.361899499,45,14.875
10/01/1993,13.02669,NA,NA,NA,NA,NA,NA,NA,NA,NA,NA,NA,NA,NA,NA,NA,NA,NA,NA,NA,NA,NA,7.8,6,-0.9,-159.8345761,-2.789639612,69,23.08333333
11/01/1993,13.02943,NA,NA,NA,NA,NA,NA,NA,NA,NA,NA,NA,NA,NA,NA,NA,NA,NA,NA,NA,NA,NA,2.8,2.1,-2.1,-126.6661882,-2.210742035,55,23
12/01/1993,13.03217,NA,NA,NA,NA,NA,NA,NA,NA,NA,NA,NA,NA,NA,NA,NA,NA,NA,NA,NA,NA,NA,15.1,3.8,0.1,-127.0867526,-2.218082268,51,15.5
13/01/1993,13.03491,NA,NA,NA,NA,NA,NA,NA,NA,NA,NA,NA,NA,NA,NA,NA,NA,NA,NA,NA,NA,NA,4.6,4.1,-0.1,-147.195758,-2.569050622,35,12.45833333
14/01/1993,13.03765,NA,NA,NA,NA,NA,NA,NA,NA,NA,NA,NA,NA,NA,NA,NA,NA,NA,NA,NA,NA,NA,10.8,6.1,0.2,-144.2478564,-2.517600033,52,16.66666667
15/01/1993,13.04038,NA,NA,NA,NA,NA,NA,NA,NA,NA,NA,NA,NA,NA,NA,NA,NA,NA,NA,NA,NA,NA,23.3,8.6,1.3,-145.786902,-2.544461447,64,26.16666667
16/01/1993,13.04312,NA,NA,NA,NA,NA,NA,NA,NA,NA,NA,NA,NA,NA,NA,NA,NA,NA,NA,NA,NA,NA,23.4,11.6,1.9,-163.3577371,-2.851130371,56,18.45833333
17/01/1993,13.04586,NA,NA,NA,NA,NA,NA,NA,NA,NA,NA,NA,NA,NA,NA,NA,NA,NA,NA,NA,NA,NA,17.5,10.7,0.5,-124.8567559,-2.179161485,79,25.91666667
18/01/1993,13.04860,NA,NA,NA,NA,NA,NA,NA,NA,NA,NA,NA,NA,NA,NA,NA,NA,NA,NA,NA,NA,NA,2.5,5.1,0.9,-138.0901989,-2.410128635,35,10.33333333
19/01/1993,13.05133,NA,NA,NA,NA,NA,NA,NA,NA,NA,NA,NA,NA,NA,NA,NA,NA,NA,NA,NA,NA,NA,8.5,8.6,0.9,-159.0984358,-2.776791539,44,14.16666667
20/01/1993,13.05407,NA,NA,NA,NA,NA,NA,NA,NA,NA,NA,NA,NA,NA,NA,NA,NA,NA,NA,NA,NA,NA,4.3,9,1,-132.5415268,-2.313286038,59,23.41666667
21/01/1993,13.05681,NA,NA,NA,NA,NA,NA,NA,NA,NA,NA,NA,NA,NA,NA,NA,NA,NA,NA,NA,NA,NA,22.1,9.6,1.7,-138.1175378,-2.410605789,74,27.16666667
22/01/1993,13.05955,NA,NA,NA,NA,NA,NA,NA,NA,NA,NA,NA,NA,NA,NA,NA,NA,NA,NA,NA,NA,NA,21.7,7,1.2,-100.8734812,-1.760574375,62,15.66666667
23/01/1993,13.06229,NA,NA,NA,NA,NA,NA,NA,NA,NA,NA,NA,NA,NA,NA,NA,NA,NA,NA,NA,NA,NA,14.5,6.8,0.6,-146.9508752,-2.564776611,41,12.33333333
24/01/1993,13.06502,NA,NA,NA,NA,NA,NA,NA,NA,NA,NA,NA,NA,NA,NA,NA,NA,NA,NA,NA,NA,NA,6.8,6.6,-0.3,-87.24791366,-1.522763359,54,15.875
25/01/1993,13.06776,NA,NA,NA,NA,NA,NA,NA,NA,NA,NA,NA,NA,NA,NA,NA,NA,NA,NA,NA,NA,NA,1.5,5,-1.4,-79.05667085,-1.379799202,53,18.45833333
26/01/1993,13.07050,NA,NA,NA,NA,NA,NA,NA,NA,NA,NA,NA,NA,NA,NA,NA,NA,NA,NA,NA,NA,NA,2.5,6.8,2.4,-77.19034956,-1.347225751,36,11.95833333
27/01/1993,13.07324,NA,NA,NA,NA,NA,NA,NA,NA,NA,NA,NA,NA,NA,NA,NA,NA,NA,NA,NA,NA,NA,3.5,7.6,1.2,-179.2558743,-3.12860521,26,6.75
28/01/1993,13.07598,NA,NA,NA,NA,NA,NA,NA,NA,NA,NA,NA,NA,NA,NA,NA,NA,NA,NA,NA,NA,NA,0.2,6.5,0.9,145.0341614,2.531323644,12,2.875
29/01/1993,13.07871,NA,NA,NA,NA,NA,NA,NA,NA,NA,NA,NA,NA,NA,NA,NA,NA,NA,NA,NA,NA,NA,2.4,7,3.8,171.0252805,2.984954249,35,7.708333333
30/01/1993,13.08145,NA,NA,NA,NA,NA,NA,NA,NA,NA,NA,NA,NA,NA,NA,NA,NA,NA,NA,NA,NA,NA,3.4,7.4,3.2,-144.9163567,-2.529267564,48,20.58333333
31/01/1993,13.08419,NA,NA,NA,NA,NA,NA,NA,NA,NA,NA,NA,NA,NA,NA,NA,NA,NA,NA,NA,NA,NA,0.2,7.4,1.4,-147.1491661,-2.568237439,39,13.625
01/02/1993,13.08693,NA,NA,NA,NA,NA,NA,NA,NA,NA,NA,NA,NA,NA,NA,NA,NA,NA,NA,NA,NA,NA,0,7,5,-169.1698981,-2.952571717,47,23.04166667
02/02/1993,13.08966,NA,NA,NA,NA,NA,NA,NA,NA,NA,NA,NA,NA,NA,NA,NA,NA,NA,NA,NA,NA,NA,3.5,8.9,2.3,-148.9557623,-2.599768492,53,20.91666667
03/02/1993,13.09240,NA,NA,NA,NA,NA,NA,NA,NA,NA,NA,NA,NA,NA,NA,NA,NA,NA,NA,NA,NA,NA,1.4,11,7.6,-140.4169224,-2.450737622,49,25.875
04/02/1993,13.09514,NA,NA,NA,NA,NA,NA,NA,NA,NA,NA,NA,NA,NA,NA,NA,NA,NA,NA,NA,NA,NA,0.6,10.7,9,-127.4984185,-2.225267194,42,20.04166667
05/02/1993,13.09788,NA,NA,NA,NA,NA,NA,NA,NA,NA,NA,NA,NA,NA,NA,NA,NA,NA,NA,NA,NA,NA,11.2,10.4,8.6,-131.0298741,-2.286902721,34,11.70833333
06/02/1993,13.10062,NA,NA,NA,NA,NA,NA,NA,NA,NA,NA,NA,NA,NA,NA,NA,NA,NA,NA,NA,NA,NA,0.4,10.4,8.4,-123.0438009,-2.14751945,35,10.54166667
07/02/1993,13.10335,NA,NA,NA,NA,NA,NA,NA,NA,NA,NA,NA,NA,NA,NA,NA,NA,NA,NA,NA,NA,NA,0.3,9.9,7.9,-125.5831856,-2.191840073,22,10.125
08/02/1993,13.10609,NA,NA,NA,NA,NA,NA,NA,NA,NA,NA,NA,NA,NA,NA,NA,NA,NA,NA,NA,NA,NA,0.1,8.8,5,-161.5689543,-2.819910222,12,3.375
09/02/1993,13.10883,NA,NA,NA,NA,NA,NA,NA,NA,NA,NA,NA,NA,NA,NA,NA,NA,NA,NA,NA,NA,NA,0.7,7.5,5,163.3980641,2.851834211,10,3.208333333
10/02/1993,13.11157,NA,NA,NA,NA,NA,NA,NA,NA,NA,NA,NA,NA,NA,NA,NA,NA,NA,NA,NA,NA,NA,0,7.5,5.9,145.6473845,2.542026406,16,2
11/02/1993,13.11431,NA,NA,NA,NA,NA,NA,NA,NA,NA,NA,NA,NA,NA,NA,NA,NA,NA,NA,NA,NA,NA,0,7.8,5.5,-174.1571923,-3.039616421,33,15.125
12/02/1993,13.11704,NA,NA,NA,NA,NA,NA,NA,NA,NA,NA,NA,NA,NA,NA,NA,NA,NA,NA,NA,NA,NA,0.7,7.9,6.8,-173.3295631,-3.025171566,33,17.375
13/02/1993,13.11978,NA,NA,NA,NA,NA,NA,NA,NA,NA,NA,NA,NA,NA,NA,NA,NA,NA,NA,NA,NA,NA,0,8.6,7.1,179.5841366,3.134334467,36,19
14/02/1993,13.12252,NA,NA,NA,NA,NA,NA,NA,NA,NA,NA,NA,NA,NA,NA,NA,NA,NA,NA,NA,NA,NA,7.2,8.9,2.6,-144.8683812,-2.528430233,38,14.66666667
15/02/1993,13.12526,NA,NA,NA,NA,NA,NA,NA,NA,NA,NA,NA,NA,NA,NA,NA,NA,NA,NA,NA,NA,NA,0.8,7.8,2.9,-120.8375326,-2.109012804,26,10.125
16/02/1993,13.12799,NA,NA,NA,NA,NA,NA,NA,NA,NA,NA,NA,NA,NA,NA,NA,NA,NA,NA,NA,NA,NA,1.1,9.7,7,-101.9267237,-1.778956924,34,14.95833333
17/02/1993,13.13073,NA,NA,NA,NA,NA,NA,NA,NA,NA,NA,NA,NA,NA,NA,NA,NA,NA,NA,NA,NA,NA,0.5,9.5,6.3,-93.06468965,-1.624285252,22,8.875
18/02/1993,13.13347,NA,NA,NA,NA,NA,NA,NA,NA,NA,NA,NA,NA,NA,NA,NA,NA,NA,NA,NA,NA,NA,5.9,8.4,1.4,-107.2266145,-1.871457468,54,21.375
19/02/1993,13.13621,NA,NA,NA,NA,NA,NA,NA,NA,NA,NA,NA,NA,NA,NA,NA,NA,NA,NA,NA,NA,NA,2.1,6.4,3.2,-56.22398294,-0.981293621,54,15.54166667
20/02/1993,13.13895,NA,NA,NA,NA,NA,NA,NA,NA,NA,NA,NA,NA,NA,NA,NA,NA,NA,NA,NA,NA,NA,1.4,8.1,2.4,-72.26601492,-1.261279898,54,22.04166667
21/02/1993,13.14168,NA,NA,NA,NA,NA,NA,NA,NA,NA,NA,NA,NA,NA,NA,NA,NA,NA,NA,NA,NA,NA,0.4,4.8,2.7,-28.87174326,-0.503906981,29,7.75
22/02/1993,13.14442,NA,NA,NA,NA,NA,NA,NA,NA,NA,NA,NA,NA,NA,NA,NA,NA,NA,NA,NA,NA,NA,1.4,8.8,3.6,-64.84397331,-1.131740834,23,7.958333333
23/02/1993,13.14716,NA,NA,NA,NA,NA,NA,NA,NA,NA,NA,NA,NA,NA,NA,NA,NA,NA,NA,NA,NA,NA,0.3,7.5,2.9,-154.882125,-2.703203033,24,9.083333333
24/02/1993,13.14990,NA,NA,NA,NA,NA,NA,NA,NA,NA,NA,NA,NA,NA,NA,NA,NA,NA,NA,NA,NA,NA,3.4,8.6,6.2,-165.835396,-2.894373676,30,15
25/02/1993,13.15264,NA,NA,NA,NA,NA,NA,NA,NA,NA,NA,NA,NA,NA,NA,NA,NA,NA,NA,NA,NA,NA,7.3,8,2.3,-105.5339106,-1.841914213,38,13.125
26/02/1993,13.15537,NA,NA,NA,NA,NA,NA,NA,NA,NA,NA,NA,NA,NA,NA,NA,NA,NA,NA,NA,NA,NA,4.7,4.2,0.6,-31.80686845,-0.555134579,35,10.79166667
27/02/1993,13.15811,NA,NA,NA,NA,NA,NA,NA,NA,NA,NA,NA,NA,NA,NA,NA,NA,NA,NA,NA,NA,NA,1.7,2.4,-2.3,-26.01023933,-0.453964316,29,11.625
28/02/1993,13.16085,NA,NA,NA,NA,NA,NA,NA,NA,NA,NA,NA,NA,NA,NA,NA,NA,NA,NA,NA,NA,NA,0,3.8,0.7,0.662168577,0.011557022,20,8.541666667
01/03/1993,13.16359,NA,NA,NA,NA,NA,NA,NA,NA,NA,NA,NA,NA,NA,NA,NA,NA,NA,NA,NA,NA,NA,0,5.4,-1.4,96.82786352,1.689965026,NA,4.375
02/03/1993,13.16632,NA,NA,NA,NA,NA,NA,NA,NA,NA,NA,NA,NA,NA,NA,NA,NA,NA,NA,NA,NA,NA,0,5.1,-1.9,103.7205367,1.810264867,NA,3.333333333
03/03/1993,13.16906,NA,NA,NA,NA,NA,NA,NA,NA,NA,NA,NA,NA,NA,NA,NA,NA,NA,NA,NA,NA,NA,0,5.6,-2.9,-93.17603348,-1.626228568,NA,1.875
04/03/1993,13.17180,NA,NA,NA,NA,NA,NA,NA,NA,NA,NA,NA,NA,NA,NA,NA,NA,NA,NA,NA,NA,NA,1.4,9.6,-1.5,-130.324266,-2.274587537,29,11.625
05/03/1993,13.17454,NA,NA,NA,NA,NA,NA,NA,NA,NA,NA,NA,NA,NA,NA,NA,NA,NA,NA,NA,NA,NA,0.8,9.3,6.6,-95.82156115,-1.672401736,25,10.66666667
06/03/1993,13.17728,NA,NA,NA,NA,NA,NA,NA,NA,NA,NA,NA,NA,NA,NA,NA,NA,NA,NA,NA,NA,NA,0.2,9.2,5.7,-146.9296097,-2.564405458,22,7.5
07/03/1993,13.18001,NA,NA,NA,NA,NA,NA,NA,NA,NA,NA,NA,NA,NA,NA,NA,NA,NA,NA,NA,NA,NA,0,7.5,5.4,-173.3295631,-3.025171566,37,19.5
08/03/1993,13.18275,NA,NA,NA,NA,NA,NA,NA,NA,NA,NA,NA,NA,NA,NA,NA,NA,NA,NA,NA,NA,NA,6.2,8.4,3.4,-150.9594214,-2.63473894,NA,11.29166667
09/03/1993,13.18549,NA,NA,NA,NA,NA,NA,NA,NA,NA,NA,NA,NA,NA,NA,NA,NA,NA,NA,NA,NA,NA,0,7.5,1.5,33.99812592,0.593379237,NA,6
10/03/1993,13.18823,NA,NA,NA,NA,NA,NA,NA,NA,NA,NA,NA,NA,NA,NA,NA,NA,NA,NA,NA,NA,NA,0,6.9,2.8,110.5145525,1.928842813,23,9
11/03/1993,13.19097,NA,NA,NA,NA,NA,NA,NA,NA,NA,NA,NA,NA,NA,NA,NA,NA,NA,NA,NA,NA,NA,1.8,8.6,4.1,172.5728197,3.011963902,23,11.66666667
12/03/1993,13.19370,NA,NA,NA,NA,NA,NA,NA,NA,NA,NA,NA,NA,NA,NA,NA,NA,NA,NA,NA,NA,NA,0.1,11.3,7.4,-176.6573917,-3.083253133,34,10.70833333
13/03/1993,13.19644,NA,NA,NA,NA,NA,NA,NA,NA,NA,NA,NA,NA,NA,NA,NA,NA,NA,NA,NA,NA,NA,0.8,10.7,6.6,176.3617172,3.07809264,36,14.66666667
14/03/1993,13.19918,NA,NA,NA,NA,NA,NA,NA,NA,NA,NA,NA,NA,NA,NA,NA,NA,NA,NA,NA,NA,NA,0.7,10.6,7.8,-169.9744532,-2.966613852,30,14.79166667
15/03/1993,13.20192,NA,NA,NA,NA,NA,NA,NA,NA,NA,NA,NA,NA,NA,NA,NA,NA,NA,NA,NA,NA,NA,8.5,8.7,4.5,-135.1933959,-2.359569886,24,8.583333333
16/03/1993,13.20465,NA,NA,NA,NA,NA,NA,NA,NA,NA,NA,NA,NA,NA,NA,NA,NA,NA,NA,NA,NA,NA,3,10.3,3,-130.1759721,-2.271999321,53,21.16666667
17/03/1993,13.20739,NA,NA,NA,NA,NA,NA,NA,NA,NA,NA,NA,NA,NA,NA,NA,NA,NA,NA,NA,NA,NA,1.8,10.3,6.3,-122.0613898,-2.130373141,37,15.95833333
18/03/1993,13.21013,NA,NA,NA,NA,NA,NA,NA,NA,NA,NA,NA,NA,NA,NA,NA,NA,NA,NA,NA,NA,NA,6.8,7,0.3,-104.1059323,-1.816991289,54,20.875
19/03/1993,13.21287,NA,NA,NA,NA,NA,NA,NA,NA,NA,NA,NA,NA,NA,NA,NA,NA,NA,NA,NA,NA,NA,0.9,9,3.3,-119.594203,-2.087312608,47,23.08333333
20/03/1993,13.21561,NA,NA,NA,NA,NA,NA,NA,NA,NA,NA,NA,NA,NA,NA,NA,NA,NA,NA,NA,NA,NA,3.9,9,7.3,-137.6919724,-2.403178273,45,20.41666667
21/03/1993,13.21834,NA,NA,NA,NA,NA,NA,NA,NA,NA,NA,NA,NA,NA,NA,NA,NA,NA,NA,NA,NA,NA,3.6,7.9,1.4,-126.5504912,-2.208722742,37,11.91666667
22/03/1993,13.22108,NA,NA,NA,NA,NA,NA,NA,NA,NA,NA,NA,NA,NA,NA,NA,NA,NA,NA,NA,NA,NA,8.1,5.6,0.1,-133.4531338,-2.329196581,39,13.66666667
23/03/1993,13.22382,NA,NA,NA,NA,NA,NA,NA,NA,NA,NA,NA,NA,NA,NA,NA,NA,NA,NA,NA,NA,NA,7,5.3,-0.3,-97.84053941,-1.707639555,42,13.16666667
24/03/1993,13.22656,NA,NA,NA,NA,NA,NA,NA,NA,NA,NA,NA,NA,NA,NA,NA,NA,NA,NA,NA,NA,NA,4.7,7.1,0.8,-64.74778199,-1.130061979,29,9.208333333
25/03/1993,13.22930,NA,NA,NA,NA,NA,NA,NA,NA,NA,NA,NA,NA,NA,NA,NA,NA,NA,NA,NA,NA,NA,0,8.7,-0.2,-149.7697931,-2.61397601,NA,5.833333333
26/03/1993,13.23203,NA,NA,NA,NA,NA,NA,NA,NA,NA,NA,NA,NA,NA,NA,NA,NA,NA,NA,NA,NA,NA,0,8.6,5.2,171.2521846,2.988914472,33,14.54166667
27/03/1993,13.23477,NA,NA,NA,NA,NA,NA,NA,NA,NA,NA,NA,NA,NA,NA,NA,NA,NA,NA,NA,NA,NA,0.9,10.5,2.4,-153.7766534,-2.683908915,NA,12.75
28/03/1993,13.23751,NA,NA,NA,NA,NA,NA,NA,NA,NA,NA,NA,NA,NA,NA,NA,NA,NA,NA,NA,NA,NA,0.4,8.9,1.9,151.5688142,2.645374851,24,9.130434783
29/03/1993,13.24025,NA,NA,NA,NA,NA,NA,NA,NA,NA,NA,NA,NA,NA,NA,NA,NA,NA,NA,NA,NA,NA,5.6,7.8,6.2,150.7790562,2.631590974,35,15.79166667
30/03/1993,13.24298,NA,NA,NA,NA,NA,NA,NA,NA,NA,NA,NA,NA,NA,NA,NA,NA,NA,NA,NA,NA,NA,11.7,10.6,4.6,167.9405212,2.931115043,43,11.91666667
31/03/1993,13.24572,NA,NA,NA,NA,NA,NA,NA,NA,NA,NA,NA,NA,NA,NA,NA,NA,NA,NA,NA,NA,NA,0.7,9.8,4.6,154.2727395,2.69256725,29,12.20833333
01/04/1993,13.24846,NA,NA,NA,NA,NA,NA,NA,NA,NA,NA,NA,NA,NA,NA,NA,NA,NA,NA,NA,NA,NA,0.5,9.9,4.7,141.003121,2.460968718,NA,8.625
02/04/1993,13.25120,NA,NA,NA,NA,NA,NA,NA,NA,NA,NA,NA,NA,NA,NA,NA,NA,NA,NA,NA,NA,NA,0,10.4,0.4,-137.9140683,-2.407054577,NA,2.958333333
03/04/1993,13.25394,NA,NA,NA,NA,NA,NA,NA,NA,NA,NA,NA,NA,NA,NA,NA,NA,NA,NA,NA,NA,NA,1,8.8,3.9,127.8706294,2.231763499,23,6.916666667
04/04/1993,13.25667,NA,NA,NA,NA,NA,NA,NA,NA,NA,NA,NA,NA,NA,NA,NA,NA,NA,NA,NA,NA,NA,5.3,8.3,4.7,147.9060094,2.581446847,20,8.791666667
05/04/1993,13.25941,NA,NA,NA,NA,NA,NA,NA,NA,NA,NA,NA,NA,NA,NA,NA,NA,NA,NA,NA,NA,NA,2.9,8.3,4.5,92.37344669,1.612220786,39,16.29166667
06/04/1993,13.26215,NA,NA,NA,NA,NA,NA,NA,NA,NA,NA,NA,NA,NA,NA,NA,NA,NA,NA,NA,NA,NA,0,9,6.2,39.54559168,0.690200779,22,10.125
07/04/1993,13.26489,NA,NA,NA,NA,NA,NA,NA,NA,NA,NA,NA,NA,NA,NA,NA,NA,NA,NA,NA,NA,NA,0,10.6,4.7,86.67477346,1.512760175,23,9.166666667
08/04/1993,13.26762,NA,NA,NA,NA,NA,NA,NA,NA,NA,NA,NA,NA,NA,NA,NA,NA,NA,NA,NA,NA,NA,9.2,9.1,5.4,124.552575,2.173852525,20,7.25
09/04/1993,13.27036,NA,NA,NA,NA,NA,NA,NA,NA,NA,NA,NA,NA,NA,NA,NA,NA,NA,NA,NA,NA,NA,10.9,9.4,6.6,99.05123914,1.728770251,22,5.833333333
10/04/1993,13.27310,NA,NA,NA,NA,NA,NA,NA,NA,NA,NA,NA,NA,NA,NA,NA,NA,NA,NA,NA,NA,NA,0.6,9.4,5.7,141.1624102,2.463748839,23,10.5
11/04/1993,13.27584,NA,NA,NA,NA,NA,NA,NA,NA,NA,NA,NA,NA,NA,NA,NA,NA,NA,NA,NA,NA,NA,0.1,10.2,2,50.86449805,0.887752963,15,3.708333333
12/04/1993,13.27858,NA,NA,NA,NA,NA,NA,NA,NA,NA,NA,NA,NA,NA,NA,NA,NA,NA,NA,NA,NA,NA,1.6,9.4,4.6,126.713043,2.211559806,18,6.416666667
13/04/1993,13.28131,NA,NA,NA,NA,NA,NA,NA,NA,NA,NA,NA,NA,NA,NA,NA,NA,NA,NA,NA,NA,NA,0.1,9.8,4.6,150.2360952,2.622114517,10,3.208333333
14/04/1993,13.28405,NA,NA,NA,NA,NA,NA,NA,NA,NA,NA,NA,NA,NA,NA,NA,NA,NA,NA,NA,NA,NA,2.9,9.9,6.4,-175.7647574,-3.067673726,22,9.125
15/04/1993,13.28679,NA,NA,NA,NA,NA,NA,NA,NA,NA,NA,NA,NA,NA,NA,NA,NA,NA,NA,NA,NA,NA,9.9,9.9,7.4,-155.625487,-2.716177149,39,16.5
16/04/1993,13.28953,NA,NA,NA,NA,NA,NA,NA,NA,NA,NA,NA,NA,NA,NA,NA,NA,NA,NA,NA,NA,NA,1.8,10.4,4.7,-116.2257911,-2.028522731,29,12.16666667
17/04/1993,13.29227,NA,NA,NA,NA,NA,NA,NA,NA,NA,NA,NA,NA,NA,NA,NA,NA,NA,NA,NA,NA,NA,4.6,9.1,3.7,-106.666106,-1.861674751,39,12.375
18/04/1993,13.29500,NA,NA,NA,NA,NA,NA,NA,NA,NA,NA,NA,NA,NA,NA,NA,NA,NA,NA,NA,NA,NA,0,8.9,2.3,30.7043988,0.535892854,24,7.5
19/04/1993,13.29774,NA,NA,NA,NA,NA,NA,NA,NA,NA,NA,NA,NA,NA,NA,NA,NA,NA,NA,NA,NA,NA,11.6,9,5.1,118.4118628,2.066676879,27,12.70833333
20/04/1993,13.30048,NA,NA,NA,NA,NA,NA,NA,NA,NA,NA,NA,NA,NA,NA,NA,NA,NA,NA,NA,NA,NA,6.3,10.4,7,178.5269494,3.115883071,24,9.291666667
21/04/1993,13.30322,NA,NA,NA,NA,NA,NA,NA,NA,NA,NA,NA,NA,NA,NA,NA,NA,NA,NA,NA,NA,NA,1.8,10.8,5.1,-118.5556471,-2.069186389,NA,6.541666667
22/04/1993,13.30595,NA,NA,NA,NA,NA,NA,NA,NA,NA,NA,NA,NA,NA,NA,NA,NA,NA,NA,NA,NA,NA,5.3,10.9,7.6,-174.1964083,-3.040300871,26,11.16666667
23/04/1993,13.30869,NA,NA,NA,NA,NA,NA,NA,NA,NA,NA,NA,NA,NA,NA,NA,NA,NA,NA,NA,NA,NA,1.1,11.9,7.3,155.8481831,2.720063929,16,5.791666667
24/04/1993,13.31143,NA,NA,NA,NA,NA,NA,NA,NA,NA,NA,NA,NA,NA,NA,NA,NA,NA,NA,NA,NA,NA,2.1,12,7.4,110.2947866,1.925007174,12,3.541666667
25/04/1993,13.31417,NA,NA,NA,NA,NA,NA,NA,NA,NA,NA,NA,NA,NA,NA,NA,NA,NA,NA,NA,NA,NA,0.1,8.9,6.3,27.27237486,0.475992736,26,12.875
26/04/1993,13.31691,NA,NA,NA,NA,NA,NA,NA,NA,NA,NA,NA,NA,NA,NA,NA,NA,NA,NA,NA,NA,NA,0,11.6,5.4,34.97996649,0.610515587,19,5.25
27/04/1993,13.31964,NA,NA,NA,NA,NA,NA,NA,NA,NA,NA,NA,NA,NA,NA,NA,NA,NA,NA,NA,NA,NA,0,9.1,3.3,21.33069435,0.372290848,23,10.45833333
28/04/1993,13.32238,NA,NA,NA,NA,NA,NA,NA,NA,NA,NA,NA,NA,NA,NA,NA,NA,NA,NA,NA,NA,NA,0,13,5.7,66.18481433,1.155142925,NA,3.708333333
29/04/1993,13.32512,NA,NA,NA,NA,NA,NA,NA,NA,NA,NA,NA,NA,NA,NA,NA,NA,NA,NA,NA,NA,NA,0,10.2,4.6,10.21054664,0.178207657,15,4.125
30/04/1993,13.32786,NA,NA,NA,NA,NA,NA,NA,NA,NA,NA,NA,NA,NA,NA,NA,NA,NA,NA,NA,NA,NA,0,11.2,6.5,-12.43813672,-0.217086439,13,3.791666667
01/05/1993,13.33060,NA,NA,NA,NA,NA,NA,NA,NA,NA,NA,NA,NA,NA,NA,NA,NA,NA,NA,NA,NA,NA,0.3,9.9,4,-96.04914658,-1.676373852,26,8.333333333
02/05/1993,13.33333,NA,NA,NA,NA,NA,NA,NA,NA,NA,NA,NA,NA,NA,NA,NA,NA,NA,NA,NA,NA,NA,0.2,10.2,0.2,-94.59388952,-1.650974824,29,4.375
03/05/1993,13.33607,NA,NA,NA,NA,NA,NA,NA,NA,NA,NA,NA,NA,NA,NA,NA,NA,NA,NA,NA,NA,NA,1,8.5,1.4,-129.6534692,-2.262879924,23,7.708333333
04/05/1993,13.33881,NA,NA,NA,NA,NA,NA,NA,NA,NA,NA,NA,NA,NA,NA,NA,NA,NA,NA,NA,NA,NA,0.8,11.8,6.2,-163.7551484,-2.858066506,27,11.20833333
05/05/1993,13.34155,NA,NA,NA,NA,NA,NA,NA,NA,NA,NA,NA,NA,NA,NA,NA,NA,NA,NA,NA,NA,NA,0,13.4,6.6,162.5906116,2.837741504,14,4.416666667
06/05/1993,13.34428,NA,NA,NA,NA,NA,NA,NA,NA,NA,NA,NA,NA,NA,NA,NA,NA,NA,NA,NA,NA,NA,0,13.4,8.5,28.08486236,0.490173318,13,2.458333333
07/05/1993,13.34702,NA,NA,NA,NA,NA,NA,NA,NA,NA,NA,NA,NA,NA,NA,NA,NA,NA,NA,NA,NA,NA,0,14.9,4.1,-57.6706438,-1.006542616,15,3.75
08/05/1993,13.34976,NA,NA,NA,NA,NA,NA,NA,NA,NA,NA,NA,NA,NA,NA,NA,NA,NA,NA,NA,NA,NA,0,12.6,4.9,20.82012219,0.363379683,15,4
09/05/1993,13.35250,NA,NA,NA,NA,NA,NA,NA,NA,NA,NA,NA,NA,NA,NA,NA,NA,NA,NA,NA,NA,NA,0,12,5.8,46.23619457,0.806973829,22,6.5
10/05/1993,13.35524,NA,NA,NA,NA,NA,NA,NA,NA,NA,NA,NA,NA,NA,NA,NA,NA,NA,NA,NA,NA,NA,0,10.4,7,49.1475817,0.85778712,28,13.04166667
11/05/1993,13.35797,NA,NA,NA,NA,NA,NA,NA,NA,NA,NA,NA,NA,NA,NA,NA,NA,NA,NA,NA,NA,NA,0,10.1,7.8,45.83433178,0.79996,27,13.79166667
12/05/1993,13.36071,NA,NA,NA,NA,NA,NA,NA,NA,NA,NA,NA,NA,NA,NA,NA,NA,NA,NA,NA,NA,NA,0.1,9.2,7,34.64717578,0.604707294,34,13.04166667
13/05/1993,13.36345,NA,NA,NA,NA,NA,NA,NA,NA,NA,NA,NA,NA,NA,NA,NA,NA,NA,NA,NA,NA,NA,4.5,7.4,3.2,29.17655165,0.509226891,39,19.41666667
14/05/1993,13.36619,NA,NA,NA,NA,NA,NA,NA,NA,NA,NA,NA,NA,NA,NA,NA,NA,NA,NA,NA,NA,NA,1.7,8.2,2.2,31.23838247,0.545212627,31,13
15/05/1993,13.36893,NA,NA,NA,NA,NA,NA,NA,NA,NA,NA,NA,NA,NA,NA,NA,NA,NA,NA,NA,NA,NA,23.4,6.5,2,-22.14115084,-0.386435982,46,20.16666667
16/05/1993,13.37166,NA,NA,NA,NA,NA,NA,NA,NA,NA,NA,NA,NA,NA,NA,NA,NA,NA,NA,NA,NA,NA,6.4,9.5,3.8,-155.0208754,-2.705624684,30,12.625
17/05/1993,13.37440,NA,NA,NA,NA,NA,NA,NA,NA,NA,NA,NA,NA,NA,NA,NA,NA,NA,NA,NA,NA,NA,1.5,11,4.9,49.27194194,0.859957616,13,3.166666667
18/05/1993,13.37714,NA,NA,NA,NA,NA,NA,NA,NA,NA,NA,NA,NA,NA,NA,NA,NA,NA,NA,NA,NA,NA,0.7,12.8,8.5,149.9702509,2.617474658,50,16.625
19/05/1993,13.37988,NA,NA,NA,NA,NA,NA,NA,NA,NA,NA,NA,NA,NA,NA,NA,NA,NA,NA,NA,NA,NA,2.7,13.3,6.4,126.3192367,2.204686589,20,3.75
20/05/1993,13.38261,NA,NA,NA,NA,NA,NA,NA,NA,NA,NA,NA,NA,NA,NA,NA,NA,NA,NA,NA,NA,NA,0,13.8,4.5,120.2740355,2.099177924,17,4.416666667
21/05/1993,13.38535,NA,NA,NA,NA,NA,NA,NA,NA,NA,NA,NA,NA,NA,NA,NA,NA,NA,NA,NA,NA,NA,6.2,11.3,8,49.57453796,0.865238913,21,4.25
22/05/1993,13.38809,NA,NA,NA,NA,NA,NA,NA,NA,NA,NA,NA,NA,NA,NA,NA,NA,NA,NA,NA,NA,NA,0.3,16,8,92.30594712,1.611042696,9,2.166666667
23/05/1993,13.39083,NA,NA,NA,NA,NA,NA,NA,NA,NA,NA,NA,NA,NA,NA,NA,NA,NA,NA,NA,NA,NA,0,11,7.9,38.8324207,0.677753598,15,5.5
24/05/1993,13.39357,NA,NA,NA,NA,NA,NA,NA,NA,NA,NA,NA,NA,NA,NA,NA,NA,NA,NA,NA,NA,NA,0,10.2,7.6,33.34655814,0.582007234,24,10.375
25/05/1993,13.39630,NA,NA,NA,NA,NA,NA,NA,NA,NA,NA,NA,NA,NA,NA,NA,NA,NA,NA,NA,NA,NA,0,10.8,8.4,53.77080929,0.938477664,29,13.75
26/05/1993,13.39904,NA,NA,NA,NA,NA,NA,NA,NA,NA,NA,NA,NA,NA,NA,NA,NA,NA,NA,NA,NA,NA,0,9.6,6,59.56711146,1.039642221,27,14.08333333
27/05/1993,13.40178,NA,NA,NA,NA,NA,NA,NA,NA,NA,NA,NA,NA,NA,NA,NA,NA,NA,NA,NA,NA,NA,0,10.2,6.2,54.57632186,0.95253651,19,9.333333333
28/05/1993,13.40452,NA,NA,NA,NA,NA,NA,NA,NA,NA,NA,NA,NA,NA,NA,NA,NA,NA,NA,NA,NA,NA,0,10.9,4,49.50444257,0.864015517,13,4
29/05/1993,13.40726,NA,NA,NA,NA,NA,NA,NA,NA,NA,NA,NA,NA,NA,NA,NA,NA,NA,NA,NA,NA,NA,0,11.2,4.6,25.66647046,0.447964417,NA,3.333333333
30/05/1993,13.40999,NA,NA,NA,NA,NA,NA,NA,NA,NA,NA,NA,NA,NA,NA,NA,NA,NA,NA,NA,NA,NA,1.6,10.3,8.7,59.98725904,1.04697518,32,12.33333333
31/05/1993,13.41273,NA,NA,NA,NA,NA,NA,NA,NA,NA,NA,NA,NA,NA,NA,NA,NA,NA,NA,NA,NA,NA,1.1,9.4,7.7,34.58015374,0.603537539,33,14
01/06/1993,13.41547,NA,NA,NA,NA,NA,NA,NA,NA,NA,NA,NA,NA,NA,NA,NA,NA,NA,NA,NA,NA,NA,0.6,9.1,7.3,50.3571038,0.878897263,24,11.5
02/06/1993,13.41821,NA,NA,NA,NA,NA,NA,NA,NA,NA,NA,NA,NA,NA,NA,NA,NA,NA,NA,NA,NA,NA,2.2,10.4,7.9,94.11518871,1.642619919,23,10.375
03/06/1993,13.42094,NA,NA,NA,NA,NA,NA,NA,NA,NA,NA,NA,NA,NA,NA,NA,NA,NA,NA,NA,NA,NA,1.6,11.6,8.7,154.5587529,2.697559126,17,4.041666667
04/06/1993,13.42368,NA,NA,NA,NA,NA,NA,NA,NA,NA,NA,NA,NA,NA,NA,NA,NA,NA,NA,NA,NA,NA,1.3,13.8,9.2,-156.1735764,-2.725743112,28,10.79166667
05/06/1993,13.42642,NA,NA,NA,NA,NA,NA,NA,NA,NA,NA,NA,NA,NA,NA,NA,NA,NA,NA,NA,NA,NA,1.8,11.7,8,-138.6910156,-2.420614865,25,10.58333333
06/06/1993,13.42916,NA,NA,NA,NA,NA,NA,NA,NA,NA,NA,NA,NA,NA,NA,NA,NA,NA,NA,NA,NA,NA,3.8,13.1,9.4,-159.1745564,-2.778120095,17,6.375
07/06/1993,13.43190,NA,NA,NA,NA,NA,NA,NA,NA,NA,NA,NA,NA,NA,NA,NA,NA,NA,NA,NA,NA,NA,1.6,13.9,9.8,-172.4952313,-3.01060973,21,8.5
08/06/1993,13.43463,NA,NA,NA,NA,NA,NA,NA,NA,NA,NA,NA,NA,NA,NA,NA,NA,NA,NA,NA,NA,NA,0.2,16.2,10.4,177.5046705,3.098040938,22,8.25
09/06/1993,13.43737,NA,NA,NA,NA,NA,NA,NA,NA,NA,NA,NA,NA,NA,NA,NA,NA,NA,NA,NA,NA,NA,5.3,13.4,10,86.85197612,1.515852945,19,5.208333333
10/06/1993,13.44011,NA,NA,NA,NA,NA,NA,NA,NA,NA,NA,NA,NA,NA,NA,NA,NA,NA,NA,NA,NA,NA,0,17.5,9.9,63.8817714,1.114947243,19,5.25
11/06/1993,13.44285,NA,NA,NA,NA,NA,NA,NA,NA,NA,NA,NA,NA,NA,NA,NA,NA,NA,NA,NA,NA,NA,1.1,14.6,9.7,47.47691327,0.828628455,32,10.83333333
12/06/1993,13.44559,NA,NA,NA,NA,NA,NA,NA,NA,NA,NA,NA,NA,NA,NA,NA,NA,NA,NA,NA,NA,NA,0,10.4,9.1,50,0.872664626,28,16.08333333
13/06/1993,13.44832,NA,NA,NA,NA,NA,NA,NA,NA,NA,NA,NA,NA,NA,NA,NA,NA,NA,NA,NA,NA,NA,0,12.4,8.3,60.40683699,1.054298196,22,10.08333333
14/06/1993,13.45106,NA,NA,NA,NA,NA,NA,NA,NA,NA,NA,NA,NA,NA,NA,NA,NA,NA,NA,NA,NA,NA,0,10.1,6.9,43.73760771,0.763365262,NA,7.916666667
15/06/1993,13.45380,NA,NA,NA,NA,NA,NA,NA,NA,NA,NA,NA,NA,NA,NA,NA,NA,NA,NA,NA,NA,NA,0.1,12.1,4.6,-158.4151159,-2.764865357,NA,3.375
16/06/1993,13.45654,NA,NA,NA,NA,NA,NA,NA,NA,NA,NA,NA,NA,NA,NA,NA,NA,NA,NA,NA,NA,NA,0.7,15.3,9.6,-88.72152719,-1.548482767,19,6.708333333
17/06/1993,13.45927,NA,NA,NA,NA,NA,NA,NA,NA,NA,NA,NA,NA,NA,NA,NA,NA,NA,NA,NA,NA,NA,9.8,15,10.2,-108.631231,-1.895972651,NA,2.75
18/06/1993,13.46201,NA,NA,NA,NA,NA,NA,NA,NA,NA,NA,NA,NA,NA,NA,NA,NA,NA,NA,NA,NA,NA,10.6,14.1,10.1,166.8900098,2.912780159,11,3.416666667
19/06/1993,13.46475,NA,NA,NA,NA,NA,NA,NA,NA,NA,NA,NA,NA,NA,NA,NA,NA,NA,NA,NA,NA,NA,0.5,14,5.8,-62.05744628,-1.083106763,NA,3.583333333
20/06/1993,13.46749,NA,NA,NA,NA,NA,NA,NA,NA,NA,NA,NA,NA,NA,NA,NA,NA,NA,NA,NA,NA,NA,0.8,13.1,7.5,-91.29371488,-1.593375911,22,7.083333333
21/06/1993,13.47023,NA,NA,NA,NA,NA,NA,NA,NA,NA,NA,NA,NA,NA,NA,NA,NA,NA,NA,NA,NA,NA,8.2,12.6,8.9,-116.5151865,-2.033573633,26,6.166666667
22/06/1993,13.47296,NA,NA,NA,NA,NA,NA,NA,NA,NA,NA,NA,NA,NA,NA,NA,NA,NA,NA,NA,NA,NA,0.2,12,8.1,-7.825040633,-0.136572723,25,4.208333333
23/06/1993,13.47570,NA,NA,NA,NA,NA,NA,NA,NA,NA,NA,NA,NA,NA,NA,NA,NA,NA,NA,NA,NA,NA,0.5,11.9,8,-3.899192876,-0.068053754,16,5.041666667
24/06/1993,13.47844,NA,NA,NA,NA,NA,NA,NA,NA,NA,NA,NA,NA,NA,NA,NA,NA,NA,NA,NA,NA,NA,0,11.4,6.4,10.01495788,0.174793989,16,3.125
25/06/1993,13.48118,NA,NA,NA,NA,NA,NA,NA,NA,NA,NA,NA,NA,NA,NA,NA,NA,NA,NA,NA,NA,NA,13.9,10.6,9,169.1709975,2.952590904,26,10.875
26/06/1993,13.48392,NA,NA,NA,NA,NA,NA,NA,NA,NA,NA,NA,NA,NA,NA,NA,NA,NA,NA,NA,NA,NA,1,14.7,10.2,-108.8954334,-1.900583854,30,11.95833333
27/06/1993,13.48665,NA,NA,NA,NA,NA,NA,NA,NA,NA,NA,NA,NA,NA,NA,NA,NA,NA,NA,NA,NA,NA,0,16.3,9.7,-108.4637111,-1.893048877,21,6.25
28/06/1993,13.48939,NA,NA,NA,NA,NA,NA,NA,NA,NA,NA,NA,NA,NA,NA,NA,NA,NA,NA,NA,NA,NA,0,19,11.6,176.6841268,3.083719749,14,4.5
29/06/1993,13.49213,NA,NA,NA,NA,NA,NA,NA,NA,NA,NA,NA,NA,NA,NA,NA,NA,NA,NA,NA,NA,NA,22.1,17,12,-163.4097031,-2.852037348,9,1.833333333
30/06/1993,13.49487,NA,NA,NA,NA,NA,NA,NA,NA,NA,NA,NA,NA,NA,NA,NA,NA,NA,NA,NA,NA,NA,0.9,15.1,11,-81.5975561,-1.424146015,13,3.083333333
01/07/1993,13.49760,NA,NA,NA,NA,NA,NA,NA,NA,NA,NA,NA,NA,NA,NA,NA,NA,NA,NA,NA,NA,NA,1.1,13.6,9.6,-131.4284089,-2.293858466,20,7.583333333
02/07/1993,13.50034,NA,NA,NA,NA,NA,NA,NA,NA,NA,NA,NA,NA,NA,NA,NA,NA,NA,NA,NA,NA,NA,2,14.9,10.8,-126.0215443,-2.199490876,29,9.333333333
03/07/1993,13.50308,NA,NA,NA,NA,NA,NA,NA,NA,NA,NA,NA,NA,NA,NA,NA,NA,NA,NA,NA,NA,NA,2.1,15.2,10.8,-113.3026467,-1.977504237,28,9.208333333
04/07/1993,13.50582,NA,NA,NA,NA,NA,NA,NA,NA,NA,NA,NA,NA,NA,NA,NA,NA,NA,NA,NA,NA,NA,1,13,9.3,-91.20131055,-1.591763151,33,12.79166667
05/07/1993,13.50856,NA,NA,NA,NA,NA,NA,NA,NA,NA,NA,NA,NA,NA,NA,NA,NA,NA,NA,NA,NA,NA,0.4,12.6,8.2,-79.15387705,-1.38149577,24,9.666666667
06/07/1993,13.51129,NA,NA,NA,NA,NA,NA,NA,NA,NA,NA,NA,NA,NA,NA,NA,NA,NA,NA,NA,NA,NA,0.9,12.5,9.3,-92.08108227,-1.607118064,28,11.41666667
07/07/1993,13.51403,NA,NA,NA,NA,NA,NA,NA,NA,NA,NA,NA,NA,NA,NA,NA,NA,NA,NA,NA,NA,NA,8.6,14.8,8.8,-123.0664261,-2.147914334,23,6.708333333
08/07/1993,13.51677,NA,NA,NA,NA,NA,NA,NA,NA,NA,NA,NA,NA,NA,NA,NA,NA,NA,NA,NA,NA,NA,1.5,13.2,8.7,-84.91556495,-1.482056195,17,5.75
09/07/1993,13.51951,NA,NA,NA,NA,NA,NA,NA,NA,NA,NA,NA,NA,NA,NA,NA,NA,NA,NA,NA,NA,NA,5,11.1,5.5,-56.60580697,-0.987957707,24,8.791666667
10/07/1993,13.52225,NA,NA,NA,NA,NA,NA,NA,NA,NA,NA,NA,NA,NA,NA,NA,NA,NA,NA,NA,NA,NA,11.4,10.1,7.5,-41.25218456,-0.719986444,32,14.33333333
11/07/1993,13.52498,NA,NA,NA,NA,NA,NA,NA,NA,NA,NA,NA,NA,NA,NA,NA,NA,NA,NA,NA,NA,NA,1.6,11.1,6.3,-65.37754752,-1.141053461,22,7.375
12/07/1993,13.52772,NA,NA,NA,NA,NA,NA,NA,NA,NA,NA,NA,NA,NA,NA,NA,NA,NA,NA,NA,NA,NA,0.4,15.6,7.2,-114.2245491,-1.993594468,19,5.958333333
13/07/1993,13.53046,NA,NA,NA,NA,NA,NA,NA,NA,NA,NA,NA,NA,NA,NA,NA,NA,NA,NA,NA,NA,NA,0,13.5,7.4,51.62838237,0.90108526,15,4
14/07/1993,13.53320,NA,NA,NA,NA,NA,NA,NA,NA,NA,NA,NA,NA,NA,NA,NA,NA,NA,NA,NA,NA,NA,0,16.9,10.1,87.63035288,1.529438182,12,3.666666667
15/07/1993,13.53593,NA,NA,NA,NA,NA,NA,NA,NA,NA,NA,NA,NA,NA,NA,NA,NA,NA,NA,NA,NA,NA,0,18.2,11.6,109.5378915,1.911796862,21,5.333333333
16/07/1993,13.53867,NA,NA,NA,NA,NA,NA,NA,NA,NA,NA,NA,NA,NA,NA,NA,NA,NA,NA,NA,NA,NA,0.4,18.1,12.6,97.12710365,1.695187752,NA,2.958333333
17/07/1993,13.54141,NA,NA,NA,NA,NA,NA,NA,NA,NA,NA,NA,NA,NA,NA,NA,NA,NA,NA,NA,NA,NA,4.8,15.7,11.5,-105.7171839,-1.845112935,16,3.208333333
18/07/1993,13.54415,NA,NA,NA,NA,NA,NA,NA,NA,NA,NA,NA,NA,NA,NA,NA,NA,NA,NA,NA,NA,NA,0,14.7,10.7,-106.4956838,-1.858700321,10,2.416666667
19/07/1993,13.54689,NA,NA,NA,NA,NA,NA,NA,NA,NA,NA,NA,NA,NA,NA,NA,NA,NA,NA,NA,NA,NA,0.2,12.2,9.6,-6.768263426,-0.118128481,13,3.125
20/07/1993,13.54962,NA,NA,NA,NA,NA,NA,NA,NA,NA,NA,NA,NA,NA,NA,NA,NA,NA,NA,NA,NA,NA,0.4,12.8,9.1,-86.4456245,-1.508760771,17,5.041666667
21/07/1993,13.55236,NA,NA,NA,NA,NA,NA,NA,NA,NA,NA,NA,NA,NA,NA,NA,NA,NA,NA,NA,NA,NA,0.2,13.6,9.6,-94.97435438,-1.657615189,20,6.083333333
22/07/1993,13.55510,NA,NA,NA,NA,NA,NA,NA,NA,NA,NA,NA,NA,NA,NA,NA,NA,NA,NA,NA,NA,NA,0.2,14.7,8.3,-163.9844711,-2.862068942,14,3.166666667
23/07/1993,13.55784,NA,NA,NA,NA,NA,NA,NA,NA,NA,NA,NA,NA,NA,NA,NA,NA,NA,NA,NA,NA,NA,21.1,15,11.2,-124.1501877,-2.166829542,25,7.75
24/07/1993,13.56057,NA,NA,NA,NA,NA,NA,NA,NA,NA,NA,NA,NA,NA,NA,NA,NA,NA,NA,NA,NA,NA,1.4,16.4,9.8,-117.1260566,-2.044235327,18,5.541666667
25/07/1993,13.56331,NA,NA,NA,NA,NA,NA,NA,NA,NA,NA,NA,NA,NA,NA,NA,NA,NA,NA,NA,NA,NA,3.5,12.9,9.4,-91.69914498,-1.600452001,22,6.958333333
26/07/1993,13.56605,NA,NA,NA,NA,NA,NA,NA,NA,NA,NA,NA,NA,NA,NA,NA,NA,NA,NA,NA,NA,NA,5.4,15,9.1,-81.06583671,-1.414865762,20,6.75
27/07/1993,13.56879,NA,NA,NA,NA,NA,NA,NA,NA,NA,NA,NA,NA,NA,NA,NA,NA,NA,NA,NA,NA,NA,0.1,13.9,9.9,-117.4550886,-2.04997802,14,4.625
28/07/1993,13.57153,NA,NA,NA,NA,NA,NA,NA,NA,NA,NA,NA,NA,NA,NA,NA,NA,NA,NA,NA,NA,NA,0.7,15.6,9.2,-92.73662572,-1.618559456,15,3.25
29/07/1993,13.57426,NA,NA,NA,NA,NA,NA,NA,NA,NA,NA,NA,NA,NA,NA,NA,NA,NA,NA,NA,NA,NA,1.6,15.7,10.5,-143.9643775,-2.512652393,18,4.833333333
30/07/1993,13.57700,NA,NA,NA,NA,NA,NA,NA,NA,NA,NA,NA,NA,NA,NA,NA,NA,NA,NA,NA,NA,NA,2.9,13.8,10.2,-131.5876286,-2.296637375,18,6.5
31/07/1993,13.57974,NA,NA,NA,NA,NA,NA,NA,NA,NA,NA,NA,NA,NA,NA,NA,NA,NA,NA,NA,NA,NA,2.1,13.5,9,-80.85595703,-1.41120267,26,7
01/08/1993,13.58248,NA,NA,NA,NA,NA,NA,NA,NA,NA,NA,NA,NA,NA,NA,NA,NA,NA,NA,NA,NA,NA,7.6,14.5,10.1,-171.8053433,-2.998568913,19,6.083333333
02/08/1993,13.58522,NA,NA,NA,NA,NA,NA,NA,NA,NA,NA,NA,NA,NA,NA,NA,NA,NA,NA,NA,NA,NA,8,15.3,11.9,135.2755091,2.361003031,21,3.083333333
03/08/1993,13.58795,NA,NA,NA,NA,NA,NA,NA,NA,NA,NA,NA,NA,NA,NA,NA,NA,NA,NA,NA,NA,NA,0.3,15.3,11.5,-67.87139103,-1.184579241,12,3.416666667
04/08/1993,13.59069,NA,NA,NA,NA,NA,NA,NA,NA,NA,NA,NA,NA,NA,NA,NA,NA,NA,NA,NA,NA,NA,0,12.9,9.4,-57.76535683,-1.00819567,14,4.041666667
05/08/1993,13.59343,NA,NA,NA,NA,NA,NA,NA,NA,NA,NA,NA,NA,NA,NA,NA,NA,NA,NA,NA,NA,NA,0,14.8,8.1,-68.36093962,-1.193123476,12,2.791666667
06/08/1993,13.59617,NA,NA,NA,NA,NA,NA,NA,NA,NA,NA,NA,NA,NA,NA,NA,NA,NA,NA,NA,NA,NA,2.8,14.1,6.4,-168.8294575,-2.946629908,27,7.5
07/08/1993,13.59890,NA,NA,NA,NA,NA,NA,NA,NA,NA,NA,NA,NA,NA,NA,NA,NA,NA,NA,NA,NA,NA,1,16.7,11.8,-113.5035528,-1.98101071,14,3.791666667
08/08/1993,13.60164,NA,NA,NA,NA,NA,NA,NA,NA,NA,NA,NA,NA,NA,NA,NA,NA,NA,NA,NA,NA,NA,1.5,15.1,10.4,-119.6140156,-2.087658404,30,9.958333333
09/08/1993,13.60438,NA,NA,NA,NA,NA,NA,NA,NA,NA,NA,NA,NA,NA,NA,NA,NA,NA,NA,NA,NA,NA,6.6,14.6,9.6,-99.7794567,-1.741480045,33,9.625
10/08/1993,13.60712,NA,NA,NA,NA,NA,NA,NA,NA,NA,NA,NA,NA,NA,NA,NA,NA,NA,NA,NA,NA,NA,1.1,13.5,7.8,-63.91166288,-1.115468948,26,8.458333333
11/08/1993,13.60986,NA,NA,NA,NA,NA,NA,NA,NA,NA,NA,NA,NA,NA,NA,NA,NA,NA,NA,NA,NA,NA,0.7,13.1,8.2,120.5859582,2.104622003,6,1.583333333
12/08/1993,13.61259,NA,NA,NA,NA,NA,NA,NA,NA,NA,NA,NA,NA,NA,NA,NA,NA,NA,NA,NA,NA,NA,1,14.3,6.6,-59.13634615,-1.032123948,14,3.375
13/08/1993,13.61533,NA,NA,NA,NA,NA,NA,NA,NA,NA,NA,NA,NA,NA,NA,NA,NA,NA,NA,NA,NA,NA,1.2,14.4,6.5,-164.5822798,-2.872502673,40,18.54166667
14/08/1993,13.61807,NA,NA,NA,NA,NA,NA,NA,NA,NA,NA,NA,NA,NA,NA,NA,NA,NA,NA,NA,NA,NA,4.2,15.8,9.2,-151.5818983,-2.645603212,33,5
15/08/1993,13.62081,NA,NA,NA,NA,NA,NA,NA,NA,NA,NA,NA,NA,NA,NA,NA,NA,NA,NA,NA,NA,NA,0,15.6,6.3,-69.34557136,-1.210308542,13,2.583333333
16/08/1993,13.62355,NA,NA,NA,NA,NA,NA,NA,NA,NA,NA,NA,NA,NA,NA,NA,NA,NA,NA,NA,NA,NA,1.1,15.6,6.9,-110.8148265,-1.934083582,14,2.916666667
17/08/1993,13.62628,NA,NA,NA,NA,NA,NA,NA,NA,NA,NA,NA,NA,NA,NA,NA,NA,NA,NA,NA,NA,NA,0.9,15.3,10.2,-161.2537661,-2.81440915,19,6.666666667
18/08/1993,13.62902,NA,NA,NA,NA,NA,NA,NA,NA,NA,NA,NA,NA,NA,NA,NA,NA,NA,NA,NA,NA,NA,0.8,16.7,11.5,-154.0925793,-2.689422862,34,12.5
19/08/1993,13.63176,NA,NA,NA,NA,NA,NA,NA,NA,NA,NA,NA,NA,NA,NA,NA,NA,NA,NA,NA,NA,NA,0.3,15.1,10.6,-151.2712843,-2.640181975,23,9
20/08/1993,13.63450,NA,NA,NA,NA,NA,NA,NA,NA,NA,NA,NA,NA,NA,NA,NA,NA,NA,NA,NA,NA,NA,1.9,14.1,10.1,-127.0367845,-2.21721016,30,11.83333333
21/08/1993,13.63723,NA,NA,NA,NA,NA,NA,NA,NA,NA,NA,NA,NA,NA,NA,NA,NA,NA,NA,NA,NA,NA,1.3,13.8,9.3,-50.92235353,-0.888762732,21,8.652173913
22/08/1993,13.63997,NA,NA,NA,NA,NA,NA,NA,NA,NA,NA,NA,NA,NA,NA,NA,NA,NA,NA,NA,NA,NA,1,11.2,7.2,-23.65548545,-0.412866107,25,7.958333333
23/08/1993,13.64271,NA,NA,NA,NA,NA,NA,NA,NA,NA,NA,NA,NA,NA,NA,NA,NA,NA,NA,NA,NA,NA,0.3,11.5,8.6,-11.92957356,-0.208210337,20,8.333333333
24/08/1993,13.64545,NA,NA,NA,NA,NA,NA,NA,NA,NA,NA,NA,NA,NA,NA,NA,NA,NA,NA,NA,NA,NA,0.2,13.6,7.6,-64.90755194,-1.132850491,15,4.666666667
25/08/1993,13.64819,NA,NA,NA,NA,NA,NA,NA,NA,NA,NA,NA,NA,NA,NA,NA,NA,NA,NA,NA,NA,NA,0,12.8,9.3,-21.05259598,-0.367437116,19,6.416666667
26/08/1993,13.65092,NA,NA,NA,NA,NA,NA,NA,NA,NA,NA,NA,NA,NA,NA,NA,NA,NA,NA,NA,NA,NA,0.9,15,8.6,-112.2732535,-1.959537936,12,2.625
27/08/1993,13.65366,NA,NA,NA,NA,NA,NA,NA,NA,NA,NA,NA,NA,NA,NA,NA,NA,NA,NA,NA,NA,NA,0.1,15.6,10.9,-109.2689967,-1.907103763,9,2.166666667
28/08/1993,13.65640,NA,NA,NA,NA,NA,NA,NA,NA,NA,NA,NA,NA,NA,NA,NA,NA,NA,NA,NA,NA,NA,1.2,14.6,9.5,-155.6324723,-2.716299065,31,10.04166667
29/08/1993,13.65914,NA,NA,NA,NA,NA,NA,NA,NA,NA,NA,NA,NA,NA,NA,NA,NA,NA,NA,NA,NA,NA,0.1,14.2,10.3,-90.4862484,-1.579282962,18,5.708333333
30/08/1993,13.66188,NA,NA,NA,NA,NA,NA,NA,NA,NA,NA,NA,NA,NA,NA,NA,NA,NA,NA,NA,NA,NA,0,19,9.9,-100.8946511,-1.760943859,17,3.708333333
31/08/1993,13.66461,NA,NA,NA,NA,NA,NA,NA,NA,NA,NA,NA,NA,NA,NA,NA,NA,NA,NA,NA,NA,NA,0,15.7,11.7,-129.3720629,-2.257968457,12,2.458333333
01/09/1993,13.66735,NA,NA,NA,NA,NA,NA,NA,NA,NA,NA,NA,NA,NA,NA,NA,NA,NA,NA,NA,NA,NA,0,16,9.8,-140.8886774,-2.4589713,NA,2.416666667
02/09/1993,13.67009,NA,NA,NA,NA,NA,NA,NA,NA,NA,NA,NA,NA,NA,NA,NA,NA,NA,NA,NA,NA,NA,0.1,13.9,11.9,-64.37132926,-1.123491639,18,6.125
03/09/1993,13.67283,NA,NA,NA,NA,NA,NA,NA,NA,NA,NA,NA,NA,NA,NA,NA,NA,NA,NA,NA,NA,NA,0.3,12.1,9.4,28.18119909,0.491854711,18,7.625
04/09/1993,13.67556,NA,NA,NA,NA,NA,NA,NA,NA,NA,NA,NA,NA,NA,NA,NA,NA,NA,NA,NA,NA,NA,0,11.9,8.2,13.36516363,0.23326611,16,3.041666667
05/09/1993,13.67830,NA,NA,NA,NA,NA,NA,NA,NA,NA,NA,NA,NA,NA,NA,NA,NA,NA,NA,NA,NA,NA,0,12.8,7.9,64.24423612,1.121273446,NA,2.666666667
06/09/1993,13.68104,NA,NA,NA,NA,NA,NA,NA,NA,NA,NA,NA,NA,NA,NA,NA,NA,NA,NA,NA,NA,NA,0,12.5,7.4,69.15068588,1.206907149,10,2.916666667
07/09/1993,13.68378,NA,NA,NA,NA,NA,NA,NA,NA,NA,NA,NA,NA,NA,NA,NA,NA,NA,NA,NA,NA,NA,0,13.1,10.5,96.65344186,1.686920794,23,10.08333333
08/09/1993,13.68652,NA,NA,NA,NA,NA,NA,NA,NA,NA,NA,NA,NA,NA,NA,NA,NA,NA,NA,NA,NA,NA,0,14.5,9.9,96.67467488,1.68729138,27,12.20833333
09/09/1993,13.68925,NA,NA,NA,NA,NA,NA,NA,NA,NA,NA,NA,NA,NA,NA,NA,NA,NA,NA,NA,NA,NA,0,14.8,10.4,78.78936546,1.375133843,30,10.375
10/09/1993,13.69199,NA,NA,NA,NA,NA,NA,NA,NA,NA,NA,NA,NA,NA,NA,NA,NA,NA,NA,NA,NA,NA,0.8,16.6,12.4,80.15544873,1.398976494,25,9.5
11/09/1993,13.69473,NA,NA,NA,NA,NA,NA,NA,NA,NA,NA,NA,NA,NA,NA,NA,NA,NA,NA,NA,NA,NA,1.3,15,11.6,169.132703,2.95192254,15,5.5
12/09/1993,13.69747,NA,NA,NA,NA,NA,NA,NA,NA,NA,NA,NA,NA,NA,NA,NA,NA,NA,NA,NA,NA,NA,0,14.6,6.4,109.8911362,1.917962145,NA,4.875
13/09/1993,13.70021,NA,NA,NA,NA,NA,NA,NA,NA,NA,NA,NA,NA,NA,NA,NA,NA,NA,NA,NA,NA,NA,0.1,13.7,11,58.75099913,1.025398374,26,11.25
14/09/1993,13.70294,NA,NA,NA,NA,NA,NA,NA,NA,NA,NA,NA,NA,NA,NA,NA,NA,NA,NA,NA,NA,NA,0.1,12.4,8.8,56.67472385,0.989160534,27,10.41666667
15/09/1993,13.70568,NA,NA,NA,NA,NA,NA,NA,NA,NA,NA,NA,NA,NA,NA,NA,NA,NA,NA,NA,NA,NA,0.5,12.1,6.6,23.16947395,0.404383606,25,10.66666667
16/09/1993,13.70842,NA,NA,NA,NA,NA,NA,NA,NA,NA,NA,NA,NA,NA,NA,NA,NA,NA,NA,NA,NA,NA,0.3,12.1,3.9,-105.3915157,-1.839428952,NA,2.416666667
17/09/1993,13.71116,NA,NA,NA,NA,NA,NA,NA,NA,NA,NA,NA,NA,NA,NA,NA,NA,NA,NA,NA,NA,NA,0,13.1,5.1,-179.8593806,-3.139138382,NA,7.25
18/09/1993,13.71389,NA,NA,NA,NA,NA,NA,NA,NA,NA,NA,NA,NA,NA,NA,NA,NA,NA,NA,NA,NA,NA,0,14.4,8.4,144.9935481,2.530614808,22,8.041666667
19/09/1993,13.71663,NA,NA,NA,NA,NA,NA,NA,NA,NA,NA,NA,NA,NA,NA,NA,NA,NA,NA,NA,NA,NA,11.6,13.4,10.8,149.0595764,2.601580389,22,8.833333333
20/09/1993,13.71937,NA,NA,NA,NA,NA,NA,NA,NA,NA,NA,NA,NA,NA,NA,NA,NA,NA,NA,NA,NA,NA,5.7,15.7,11.2,167.3498126,2.920805233,21,7.166666667
21/09/1993,13.72211,NA,NA,NA,NA,NA,NA,NA,NA,NA,NA,NA,NA,NA,NA,NA,NA,NA,NA,NA,NA,NA,8.5,15.8,11.3,-178.3402419,-3.112624409,19,7.916666667
22/09/1993,13.72485,NA,NA,NA,NA,NA,NA,NA,NA,NA,NA,NA,NA,NA,NA,NA,NA,NA,NA,NA,NA,NA,1.6,14.1,7.9,29.35874223,0.512406716,NA,2.041666667
23/09/1993,13.72758,NA,NA,NA,NA,NA,NA,NA,NA,NA,NA,NA,NA,NA,NA,NA,NA,NA,NA,NA,NA,NA,0.1,13.9,5.5,-171.2670701,-2.989174273,NA,5.75
24/09/1993,13.73032,NA,NA,NA,NA,NA,NA,NA,NA,NA,NA,NA,NA,NA,NA,NA,NA,NA,NA,NA,NA,NA,4.8,12.4,6.6,-127.9440944,-2.233045706,29,9.833333333
25/09/1993,13.73306,NA,NA,NA,NA,NA,NA,NA,NA,NA,NA,NA,NA,NA,NA,NA,NA,NA,NA,NA,NA,NA,1.3,13.1,5.7,-151.6480691,-2.64675811,15,4.833333333
26/09/1993,13.73580,NA,NA,NA,NA,NA,NA,NA,NA,NA,NA,NA,NA,NA,NA,NA,NA,NA,NA,NA,NA,NA,0,12.7,4.4,-25.36863527,-0.442766212,NA,2.375
27/09/1993,13.73854,NA,NA,NA,NA,NA,NA,NA,NA,NA,NA,NA,NA,NA,NA,NA,NA,NA,NA,NA,NA,NA,0,12.4,3.2,-154.147529,-2.690381915,NA,7.583333333
28/09/1993,13.74127,NA,NA,NA,NA,NA,NA,NA,NA,NA,NA,NA,NA,NA,NA,NA,NA,NA,NA,NA,NA,NA,0.5,12.5,9.3,168.5560752,2.941858487,21,7.875
29/09/1993,13.74401,NA,NA,NA,NA,NA,NA,NA,NA,NA,NA,NA,NA,NA,NA,NA,NA,NA,NA,NA,NA,NA,0.3,12.8,8.5,136.3253201,2.37932569,NA,2.791666667
30/09/1993,13.74675,NA,NA,NA,NA,NA,NA,NA,NA,NA,NA,NA,NA,NA,NA,NA,NA,NA,NA,NA,NA,NA,0,14.9,9.5,110.6070462,1.930457132,20,6.916666667
01/10/1993,13.74949,NA,NA,NA,NA,NA,NA,NA,NA,NA,NA,NA,NA,NA,NA,NA,NA,NA,NA,NA,NA,NA,0.1,13.8,9.8,85.92824926,1.49973087,30,14.41666667
02/10/1993,13.75222,NA,NA,NA,NA,NA,NA,NA,NA,NA,NA,NA,NA,NA,NA,NA,NA,NA,NA,NA,NA,NA,2.8,13,10.1,61.72624095,1.077326139,36,13.79166667
03/10/1993,13.75496,NA,NA,NA,NA,NA,NA,NA,NA,NA,NA,NA,NA,NA,NA,NA,NA,NA,NA,NA,NA,NA,0,13.5,9.5,111.6661882,1.948942647,20,6.833333333
04/10/1993,13.75770,NA,NA,NA,NA,NA,NA,NA,NA,NA,NA,NA,NA,NA,NA,NA,NA,NA,NA,NA,NA,NA,11.5,11.7,8,-163.6259137,-2.855810936,NA,3.541666667
05/10/1993,13.76044,NA,NA,NA,NA,NA,NA,NA,NA,NA,NA,NA,NA,NA,NA,NA,NA,NA,NA,NA,NA,NA,10.5,10.5,6.6,15.13603615,0.264173666,40,15.91666667
06/10/1993,13.76318,NA,NA,NA,NA,NA,NA,NA,NA,NA,NA,NA,NA,NA,NA,NA,NA,NA,NA,NA,NA,NA,9.9,9.6,5.8,23.78395274,0.415108284,53,26.66666667
07/10/1993,13.76591,NA,NA,NA,NA,NA,NA,NA,NA,NA,NA,NA,NA,NA,NA,NA,NA,NA,NA,NA,NA,NA,4.3,10.2,6.7,36.67043694,0.640019863,46,25.58333333
08/10/1993,13.76865,NA,NA,NA,NA,NA,NA,NA,NA,NA,NA,NA,NA,NA,NA,NA,NA,NA,NA,NA,NA,NA,0.8,11,9.3,47.91095512,0.836203915,35,16.41666667
09/10/1993,13.77139,NA,NA,NA,NA,NA,NA,NA,NA,NA,NA,NA,NA,NA,NA,NA,NA,NA,NA,NA,NA,NA,0,12.5,7.3,55.31440737,0.965418532,20,6.166666667
10/10/1993,13.77413,NA,NA,NA,NA,NA,NA,NA,NA,NA,NA,NA,NA,NA,NA,NA,NA,NA,NA,NA,NA,NA,8,11.1,8.6,11.67250458,0.203723637,25,12.5
11/10/1993,13.77687,NA,NA,NA,NA,NA,NA,NA,NA,NA,NA,NA,NA,NA,NA,NA,NA,NA,NA,NA,NA,NA,6.3,10.2,7.9,37.92847695,0.661976803,34,18.41666667
12/10/1993,13.77960,NA,NA,NA,NA,NA,NA,NA,NA,NA,NA,NA,NA,NA,NA,NA,NA,NA,NA,NA,NA,NA,2.4,9,3.6,23.04751167,0.402254963,31,15.5
13/10/1993,13.78234,NA,NA,NA,NA,NA,NA,NA,NA,NA,NA,NA,NA,NA,NA,NA,NA,NA,NA,NA,NA,NA,2.5,7.2,2.8,-6.213403537,-0.108444349,26,9.333333333
14/10/1993,13.78508,NA,NA,NA,NA,NA,NA,NA,NA,NA,NA,NA,NA,NA,NA,NA,NA,NA,NA,NA,NA,NA,1.8,7.6,0.7,-44.5283431,-0.777166198,32,8
15/10/1993,13.78782,NA,NA,NA,NA,NA,NA,NA,NA,NA,NA,NA,NA,NA,NA,NA,NA,NA,NA,NA,NA,NA,5.2,4.9,0.1,-21.83783146,-0.38114206,29,9.916666667
16/10/1993,13.79055,NA,NA,NA,NA,NA,NA,NA,NA,NA,NA,NA,NA,NA,NA,NA,NA,NA,NA,NA,NA,NA,1.2,6.1,0,-49.52552279,-0.864383436,28,6.25
17/10/1993,13.79329,NA,NA,NA,NA,NA,NA,NA,NA,NA,NA,NA,NA,NA,NA,NA,NA,NA,NA,NA,NA,NA,3.3,10.3,-0.5,-142.2723516,-2.483120971,NA,5.541666667
18/10/1993,13.79603,NA,NA,NA,NA,NA,NA,NA,NA,NA,NA,NA,NA,NA,NA,NA,NA,NA,NA,NA,NA,NA,0.1,9.9,5.1,-157.9189177,-2.756205066,36,15.58333333
19/10/1993,13.79877,NA,NA,NA,NA,NA,NA,NA,NA,NA,NA,NA,NA,NA,NA,NA,NA,NA,NA,NA,NA,NA,3.8,10.4,6.8,-119.9085136,-2.092798363,33,8.083333333
20/10/1993,13.80151,NA,NA,NA,NA,NA,NA,NA,NA,NA,NA,NA,NA,NA,NA,NA,NA,NA,NA,NA,NA,NA,1.5,7.7,4.5,-46.70372503,-0.815133775,31,10.70833333
21/10/1993,13.80424,NA,NA,NA,NA,NA,NA,NA,NA,NA,NA,NA,NA,NA,NA,NA,NA,NA,NA,NA,NA,NA,0,7.2,1.6,-11.6570701,-0.203454254,22,5.458333333
22/10/1993,13.80698,NA,NA,NA,NA,NA,NA,NA,NA,NA,NA,NA,NA,NA,NA,NA,NA,NA,NA,NA,NA,NA,1.7,9.4,1.1,-151.118171,-2.637509644,23,8.5
23/10/1993,13.80972,NA,NA,NA,NA,NA,NA,NA,NA,NA,NA,NA,NA,NA,NA,NA,NA,NA,NA,NA,NA,NA,1,10.5,4,-93.5636392,-1.632993564,21,5.75
24/10/1993,13.81246,NA,NA,NA,NA,NA,NA,NA,NA,NA,NA,NA,NA,NA,NA,NA,NA,NA,NA,NA,NA,NA,0,10.1,3.8,-84.39661161,-1.47299875,8,2.25
25/10/1993,13.81520,NA,NA,NA,NA,NA,NA,NA,NA,NA,NA,NA,NA,NA,NA,NA,NA,NA,NA,NA,NA,NA,0,9.7,3.8,-138.6928382,-2.420646676,12,3.041666667
26/10/1993,13.81793,NA,NA,NA,NA,NA,NA,NA,NA,NA,NA,NA,NA,NA,NA,NA,NA,NA,NA,NA,NA,NA,0,9,7.2,-159.594203,-2.785444309,12,4.125
27/10/1993,13.82067,NA,NA,NA,NA,NA,NA,NA,NA,NA,NA,NA,NA,NA,NA,NA,NA,NA,NA,NA,NA,NA,0,10.9,7.4,-132.6125903,-2.31452633,10,2.833333333
28/10/1993,13.82341,NA,NA,NA,NA,NA,NA,NA,NA,NA,NA,NA,NA,NA,NA,NA,NA,NA,NA,NA,NA,NA,0,9.8,6.5,95.71635203,1.670565491,NA,2.791666667
29/10/1993,13.82615,NA,NA,NA,NA,NA,NA,NA,NA,NA,NA,NA,NA,NA,NA,NA,NA,NA,NA,NA,NA,NA,0,11.3,5.5,173.6739901,3.031182952,12,3.041666667
30/10/1993,13.82888,NA,NA,NA,NA,NA,NA,NA,NA,NA,NA,NA,NA,NA,NA,NA,NA,NA,NA,NA,NA,NA,0,12.5,6,-87.34541408,-1.524465062,NA,1.5
31/10/1993,13.83162,NA,NA,NA,NA,NA,NA,NA,NA,NA,NA,NA,NA,NA,NA,NA,NA,NA,NA,NA,NA,NA,0,10,5.5,-17.23934032,-0.300883249,5,0.916666667
01/11/1993,13.83436,NA,NA,NA,NA,NA,NA,NA,NA,NA,NA,NA,NA,NA,NA,NA,NA,NA,NA,NA,NA,NA,0.1,8.4,6.3,-166.041044,-2.89796291,NA,2.708333333
02/11/1993,13.83710,NA,NA,NA,NA,NA,NA,NA,NA,NA,NA,NA,NA,NA,NA,NA,NA,NA,NA,NA,NA,NA,0,8.6,5.3,134.0160616,2.339021526,19,6.958333333
03/11/1993,13.83984,NA,NA,NA,NA,NA,NA,NA,NA,NA,NA,NA,NA,NA,NA,NA,NA,NA,NA,NA,NA,NA,0,9.8,2.9,100.926438,1.761498645,NA,2.291666667
04/11/1993,13.84257,NA,NA,NA,NA,NA,NA,NA,NA,NA,NA,NA,NA,NA,NA,NA,NA,NA,NA,NA,NA,NA,0.1,12,3.1,-178.8018222,-3.120680506,18,7.166666667
05/11/1993,13.84531,NA,NA,NA,NA,NA,NA,NA,NA,NA,NA,NA,NA,NA,NA,NA,NA,NA,NA,NA,NA,NA,1,11.2,8,-148.5605995,-2.5928716,25,8.666666667
06/11/1993,13.84805,NA,NA,NA,NA,NA,NA,NA,NA,NA,NA,NA,NA,NA,NA,NA,NA,NA,NA,NA,NA,NA,1.6,10.2,7.8,104.4717518,1.823376044,14,3.833333333
07/11/1993,13.85079,NA,NA,NA,NA,NA,NA,NA,NA,NA,NA,NA,NA,NA,NA,NA,NA,NA,NA,NA,NA,NA,7.1,10.5,4.6,-127.9053452,-2.232369405,21,5.291666667
08/11/1993,13.85352,NA,NA,NA,NA,NA,NA,NA,NA,NA,NA,NA,NA,NA,NA,NA,NA,NA,NA,NA,NA,NA,0,8.4,2.3,-127.7298925,-2.229307177,48,9.833333333
09/11/1993,13.85626,NA,NA,NA,NA,NA,NA,NA,NA,NA,NA,NA,NA,NA,NA,NA,NA,NA,NA,NA,NA,NA,10.9,9.9,3.5,-139.1825471,-2.429193709,59,16.75
10/11/1993,13.85900,NA,NA,NA,NA,NA,NA,NA,NA,NA,NA,NA,NA,NA,NA,NA,NA,NA,NA,NA,NA,NA,0.2,9.7,2,-142.3645359,-2.484729889,15,3.291666667
11/11/1993,13.86174,NA,NA,NA,NA,NA,NA,NA,NA,NA,NA,NA,NA,NA,NA,NA,NA,NA,NA,NA,NA,NA,1,7.9,0.9,-133.0227783,-2.321685461,17,4.375
12/11/1993,13.86448,NA,NA,NA,NA,NA,NA,NA,NA,NA,NA,NA,NA,NA,NA,NA,NA,NA,NA,NA,NA,NA,9,8.1,1.5,-140.6691997,-2.455140691,46,9.583333333
13/11/1993,13.86721,NA,NA,NA,NA,NA,NA,NA,NA,NA,NA,NA,NA,NA,NA,NA,NA,NA,NA,NA,NA,NA,2.2,7.2,0.8,-140.585415,-2.453678372,26,3.75
14/11/1993,13.86995,NA,NA,NA,NA,NA,NA,NA,NA,NA,NA,NA,NA,NA,NA,NA,NA,NA,NA,NA,NA,NA,1.6,7.9,1,-105.4941949,-1.841221042,25,4.083333333
15/11/1993,13.87269,NA,NA,NA,NA,NA,NA,NA,NA,NA,NA,NA,NA,NA,NA,NA,NA,NA,NA,NA,NA,NA,5.6,10.2,3,-173.3295631,-3.025171566,53,24.41666667
16/11/1993,13.87543,NA,NA,NA,NA,NA,NA,NA,NA,NA,NA,NA,NA,NA,NA,NA,NA,NA,NA,NA,NA,NA,3.1,10.8,7.9,-165.3995964,-2.886767538,35,14.41666667
17/11/1993,13.87817,NA,NA,NA,NA,NA,NA,NA,NA,NA,NA,NA,NA,NA,NA,NA,NA,NA,NA,NA,NA,NA,0,10.4,8.8,176.2513912,3.076167087,46,24
18/11/1993,13.88090,NA,NA,NA,NA,NA,NA,NA,NA,NA,NA,NA,NA,NA,NA,NA,NA,NA,NA,NA,NA,NA,4.1,10,8,177.0803007,3.090634287,44,23.58333333
19/11/1993,13.88364,NA,NA,NA,NA,NA,NA,NA,NA,NA,NA,NA,NA,NA,NA,NA,NA,NA,NA,NA,NA,NA,0.1,9.4,8.1,-174.9872753,-3.054104104,43,20.5
20/11/1993,13.88638,NA,NA,NA,NA,NA,NA,NA,NA,NA,NA,NA,NA,NA,NA,NA,NA,NA,NA,NA,NA,NA,0,8.7,4.2,165.1390478,2.882220107,23,9.5
21/11/1993,13.88912,NA,NA,NA,NA,NA,NA,NA,NA,NA,NA,NA,NA,NA,NA,NA,NA,NA,NA,NA,NA,NA,0,6.3,2,124.9680995,2.181104796,24,7.916666667
22/11/1993,13.89185,NA,NA,NA,NA,NA,NA,NA,NA,NA,NA,NA,NA,NA,NA,NA,NA,NA,NA,NA,NA,NA,0,5.5,-1.3,133.3034252,2.326583673,11,2.541666667
23/11/1993,13.89459,NA,NA,NA,NA,NA,NA,NA,NA,NA,NA,NA,NA,NA,NA,NA,NA,NA,NA,NA,NA,NA,0,4.5,-3,135.1028354,2.357989306,NA,2.583333333
24/11/1993,13.89733,NA,NA,NA,NA,NA,NA,NA,NA,NA,NA,NA,NA,NA,NA,NA,NA,NA,NA,NA,NA,NA,0,5.3,-3.1,179.3203694,3.129730862,23,9
25/11/1993,13.90007,NA,NA,NA,NA,NA,NA,NA,NA,NA,NA,NA,NA,NA,NA,NA,NA,NA,NA,NA,NA,NA,2.9,7.8,3,-175.0537672,-3.055264606,36,13.41666667
26/11/1993,13.90281,NA,NA,NA,NA,NA,NA,NA,NA,NA,NA,NA,NA,NA,NA,NA,NA,NA,NA,NA,NA,NA,0.5,7.7,1.1,-174.0917712,-3.038474608,NA,9.083333333
27/11/1993,13.90554,NA,NA,NA,NA,NA,NA,NA,NA,NA,NA,NA,NA,NA,NA,NA,NA,NA,NA,NA,NA,NA,0,9.2,6.8,174.5455833,3.046395124,37,18.125
28/11/1993,13.90828,NA,NA,NA,NA,NA,NA,NA,NA,NA,NA,NA,NA,NA,NA,NA,NA,NA,NA,NA,NA,NA,0,8.9,5.3,154.402061,2.694824337,39,10.16666667
29/11/1993,13.91102,NA,NA,NA,NA,NA,NA,NA,NA,NA,NA,NA,NA,NA,NA,NA,NA,NA,NA,NA,NA,NA,1.7,9,5.9,154.3819594,2.694473497,59,20.33333333
30/11/1993,13.91376,NA,NA,NA,NA,NA,NA,NA,NA,NA,NA,NA,NA,NA,NA,NA,NA,NA,NA,NA,NA,NA,4.6,8.9,4.5,-177.5143793,-3.098210389,30,14.79166667
01/12/1993,13.91650,NA,NA,NA,NA,NA,NA,NA,NA,NA,NA,NA,NA,NA,NA,NA,NA,NA,NA,NA,NA,NA,10.5,7.5,4.4,-140.3762035,-2.450026942,41,12.875
02/12/1993,13.91923,NA,NA,NA,NA,NA,NA,NA,NA,NA,NA,NA,NA,NA,NA,NA,NA,NA,NA,NA,NA,NA,8.3,5.9,3,-116.640253,-2.035756455,33,9.375
03/12/1993,13.92197,NA,NA,NA,NA,NA,NA,NA,NA,NA,NA,NA,NA,NA,NA,NA,NA,NA,NA,NA,NA,NA,14,6.4,2.5,-102.2829553,-1.785174339,26,6.916666667
04/12/1993,13.92471,NA,NA,NA,NA,NA,NA,NA,NA,NA,NA,NA,NA,NA,NA,NA,NA,NA,NA,NA,NA,NA,5.9,6.5,2.5,-95.51378084,-1.667029957,28,8.708333333
05/12/1993,13.92745,NA,NA,NA,NA,NA,NA,NA,NA,NA,NA,NA,NA,NA,NA,NA,NA,NA,NA,NA,NA,NA,2.4,8,4.5,-126.6674787,-2.210764558,28,7.708333333
06/12/1993,13.93018,NA,NA,NA,NA,NA,NA,NA,NA,NA,NA,NA,NA,NA,NA,NA,NA,NA,NA,NA,NA,NA,10.5,9.2,1.5,-136.7936663,-2.387499872,34,7.583333333
07/12/1993,13.93292,NA,NA,NA,NA,NA,NA,NA,NA,NA,NA,NA,NA,NA,NA,NA,NA,NA,NA,NA,NA,NA,6.6,4,0,-139.1932524,-2.429380552,28,5.291666667
08/12/1993,13.93566,NA,NA,NA,NA,NA,NA,NA,NA,NA,NA,NA,NA,NA,NA,NA,NA,NA,NA,NA,NA,NA,9.1,4.7,-0.3,59.66143188,1.041288423,35,10.20833333
09/12/1993,13.93840,NA,NA,NA,NA,NA,NA,NA,NA,NA,NA,NA,NA,NA,NA,NA,NA,NA,NA,NA,NA,NA,15.8,5.5,0.8,-96.11627205,-1.677545412,29,4.833333333
10/12/1993,13.94114,NA,NA,NA,NA,NA,NA,NA,NA,NA,NA,NA,NA,NA,NA,NA,NA,NA,NA,NA,NA,NA,5.3,5.2,-1,-119.4620542,-2.085006177,14,2.833333333
11/12/1993,13.94387,NA,NA,NA,NA,NA,NA,NA,NA,NA,NA,NA,NA,NA,NA,NA,NA,NA,NA,NA,NA,NA,5.8,6,-1,-29.82462405,-0.520537888,29,5.826086957
12/12/1993,13.94661,NA,NA,NA,NA,NA,NA,NA,NA,NA,NA,NA,NA,NA,NA,NA,NA,NA,NA,NA,NA,NA,0,5,2.5,81.7888046,1.427483932,38,12.71428571
13/12/1993,13.94935,NA,NA,NA,NA,NA,NA,NA,NA,NA,NA,NA,NA,NA,NA,NA,NA,NA,NA,NA,NA,NA,0.2,5.7,0.9,-10.1498756,-0.177148748,34,9.304347826
14/12/1993,13.95209,NA,NA,NA,NA,NA,NA,NA,NA,NA,NA,NA,NA,NA,NA,NA,NA,NA,NA,NA,NA,NA,14.6,6.9,0,-150.8718281,-2.633210148,42,13.125
15/12/1993,13.95483,NA,NA,NA,NA,NA,NA,NA,NA,NA,NA,NA,NA,NA,NA,NA,NA,NA,NA,NA,NA,NA,10,5.7,1.7,-154.56035,-2.697587,25,7.333333333
16/12/1993,13.95756,NA,NA,NA,NA,NA,NA,NA,NA,NA,NA,NA,NA,NA,NA,NA,NA,NA,NA,NA,NA,NA,5.9,5,1.8,-55.01495028,-0.96019202,46,15.45833333
17/12/1993,13.96030,NA,NA,NA,NA,NA,NA,NA,NA,NA,NA,NA,NA,NA,NA,NA,NA,NA,NA,NA,NA,NA,1.9,4.2,0.4,-70.22542463,-1.225664878,21,4.875
18/12/1993,13.96304,NA,NA,NA,NA,NA,NA,NA,NA,NA,NA,NA,NA,NA,NA,NA,NA,NA,NA,NA,NA,NA,19.5,10.2,3.6,-156.7150475,-2.735193566,50,21.125
19/12/1993,13.96578,NA,NA,NA,NA,NA,NA,NA,NA,NA,NA,NA,NA,NA,NA,NA,NA,NA,NA,NA,NA,NA,4.8,8.7,-0.2,-88.24966642,-1.540247243,56,13.75
20/12/1993,13.96851,NA,NA,NA,NA,NA,NA,NA,NA,NA,NA,NA,NA,NA,NA,NA,NA,NA,NA,NA,NA,NA,0.3,3.4,-1.5,-111.4017785,-1.944327827,26,6.304347826
21/12/1993,13.97125,NA,NA,NA,NA,NA,NA,NA,NA,NA,NA,NA,NA,NA,NA,NA,NA,NA,NA,NA,NA,NA,4.8,3,-0.8,-92.246865,-1.610011519,44,13
22/12/1993,13.97399,NA,NA,NA,NA,NA,NA,NA,NA,NA,NA,NA,NA,NA,NA,NA,NA,NA,NA,NA,NA,NA,5.5,2.6,0,-79.71315818,-1.391257067,25,5.541666667
23/12/1993,13.97673,NA,NA,NA,NA,NA,NA,NA,NA,NA,NA,NA,NA,NA,NA,NA,NA,NA,NA,NA,NA,NA,3.6,3.2,-0.5,-79.67082833,-1.390518272,32,6.166666667
24/12/1993,13.97947,NA,NA,NA,NA,NA,NA,NA,NA,NA,NA,NA,NA,NA,NA,NA,NA,NA,NA,NA,NA,NA,4.2,3.4,-0.6,-62.86472499,-1.097196434,23,4.708333333
25/12/1993,13.98220,NA,NA,NA,NA,NA,NA,NA,NA,NA,NA,NA,NA,NA,NA,NA,NA,NA,NA,NA,NA,NA,0.1,4.5,-2.4,69.06224044,1.205363484,16,3.958333333
26/12/1993,13.98494,NA,NA,NA,NA,NA,NA,NA,NA,NA,NA,NA,NA,NA,NA,NA,NA,NA,NA,NA,NA,NA,0,4,0.3,146.0162975,2.548465153,19,6.916666667
27/12/1993,13.98768,NA,NA,NA,NA,NA,NA,NA,NA,NA,NA,NA,NA,NA,NA,NA,NA,NA,NA,NA,NA,NA,0.1,5.3,3.4,160.6102895,2.803178365,24,12.625
28/12/1993,13.99042,NA,NA,NA,NA,NA,NA,NA,NA,NA,NA,NA,NA,NA,NA,NA,NA,NA,NA,NA,NA,NA,3.6,8.1,3.1,163.3483296,2.850966179,37,13.70833333
29/12/1993,13.99316,NA,NA,NA,NA,NA,NA,NA,NA,NA,NA,NA,NA,NA,NA,NA,NA,NA,NA,NA,NA,NA,7.2,8,2.8,-167.9031509,-2.930462808,36,12.91666667
30/12/1993,13.99589,NA,NA,NA,NA,NA,NA,NA,NA,NA,NA,NA,NA,NA,NA,NA,NA,NA,NA,NA,NA,NA,3.9,5.3,1.5,-149.5174318,-2.609571474,29,5.041666667
31/12/1993,13.99863,NA,NA,NA,NA,NA,NA,NA,NA,NA,NA,NA,NA,NA,NA,NA,NA,NA,NA,NA,NA,NA,0,4.4,-0.3,-155.5351245,-2.714600026,19,4.416666667
01/01/1994,14.00137,NA,NA,NA,NA,NA,NA,NA,NA,NA,NA,NA,NA,NA,NA,NA,NA,NA,NA,NA,NA,NA,1,5,0.6,-166.3249478,-2.902917966,24,7.291666667
02/01/1994,14.00411,NA,NA,NA,NA,NA,NA,NA,NA,NA,NA,NA,NA,NA,NA,NA,NA,NA,NA,NA,NA,NA,5.4,6.9,2,147.5327767,2.574932708,31,11.375
03/01/1994,14.00684,NA,NA,NA,NA,NA,NA,NA,NA,NA,NA,NA,NA,NA,NA,NA,NA,NA,NA,NA,NA,NA,9.9,6.9,3.9,141.5451673,2.470429211,27,11.08333333
04/01/1994,14.00958,NA,NA,NA,NA,NA,NA,NA,NA,NA,NA,NA,NA,NA,NA,NA,NA,NA,NA,NA,NA,NA,2.3,5.6,3.3,109.4960248,1.91106615,25,8.375
05/01/1994,14.01232,NA,NA,NA,NA,NA,NA,NA,NA,NA,NA,NA,NA,NA,NA,NA,NA,NA,NA,NA,NA,NA,2.2,5,2.7,84.31688193,1.471607205,30,12.41666667
06/01/1994,14.01506,NA,NA,NA,NA,NA,NA,NA,NA,NA,NA,NA,NA,NA,NA,NA,NA,NA,NA,NA,NA,NA,2.2,6.3,3.3,34.34540203,0.599440348,33,15.20833333
07/01/1994,14.01780,NA,NA,NA,NA,NA,NA,NA,NA,NA,NA,NA,NA,NA,NA,NA,NA,NA,NA,NA,NA,NA,4.2,5.1,-0.2,-9.638431041,-0.168222356,23,5.458333333
08/01/1994,14.02053,NA,NA,NA,NA,NA,NA,NA,NA,NA,NA,NA,NA,NA,NA,NA,NA,NA,NA,NA,NA,NA,1.5,6.3,-1.3,163.7239366,2.857521758,26,10.125
09/01/1994,14.02327,NA,NA,NA,NA,NA,NA,NA,NA,NA,NA,NA,NA,NA,NA,NA,NA,NA,NA,NA,NA,NA,4.2,7.7,4.1,124.4781922,2.172554302,34,9.208333333
10/01/1994,14.02601,NA,NA,NA,NA,NA,NA,NA,NA,NA,NA,NA,NA,NA,NA,NA,NA,NA,NA,NA,NA,NA,0.1,8.5,6.7,125.6337873,2.192723241,34,11.875
11/01/1994,14.02875,NA,NA,NA,NA,NA,NA,NA,NA,NA,NA,NA,NA,NA,NA,NA,NA,NA,NA,NA,NA,NA,1.9,8.4,4.5,155.0324777,2.705827184,33,12.95833333
12/01/1994,14.03149,NA,NA,NA,NA,NA,NA,NA,NA,NA,NA,NA,NA,NA,NA,NA,NA,NA,NA,NA,NA,NA,1.4,6.2,3,-179.5316223,-3.13341792,27,7.416666667
13/01/1994,14.03422,NA,NA,NA,NA,NA,NA,NA,NA,NA,NA,NA,NA,NA,NA,NA,NA,NA,NA,NA,NA,NA,2.6,6.6,2.6,-133.434059,-2.328863664,15,3.208333333
14/01/1994,14.03696,NA,NA,NA,NA,NA,NA,NA,NA,NA,NA,NA,NA,NA,NA,NA,NA,NA,NA,NA,NA,NA,3.2,5,0.8,-97.57218543,-1.702955894,12,2.958333333
15/01/1994,14.03970,NA,NA,NA,NA,NA,NA,NA,NA,NA,NA,NA,NA,NA,NA,NA,NA,NA,NA,NA,NA,NA,4.4,4.9,0.2,-28.87933456,-0.504039474,20,3.416666667
16/01/1994,14.04244,NA,NA,NA,NA,NA,NA,NA,NA,NA,NA,NA,NA,NA,NA,NA,NA,NA,NA,NA,NA,NA,1.6,2.7,-1.2,-43.56959201,-0.760432834,25,6.791666667
17/01/1994,14.04517,NA,NA,NA,NA,NA,NA,NA,NA,NA,NA,NA,NA,NA,NA,NA,NA,NA,NA,NA,NA,NA,0.1,7.2,0.4,-131.8017674,-2.300374801,28,8.458333333
18/01/1994,14.04791,NA,NA,NA,NA,NA,NA,NA,NA,NA,NA,NA,NA,NA,NA,NA,NA,NA,NA,NA,NA,NA,9.4,9.6,2.8,-139.6794589,-2.437866456,36,14.75
19/01/1994,14.05065,NA,NA,NA,NA,NA,NA,NA,NA,NA,NA,NA,NA,NA,NA,NA,NA,NA,NA,NA,NA,NA,4.5,5.4,0.5,-141.3051302,-2.466239771,33,11.08333333
20/01/1994,14.05339,NA,NA,NA,NA,NA,NA,NA,NA,NA,NA,NA,NA,NA,NA,NA,NA,NA,NA,NA,NA,NA,3.9,10,4.9,-122.9090933,-2.145168359,48,14
21/01/1994,14.05613,NA,NA,NA,NA,NA,NA,NA,NA,NA,NA,NA,NA,NA,NA,NA,NA,NA,NA,NA,NA,NA,3.3,10.5,1.7,-124.57852,-2.174305352,44,18.25
22/01/1994,14.05886,NA,NA,NA,NA,NA,NA,NA,NA,NA,NA,NA,NA,NA,NA,NA,NA,NA,NA,NA,NA,NA,3.3,5.6,0.8,-128.6368681,-2.245136888,54,18.5
23/01/1994,14.06160,NA,NA,NA,NA,NA,NA,NA,NA,NA,NA,NA,NA,NA,NA,NA,NA,NA,NA,NA,NA,NA,10.3,6.5,-0.4,-86.07861688,-1.50235528,60,19.375
24/01/1994,14.06434,NA,NA,NA,NA,NA,NA,NA,NA,NA,NA,NA,NA,NA,NA,NA,NA,NA,NA,NA,NA,NA,7.3,4.6,0,-144.8509884,-2.528126673,26,5.583333333
25/01/1994,14.06708,NA,NA,NA,NA,NA,NA,NA,NA,NA,NA,NA,NA,NA,NA,NA,NA,NA,NA,NA,NA,NA,8.4,8.5,1.1,-119.1044765,-2.078765269,40,10.375
26/01/1994,14.06982,NA,NA,NA,NA,NA,NA,NA,NA,NA,NA,NA,NA,NA,NA,NA,NA,NA,NA,NA,NA,NA,9.3,7.9,0.8,-110.8558881,-1.934800242,50,17.125
27/01/1994,14.07255,NA,NA,NA,NA,NA,NA,NA,NA,NA,NA,NA,NA,NA,NA,NA,NA,NA,NA,NA,NA,NA,7.5,5.6,0.6,-91.42413103,-1.595652102,54,22.83333333
28/01/1994,14.07529,NA,NA,NA,NA,NA,NA,NA,NA,NA,NA,NA,NA,NA,NA,NA,NA,NA,NA,NA,NA,NA,0.5,3,-1.1,-68.14525666,-1.189359098,50,16.20833333
29/01/1994,14.07803,NA,NA,NA,NA,NA,NA,NA,NA,NA,NA,NA,NA,NA,NA,NA,NA,NA,NA,NA,NA,NA,20.9,9.8,-0.6,-160.2833171,-2.79747162,54,19.58333333
30/01/1994,14.08077,NA,NA,NA,NA,NA,NA,NA,NA,NA,NA,NA,NA,NA,NA,NA,NA,NA,NA,NA,NA,NA,6.1,6.8,2.9,-90.8799951,-1.586155139,49,21.27272727
31/01/1994,14.08350,NA,NA,NA,NA,NA,NA,NA,NA,NA,NA,NA,NA,NA,NA,NA,NA,NA,NA,NA,NA,NA,3.5,7.2,3.5,-158.0812971,-2.75903912,38,14.29166667
01/02/1994,14.08624,NA,NA,NA,NA,NA,NA,NA,NA,NA,NA,NA,NA,NA,NA,NA,NA,NA,NA,NA,NA,NA,15.3,8.2,1,-137.0118583,-2.391308041,45,17.33333333
02/02/1994,14.08898,NA,NA,NA,NA,NA,NA,NA,NA,NA,NA,NA,NA,NA,NA,NA,NA,NA,NA,NA,NA,NA,1,5.6,0.6,-161.5993937,-2.820441489,19,7.75
03/02/1994,14.09172,NA,NA,NA,NA,NA,NA,NA,NA,NA,NA,NA,NA,NA,NA,NA,NA,NA,NA,NA,NA,NA,1,5.7,2.6,103.962062,1.814480279,47,16.66666667
04/02/1994,14.09446,NA,NA,NA,NA,NA,NA,NA,NA,NA,NA,NA,NA,NA,NA,NA,NA,NA,NA,NA,NA,NA,0,7.1,3.6,96.64487916,1.686771347,53,20.79166667
05/02/1994,14.09719,NA,NA,NA,NA,NA,NA,NA,NA,NA,NA,NA,NA,NA,NA,NA,NA,NA,NA,NA,NA,NA,4.5,7.6,4.9,151.4737757,2.643716117,29,12.95833333
06/02/1994,14.09993,NA,NA,NA,NA,NA,NA,NA,NA,NA,NA,NA,NA,NA,NA,NA,NA,NA,NA,NA,NA,NA,1.3,6.9,3.9,159.4077856,2.782190712,NA,12.5
07/02/1994,14.10267,NA,NA,NA,NA,NA,NA,NA,NA,NA,NA,NA,NA,NA,NA,NA,NA,NA,NA,NA,NA,NA,0.6,6.2,3.6,173.3290394,3.025162427,23,7.166666667
08/02/1994,14.10541,NA,NA,NA,NA,NA,NA,NA,NA,NA,NA,NA,NA,NA,NA,NA,NA,NA,NA,NA,NA,NA,9.9,6,3.9,-168.1956623,-2.935568095,39,15.41666667
09/02/1994,14.10815,NA,NA,NA,NA,NA,NA,NA,NA,NA,NA,NA,NA,NA,NA,NA,NA,NA,NA,NA,NA,NA,4.3,8.2,2.2,-76.17789024,-1.329555002,45,16.875
10/02/1994,14.11088,NA,NA,NA,NA,NA,NA,NA,NA,NA,NA,NA,NA,NA,NA,NA,NA,NA,NA,NA,NA,NA,0,7.2,2.5,173.8643711,3.034505728,14,3.75
11/02/1994,14.11362,NA,NA,NA,NA,NA,NA,NA,NA,NA,NA,NA,NA,NA,NA,NA,NA,NA,NA,NA,NA,NA,0.3,8.7,5,154.6277398,2.698763175,31,8.25
12/02/1994,14.11636,NA,NA,NA,NA,NA,NA,NA,NA,NA,NA,NA,NA,NA,NA,NA,NA,NA,NA,NA,NA,NA,0,7.9,6,-175,-3.054326191,43,17.04166667
13/02/1994,14.11910,NA,NA,NA,NA,NA,NA,NA,NA,NA,NA,NA,NA,NA,NA,NA,NA,NA,NA,NA,NA,NA,0,6.6,3.1,179.5274506,3.133345111,29,14.79166667
14/02/1994,14.12183,NA,NA,NA,NA,NA,NA,NA,NA,NA,NA,NA,NA,NA,NA,NA,NA,NA,NA,NA,NA,NA,0,4.1,1,127.108306,2.218458447,37,13.04166667
15/02/1994,14.12457,NA,NA,NA,NA,NA,NA,NA,NA,NA,NA,NA,NA,NA,NA,NA,NA,NA,NA,NA,NA,NA,0,4,1.3,108.1003724,1.886707422,32,11.625
16/02/1994,14.12731,NA,NA,NA,NA,NA,NA,NA,NA,NA,NA,NA,NA,NA,NA,NA,NA,NA,NA,NA,NA,NA,0,5.1,-0.3,-163.3549904,-2.851082432,20,8.458333333
17/02/1994,14.13005,NA,NA,NA,NA,NA,NA,NA,NA,NA,NA,NA,NA,NA,NA,NA,NA,NA,NA,NA,NA,NA,0,5.7,0.5,134.1474685,2.341315008,17,5.75
18/02/1994,14.13279,NA,NA,NA,NA,NA,NA,NA,NA,NA,NA,NA,NA,NA,NA,NA,NA,NA,NA,NA,NA,NA,0.9,6,2.3,158.4315923,2.765152926,22,10.45833333
19/02/1994,14.13552,NA,NA,NA,NA,NA,NA,NA,NA,NA,NA,NA,NA,NA,NA,NA,NA,NA,NA,NA,NA,NA,0,8,5.2,142.8250299,2.492767026,21,8.125
20/02/1994,14.13826,NA,NA,NA,NA,NA,NA,NA,NA,NA,NA,NA,NA,NA,NA,NA,NA,NA,NA,NA,NA,NA,0,6.4,1.8,124.2515623,2.168598863,17,4.958333333
21/02/1994,14.14100,NA,NA,NA,NA,NA,NA,NA,NA,NA,NA,NA,NA,NA,NA,NA,NA,NA,NA,NA,NA,NA,0,3.8,-0.4,106.56729,1.859950086,18,7.125
22/02/1994,14.14374,NA,NA,NA,NA,NA,NA,NA,NA,NA,NA,NA,NA,NA,NA,NA,NA,NA,NA,NA,NA,NA,0,4.9,1.1,93.76134365,1.636444158,27,10.625
23/02/1994,14.14648,NA,NA,NA,NA,NA,NA,NA,NA,NA,NA,NA,NA,NA,NA,NA,NA,NA,NA,NA,NA,NA,0,4.5,1.1,92.07844153,1.607071975,28,11.04166667
24/02/1994,14.14921,NA,NA,NA,NA,NA,NA,NA,NA,NA,NA,NA,NA,NA,NA,NA,NA,NA,NA,NA,NA,NA,0.1,5.7,-0.7,50.90520474,0.888463429,16,4.083333333
25/02/1994,14.15195,NA,NA,NA,NA,NA,NA,NA,NA,NA,NA,NA,NA,NA,NA,NA,NA,NA,NA,NA,NA,NA,0,4.4,1,83.35538267,1.454825877,41,12.08333333
26/02/1994,14.15469,NA,NA,NA,NA,NA,NA,NA,NA,NA,NA,NA,NA,NA,NA,NA,NA,NA,NA,NA,NA,NA,5.8,3.7,0.2,76.64916598,1.337780315,42,19.16666667
27/02/1994,14.15743,NA,NA,NA,NA,NA,NA,NA,NA,NA,NA,NA,NA,NA,NA,NA,NA,NA,NA,NA,NA,NA,0,3.6,2.3,66.25298301,1.156332693,37,20.33333333
28/02/1994,14.16016,NA,NA,NA,NA,NA,NA,NA,NA,NA,NA,NA,NA,NA,NA,NA,NA,NA,NA,NA,NA,NA,19.5,2.8,0.5,55.83539599,0.974511499,36,18.04166667
01/03/1994,14.16290,NA,NA,NA,NA,NA,NA,NA,NA,NA,NA,NA,NA,NA,NA,NA,NA,NA,NA,NA,NA,NA,1.5,6,1.6,125.6409144,2.192847631,33,12.5
02/03/1994,14.16564,NA,NA,NA,NA,NA,NA,NA,NA,NA,NA,NA,NA,NA,NA,NA,NA,NA,NA,NA,NA,NA,3.5,8,2.4,-156.2633229,-2.727309485,36,10.29166667
03/03/1994,14.16838,NA,NA,NA,NA,NA,NA,NA,NA,NA,NA,NA,NA,NA,NA,NA,NA,NA,NA,NA,NA,NA,5.1,6.7,3.3,-124.2764733,-2.169033643,48,14.16666667
04/03/1994,14.17112,NA,NA,NA,NA,NA,NA,NA,NA,NA,NA,NA,NA,NA,NA,NA,NA,NA,NA,NA,NA,NA,14.7,8.7,3,-169.602024,-2.960113736,50,23
05/03/1994,14.17385,NA,NA,NA,NA,NA,NA,NA,NA,NA,NA,NA,NA,NA,NA,NA,NA,NA,NA,NA,NA,NA,4.7,8.3,2,-116.324867,-2.03025193,42,11.95833333
06/03/1994,14.17659,NA,NA,NA,NA,NA,NA,NA,NA,NA,NA,NA,NA,NA,NA,NA,NA,NA,NA,NA,NA,NA,9.1,9.5,1.6,-126.1214497,-2.201234554,42,18.70833333
07/03/1994,14.17933,NA,NA,NA,NA,NA,NA,NA,NA,NA,NA,NA,NA,NA,NA,NA,NA,NA,NA,NA,NA,NA,3.7,10.5,5.6,-126.2938195,-2.204242976,41,16.95833333
08/03/1994,14.18207,NA,NA,NA,NA,NA,NA,NA,NA,NA,NA,NA,NA,NA,NA,NA,NA,NA,NA,NA,NA,NA,3.1,9.5,2.7,-130.2028829,-2.272469002,46,15.875
09/03/1994,14.18480,NA,NA,NA,NA,NA,NA,NA,NA,NA,NA,NA,NA,NA,NA,NA,NA,NA,NA,NA,NA,NA,3.2,6.6,2,-124.5838846,-2.17439898,39,17.45833333
10/03/1994,14.18754,NA,NA,NA,NA,NA,NA,NA,NA,NA,NA,NA,NA,NA,NA,NA,NA,NA,NA,NA,NA,NA,7.7,9.5,1.1,-126.1239924,-2.201278933,48,19.625
11/03/1994,14.19028,NA,NA,NA,NA,NA,NA,NA,NA,NA,NA,NA,NA,NA,NA,NA,NA,NA,NA,NA,NA,NA,5.1,7.4,2.2,-129.1941739,-2.254863709,46,19.875
12/03/1994,14.19302,NA,NA,NA,NA,NA,NA,NA,NA,NA,NA,NA,NA,NA,NA,NA,NA,NA,NA,NA,NA,NA,6.7,6.1,1.6,-134.5145033,-2.347720974,37,14.375
13/03/1994,14.19576,NA,NA,NA,NA,NA,NA,NA,NA,NA,NA,NA,NA,NA,NA,NA,NA,NA,NA,NA,NA,NA,5.2,6.3,0.8,-94.23617262,-1.644731487,55,21.29166667
14/03/1994,14.19849,NA,NA,NA,NA,NA,NA,NA,NA,NA,NA,NA,NA,NA,NA,NA,NA,NA,NA,NA,NA,NA,9.4,9.1,2.4,-92.3025833,-1.610983987,47,18.54166667
15/03/1994,14.20123,NA,NA,NA,NA,NA,NA,NA,NA,NA,NA,NA,NA,NA,NA,NA,NA,NA,NA,NA,NA,NA,6.9,4.9,0.4,-104.9740237,-1.832142342,49,14.29166667
16/03/1994,14.20397,NA,NA,NA,NA,NA,NA,NA,NA,NA,NA,NA,NA,NA,NA,NA,NA,NA,NA,NA,NA,NA,10.1,3.2,-1.1,-81.613589,-1.424425842,50,16.29166667
17/03/1994,14.20671,NA,NA,NA,NA,NA,NA,NA,NA,NA,NA,NA,NA,NA,NA,NA,NA,NA,NA,NA,NA,NA,5.6,3.8,0.3,-89.30706429,-1.558702317,37,7.416666667
18/03/1994,14.20945,NA,NA,NA,NA,NA,NA,NA,NA,NA,NA,NA,NA,NA,NA,NA,NA,NA,NA,NA,NA,NA,1.5,4.3,-0.6,-114.0050203,-1.989762968,30,7.5
19/03/1994,14.21218,NA,NA,NA,NA,NA,NA,NA,NA,NA,NA,NA,NA,NA,NA,NA,NA,NA,NA,NA,NA,NA,5.1,2.8,-0.9,-37.35557855,-0.65197784,32,7.625
20/03/1994,14.21492,NA,NA,NA,NA,NA,NA,NA,NA,NA,NA,NA,NA,NA,NA,NA,NA,NA,NA,NA,NA,NA,2.3,2,-1.6,-7.668528359,-0.133841069,29,8.625
21/03/1994,14.21766,NA,NA,NA,NA,NA,NA,NA,NA,NA,NA,NA,NA,NA,NA,NA,NA,NA,NA,NA,NA,NA,2,6.9,-1.1,164.4249971,2.869757572,48,18.75
22/03/1994,14.22040,NA,NA,NA,NA,NA,NA,NA,NA,NA,NA,NA,NA,NA,NA,NA,NA,NA,NA,NA,NA,NA,5.3,9.2,5.7,-136.8412511,-2.388330384,46,18.95833333
23/03/1994,14.22313,NA,NA,NA,NA,NA,NA,NA,NA,NA,NA,NA,NA,NA,NA,NA,NA,NA,NA,NA,NA,NA,8.4,7.2,1.3,-117.8137146,-2.056237224,42,13.16666667
24/03/1994,14.22587,NA,NA,NA,NA,NA,NA,NA,NA,NA,NA,NA,NA,NA,NA,NA,NA,NA,NA,NA,NA,NA,4.7,7.4,1.6,-97.48249872,-1.701390566,45,16.41666667
25/03/1994,14.22861,NA,NA,NA,NA,NA,NA,NA,NA,NA,NA,NA,NA,NA,NA,NA,NA,NA,NA,NA,NA,NA,3.4,7.4,2.4,-59.3629551,-1.03607902,38,10.33333333
26/03/1994,14.23135,NA,NA,NA,NA,NA,NA,NA,NA,NA,NA,NA,NA,NA,NA,NA,NA,NA,NA,NA,NA,NA,1,9.2,0.9,-136.0405301,-2.374355166,18,5.791666667
27/03/1994,14.23409,NA,NA,NA,NA,NA,NA,NA,NA,NA,NA,NA,NA,NA,NA,NA,NA,NA,NA,NA,NA,NA,1.9,7.1,5.1,169.1147701,2.951609552,37,18.26086957
28/03/1994,14.23682,NA,NA,NA,NA,NA,NA,NA,NA,NA,NA,NA,NA,NA,NA,NA,NA,NA,NA,NA,NA,NA,5.7,9.2,5.5,-151.0509914,-2.636337138,31,15.36363636
29/03/1994,14.23956,NA,NA,NA,NA,NA,NA,NA,NA,NA,NA,NA,NA,NA,NA,NA,NA,NA,NA,NA,NA,NA,1.7,7.9,2.3,-122.8822653,-2.144700122,42,14
30/03/1994,14.24230,NA,NA,NA,NA,NA,NA,NA,NA,NA,NA,NA,NA,NA,NA,NA,NA,NA,NA,NA,NA,NA,6.5,9.2,2.3,170.2517067,2.971452838,40,15.79166667
31/03/1994,14.24504,NA,NA,NA,NA,NA,NA,NA,NA,NA,NA,NA,NA,NA,NA,NA,NA,NA,NA,NA,NA,NA,9.9,9.2,3.2,-169.5619542,-2.959414387,50,21.95833333
01/04/1994,14.24778,NA,NA,NA,NA,NA,NA,NA,NA,NA,NA,NA,NA,NA,NA,NA,NA,NA,NA,NA,NA,NA,2.2,8.6,1.6,-112.9545309,-1.97142847,33,12.5
02/04/1994,14.25051,NA,NA,NA,NA,NA,NA,NA,NA,NA,NA,NA,NA,NA,NA,NA,NA,NA,NA,NA,NA,NA,8.8,7.2,1.2,-93.84513156,-1.637906533,43,15.33333333
03/04/1994,14.25325,NA,NA,NA,NA,NA,NA,NA,NA,NA,NA,NA,NA,NA,NA,NA,NA,NA,NA,NA,NA,NA,6.1,9.1,1.3,-147.3994569,-2.572605839,45,14.91666667
04/04/1994,14.25599,NA,NA,NA,NA,NA,NA,NA,NA,NA,NA,NA,NA,NA,NA,NA,NA,NA,NA,NA,NA,NA,2,5.5,-1,-135.9630972,-2.373003707,31,8.541666667
05/04/1994,14.25873,NA,NA,NA,NA,NA,NA,NA,NA,NA,NA,NA,NA,NA,NA,NA,NA,NA,NA,NA,NA,NA,3.2,7.1,0.5,-117.3654335,-2.048413243,26,8.75
06/04/1994,14.26146,NA,NA,NA,NA,NA,NA,NA,NA,NA,NA,NA,NA,NA,NA,NA,NA,NA,NA,NA,NA,NA,1.7,7.4,1.7,-122.4171297,-2.136581974,34,7.583333333
07/04/1994,14.26420,NA,NA,NA,NA,NA,NA,NA,NA,NA,NA,NA,NA,NA,NA,NA,NA,NA,NA,NA,NA,NA,0,7.9,1.2,-46.79379964,-0.816705873,NA,5.25
08/04/1994,14.26694,NA,NA,NA,NA,NA,NA,NA,NA,NA,NA,NA,NA,NA,NA,NA,NA,NA,NA,NA,NA,NA,5.1,5.9,0.9,-139.4498983,-2.433859867,38,10.125
09/04/1994,14.26968,NA,NA,NA,NA,NA,NA,NA,NA,NA,NA,NA,NA,NA,NA,NA,NA,NA,NA,NA,NA,NA,4.6,7.5,1.3,-10.82825482,-0.188988699,36,14.625
10/04/1994,14.27242,NA,NA,NA,NA,NA,NA,NA,NA,NA,NA,NA,NA,NA,NA,NA,NA,NA,NA,NA,NA,NA,0,10.7,4.5,41.88594803,0.731047703,17,3.75
11/04/1994,14.27515,NA,NA,NA,NA,NA,NA,NA,NA,NA,NA,NA,NA,NA,NA,NA,NA,NA,NA,NA,NA,NA,0.7,9.4,4.5,-152.7776467,-2.666472958,31,10.70833333
12/04/1994,14.27789,NA,NA,NA,NA,NA,NA,NA,NA,NA,NA,NA,NA,NA,NA,NA,NA,NA,NA,NA,NA,NA,1.2,10.1,2,-106.9534168,-1.86668927,27,6.708333333
13/04/1994,14.28063,NA,NA,NA,NA,NA,NA,NA,NA,NA,NA,NA,NA,NA,NA,NA,NA,NA,NA,NA,NA,NA,0,10.1,1.5,-54.50215411,-0.951242039,NA,4.625
14/04/1994,14.28337,NA,NA,NA,NA,NA,NA,NA,NA,NA,NA,NA,NA,NA,NA,NA,NA,NA,NA,NA,NA,NA,0,9.4,1.1,-31.8115448,-0.555216197,14,4.083333333
15/04/1994,14.28611,NA,NA,NA,NA,NA,NA,NA,NA,NA,NA,NA,NA,NA,NA,NA,NA,NA,NA,NA,NA,NA,0,9.3,5.4,-22.77770635,-0.397545972,NA,2.458333333
16/04/1994,14.28884,NA,NA,NA,NA,NA,NA,NA,NA,NA,NA,NA,NA,NA,NA,NA,NA,NA,NA,NA,NA,NA,0.5,12.6,7,-45.44546907,-0.793173065,13,4
17/04/1994,14.29158,NA,NA,NA,NA,NA,NA,NA,NA,NA,NA,NA,NA,NA,NA,NA,NA,NA,NA,NA,NA,NA,0.1,8,4,159.1132933,2.777050851,NA,3.25
18/04/1994,14.29432,NA,NA,NA,NA,NA,NA,NA,NA,NA,NA,NA,NA,NA,NA,NA,NA,NA,NA,NA,NA,NA,4.2,10.2,5,-128.0634785,-2.235129352,33,7.916666667
19/04/1994,14.29706,NA,NA,NA,NA,NA,NA,NA,NA,NA,NA,NA,NA,NA,NA,NA,NA,NA,NA,NA,NA,NA,4.6,10.8,3.3,-55.40071135,-0.966924821,21,8.375
20/04/1994,14.29979,NA,NA,NA,NA,NA,NA,NA,NA,NA,NA,NA,NA,NA,NA,NA,NA,NA,NA,NA,NA,NA,4.2,6.5,3,6.678934377,0.116569395,37,17
21/04/1994,14.30253,NA,NA,NA,NA,NA,NA,NA,NA,NA,NA,NA,NA,NA,NA,NA,NA,NA,NA,NA,NA,NA,3.1,5,0.8,-0.877930559,-0.015322779,30,12.29166667
22/04/1994,14.30527,NA,NA,NA,NA,NA,NA,NA,NA,NA,NA,NA,NA,NA,NA,NA,NA,NA,NA,NA,NA,NA,0,6.4,1.5,27.13490265,0.473593393,18,8.583333333
23/04/1994,14.30801,NA,NA,NA,NA,NA,NA,NA,NA,NA,NA,NA,NA,NA,NA,NA,NA,NA,NA,NA,NA,NA,8.4,10.4,2.9,66.46898824,1.160102695,25,11.52173913
24/04/1994,14.31075,NA,NA,NA,NA,NA,NA,NA,NA,NA,NA,NA,NA,NA,NA,NA,NA,NA,NA,NA,NA,NA,2.4,13.4,5.9,118.8824291,2.07488981,27,6.125
25/04/1994,14.31348,NA,NA,NA,NA,NA,NA,NA,NA,NA,NA,NA,NA,NA,NA,NA,NA,NA,NA,NA,NA,NA,0,11.2,5.5,149.8682955,2.615695201,26,11.625
26/04/1994,14.31622,NA,NA,NA,NA,NA,NA,NA,NA,NA,NA,NA,NA,NA,NA,NA,NA,NA,NA,NA,NA,NA,9,10.4,5.4,-176.2092636,-3.075431822,47,16.20833333
27/04/1994,14.31896,NA,NA,NA,NA,NA,NA,NA,NA,NA,NA,NA,NA,NA,NA,NA,NA,NA,NA,NA,NA,NA,7.9,13.4,6.1,178.3238086,3.112337594,35,12.25
28/04/1994,14.32170,NA,NA,NA,NA,NA,NA,NA,NA,NA,NA,NA,NA,NA,NA,NA,NA,NA,NA,NA,NA,NA,7.6,12.7,9,-171.2680705,-2.989191734,34,16.75
29/04/1994,14.32444,NA,NA,NA,NA,NA,NA,NA,NA,NA,NA,NA,NA,NA,NA,NA,NA,NA,NA,NA,NA,NA,16.3,10.1,6.5,-177.4423548,-3.096953323,26,7.041666667
30/04/1994,14.32717,NA,NA,NA,NA,NA,NA,NA,NA,NA,NA,NA,NA,NA,NA,NA,NA,NA,NA,NA,NA,NA,0.9,10.9,5.5,148.7944133,2.596952421,13,3.791666667
01/05/1994,14.32991,NA,NA,NA,NA,NA,NA,NA,NA,NA,NA,NA,NA,NA,NA,NA,NA,NA,NA,NA,NA,NA,1.7,12.1,3.4,129.8676468,2.266618028,16,5.375
02/05/1994,14.33265,NA,NA,NA,NA,NA,NA,NA,NA,NA,NA,NA,NA,NA,NA,NA,NA,NA,NA,NA,NA,NA,6.2,11.9,7.8,125.1636617,2.184518,17,5.875
03/05/1994,14.33539,NA,NA,NA,NA,NA,NA,NA,NA,NA,NA,NA,NA,NA,NA,NA,NA,NA,NA,NA,NA,NA,0.6,13.1,7.4,98.7145971,1.722894739,28,9.5
04/05/1994,14.33812,NA,NA,NA,NA,NA,NA,NA,NA,NA,NA,NA,NA,NA,NA,NA,NA,NA,NA,NA,NA,NA,1.8,10.3,6,121.9115378,2.12775773,26,10.08333333
05/05/1994,14.34086,NA,NA,NA,NA,NA,NA,NA,NA,NA,NA,NA,NA,NA,NA,NA,NA,NA,NA,NA,NA,NA,4.1,11.5,6.5,-174.3825113,-3.04354898,37,14.58333333
06/05/1994,14.34360,NA,NA,NA,NA,NA,NA,NA,NA,NA,NA,NA,NA,NA,NA,NA,NA,NA,NA,NA,NA,NA,5.3,10.4,5.5,-175.8056469,-3.068387381,39,18.04166667
07/05/1994,14.34634,NA,NA,NA,NA,NA,NA,NA,NA,NA,NA,NA,NA,NA,NA,NA,NA,NA,NA,NA,NA,NA,7.1,10.8,4.1,171.2221577,2.988390405,33,14.25
08/05/1994,14.34908,NA,NA,NA,NA,NA,NA,NA,NA,NA,NA,NA,NA,NA,NA,NA,NA,NA,NA,NA,NA,NA,0,11,5.4,165.6493749,2.891126996,16,6.875
09/05/1994,14.35181,NA,NA,NA,NA,NA,NA,NA,NA,NA,NA,NA,NA,NA,NA,NA,NA,NA,NA,NA,NA,NA,0,11.2,2.4,147.0334397,2.566217634,NA,5.625
10/05/1994,14.35455,NA,NA,NA,NA,NA,NA,NA,NA,NA,NA,NA,NA,NA,NA,NA,NA,NA,NA,NA,NA,NA,0,13.7,7.3,95.22672785,1.662019937,25,8.958333333
11/05/1994,14.35729,NA,NA,NA,NA,NA,NA,NA,NA,NA,NA,NA,NA,NA,NA,NA,NA,NA,NA,NA,NA,NA,0.3,15.1,8.1,83.00894817,1.448779454,22,9.041666667
12/05/1994,14.36003,NA,NA,NA,NA,NA,NA,NA,NA,NA,NA,NA,NA,NA,NA,NA,NA,NA,NA,NA,NA,NA,0,17.9,7.5,52.82005344,0.921883844,23,8.083333333
13/05/1994,14.36277,NA,NA,NA,NA,NA,NA,NA,NA,NA,NA,NA,NA,NA,NA,NA,NA,NA,NA,NA,NA,NA,0,15,8.6,32.71617396,0.571004954,15,5
14/05/1994,14.36550,NA,NA,NA,NA,NA,NA,NA,NA,NA,NA,NA,NA,NA,NA,NA,NA,NA,NA,NA,NA,NA,0,13.1,7.4,19.17081364,0.334593818,39,13.04166667
15/05/1994,14.36824,NA,NA,NA,NA,NA,NA,NA,NA,NA,NA,NA,NA,NA,NA,NA,NA,NA,NA,NA,NA,NA,0,8.7,6.5,34.59291012,0.603760179,33,19.16666667
16/05/1994,14.37098,NA,NA,NA,NA,NA,NA,NA,NA,NA,NA,NA,NA,NA,NA,NA,NA,NA,NA,NA,NA,NA,0,8.9,5.2,34.10663427,0.595273065,23,11.125
17/05/1994,14.37372,NA,NA,NA,NA,NA,NA,NA,NA,NA,NA,NA,NA,NA,NA,NA,NA,NA,NA,NA,NA,NA,1.7,8.6,3.2,35.42199407,0.618230424,22,10.20833333
18/05/1994,14.37645,NA,NA,NA,NA,NA,NA,NA,NA,NA,NA,NA,NA,NA,NA,NA,NA,NA,NA,NA,NA,NA,0.2,8.8,3.7,32.74495636,0.571507302,17,7.833333333
19/05/1994,14.37919,NA,NA,NA,NA,NA,NA,NA,NA,NA,NA,NA,NA,NA,NA,NA,NA,NA,NA,NA,NA,NA,0,8.4,3.4,41.54046374,0.725017865,24,9.583333333
20/05/1994,14.38193,NA,NA,NA,NA,NA,NA,NA,NA,NA,NA,NA,NA,NA,NA,NA,NA,NA,NA,NA,NA,NA,0,8.9,3,45.33466436,0.791239158,27,10.79166667
21/05/1994,14.38467,NA,NA,NA,NA,NA,NA,NA,NA,NA,NA,NA,NA,NA,NA,NA,NA,NA,NA,NA,NA,NA,0,9.9,4.8,42.83074737,0.747537563,30,13.66666667
22/05/1994,14.38741,NA,NA,NA,NA,NA,NA,NA,NA,NA,NA,NA,NA,NA,NA,NA,NA,NA,NA,NA,NA,NA,0,9.5,5.2,36.24978714,0.632678139,29,13.875
23/05/1994,14.39014,NA,NA,NA,NA,NA,NA,NA,NA,NA,NA,NA,NA,NA,NA,NA,NA,NA,NA,NA,NA,NA,0,9.8,4.4,47.86530922,0.835407243,26,11.29166667
24/05/1994,14.39288,NA,NA,NA,NA,NA,NA,NA,NA,NA,NA,NA,NA,NA,NA,NA,NA,NA,NA,NA,NA,NA,0,10.2,5.4,49.53109114,0.864480623,26,10.83333333
25/05/1994,14.39562,NA,NA,NA,NA,NA,NA,NA,NA,NA,NA,NA,NA,NA,NA,NA,NA,NA,NA,NA,NA,NA,0,10.3,5.1,41.60951015,0.726222952,26,12.66666667
26/05/1994,14.39836,NA,NA,NA,NA,NA,NA,NA,NA,NA,NA,NA,NA,NA,NA,NA,NA,NA,NA,NA,NA,NA,0,9.6,6.3,30,0.523598776,21,11.25
27/05/1994,14.40110,NA,NA,NA,NA,NA,NA,NA,NA,NA,NA,NA,NA,NA,NA,NA,NA,NA,NA,NA,NA,NA,0,9.1,4.9,29.8792886,0.521491964,17,7.208333333
28/05/1994,14.40383,NA,NA,NA,NA,NA,NA,NA,NA,NA,NA,NA,NA,NA,NA,NA,NA,NA,NA,NA,NA,NA,0.3,12.4,2.2,-78.47618131,-1.369667748,21,5.375
29/05/1994,14.40657,NA,NA,NA,NA,NA,NA,NA,NA,NA,NA,NA,NA,NA,NA,NA,NA,NA,NA,NA,NA,NA,0,13,4.1,-114.2689311,-1.99436908,14,4.041666667
30/05/1994,14.40931,NA,NA,NA,NA,NA,NA,NA,NA,NA,NA,NA,NA,NA,NA,NA,NA,NA,NA,NA,NA,NA,4.2,12,6.6,-146.1746282,-2.551228545,38,14.875
31/05/1994,14.41205,NA,NA,NA,NA,NA,NA,NA,NA,NA,NA,NA,NA,NA,NA,NA,NA,NA,NA,NA,NA,NA,0.5,15.7,8.6,-141.8642796,-2.475998769,30,13.91666667
01/06/1994,14.41478,NA,NA,NA,NA,NA,NA,NA,NA,NA,NA,NA,NA,NA,NA,NA,NA,NA,NA,NA,NA,NA,7.3,12,8.7,-150.8805477,-2.633362334,24,8.666666667
02/06/1994,14.41752,NA,NA,NA,NA,NA,NA,NA,NA,NA,NA,NA,NA,NA,NA,NA,NA,NA,NA,NA,NA,NA,0.1,12.4,5,133.0641028,2.32240671,14,3.958333333
03/06/1994,14.42026,NA,NA,NA,NA,NA,NA,NA,NA,NA,NA,NA,NA,NA,NA,NA,NA,NA,NA,NA,NA,NA,6.3,12.4,8.2,164.3157552,2.867850941,25,5.083333333
04/06/1994,14.42300,NA,NA,NA,NA,NA,NA,NA,NA,NA,NA,NA,NA,NA,NA,NA,NA,NA,NA,NA,NA,NA,1.8,12.4,6.6,-101.6195835,-1.773596317,28,11.91666667
05/06/1994,14.42574,NA,NA,NA,NA,NA,NA,NA,NA,NA,NA,NA,NA,NA,NA,NA,NA,NA,NA,NA,NA,NA,0.9,13.7,6.6,-127.9271981,-2.23275081,24,10.41666667
06/06/1994,14.42847,NA,NA,NA,NA,NA,NA,NA,NA,NA,NA,NA,NA,NA,NA,NA,NA,NA,NA,NA,NA,NA,4,14,8.8,-163.7106672,-2.857290162,34,12.91666667
07/06/1994,14.43121,NA,NA,NA,NA,NA,NA,NA,NA,NA,NA,NA,NA,NA,NA,NA,NA,NA,NA,NA,NA,NA,4.1,12.1,8.5,-126.7523036,-2.212245031,42,17
08/06/1994,14.43395,NA,NA,NA,NA,NA,NA,NA,NA,NA,NA,NA,NA,NA,NA,NA,NA,NA,NA,NA,NA,NA,1.5,12.5,6.4,-113.4078728,-1.979340779,30,11.375
09/06/1994,14.43669,NA,NA,NA,NA,NA,NA,NA,NA,NA,NA,NA,NA,NA,NA,NA,NA,NA,NA,NA,NA,NA,4.6,12.7,7.7,-86.90194539,-1.516725073,36,13.41666667
10/06/1994,14.43943,NA,NA,NA,NA,NA,NA,NA,NA,NA,NA,NA,NA,NA,NA,NA,NA,NA,NA,NA,NA,NA,0,13.1,6.5,-117.1395267,-2.044470425,18,6.625
11/06/1994,14.44216,NA,NA,NA,NA,NA,NA,NA,NA,NA,NA,NA,NA,NA,NA,NA,NA,NA,NA,NA,NA,NA,0,12.8,10.2,-145.7841836,-2.544414001,26,11.75
12/06/1994,14.44490,NA,NA,NA,NA,NA,NA,NA,NA,NA,NA,NA,NA,NA,NA,NA,NA,NA,NA,NA,NA,NA,0,15.9,9.8,-156.0671692,-2.723885956,24,12
13/06/1994,14.44764,NA,NA,NA,NA,NA,NA,NA,NA,NA,NA,NA,NA,NA,NA,NA,NA,NA,NA,NA,NA,NA,0.1,16,8.6,-161.813241,-2.824173829,33,14.33333333
14/06/1994,14.45038,NA,NA,NA,NA,NA,NA,NA,NA,NA,NA,NA,NA,NA,NA,NA,NA,NA,NA,NA,NA,NA,0.9,13.1,6.5,-116.1948618,-2.027982912,30,13.54166667
15/06/1994,14.45311,NA,NA,NA,NA,NA,NA,NA,NA,NA,NA,NA,NA,NA,NA,NA,NA,NA,NA,NA,NA,NA,1.7,13,8.2,-94.31116033,-1.646040269,26,10.875
16/06/1994,14.45585,NA,NA,NA,NA,NA,NA,NA,NA,NA,NA,NA,NA,NA,NA,NA,NA,NA,NA,NA,NA,NA,2,13.2,6,147.968283,2.582533726,NA,2.541666667
17/06/1994,14.45859,NA,NA,NA,NA,NA,NA,NA,NA,NA,NA,NA,NA,NA,NA,NA,NA,NA,NA,NA,NA,NA,2.8,12.8,8,-157.636358,-2.751273468,19,7.791666667
18/06/1994,14.46133,NA,NA,NA,NA,NA,NA,NA,NA,NA,NA,NA,NA,NA,NA,NA,NA,NA,NA,NA,NA,NA,10.5,11.5,7.5,-147.5443279,-2.575134315,27,10.625
19/06/1994,14.46407,NA,NA,NA,NA,NA,NA,NA,NA,NA,NA,NA,NA,NA,NA,NA,NA,NA,NA,NA,NA,NA,0.5,13.4,6.6,-123.2919133,-2.151849828,29,9.791666667
20/06/1994,14.46680,NA,NA,NA,NA,NA,NA,NA,NA,NA,NA,NA,NA,NA,NA,NA,NA,NA,NA,NA,NA,NA,5.8,14.3,8.1,158.6765662,2.769428526,40,14.20833333
21/06/1994,14.46954,NA,NA,NA,NA,NA,NA,NA,NA,NA,NA,NA,NA,NA,NA,NA,NA,NA,NA,NA,NA,NA,1.1,14.3,8.2,-141.1124846,-2.462877472,25,10.66666667
22/06/1994,14.47228,NA,NA,NA,NA,NA,NA,NA,NA,NA,NA,NA,NA,NA,NA,NA,NA,NA,NA,NA,NA,NA,9.4,12.7,7.3,-102.1095672,-1.782148146,38,18.21428571
23/06/1994,14.47502,NA,NA,NA,NA,NA,NA,NA,NA,NA,NA,NA,NA,NA,NA,NA,NA,NA,NA,NA,NA,NA,1.2,14,6.1,-173.6083636,-3.030037553,18,7.25
24/06/1994,14.47775,NA,NA,NA,NA,NA,NA,NA,NA,NA,NA,NA,NA,NA,NA,NA,NA,NA,NA,NA,NA,NA,8.8,13.4,9.2,135.113507,2.35817556,NA,3.791666667
25/06/1994,14.48049,NA,NA,NA,NA,NA,NA,NA,NA,NA,NA,NA,NA,NA,NA,NA,NA,NA,NA,NA,NA,NA,0.9,13.7,9.5,-57.47014626,-1.003043274,18,6.166666667
26/06/1994,14.48323,NA,NA,NA,NA,NA,NA,NA,NA,NA,NA,NA,NA,NA,NA,NA,NA,NA,NA,NA,NA,NA,1.6,14.7,8.9,NA,NA,NA,NA
27/06/1994,14.48597,NA,NA,NA,NA,NA,NA,NA,NA,NA,NA,NA,NA,NA,NA,NA,NA,NA,NA,NA,NA,NA,0.2,17.4,10.4,-176.9035617,-3.08754961,31,11.53846154
28/06/1994,14.48871,NA,NA,NA,NA,NA,NA,NA,NA,NA,NA,NA,NA,NA,NA,NA,NA,NA,NA,NA,NA,NA,20.9,13.4,11,158.1802172,2.760765602,26,7.625
29/06/1994,14.49144,NA,NA,NA,NA,NA,NA,NA,NA,NA,NA,NA,NA,NA,NA,NA,NA,NA,NA,NA,NA,NA,14,14.1,10.1,-151.6518248,-2.64682366,34,15
30/06/1994,14.49418,NA,NA,NA,NA,NA,NA,NA,NA,NA,NA,NA,NA,NA,NA,NA,NA,NA,NA,NA,NA,NA,1.3,15.7,9.5,-166.6579802,-2.908730479,22,7.208333333
01/07/1994,14.49692,NA,NA,NA,NA,NA,NA,NA,NA,NA,NA,NA,NA,NA,NA,NA,NA,NA,NA,NA,NA,NA,0,15,9.4,37.18010763,0.648915294,NA,3.416666667
02/07/1994,14.49966,NA,NA,NA,NA,NA,NA,NA,NA,NA,NA,NA,NA,NA,NA,NA,NA,NA,NA,NA,NA,NA,0,18.2,8.5,74.09814879,1.293256666,NA,3.458333333
03/07/1994,14.50240,NA,NA,NA,NA,NA,NA,NA,NA,NA,NA,NA,NA,NA,NA,NA,NA,NA,NA,NA,NA,NA,0,20.1,13.5,88.02071235,1.53625124,NA,2.708333333
04/07/1994,14.50513,NA,NA,NA,NA,NA,NA,NA,NA,NA,NA,NA,NA,NA,NA,NA,NA,NA,NA,NA,NA,NA,1,15.9,12.4,32.71761676,0.571030136,NA,2.708333333
05/07/1994,14.50787,NA,NA,NA,NA,NA,NA,NA,NA,NA,NA,NA,NA,NA,NA,NA,NA,NA,NA,NA,NA,NA,9,14.5,11.2,-171.9912783,-3.001814091,NA,4.541666667
06/07/1994,14.51061,NA,NA,NA,NA,NA,NA,NA,NA,NA,NA,NA,NA,NA,NA,NA,NA,NA,NA,NA,NA,NA,0,14.4,7.3,6.680961398,0.116604774,NA,6.625
07/07/1994,14.51335,NA,NA,NA,NA,NA,NA,NA,NA,NA,NA,NA,NA,NA,NA,NA,NA,NA,NA,NA,NA,NA,0,18.4,11,56.01588878,0.977661693,19,3.375
08/07/1994,14.51608,NA,NA,NA,NA,NA,NA,NA,NA,NA,NA,NA,NA,NA,NA,NA,NA,NA,NA,NA,NA,NA,0.1,19.1,11.3,159.3879698,2.781844861,NA,4.833333333
09/07/1994,14.51882,NA,NA,NA,NA,NA,NA,NA,NA,NA,NA,NA,NA,NA,NA,NA,NA,NA,NA,NA,NA,NA,5.6,15.2,11.6,154.1055764,2.689649705,32,10.41666667
10/07/1994,14.52156,NA,NA,NA,NA,NA,NA,NA,NA,NA,NA,NA,NA,NA,NA,NA,NA,NA,NA,NA,NA,NA,0.4,14.8,11.3,174.5651843,3.046737226,26,10.5
11/07/1994,14.52430,NA,NA,NA,NA,NA,NA,NA,NA,NA,NA,NA,NA,NA,NA,NA,NA,NA,NA,NA,NA,NA,0.6,15.7,11.3,172.5079315,3.010831391,25,11.33333333
12/07/1994,14.52704,NA,NA,NA,NA,NA,NA,NA,NA,NA,NA,NA,NA,NA,NA,NA,NA,NA,NA,NA,NA,NA,0,17.3,11.5,-178.1886121,-3.109977971,20,8.625
13/07/1994,14.52977,NA,NA,NA,NA,NA,NA,NA,NA,NA,NA,NA,NA,NA,NA,NA,NA,NA,NA,NA,NA,NA,1.1,16.2,9,164.4967647,2.871010154,21,9.166666667
14/07/1994,14.53251,NA,NA,NA,NA,NA,NA,NA,NA,NA,NA,NA,NA,NA,NA,NA,NA,NA,NA,NA,NA,NA,1.6,14.3,11.3,174.6103891,3.047526197,29,12.20833333
15/07/1994,14.53525,NA,NA,NA,NA,NA,NA,NA,NA,NA,NA,NA,NA,NA,NA,NA,NA,NA,NA,NA,NA,NA,0.4,14.4,10.5,-137.3342401,-2.396934665,23,8.416666667
16/07/1994,14.53799,NA,NA,NA,NA,NA,NA,NA,NA,NA,NA,NA,NA,NA,NA,NA,NA,NA,NA,NA,NA,NA,0.5,14,10,-116.5384677,-2.033979967,17,5
17/07/1994,14.54073,NA,NA,NA,NA,NA,NA,NA,NA,NA,NA,NA,NA,NA,NA,NA,NA,NA,NA,NA,NA,NA,0,15.7,5.6,152.2768273,2.657732011,NA,3.708333333
18/07/1994,14.54346,NA,NA,NA,NA,NA,NA,NA,NA,NA,NA,NA,NA,NA,NA,NA,NA,NA,NA,NA,NA,NA,0,19.9,8.3,169.2684109,2.954291089,NA,5.260869565
19/07/1994,14.54620,NA,NA,NA,NA,NA,NA,NA,NA,NA,NA,NA,NA,NA,NA,NA,NA,NA,NA,NA,NA,NA,0.5,17.2,8.4,171.8365899,2.999114269,NA,5.708333333
20/07/1994,14.54894,NA,NA,NA,NA,NA,NA,NA,NA,NA,NA,NA,NA,NA,NA,NA,NA,NA,NA,NA,NA,NA,0.4,15.9,12.6,147.1047985,2.567463079,17,5.416666667
21/07/1994,14.55168,NA,NA,NA,NA,NA,NA,NA,NA,NA,NA,NA,NA,NA,NA,NA,NA,NA,NA,NA,NA,NA,7.1,17.2,11.4,-159.2168967,-2.778859073,NA,7.166666667
22/07/1994,14.55441,NA,NA,NA,NA,NA,NA,NA,NA,NA,NA,NA,NA,NA,NA,NA,NA,NA,NA,NA,NA,NA,0.1,15.6,10.6,-155.4076026,-2.712374349,32,11.875
23/07/1994,14.55715,NA,NA,NA,NA,NA,NA,NA,NA,NA,NA,NA,NA,NA,NA,NA,NA,NA,NA,NA,NA,NA,0,17.8,11.2,131.7751333,2.299909949,17,5.375
24/07/1994,14.55989,NA,NA,NA,NA,NA,NA,NA,NA,NA,NA,NA,NA,NA,NA,NA,NA,NA,NA,NA,NA,NA,10.6,16.2,11.6,151.0412104,2.636166427,NA,4.083333333
25/07/1994,14.56263,NA,NA,NA,NA,NA,NA,NA,NA,NA,NA,NA,NA,NA,NA,NA,NA,NA,NA,NA,NA,NA,1.2,17.8,12,154.86545,2.702912,NA,8.916666667
26/07/1994,14.56537,NA,NA,NA,NA,NA,NA,NA,NA,NA,NA,NA,NA,NA,NA,NA,NA,NA,NA,NA,NA,NA,5.2,16.5,12,178.7496546,3.11977001,30,12.875
27/07/1994,14.56810,NA,NA,NA,NA,NA,NA,NA,NA,NA,NA,NA,NA,NA,NA,NA,NA,NA,NA,NA,NA,NA,2.2,16,11.9,-172.9435322,-3.018434056,31,14.54166667
28/07/1994,14.57084,NA,NA,NA,NA,NA,NA,NA,NA,NA,NA,NA,NA,NA,NA,NA,NA,NA,NA,NA,NA,NA,0.5,15.2,11.2,-176.6661882,-3.083406661,27,12.29166667
29/07/1994,14.57358,NA,NA,NA,NA,NA,NA,NA,NA,NA,NA,NA,NA,NA,NA,NA,NA,NA,NA,NA,NA,NA,0,16.2,11.5,162.8712184,2.842639019,24,10.70833333
30/07/1994,14.57632,NA,NA,NA,NA,NA,NA,NA,NA,NA,NA,NA,NA,NA,NA,NA,NA,NA,NA,NA,NA,NA,0.6,15.8,12.9,168.3145862,2.937643708,24,10.54166667
31/07/1994,14.57906,NA,NA,NA,NA,NA,NA,NA,NA,NA,NA,NA,NA,NA,NA,NA,NA,NA,NA,NA,NA,NA,0,19.1,12.6,20.88041727,0.36443203,10,2.958333333
01/08/1994,14.58179,NA,NA,NA,NA,NA,NA,NA,NA,NA,NA,NA,NA,NA,NA,NA,NA,NA,NA,NA,NA,NA,0.9,17.6,12.3,-118.6097259,-2.070130242,20,6.25
02/08/1994,14.58453,NA,NA,NA,NA,NA,NA,NA,NA,NA,NA,NA,NA,NA,NA,NA,NA,NA,NA,NA,NA,NA,0,14.8,11.6,-82.70781578,-1.443523703,16,4.791666667
03/08/1994,14.58727,NA,NA,NA,NA,NA,NA,NA,NA,NA,NA,NA,NA,NA,NA,NA,NA,NA,NA,NA,NA,NA,0,13.8,11.3,-5.750221228,-0.100360293,20,7.041666667
04/08/1994,14.59001,NA,NA,NA,NA,NA,NA,NA,NA,NA,NA,NA,NA,NA,NA,NA,NA,NA,NA,NA,NA,NA,0,20.2,13.1,87.6887586,1.530457555,14,3
05/08/1994,14.59274,NA,NA,NA,NA,NA,NA,NA,NA,NA,NA,NA,NA,NA,NA,NA,NA,NA,NA,NA,NA,NA,0,16.8,12.3,-121.842977,-2.12656112,19,8.25
06/08/1994,14.59548,NA,NA,NA,NA,NA,NA,NA,NA,NA,NA,NA,NA,NA,NA,NA,NA,NA,NA,NA,NA,NA,0.2,15.3,10.5,-65.79315579,-1.148307194,12,4.458333333
07/08/1994,14.59822,NA,NA,NA,NA,NA,NA,NA,NA,NA,NA,NA,NA,NA,NA,NA,NA,NA,NA,NA,NA,NA,0,14.5,10.1,5.731576431,0.10003488,11,4.75
08/08/1994,14.60096,NA,NA,NA,NA,NA,NA,NA,NA,NA,NA,NA,NA,NA,NA,NA,NA,NA,NA,NA,NA,NA,0,13.2,10.8,-9.034974744,-0.157690057,12,3.833333333
09/08/1994,14.60370,NA,NA,NA,NA,NA,NA,NA,NA,NA,NA,NA,NA,NA,NA,NA,NA,NA,NA,NA,NA,NA,0,13.1,11,-2.093393139,-0.036536603,15,4.958333333
10/08/1994,14.60643,NA,NA,NA,NA,NA,NA,NA,NA,NA,NA,NA,NA,NA,NA,NA,NA,NA,NA,NA,NA,NA,0,13.2,10.3,12.32841752,0.215171477,15,7.958333333
11/08/1994,14.60917,NA,NA,NA,NA,NA,NA,NA,NA,NA,NA,NA,NA,NA,NA,NA,NA,NA,NA,NA,NA,NA,0.2,15.4,10,-60.48465852,-1.055656438,15,4.333333333
12/08/1994,14.61191,NA,NA,NA,NA,NA,NA,NA,NA,NA,NA,NA,NA,NA,NA,NA,NA,NA,NA,NA,NA,NA,0.4,15.3,6.4,-75.56326533,-1.318827774,24,8.25
13/08/1994,14.61465,NA,NA,NA,NA,NA,NA,NA,NA,NA,NA,NA,NA,NA,NA,NA,NA,NA,NA,NA,NA,NA,0,13.6,7.9,-46.66945621,-0.814535671,16,4.416666667
14/08/1994,14.61739,NA,NA,NA,NA,NA,NA,NA,NA,NA,NA,NA,NA,NA,NA,NA,NA,NA,NA,NA,NA,NA,0,14.7,8.2,-156.5413444,-2.732161875,18,6.083333333
15/08/1994,14.62012,NA,NA,NA,NA,NA,NA,NA,NA,NA,NA,NA,NA,NA,NA,NA,NA,NA,NA,NA,NA,NA,7.2,13.7,11,171.2490009,2.988858906,25,13.625
16/08/1994,14.62286,NA,NA,NA,NA,NA,NA,NA,NA,NA,NA,NA,NA,NA,NA,NA,NA,NA,NA,NA,NA,NA,26.6,14.4,11.1,144.3063614,2.518621139,23,6.541666667
17/08/1994,14.62560,NA,NA,NA,NA,NA,NA,NA,NA,NA,NA,NA,NA,NA,NA,NA,NA,NA,NA,NA,NA,NA,2.3,15.2,10.6,-61.62292502,-1.075522936,20,6.791666667
18/08/1994,14.62834,NA,NA,NA,NA,NA,NA,NA,NA,NA,NA,NA,NA,NA,NA,NA,NA,NA,NA,NA,NA,NA,2.3,13.6,7.8,175.679785,3.066190677,24,7.375
19/08/1994,14.63107,NA,NA,NA,NA,NA,NA,NA,NA,NA,NA,NA,NA,NA,NA,NA,NA,NA,NA,NA,NA,NA,5.5,14.4,10.9,-168.4409846,-2.939849777,25,10.79166667
20/08/1994,14.63381,NA,NA,NA,NA,NA,NA,NA,NA,NA,NA,NA,NA,NA,NA,NA,NA,NA,NA,NA,NA,NA,2.5,15.2,10.5,-119.4315368,-2.084473548,27,9
21/08/1994,14.63655,NA,NA,NA,NA,NA,NA,NA,NA,NA,NA,NA,NA,NA,NA,NA,NA,NA,NA,NA,NA,NA,0.6,16.5,7.6,-148.7897768,-2.596871498,17,5.083333333
22/08/1994,14.63929,NA,NA,NA,NA,NA,NA,NA,NA,NA,NA,NA,NA,NA,NA,NA,NA,NA,NA,NA,NA,NA,1.4,17.9,6.6,84.82969562,1.480557492,21,4.333333333
23/08/1994,14.64203,NA,NA,NA,NA,NA,NA,NA,NA,NA,NA,NA,NA,NA,NA,NA,NA,NA,NA,NA,NA,NA,16.4,15.9,11.6,113.4305839,1.979737162,23,7.958333333
24/08/1994,14.64476,NA,NA,NA,NA,NA,NA,NA,NA,NA,NA,NA,NA,NA,NA,NA,NA,NA,NA,NA,NA,NA,0,16.1,9.1,-18.08757624,-0.315687759,14,4.125
25/08/1994,14.64750,NA,NA,NA,NA,NA,NA,NA,NA,NA,NA,NA,NA,NA,NA,NA,NA,NA,NA,NA,NA,NA,15.4,15.7,10.5,-148.6180414,-2.593874151,14,3.333333333
26/08/1994,14.65024,NA,NA,NA,NA,NA,NA,NA,NA,NA,NA,NA,NA,NA,NA,NA,NA,NA,NA,NA,NA,NA,5.6,14.5,9.3,-146.076345,-2.54951318,29,9.875
27/08/1994,14.65298,NA,NA,NA,NA,NA,NA,NA,NA,NA,NA,NA,NA,NA,NA,NA,NA,NA,NA,NA,NA,NA,3.9,13.5,7.8,-156.6792346,-2.734568513,34,10.125
28/08/1994,14.65572,NA,NA,NA,NA,NA,NA,NA,NA,NA,NA,NA,NA,NA,NA,NA,NA,NA,NA,NA,NA,NA,3.1,14.8,9.2,-104.0830428,-1.816591792,30,12.33333333
29/08/1994,14.65845,NA,NA,NA,NA,NA,NA,NA,NA,NA,NA,NA,NA,NA,NA,NA,NA,NA,NA,NA,NA,NA,2.3,14.3,9,-84.89716464,-1.481735049,21,6.125
30/08/1994,14.66119,NA,NA,NA,NA,NA,NA,NA,NA,NA,NA,NA,NA,NA,NA,NA,NA,NA,NA,NA,NA,NA,7.5,14.1,9.6,135.7223129,2.368801228,NA,1.625
31/08/1994,14.66393,NA,NA,NA,NA,NA,NA,NA,NA,NA,NA,NA,NA,NA,NA,NA,NA,NA,NA,NA,NA,NA,1.3,14.5,8.1,149.6526656,2.611931748,NA,2.375
01/09/1994,14.66667,NA,NA,NA,NA,NA,NA,NA,NA,NA,NA,NA,NA,NA,NA,NA,NA,NA,NA,NA,NA,NA,0,14.6,6.3,-10.32934247,-0.180281036,11,3.833333333
02/09/1994,14.66940,NA,NA,NA,NA,NA,NA,NA,NA,NA,NA,NA,NA,NA,NA,NA,NA,NA,NA,NA,NA,NA,0,17,6.6,144.8987531,2.528960323,NA,4.583333333
03/09/1994,14.67214,NA,NA,NA,NA,NA,NA,NA,NA,NA,NA,NA,NA,NA,NA,NA,NA,NA,NA,NA,NA,NA,21.1,14.5,12,141.6901907,2.472960345,23,8.583333333
04/09/1994,14.67488,NA,NA,NA,NA,NA,NA,NA,NA,NA,NA,NA,NA,NA,NA,NA,NA,NA,NA,NA,NA,NA,2.9,14.4,10,-157.4577114,-2.748155496,30,8.958333333
05/09/1994,14.67762,NA,NA,NA,NA,NA,NA,NA,NA,NA,NA,NA,NA,NA,NA,NA,NA,NA,NA,NA,NA,NA,0.8,15.1,6.2,-163.8907667,-2.860433492,25,9
06/09/1994,14.68036,NA,NA,NA,NA,NA,NA,NA,NA,NA,NA,NA,NA,NA,NA,NA,NA,NA,NA,NA,NA,NA,3.1,15.1,10.2,165.0709279,2.88103119,39,15.20833333
07/09/1994,14.68309,NA,NA,NA,NA,NA,NA,NA,NA,NA,NA,NA,NA,NA,NA,NA,NA,NA,NA,NA,NA,NA,0,15,10.2,150.2944759,2.623133452,NA,6.375
08/09/1994,14.68583,NA,NA,NA,NA,NA,NA,NA,NA,NA,NA,NA,NA,NA,NA,NA,NA,NA,NA,NA,NA,NA,5.5,14.9,6.5,47.9726684,0.837281015,NA,9.083333333
09/09/1994,14.68857,NA,NA,NA,NA,NA,NA,NA,NA,NA,NA,NA,NA,NA,NA,NA,NA,NA,NA,NA,NA,NA,0.3,14,8.5,137.4323388,2.398646811,24,8.125
10/09/1994,14.69131,NA,NA,NA,NA,NA,NA,NA,NA,NA,NA,NA,NA,NA,NA,NA,NA,NA,NA,NA,NA,NA,7.7,13.6,10.2,-115.8792839,-2.022475038,20,7.208333333
11/09/1994,14.69405,NA,NA,NA,NA,NA,NA,NA,NA,NA,NA,NA,NA,NA,NA,NA,NA,NA,NA,NA,NA,NA,7.1,14,10.1,-7.84292163,-0.136884805,26,12.04166667
12/09/1994,14.69678,NA,NA,NA,NA,NA,NA,NA,NA,NA,NA,NA,NA,NA,NA,NA,NA,NA,NA,NA,NA,NA,8.6,12.8,10.4,20.03822138,0.349732939,31,16.66666667
13/09/1994,14.69952,NA,NA,NA,NA,NA,NA,NA,NA,NA,NA,NA,NA,NA,NA,NA,NA,NA,NA,NA,NA,NA,0,11.6,8.5,24.67938995,0.430736612,25,13.58333333
14/09/1994,14.70226,NA,NA,NA,NA,NA,NA,NA,NA,NA,NA,NA,NA,NA,NA,NA,NA,NA,NA,NA,NA,NA,0,11.9,6.5,56.67056736,0.989087989,27,11.20833333
15/09/1994,14.70500,NA,NA,NA,NA,NA,NA,NA,NA,NA,NA,NA,NA,NA,NA,NA,NA,NA,NA,NA,NA,NA,2.2,11.6,8.3,5.825653652,0.101676837,35,18.95833333
16/09/1994,14.70773,NA,NA,NA,NA,NA,NA,NA,NA,NA,NA,NA,NA,NA,NA,NA,NA,NA,NA,NA,NA,NA,0.6,11.4,5.9,-27.90828736,-0.487091503,30,13.375
17/09/1994,14.71047,NA,NA,NA,NA,NA,NA,NA,NA,NA,NA,NA,NA,NA,NA,NA,NA,NA,NA,NA,NA,NA,0,11.7,7,-44.07458621,-0.769246646,19,6.333333333
18/09/1994,14.71321,NA,NA,NA,NA,NA,NA,NA,NA,NA,NA,NA,NA,NA,NA,NA,NA,NA,NA,NA,NA,NA,8.4,10.4,6.5,179.2830263,3.129079101,NA,6.916666667
19/09/1994,14.71595,NA,NA,NA,NA,NA,NA,NA,NA,NA,NA,NA,NA,NA,NA,NA,NA,NA,NA,NA,NA,NA,2.9,13.8,8.8,-154.9826135,-2.70495689,20,6.583333333
20/09/1994,14.71869,NA,NA,NA,NA,NA,NA,NA,NA,NA,NA,NA,NA,NA,NA,NA,NA,NA,NA,NA,NA,NA,0,13.4,7.2,-26.89300982,-0.469371567,18,5.708333333
21/09/1994,14.72142,NA,NA,NA,NA,NA,NA,NA,NA,NA,NA,NA,NA,NA,NA,NA,NA,NA,NA,NA,NA,NA,0,14,5.7,-141.5530173,-2.470566219,NA,6.541666667
22/09/1994,14.72416,NA,NA,NA,NA,NA,NA,NA,NA,NA,NA,NA,NA,NA,NA,NA,NA,NA,NA,NA,NA,NA,0,14.6,11.3,-172.4901195,-3.010520512,27,11
23/09/1994,14.72690,NA,NA,NA,NA,NA,NA,NA,NA,NA,NA,NA,NA,NA,NA,NA,NA,NA,NA,NA,NA,NA,2.7,15.7,11.7,-170.7275603,-2.97975805,28,10.875
24/09/1994,14.72964,NA,NA,NA,NA,NA,NA,NA,NA,NA,NA,NA,NA,NA,NA,NA,NA,NA,NA,NA,NA,NA,0,12.4,6,-65.68212524,-1.146369345,14,4.041666667
25/09/1994,14.73238,NA,NA,NA,NA,NA,NA,NA,NA,NA,NA,NA,NA,NA,NA,NA,NA,NA,NA,NA,NA,NA,0,12.3,5.7,-138.2230126,-2.412446673,NA,5.5
26/09/1994,14.73511,NA,NA,NA,NA,NA,NA,NA,NA,NA,NA,NA,NA,NA,NA,NA,NA,NA,NA,NA,NA,NA,3.7,11.2,7.6,-115.1845155,-2.010349042,32,10.16666667
27/09/1994,14.73785,NA,NA,NA,NA,NA,NA,NA,NA,NA,NA,NA,NA,NA,NA,NA,NA,NA,NA,NA,NA,NA,1.7,11.7,6.2,-78.26482304,-1.365978851,38,10.125
28/09/1994,14.74059,NA,NA,NA,NA,NA,NA,NA,NA,NA,NA,NA,NA,NA,NA,NA,NA,NA,NA,NA,NA,NA,18.1,13.1,7.6,-132.4533619,-2.311747271,31,12.625
29/09/1994,14.74333,NA,NA,NA,NA,NA,NA,NA,NA,NA,NA,NA,NA,NA,NA,NA,NA,NA,NA,NA,NA,NA,24.3,13.9,10.3,-143.7073101,-2.508165721,24,9.416666667
30/09/1994,14.74606,NA,NA,NA,NA,NA,NA,NA,NA,NA,NA,NA,NA,NA,NA,NA,NA,NA,NA,NA,NA,NA,8.9,13.4,8.3,-23.68527142,-0.41338597,28,13.70833333
01/10/1994,14.74880,NA,NA,NA,NA,NA,NA,NA,NA,NA,NA,NA,NA,NA,NA,NA,NA,NA,NA,NA,NA,NA,3.8,10.9,6,68.34478205,1.192841473,21,6.625
02/10/1994,14.75154,NA,NA,NA,NA,NA,NA,NA,NA,NA,NA,NA,NA,NA,NA,NA,NA,NA,NA,NA,NA,NA,1.6,10.4,6.2,6.945151473,0.12121576,33,14.625
03/10/1994,14.75428,NA,NA,NA,NA,NA,NA,NA,NA,NA,NA,NA,NA,NA,NA,NA,NA,NA,NA,NA,NA,NA,1.7,7.4,1,-39.57121568,-0.690648003,31,10.5
04/10/1994,14.75702,NA,NA,NA,NA,NA,NA,NA,NA,NA,NA,NA,NA,NA,NA,NA,NA,NA,NA,NA,NA,NA,4.1,8.5,2,-86.32550133,-1.506664227,27,6.166666667
05/10/1994,14.75975,NA,NA,NA,NA,NA,NA,NA,NA,NA,NA,NA,NA,NA,NA,NA,NA,NA,NA,NA,NA,NA,1,12.8,4.2,-165.8693527,-2.894966333,33,12.5
06/10/1994,14.76249,NA,NA,NA,NA,NA,NA,NA,NA,NA,NA,NA,NA,NA,NA,NA,NA,NA,NA,NA,NA,NA,3.5,13.1,11.5,-169.6152389,-2.96034438,52,22.58333333
07/10/1994,14.76523,NA,NA,NA,NA,NA,NA,NA,NA,NA,NA,NA,NA,NA,NA,NA,NA,NA,NA,NA,NA,NA,0.8,14.1,8.5,-148.7474875,-2.596133411,31,12.75
08/10/1994,14.76797,NA,NA,NA,NA,NA,NA,NA,NA,NA,NA,NA,NA,NA,NA,NA,NA,NA,NA,NA,NA,NA,0.6,12.9,7.6,-154.3652925,-2.694182606,NA,6.590909091
09/10/1994,14.77070,NA,NA,NA,NA,NA,NA,NA,NA,NA,NA,NA,NA,NA,NA,NA,NA,NA,NA,NA,NA,NA,0.1,12.9,9.5,175.9657528,3.071181757,NA,11.5
10/10/1994,14.77344,NA,NA,NA,NA,NA,NA,NA,NA,NA,NA,NA,NA,NA,NA,NA,NA,NA,NA,NA,NA,NA,0,14,10.7,170.4312287,2.97458609,26,12.79166667
11/10/1994,14.77618,NA,NA,NA,NA,NA,NA,NA,NA,NA,NA,NA,NA,NA,NA,NA,NA,NA,NA,NA,NA,NA,1.4,12.5,5.7,-120.3901468,-2.101204449,21,7.291666667
12/10/1994,14.77892,NA,NA,NA,NA,NA,NA,NA,NA,NA,NA,NA,NA,NA,NA,NA,NA,NA,NA,NA,NA,NA,0,13,4.7,-140.3612519,-2.449765988,22,6.75
13/10/1994,14.78166,NA,NA,NA,NA,NA,NA,NA,NA,NA,NA,NA,NA,NA,NA,NA,NA,NA,NA,NA,NA,NA,0,12.2,4.4,-156.8388069,-2.737353575,NA,3.458333333
14/10/1994,14.78439,NA,NA,NA,NA,NA,NA,NA,NA,NA,NA,NA,NA,NA,NA,NA,NA,NA,NA,NA,NA,NA,0.1,13,10.8,-168.8640006,-2.947232798,22,8.916666667
15/10/1994,14.78713,NA,NA,NA,NA,NA,NA,NA,NA,NA,NA,NA,NA,NA,NA,NA,NA,NA,NA,NA,NA,NA,0.3,12.6,7,25.75430775,0.449497467,28,12.70833333
16/10/1994,14.78987,NA,NA,NA,NA,NA,NA,NA,NA,NA,NA,NA,NA,NA,NA,NA,NA,NA,NA,NA,NA,NA,0,8.3,5.5,80.84828145,1.411068706,26,11.95833333
17/10/1994,14.79261,NA,NA,NA,NA,NA,NA,NA,NA,NA,NA,NA,NA,NA,NA,NA,NA,NA,NA,NA,NA,NA,0,9.5,4.1,115.3916221,2.013963734,20,7.291666667
18/10/1994,14.79535,NA,NA,NA,NA,NA,NA,NA,NA,NA,NA,NA,NA,NA,NA,NA,NA,NA,NA,NA,NA,NA,0,11.3,8.8,129.8375218,2.266092248,32,10.91666667
19/10/1994,14.79808,NA,NA,NA,NA,NA,NA,NA,NA,NA,NA,NA,NA,NA,NA,NA,NA,NA,NA,NA,NA,NA,0,14.3,8.7,98.3338118,1.716248782,30,12.66666667
20/10/1994,14.80082,NA,NA,NA,NA,NA,NA,NA,NA,NA,NA,NA,NA,NA,NA,NA,NA,NA,NA,NA,NA,NA,5.5,11.8,9.8,97.83889211,1.707610804,27,10.91666667
21/10/1994,14.80356,NA,NA,NA,NA,NA,NA,NA,NA,NA,NA,NA,NA,NA,NA,NA,NA,NA,NA,NA,NA,NA,0.3,13.2,9.4,109.5754358,1.912452135,19,6.583333333
22/10/1994,14.80630,NA,NA,NA,NA,NA,NA,NA,NA,NA,NA,NA,NA,NA,NA,NA,NA,NA,NA,NA,NA,NA,0.6,14,9,72.13389388,1.258973951,10,2.458333333
23/10/1994,14.80903,NA,NA,NA,NA,NA,NA,NA,NA,NA,NA,NA,NA,NA,NA,NA,NA,NA,NA,NA,NA,NA,6,10.9,8.7,-61.57258036,-1.074644256,28,10.875
24/10/1994,14.81177,NA,NA,NA,NA,NA,NA,NA,NA,NA,NA,NA,NA,NA,NA,NA,NA,NA,NA,NA,NA,NA,0.9,10.1,3.1,-150.4507921,-2.625861684,NA,5.375
25/10/1994,14.81451,NA,NA,NA,NA,NA,NA,NA,NA,NA,NA,NA,NA,NA,NA,NA,NA,NA,NA,NA,NA,NA,1.4,10.6,2,-94.45228436,-1.648503348,NA,2.291666667
26/10/1994,14.81725,NA,NA,NA,NA,NA,NA,NA,NA,NA,NA,NA,NA,NA,NA,NA,NA,NA,NA,NA,NA,NA,0.5,9.3,4.3,-127.7668361,-2.229951966,16,4.541666667
27/10/1994,14.81999,NA,NA,NA,NA,NA,NA,NA,NA,NA,NA,NA,NA,NA,NA,NA,NA,NA,NA,NA,NA,NA,2.1,10.2,2,-73.43467698,-1.281676899,20,4
28/10/1994,14.82272,NA,NA,NA,NA,NA,NA,NA,NA,NA,NA,NA,NA,NA,NA,NA,NA,NA,NA,NA,NA,NA,2.4,10,2.8,-46.34263113,-0.808831497,NA,2.791666667
29/10/1994,14.82546,NA,NA,NA,NA,NA,NA,NA,NA,NA,NA,NA,NA,NA,NA,NA,NA,NA,NA,NA,NA,NA,12.6,8.3,4,75.79042477,1.322792454,16,4.708333333
30/10/1994,14.82820,NA,NA,NA,NA,NA,NA,NA,NA,NA,NA,NA,NA,NA,NA,NA,NA,NA,NA,NA,NA,NA,2.4,10.5,6.1,109.5750405,1.912445235,30,6.375
31/10/1994,14.83094,NA,NA,NA,NA,NA,NA,NA,NA,NA,NA,NA,NA,NA,NA,NA,NA,NA,NA,NA,NA,NA,1.5,10.8,3.7,-113.950204,-1.988806242,NA,9.458333333
01/11/1994,14.83368,NA,NA,NA,NA,NA,NA,NA,NA,NA,NA,NA,NA,NA,NA,NA,NA,NA,NA,NA,NA,NA,9.7,9.7,2.6,-103.906248,-1.813506141,34,9.416666667
02/11/1994,14.83641,NA,NA,NA,NA,NA,NA,NA,NA,NA,NA,NA,NA,NA,NA,NA,NA,NA,NA,NA,NA,NA,0,10.7,2,144.774272,2.526787719,28,13.16666667
03/11/1994,14.83915,NA,NA,NA,NA,NA,NA,NA,NA,NA,NA,NA,NA,NA,NA,NA,NA,NA,NA,NA,NA,NA,3.4,12.4,8,108.7475417,1.898002656,26,9.25
04/11/1994,14.84189,NA,NA,NA,NA,NA,NA,NA,NA,NA,NA,NA,NA,NA,NA,NA,NA,NA,NA,NA,NA,NA,4,12.5,9,125.7853534,2.195368568,29,8.375
05/11/1994,14.84463,NA,NA,NA,NA,NA,NA,NA,NA,NA,NA,NA,NA,NA,NA,NA,NA,NA,NA,NA,NA,NA,0,11,7,52.03980097,0.908265869,13,3.125
06/11/1994,14.84736,NA,NA,NA,NA,NA,NA,NA,NA,NA,NA,NA,NA,NA,NA,NA,NA,NA,NA,NA,NA,NA,2.6,12.3,7.5,163.3423095,2.850861109,36,10.125
07/11/1994,14.85010,NA,NA,NA,NA,NA,NA,NA,NA,NA,NA,NA,NA,NA,NA,NA,NA,NA,NA,NA,NA,NA,4.6,12,9.2,130.103108,2.270727601,27,9.916666667
08/11/1994,14.85284,NA,NA,NA,NA,NA,NA,NA,NA,NA,NA,NA,NA,NA,NA,NA,NA,NA,NA,NA,NA,NA,0,11.7,8,99.1475817,1.730451746,21,7.833333333
09/11/1994,14.85558,NA,NA,NA,NA,NA,NA,NA,NA,NA,NA,NA,NA,NA,NA,NA,NA,NA,NA,NA,NA,NA,2.1,11.3,10.2,81.66407192,1.425306936,30,15.66666667
10/11/1994,14.85832,NA,NA,NA,NA,NA,NA,NA,NA,NA,NA,NA,NA,NA,NA,NA,NA,NA,NA,NA,NA,NA,16.9,10.7,9.3,84.21581641,1.469843279,21,8.041666667
11/11/1994,14.86105,NA,NA,NA,NA,NA,NA,NA,NA,NA,NA,NA,NA,NA,NA,NA,NA,NA,NA,NA,NA,NA,3.6,9.6,7,58.32741421,1.018005422,25,10.41666667
12/11/1994,14.86379,NA,NA,NA,NA,NA,NA,NA,NA,NA,NA,NA,NA,NA,NA,NA,NA,NA,NA,NA,NA,NA,3.8,10.8,8.1,132.0128976,2.304059718,33,11.58333333
13/11/1994,14.86653,NA,NA,NA,NA,NA,NA,NA,NA,NA,NA,NA,NA,NA,NA,NA,NA,NA,NA,NA,NA,NA,14,11.1,7.6,179.6032845,3.134668661,36,15.75
14/11/1994,14.86927,NA,NA,NA,NA,NA,NA,NA,NA,NA,NA,NA,NA,NA,NA,NA,NA,NA,NA,NA,NA,NA,8.8,11.4,6.4,-136.9330255,-2.38993215,44,16.29166667
15/11/1994,14.87201,NA,NA,NA,NA,NA,NA,NA,NA,NA,NA,NA,NA,NA,NA,NA,NA,NA,NA,NA,NA,NA,4.6,10,5.5,-112.5047687,-1.963578638,26,10
16/11/1994,14.87474,NA,NA,NA,NA,NA,NA,NA,NA,NA,NA,NA,NA,NA,NA,NA,NA,NA,NA,NA,NA,NA,6,8.4,3.7,-138.014787,-2.408812449,31,7.791666667
17/11/1994,14.87748,NA,NA,NA,NA,NA,NA,NA,NA,NA,NA,NA,NA,NA,NA,NA,NA,NA,NA,NA,NA,NA,2.2,7.1,1.9,-119.508108,-2.085809968,31,3.958333333
18/11/1994,14.88022,NA,NA,NA,NA,NA,NA,NA,NA,NA,NA,NA,NA,NA,NA,NA,NA,NA,NA,NA,NA,NA,3.4,8.5,1,102.1880461,1.78351786,32,8.208333333
19/11/1994,14.88296,NA,NA,NA,NA,NA,NA,NA,NA,NA,NA,NA,NA,NA,NA,NA,NA,NA,NA,NA,NA,NA,18.7,13.1,7.4,-154.1732419,-2.69083069,42,17.875
20/11/1994,14.88569,NA,NA,NA,NA,NA,NA,NA,NA,NA,NA,NA,NA,NA,NA,NA,NA,NA,NA,NA,NA,NA,2.2,10.3,5.5,-137.9236791,-2.407222317,39,12.625
21/11/1994,14.88843,NA,NA,NA,NA,NA,NA,NA,NA,NA,NA,NA,NA,NA,NA,NA,NA,NA,NA,NA,NA,NA,0.1,11,5.5,-167.1178874,-2.916757373,43,16.16666667
22/11/1994,14.89117,NA,NA,NA,NA,NA,NA,NA,NA,NA,NA,NA,NA,NA,NA,NA,NA,NA,NA,NA,NA,NA,0,12.5,10.4,-172.9196993,-3.018018095,40,19
23/11/1994,14.89391,NA,NA,NA,NA,NA,NA,NA,NA,NA,NA,NA,NA,NA,NA,NA,NA,NA,NA,NA,NA,NA,14.2,13,6.1,-133.4705871,-2.3295012,36,13.91666667
24/11/1994,14.89665,NA,NA,NA,NA,NA,NA,NA,NA,NA,NA,NA,NA,NA,NA,NA,NA,NA,NA,NA,NA,NA,0,10.3,6.1,-132.2939892,-2.308965693,22,7.583333333
25/11/1994,14.89938,NA,NA,NA,NA,NA,NA,NA,NA,NA,NA,NA,NA,NA,NA,NA,NA,NA,NA,NA,NA,NA,1.6,12.6,8.2,-161.2742298,-2.814766308,30,11.875
26/11/1994,14.90212,NA,NA,NA,NA,NA,NA,NA,NA,NA,NA,NA,NA,NA,NA,NA,NA,NA,NA,NA,NA,NA,0.3,12,5.1,-169.2220649,-2.9534822,39,14.70833333
27/11/1994,14.90486,NA,NA,NA,NA,NA,NA,NA,NA,NA,NA,NA,NA,NA,NA,NA,NA,NA,NA,NA,NA,NA,0.7,11.5,6,-140.3765454,-2.45003291,48,15.70833333
28/11/1994,14.90760,NA,NA,NA,NA,NA,NA,NA,NA,NA,NA,NA,NA,NA,NA,NA,NA,NA,NA,NA,NA,NA,2.5,11,7.6,-134.9935481,-2.356081883,42,15.20833333
29/11/1994,14.91034,NA,NA,NA,NA,NA,NA,NA,NA,NA,NA,NA,NA,NA,NA,NA,NA,NA,NA,NA,NA,NA,0,10.3,7,-175.8343318,-3.068888028,25,11.58333333
30/11/1994,14.91307,NA,NA,NA,NA,NA,NA,NA,NA,NA,NA,NA,NA,NA,NA,NA,NA,NA,NA,NA,NA,NA,0.5,11.4,6.5,167.0871807,2.916221441,42,21.33333333
01/12/1994,14.91581,NA,NA,NA,NA,NA,NA,NA,NA,NA,NA,NA,NA,NA,NA,NA,NA,NA,NA,NA,NA,NA,0,11,9.1,165.4555834,2.887744697,36,17.45833333
02/12/1994,14.91855,NA,NA,NA,NA,NA,NA,NA,NA,NA,NA,NA,NA,NA,NA,NA,NA,NA,NA,NA,NA,NA,0,13.6,10,152.0890449,2.654454589,39,20.66666667
03/12/1994,14.92129,NA,NA,NA,NA,NA,NA,NA,NA,NA,NA,NA,NA,NA,NA,NA,NA,NA,NA,NA,NA,NA,4.5,13.6,6.2,167.255,2.919150441,48,19.04166667
04/12/1994,14.92402,NA,NA,NA,NA,NA,NA,NA,NA,NA,NA,NA,NA,NA,NA,NA,NA,NA,NA,NA,NA,NA,0.7,7.2,2.1,-145.4379627,-2.538371307,28,6.541666667
05/12/1994,14.92676,NA,NA,NA,NA,NA,NA,NA,NA,NA,NA,NA,NA,NA,NA,NA,NA,NA,NA,NA,NA,NA,7.8,8.9,-0.1,168.2588996,2.936671794,NA,17.91666667
06/12/1994,14.92950,NA,NA,NA,NA,NA,NA,NA,NA,NA,NA,NA,NA,NA,NA,NA,NA,NA,NA,NA,NA,NA,6.9,7.6,1.4,-163.9059347,-2.860698224,50,18.875
07/12/1994,14.93224,NA,NA,NA,NA,NA,NA,NA,NA,NA,NA,NA,NA,NA,NA,NA,NA,NA,NA,NA,NA,NA,7.8,9.4,2.2,176.4780184,3.080122478,57,26.34782609
08/12/1994,14.93498,NA,NA,NA,NA,NA,NA,NA,NA,NA,NA,NA,NA,NA,NA,NA,NA,NA,NA,NA,NA,NA,5.5,6.9,0.7,-157.8542418,-2.755076257,37,13.70833333
09/12/1994,14.93771,NA,NA,NA,NA,NA,NA,NA,NA,NA,NA,NA,NA,NA,NA,NA,NA,NA,NA,NA,NA,NA,4.9,8.1,3.1,-160.1130378,-2.794499685,48,17.375
10/12/1994,14.94045,NA,NA,NA,NA,NA,NA,NA,NA,NA,NA,NA,NA,NA,NA,NA,NA,NA,NA,NA,NA,NA,10.7,10.2,5.4,-130.8722618,-2.284151867,46,8.916666667
11/12/1994,14.94319,NA,NA,NA,NA,NA,NA,NA,NA,NA,NA,NA,NA,NA,NA,NA,NA,NA,NA,NA,NA,NA,13.2,11.6,7.2,-162.1314907,-2.829728334,38,13.625
12/12/1994,14.94593,NA,NA,NA,NA,NA,NA,NA,NA,NA,NA,NA,NA,NA,NA,NA,NA,NA,NA,NA,NA,NA,3.4,10,5.3,-127.0694178,-2.21777972,40,14.45833333
13/12/1994,14.94867,NA,NA,NA,NA,NA,NA,NA,NA,NA,NA,NA,NA,NA,NA,NA,NA,NA,NA,NA,NA,NA,0,6.2,0.8,-81.44920517,-1.421556803,21,4.166666667
14/12/1994,14.95140,NA,NA,NA,NA,NA,NA,NA,NA,NA,NA,NA,NA,NA,NA,NA,NA,NA,NA,NA,NA,NA,0,7.5,0,-157.3316874,-2.745955964,31,8
15/12/1994,14.95414,NA,NA,NA,NA,NA,NA,NA,NA,NA,NA,NA,NA,NA,NA,NA,NA,NA,NA,NA,NA,NA,3,8.6,3.1,-164.9763009,-2.879379639,45,18.125
16/12/1994,14.95688,NA,NA,NA,NA,NA,NA,NA,NA,NA,NA,NA,NA,NA,NA,NA,NA,NA,NA,NA,NA,NA,3.6,6.8,2,-153.111337,-2.672296953,44,11.125
17/12/1994,14.95962,NA,NA,NA,NA,NA,NA,NA,NA,NA,NA,NA,NA,NA,NA,NA,NA,NA,NA,NA,NA,NA,15.4,11.3,3,177.9156207,3.105213372,57,28.91666667
18/12/1994,14.96235,NA,NA,NA,NA,NA,NA,NA,NA,NA,NA,NA,NA,NA,NA,NA,NA,NA,NA,NA,NA,NA,8.3,6,0.9,-158.5082631,-2.766491083,46,16.625
19/12/1994,14.96509,NA,NA,NA,NA,NA,NA,NA,NA,NA,NA,NA,NA,NA,NA,NA,NA,NA,NA,NA,NA,NA,5.5,5.5,0.2,-108.9004503,-1.900671415,38,12.04166667
20/12/1994,14.96783,NA,NA,NA,NA,NA,NA,NA,NA,NA,NA,NA,NA,NA,NA,NA,NA,NA,NA,NA,NA,NA,2.5,4,0.5,-95.12811007,-1.660298732,20,3.166666667
21/12/1994,14.97057,NA,NA,NA,NA,NA,NA,NA,NA,NA,NA,NA,NA,NA,NA,NA,NA,NA,NA,NA,NA,NA,0,5.1,-1.5,-102.0519085,-1.781141812,NA,3.714285714
22/12/1994,14.97331,NA,NA,NA,NA,NA,NA,NA,NA,NA,NA,NA,NA,NA,NA,NA,NA,NA,NA,NA,NA,NA,1.6,9.6,4.7,-176.6877176,-3.08378242,45,23.95833333
23/12/1994,14.97604,NA,NA,NA,NA,NA,NA,NA,NA,NA,NA,NA,NA,NA,NA,NA,NA,NA,NA,NA,NA,NA,21.2,10.5,7.6,-152.838809,-2.667540441,37,12.54166667
24/12/1994,14.97878,NA,NA,NA,NA,NA,NA,NA,NA,NA,NA,NA,NA,NA,NA,NA,NA,NA,NA,NA,NA,NA,2.8,9.2,4.7,-150.5759219,-2.628045611,42,15.54166667
25/12/1994,14.98152,NA,NA,NA,NA,NA,NA,NA,NA,NA,NA,NA,NA,NA,NA,NA,NA,NA,NA,NA,NA,NA,11.4,9.5,1.8,-136.8882491,-2.389150654,53,16.16666667
26/12/1994,14.98426,NA,NA,NA,NA,NA,NA,NA,NA,NA,NA,NA,NA,NA,NA,NA,NA,NA,NA,NA,NA,NA,6,4,0.4,-138.3993744,-2.415524766,42,9.041666667
27/12/1994,14.98700,NA,NA,NA,NA,NA,NA,NA,NA,NA,NA,NA,NA,NA,NA,NA,NA,NA,NA,NA,NA,NA,1,3.2,-2.9,-93.03331604,-1.623737679,NA,3.791666667
28/12/1994,14.98973,NA,NA,NA,NA,NA,NA,NA,NA,NA,NA,NA,NA,NA,NA,NA,NA,NA,NA,NA,NA,NA,6.7,10.5,-1,170.6443118,2.978305091,32,11.70833333
29/12/1994,14.99247,NA,NA,NA,NA,NA,NA,NA,NA,NA,NA,NA,NA,NA,NA,NA,NA,NA,NA,NA,NA,NA,24,8.4,3.6,-165.7238086,-2.892426109,49,20.43478261
30/12/1994,14.99521,NA,NA,NA,NA,NA,NA,NA,NA,NA,NA,NA,NA,NA,NA,NA,NA,NA,NA,NA,NA,NA,8,7.3,2.4,-5.560946775,-0.097056831,44,17.04166667
31/12/1994,14.99795,NA,NA,NA,NA,NA,NA,NA,NA,NA,NA,NA,NA,NA,NA,NA,NA,NA,NA,NA,NA,NA,1.4,3.6,-1.4,-22.05123077,-0.384866581,42,18.25
01/01/1995,15.00068,NA,NA,NA,NA,NA,NA,NA,NA,NA,NA,NA,NA,NA,NA,NA,NA,NA,NA,NA,NA,NA,2.6,1.7,-1.8,-22.48562069,-0.392448115,46,21.375
02/01/1995,15.00342,NA,NA,NA,NA,NA,NA,NA,NA,NA,NA,NA,NA,NA,NA,NA,NA,NA,NA,NA,NA,NA,0.1,3.7,0,-57.3528169,-1.00099549,25,8.166666667
03/01/1995,15.00616,NA,NA,NA,NA,NA,NA,NA,NA,NA,NA,NA,NA,NA,NA,NA,NA,NA,NA,NA,NA,NA,0.5,6.3,2.4,172.0837297,3.003427673,47,26.45833333
04/01/1995,15.00890,NA,NA,NA,NA,NA,NA,NA,NA,NA,NA,NA,NA,NA,NA,NA,NA,NA,NA,NA,NA,NA,5.3,8,5.1,-176.3153517,-3.077283408,50,24.41666667
05/01/1995,15.01164,NA,NA,NA,NA,NA,NA,NA,NA,NA,NA,NA,NA,NA,NA,NA,NA,NA,NA,NA,NA,NA,6.8,9.2,5,-159.0699025,-2.77629354,53,22.79166667
06/01/1995,15.01437,NA,NA,NA,NA,NA,NA,NA,NA,NA,NA,NA,NA,NA,NA,NA,NA,NA,NA,NA,NA,NA,1.9,7.3,1.9,-123.8222109,-2.161105268,37,12.95833333
07/01/1995,15.01711,NA,NA,NA,NA,NA,NA,NA,NA,NA,NA,NA,NA,NA,NA,NA,NA,NA,NA,NA,NA,NA,5.5,11.6,5,-141.3439156,-2.466916705,47,19.04166667
08/01/1995,15.01985,NA,NA,NA,NA,NA,NA,NA,NA,NA,NA,NA,NA,NA,NA,NA,NA,NA,NA,NA,NA,NA,3.3,7.1,2.6,-115.0494471,-2.007991654,48,15.79166667
09/01/1995,15.02259,NA,NA,NA,NA,NA,NA,NA,NA,NA,NA,NA,NA,NA,NA,NA,NA,NA,NA,NA,NA,NA,13,9.4,3,-94.79264351,-1.654443736,69,27.04166667
10/01/1995,15.02533,NA,NA,NA,NA,NA,NA,NA,NA,NA,NA,NA,NA,NA,NA,NA,NA,NA,NA,NA,NA,NA,4.7,4.1,1.2,-46.59779094,-0.813284876,40,10.91666667
11/01/1995,15.02806,NA,NA,NA,NA,NA,NA,NA,NA,NA,NA,NA,NA,NA,NA,NA,NA,NA,NA,NA,NA,NA,2.6,3.1,-0.2,-27.46963614,-0.479435595,30,12.79166667
12/01/1995,15.03080,NA,NA,NA,NA,NA,NA,NA,NA,NA,NA,NA,NA,NA,NA,NA,NA,NA,NA,NA,NA,NA,4.2,9.1,1.8,-128.0292747,-2.234532382,43,13.16666667
13/01/1995,15.03354,NA,NA,NA,NA,NA,NA,NA,NA,NA,NA,NA,NA,NA,NA,NA,NA,NA,NA,NA,NA,NA,2,10.2,8.3,-140.4238894,-2.450859219,46,21.25
14/01/1995,15.03628,NA,NA,NA,NA,NA,NA,NA,NA,NA,NA,NA,NA,NA,NA,NA,NA,NA,NA,NA,NA,NA,10.2,10.1,0.3,-126.5520297,-2.208749593,53,16.58333333
15/01/1995,15.03901,NA,NA,NA,NA,NA,NA,NA,NA,NA,NA,NA,NA,NA,NA,NA,NA,NA,NA,NA,NA,NA,17.7,10.4,0.6,-167.982547,-2.931848532,60,26.83333333
16/01/1995,15.04175,NA,NA,NA,NA,NA,NA,NA,NA,NA,NA,NA,NA,NA,NA,NA,NA,NA,NA,NA,NA,NA,16.6,9.7,1,-142.6058978,-2.488942449,34,12.79166667
17/01/1995,15.04449,NA,NA,NA,NA,NA,NA,NA,NA,NA,NA,NA,NA,NA,NA,NA,NA,NA,NA,NA,NA,NA,5.3,6.9,1.7,157.6350792,2.751251148,50,25.16666667
18/01/1995,15.04723,NA,NA,NA,NA,NA,NA,NA,NA,NA,NA,NA,NA,NA,NA,NA,NA,NA,NA,NA,NA,NA,7.7,7.7,0.2,-153.8663435,-2.685474303,74,25.79166667
19/01/1995,15.04997,NA,NA,NA,NA,NA,NA,NA,NA,NA,NA,NA,NA,NA,NA,NA,NA,NA,NA,NA,NA,NA,9.3,5,0.7,154.400473,2.69479662,46,20.75
20/01/1995,15.05270,NA,NA,NA,NA,NA,NA,NA,NA,NA,NA,NA,NA,NA,NA,NA,NA,NA,NA,NA,NA,NA,13.7,5.5,0.8,-130.7633191,-2.282250458,29,11.45833333
21/01/1995,15.05544,NA,NA,NA,NA,NA,NA,NA,NA,NA,NA,NA,NA,NA,NA,NA,NA,NA,NA,NA,NA,NA,2.8,5.1,3,151.0377715,2.636106408,40,15.70833333
22/01/1995,15.05818,NA,NA,NA,NA,NA,NA,NA,NA,NA,NA,NA,NA,NA,NA,NA,NA,NA,NA,NA,NA,NA,12.8,6,1.8,-77.0506553,-1.344787626,29,10.75
23/01/1995,15.06092,NA,NA,NA,NA,NA,NA,NA,NA,NA,NA,NA,NA,NA,NA,NA,NA,NA,NA,NA,NA,NA,7.5,6.2,3.3,-49.14563612,-0.857753163,42,18.83333333
24/01/1995,15.06366,NA,NA,NA,NA,NA,NA,NA,NA,NA,NA,NA,NA,NA,NA,NA,NA,NA,NA,NA,NA,NA,4.1,6.1,-0.6,-72.26333705,-1.26123316,28,7
25/01/1995,15.06639,NA,NA,NA,NA,NA,NA,NA,NA,NA,NA,NA,NA,NA,NA,NA,NA,NA,NA,NA,NA,NA,0.6,4.8,-1.2,68.09296196,1.188446384,22,6.625
26/01/1995,15.06913,NA,NA,NA,NA,NA,NA,NA,NA,NA,NA,NA,NA,NA,NA,NA,NA,NA,NA,NA,NA,NA,1.9,3.7,-1.2,-26.58524099,-0.463999988,36,9.25
27/01/1995,15.07187,NA,NA,NA,NA,NA,NA,NA,NA,NA,NA,NA,NA,NA,NA,NA,NA,NA,NA,NA,NA,NA,0.5,2.4,-4,94.56355763,1.650445433,36,11.08333333
28/01/1995,15.07461,NA,NA,NA,NA,NA,NA,NA,NA,NA,NA,NA,NA,NA,NA,NA,NA,NA,NA,NA,NA,NA,24.6,4.2,0.7,75.53401939,1.318317336,39,20.20833333
29/01/1995,15.07734,NA,NA,NA,NA,NA,NA,NA,NA,NA,NA,NA,NA,NA,NA,NA,NA,NA,NA,NA,NA,NA,2.8,4,-0.2,11.27453499,0.196777757,41,18.45833333
30/01/1995,15.08008,NA,NA,NA,NA,NA,NA,NA,NA,NA,NA,NA,NA,NA,NA,NA,NA,NA,NA,NA,NA,NA,1.9,5,-4.2,-167.7198847,-2.92726421,55,18.70833333
31/01/1995,15.08282,NA,NA,NA,NA,NA,NA,NA,NA,NA,NA,NA,NA,NA,NA,NA,NA,NA,NA,NA,NA,NA,18,7.5,3.3,-145.9468803,-2.547253594,51,21.95833333
01/02/1995,15.08556,NA,NA,NA,NA,NA,NA,NA,NA,NA,NA,NA,NA,NA,NA,NA,NA,NA,NA,NA,NA,NA,4.9,7,1.3,-87.15337248,-1.521113304,48,16.66666667
02/02/1995,15.08830,NA,NA,NA,NA,NA,NA,NA,NA,NA,NA,NA,NA,NA,NA,NA,NA,NA,NA,NA,NA,NA,3.1,7.5,0.2,-166.5347974,-2.906580533,59,19.45833333
03/02/1995,15.09103,NA,NA,NA,NA,NA,NA,NA,NA,NA,NA,NA,NA,NA,NA,NA,NA,NA,NA,NA,NA,NA,6.1,9.1,4.5,-134.8580358,-2.353716748,56,23.91666667
04/02/1995,15.09377,NA,NA,NA,NA,NA,NA,NA,NA,NA,NA,NA,NA,NA,NA,NA,NA,NA,NA,NA,NA,NA,2.9,7.7,3.2,-122.8959209,-2.144938457,36,13.75
05/02/1995,15.09651,NA,NA,NA,NA,NA,NA,NA,NA,NA,NA,NA,NA,NA,NA,NA,NA,NA,NA,NA,NA,NA,1.1,10.4,7,-151.4747075,-2.64373238,38,19.08333333
06/02/1995,15.09925,NA,NA,NA,NA,NA,NA,NA,NA,NA,NA,NA,NA,NA,NA,NA,NA,NA,NA,NA,NA,NA,11.5,10.7,3.9,-103.7699938,-1.811128057,42,16.54166667
07/02/1995,15.10198,NA,NA,NA,NA,NA,NA,NA,NA,NA,NA,NA,NA,NA,NA,NA,NA,NA,NA,NA,NA,NA,2.4,4.6,0.2,-29.76645936,-0.519522723,31,10.375
08/02/1995,15.10472,NA,NA,NA,NA,NA,NA,NA,NA,NA,NA,NA,NA,NA,NA,NA,NA,NA,NA,NA,NA,NA,0.5,2.2,-1.7,1.744243381,0.03044279,25,9.5
09/02/1995,15.10746,NA,NA,NA,NA,NA,NA,NA,NA,NA,NA,NA,NA,NA,NA,NA,NA,NA,NA,NA,NA,NA,0.6,1.4,-5.2,58.39017202,1.019100752,21,7
10/02/1995,15.11020,NA,NA,NA,NA,NA,NA,NA,NA,NA,NA,NA,NA,NA,NA,NA,NA,NA,NA,NA,NA,NA,0,2.8,0.4,96.22125178,1.679377654,25,13.125
11/02/1995,15.11294,NA,NA,NA,NA,NA,NA,NA,NA,NA,NA,NA,NA,NA,NA,NA,NA,NA,NA,NA,NA,NA,14.4,5.2,1.5,131.4913099,2.294956295,23,9.291666667
12/02/1995,15.11567,NA,NA,NA,NA,NA,NA,NA,NA,NA,NA,NA,NA,NA,NA,NA,NA,NA,NA,NA,NA,NA,8.4,8.1,2.9,-142.2211864,-2.482227969,54,16.125
13/02/1995,15.11841,NA,NA,NA,NA,NA,NA,NA,NA,NA,NA,NA,NA,NA,NA,NA,NA,NA,NA,NA,NA,NA,3.4,7.4,2.9,-175.0689748,-3.055530029,40,13.875
14/02/1995,15.12115,NA,NA,NA,NA,NA,NA,NA,NA,NA,NA,NA,NA,NA,NA,NA,NA,NA,NA,NA,NA,NA,12.8,7.5,0.9,-160.188894,-2.795823626,45,12.45833333
15/02/1995,15.12389,NA,NA,NA,NA,NA,NA,NA,NA,NA,NA,NA,NA,NA,NA,NA,NA,NA,NA,NA,NA,NA,25.3,7.5,4,-113.7401251,-1.985139674,46,17.79166667
16/02/1995,15.12663,NA,NA,NA,NA,NA,NA,NA,NA,NA,NA,NA,NA,NA,NA,NA,NA,NA,NA,NA,NA,NA,4.4,7.1,1.2,-84.39059272,-1.472893701,19,4.125
17/02/1995,15.12936,NA,NA,NA,NA,NA,NA,NA,NA,NA,NA,NA,NA,NA,NA,NA,NA,NA,NA,NA,NA,NA,2,6.3,0.9,-100.8318609,-1.759847963,26,6.916666667
18/02/1995,15.13210,NA,NA,NA,NA,NA,NA,NA,NA,NA,NA,NA,NA,NA,NA,NA,NA,NA,NA,NA,NA,NA,10.1,6.5,0.5,-158.0905606,-2.759200799,52,17.04166667
19/02/1995,15.13484,NA,NA,NA,NA,NA,NA,NA,NA,NA,NA,NA,NA,NA,NA,NA,NA,NA,NA,NA,NA,NA,4.6,6,1.8,-140.8054676,-2.457519015,45,18.08333333
20/02/1995,15.13758,NA,NA,NA,NA,NA,NA,NA,NA,NA,NA,NA,NA,NA,NA,NA,NA,NA,NA,NA,NA,NA,2.7,4.8,0.3,-139.6592728,-2.437514141,39,13.29166667
21/02/1995,15.14031,NA,NA,NA,NA,NA,NA,NA,NA,NA,NA,NA,NA,NA,NA,NA,NA,NA,NA,NA,NA,NA,10.9,6.3,0,-140.0235737,-2.443872392,47,15.41666667
22/02/1995,15.14305,NA,NA,NA,NA,NA,NA,NA,NA,NA,NA,NA,NA,NA,NA,NA,NA,NA,NA,NA,NA,NA,5,5.6,0.5,-131.7683487,-2.299791536,43,18.16666667
23/02/1995,15.14579,NA,NA,NA,NA,NA,NA,NA,NA,NA,NA,NA,NA,NA,NA,NA,NA,NA,NA,NA,NA,NA,2.7,6.8,0.5,-75.91988022,-1.325051877,42,12.16666667
24/02/1995,15.14853,NA,NA,NA,NA,NA,NA,NA,NA,NA,NA,NA,NA,NA,NA,NA,NA,NA,NA,NA,NA,NA,0.4,6.8,-0.8,-98.67194366,-1.722150296,13,3.541666667
25/02/1995,15.15127,NA,NA,NA,NA,NA,NA,NA,NA,NA,NA,NA,NA,NA,NA,NA,NA,NA,NA,NA,NA,NA,0.8,4.6,-2,-59.45945897,-1.03776333,14,3.75
26/02/1995,15.15400,NA,NA,NA,NA,NA,NA,NA,NA,NA,NA,NA,NA,NA,NA,NA,NA,NA,NA,NA,NA,NA,1.4,5.9,-1.3,-109.8808026,-1.91778179,26,5.833333333
27/02/1995,15.15674,NA,NA,NA,NA,NA,NA,NA,NA,NA,NA,NA,NA,NA,NA,NA,NA,NA,NA,NA,NA,NA,11.7,9.7,1.8,-119.4605475,-2.084979881,52,21.33333333
28/02/1995,15.15948,NA,NA,NA,NA,NA,NA,NA,NA,NA,NA,NA,NA,NA,NA,NA,NA,NA,NA,NA,NA,NA,3.9,7.9,1.6,-112.0591597,-1.955801294,61,19.91666667
01/03/1995,15.16222,NA,NA,NA,NA,NA,NA,NA,NA,NA,NA,NA,NA,NA,NA,NA,NA,NA,NA,NA,NA,NA,1.7,5,-1.3,-132.113485,-2.3058153,30,11.20833333
02/03/1995,15.16496,NA,NA,NA,NA,NA,NA,NA,NA,NA,NA,NA,NA,NA,NA,NA,NA,NA,NA,NA,NA,NA,0.8,3.8,-2,-130.1644875,-2.271798876,27,8.875
03/03/1995,15.16769,NA,NA,NA,NA,NA,NA,NA,NA,NA,NA,NA,NA,NA,NA,NA,NA,NA,NA,NA,NA,NA,0,4.7,-4,-86.88888647,-1.516497152,16,4.958333333
04/03/1995,15.17043,NA,NA,NA,NA,NA,NA,NA,NA,NA,NA,NA,NA,NA,NA,NA,NA,NA,NA,NA,NA,NA,5.5,4,-0.9,159.5072714,2.783927066,43,15.04166667
05/03/1995,15.17317,NA,NA,NA,NA,NA,NA,NA,NA,NA,NA,NA,NA,NA,NA,NA,NA,NA,NA,NA,NA,NA,11.2,5.1,0.2,14.32991383,0.250104178,33,15.29166667
06/03/1995,15.17591,NA,NA,NA,NA,NA,NA,NA,NA,NA,NA,NA,NA,NA,NA,NA,NA,NA,NA,NA,NA,NA,0.8,4.8,-1.6,-98.94491287,-1.726914508,25,9.25
07/03/1995,15.17864,NA,NA,NA,NA,NA,NA,NA,NA,NA,NA,NA,NA,NA,NA,NA,NA,NA,NA,NA,NA,NA,10.6,3,-1.3,147.1300242,2.567903352,32,10.91666667
08/03/1995,15.18138,NA,NA,NA,NA,NA,NA,NA,NA,NA,NA,NA,NA,NA,NA,NA,NA,NA,NA,NA,NA,NA,6.3,5.3,0.1,-150.3252529,-2.623670611,29,15.125
09/03/1995,15.18412,NA,NA,NA,NA,NA,NA,NA,NA,NA,NA,NA,NA,NA,NA,NA,NA,NA,NA,NA,NA,NA,0,7.4,-1.2,-176.0528084,-3.072701165,31,8.833333333
10/03/1995,15.18686,NA,NA,NA,NA,NA,NA,NA,NA,NA,NA,NA,NA,NA,NA,NA,NA,NA,NA,NA,NA,NA,5.7,8,4.7,152.1935714,2.656278922,40,20.79166667
11/03/1995,15.18960,NA,NA,NA,NA,NA,NA,NA,NA,NA,NA,NA,NA,NA,NA,NA,NA,NA,NA,NA,NA,NA,3.4,8.8,2.1,-131.8760602,-2.301671455,44,16.66666667
12/03/1995,15.19233,NA,NA,NA,NA,NA,NA,NA,NA,NA,NA,NA,NA,NA,NA,NA,NA,NA,NA,NA,NA,NA,0.3,12.1,3.6,-161.6576258,-2.821457831,47,22.70833333
13/03/1995,15.19507,NA,NA,NA,NA,NA,NA,NA,NA,NA,NA,NA,NA,NA,NA,NA,NA,NA,NA,NA,NA,NA,1.9,9.8,5.8,-149.9809237,-2.617660934,48,22.95833333
14/03/1995,15.19781,NA,NA,NA,NA,NA,NA,NA,NA,NA,NA,NA,NA,NA,NA,NA,NA,NA,NA,NA,NA,NA,4.2,7.2,0.8,-134.9935642,-2.356082163,39,13.54166667
15/03/1995,15.20055,NA,NA,NA,NA,NA,NA,NA,NA,NA,NA,NA,NA,NA,NA,NA,NA,NA,NA,NA,NA,NA,2.9,4.2,-1.2,-96.73353489,-1.688318681,31,10.66666667
16/03/1995,15.20329,NA,NA,NA,NA,NA,NA,NA,NA,NA,NA,NA,NA,NA,NA,NA,NA,NA,NA,NA,NA,NA,9.5,6,-0.2,-134.0724519,-2.340005721,40,14.625
17/03/1995,15.20602,NA,NA,NA,NA,NA,NA,NA,NA,NA,NA,NA,NA,NA,NA,NA,NA,NA,NA,NA,NA,NA,6.5,3.6,-0.9,-103.3736219,-1.804210063,46,14.66666667
18/03/1995,15.20876,NA,NA,NA,NA,NA,NA,NA,NA,NA,NA,NA,NA,NA,NA,NA,NA,NA,NA,NA,NA,NA,1.8,6.8,1.3,-56.2787797,-0.982250005,40,16.83333333
19/03/1995,15.21150,NA,NA,NA,NA,NA,NA,NA,NA,NA,NA,NA,NA,NA,NA,NA,NA,NA,NA,NA,NA,NA,2.4,5.2,0.5,-50.39696528,-0.879592977,43,17.41666667
20/03/1995,15.21424,NA,NA,NA,NA,NA,NA,NA,NA,NA,NA,NA,NA,NA,NA,NA,NA,NA,NA,NA,NA,NA,0.5,5.4,0,-62.25603564,-1.086572801,35,8.875
21/03/1995,15.21697,NA,NA,NA,NA,NA,NA,NA,NA,NA,NA,NA,NA,NA,NA,NA,NA,NA,NA,NA,NA,NA,0.8,6.9,2.3,-164.7373945,-2.875209935,43,20.41666667
22/03/1995,15.21971,NA,NA,NA,NA,NA,NA,NA,NA,NA,NA,NA,NA,NA,NA,NA,NA,NA,NA,NA,NA,NA,0.9,8.4,6.4,-157.9215585,-2.756251155,39,23.54166667
23/03/1995,15.22245,NA,NA,NA,NA,NA,NA,NA,NA,NA,NA,NA,NA,NA,NA,NA,NA,NA,NA,NA,NA,NA,24,8.1,4.6,-146.6113399,-2.558850602,32,13.20833333
24/03/1995,15.22519,NA,NA,NA,NA,NA,NA,NA,NA,NA,NA,NA,NA,NA,NA,NA,NA,NA,NA,NA,NA,NA,13.4,7.2,2.4,-98.31456986,-1.715912947,40,19.20833333
25/03/1995,15.22793,NA,NA,NA,NA,NA,NA,NA,NA,NA,NA,NA,NA,NA,NA,NA,NA,NA,NA,NA,NA,NA,2.9,6.4,0.4,-98.17817756,-1.713532452,43,12.45833333
26/03/1995,15.23066,NA,NA,NA,NA,NA,NA,NA,NA,NA,NA,NA,NA,NA,NA,NA,NA,NA,NA,NA,NA,NA,1.6,5.5,0.1,-41.41062731,-0.722751792,31,13.56521739
27/03/1995,15.23340,NA,NA,NA,NA,NA,NA,NA,NA,NA,NA,NA,NA,NA,NA,NA,NA,NA,NA,NA,NA,NA,2.2,4.1,-1.2,-36.33994484,-0.634251687,39,13.125
28/03/1995,15.23614,NA,NA,NA,NA,NA,NA,NA,NA,NA,NA,NA,NA,NA,NA,NA,NA,NA,NA,NA,NA,NA,1.9,3.2,-0.9,39.30625827,0.686023623,NA,12.125
29/03/1995,15.23888,NA,NA,NA,NA,NA,NA,NA,NA,NA,NA,NA,NA,NA,NA,NA,NA,NA,NA,NA,NA,NA,0.2,4.8,-4.5,-135.0154532,-2.3564642,37,10.66666667
30/03/1995,15.24162,NA,NA,NA,NA,NA,NA,NA,NA,NA,NA,NA,NA,NA,NA,NA,NA,NA,NA,NA,NA,NA,11,10.5,4.1,-155.8198192,-2.719568885,39,20.34782609
31/03/1995,15.24435,NA,NA,NA,NA,NA,NA,NA,NA,NA,NA,NA,NA,NA,NA,NA,NA,NA,NA,NA,NA,NA,0.5,10.5,5.1,-111.7138063,-1.94977374,32,14.79166667
01/04/1995,15.24709,NA,NA,NA,NA,NA,NA,NA,NA,NA,NA,NA,NA,NA,NA,NA,NA,NA,NA,NA,NA,NA,0.1,9.4,5.1,-112.5404388,-1.964201198,26,12
02/04/1995,15.24983,NA,NA,NA,NA,NA,NA,NA,NA,NA,NA,NA,NA,NA,NA,NA,NA,NA,NA,NA,NA,NA,2.6,10.4,6.3,-119.5436717,-2.086430672,27,13.91666667
03/04/1995,15.25257,NA,NA,NA,NA,NA,NA,NA,NA,NA,NA,NA,NA,NA,NA,NA,NA,NA,NA,NA,NA,NA,6.6,9.2,2.1,-19.51727775,-0.340640758,28,8.375
04/04/1995,15.25530,NA,NA,NA,NA,NA,NA,NA,NA,NA,NA,NA,NA,NA,NA,NA,NA,NA,NA,NA,NA,NA,1.2,8.2,-0.1,179.8499531,3.138973842,25,7.75
05/04/1995,15.25804,NA,NA,NA,NA,NA,NA,NA,NA,NA,NA,NA,NA,NA,NA,NA,NA,NA,NA,NA,NA,NA,0.3,11.2,6.5,-129.1933089,-2.254848612,30,12.79166667
06/04/1995,15.26078,NA,NA,NA,NA,NA,NA,NA,NA,NA,NA,NA,NA,NA,NA,NA,NA,NA,NA,NA,NA,NA,4.7,11.8,6,-127.7208492,-2.229149341,42,13.70833333
07/04/1995,15.26352,NA,NA,NA,NA,NA,NA,NA,NA,NA,NA,NA,NA,NA,NA,NA,NA,NA,NA,NA,NA,NA,0.3,10.4,3.2,-38.13501479,-0.665581568,38,12.75
08/04/1995,15.26626,NA,NA,NA,NA,NA,NA,NA,NA,NA,NA,NA,NA,NA,NA,NA,NA,NA,NA,NA,NA,NA,0.1,8,1.7,-124.534904,-2.173544109,17,5.208333333
09/04/1995,15.26899,NA,NA,NA,NA,NA,NA,NA,NA,NA,NA,NA,NA,NA,NA,NA,NA,NA,NA,NA,NA,NA,4.4,9.9,5.7,-136.0809427,-2.375060499,18,8.083333333
10/04/1995,15.27173,NA,NA,NA,NA,NA,NA,NA,NA,NA,NA,NA,NA,NA,NA,NA,NA,NA,NA,NA,NA,NA,0.2,11.1,4.8,-141.9059484,-2.476726027,28,10.375
11/04/1995,15.27447,NA,NA,NA,NA,NA,NA,NA,NA,NA,NA,NA,NA,NA,NA,NA,NA,NA,NA,NA,NA,NA,2.1,10.9,7,-128.2919701,-2.239117282,36,17.70833333
12/04/1995,15.27721,NA,NA,NA,NA,NA,NA,NA,NA,NA,NA,NA,NA,NA,NA,NA,NA,NA,NA,NA,NA,NA,0,13.7,4.4,-130.8211145,-2.283259179,31,10.625
13/04/1995,15.27995,NA,NA,NA,NA,NA,NA,NA,NA,NA,NA,NA,NA,NA,NA,NA,NA,NA,NA,NA,NA,NA,2.1,11.8,7.6,-147.6452981,-2.576896578,20,7.083333333
14/04/1995,15.28268,NA,NA,NA,NA,NA,NA,NA,NA,NA,NA,NA,NA,NA,NA,NA,NA,NA,NA,NA,NA,NA,1.5,10.2,5.3,-119.4660304,-2.085075574,28,10.04166667
15/04/1995,15.28542,NA,NA,NA,NA,NA,NA,NA,NA,NA,NA,NA,NA,NA,NA,NA,NA,NA,NA,NA,NA,NA,1.9,8.9,5,-52.53372356,-0.916886445,29,11.70833333
16/04/1995,15.28816,NA,NA,NA,NA,NA,NA,NA,NA,NA,NA,NA,NA,NA,NA,NA,NA,NA,NA,NA,NA,NA,2.1,8.6,5.8,-60.87179384,-1.062413224,22,9.041666667
17/04/1995,15.29090,NA,NA,NA,NA,NA,NA,NA,NA,NA,NA,NA,NA,NA,NA,NA,NA,NA,NA,NA,NA,NA,2.8,7,0.5,24.25636447,0.423353425,34,11.08333333
18/04/1995,15.29363,NA,NA,NA,NA,NA,NA,NA,NA,NA,NA,NA,NA,NA,NA,NA,NA,NA,NA,NA,NA,NA,6.4,6.1,0.3,-4.656828088,-0.081276983,37,12.29166667
19/04/1995,15.29637,NA,NA,NA,NA,NA,NA,NA,NA,NA,NA,NA,NA,NA,NA,NA,NA,NA,NA,NA,NA,NA,7.2,5.9,-1.7,-30.70208069,-0.535852395,35,14.375
20/04/1995,15.29911,NA,NA,NA,NA,NA,NA,NA,NA,NA,NA,NA,NA,NA,NA,NA,NA,NA,NA,NA,NA,NA,6.5,6.6,0.4,-22.06439878,-0.385096406,31,13.95833333
21/04/1995,15.30185,NA,NA,NA,NA,NA,NA,NA,NA,NA,NA,NA,NA,NA,NA,NA,NA,NA,NA,NA,NA,NA,1.2,8.4,3,-2.101687725,-0.036681371,32,14.79166667
22/04/1995,15.30459,NA,NA,NA,NA,NA,NA,NA,NA,NA,NA,NA,NA,NA,NA,NA,NA,NA,NA,NA,NA,NA,0.3,8.2,3.9,27.80532444,0.485294461,29,12.20833333
23/04/1995,15.30732,NA,NA,NA,NA,NA,NA,NA,NA,NA,NA,NA,NA,NA,NA,NA,NA,NA,NA,NA,NA,NA,3,10.3,4.6,58.6416822,1.023490433,36,16.58333333
24/04/1995,15.31006,NA,NA,NA,NA,NA,NA,NA,NA,NA,NA,NA,NA,NA,NA,NA,NA,NA,NA,NA,NA,NA,1.5,7.2,5.8,52.82482585,0.921967138,35,14.70833333
25/04/1995,15.31280,NA,NA,NA,NA,NA,NA,NA,NA,NA,NA,NA,NA,NA,NA,NA,NA,NA,NA,NA,NA,NA,0,7.9,5.1,54.5822798,0.952640496,35,19.33333333
26/04/1995,15.31554,NA,NA,NA,NA,NA,NA,NA,NA,NA,NA,NA,NA,NA,NA,NA,NA,NA,NA,NA,NA,NA,0,7,4,52.08163063,0.908995934,29,15.45833333
27/04/1995,15.31828,NA,NA,NA,NA,NA,NA,NA,NA,NA,NA,NA,NA,NA,NA,NA,NA,NA,NA,NA,NA,NA,0,7,1.4,23.94246119,0.417874779,18,8.125
28/04/1995,15.32101,NA,NA,NA,NA,NA,NA,NA,NA,NA,NA,NA,NA,NA,NA,NA,NA,NA,NA,NA,NA,NA,0,7.2,2.3,41.21839466,0.719396699,16,7.666666667
29/04/1995,15.32375,NA,NA,NA,NA,NA,NA,NA,NA,NA,NA,NA,NA,NA,NA,NA,NA,NA,NA,NA,NA,NA,0.1,11.4,3.9,90.07374465,1.572083414,13,5.125
30/04/1995,15.32649,NA,NA,NA,NA,NA,NA,NA,NA,NA,NA,NA,NA,NA,NA,NA,NA,NA,NA,NA,NA,NA,3.2,10.6,6.3,174.3346266,3.042713234,21,9.958333333
01/05/1995,15.32923,NA,NA,NA,NA,NA,NA,NA,NA,NA,NA,NA,NA,NA,NA,NA,NA,NA,NA,NA,NA,NA,3,15.3,8.8,-177.0051381,-3.089322453,26,12.58333333
02/05/1995,15.33196,NA,NA,NA,NA,NA,NA,NA,NA,NA,NA,NA,NA,NA,NA,NA,NA,NA,NA,NA,NA,NA,2.4,11.8,8.6,-174.9809864,-3.053994341,25,11.45833333
03/05/1995,15.33470,NA,NA,NA,NA,NA,NA,NA,NA,NA,NA,NA,NA,NA,NA,NA,NA,NA,NA,NA,NA,NA,0,14.5,8.7,179.9127917,3.140070582,19,6.625
04/05/1995,15.33744,NA,NA,NA,NA,NA,NA,NA,NA,NA,NA,NA,NA,NA,NA,NA,NA,NA,NA,NA,NA,NA,0.3,15.1,8.5,-161.1728549,-2.812996983,30,11.75
05/05/1995,15.34018,NA,NA,NA,NA,NA,NA,NA,NA,NA,NA,NA,NA,NA,NA,NA,NA,NA,NA,NA,NA,NA,0,12.8,7.8,-117.1180432,-2.044095467,25,10.54166667
06/05/1995,15.34292,NA,NA,NA,NA,NA,NA,NA,NA,NA,NA,NA,NA,NA,NA,NA,NA,NA,NA,NA,NA,NA,0.3,10.5,6.8,159.1671453,2.777990747,10,3.333333333
07/05/1995,15.34565,NA,NA,NA,NA,NA,NA,NA,NA,NA,NA,NA,NA,NA,NA,NA,NA,NA,NA,NA,NA,NA,3.1,11.1,7.9,-116.1169235,-2.026622633,18,6.625
08/05/1995,15.34839,NA,NA,NA,NA,NA,NA,NA,NA,NA,NA,NA,NA,NA,NA,NA,NA,NA,NA,NA,NA,NA,1.8,9.9,6.2,-19.11693698,-0.333653493,26,13.04166667
09/05/1995,15.35113,NA,NA,NA,NA,NA,NA,NA,NA,NA,NA,NA,NA,NA,NA,NA,NA,NA,NA,NA,NA,NA,3,8,4.7,6.27410897,0.109503859,23,11.91666667
10/05/1995,15.35387,NA,NA,NA,NA,NA,NA,NA,NA,NA,NA,NA,NA,NA,NA,NA,NA,NA,NA,NA,NA,NA,0.6,7.2,4.3,38.12383055,0.665386367,26,11.83333333
11/05/1995,15.35661,NA,NA,NA,NA,NA,NA,NA,NA,NA,NA,NA,NA,NA,NA,NA,NA,NA,NA,NA,NA,NA,1.7,7.1,0.6,-6.969265084,-0.121636622,26,8.5
12/05/1995,15.35934,NA,NA,NA,NA,NA,NA,NA,NA,NA,NA,NA,NA,NA,NA,NA,NA,NA,NA,NA,NA,NA,9.8,7.5,0.2,-0.946076602,-0.016512152,34,10.91666667
13/05/1995,15.36208,NA,NA,NA,NA,NA,NA,NA,NA,NA,NA,NA,NA,NA,NA,NA,NA,NA,NA,NA,NA,NA,3.9,6.5,0,-62.39753182,-1.089042375,18,3.791666667
14/05/1995,15.36482,NA,NA,NA,NA,NA,NA,NA,NA,NA,NA,NA,NA,NA,NA,NA,NA,NA,NA,NA,NA,NA,0.9,7.8,-1.7,-44.42631196,-0.775385418,21,4.916666667
15/05/1995,15.36756,NA,NA,NA,NA,NA,NA,NA,NA,NA,NA,NA,NA,NA,NA,NA,NA,NA,NA,NA,NA,NA,7.3,7.2,-0.6,-58.53586056,-1.021643497,18,3.833333333
16/05/1995,15.37029,NA,NA,NA,NA,NA,NA,NA,NA,NA,NA,NA,NA,NA,NA,NA,NA,NA,NA,NA,NA,NA,0.3,8.4,0.4,20.17152485,0.352059524,20,8.083333333
17/05/1995,15.37303,NA,NA,NA,NA,NA,NA,NA,NA,NA,NA,NA,NA,NA,NA,NA,NA,NA,NA,NA,NA,NA,1.3,10.2,-0.2,-77.8615965,-1.35894122,21,6
18/05/1995,15.37577,NA,NA,NA,NA,NA,NA,NA,NA,NA,NA,NA,NA,NA,NA,NA,NA,NA,NA,NA,NA,NA,0,8.6,1,-1.82933023,-0.031927836,16,4.625
19/05/1995,15.37851,NA,NA,NA,NA,NA,NA,NA,NA,NA,NA,NA,NA,NA,NA,NA,NA,NA,NA,NA,NA,NA,0.5,10.6,2.9,-98.7873999,-1.724165388,29,10.79166667
20/05/1995,15.38125,NA,NA,NA,NA,NA,NA,NA,NA,NA,NA,NA,NA,NA,NA,NA,NA,NA,NA,NA,NA,NA,0,8.9,0.8,53.379368,0.931645724,16,4.791666667
21/05/1995,15.38398,NA,NA,NA,NA,NA,NA,NA,NA,NA,NA,NA,NA,NA,NA,NA,NA,NA,NA,NA,NA,NA,2.6,12.9,3.5,175.5921665,3.064661446,35,12.25
22/05/1995,15.38672,NA,NA,NA,NA,NA,NA,NA,NA,NA,NA,NA,NA,NA,NA,NA,NA,NA,NA,NA,NA,NA,5,10.1,8.2,-178.7176056,-3.119210649,30,15.58333333
23/05/1995,15.38946,NA,NA,NA,NA,NA,NA,NA,NA,NA,NA,NA,NA,NA,NA,NA,NA,NA,NA,NA,NA,NA,0.6,16.5,8.9,163.660389,2.856412644,NA,6.916666667
24/05/1995,15.39220,NA,NA,NA,NA,NA,NA,NA,NA,NA,NA,NA,NA,NA,NA,NA,NA,NA,NA,NA,NA,NA,0,17.9,8,65.1785525,1.137580343,24,6.166666667
25/05/1995,15.39493,NA,NA,NA,NA,NA,NA,NA,NA,NA,NA,NA,NA,NA,NA,NA,NA,NA,NA,NA,NA,NA,2,14.5,9,154.616801,2.698572257,27,10.83333333
26/05/1995,15.39767,NA,NA,NA,NA,NA,NA,NA,NA,NA,NA,NA,NA,NA,NA,NA,NA,NA,NA,NA,NA,NA,0,15.5,8.6,153.1476522,2.672930772,19,7.666666667
27/05/1995,15.40041,NA,NA,NA,NA,NA,NA,NA,NA,NA,NA,NA,NA,NA,NA,NA,NA,NA,NA,NA,NA,NA,2,15.2,10.5,120.0331881,2.094974344,19,5.583333333
28/05/1995,15.40315,NA,NA,NA,NA,NA,NA,NA,NA,NA,NA,NA,NA,NA,NA,NA,NA,NA,NA,NA,NA,NA,4.7,14.2,9.8,165.0638753,2.8809081,22,7.291666667
29/05/1995,15.40589,NA,NA,NA,NA,NA,NA,NA,NA,NA,NA,NA,NA,NA,NA,NA,NA,NA,NA,NA,NA,NA,1.6,14,9,151.2493953,2.63979994,15,4.666666667
30/05/1995,15.40862,NA,NA,NA,NA,NA,NA,NA,NA,NA,NA,NA,NA,NA,NA,NA,NA,NA,NA,NA,NA,NA,0.9,12,9.4,-65.91366941,-1.150410553,20,8.291666667
31/05/1995,15.41136,NA,NA,NA,NA,NA,NA,NA,NA,NA,NA,NA,NA,NA,NA,NA,NA,NA,NA,NA,NA,NA,0.2,11.8,8.2,-67.15394293,-1.17205741,14,5.041666667
01/06/1995,15.41410,NA,NA,NA,NA,NA,NA,NA,NA,NA,NA,NA,NA,NA,NA,NA,NA,NA,NA,NA,NA,NA,8.9,12,8.4,-1.785864803,-0.031169221,15,4.625
02/06/1995,15.41684,NA,NA,NA,NA,NA,NA,NA,NA,NA,NA,NA,NA,NA,NA,NA,NA,NA,NA,NA,NA,NA,0.8,11.5,7.7,-48.17661733,-0.840840595,13,4.416666667
03/06/1995,15.41958,NA,NA,NA,NA,NA,NA,NA,NA,NA,NA,NA,NA,NA,NA,NA,NA,NA,NA,NA,NA,NA,3.7,11.9,7.9,49.84677414,0.86999033,21,6.583333333
04/06/1995,15.42231,NA,NA,NA,NA,NA,NA,NA,NA,NA,NA,NA,NA,NA,NA,NA,NA,NA,NA,NA,NA,NA,0.1,13.1,8.5,-58.2859793,-1.017282247,19,7.125
05/06/1995,15.42505,NA,NA,NA,NA,NA,NA,NA,NA,NA,NA,NA,NA,NA,NA,NA,NA,NA,NA,NA,NA,NA,2,12.2,9,-128.6909738,-2.246081211,15,5.375
06/06/1995,15.42779,NA,NA,NA,NA,NA,NA,NA,NA,NA,NA,NA,NA,NA,NA,NA,NA,NA,NA,NA,NA,NA,0,12.5,8.5,-72.06162083,-1.257712548,18,7.5
07/06/1995,15.43053,NA,NA,NA,NA,NA,NA,NA,NA,NA,NA,NA,NA,NA,NA,NA,NA,NA,NA,NA,NA,NA,1.6,11,6.3,-20.40997297,-0.356221229,31,14.33333333
08/06/1995,15.43326,NA,NA,NA,NA,NA,NA,NA,NA,NA,NA,NA,NA,NA,NA,NA,NA,NA,NA,NA,NA,NA,0.4,11.3,6.4,-12.47588639,-0.217745295,31,15
09/06/1995,15.43600,NA,NA,NA,NA,NA,NA,NA,NA,NA,NA,NA,NA,NA,NA,NA,NA,NA,NA,NA,NA,NA,0,14.1,8.2,-35.01911125,-0.611198792,22,11.375
10/06/1995,15.43874,NA,NA,NA,NA,NA,NA,NA,NA,NA,NA,NA,NA,NA,NA,NA,NA,NA,NA,NA,NA,NA,0.1,12,9.2,-46.28313796,-0.807793146,29,11.95833333
11/06/1995,15.44148,NA,NA,NA,NA,NA,NA,NA,NA,NA,NA,NA,NA,NA,NA,NA,NA,NA,NA,NA,NA,NA,0,9.9,7.2,12.86291398,0.2245002,27,12.5
12/06/1995,15.44422,NA,NA,NA,NA,NA,NA,NA,NA,NA,NA,NA,NA,NA,NA,NA,NA,NA,NA,NA,NA,NA,0,12.2,2.1,34.32991664,0.599170077,NA,4.916666667
13/06/1995,15.44695,NA,NA,NA,NA,NA,NA,NA,NA,NA,NA,NA,NA,NA,NA,NA,NA,NA,NA,NA,NA,NA,0,13.3,7.5,38.9433487,0.679689657,16,7.5
14/06/1995,15.44969,NA,NA,NA,NA,NA,NA,NA,NA,NA,NA,NA,NA,NA,NA,NA,NA,NA,NA,NA,NA,NA,0.1,13,8.7,11.93485861,0.208302578,18,7.208333333
15/06/1995,15.45243,NA,NA,NA,NA,NA,NA,NA,NA,NA,NA,NA,NA,NA,NA,NA,NA,NA,NA,NA,NA,NA,0,13.9,9.3,-10.36579899,-0.180917322,22,9.333333333
16/06/1995,15.45517,NA,NA,NA,NA,NA,NA,NA,NA,NA,NA,NA,NA,NA,NA,NA,NA,NA,NA,NA,NA,NA,1.6,11.4,6.5,178.3655065,3.11306536,28,10.41666667
17/06/1995,15.45791,NA,NA,NA,NA,NA,NA,NA,NA,NA,NA,NA,NA,NA,NA,NA,NA,NA,NA,NA,NA,NA,6.4,13.3,8.5,-114.1286315,-1.991920391,31,10.375
18/06/1995,15.46064,NA,NA,NA,NA,NA,NA,NA,NA,NA,NA,NA,NA,NA,NA,NA,NA,NA,NA,NA,NA,NA,2.8,13.7,6.4,-113.5208571,-1.981312726,27,9.75
19/06/1995,15.46338,NA,NA,NA,NA,NA,NA,NA,NA,NA,NA,NA,NA,NA,NA,NA,NA,NA,NA,NA,NA,NA,1.2,15.4,9.1,-155.2405488,-2.70945871,33,14.375
20/06/1995,15.46612,NA,NA,NA,NA,NA,NA,NA,NA,NA,NA,NA,NA,NA,NA,NA,NA,NA,NA,NA,NA,NA,0.3,15.1,6.2,-130.1105361,-2.270857247,26,10.91666667
21/06/1995,15.46886,NA,NA,NA,NA,NA,NA,NA,NA,NA,NA,NA,NA,NA,NA,NA,NA,NA,NA,NA,NA,NA,0,15.9,7.5,-103.8165303,-1.811940271,27,9.416666667
22/06/1995,15.47159,NA,NA,NA,NA,NA,NA,NA,NA,NA,NA,NA,NA,NA,NA,NA,NA,NA,NA,NA,NA,NA,0,18.8,6,-148.1372888,-2.585483435,19,7.666666667
23/06/1995,15.47433,NA,NA,NA,NA,NA,NA,NA,NA,NA,NA,NA,NA,NA,NA,NA,NA,NA,NA,NA,NA,NA,0,15.3,9.4,-175.3216392,-3.059939855,10,3.708333333
24/06/1995,15.47707,NA,NA,NA,NA,NA,NA,NA,NA,NA,NA,NA,NA,NA,NA,NA,NA,NA,NA,NA,NA,NA,0,17.2,12.2,43.13942173,0.752924947,13,4.833333333
25/06/1995,15.47981,NA,NA,NA,NA,NA,NA,NA,NA,NA,NA,NA,NA,NA,NA,NA,NA,NA,NA,NA,NA,NA,0,19,9.5,34.49527501,0.602056125,NA,5.333333333
26/06/1995,15.48255,NA,NA,NA,NA,NA,NA,NA,NA,NA,NA,NA,NA,NA,NA,NA,NA,NA,NA,NA,NA,NA,0,18,12.4,47.51437931,0.829282361,14,5.541666667
27/06/1995,15.48528,NA,NA,NA,NA,NA,NA,NA,NA,NA,NA,NA,NA,NA,NA,NA,NA,NA,NA,NA,NA,NA,0,22,10.4,67.14111132,1.171833456,NA,3.125
28/06/1995,15.48802,NA,NA,NA,NA,NA,NA,NA,NA,NA,NA,NA,NA,NA,NA,NA,NA,NA,NA,NA,NA,NA,0,17.2,10.6,34.79043377,0.607207617,NA,6.5
29/06/1995,15.49076,NA,NA,NA,NA,NA,NA,NA,NA,NA,NA,NA,NA,NA,NA,NA,NA,NA,NA,NA,NA,NA,0,14.4,10.1,23.40805192,0.408547578,14,6
30/06/1995,15.49350,NA,NA,NA,NA,NA,NA,NA,NA,NA,NA,NA,NA,NA,NA,NA,NA,NA,NA,NA,NA,NA,0,13.9,10.8,17.36832972,0.303134539,23,10.08333333
01/07/1995,15.49624,NA,NA,NA,NA,NA,NA,NA,NA,NA,NA,NA,NA,NA,NA,NA,NA,NA,NA,NA,NA,NA,0,14.3,5.2,11.26631819,0.196634347,16,5.333333333
02/07/1995,15.49897,NA,NA,NA,NA,NA,NA,NA,NA,NA,NA,NA,NA,NA,NA,NA,NA,NA,NA,NA,NA,NA,2.2,12.3,9,-41.72994632,-0.72832496,23,9.666666667
03/07/1995,15.50171,NA,NA,NA,NA,NA,NA,NA,NA,NA,NA,NA,NA,NA,NA,NA,NA,NA,NA,NA,NA,NA,0,14.1,7.7,-69.21846726,-1.208090157,22,7.791666667
04/07/1995,15.50445,NA,NA,NA,NA,NA,NA,NA,NA,NA,NA,NA,NA,NA,NA,NA,NA,NA,NA,NA,NA,NA,0.1,13.2,9,24.66230285,0.430438386,18,6.541666667
05/07/1995,15.50719,NA,NA,NA,NA,NA,NA,NA,NA,NA,NA,NA,NA,NA,NA,NA,NA,NA,NA,NA,NA,NA,10.7,15.4,9.5,-140.2729592,-2.44822499,37,13.66666667
06/07/1995,15.50992,NA,NA,NA,NA,NA,NA,NA,NA,NA,NA,NA,NA,NA,NA,NA,NA,NA,NA,NA,NA,NA,0.9,15.5,10,-130.1520767,-2.271582266,29,12.875
07/07/1995,15.51266,NA,NA,NA,NA,NA,NA,NA,NA,NA,NA,NA,NA,NA,NA,NA,NA,NA,NA,NA,NA,NA,2.8,15,9.3,-119.552651,-2.08658739,32,15.16666667
08/07/1995,15.51540,NA,NA,NA,NA,NA,NA,NA,NA,NA,NA,NA,NA,NA,NA,NA,NA,NA,NA,NA,NA,NA,0.2,16,6.5,-135.0036411,-2.356258039,25,8.041666667
09/07/1995,15.51814,NA,NA,NA,NA,NA,NA,NA,NA,NA,NA,NA,NA,NA,NA,NA,NA,NA,NA,NA,NA,NA,0,18.2,10.4,104.5552554,1.824833457,10,3.666666667
10/07/1995,15.52088,NA,NA,NA,NA,NA,NA,NA,NA,NA,NA,NA,NA,NA,NA,NA,NA,NA,NA,NA,NA,NA,0,21.9,12.7,100.4915986,1.753909266,23,7.791666667
11/07/1995,15.52361,NA,NA,NA,NA,NA,NA,NA,NA,NA,NA,NA,NA,NA,NA,NA,NA,NA,NA,NA,NA,NA,0,20.9,13,87.76090975,1.53171683,26,10.125
12/07/1995,15.52635,NA,NA,NA,NA,NA,NA,NA,NA,NA,NA,NA,NA,NA,NA,NA,NA,NA,NA,NA,NA,NA,2.6,19,13.3,131.7226013,2.298993093,15,5.916666667
13/07/1995,15.52909,NA,NA,NA,NA,NA,NA,NA,NA,NA,NA,NA,NA,NA,NA,NA,NA,NA,NA,NA,NA,NA,0,20.4,10.1,74.59287151,1.301891206,NA,5.958333333
14/07/1995,15.53183,NA,NA,NA,NA,NA,NA,NA,NA,NA,NA,NA,NA,NA,NA,NA,NA,NA,NA,NA,NA,NA,0,15.7,12,43.75655595,0.763695971,22,11.95833333
15/07/1995,15.53457,NA,NA,NA,NA,NA,NA,NA,NA,NA,NA,NA,NA,NA,NA,NA,NA,NA,NA,NA,NA,NA,8.8,13.6,10.9,-86.13758586,-1.503384483,18,8.333333333
16/07/1995,15.53730,NA,NA,NA,NA,NA,NA,NA,NA,NA,NA,NA,NA,NA,NA,NA,NA,NA,NA,NA,NA,NA,0.2,14.5,8.8,-100.7906363,-1.759128459,24,7.958333333
17/07/1995,15.54004,NA,NA,NA,NA,NA,NA,NA,NA,NA,NA,NA,NA,NA,NA,NA,NA,NA,NA,NA,NA,NA,2.2,15.1,9.5,10.32342003,0.18017767,NA,5.333333333
18/07/1995,15.54278,NA,NA,NA,NA,NA,NA,NA,NA,NA,NA,NA,NA,NA,NA,NA,NA,NA,NA,NA,NA,NA,0,15,4.7,62.60179609,1.09260746,17,6
19/07/1995,15.54552,NA,NA,NA,NA,NA,NA,NA,NA,NA,NA,NA,NA,NA,NA,NA,NA,NA,NA,NA,NA,NA,8,16.6,12.9,-161.7542864,-2.823144877,26,11.58333333
20/07/1995,15.54825,NA,NA,NA,NA,NA,NA,NA,NA,NA,NA,NA,NA,NA,NA,NA,NA,NA,NA,NA,NA,NA,0.2,17.8,12.1,-131.4957636,-2.295034027,28,13.45833333
21/07/1995,15.55099,NA,NA,NA,NA,NA,NA,NA,NA,NA,NA,NA,NA,NA,NA,NA,NA,NA,NA,NA,NA,NA,3.8,13.6,10.2,-102.4670435,-1.788387285,28,11.33333333
22/07/1995,15.55373,NA,NA,NA,NA,NA,NA,NA,NA,NA,NA,NA,NA,NA,NA,NA,NA,NA,NA,NA,NA,NA,0.4,16,9.4,-101.1271969,-1.765002549,24,11.58333333
23/07/1995,15.55647,NA,NA,NA,NA,NA,NA,NA,NA,NA,NA,NA,NA,NA,NA,NA,NA,NA,NA,NA,NA,NA,2.6,16.7,11.1,-128.730574,-2.246772364,41,18.20833333
24/07/1995,15.55921,NA,NA,NA,NA,NA,NA,NA,NA,NA,NA,NA,NA,NA,NA,NA,NA,NA,NA,NA,NA,NA,0.4,15.1,10.3,-179.7059087,-3.136459792,17,5.625
25/07/1995,15.56194,NA,NA,NA,NA,NA,NA,NA,NA,NA,NA,NA,NA,NA,NA,NA,NA,NA,NA,NA,NA,NA,0,20.6,12,167.2435676,2.918950907,23,6.625
26/07/1995,15.56468,NA,NA,NA,NA,NA,NA,NA,NA,NA,NA,NA,NA,NA,NA,NA,NA,NA,NA,NA,NA,NA,0,23.6,12.4,92.61009683,1.61635111,14,3.166666667
27/07/1995,15.56742,NA,NA,NA,NA,NA,NA,NA,NA,NA,NA,NA,NA,NA,NA,NA,NA,NA,NA,NA,NA,NA,0,20.2,12.1,172.2870495,3.006976272,NA,3.5
28/07/1995,15.57016,NA,NA,NA,NA,NA,NA,NA,NA,NA,NA,NA,NA,NA,NA,NA,NA,NA,NA,NA,NA,NA,5.2,18.2,11.7,171.3938781,2.991387491,NA,3.375
29/07/1995,15.57290,NA,NA,NA,NA,NA,NA,NA,NA,NA,NA,NA,NA,NA,NA,NA,NA,NA,NA,NA,NA,NA,5.7,20.3,14.6,-166.8862342,-2.912714264,21,7
30/07/1995,15.57563,NA,NA,NA,NA,NA,NA,NA,NA,NA,NA,NA,NA,NA,NA,NA,NA,NA,NA,NA,NA,NA,0,22.2,12.2,174.520165,3.04595149,NA,4.958333333
31/07/1995,15.57837,NA,NA,NA,NA,NA,NA,NA,NA,NA,NA,NA,NA,NA,NA,NA,NA,NA,NA,NA,NA,NA,0,23.7,13.1,48.86981083,0.852939104,NA,2.625
01/08/1995,15.58111,NA,NA,NA,NA,NA,NA,NA,NA,NA,NA,NA,NA,NA,NA,NA,NA,NA,NA,NA,NA,NA,0,20.6,14,30.96652827,0.540467876,20,5.208333333
02/08/1995,15.58385,NA,NA,NA,NA,NA,NA,NA,NA,NA,NA,NA,NA,NA,NA,NA,NA,NA,NA,NA,NA,NA,0,16.4,12.3,6.230818587,0.108748299,15,8.125
03/08/1995,15.58658,NA,NA,NA,NA,NA,NA,NA,NA,NA,NA,NA,NA,NA,NA,NA,NA,NA,NA,NA,NA,NA,0,15.8,8.1,10.97793821,0.191601167,NA,6.75
04/08/1995,15.58932,NA,NA,NA,NA,NA,NA,NA,NA,NA,NA,NA,NA,NA,NA,NA,NA,NA,NA,NA,NA,NA,0,16.1,9,29.24757779,0.510466531,18,6.666666667
05/08/1995,15.59206,NA,NA,NA,NA,NA,NA,NA,NA,NA,NA,NA,NA,NA,NA,NA,NA,NA,NA,NA,NA,NA,0,15.7,10.4,10.26777515,0.179206483,12,3.875
06/08/1995,15.59480,NA,NA,NA,NA,NA,NA,NA,NA,NA,NA,NA,NA,NA,NA,NA,NA,NA,NA,NA,NA,NA,0.5,16.8,12,-7.098403139,-0.123890506,14,4.083333333
07/08/1995,15.59754,NA,NA,NA,NA,NA,NA,NA,NA,NA,NA,NA,NA,NA,NA,NA,NA,NA,NA,NA,NA,NA,0,16.2,8.7,28.25117292,0.493075985,NA,4.625
08/08/1995,15.60027,NA,NA,NA,NA,NA,NA,NA,NA,NA,NA,NA,NA,NA,NA,NA,NA,NA,NA,NA,NA,NA,0,16.2,6.1,-105.6638126,-1.844181431,NA,3.375
09/08/1995,15.60301,NA,NA,NA,NA,NA,NA,NA,NA,NA,NA,NA,NA,NA,NA,NA,NA,NA,NA,NA,NA,NA,0,21,7,-142.2041607,-2.481930815,NA,7.791666667
10/08/1995,15.60575,NA,NA,NA,NA,NA,NA,NA,NA,NA,NA,NA,NA,NA,NA,NA,NA,NA,NA,NA,NA,NA,0,20.8,12.4,171.8864707,2.999984853,NA,5.666666667
11/08/1995,15.60849,NA,NA,NA,NA,NA,NA,NA,NA,NA,NA,NA,NA,NA,NA,NA,NA,NA,NA,NA,NA,NA,1.1,22.6,15.2,173.6683347,3.031084248,24,7.416666667
12/08/1995,15.61123,NA,NA,NA,NA,NA,NA,NA,NA,NA,NA,NA,NA,NA,NA,NA,NA,NA,NA,NA,NA,NA,4,16.2,13.3,-155.6997949,-2.717474066,27,9.625
13/08/1995,15.61396,NA,NA,NA,NA,NA,NA,NA,NA,NA,NA,NA,NA,NA,NA,NA,NA,NA,NA,NA,NA,NA,1.8,16.9,11.7,-116.4562122,-2.032544338,23,8.666666667
14/08/1995,15.61670,NA,NA,NA,NA,NA,NA,NA,NA,NA,NA,NA,NA,NA,NA,NA,NA,NA,NA,NA,NA,NA,0,20,13.5,-137.0723442,-2.39236372,24,12.16666667
15/08/1995,15.61944,NA,NA,NA,NA,NA,NA,NA,NA,NA,NA,NA,NA,NA,NA,NA,NA,NA,NA,NA,NA,NA,0,17.2,14.1,-154.1794992,-2.690939901,28,12.625
16/08/1995,15.62218,NA,NA,NA,NA,NA,NA,NA,NA,NA,NA,NA,NA,NA,NA,NA,NA,NA,NA,NA,NA,NA,0,19.9,13.9,-163.7358741,-2.857730107,26,11.95833333
17/08/1995,15.62491,NA,NA,NA,NA,NA,NA,NA,NA,NA,NA,NA,NA,NA,NA,NA,NA,NA,NA,NA,NA,NA,0,21.6,14,-178.2945886,-3.11182761,NA,5.75
18/08/1995,15.62765,NA,NA,NA,NA,NA,NA,NA,NA,NA,NA,NA,NA,NA,NA,NA,NA,NA,NA,NA,NA,NA,0,19.1,10.5,27.29519841,0.476391082,NA,4.25
19/08/1995,15.63039,NA,NA,NA,NA,NA,NA,NA,NA,NA,NA,NA,NA,NA,NA,NA,NA,NA,NA,NA,NA,NA,0,22,12.8,65.54500417,1.143976131,NA,2.375
20/08/1995,15.63313,NA,NA,NA,NA,NA,NA,NA,NA,NA,NA,NA,NA,NA,NA,NA,NA,NA,NA,NA,NA,NA,0,21.6,12.2,-136.8512437,-2.388504788,NA,4.875
21/08/1995,15.63587,NA,NA,NA,NA,NA,NA,NA,NA,NA,NA,NA,NA,NA,NA,NA,NA,NA,NA,NA,NA,NA,0.2,17.8,14.7,-153.8541524,-2.685261527,NA,9.291666667
22/08/1995,15.63860,NA,NA,NA,NA,NA,NA,NA,NA,NA,NA,NA,NA,NA,NA,NA,NA,NA,NA,NA,NA,NA,0,19.7,10.9,-122.7987954,-2.143243297,19,6.25
23/08/1995,15.64134,NA,NA,NA,NA,NA,NA,NA,NA,NA,NA,NA,NA,NA,NA,NA,NA,NA,NA,NA,NA,NA,3,16.2,11.4,-109.9290788,-1.918624368,25,9.333333333
24/08/1995,15.64408,NA,NA,NA,NA,NA,NA,NA,NA,NA,NA,NA,NA,NA,NA,NA,NA,NA,NA,NA,NA,NA,7.2,17.4,11.1,-142.6203037,-2.489193879,33,13.54166667
25/08/1995,15.64682,NA,NA,NA,NA,NA,NA,NA,NA,NA,NA,NA,NA,NA,NA,NA,NA,NA,NA,NA,NA,NA,2.4,15.2,10.2,-38.15454715,-0.665922472,30,9.583333333
26/08/1995,15.64956,NA,NA,NA,NA,NA,NA,NA,NA,NA,NA,NA,NA,NA,NA,NA,NA,NA,NA,NA,NA,NA,2.1,17,9.6,-96.84036207,-1.690183167,NA,6.916666667
27/08/1995,15.65229,NA,NA,NA,NA,NA,NA,NA,NA,NA,NA,NA,NA,NA,NA,NA,NA,NA,NA,NA,NA,NA,5.5,15.4,9.4,-31.31283474,-0.546512064,37,12.5
28/08/1995,15.65503,NA,NA,NA,NA,NA,NA,NA,NA,NA,NA,NA,NA,NA,NA,NA,NA,NA,NA,NA,NA,NA,2.5,13.9,8.8,-68.08530081,-1.188312671,18,5.916666667
29/08/1995,15.65777,NA,NA,NA,NA,NA,NA,NA,NA,NA,NA,NA,NA,NA,NA,NA,NA,NA,NA,NA,NA,NA,1.5,15.4,11,-44.14392344,-0.770456809,18,7.75
30/08/1995,15.66051,NA,NA,NA,NA,NA,NA,NA,NA,NA,NA,NA,NA,NA,NA,NA,NA,NA,NA,NA,NA,NA,0,17.1,13.1,-93.34893452,-1.629246261,20,7.958333333
31/08/1995,15.66324,NA,NA,NA,NA,NA,NA,NA,NA,NA,NA,NA,NA,NA,NA,NA,NA,NA,NA,NA,NA,NA,0.4,17.5,12.4,-160.8774375,-2.807840977,18,7.291666667
01/09/1995,15.66598,NA,NA,NA,NA,NA,NA,NA,NA,NA,NA,NA,NA,NA,NA,NA,NA,NA,NA,NA,NA,NA,1.1,15.2,11.1,-97.27252415,-1.697725818,20,8.458333333
02/09/1995,15.66872,NA,NA,NA,NA,NA,NA,NA,NA,NA,NA,NA,NA,NA,NA,NA,NA,NA,NA,NA,NA,NA,0.2,13.7,8.8,2.323104995,0.040545831,26,7.333333333
03/09/1995,15.67146,NA,NA,NA,NA,NA,NA,NA,NA,NA,NA,NA,NA,NA,NA,NA,NA,NA,NA,NA,NA,NA,1,15,10.5,29.48724623,0.514649534,26,13.95833333
04/09/1995,15.67420,NA,NA,NA,NA,NA,NA,NA,NA,NA,NA,NA,NA,NA,NA,NA,NA,NA,NA,NA,NA,NA,0,13.7,10.6,17.03263237,0.297275515,26,11.16666667
05/09/1995,15.67693,NA,NA,NA,NA,NA,NA,NA,NA,NA,NA,NA,NA,NA,NA,NA,NA,NA,NA,NA,NA,NA,0.7,12.1,10.4,-5.832211459,-0.101791293,24,11.58333333
06/09/1995,15.67967,NA,NA,NA,NA,NA,NA,NA,NA,NA,NA,NA,NA,NA,NA,NA,NA,NA,NA,NA,NA,NA,0.2,14.3,10.9,30.29215096,0.528697772,15,6.25
07/09/1995,15.68241,NA,NA,NA,NA,NA,NA,NA,NA,NA,NA,NA,NA,NA,NA,NA,NA,NA,NA,NA,NA,NA,2.1,15.5,11.9,58.03121216,1.012835721,21,8.708333333
08/09/1995,15.68515,NA,NA,NA,NA,NA,NA,NA,NA,NA,NA,NA,NA,NA,NA,NA,NA,NA,NA,NA,NA,NA,13.2,15.2,12.1,108.6529459,1.896351647,27,10.33333333
09/09/1995,15.68789,NA,NA,NA,NA,NA,NA,NA,NA,NA,NA,NA,NA,NA,NA,NA,NA,NA,NA,NA,NA,NA,0,16.3,12.3,177.2429996,3.093473919,NA,6.916666667
10/09/1995,15.69062,NA,NA,NA,NA,NA,NA,NA,NA,NA,NA,NA,NA,NA,NA,NA,NA,NA,NA,NA,NA,NA,2.8,15.7,10.3,131.1376662,2.288784048,NA,2.5
11/09/1995,15.69336,NA,NA,NA,NA,NA,NA,NA,NA,NA,NA,NA,NA,NA,NA,NA,NA,NA,NA,NA,NA,NA,5.1,14.1,8.7,25.09673599,0.438020674,NA,4.583333333
12/09/1995,15.69610,NA,NA,NA,NA,NA,NA,NA,NA,NA,NA,NA,NA,NA,NA,NA,NA,NA,NA,NA,NA,NA,13.1,14.5,11.6,34.67923617,0.605266853,29,12.70833333
13/09/1995,15.69884,NA,NA,NA,NA,NA,NA,NA,NA,NA,NA,NA,NA,NA,NA,NA,NA,NA,NA,NA,NA,NA,0.2,18.1,11.7,138.536045,2.417910118,14,3.583333333
14/09/1995,15.70157,NA,NA,NA,NA,NA,NA,NA,NA,NA,NA,NA,NA,NA,NA,NA,NA,NA,NA,NA,NA,NA,0,15.8,11.8,61.38172623,1.071313223,14,4.291666667
15/09/1995,15.70431,NA,NA,NA,NA,NA,NA,NA,NA,NA,NA,NA,NA,NA,NA,NA,NA,NA,NA,NA,NA,NA,0,15,7.4,-71.90271823,-1.254939174,NA,3.541666667
16/09/1995,15.70705,NA,NA,NA,NA,NA,NA,NA,NA,NA,NA,NA,NA,NA,NA,NA,NA,NA,NA,NA,NA,NA,0.8,14.9,8.4,-21.66231529,-0.378078725,15,4.375
17/09/1995,15.70979,NA,NA,NA,NA,NA,NA,NA,NA,NA,NA,NA,NA,NA,NA,NA,NA,NA,NA,NA,NA,NA,0,13,10.4,25.51832945,0.445378868,NA,2.875
18/09/1995,15.71253,NA,NA,NA,NA,NA,NA,NA,NA,NA,NA,NA,NA,NA,NA,NA,NA,NA,NA,NA,NA,NA,0.1,15.3,8.4,-32.76860832,-0.571920106,NA,2.791666667
19/09/1995,15.71526,NA,NA,NA,NA,NA,NA,NA,NA,NA,NA,NA,NA,NA,NA,NA,NA,NA,NA,NA,NA,NA,0,13.2,6.9,5.14067164,0.089721646,NA,5.75
20/09/1995,15.71800,NA,NA,NA,NA,NA,NA,NA,NA,NA,NA,NA,NA,NA,NA,NA,NA,NA,NA,NA,NA,NA,0.2,15.1,5.9,-115.850405,-2.021971007,NA,4.75
21/09/1995,15.72074,NA,NA,NA,NA,NA,NA,NA,NA,NA,NA,NA,NA,NA,NA,NA,NA,NA,NA,NA,NA,NA,3.6,16.5,8.6,-127.1638431,-2.219427752,27,8.458333333
22/09/1995,15.72348,NA,NA,NA,NA,NA,NA,NA,NA,NA,NA,NA,NA,NA,NA,NA,NA,NA,NA,NA,NA,NA,5.3,15,8.5,-113.3898336,-1.979025935,32,11.5
23/09/1995,15.72621,NA,NA,NA,NA,NA,NA,NA,NA,NA,NA,NA,NA,NA,NA,NA,NA,NA,NA,NA,NA,NA,21.5,14.6,8.9,-126.1700702,-2.202083142,43,12.45833333
24/09/1995,15.72895,NA,NA,NA,NA,NA,NA,NA,NA,NA,NA,NA,NA,NA,NA,NA,NA,NA,NA,NA,NA,NA,8.6,11.5,5.5,-75.64870577,-1.320318991,NA,9.083333333
25/09/1995,15.73169,NA,NA,NA,NA,NA,NA,NA,NA,NA,NA,NA,NA,NA,NA,NA,NA,NA,NA,NA,NA,NA,18.1,14.6,5.6,-110.3758297,-1.926421643,45,23.58333333
26/09/1995,15.73443,NA,NA,NA,NA,NA,NA,NA,NA,NA,NA,NA,NA,NA,NA,NA,NA,NA,NA,NA,NA,NA,5.4,11.8,6.8,-98.49730099,-1.719102207,40,15.79166667
27/09/1995,15.73717,NA,NA,NA,NA,NA,NA,NA,NA,NA,NA,NA,NA,NA,NA,NA,NA,NA,NA,NA,NA,NA,5.4,10.5,3.1,-57.37466265,-1.00137677,49,12.25
28/09/1995,15.73990,NA,NA,NA,NA,NA,NA,NA,NA,NA,NA,NA,NA,NA,NA,NA,NA,NA,NA,NA,NA,NA,2.5,10.5,2.2,-82.22218119,-1.43504778,37,10.66666667
29/09/1995,15.74264,NA,NA,NA,NA,NA,NA,NA,NA,NA,NA,NA,NA,NA,NA,NA,NA,NA,NA,NA,NA,NA,0.6,11.4,4.5,-99.14886377,-1.730474122,NA,3.166666667
30/09/1995,15.74538,NA,NA,NA,NA,NA,NA,NA,NA,NA,NA,NA,NA,NA,NA,NA,NA,NA,NA,NA,NA,NA,13.2,11,1.9,145.0348585,2.531335811,NA,10.625
01/10/1995,15.74812,NA,NA,NA,NA,NA,NA,NA,NA,NA,NA,NA,NA,NA,NA,NA,NA,NA,NA,NA,NA,NA,8.8,13.1,8.3,-145.2639518,-2.535334243,40,14.125
02/10/1995,15.75086,NA,NA,NA,NA,NA,NA,NA,NA,NA,NA,NA,NA,NA,NA,NA,NA,NA,NA,NA,NA,NA,7.9,14.9,9,-157.5015976,-2.748921456,34,14.58333333
03/10/1995,15.75359,NA,NA,NA,NA,NA,NA,NA,NA,NA,NA,NA,NA,NA,NA,NA,NA,NA,NA,NA,NA,NA,0.6,14.5,8,-173.6951238,-3.031551806,22,7.083333333
04/10/1995,15.75633,NA,NA,NA,NA,NA,NA,NA,NA,NA,NA,NA,NA,NA,NA,NA,NA,NA,NA,NA,NA,NA,8.6,14.8,9,143.1276414,2.498048593,32,12.125
05/10/1995,15.75907,NA,NA,NA,NA,NA,NA,NA,NA,NA,NA,NA,NA,NA,NA,NA,NA,NA,NA,NA,NA,NA,2.5,12.4,9,-133.7676302,-2.33468558,36,11.25
06/10/1995,15.76181,NA,NA,NA,NA,NA,NA,NA,NA,NA,NA,NA,NA,NA,NA,NA,NA,NA,NA,NA,NA,NA,8.2,15,10,-175.4991202,-3.063037482,41,15.16666667
07/10/1995,15.76454,NA,NA,NA,NA,NA,NA,NA,NA,NA,NA,NA,NA,NA,NA,NA,NA,NA,NA,NA,NA,NA,0.1,13.9,5.8,-153.9522839,-2.686974245,21,6.833333333
08/10/1995,15.76728,NA,NA,NA,NA,NA,NA,NA,NA,NA,NA,NA,NA,NA,NA,NA,NA,NA,NA,NA,NA,NA,10.5,17,10.5,-162.440283,-2.835117776,54,26.625
09/10/1995,15.77002,NA,NA,NA,NA,NA,NA,NA,NA,NA,NA,NA,NA,NA,NA,NA,NA,NA,NA,NA,NA,NA,1.1,15.6,9.9,-152.2212079,-2.656761269,44,13.25
10/10/1995,15.77276,NA,NA,NA,NA,NA,NA,NA,NA,NA,NA,NA,NA,NA,NA,NA,NA,NA,NA,NA,NA,NA,0.6,12.6,8.2,-149.880021,-2.61589985,51,19.08333333
11/10/1995,15.77550,NA,NA,NA,NA,NA,NA,NA,NA,NA,NA,NA,NA,NA,NA,NA,NA,NA,NA,NA,NA,NA,4.3,14,8.6,178.7413325,3.119624761,47,18.70833333
12/10/1995,15.77823,NA,NA,NA,NA,NA,NA,NA,NA,NA,NA,NA,NA,NA,NA,NA,NA,NA,NA,NA,NA,NA,0.9,14.2,6.5,-85.4548885,-1.491469166,NA,8.125
13/10/1995,15.78097,NA,NA,NA,NA,NA,NA,NA,NA,NA,NA,NA,NA,NA,NA,NA,NA,NA,NA,NA,NA,NA,7.4,13.4,5.1,110.3000948,1.92509982,18,7.291666667
14/10/1995,15.78371,NA,NA,NA,NA,NA,NA,NA,NA,NA,NA,NA,NA,NA,NA,NA,NA,NA,NA,NA,NA,NA,1.4,17.1,11.5,163.3582303,2.851138979,24,7.041666667
15/10/1995,15.78645,NA,NA,NA,NA,NA,NA,NA,NA,NA,NA,NA,NA,NA,NA,NA,NA,NA,NA,NA,NA,NA,0,14.8,8.7,-141.5378407,-2.470301336,25,9.166666667
16/10/1995,15.78919,NA,NA,NA,NA,NA,NA,NA,NA,NA,NA,NA,NA,NA,NA,NA,NA,NA,NA,NA,NA,NA,10.3,14.9,9.1,-176.2657329,-3.076417397,39,17.75
17/10/1995,15.79192,NA,NA,NA,NA,NA,NA,NA,NA,NA,NA,NA,NA,NA,NA,NA,NA,NA,NA,NA,NA,NA,13.6,14.6,7.1,-119.1337715,-2.079276562,35,16.29166667
18/10/1995,15.79466,NA,NA,NA,NA,NA,NA,NA,NA,NA,NA,NA,NA,NA,NA,NA,NA,NA,NA,NA,NA,NA,7.7,13.4,8.4,-127.9419813,-2.233008826,47,19.41666667
19/10/1995,15.79740,NA,NA,NA,NA,NA,NA,NA,NA,NA,NA,NA,NA,NA,NA,NA,NA,NA,NA,NA,NA,NA,0.1,11.9,7,-91.19872002,-1.591717938,41,14.16666667
20/10/1995,15.80014,NA,NA,NA,NA,NA,NA,NA,NA,NA,NA,NA,NA,NA,NA,NA,NA,NA,NA,NA,NA,NA,0.1,10,4.1,-74.90916698,-1.307411604,25,5.875
21/10/1995,15.80287,NA,NA,NA,NA,NA,NA,NA,NA,NA,NA,NA,NA,NA,NA,NA,NA,NA,NA,NA,NA,NA,3.1,11.2,4.7,-153.7952517,-2.684233516,45,15.16666667
22/10/1995,15.80561,NA,NA,NA,NA,NA,NA,NA,NA,NA,NA,NA,NA,NA,NA,NA,NA,NA,NA,NA,NA,NA,3,11.6,6.1,-132.5045723,-2.312641061,37,10.33333333
23/10/1995,15.80835,NA,NA,NA,NA,NA,NA,NA,NA,NA,NA,NA,NA,NA,NA,NA,NA,NA,NA,NA,NA,NA,10.4,15.1,6.7,170.3397337,2.9729892,42,11.95833333
24/10/1995,15.81109,NA,NA,NA,NA,NA,NA,NA,NA,NA,NA,NA,NA,NA,NA,NA,NA,NA,NA,NA,NA,NA,14.5,14.9,10.3,144.2373435,2.517416549,42,12.20833333
25/10/1995,15.81383,NA,NA,NA,NA,NA,NA,NA,NA,NA,NA,NA,NA,NA,NA,NA,NA,NA,NA,NA,NA,NA,26.6,13.2,4.5,-147.846304,-2.580404791,68,21.95833333
26/10/1995,15.81656,NA,NA,NA,NA,NA,NA,NA,NA,NA,NA,NA,NA,NA,NA,NA,NA,NA,NA,NA,NA,NA,2,11.7,6.8,-147.0692241,-2.566842189,36,10.83333333
27/10/1995,15.81930,NA,NA,NA,NA,NA,NA,NA,NA,NA,NA,NA,NA,NA,NA,NA,NA,NA,NA,NA,NA,NA,2.5,9,5,-116.6881265,-2.036592005,30,9.625
28/10/1995,15.82204,NA,NA,NA,NA,NA,NA,NA,NA,NA,NA,NA,NA,NA,NA,NA,NA,NA,NA,NA,NA,NA,0.2,10.3,2.8,-123.7762075,-2.160302357,19,4.25
29/10/1995,15.82478,NA,NA,NA,NA,NA,NA,NA,NA,NA,NA,NA,NA,NA,NA,NA,NA,NA,NA,NA,NA,NA,1.9,10.7,8.1,-171.031211,-2.985057755,31,12.20833333
30/10/1995,15.82752,NA,NA,NA,NA,NA,NA,NA,NA,NA,NA,NA,NA,NA,NA,NA,NA,NA,NA,NA,NA,NA,37.9,11,6.3,68.54551054,1.196344846,NA,5.666666667
31/10/1995,15.83025,NA,NA,NA,NA,NA,NA,NA,NA,NA,NA,NA,NA,NA,NA,NA,NA,NA,NA,NA,NA,NA,0.5,10.7,4.6,-10.06830574,-0.175725085,NA,5
01/11/1995,15.83299,NA,NA,NA,NA,NA,NA,NA,NA,NA,NA,NA,NA,NA,NA,NA,NA,NA,NA,NA,NA,NA,0.3,10.5,4.3,-45.10576916,-0.787244184,19,6.041666667
02/11/1995,15.83573,NA,NA,NA,NA,NA,NA,NA,NA,NA,NA,NA,NA,NA,NA,NA,NA,NA,NA,NA,NA,NA,0.2,9.8,1.9,-58.07936153,-1.013676086,NA,5.125
03/11/1995,15.83847,NA,NA,NA,NA,NA,NA,NA,NA,NA,NA,NA,NA,NA,NA,NA,NA,NA,NA,NA,NA,NA,0,8.8,6.1,85.80963992,1.497660747,21,9.125
04/11/1995,15.84120,NA,NA,NA,NA,NA,NA,NA,NA,NA,NA,NA,NA,NA,NA,NA,NA,NA,NA,NA,NA,NA,0,11,6.7,-177.0844219,-3.090706216,33,16.41666667
05/11/1995,15.84394,NA,NA,NA,NA,NA,NA,NA,NA,NA,NA,NA,NA,NA,NA,NA,NA,NA,NA,NA,NA,NA,0,12.4,10.2,-162.5079641,-2.836299034,39,18.5
06/11/1995,15.84668,NA,NA,NA,NA,NA,NA,NA,NA,NA,NA,NA,NA,NA,NA,NA,NA,NA,NA,NA,NA,NA,1.5,12,9.4,-160,-2.792526803,30,13.41666667
07/11/1995,15.84942,NA,NA,NA,NA,NA,NA,NA,NA,NA,NA,NA,NA,NA,NA,NA,NA,NA,NA,NA,NA,NA,1.9,12.5,10.1,-142.4071904,-2.48547435,20,7.875
08/11/1995,15.85216,NA,NA,NA,NA,NA,NA,NA,NA,NA,NA,NA,NA,NA,NA,NA,NA,NA,NA,NA,NA,NA,1.7,12.1,2.4,-95.72129803,-1.670651815,20,6.125
09/11/1995,15.85489,NA,NA,NA,NA,NA,NA,NA,NA,NA,NA,NA,NA,NA,NA,NA,NA,NA,NA,NA,NA,NA,2.5,8.7,2.7,-153.6890264,-2.682379535,19,5.041666667
10/11/1995,15.85763,NA,NA,NA,NA,NA,NA,NA,NA,NA,NA,NA,NA,NA,NA,NA,NA,NA,NA,NA,NA,NA,1,9.8,4,49.82968593,0.869692085,17,6.25
11/11/1995,15.86037,NA,NA,NA,NA,NA,NA,NA,NA,NA,NA,NA,NA,NA,NA,NA,NA,NA,NA,NA,NA,NA,0,10.3,1.7,59.15531941,1.032455094,NA,11.79166667
12/11/1995,15.86311,NA,NA,NA,NA,NA,NA,NA,NA,NA,NA,NA,NA,NA,NA,NA,NA,NA,NA,NA,NA,NA,4.9,11.2,9.2,96.23548498,1.67962607,38,15.875
13/11/1995,15.86585,NA,NA,NA,NA,NA,NA,NA,NA,NA,NA,NA,NA,NA,NA,NA,NA,NA,NA,NA,NA,NA,0,13.4,8.4,131.8056405,2.3004424,NA,4.25
14/11/1995,15.86858,NA,NA,NA,NA,NA,NA,NA,NA,NA,NA,NA,NA,NA,NA,NA,NA,NA,NA,NA,NA,NA,2.2,10.8,5.8,-64.10530521,-1.118848644,NA,7.75
15/11/1995,15.87132,NA,NA,NA,NA,NA,NA,NA,NA,NA,NA,NA,NA,NA,NA,NA,NA,NA,NA,NA,NA,NA,7.1,7.1,4,41.277817,0.720433815,45,25.04166667
16/11/1995,15.87406,NA,NA,NA,NA,NA,NA,NA,NA,NA,NA,NA,NA,NA,NA,NA,NA,NA,NA,NA,NA,NA,3.7,6.3,1.2,7.89240655,0.13774848,38,16.33333333
17/11/1995,15.87680,NA,NA,NA,NA,NA,NA,NA,NA,NA,NA,NA,NA,NA,NA,NA,NA,NA,NA,NA,NA,NA,3.1,6.4,0.2,-2.614254448,-0.045627348,36,10.70833333
18/11/1995,15.87953,NA,NA,NA,NA,NA,NA,NA,NA,NA,NA,NA,NA,NA,NA,NA,NA,NA,NA,NA,NA,NA,2.9,7.2,0.1,-65.03876337,-1.135140562,27,7.291666667
19/11/1995,15.88227,NA,NA,NA,NA,NA,NA,NA,NA,NA,NA,NA,NA,NA,NA,NA,NA,NA,NA,NA,NA,NA,2.4,8.2,4.1,-64.32407584,-1.122666912,21,6.916666667
20/11/1995,15.88501,NA,NA,NA,NA,NA,NA,NA,NA,NA,NA,NA,NA,NA,NA,NA,NA,NA,NA,NA,NA,NA,2.6,11.1,3.2,-178.5687347,-3.116612362,NA,9.416666667
21/11/1995,15.88775,NA,NA,NA,NA,NA,NA,NA,NA,NA,NA,NA,NA,NA,NA,NA,NA,NA,NA,NA,NA,NA,10.6,12.4,9.9,-169.1764228,-2.952685595,36,17.625
22/11/1995,15.89049,NA,NA,NA,NA,NA,NA,NA,NA,NA,NA,NA,NA,NA,NA,NA,NA,NA,NA,NA,NA,NA,12.3,11.9,4.5,-126.5151113,-2.208105246,36,12.29166667
23/11/1995,15.89322,NA,NA,NA,NA,NA,NA,NA,NA,NA,NA,NA,NA,NA,NA,NA,NA,NA,NA,NA,NA,NA,31.6,12.7,6.6,-118.9599754,-2.076243249,39,13.58333333
24/11/1995,15.89596,NA,NA,NA,NA,NA,NA,NA,NA,NA,NA,NA,NA,NA,NA,NA,NA,NA,NA,NA,NA,NA,10.5,11.9,5.8,-23.92233951,-0.417523589,27,10.95833333
25/11/1995,15.89870,NA,NA,NA,NA,NA,NA,NA,NA,NA,NA,NA,NA,NA,NA,NA,NA,NA,NA,NA,NA,NA,0.7,9.8,1.5,-39.60170771,-0.691180189,NA,6.5
26/11/1995,15.90144,NA,NA,NA,NA,NA,NA,NA,NA,NA,NA,NA,NA,NA,NA,NA,NA,NA,NA,NA,NA,NA,7,10.1,1,57.51488848,1.003824173,NA,6.458333333
27/11/1995,15.90418,NA,NA,NA,NA,NA,NA,NA,NA,NA,NA,NA,NA,NA,NA,NA,NA,NA,NA,NA,NA,NA,10.8,10.1,6.1,80.93005087,1.412495851,NA,7.708333333
28/11/1995,15.90691,NA,NA,NA,NA,NA,NA,NA,NA,NA,NA,NA,NA,NA,NA,NA,NA,NA,NA,NA,NA,NA,0.2,10.6,8.1,90.82900254,1.585265151,24,9.833333333
29/11/1995,15.90965,NA,NA,NA,NA,NA,NA,NA,NA,NA,NA,NA,NA,NA,NA,NA,NA,NA,NA,NA,NA,NA,0,9.8,7.6,105.8640482,1.8476762,23,9.708333333
30/11/1995,15.91239,NA,NA,NA,NA,NA,NA,NA,NA,NA,NA,NA,NA,NA,NA,NA,NA,NA,NA,NA,NA,NA,0,10.6,8.6,126.252983,2.203530244,28,12.54166667
01/12/1995,15.91513,NA,NA,NA,NA,NA,NA,NA,NA,NA,NA,NA,NA,NA,NA,NA,NA,NA,NA,NA,NA,NA,0,11.3,8.5,157.1640043,2.74302934,35,17
02/12/1995,15.91786,NA,NA,NA,NA,NA,NA,NA,NA,NA,NA,NA,NA,NA,NA,NA,NA,NA,NA,NA,NA,NA,1.8,12.2,10.1,168.8408052,2.946827963,38,18.45833333
03/12/1995,15.92060,NA,NA,NA,NA,NA,NA,NA,NA,NA,NA,NA,NA,NA,NA,NA,NA,NA,NA,NA,NA,NA,5.2,13.2,3.6,-154.5112542,-2.696730116,NA,12.125
04/12/1995,15.92334,NA,NA,NA,NA,NA,NA,NA,NA,NA,NA,NA,NA,NA,NA,NA,NA,NA,NA,NA,NA,NA,0,8.3,1.1,-71.91772777,-1.25520114,NA,3.875
05/12/1995,15.92608,NA,NA,NA,NA,NA,NA,NA,NA,NA,NA,NA,NA,NA,NA,NA,NA,NA,NA,NA,NA,NA,0,8.3,4.3,147.4853245,2.574104512,27,11.70833333
06/12/1995,15.92882,NA,NA,NA,NA,NA,NA,NA,NA,NA,NA,NA,NA,NA,NA,NA,NA,NA,NA,NA,NA,NA,0,5.6,2.8,119.1519307,2.079593502,19,7.833333333
07/12/1995,15.93155,NA,NA,NA,NA,NA,NA,NA,NA,NA,NA,NA,NA,NA,NA,NA,NA,NA,NA,NA,NA,NA,0,5.5,3.2,115.0549411,2.008087543,17,7.75
08/12/1995,15.93429,NA,NA,NA,NA,NA,NA,NA,NA,NA,NA,NA,NA,NA,NA,NA,NA,NA,NA,NA,NA,NA,0,4.7,-2.4,-115.5114684,-2.016055447,NA,3.208333333
09/12/1995,15.93703,NA,NA,NA,NA,NA,NA,NA,NA,NA,NA,NA,NA,NA,NA,NA,NA,NA,NA,NA,NA,NA,0.5,9.7,2,-149.2725341,-2.605297202,31,13.25
10/12/1995,15.93977,NA,NA,NA,NA,NA,NA,NA,NA,NA,NA,NA,NA,NA,NA,NA,NA,NA,NA,NA,NA,NA,0,10.8,8.8,-147.0803007,-2.567035511,24,10.91666667
11/12/1995,15.94251,NA,NA,NA,NA,NA,NA,NA,NA,NA,NA,NA,NA,NA,NA,NA,NA,NA,NA,NA,NA,NA,0,10.3,7.2,-163.346493,-2.850934125,16,6.5
12/12/1995,15.94524,NA,NA,NA,NA,NA,NA,NA,NA,NA,NA,NA,NA,NA,NA,NA,NA,NA,NA,NA,NA,NA,0.5,9.2,5.2,-68.92303454,-1.202933883,14,4.083333333
13/12/1995,15.94798,NA,NA,NA,NA,NA,NA,NA,NA,NA,NA,NA,NA,NA,NA,NA,NA,NA,NA,NA,NA,NA,0,7.9,2,39.51530891,0.689672245,18,4.708333333
14/12/1995,15.95072,NA,NA,NA,NA,NA,NA,NA,NA,NA,NA,NA,NA,NA,NA,NA,NA,NA,NA,NA,NA,NA,0,7.1,3.1,103.7518292,1.810811025,20,6.916666667
15/12/1995,15.95346,NA,NA,NA,NA,NA,NA,NA,NA,NA,NA,NA,NA,NA,NA,NA,NA,NA,NA,NA,NA,NA,0,7,3.4,106.2593585,1.854575666,14,4.291666667
16/12/1995,15.95619,NA,NA,NA,NA,NA,NA,NA,NA,NA,NA,NA,NA,NA,NA,NA,NA,NA,NA,NA,NA,NA,0,7.5,5,100.0255141,1.745774557,25,10.54166667
17/12/1995,15.95893,NA,NA,NA,NA,NA,NA,NA,NA,NA,NA,NA,NA,NA,NA,NA,NA,NA,NA,NA,NA,NA,0,6.8,2.6,99.18690376,1.731138045,19,7.5
18/12/1995,15.96167,NA,NA,NA,NA,NA,NA,NA,NA,NA,NA,NA,NA,NA,NA,NA,NA,NA,NA,NA,NA,NA,0.6,6.5,2.5,83.97777392,1.465688653,20,6.75
19/12/1995,15.96441,NA,NA,NA,NA,NA,NA,NA,NA,NA,NA,NA,NA,NA,NA,NA,NA,NA,NA,NA,NA,NA,0,5.7,0.4,4.936415532,0.086156704,24,11
20/12/1995,15.96715,NA,NA,NA,NA,NA,NA,NA,NA,NA,NA,NA,NA,NA,NA,NA,NA,NA,NA,NA,NA,NA,0.1,1.5,-3.9,-15.68774846,-0.273802863,23,7.625
21/12/1995,15.96988,NA,NA,NA,NA,NA,NA,NA,NA,NA,NA,NA,NA,NA,NA,NA,NA,NA,NA,NA,NA,NA,1.7,2.9,-3.7,92.04410812,1.606472744,NA,10.58333333
22/12/1995,15.97262,NA,NA,NA,NA,NA,NA,NA,NA,NA,NA,NA,NA,NA,NA,NA,NA,NA,NA,NA,NA,NA,0.5,6.1,2.5,88.75099913,1.548997149,36,17.45833333
23/12/1995,15.97536,NA,NA,NA,NA,NA,NA,NA,NA,NA,NA,NA,NA,NA,NA,NA,NA,NA,NA,NA,NA,NA,14.3,5.2,0.2,85.43979174,1.491205678,22,7.583333333
24/12/1995,15.97810,NA,NA,NA,NA,NA,NA,NA,NA,NA,NA,NA,NA,NA,NA,NA,NA,NA,NA,NA,NA,NA,13.5,5,-3.6,-24.56946602,-0.428818078,73,16.08333333
25/12/1995,15.98084,NA,NA,NA,NA,NA,NA,NA,NA,NA,NA,NA,NA,NA,NA,NA,NA,NA,NA,NA,NA,NA,3.6,3.6,-2.3,-25.56887173,-0.446260998,46,15.91666667
26/12/1995,15.98357,NA,NA,NA,NA,NA,NA,NA,NA,NA,NA,NA,NA,NA,NA,NA,NA,NA,NA,NA,NA,NA,3.1,0.6,-5.6,-54.28298709,-0.947416853,NA,5.208333333
27/12/1995,15.98631,NA,NA,NA,NA,NA,NA,NA,NA,NA,NA,NA,NA,NA,NA,NA,NA,NA,NA,NA,NA,NA,0,-0.1,-6.1,-85.93643362,-1.499873714,NA,3
28/12/1995,15.98905,NA,NA,NA,NA,NA,NA,NA,NA,NA,NA,NA,NA,NA,NA,NA,NA,NA,NA,NA,NA,NA,0,1.8,-6.6,-104.4795537,-1.823512213,NA,3.833333333
29/12/1995,15.99179,NA,NA,NA,NA,NA,NA,NA,NA,NA,NA,NA,NA,NA,NA,NA,NA,NA,NA,NA,NA,NA,0,0.7,-7.4,-83.86686338,-1.463752899,NA,2.791666667
30/12/1995,15.99452,NA,NA,NA,NA,NA,NA,NA,NA,NA,NA,NA,NA,NA,NA,NA,NA,NA,NA,NA,NA,NA,0,3,-7.2,101.8250726,1.777182778,NA,13.16666667
31/12/1995,15.99726,NA,NA,NA,NA,NA,NA,NA,NA,NA,NA,NA,NA,NA,NA,NA,NA,NA,NA,NA,NA,NA,0,3.7,2.4,111.661961,1.948868869,39,20.875
01/01/1996,16.00000,NA,NA,NA,NA,NA,NA,NA,NA,NA,NA,NA,NA,NA,NA,NA,NA,NA,NA,NA,NA,NA,4.3,6.7,3.1,124.1434662,2.16671223,29,14.375
02/01/1996,16.00274,NA,NA,NA,NA,NA,NA,NA,NA,NA,NA,NA,NA,NA,NA,NA,NA,NA,NA,NA,NA,NA,2.2,8.9,6.5,174.1677885,3.039801361,32,17.04166667
03/01/1996,16.00548,NA,NA,NA,NA,NA,NA,NA,NA,NA,NA,NA,NA,NA,NA,NA,NA,NA,NA,NA,NA,NA,9.7,10.2,7.6,169.1879435,2.952886669,39,23.04166667
04/01/1996,16.00821,NA,NA,NA,NA,NA,NA,NA,NA,NA,NA,NA,NA,NA,NA,NA,NA,NA,NA,NA,NA,NA,8.9,9.6,6.6,160.9105589,2.808419054,32,12.25
05/01/1996,16.01095,NA,NA,NA,NA,NA,NA,NA,NA,NA,NA,NA,NA,NA,NA,NA,NA,NA,NA,NA,NA,NA,0.1,9.5,6.5,145.9846487,2.547912777,27,12.95833333
06/01/1996,16.01369,NA,NA,NA,NA,NA,NA,NA,NA,NA,NA,NA,NA,NA,NA,NA,NA,NA,NA,NA,NA,NA,0.4,8.8,5.4,124.9871777,2.181437774,40,16.45833333
07/01/1996,16.01643,NA,NA,NA,NA,NA,NA,NA,NA,NA,NA,NA,NA,NA,NA,NA,NA,NA,NA,NA,NA,NA,4.4,9.4,4,130.1462533,2.271480629,51,24.29166667
08/01/1996,16.01916,NA,NA,NA,NA,NA,NA,NA,NA,NA,NA,NA,NA,NA,NA,NA,NA,NA,NA,NA,NA,NA,4,10.4,7.4,160.3386351,2.7984371,45,19.54166667
09/01/1996,16.02190,NA,NA,NA,NA,NA,NA,NA,NA,NA,NA,NA,NA,NA,NA,NA,NA,NA,NA,NA,NA,NA,2,10.6,8.7,179.1337336,3.126473452,47,24.91666667
10/01/1996,16.02464,NA,NA,NA,NA,NA,NA,NA,NA,NA,NA,NA,NA,NA,NA,NA,NA,NA,NA,NA,NA,NA,1.1,9.2,6.4,-160,-2.792526803,45,20.75
11/01/1996,16.02738,NA,NA,NA,NA,NA,NA,NA,NA,NA,NA,NA,NA,NA,NA,NA,NA,NA,NA,NA,NA,NA,0.4,8,3.5,113.926213,1.988387522,35,12.83333333
12/01/1996,16.03012,NA,NA,NA,NA,NA,NA,NA,NA,NA,NA,NA,NA,NA,NA,NA,NA,NA,NA,NA,NA,NA,0.3,9.4,7,123.7838043,2.160434946,25,7.541666667
13/01/1996,16.03285,NA,NA,NA,NA,NA,NA,NA,NA,NA,NA,NA,NA,NA,NA,NA,NA,NA,NA,NA,NA,NA,1.9,9.6,5.6,153.7694301,2.683782844,NA,5.333333333
14/01/1996,16.03559,NA,NA,NA,NA,NA,NA,NA,NA,NA,NA,NA,NA,NA,NA,NA,NA,NA,NA,NA,NA,NA,3,10.6,8.6,166.3583348,2.90350068,23,9.291666667
15/01/1996,16.03833,NA,NA,NA,NA,NA,NA,NA,NA,NA,NA,NA,NA,NA,NA,NA,NA,NA,NA,NA,NA,NA,1.9,10.4,6.2,-164.5360559,-2.871695913,35,13.70833333
16/01/1996,16.04107,NA,NA,NA,NA,NA,NA,NA,NA,NA,NA,NA,NA,NA,NA,NA,NA,NA,NA,NA,NA,NA,2.1,9,6.6,-169.1027048,-2.951398973,23,11.54166667
17/01/1996,16.04381,NA,NA,NA,NA,NA,NA,NA,NA,NA,NA,NA,NA,NA,NA,NA,NA,NA,NA,NA,NA,NA,5.7,9.7,7.2,-174.547899,-3.04643554,40,20
18/01/1996,16.04654,NA,NA,NA,NA,NA,NA,NA,NA,NA,NA,NA,NA,NA,NA,NA,NA,NA,NA,NA,NA,NA,11.3,10.4,3.2,-155.5944966,-2.715636264,44,20.58333333
19/01/1996,16.04928,NA,NA,NA,NA,NA,NA,NA,NA,NA,NA,NA,NA,NA,NA,NA,NA,NA,NA,NA,NA,NA,5.6,8.5,3,89.20411688,1.556905546,19,6.375
20/01/1996,16.05202,NA,NA,NA,NA,NA,NA,NA,NA,NA,NA,NA,NA,NA,NA,NA,NA,NA,NA,NA,NA,NA,0.2,8.8,5.2,127.4984185,2.225267194,30,14.125
21/01/1996,16.05476,NA,NA,NA,NA,NA,NA,NA,NA,NA,NA,NA,NA,NA,NA,NA,NA,NA,NA,NA,NA,NA,0,5.8,3,115.8375163,2.021746057,26,12.04166667
22/01/1996,16.05749,NA,NA,NA,NA,NA,NA,NA,NA,NA,NA,NA,NA,NA,NA,NA,NA,NA,NA,NA,NA,NA,0,5.2,3.8,119.1473346,2.079513284,29,14.25
23/01/1996,16.06023,NA,NA,NA,NA,NA,NA,NA,NA,NA,NA,NA,NA,NA,NA,NA,NA,NA,NA,NA,NA,NA,0,6.5,2.9,124.987243,2.181438913,24,9.416666667
24/01/1996,16.06297,NA,NA,NA,NA,NA,NA,NA,NA,NA,NA,NA,NA,NA,NA,NA,NA,NA,NA,NA,NA,NA,0,4.4,2.3,110.8311553,1.934368574,29,14.375
25/01/1996,16.06571,NA,NA,NA,NA,NA,NA,NA,NA,NA,NA,NA,NA,NA,NA,NA,NA,NA,NA,NA,NA,NA,0,3.9,1.1,114.1434662,1.992179305,31,14.70833333
26/01/1996,16.06845,NA,NA,NA,NA,NA,NA,NA,NA,NA,NA,NA,NA,NA,NA,NA,NA,NA,NA,NA,NA,NA,0,3.7,0.4,92.48220358,1.614118952,22,9.458333333
27/01/1996,16.07118,NA,NA,NA,NA,NA,NA,NA,NA,NA,NA,NA,NA,NA,NA,NA,NA,NA,NA,NA,NA,NA,0,6.1,2.5,72.84841124,1.271444631,36,17.45833333
28/01/1996,16.07392,NA,NA,NA,NA,NA,NA,NA,NA,NA,NA,NA,NA,NA,NA,NA,NA,NA,NA,NA,NA,NA,0,6,2.4,120.7497162,2.107480118,36,11.58333333
29/01/1996,16.07666,NA,NA,NA,NA,NA,NA,NA,NA,NA,NA,NA,NA,NA,NA,NA,NA,NA,NA,NA,NA,NA,0,5,-2.9,116.0374884,2.025236228,14,3.25
30/01/1996,16.07940,NA,NA,NA,NA,NA,NA,NA,NA,NA,NA,NA,NA,NA,NA,NA,NA,NA,NA,NA,NA,NA,0,5.7,-0.8,101.2537825,1.767211885,21,7.75
31/01/1996,16.08214,NA,NA,NA,NA,NA,NA,NA,NA,NA,NA,NA,NA,NA,NA,NA,NA,NA,NA,NA,NA,NA,0,5.5,-0.2,151.8162586,2.64969357,NA,3.666666667
01/02/1996,16.08487,NA,NA,NA,NA,NA,NA,NA,NA,NA,NA,NA,NA,NA,NA,NA,NA,NA,NA,NA,NA,NA,0,6.2,-1.2,-90.9953716,-1.588168839,NA,2.375
02/02/1996,16.08761,NA,NA,NA,NA,NA,NA,NA,NA,NA,NA,NA,NA,NA,NA,NA,NA,NA,NA,NA,NA,NA,0.8,6.2,-0.9,10.60059629,0.185015308,23,8.75
03/02/1996,16.09035,NA,NA,NA,NA,NA,NA,NA,NA,NA,NA,NA,NA,NA,NA,NA,NA,NA,NA,NA,NA,NA,0,5.3,2.8,123.3475325,2.152820566,20,5.833333333
04/02/1996,16.09309,NA,NA,NA,NA,NA,NA,NA,NA,NA,NA,NA,NA,NA,NA,NA,NA,NA,NA,NA,NA,NA,0,5.6,2.7,-178.7478154,-3.11973791,42,21.75
05/02/1996,16.09582,NA,NA,NA,NA,NA,NA,NA,NA,NA,NA,NA,NA,NA,NA,NA,NA,NA,NA,NA,NA,NA,4.7,6.2,2.4,179.115146,3.126149038,49,14.54166667
06/02/1996,16.09856,NA,NA,NA,NA,NA,NA,NA,NA,NA,NA,NA,NA,NA,NA,NA,NA,NA,NA,NA,NA,NA,2.3,4.9,0.3,-153.2920618,-2.675451195,27,8.958333333
07/02/1996,16.10130,NA,NA,NA,NA,NA,NA,NA,NA,NA,NA,NA,NA,NA,NA,NA,NA,NA,NA,NA,NA,NA,0.5,4.9,-0.9,173.9870973,3.036647705,24,10.08333333
08/02/1996,16.10404,NA,NA,NA,NA,NA,NA,NA,NA,NA,NA,NA,NA,NA,NA,NA,NA,NA,NA,NA,NA,NA,0.2,3.3,-0.8,-94.3775873,-1.647199638,NA,4.416666667
09/02/1996,16.10678,NA,NA,NA,NA,NA,NA,NA,NA,NA,NA,NA,NA,NA,NA,NA,NA,NA,NA,NA,NA,NA,8.7,6.3,-1.4,122.3849783,2.136020826,40,18.66666667
10/02/1996,16.10951,NA,NA,NA,NA,NA,NA,NA,NA,NA,NA,NA,NA,NA,NA,NA,NA,NA,NA,NA,NA,NA,0,6.6,5.2,115.8089531,2.021247536,35,11.58333333
11/02/1996,16.11225,NA,NA,NA,NA,NA,NA,NA,NA,NA,NA,NA,NA,NA,NA,NA,NA,NA,NA,NA,NA,NA,0,6.4,4.8,73.26437578,1.278704582,NA,3.166666667
12/02/1996,16.11499,NA,NA,NA,NA,NA,NA,NA,NA,NA,NA,NA,NA,NA,NA,NA,NA,NA,NA,NA,NA,NA,0.7,6.9,3.4,46.6191294,0.813657302,36,18.79166667
13/02/1996,16.11773,NA,NA,NA,NA,NA,NA,NA,NA,NA,NA,NA,NA,NA,NA,NA,NA,NA,NA,NA,NA,NA,1.8,6.2,-0.2,10.24220388,0.17876018,NA,8.541666667
14/02/1996,16.12047,NA,NA,NA,NA,NA,NA,NA,NA,NA,NA,NA,NA,NA,NA,NA,NA,NA,NA,NA,NA,NA,0,7.8,-1.4,-138.7365015,-2.421408743,NA,10.79166667
15/02/1996,16.12320,NA,NA,NA,NA,NA,NA,NA,NA,NA,NA,NA,NA,NA,NA,NA,NA,NA,NA,NA,NA,NA,2.3,10.1,7.1,-111.2346477,-1.941410846,39,20.16666667
16/02/1996,16.12594,NA,NA,NA,NA,NA,NA,NA,NA,NA,NA,NA,NA,NA,NA,NA,NA,NA,NA,NA,NA,NA,9.1,9.7,3.6,-81.69213949,-1.425796807,63,24.75
17/02/1996,16.12868,NA,NA,NA,NA,NA,NA,NA,NA,NA,NA,NA,NA,NA,NA,NA,NA,NA,NA,NA,NA,NA,10.4,8,3.1,-103.5373176,-1.807067091,42,14.125
18/02/1996,16.13142,NA,NA,NA,NA,NA,NA,NA,NA,NA,NA,NA,NA,NA,NA,NA,NA,NA,NA,NA,NA,NA,5.2,8,3.2,3.389023327,0.059149615,43,18
19/02/1996,16.13415,NA,NA,NA,NA,NA,NA,NA,NA,NA,NA,NA,NA,NA,NA,NA,NA,NA,NA,NA,NA,NA,5.9,5.3,0.5,27.09340441,0.472869112,41,17.20833333
20/02/1996,16.13689,NA,NA,NA,NA,NA,NA,NA,NA,NA,NA,NA,NA,NA,NA,NA,NA,NA,NA,NA,NA,NA,0,4.8,-3.2,-124.6721439,-2.175939396,NA,7.25
21/02/1996,16.13963,NA,NA,NA,NA,NA,NA,NA,NA,NA,NA,NA,NA,NA,NA,NA,NA,NA,NA,NA,NA,NA,3.6,7.9,2.9,-124.6018962,-2.174713344,NA,9.666666667
22/02/1996,16.14237,NA,NA,NA,NA,NA,NA,NA,NA,NA,NA,NA,NA,NA,NA,NA,NA,NA,NA,NA,NA,NA,1,7.2,1,-133.5748761,-2.331321386,33,10.95833333
23/02/1996,16.14511,NA,NA,NA,NA,NA,NA,NA,NA,NA,NA,NA,NA,NA,NA,NA,NA,NA,NA,NA,NA,NA,10,7.9,3.3,-156.2798695,-2.727598278,41,17.625
24/02/1996,16.14784,NA,NA,NA,NA,NA,NA,NA,NA,NA,NA,NA,NA,NA,NA,NA,NA,NA,NA,NA,NA,NA,1.2,5.5,-1.6,-146.6063507,-2.558763525,NA,9.875
25/02/1996,16.15058,NA,NA,NA,NA,NA,NA,NA,NA,NA,NA,NA,NA,NA,NA,NA,NA,NA,NA,NA,NA,NA,0,5.9,-2.1,-106.5117875,-1.858981383,NA,5.333333333
26/02/1996,16.15332,NA,NA,NA,NA,NA,NA,NA,NA,NA,NA,NA,NA,NA,NA,NA,NA,NA,NA,NA,NA,NA,0.3,6.4,-1.5,-134.4713869,-2.346968451,NA,5.958333333
27/02/1996,16.15606,NA,NA,NA,NA,NA,NA,NA,NA,NA,NA,NA,NA,NA,NA,NA,NA,NA,NA,NA,NA,NA,4.7,6.4,1,-140.0964589,-2.445144478,28,6.666666667
28/02/1996,16.15880,NA,NA,NA,NA,NA,NA,NA,NA,NA,NA,NA,NA,NA,NA,NA,NA,NA,NA,NA,NA,NA,0.2,8.5,1.4,-124.8175753,-2.178477654,32,11.58333333
29/02/1996,16.16153,NA,NA,NA,NA,NA,NA,NA,NA,NA,NA,NA,NA,NA,NA,NA,NA,NA,NA,NA,NA,NA,0.2,8.5,6.2,-73.3338118,-1.279916469,23,9.416666667
01/03/1996,16.16427,NA,NA,NA,NA,NA,NA,NA,NA,NA,NA,NA,NA,NA,NA,NA,NA,NA,NA,NA,NA,NA,0.7,8.3,4.9,-47.78646199,-0.8340311,23,10.125
02/03/1996,16.16701,NA,NA,NA,NA,NA,NA,NA,NA,NA,NA,NA,NA,NA,NA,NA,NA,NA,NA,NA,NA,NA,0.6,9.5,6.2,-37.91964062,-0.66182258,23,9.416666667
03/03/1996,16.16975,NA,NA,NA,NA,NA,NA,NA,NA,NA,NA,NA,NA,NA,NA,NA,NA,NA,NA,NA,NA,NA,0,8.2,6.6,-23.75331101,-0.414573485,16,5.833333333
04/03/1996,16.17248,NA,NA,NA,NA,NA,NA,NA,NA,NA,NA,NA,NA,NA,NA,NA,NA,NA,NA,NA,NA,NA,0,8.1,5.6,-18.82272151,-0.328518465,14,4.625
05/03/1996,16.17522,NA,NA,NA,NA,NA,NA,NA,NA,NA,NA,NA,NA,NA,NA,NA,NA,NA,NA,NA,NA,NA,0,10.1,3.6,-90.2105171,-1.574470543,18,6.208333333
06/03/1996,16.17796,NA,NA,NA,NA,NA,NA,NA,NA,NA,NA,NA,NA,NA,NA,NA,NA,NA,NA,NA,NA,NA,0,9.6,1.6,-139.9396397,-2.442407466,NA,4.125
07/03/1996,16.18070,NA,NA,NA,NA,NA,NA,NA,NA,NA,NA,NA,NA,NA,NA,NA,NA,NA,NA,NA,NA,NA,0,9.2,-1,154.4615084,2.695861889,12,3.083333333
08/03/1996,16.18344,NA,NA,NA,NA,NA,NA,NA,NA,NA,NA,NA,NA,NA,NA,NA,NA,NA,NA,NA,NA,NA,0,7.8,1.9,143.278316,2.500678362,19,6.666666667
09/03/1996,16.18617,NA,NA,NA,NA,NA,NA,NA,NA,NA,NA,NA,NA,NA,NA,NA,NA,NA,NA,NA,NA,NA,0,7.5,2.6,143.6353744,2.506910205,25,11.875
10/03/1996,16.18891,NA,NA,NA,NA,NA,NA,NA,NA,NA,NA,NA,NA,NA,NA,NA,NA,NA,NA,NA,NA,NA,1,9.6,5.3,-178.2996369,-3.11191572,41,22.16666667
11/03/1996,16.19165,NA,NA,NA,NA,NA,NA,NA,NA,NA,NA,NA,NA,NA,NA,NA,NA,NA,NA,NA,NA,NA,6.4,8.7,5.6,-172.5930954,-3.01231778,43,16.875
12/03/1996,16.19439,NA,NA,NA,NA,NA,NA,NA,NA,NA,NA,NA,NA,NA,NA,NA,NA,NA,NA,NA,NA,NA,15,7.8,4.6,168.6421853,2.943361391,28,10.45833333
13/03/1996,16.19713,NA,NA,NA,NA,NA,NA,NA,NA,NA,NA,NA,NA,NA,NA,NA,NA,NA,NA,NA,NA,NA,4.6,4.9,1.4,143.8094512,2.509948419,31,15.54166667
14/03/1996,16.19986,NA,NA,NA,NA,NA,NA,NA,NA,NA,NA,NA,NA,NA,NA,NA,NA,NA,NA,NA,NA,NA,0,4.8,1.3,128.7446155,2.247017435,29,14.79166667
15/03/1996,16.20260,NA,NA,NA,NA,NA,NA,NA,NA,NA,NA,NA,NA,NA,NA,NA,NA,NA,NA,NA,NA,NA,0,6.4,2.2,130.8751856,2.284202899,23,10.83333333
16/03/1996,16.20534,NA,NA,NA,NA,NA,NA,NA,NA,NA,NA,NA,NA,NA,NA,NA,NA,NA,NA,NA,NA,NA,0.4,6.9,3.2,117.8983123,2.057713732,33,14.79166667
17/03/1996,16.20808,NA,NA,NA,NA,NA,NA,NA,NA,NA,NA,NA,NA,NA,NA,NA,NA,NA,NA,NA,NA,NA,2.7,6.9,2.9,110,1.919862177,33,15.58333333
18/03/1996,16.21081,NA,NA,NA,NA,NA,NA,NA,NA,NA,NA,NA,NA,NA,NA,NA,NA,NA,NA,NA,NA,NA,0,8.3,3,117.4889299,2.050568661,22,8.375
19/03/1996,16.21355,NA,NA,NA,NA,NA,NA,NA,NA,NA,NA,NA,NA,NA,NA,NA,NA,NA,NA,NA,NA,NA,3.7,5.2,3,119.9631788,2.093752451,14,4.958333333
20/03/1996,16.21629,NA,NA,NA,NA,NA,NA,NA,NA,NA,NA,NA,NA,NA,NA,NA,NA,NA,NA,NA,NA,NA,1.3,5.9,2.5,63.76285016,1.112871676,39,15.20833333
21/03/1996,16.21903,NA,NA,NA,NA,NA,NA,NA,NA,NA,NA,NA,NA,NA,NA,NA,NA,NA,NA,NA,NA,NA,0.8,7,2.6,73.28083671,1.278991879,32,11.125
22/03/1996,16.22177,NA,NA,NA,NA,NA,NA,NA,NA,NA,NA,NA,NA,NA,NA,NA,NA,NA,NA,NA,NA,NA,0,7.2,2.1,129.5265836,2.260665353,17,5.541666667
23/03/1996,16.22450,NA,NA,NA,NA,NA,NA,NA,NA,NA,NA,NA,NA,NA,NA,NA,NA,NA,NA,NA,NA,NA,0.6,8.9,0.9,-125.8270534,-2.19609637,17,4.625
24/03/1996,16.22724,NA,NA,NA,NA,NA,NA,NA,NA,NA,NA,NA,NA,NA,NA,NA,NA,NA,NA,NA,NA,NA,0,8.1,-0.9,25.7692894,0.449758946,20,7.416666667
25/03/1996,16.22998,NA,NA,NA,NA,NA,NA,NA,NA,NA,NA,NA,NA,NA,NA,NA,NA,NA,NA,NA,NA,NA,0,7.6,3.4,57.04668841,0.99565254,27,11.54166667
26/03/1996,16.23272,NA,NA,NA,NA,NA,NA,NA,NA,NA,NA,NA,NA,NA,NA,NA,NA,NA,NA,NA,NA,NA,0.3,6,2.1,26.49208961,0.462374189,28,12.79166667
27/03/1996,16.23546,NA,NA,NA,NA,NA,NA,NA,NA,NA,NA,NA,NA,NA,NA,NA,NA,NA,NA,NA,NA,NA,3.5,7.1,1.9,-103.5795355,-1.807803933,39,12.875
28/03/1996,16.23819,NA,NA,NA,NA,NA,NA,NA,NA,NA,NA,NA,NA,NA,NA,NA,NA,NA,NA,NA,NA,NA,3,7.4,1.6,-25.60576457,-0.446904899,30,11.33333333
29/03/1996,16.24093,NA,NA,NA,NA,NA,NA,NA,NA,NA,NA,NA,NA,NA,NA,NA,NA,NA,NA,NA,NA,NA,0.2,6.5,-0.7,-0.997506961,-0.017409781,22,8.791666667
30/03/1996,16.24367,NA,NA,NA,NA,NA,NA,NA,NA,NA,NA,NA,NA,NA,NA,NA,NA,NA,NA,NA,NA,NA,0,7.3,1.9,-27.75124745,-0.48435064,12,3.041666667
31/03/1996,16.24641,NA,NA,NA,NA,NA,NA,NA,NA,NA,NA,NA,NA,NA,NA,NA,NA,NA,NA,NA,NA,NA,0,7.9,0.5,-79.99440954,-1.39616583,17,5
01/04/1996,16.24914,NA,NA,NA,NA,NA,NA,NA,NA,NA,NA,NA,NA,NA,NA,NA,NA,NA,NA,NA,NA,NA,0.6,9.2,0.6,-83.69580463,-1.460767361,10,2.791666667
02/04/1996,16.25188,NA,NA,NA,NA,NA,NA,NA,NA,NA,NA,NA,NA,NA,NA,NA,NA,NA,NA,NA,NA,NA,0,9.4,0.1,-89.80134934,-1.567329219,16,4.5
03/04/1996,16.25462,NA,NA,NA,NA,NA,NA,NA,NA,NA,NA,NA,NA,NA,NA,NA,NA,NA,NA,NA,NA,NA,0.7,9.9,2,-147.9159526,-2.581620389,20,8.125
04/04/1996,16.25736,NA,NA,NA,NA,NA,NA,NA,NA,NA,NA,NA,NA,NA,NA,NA,NA,NA,NA,NA,NA,NA,0,8.8,5.8,-176.6534419,-3.083184195,42,19.08333333
05/04/1996,16.26010,NA,NA,NA,NA,NA,NA,NA,NA,NA,NA,NA,NA,NA,NA,NA,NA,NA,NA,NA,NA,NA,0,10.5,2.9,-166.4948885,-2.905883992,42,18.08333333
06/04/1996,16.26283,NA,NA,NA,NA,NA,NA,NA,NA,NA,NA,NA,NA,NA,NA,NA,NA,NA,NA,NA,NA,NA,0,11,-0.4,150.2758313,2.622808042,NA,3.708333333
07/04/1996,16.26557,NA,NA,NA,NA,NA,NA,NA,NA,NA,NA,NA,NA,NA,NA,NA,NA,NA,NA,NA,NA,NA,0,12.1,1.8,-175.2670308,-3.058986758,17,6.375
08/04/1996,16.26831,NA,NA,NA,NA,NA,NA,NA,NA,NA,NA,NA,NA,NA,NA,NA,NA,NA,NA,NA,NA,NA,1.3,11.8,6,-176.9563497,-3.088470935,35,16.125
09/04/1996,16.27105,NA,NA,NA,NA,NA,NA,NA,NA,NA,NA,NA,NA,NA,NA,NA,NA,NA,NA,NA,NA,NA,0.4,13.8,8.1,-178.2664703,-3.111336853,29,12.54166667
10/04/1996,16.27379,NA,NA,NA,NA,NA,NA,NA,NA,NA,NA,NA,NA,NA,NA,NA,NA,NA,NA,NA,NA,NA,8.4,12.2,7.4,168.4911266,2.94072492,20,5.916666667
11/04/1996,16.27652,NA,NA,NA,NA,NA,NA,NA,NA,NA,NA,NA,NA,NA,NA,NA,NA,NA,NA,NA,NA,NA,1,10.7,1.4,143.1244761,2.497993349,NA,6.416666667
12/04/1996,16.27926,NA,NA,NA,NA,NA,NA,NA,NA,NA,NA,NA,NA,NA,NA,NA,NA,NA,NA,NA,NA,NA,5.6,7.2,4,136.5407618,2.383085857,35,15.25
13/04/1996,16.28200,NA,NA,NA,NA,NA,NA,NA,NA,NA,NA,NA,NA,NA,NA,NA,NA,NA,NA,NA,NA,NA,7.2,6.7,2.4,166.3199455,2.902830661,20,10.45833333
14/04/1996,16.28474,NA,NA,NA,NA,NA,NA,NA,NA,NA,NA,NA,NA,NA,NA,NA,NA,NA,NA,NA,NA,NA,9.3,8,5.4,169.9582962,2.96633186,44,18.125
15/04/1996,16.28747,NA,NA,NA,NA,NA,NA,NA,NA,NA,NA,NA,NA,NA,NA,NA,NA,NA,NA,NA,NA,NA,0.9,9.7,7.9,-171.0442592,-2.985285489,31,14.29166667
16/04/1996,16.29021,NA,NA,NA,NA,NA,NA,NA,NA,NA,NA,NA,NA,NA,NA,NA,NA,NA,NA,NA,NA,NA,5.4,10.5,7.2,-169.3279069,-2.955329491,28,12.375
17/04/1996,16.29295,NA,NA,NA,NA,NA,NA,NA,NA,NA,NA,NA,NA,NA,NA,NA,NA,NA,NA,NA,NA,NA,3.9,9.1,6.5,172.2952935,3.007120158,20,6.125
18/04/1996,16.29569,NA,NA,NA,NA,NA,NA,NA,NA,NA,NA,NA,NA,NA,NA,NA,NA,NA,NA,NA,NA,NA,2.3,9.4,4.5,-168.0696527,-2.933368813,26,12.29166667
19/04/1996,16.29843,NA,NA,NA,NA,NA,NA,NA,NA,NA,NA,NA,NA,NA,NA,NA,NA,NA,NA,NA,NA,NA,5,11.4,6,-162.8008305,-2.841410518,40,18
20/04/1996,16.30116,NA,NA,NA,NA,NA,NA,NA,NA,NA,NA,NA,NA,NA,NA,NA,NA,NA,NA,NA,NA,NA,4.5,11.6,5.9,-163.4966683,-2.853555179,23,10.25
21/04/1996,16.30390,NA,NA,NA,NA,NA,NA,NA,NA,NA,NA,NA,NA,NA,NA,NA,NA,NA,NA,NA,NA,NA,1.7,8.2,3.8,27.79947239,0.485192323,30,9.25
22/04/1996,16.30664,NA,NA,NA,NA,NA,NA,NA,NA,NA,NA,NA,NA,NA,NA,NA,NA,NA,NA,NA,NA,NA,15.4,10.1,7,129.0689347,2.252677873,35,11.83333333
23/04/1996,16.30938,NA,NA,NA,NA,NA,NA,NA,NA,NA,NA,NA,NA,NA,NA,NA,NA,NA,NA,NA,NA,NA,0,11.9,6.4,123.9328439,2.163036178,16,5.708333333
24/04/1996,16.31211,NA,NA,NA,NA,NA,NA,NA,NA,NA,NA,NA,NA,NA,NA,NA,NA,NA,NA,NA,NA,NA,1.4,9.4,3.6,-90.97402675,-1.587796301,35,12.29166667
25/04/1996,16.31485,NA,NA,NA,NA,NA,NA,NA,NA,NA,NA,NA,NA,NA,NA,NA,NA,NA,NA,NA,NA,NA,0.5,13.5,6.5,-114.9813045,-2.006802342,29,10
26/04/1996,16.31759,NA,NA,NA,NA,NA,NA,NA,NA,NA,NA,NA,NA,NA,NA,NA,NA,NA,NA,NA,NA,NA,2.1,11.7,7.5,-149.5634203,-2.610374125,37,14.54166667
27/04/1996,16.32033,NA,NA,NA,NA,NA,NA,NA,NA,NA,NA,NA,NA,NA,NA,NA,NA,NA,NA,NA,NA,NA,5.1,11.1,4.9,-64.96330371,-1.133823543,33,13.75
28/04/1996,16.32307,NA,NA,NA,NA,NA,NA,NA,NA,NA,NA,NA,NA,NA,NA,NA,NA,NA,NA,NA,NA,NA,1,9.2,3.8,-54.10850987,-0.944371651,25,9.333333333
29/04/1996,16.32580,NA,NA,NA,NA,NA,NA,NA,NA,NA,NA,NA,NA,NA,NA,NA,NA,NA,NA,NA,NA,NA,2.5,9,4.1,17.59581421,0.307104893,28,10.20833333
30/04/1996,16.32854,NA,NA,NA,NA,NA,NA,NA,NA,NA,NA,NA,NA,NA,NA,NA,NA,NA,NA,NA,NA,NA,0,8.2,4,70.95827716,1.238455568,22,8.875
01/05/1996,16.33128,NA,NA,NA,NA,NA,NA,NA,NA,NA,NA,NA,NA,NA,NA,NA,NA,NA,NA,NA,NA,NA,2.3,7.2,3.8,48.6500278,0.849103166,28,14.58333333
02/05/1996,16.33402,NA,NA,NA,NA,NA,NA,NA,NA,NA,NA,NA,NA,NA,NA,NA,NA,NA,NA,NA,NA,NA,0.6,7.6,1.7,36.69817664,0.640504012,22,9.875
03/05/1996,16.33676,NA,NA,NA,NA,NA,NA,NA,NA,NA,NA,NA,NA,NA,NA,NA,NA,NA,NA,NA,NA,NA,1.6,8.2,2.1,22.91898501,0.40001175,30,14.08333333
04/05/1996,16.33949,NA,NA,NA,NA,NA,NA,NA,NA,NA,NA,NA,NA,NA,NA,NA,NA,NA,NA,NA,NA,NA,0.6,9.6,-1,-80.24965686,-1.400620736,18,6
05/05/1996,16.34223,NA,NA,NA,NA,NA,NA,NA,NA,NA,NA,NA,NA,NA,NA,NA,NA,NA,NA,NA,NA,NA,2.3,10.5,4,-86.31012645,-1.506395884,18,5.541666667
06/05/1996,16.34497,NA,NA,NA,NA,NA,NA,NA,NA,NA,NA,NA,NA,NA,NA,NA,NA,NA,NA,NA,NA,NA,1.4,7.8,1.2,40.31995945,0.703716047,23,10.04166667
07/05/1996,16.34771,NA,NA,NA,NA,NA,NA,NA,NA,NA,NA,NA,NA,NA,NA,NA,NA,NA,NA,NA,NA,NA,0.1,11.5,1.7,-67.72133469,-1.181960264,20,5.541666667
08/05/1996,16.35044,NA,NA,NA,NA,NA,NA,NA,NA,NA,NA,NA,NA,NA,NA,NA,NA,NA,NA,NA,NA,NA,0.5,8.9,2,24.89866606,0.434563702,14,5.375
09/05/1996,16.35318,NA,NA,NA,NA,NA,NA,NA,NA,NA,NA,NA,NA,NA,NA,NA,NA,NA,NA,NA,NA,NA,0,9.8,2.9,68.33569368,1.192682851,23,9.666666667
10/05/1996,16.35592,NA,NA,NA,NA,NA,NA,NA,NA,NA,NA,NA,NA,NA,NA,NA,NA,NA,NA,NA,NA,NA,0,8.8,4.7,60.79231483,1.061026054,25,13.08333333
11/05/1996,16.35866,NA,NA,NA,NA,NA,NA,NA,NA,NA,NA,NA,NA,NA,NA,NA,NA,NA,NA,NA,NA,NA,0,10.2,5.3,52.48871677,0.916100928,19,9.125
12/05/1996,16.36140,NA,NA,NA,NA,NA,NA,NA,NA,NA,NA,NA,NA,NA,NA,NA,NA,NA,NA,NA,NA,NA,0,12.1,5.2,34.22156229,0.597278937,10,4.125
13/05/1996,16.36413,NA,NA,NA,NA,NA,NA,NA,NA,NA,NA,NA,NA,NA,NA,NA,NA,NA,NA,NA,NA,NA,0,14.2,6.3,-122.7759858,-2.142845194,20,5.083333333
14/05/1996,16.36687,NA,NA,NA,NA,NA,NA,NA,NA,NA,NA,NA,NA,NA,NA,NA,NA,NA,NA,NA,NA,NA,0,9.9,2.5,-25.37320254,-0.442845926,NA,8
15/05/1996,16.36961,NA,NA,NA,NA,NA,NA,NA,NA,NA,NA,NA,NA,NA,NA,NA,NA,NA,NA,NA,NA,NA,0.2,9.6,4.6,26.51144837,0.462712064,27,10.83333333
16/05/1996,16.37235,NA,NA,NA,NA,NA,NA,NA,NA,NA,NA,NA,NA,NA,NA,NA,NA,NA,NA,NA,NA,NA,0.9,8,3.6,20.76110807,0.362349692,27,8.791666667
17/05/1996,16.37509,NA,NA,NA,NA,NA,NA,NA,NA,NA,NA,NA,NA,NA,NA,NA,NA,NA,NA,NA,NA,NA,1.8,7.9,1.1,29.6259517,0.517070401,24,9.375
18/05/1996,16.37782,NA,NA,NA,NA,NA,NA,NA,NA,NA,NA,NA,NA,NA,NA,NA,NA,NA,NA,NA,NA,NA,0,8.6,4,61.68804709,1.076659531,20,9.083333333
19/05/1996,16.38056,NA,NA,NA,NA,NA,NA,NA,NA,NA,NA,NA,NA,NA,NA,NA,NA,NA,NA,NA,NA,NA,4.2,8.5,4.5,61.6595919,1.076162894,27,13.29166667
20/05/1996,16.38330,NA,NA,NA,NA,NA,NA,NA,NA,NA,NA,NA,NA,NA,NA,NA,NA,NA,NA,NA,NA,NA,2,12.3,7.2,121.5346563,2.121179907,28,13.25
21/05/1996,16.38604,NA,NA,NA,NA,NA,NA,NA,NA,NA,NA,NA,NA,NA,NA,NA,NA,NA,NA,NA,NA,NA,0,13.1,6.9,144.7372707,2.526141925,26,10.375
22/05/1996,16.38877,NA,NA,NA,NA,NA,NA,NA,NA,NA,NA,NA,NA,NA,NA,NA,NA,NA,NA,NA,NA,NA,0.4,12.1,7.4,126.0199794,2.199463563,29,12.45833333
23/05/1996,16.39151,NA,NA,NA,NA,NA,NA,NA,NA,NA,NA,NA,NA,NA,NA,NA,NA,NA,NA,NA,NA,NA,1.6,13.6,8.1,-160.71352,-2.804980076,26,9.958333333
24/05/1996,16.39425,NA,NA,NA,NA,NA,NA,NA,NA,NA,NA,NA,NA,NA,NA,NA,NA,NA,NA,NA,NA,NA,2.4,13.2,6.8,-142.1943348,-2.48175932,19,7.083333333
25/05/1996,16.39699,NA,NA,NA,NA,NA,NA,NA,NA,NA,NA,NA,NA,NA,NA,NA,NA,NA,NA,NA,NA,NA,2.7,12.4,7.8,-46.62015012,-0.813675117,NA,8.041666667
26/05/1996,16.39973,NA,NA,NA,NA,NA,NA,NA,NA,NA,NA,NA,NA,NA,NA,NA,NA,NA,NA,NA,NA,NA,0,13.1,5.6,60.32900147,1.05293971,29,8.75
27/05/1996,16.40246,NA,NA,NA,NA,NA,NA,NA,NA,NA,NA,NA,NA,NA,NA,NA,NA,NA,NA,NA,NA,NA,0.3,12.8,2.3,-23.37496997,-0.407970189,24,7.833333333
28/05/1996,16.40520,NA,NA,NA,NA,NA,NA,NA,NA,NA,NA,NA,NA,NA,NA,NA,NA,NA,NA,NA,NA,NA,18,12,5.5,-168.7261097,-2.944826148,31,10.08333333
29/05/1996,16.40794,NA,NA,NA,NA,NA,NA,NA,NA,NA,NA,NA,NA,NA,NA,NA,NA,NA,NA,NA,NA,NA,0.2,14.4,4.7,-144.4519993,-2.521162999,29,10.75
30/05/1996,16.41068,NA,NA,NA,NA,NA,NA,NA,NA,NA,NA,NA,NA,NA,NA,NA,NA,NA,NA,NA,NA,NA,3.2,12.6,6.5,142.6047198,2.488921889,33,8.583333333
31/05/1996,16.41342,NA,NA,NA,NA,NA,NA,NA,NA,NA,NA,NA,NA,NA,NA,NA,NA,NA,NA,NA,NA,NA,9.1,13.1,8.3,-153.076123,-2.671682352,59,31.70833333
01/06/1996,16.41615,NA,NA,NA,NA,NA,NA,NA,NA,NA,NA,NA,NA,NA,NA,NA,NA,NA,NA,NA,NA,NA,13,12.8,8,-117.01141,-2.042234366,36,19.95833333
02/06/1996,16.41889,NA,NA,NA,NA,NA,NA,NA,NA,NA,NA,NA,NA,NA,NA,NA,NA,NA,NA,NA,NA,NA,0.6,13.7,7.2,-133.1982483,-2.32474799,24,11.25
03/06/1996,16.42163,NA,NA,NA,NA,NA,NA,NA,NA,NA,NA,NA,NA,NA,NA,NA,NA,NA,NA,NA,NA,NA,6.3,12.6,7.4,178.9714321,3.123640757,38,14.29166667
04/06/1996,16.42437,NA,NA,NA,NA,NA,NA,NA,NA,NA,NA,NA,NA,NA,NA,NA,NA,NA,NA,NA,NA,NA,3.8,13.6,8.8,-155.0063543,-2.705371243,40,19.875
05/06/1996,16.42710,NA,NA,NA,NA,NA,NA,NA,NA,NA,NA,NA,NA,NA,NA,NA,NA,NA,NA,NA,NA,NA,10,14.2,9.4,-169.429614,-2.957104615,53,21.25
06/06/1996,16.42984,NA,NA,NA,NA,NA,NA,NA,NA,NA,NA,NA,NA,NA,NA,NA,NA,NA,NA,NA,NA,NA,0,14.1,9.8,-167.787176,-2.928438663,21,7.727272727
07/06/1996,16.43258,NA,NA,NA,NA,NA,NA,NA,NA,NA,NA,NA,NA,NA,NA,NA,NA,NA,NA,NA,NA,NA,0,15,9,-176.313302,-3.077247635,25,10.41666667
08/06/1996,16.43532,NA,NA,NA,NA,NA,NA,NA,NA,NA,NA,NA,NA,NA,NA,NA,NA,NA,NA,NA,NA,NA,0.7,14,9.1,-158.3549884,-2.763815935,33,17.08333333
09/06/1996,16.43806,NA,NA,NA,NA,NA,NA,NA,NA,NA,NA,NA,NA,NA,NA,NA,NA,NA,NA,NA,NA,NA,3.5,11.2,9.8,-178.7319295,-3.119460648,30,15
10/06/1996,16.44079,NA,NA,NA,NA,NA,NA,NA,NA,NA,NA,NA,NA,NA,NA,NA,NA,NA,NA,NA,NA,NA,6,14.2,10,-161.4636255,-2.818071887,36,15.20833333
11/06/1996,16.44353,NA,NA,NA,NA,NA,NA,NA,NA,NA,NA,NA,NA,NA,NA,NA,NA,NA,NA,NA,NA,NA,4.6,11.2,8.9,-144.2630925,-2.517865953,22,7.833333333
12/06/1996,16.44627,NA,NA,NA,NA,NA,NA,NA,NA,NA,NA,NA,NA,NA,NA,NA,NA,NA,NA,NA,NA,NA,0.3,14.4,7.6,-95.39736717,-1.664998155,33,13.95833333
13/06/1996,16.44901,NA,NA,NA,NA,NA,NA,NA,NA,NA,NA,NA,NA,NA,NA,NA,NA,NA,NA,NA,NA,NA,0,15.9,7.6,-111.8809436,-1.952690835,15,7.208333333
14/06/1996,16.45175,NA,NA,NA,NA,NA,NA,NA,NA,NA,NA,NA,NA,NA,NA,NA,NA,NA,NA,NA,NA,NA,0,15.6,8.2,-144.7009958,-2.525508807,23,10.20833333
15/06/1996,16.45448,NA,NA,NA,NA,NA,NA,NA,NA,NA,NA,NA,NA,NA,NA,NA,NA,NA,NA,NA,NA,NA,0,15.6,10.3,161.6668196,2.821618294,19,3.583333333
16/06/1996,16.45722,NA,NA,NA,NA,NA,NA,NA,NA,NA,NA,NA,NA,NA,NA,NA,NA,NA,NA,NA,NA,NA,0,17.6,5.6,-145.6473281,-2.542025422,NA,8.666666667
17/06/1996,16.45996,NA,NA,NA,NA,NA,NA,NA,NA,NA,NA,NA,NA,NA,NA,NA,NA,NA,NA,NA,NA,NA,0,14.6,9,-66.30070735,-1.15716564,25,12.45833333
18/06/1996,16.46270,NA,NA,NA,NA,NA,NA,NA,NA,NA,NA,NA,NA,NA,NA,NA,NA,NA,NA,NA,NA,NA,0,10.8,8.1,-1.317047146,-0.022986809,20,8.25
19/06/1996,16.46543,NA,NA,NA,NA,NA,NA,NA,NA,NA,NA,NA,NA,NA,NA,NA,NA,NA,NA,NA,NA,NA,0,12.7,8.2,22.06658334,0.385134534,17,7.416666667
20/06/1996,16.46817,NA,NA,NA,NA,NA,NA,NA,NA,NA,NA,NA,NA,NA,NA,NA,NA,NA,NA,NA,NA,NA,0,11.4,8.3,12.98110379,0.226563002,22,11.08333333
21/06/1996,16.47091,NA,NA,NA,NA,NA,NA,NA,NA,NA,NA,NA,NA,NA,NA,NA,NA,NA,NA,NA,NA,NA,0,11.7,7.7,-9.291468867,-0.162166724,23,9.875
22/06/1996,16.47365,NA,NA,NA,NA,NA,NA,NA,NA,NA,NA,NA,NA,NA,NA,NA,NA,NA,NA,NA,NA,NA,0.4,13.2,8,-53.56279696,-0.934847164,21,7.416666667
23/06/1996,16.47639,NA,NA,NA,NA,NA,NA,NA,NA,NA,NA,NA,NA,NA,NA,NA,NA,NA,NA,NA,NA,NA,0.1,15.9,9.4,-80.81621033,-1.410508959,19,7.625
24/06/1996,16.47912,NA,NA,NA,NA,NA,NA,NA,NA,NA,NA,NA,NA,NA,NA,NA,NA,NA,NA,NA,NA,NA,0,16,9.5,-162.5949395,-2.837817041,20,9.458333333
25/06/1996,16.48186,NA,NA,NA,NA,NA,NA,NA,NA,NA,NA,NA,NA,NA,NA,NA,NA,NA,NA,NA,NA,NA,4.9,13.4,11.2,-148.0857948,-2.584584694,27,13.95833333
26/06/1996,16.48460,NA,NA,NA,NA,NA,NA,NA,NA,NA,NA,NA,NA,NA,NA,NA,NA,NA,NA,NA,NA,NA,0,15.9,7.1,-115.5546337,-2.016808825,20,9.125
27/06/1996,16.48734,NA,NA,NA,NA,NA,NA,NA,NA,NA,NA,NA,NA,NA,NA,NA,NA,NA,NA,NA,NA,NA,0.2,13.8,10.3,-163.7236628,-2.857516979,21,8.958333333
28/06/1996,16.49008,NA,NA,NA,NA,NA,NA,NA,NA,NA,NA,NA,NA,NA,NA,NA,NA,NA,NA,NA,NA,NA,11.3,14.3,10.2,-140.5856305,-2.453682133,39,18.375
29/06/1996,16.49281,NA,NA,NA,NA,NA,NA,NA,NA,NA,NA,NA,NA,NA,NA,NA,NA,NA,NA,NA,NA,NA,2.8,12.7,10,-46.20861824,-0.806492531,34,15.75
30/06/1996,16.49555,NA,NA,NA,NA,NA,NA,NA,NA,NA,NA,NA,NA,NA,NA,NA,NA,NA,NA,NA,NA,NA,1.8,14.8,9.1,-122.9333872,-2.145592366,22,8.541666667
01/07/1996,16.49829,NA,NA,NA,NA,NA,NA,NA,NA,NA,NA,NA,NA,NA,NA,NA,NA,NA,NA,NA,NA,NA,2.3,12.5,7.6,-5.031411799,-0.087814702,NA,6.291666667
02/07/1996,16.50103,NA,NA,NA,NA,NA,NA,NA,NA,NA,NA,NA,NA,NA,NA,NA,NA,NA,NA,NA,NA,NA,0.7,12.7,4,-152.3245011,-2.658564075,21,6.416666667
03/07/1996,16.50376,NA,NA,NA,NA,NA,NA,NA,NA,NA,NA,NA,NA,NA,NA,NA,NA,NA,NA,NA,NA,NA,10.5,16.2,9.6,124.994406,2.181563931,23,6.875
04/07/1996,16.50650,NA,NA,NA,NA,NA,NA,NA,NA,NA,NA,NA,NA,NA,NA,NA,NA,NA,NA,NA,NA,NA,6.6,12.7,8.8,-59.40047633,-1.036733889,30,9.083333333
05/07/1996,16.50924,NA,NA,NA,NA,NA,NA,NA,NA,NA,NA,NA,NA,NA,NA,NA,NA,NA,NA,NA,NA,NA,1.2,12.6,7.9,-63.61194781,-1.110237933,24,10.25
06/07/1996,16.51198,NA,NA,NA,NA,NA,NA,NA,NA,NA,NA,NA,NA,NA,NA,NA,NA,NA,NA,NA,NA,NA,0,13,8.8,-51.31468724,-0.895610247,20,8.5
07/07/1996,16.51472,NA,NA,NA,NA,NA,NA,NA,NA,NA,NA,NA,NA,NA,NA,NA,NA,NA,NA,NA,NA,NA,1.8,12.8,9,-24.64537757,-0.430142984,20,8.166666667
08/07/1996,16.51745,NA,NA,NA,NA,NA,NA,NA,NA,NA,NA,NA,NA,NA,NA,NA,NA,NA,NA,NA,NA,NA,3.3,12.6,7.9,-155.6970763,-2.717426618,26,9.208333333
09/07/1996,16.52019,NA,NA,NA,NA,NA,NA,NA,NA,NA,NA,NA,NA,NA,NA,NA,NA,NA,NA,NA,NA,NA,1.9,14.1,10.7,-93.49128219,-1.631730696,23,8.25
10/07/1996,16.52293,NA,NA,NA,NA,NA,NA,NA,NA,NA,NA,NA,NA,NA,NA,NA,NA,NA,NA,NA,NA,NA,3.7,16.6,11.5,-134.9212402,-2.354819872,25,12.25
11/07/1996,16.52567,NA,NA,NA,NA,NA,NA,NA,NA,NA,NA,NA,NA,NA,NA,NA,NA,NA,NA,NA,NA,NA,4.5,14.1,10.7,-94.76649431,-1.653987346,23,9.083333333
12/07/1996,16.52841,NA,NA,NA,NA,NA,NA,NA,NA,NA,NA,NA,NA,NA,NA,NA,NA,NA,NA,NA,NA,NA,0.3,13.4,9.4,-158.4295371,-2.765117055,27,8.958333333
13/07/1996,16.53114,NA,NA,NA,NA,NA,NA,NA,NA,NA,NA,NA,NA,NA,NA,NA,NA,NA,NA,NA,NA,NA,4.8,15.2,10.2,-119.8610028,-2.091969144,38,16.20833333
14/07/1996,16.53388,NA,NA,NA,NA,NA,NA,NA,NA,NA,NA,NA,NA,NA,NA,NA,NA,NA,NA,NA,NA,NA,0,14.7,10.9,-97.89492797,-1.708588814,31,13.58333333
15/07/1996,16.53662,NA,NA,NA,NA,NA,NA,NA,NA,NA,NA,NA,NA,NA,NA,NA,NA,NA,NA,NA,NA,NA,0.9,14.6,10.1,31.24119899,0.545261785,NA,5.166666667
16/07/1996,16.53936,NA,NA,NA,NA,NA,NA,NA,NA,NA,NA,NA,NA,NA,NA,NA,NA,NA,NA,NA,NA,NA,0,18.6,7.3,-81.20885793,-1.417361953,NA,4.708333333
17/07/1996,16.54209,NA,NA,NA,NA,NA,NA,NA,NA,NA,NA,NA,NA,NA,NA,NA,NA,NA,NA,NA,NA,NA,0,16.5,6.6,25.0470542,0.437153564,NA,3.041666667
18/07/1996,16.54483,NA,NA,NA,NA,NA,NA,NA,NA,NA,NA,NA,NA,NA,NA,NA,NA,NA,NA,NA,NA,NA,0,18.7,8.6,162.6360244,2.838534107,NA,3.125
19/07/1996,16.54757,NA,NA,NA,NA,NA,NA,NA,NA,NA,NA,NA,NA,NA,NA,NA,NA,NA,NA,NA,NA,NA,0.7,18.9,12.2,-176.687585,-3.083780105,16,5.875
20/07/1996,16.55031,NA,NA,NA,NA,NA,NA,NA,NA,NA,NA,NA,NA,NA,NA,NA,NA,NA,NA,NA,NA,NA,0,18.4,11.5,-168.232911,-2.936218207,20,8.625
21/07/1996,16.55305,NA,NA,NA,NA,NA,NA,NA,NA,NA,NA,NA,NA,NA,NA,NA,NA,NA,NA,NA,NA,NA,0,15.7,12.4,176.8256224,3.086189312,25,9.875
22/07/1996,16.55578,NA,NA,NA,NA,NA,NA,NA,NA,NA,NA,NA,NA,NA,NA,NA,NA,NA,NA,NA,NA,NA,13.5,16.8,13.1,-177.7729779,-3.102723785,18,6.208333333
23/07/1996,16.55852,NA,NA,NA,NA,NA,NA,NA,NA,NA,NA,NA,NA,NA,NA,NA,NA,NA,NA,NA,NA,NA,1.1,14.6,10.8,-14.99314447,-0.261679736,18,5.375
24/07/1996,16.56126,NA,NA,NA,NA,NA,NA,NA,NA,NA,NA,NA,NA,NA,NA,NA,NA,NA,NA,NA,NA,NA,0.1,15.2,10.2,-50.07734911,-0.874014623,15,5.458333333
25/07/1996,16.56400,NA,NA,NA,NA,NA,NA,NA,NA,NA,NA,NA,NA,NA,NA,NA,NA,NA,NA,NA,NA,NA,0.2,18.1,12.1,-139.6270391,-2.436951557,24,11.66666667
26/07/1996,16.56674,NA,NA,NA,NA,NA,NA,NA,NA,NA,NA,NA,NA,NA,NA,NA,NA,NA,NA,NA,NA,NA,2.2,16.7,10.7,-124.5206749,-2.173295763,31,11.125
27/07/1996,16.56947,NA,NA,NA,NA,NA,NA,NA,NA,NA,NA,NA,NA,NA,NA,NA,NA,NA,NA,NA,NA,NA,0.3,16.6,10.4,-89.16473654,-1.556218229,20,7.083333333
28/07/1996,16.57221,NA,NA,NA,NA,NA,NA,NA,NA,NA,NA,NA,NA,NA,NA,NA,NA,NA,NA,NA,NA,NA,0,14.7,10.6,145.7096771,2.543113617,NA,4.041666667
29/07/1996,16.57495,NA,NA,NA,NA,NA,NA,NA,NA,NA,NA,NA,NA,NA,NA,NA,NA,NA,NA,NA,NA,NA,0,15.4,6.6,-128.4478702,-2.241838253,18,4.208333333
30/07/1996,16.57769,NA,NA,NA,NA,NA,NA,NA,NA,NA,NA,NA,NA,NA,NA,NA,NA,NA,NA,NA,NA,NA,3.8,15.3,11.2,-154.2853962,-2.692788152,35,14.83333333
31/07/1996,16.58042,NA,NA,NA,NA,NA,NA,NA,NA,NA,NA,NA,NA,NA,NA,NA,NA,NA,NA,NA,NA,NA,14.9,13.7,9.9,-150.2630765,-2.622585428,32,14.625
01/08/1996,16.58316,NA,NA,NA,NA,NA,NA,NA,NA,NA,NA,NA,NA,NA,NA,NA,NA,NA,NA,NA,NA,NA,1,15.6,9.4,-78.84551634,-1.376113861,24,10.875
02/08/1996,16.58590,NA,NA,NA,NA,NA,NA,NA,NA,NA,NA,NA,NA,NA,NA,NA,NA,NA,NA,NA,NA,NA,0.6,16.2,8.4,-113.211984,-1.975921873,23,7.791666667
03/08/1996,16.58864,NA,NA,NA,NA,NA,NA,NA,NA,NA,NA,NA,NA,NA,NA,NA,NA,NA,NA,NA,NA,NA,0.1,17,11.4,-152.9209597,-2.668974242,28,11.95833333
04/08/1996,16.59138,NA,NA,NA,NA,NA,NA,NA,NA,NA,NA,NA,NA,NA,NA,NA,NA,NA,NA,NA,NA,NA,0,18,12.4,-175.7062769,-3.066653049,28,14.95833333
05/08/1996,16.59411,NA,NA,NA,NA,NA,NA,NA,NA,NA,NA,NA,NA,NA,NA,NA,NA,NA,NA,NA,NA,NA,10.7,15.9,10,-147.3110416,-2.5710627,28,9.458333333
06/08/1996,16.59685,NA,NA,NA,NA,NA,NA,NA,NA,NA,NA,NA,NA,NA,NA,NA,NA,NA,NA,NA,NA,NA,8.4,13.8,9.4,-16.25312904,-0.283670615,32,6.791666667
07/08/1996,16.59959,NA,NA,NA,NA,NA,NA,NA,NA,NA,NA,NA,NA,NA,NA,NA,NA,NA,NA,NA,NA,NA,3.7,14.2,10.5,24.94928826,0.435447226,NA,2.333333333
08/08/1996,16.60233,NA,NA,NA,NA,NA,NA,NA,NA,NA,NA,NA,NA,NA,NA,NA,NA,NA,NA,NA,NA,NA,0,15.9,10.4,161.5278345,2.819192546,22,5.083333333
09/08/1996,16.60507,NA,NA,NA,NA,NA,NA,NA,NA,NA,NA,NA,NA,NA,NA,NA,NA,NA,NA,NA,NA,NA,1.5,16.7,10.7,148.9495566,2.599660183,14,4.875
10/08/1996,16.60780,NA,NA,NA,NA,NA,NA,NA,NA,NA,NA,NA,NA,NA,NA,NA,NA,NA,NA,NA,NA,NA,0.9,16.7,12.9,88.17368196,1.538921064,15,5.208333333
11/08/1996,16.61054,NA,NA,NA,NA,NA,NA,NA,NA,NA,NA,NA,NA,NA,NA,NA,NA,NA,NA,NA,NA,NA,0.2,17.8,12.2,-166.2022063,-2.900775725,12,4.958333333
12/08/1996,16.61328,NA,NA,NA,NA,NA,NA,NA,NA,NA,NA,NA,NA,NA,NA,NA,NA,NA,NA,NA,NA,NA,0,14.9,12.6,-52.58939433,-0.917858083,10,4.083333333
13/08/1996,16.61602,NA,NA,NA,NA,NA,NA,NA,NA,NA,NA,NA,NA,NA,NA,NA,NA,NA,NA,NA,NA,NA,0,16.4,9.9,-123.8585432,-2.161739385,NA,2.666666667
14/08/1996,16.61875,NA,NA,NA,NA,NA,NA,NA,NA,NA,NA,NA,NA,NA,NA,NA,NA,NA,NA,NA,NA,NA,0.1,16,12,-169.6756266,-2.961398345,NA,4.291666667
15/08/1996,16.62149,NA,NA,NA,NA,NA,NA,NA,NA,NA,NA,NA,NA,NA,NA,NA,NA,NA,NA,NA,NA,NA,2.2,16.7,13,-177.0557657,-3.090206071,26,10.45833333
16/08/1996,16.62423,NA,NA,NA,NA,NA,NA,NA,NA,NA,NA,NA,NA,NA,NA,NA,NA,NA,NA,NA,NA,NA,1.1,16.3,11.5,-137.0638419,-2.392215327,21,7.166666667
17/08/1996,16.62697,NA,NA,NA,NA,NA,NA,NA,NA,NA,NA,NA,NA,NA,NA,NA,NA,NA,NA,NA,NA,NA,0,17.9,11.9,177.8702509,3.104421519,22,7.875
18/08/1996,16.62971,NA,NA,NA,NA,NA,NA,NA,NA,NA,NA,NA,NA,NA,NA,NA,NA,NA,NA,NA,NA,NA,14.7,16.5,13.3,-170.7939835,-2.980917354,25,8.125
19/08/1996,16.63244,NA,NA,NA,NA,NA,NA,NA,NA,NA,NA,NA,NA,NA,NA,NA,NA,NA,NA,NA,NA,NA,9.7,17.8,13.8,-163.4437047,-2.852630789,21,7.666666667
20/08/1996,16.63518,NA,NA,NA,NA,NA,NA,NA,NA,NA,NA,NA,NA,NA,NA,NA,NA,NA,NA,NA,NA,NA,0,15.5,11.7,-18.02067279,-0.314520074,18,5.916666667
21/08/1996,16.63792,NA,NA,NA,NA,NA,NA,NA,NA,NA,NA,NA,NA,NA,NA,NA,NA,NA,NA,NA,NA,NA,7.5,14,11.7,71.73439874,1.252001445,24,10.16666667
22/08/1996,16.64066,NA,NA,NA,NA,NA,NA,NA,NA,NA,NA,NA,NA,NA,NA,NA,NA,NA,NA,NA,NA,NA,1.1,17,13,144.605623,2.523844239,23,5.833333333
23/08/1996,16.64339,NA,NA,NA,NA,NA,NA,NA,NA,NA,NA,NA,NA,NA,NA,NA,NA,NA,NA,NA,NA,NA,0.1,17.2,12.4,144.1868813,2.516535817,20,7.583333333
24/08/1996,16.64613,NA,NA,NA,NA,NA,NA,NA,NA,NA,NA,NA,NA,NA,NA,NA,NA,NA,NA,NA,NA,NA,0.4,16.8,7.9,5.683459892,0.099195088,10,2.958333333
25/08/1996,16.64887,NA,NA,NA,NA,NA,NA,NA,NA,NA,NA,NA,NA,NA,NA,NA,NA,NA,NA,NA,NA,NA,0,15.5,7.8,-14.15348798,-0.247024966,NA,5.833333333
26/08/1996,16.65161,NA,NA,NA,NA,NA,NA,NA,NA,NA,NA,NA,NA,NA,NA,NA,NA,NA,NA,NA,NA,NA,0.1,15.4,11.4,1.662759186,0.029020622,19,8.958333333
27/08/1996,16.65435,NA,NA,NA,NA,NA,NA,NA,NA,NA,NA,NA,NA,NA,NA,NA,NA,NA,NA,NA,NA,NA,0,14.6,11.9,1.23148866,0.021493532,17,7.708333333
28/08/1996,16.65708,NA,NA,NA,NA,NA,NA,NA,NA,NA,NA,NA,NA,NA,NA,NA,NA,NA,NA,NA,NA,NA,0.2,13.5,9.7,5.185651202,0.090506687,16,5.625
29/08/1996,16.65982,NA,NA,NA,NA,NA,NA,NA,NA,NA,NA,NA,NA,NA,NA,NA,NA,NA,NA,NA,NA,NA,0.3,15.6,10,-97.26521558,-1.697598259,NA,3.5
30/08/1996,16.66256,NA,NA,NA,NA,NA,NA,NA,NA,NA,NA,NA,NA,NA,NA,NA,NA,NA,NA,NA,NA,NA,0.9,14.6,8.5,-71.64234562,-1.250394815,26,7.541666667
31/08/1996,16.66530,NA,NA,NA,NA,NA,NA,NA,NA,NA,NA,NA,NA,NA,NA,NA,NA,NA,NA,NA,NA,NA,0.7,16.3,8.4,-111.8541557,-1.952223298,21,7.875
01/09/1996,16.66804,NA,NA,NA,NA,NA,NA,NA,NA,NA,NA,NA,NA,NA,NA,NA,NA,NA,NA,NA,NA,NA,19.9,15.6,11.9,-144.3145139,-2.518763426,38,16.95833333
02/09/1996,16.67077,NA,NA,NA,NA,NA,NA,NA,NA,NA,NA,NA,NA,NA,NA,NA,NA,NA,NA,NA,NA,NA,0,16,13,-118.7909726,-2.073293594,NA,6.083333333
03/09/1996,16.67351,NA,NA,NA,NA,NA,NA,NA,NA,NA,NA,NA,NA,NA,NA,NA,NA,NA,NA,NA,NA,NA,0.8,16.4,12.5,116.6501064,2.035928429,9,2.625
04/09/1996,16.67625,NA,NA,NA,NA,NA,NA,NA,NA,NA,NA,NA,NA,NA,NA,NA,NA,NA,NA,NA,NA,NA,0,20.9,13.8,65.02020393,1.134816639,8,2.125
05/09/1996,16.67899,NA,NA,NA,NA,NA,NA,NA,NA,NA,NA,NA,NA,NA,NA,NA,NA,NA,NA,NA,NA,NA,0,18.3,12,41.37746451,0.722172992,NA,2.541666667
06/09/1996,16.68172,NA,NA,NA,NA,NA,NA,NA,NA,NA,NA,NA,NA,NA,NA,NA,NA,NA,NA,NA,NA,NA,0,16.9,11.1,-15.1850455,-0.265029041,NA,2.541666667
07/09/1996,16.68446,NA,NA,NA,NA,NA,NA,NA,NA,NA,NA,NA,NA,NA,NA,NA,NA,NA,NA,NA,NA,NA,0,15.5,12,31.70576154,0.553369931,21,5.75
08/09/1996,16.68720,NA,NA,NA,NA,NA,NA,NA,NA,NA,NA,NA,NA,NA,NA,NA,NA,NA,NA,NA,NA,NA,0,14.8,10.7,38.3650337,0.669596156,20,8.291666667
09/09/1996,16.68994,NA,NA,NA,NA,NA,NA,NA,NA,NA,NA,NA,NA,NA,NA,NA,NA,NA,NA,NA,NA,NA,0,15,8.9,-31.64540893,-0.552316579,20,7.041666667
10/09/1996,16.69268,NA,NA,NA,NA,NA,NA,NA,NA,NA,NA,NA,NA,NA,NA,NA,NA,NA,NA,NA,NA,NA,0,13.9,11.4,-38.01444838,-0.663477288,17,4.916666667
11/09/1996,16.69541,NA,NA,NA,NA,NA,NA,NA,NA,NA,NA,NA,NA,NA,NA,NA,NA,NA,NA,NA,NA,NA,0.5,14.9,10.5,-42.52096776,-0.742130889,28,11.45833333
12/09/1996,16.69815,NA,NA,NA,NA,NA,NA,NA,NA,NA,NA,NA,NA,NA,NA,NA,NA,NA,NA,NA,NA,NA,0,13.4,8.9,-6.69085183,-0.116777394,19,7.5
13/09/1996,16.70089,NA,NA,NA,NA,NA,NA,NA,NA,NA,NA,NA,NA,NA,NA,NA,NA,NA,NA,NA,NA,NA,0,13.9,6,-60.49785208,-1.055886709,11,1.958333333
14/09/1996,16.70363,NA,NA,NA,NA,NA,NA,NA,NA,NA,NA,NA,NA,NA,NA,NA,NA,NA,NA,NA,NA,NA,0.3,13.3,10.2,166.880601,2.912615945,12,3.5
15/09/1996,16.70637,NA,NA,NA,NA,NA,NA,NA,NA,NA,NA,NA,NA,NA,NA,NA,NA,NA,NA,NA,NA,NA,0.5,16.3,11.2,-170.7918124,-2.980879461,22,6.625
16/09/1996,16.70910,NA,NA,NA,NA,NA,NA,NA,NA,NA,NA,NA,NA,NA,NA,NA,NA,NA,NA,NA,NA,NA,0,16.5,11.1,168.1800473,2.935295562,23,8.541666667
17/09/1996,16.71184,NA,NA,NA,NA,NA,NA,NA,NA,NA,NA,NA,NA,NA,NA,NA,NA,NA,NA,NA,NA,NA,0,19.6,11,135.8226098,2.37055174,13,4.708333333
18/09/1996,16.71458,NA,NA,NA,NA,NA,NA,NA,NA,NA,NA,NA,NA,NA,NA,NA,NA,NA,NA,NA,NA,NA,0,16.5,10.1,124.2798573,2.169092704,18,6.083333333
19/09/1996,16.71732,NA,NA,NA,NA,NA,NA,NA,NA,NA,NA,NA,NA,NA,NA,NA,NA,NA,NA,NA,NA,NA,0,16.7,7,106.1736289,1.853079404,16,5.666666667
20/09/1996,16.72005,NA,NA,NA,NA,NA,NA,NA,NA,NA,NA,NA,NA,NA,NA,NA,NA,NA,NA,NA,NA,NA,0,16.1,9.4,103.7389966,1.810587054,22,8.875
21/09/1996,16.72279,NA,NA,NA,NA,NA,NA,NA,NA,NA,NA,NA,NA,NA,NA,NA,NA,NA,NA,NA,NA,NA,0,16.4,5,122.6167226,2.140065527,12,2.833333333
22/09/1996,16.72553,NA,NA,NA,NA,NA,NA,NA,NA,NA,NA,NA,NA,NA,NA,NA,NA,NA,NA,NA,NA,NA,0,15.6,6.1,165.552089,2.889429036,NA,5.833333333
23/09/1996,16.72827,NA,NA,NA,NA,NA,NA,NA,NA,NA,NA,NA,NA,NA,NA,NA,NA,NA,NA,NA,NA,NA,0,14.2,11,171.6427686,2.995731449,33,17.66666667
24/09/1996,16.73101,NA,NA,NA,NA,NA,NA,NA,NA,NA,NA,NA,NA,NA,NA,NA,NA,NA,NA,NA,NA,NA,5.6,13.3,11.5,174.9936457,3.054215288,35,18.29166667
25/09/1996,16.73374,NA,NA,NA,NA,NA,NA,NA,NA,NA,NA,NA,NA,NA,NA,NA,NA,NA,NA,NA,NA,NA,4.3,14.6,10.9,-159.9232371,-2.791187038,27,10
26/09/1996,16.73648,NA,NA,NA,NA,NA,NA,NA,NA,NA,NA,NA,NA,NA,NA,NA,NA,NA,NA,NA,NA,NA,8.6,14.5,11,-173.2470312,-3.023731114,40,18.91666667
27/09/1996,16.73922,NA,NA,NA,NA,NA,NA,NA,NA,NA,NA,NA,NA,NA,NA,NA,NA,NA,NA,NA,NA,NA,8.1,12.9,7.6,-137.5242139,-2.400250333,36,14.5
28/09/1996,16.74196,NA,NA,NA,NA,NA,NA,NA,NA,NA,NA,NA,NA,NA,NA,NA,NA,NA,NA,NA,NA,NA,17.2,12.5,6.5,-150.9039512,-2.633770803,32,12.45833333
29/09/1996,16.74470,NA,NA,NA,NA,NA,NA,NA,NA,NA,NA,NA,NA,NA,NA,NA,NA,NA,NA,NA,NA,NA,9.1,13.4,7,-123.6208526,-2.157590901,32,11.5
30/09/1996,16.74743,NA,NA,NA,NA,NA,NA,NA,NA,NA,NA,NA,NA,NA,NA,NA,NA,NA,NA,NA,NA,NA,2,13.6,6.7,-83.88149189,-1.464008215,24,8.541666667
01/10/1996,16.75017,NA,NA,NA,NA,NA,NA,NA,NA,NA,NA,NA,NA,NA,NA,NA,NA,NA,NA,NA,NA,NA,6.2,12.9,4.5,-105.4624936,-1.840667751,16,4.833333333
02/10/1996,16.75291,NA,NA,NA,NA,NA,NA,NA,NA,NA,NA,NA,NA,NA,NA,NA,NA,NA,NA,NA,NA,NA,1.5,12.2,3.1,-133.2104886,-2.324961625,43,11.45833333
03/10/1996,16.75565,NA,NA,NA,NA,NA,NA,NA,NA,NA,NA,NA,NA,NA,NA,NA,NA,NA,NA,NA,NA,NA,19.9,13.1,7.1,-127.3591168,-2.22283592,35,11.125
04/10/1996,16.75838,NA,NA,NA,NA,NA,NA,NA,NA,NA,NA,NA,NA,NA,NA,NA,NA,NA,NA,NA,NA,NA,8.6,11.4,6.5,-70.83811858,-1.236358405,35,16.29166667
05/10/1996,16.76112,NA,NA,NA,NA,NA,NA,NA,NA,NA,NA,NA,NA,NA,NA,NA,NA,NA,NA,NA,NA,NA,6.1,11.8,7.4,-84.7404832,-1.479000442,31,11.75
06/10/1996,16.76386,NA,NA,NA,NA,NA,NA,NA,NA,NA,NA,NA,NA,NA,NA,NA,NA,NA,NA,NA,NA,NA,4.2,14.2,10.8,-132.9549044,-2.320500838,31,16.16666667
07/10/1996,16.76660,NA,NA,NA,NA,NA,NA,NA,NA,NA,NA,NA,NA,NA,NA,NA,NA,NA,NA,NA,NA,NA,3.7,13.8,6.4,-125.2837123,-2.18661328,36,11.29166667
08/10/1996,16.76934,NA,NA,NA,NA,NA,NA,NA,NA,NA,NA,NA,NA,NA,NA,NA,NA,NA,NA,NA,NA,NA,0.3,13.5,5.8,-143.0928662,-2.497441651,38,13.5
09/10/1996,16.77207,NA,NA,NA,NA,NA,NA,NA,NA,NA,NA,NA,NA,NA,NA,NA,NA,NA,NA,NA,NA,NA,2.4,12,6.6,-101.6939981,-1.774895096,33,11.45833333
10/10/1996,16.77481,NA,NA,NA,NA,NA,NA,NA,NA,NA,NA,NA,NA,NA,NA,NA,NA,NA,NA,NA,NA,NA,0.3,11.1,4.6,-147.6033149,-2.576163832,28,10.20833333
11/10/1996,16.77755,NA,NA,NA,NA,NA,NA,NA,NA,NA,NA,NA,NA,NA,NA,NA,NA,NA,NA,NA,NA,NA,7.7,12.7,9.8,-163.874103,-2.860142657,53,24.875
12/10/1996,16.78029,NA,NA,NA,NA,NA,NA,NA,NA,NA,NA,NA,NA,NA,NA,NA,NA,NA,NA,NA,NA,NA,25,12.4,6.3,62.8713608,1.097312251,45,22.125
13/10/1996,16.78303,NA,NA,NA,NA,NA,NA,NA,NA,NA,NA,NA,NA,NA,NA,NA,NA,NA,NA,NA,NA,NA,9.4,14.4,7,105.0195602,1.832937105,40,18.75
14/10/1996,16.78576,NA,NA,NA,NA,NA,NA,NA,NA,NA,NA,NA,NA,NA,NA,NA,NA,NA,NA,NA,NA,NA,8.6,14.4,11.2,161.4598457,2.818005918,28,10.58333333
15/10/1996,16.78850,NA,NA,NA,NA,NA,NA,NA,NA,NA,NA,NA,NA,NA,NA,NA,NA,NA,NA,NA,NA,NA,14.7,12.9,7.5,-163.7922755,-2.858714497,NA,7.166666667
16/10/1996,16.79124,NA,NA,NA,NA,NA,NA,NA,NA,NA,NA,NA,NA,NA,NA,NA,NA,NA,NA,NA,NA,NA,8.7,11.1,3.8,171.1327605,2.986830129,31,9.125
17/10/1996,16.79398,NA,NA,NA,NA,NA,NA,NA,NA,NA,NA,NA,NA,NA,NA,NA,NA,NA,NA,NA,NA,NA,1.5,11.5,3,-174.1293309,-3.039130149,38,18.5
18/10/1996,16.79671,NA,NA,NA,NA,NA,NA,NA,NA,NA,NA,NA,NA,NA,NA,NA,NA,NA,NA,NA,NA,NA,8.7,12.2,8.4,171.2617845,2.989082022,46,20.54166667
19/10/1996,16.79945,NA,NA,NA,NA,NA,NA,NA,NA,NA,NA,NA,NA,NA,NA,NA,NA,NA,NA,NA,NA,NA,6.1,12.2,6.4,-107.8830753,-1.882914871,47,12.79166667
20/10/1996,16.80219,NA,NA,NA,NA,NA,NA,NA,NA,NA,NA,NA,NA,NA,NA,NA,NA,NA,NA,NA,NA,NA,4.1,13.9,7,-170.3877929,-2.973827991,28,15.41666667
21/10/1996,16.80493,NA,NA,NA,NA,NA,NA,NA,NA,NA,NA,NA,NA,NA,NA,NA,NA,NA,NA,NA,NA,NA,0.9,12.2,8.1,-130.7970684,-2.282839495,28,12.125
22/10/1996,16.80767,NA,NA,NA,NA,NA,NA,NA,NA,NA,NA,NA,NA,NA,NA,NA,NA,NA,NA,NA,NA,NA,4.9,14,8.6,176.8098074,3.08591329,38,15.375
23/10/1996,16.81040,NA,NA,NA,NA,NA,NA,NA,NA,NA,NA,NA,NA,NA,NA,NA,NA,NA,NA,NA,NA,NA,7,15.6,12.5,174.1603526,3.039671579,38,17.875
24/10/1996,16.81314,NA,NA,NA,NA,NA,NA,NA,NA,NA,NA,NA,NA,NA,NA,NA,NA,NA,NA,NA,NA,NA,3.9,15.5,11.5,170.1512218,2.969699048,35,13.83333333
25/10/1996,16.81588,NA,NA,NA,NA,NA,NA,NA,NA,NA,NA,NA,NA,NA,NA,NA,NA,NA,NA,NA,NA,NA,14.5,12.4,7.7,-123.0383273,-2.147423918,NA,5.291666667
26/10/1996,16.81862,NA,NA,NA,NA,NA,NA,NA,NA,NA,NA,NA,NA,NA,NA,NA,NA,NA,NA,NA,NA,NA,0,11.8,4.1,-73.62926225,-1.285073052,NA,3.291666667
27/10/1996,16.82136,NA,NA,NA,NA,NA,NA,NA,NA,NA,NA,NA,NA,NA,NA,NA,NA,NA,NA,NA,NA,NA,10,12.3,6.6,54.37765329,0.949069089,28,8.541666667
28/10/1996,16.82409,NA,NA,NA,NA,NA,NA,NA,NA,NA,NA,NA,NA,NA,NA,NA,NA,NA,NA,NA,NA,NA,1.2,10.2,5.4,24.18912772,0.422179922,36,18.45833333
29/10/1996,16.82683,NA,NA,NA,NA,NA,NA,NA,NA,NA,NA,NA,NA,NA,NA,NA,NA,NA,NA,NA,NA,NA,1.2,7.4,3.6,-59.40247869,-1.036768837,32,11.25
30/10/1996,16.82957,NA,NA,NA,NA,NA,NA,NA,NA,NA,NA,NA,NA,NA,NA,NA,NA,NA,NA,NA,NA,NA,4.3,10.5,5.7,-127.3969828,-2.223496807,23,9.791666667
31/10/1996,16.83231,NA,NA,NA,NA,NA,NA,NA,NA,NA,NA,NA,NA,NA,NA,NA,NA,NA,NA,NA,NA,NA,15.9,12.3,7.8,-119.8159454,-2.091182744,33,15.04166667
01/11/1996,16.83504,NA,NA,NA,NA,NA,NA,NA,NA,NA,NA,NA,NA,NA,NA,NA,NA,NA,NA,NA,NA,NA,12.1,14.1,5.7,-130.69864,-2.281121595,43,18.91666667
02/11/1996,16.83778,NA,NA,NA,NA,NA,NA,NA,NA,NA,NA,NA,NA,NA,NA,NA,NA,NA,NA,NA,NA,NA,6.8,12.6,9.3,-118.6451331,-2.070748215,44,19.16666667
03/11/1996,16.84052,NA,NA,NA,NA,NA,NA,NA,NA,NA,NA,NA,NA,NA,NA,NA,NA,NA,NA,NA,NA,NA,21.7,12.4,8,-108.3090723,-1.890349921,35,12.33333333
04/11/1996,16.84326,NA,NA,NA,NA,NA,NA,NA,NA,NA,NA,NA,NA,NA,NA,NA,NA,NA,NA,NA,NA,NA,18.1,11.6,4.1,138.5875247,2.418808608,35,11.20833333
05/11/1996,16.84600,NA,NA,NA,NA,NA,NA,NA,NA,NA,NA,NA,NA,NA,NA,NA,NA,NA,NA,NA,NA,NA,13.2,8.6,1.6,-65.92332702,-1.15057911,35,11.66666667
06/11/1996,16.84873,NA,NA,NA,NA,NA,NA,NA,NA,NA,NA,NA,NA,NA,NA,NA,NA,NA,NA,NA,NA,NA,15.4,9,0.9,-38.29351178,-0.668347863,51,15.59090909
07/11/1996,16.85147,NA,NA,NA,NA,NA,NA,NA,NA,NA,NA,NA,NA,NA,NA,NA,NA,NA,NA,NA,NA,NA,2.8,4.7,-0.3,-84.70842136,-1.478440857,23,8.25
08/11/1996,16.85421,NA,NA,NA,NA,NA,NA,NA,NA,NA,NA,NA,NA,NA,NA,NA,NA,NA,NA,NA,NA,NA,16.6,7.5,-1.4,-120.3356651,-2.100253563,43,9.333333333
09/11/1996,16.85695,NA,NA,NA,NA,NA,NA,NA,NA,NA,NA,NA,NA,NA,NA,NA,NA,NA,NA,NA,NA,NA,2,6.6,-0.5,-84.76070543,-1.479353386,41,11.29166667
10/11/1996,16.85969,NA,NA,NA,NA,NA,NA,NA,NA,NA,NA,NA,NA,NA,NA,NA,NA,NA,NA,NA,NA,NA,1.3,7.8,0.9,-109.2528808,-1.906822487,19,4.25
11/11/1996,16.86242,NA,NA,NA,NA,NA,NA,NA,NA,NA,NA,NA,NA,NA,NA,NA,NA,NA,NA,NA,NA,NA,8.5,8.4,1.3,52.81265126,0.921754651,29,10.25
12/11/1996,16.86516,NA,NA,NA,NA,NA,NA,NA,NA,NA,NA,NA,NA,NA,NA,NA,NA,NA,NA,NA,NA,NA,1.2,8.2,1.5,-35.40375788,-0.617912143,23,7.833333333
13/11/1996,16.86790,NA,NA,NA,NA,NA,NA,NA,NA,NA,NA,NA,NA,NA,NA,NA,NA,NA,NA,NA,NA,NA,3.5,9.1,3.1,-113.429678,-1.97972135,14,6.166666667
14/11/1996,16.87064,NA,NA,NA,NA,NA,NA,NA,NA,NA,NA,NA,NA,NA,NA,NA,NA,NA,NA,NA,NA,NA,2,11,8.2,-105.4487403,-1.84042771,20,9.5
15/11/1996,16.87337,NA,NA,NA,NA,NA,NA,NA,NA,NA,NA,NA,NA,NA,NA,NA,NA,NA,NA,NA,NA,NA,0.4,10.1,6.1,-127.4856207,-2.22504383,15,6.708333333
16/11/1996,16.87611,NA,NA,NA,NA,NA,NA,NA,NA,NA,NA,NA,NA,NA,NA,NA,NA,NA,NA,NA,NA,NA,12.9,10.9,4.6,-82.46576055,-1.439299042,38,11.95833333
17/11/1996,16.87885,NA,NA,NA,NA,NA,NA,NA,NA,NA,NA,NA,NA,NA,NA,NA,NA,NA,NA,NA,NA,NA,3.4,5.1,-0.3,-42.26077846,-0.737589729,27,6.875
18/11/1996,16.88159,NA,NA,NA,NA,NA,NA,NA,NA,NA,NA,NA,NA,NA,NA,NA,NA,NA,NA,NA,NA,NA,0.2,2.2,-3,-145.2100304,-2.534393138,16,4.5
19/11/1996,16.88433,NA,NA,NA,NA,NA,NA,NA,NA,NA,NA,NA,NA,NA,NA,NA,NA,NA,NA,NA,NA,NA,0.8,3.6,-0.1,50.39788287,0.879608992,32,10.16666667
20/11/1996,16.88706,NA,NA,NA,NA,NA,NA,NA,NA,NA,NA,NA,NA,NA,NA,NA,NA,NA,NA,NA,NA,NA,8.1,2.4,-2.3,-24.63561146,-0.429972533,27,8.875
21/11/1996,16.88980,NA,NA,NA,NA,NA,NA,NA,NA,NA,NA,NA,NA,NA,NA,NA,NA,NA,NA,NA,NA,NA,0.4,2.4,-1.6,-70.25707641,-1.226217306,18,4.5
22/11/1996,16.89254,NA,NA,NA,NA,NA,NA,NA,NA,NA,NA,NA,NA,NA,NA,NA,NA,NA,NA,NA,NA,NA,1.8,2.6,-2.6,-70.15238024,-1.224390013,38,9.708333333
23/11/1996,16.89528,NA,NA,NA,NA,NA,NA,NA,NA,NA,NA,NA,NA,NA,NA,NA,NA,NA,NA,NA,NA,NA,17.3,4.9,0.9,-22.70136187,-0.396213509,41,14.70833333
24/11/1996,16.89802,NA,NA,NA,NA,NA,NA,NA,NA,NA,NA,NA,NA,NA,NA,NA,NA,NA,NA,NA,NA,NA,4.7,5.1,2.1,103.1129936,1.799661241,35,13.625
25/11/1996,16.90075,NA,NA,NA,NA,NA,NA,NA,NA,NA,NA,NA,NA,NA,NA,NA,NA,NA,NA,NA,NA,NA,1.9,7.1,3.2,49.11677174,0.857249385,42,20.83333333
26/11/1996,16.90349,NA,NA,NA,NA,NA,NA,NA,NA,NA,NA,NA,NA,NA,NA,NA,NA,NA,NA,NA,NA,NA,0.3,5.6,2,116.4372557,2.032213483,21,9.916666667
27/11/1996,16.90623,NA,NA,NA,NA,NA,NA,NA,NA,NA,NA,NA,NA,NA,NA,NA,NA,NA,NA,NA,NA,NA,0.2,7.1,3.6,158.2495131,2.761975043,35,16.75
28/11/1996,16.90897,NA,NA,NA,NA,NA,NA,NA,NA,NA,NA,NA,NA,NA,NA,NA,NA,NA,NA,NA,NA,NA,12.8,7.2,1.4,-153.9253951,-2.686504947,60,17.375
29/11/1996,16.91170,NA,NA,NA,NA,NA,NA,NA,NA,NA,NA,NA,NA,NA,NA,NA,NA,NA,NA,NA,NA,NA,6.9,7.8,2,-115.6541592,-2.018545872,42,15.33333333
30/11/1996,16.91444,NA,NA,NA,NA,NA,NA,NA,NA,NA,NA,NA,NA,NA,NA,NA,NA,NA,NA,NA,NA,NA,0.6,8,3.9,2.527816481,0.04411872,40,10.58333333
01/12/1996,16.91718,NA,NA,NA,NA,NA,NA,NA,NA,NA,NA,NA,NA,NA,NA,NA,NA,NA,NA,NA,NA,NA,11.6,9.2,4.1,-114.4571927,-1.997654866,51,19.875
02/12/1996,16.91992,NA,NA,NA,NA,NA,NA,NA,NA,NA,NA,NA,NA,NA,NA,NA,NA,NA,NA,NA,NA,NA,10.1,8.1,4.2,-80.81309624,-1.410454608,59,24.16666667
03/12/1996,16.92266,NA,NA,NA,NA,NA,NA,NA,NA,NA,NA,NA,NA,NA,NA,NA,NA,NA,NA,NA,NA,NA,0.3,5,-2.1,-102.9909218,-1.797530686,28,4.458333333
04/12/1996,16.92539,NA,NA,NA,NA,NA,NA,NA,NA,NA,NA,NA,NA,NA,NA,NA,NA,NA,NA,NA,NA,NA,2.8,6.3,-2.1,-8.251170795,-0.144010098,37,15.16666667
05/12/1996,16.92813,NA,NA,NA,NA,NA,NA,NA,NA,NA,NA,NA,NA,NA,NA,NA,NA,NA,NA,NA,NA,NA,3.9,5.1,-1.9,-71.63019586,-1.250182762,26,4.791666667
06/12/1996,16.93087,NA,NA,NA,NA,NA,NA,NA,NA,NA,NA,NA,NA,NA,NA,NA,NA,NA,NA,NA,NA,NA,2.1,6.5,-0.9,-148.7909979,-2.596892811,40,9.708333333
07/12/1996,16.93361,NA,NA,NA,NA,NA,NA,NA,NA,NA,NA,NA,NA,NA,NA,NA,NA,NA,NA,NA,NA,NA,2.6,10.9,5.7,-166.649166,-2.908576642,54,28.75
08/12/1996,16.93634,NA,NA,NA,NA,NA,NA,NA,NA,NA,NA,NA,NA,NA,NA,NA,NA,NA,NA,NA,NA,NA,1.6,11.1,9.8,-164.5684955,-2.872262092,41,17.83333333
09/12/1996,16.93908,NA,NA,NA,NA,NA,NA,NA,NA,NA,NA,NA,NA,NA,NA,NA,NA,NA,NA,NA,NA,NA,2.4,10.4,8,-162.5425251,-2.836902238,29,10.58333333
10/12/1996,16.94182,NA,NA,NA,NA,NA,NA,NA,NA,NA,NA,NA,NA,NA,NA,NA,NA,NA,NA,NA,NA,NA,0.6,9.8,7.7,10.25437371,0.178972584,7,2.583333333
11/12/1996,16.94456,NA,NA,NA,NA,NA,NA,NA,NA,NA,NA,NA,NA,NA,NA,NA,NA,NA,NA,NA,NA,NA,0.3,8.9,4.5,-93.70578206,-1.635474425,NA,2.541666667
12/12/1996,16.94730,NA,NA,NA,NA,NA,NA,NA,NA,NA,NA,NA,NA,NA,NA,NA,NA,NA,NA,NA,NA,NA,1.8,8,2.5,2.797249319,0.048821211,42,16.875
13/12/1996,16.95003,NA,NA,NA,NA,NA,NA,NA,NA,NA,NA,NA,NA,NA,NA,NA,NA,NA,NA,NA,NA,NA,1.2,4.2,-2.3,-106.5919186,-1.860379935,23,9.125
14/12/1996,16.95277,NA,NA,NA,NA,NA,NA,NA,NA,NA,NA,NA,NA,NA,NA,NA,NA,NA,NA,NA,NA,NA,4.5,7.9,3.9,-100.7946018,-1.75919767,45,15.70833333
15/12/1996,16.95551,NA,NA,NA,NA,NA,NA,NA,NA,NA,NA,NA,NA,NA,NA,NA,NA,NA,NA,NA,NA,NA,4.7,6.1,4,-96.46201778,-1.683579813,36,7.625
16/12/1996,16.95825,NA,NA,NA,NA,NA,NA,NA,NA,NA,NA,NA,NA,NA,NA,NA,NA,NA,NA,NA,NA,NA,4.9,8.1,4.8,-159.6455712,-2.786340854,NA,3.25
17/12/1996,16.96099,NA,NA,NA,NA,NA,NA,NA,NA,NA,NA,NA,NA,NA,NA,NA,NA,NA,NA,NA,NA,NA,0.9,8.1,3.4,169.932548,2.965882469,15,4.5
18/12/1996,16.96372,NA,NA,NA,NA,NA,NA,NA,NA,NA,NA,NA,NA,NA,NA,NA,NA,NA,NA,NA,NA,NA,0.5,7.3,3.9,91.30963522,1.593653773,38,13.41666667
19/12/1996,16.96646,NA,NA,NA,NA,NA,NA,NA,NA,NA,NA,NA,NA,NA,NA,NA,NA,NA,NA,NA,NA,NA,0,5.4,3,110,1.919862177,31,14.625
20/12/1996,16.96920,NA,NA,NA,NA,NA,NA,NA,NA,NA,NA,NA,NA,NA,NA,NA,NA,NA,NA,NA,NA,NA,0,4.6,2.7,109.5841366,1.912603991,26,12.125
21/12/1996,16.97194,NA,NA,NA,NA,NA,NA,NA,NA,NA,NA,NA,NA,NA,NA,NA,NA,NA,NA,NA,NA,NA,0,3.7,-2.8,99.91183505,1.743790483,NA,2.5
22/12/1996,16.97467,NA,NA,NA,NA,NA,NA,NA,NA,NA,NA,NA,NA,NA,NA,NA,NA,NA,NA,NA,NA,NA,0,3.2,-4,-30.75522119,-0.536779872,NA,1.583333333
23/12/1996,16.97741,NA,NA,NA,NA,NA,NA,NA,NA,NA,NA,NA,NA,NA,NA,NA,NA,NA,NA,NA,NA,NA,0,4.1,-4,69.26890003,1.208970375,6,1.166666667
24/12/1996,16.98015,NA,NA,NA,NA,NA,NA,NA,NA,NA,NA,NA,NA,NA,NA,NA,NA,NA,NA,NA,NA,NA,1.3,5,-2,-39.24049005,-0.684875751,NA,1.75
25/12/1996,16.98289,NA,NA,NA,NA,NA,NA,NA,NA,NA,NA,NA,NA,NA,NA,NA,NA,NA,NA,NA,NA,NA,0,5.3,0.1,-139.6044398,-2.436557126,NA,5.458333333
26/12/1996,16.98563,NA,NA,NA,NA,NA,NA,NA,NA,NA,NA,NA,NA,NA,NA,NA,NA,NA,NA,NA,NA,NA,5.8,6.5,2.7,-134.5974385,-2.349168466,33,12.29166667
27/12/1996,16.98836,NA,NA,NA,NA,NA,NA,NA,NA,NA,NA,NA,NA,NA,NA,NA,NA,NA,NA,NA,NA,NA,1.7,5.9,-0.5,-45.50981062,-0.794296037,25,3.75
28/12/1996,16.99110,NA,NA,NA,NA,NA,NA,NA,NA,NA,NA,NA,NA,NA,NA,NA,NA,NA,NA,NA,NA,NA,0,5.9,-1,103.7358488,1.810532115,NA,3.125
29/12/1996,16.99384,NA,NA,NA,NA,NA,NA,NA,NA,NA,NA,NA,NA,NA,NA,NA,NA,NA,NA,NA,NA,NA,0.5,5.2,-1.9,-35.20622837,-0.614464602,NA,3.5
30/12/1996,16.99658,NA,NA,NA,NA,NA,NA,NA,NA,NA,NA,NA,NA,NA,NA,NA,NA,NA,NA,NA,NA,NA,0.6,7.3,2.8,57.27941499,0.999714385,25,10.33333333
31/12/1996,16.99932,NA,NA,NA,NA,NA,NA,NA,NA,NA,NA,NA,NA,NA,NA,NA,NA,NA,NA,NA,NA,NA,0,4.1,0,92.46460333,1.61381177,NA,5.5
01/01/1997,17.00205,NA,NA,NA,NA,NA,NA,NA,NA,NA,NA,NA,NA,NA,NA,NA,NA,NA,NA,NA,NA,NA,0.8,4.2,-3.4,-78.95356439,-1.377999655,NA,4.125
02/01/1997,17.00479,NA,NA,NA,NA,NA,NA,NA,NA,NA,NA,NA,NA,NA,NA,NA,NA,NA,NA,NA,NA,NA,2.7,6.2,2.2,58.3450076,1.018312485,22,6.75
03/01/1997,17.00753,NA,NA,NA,NA,NA,NA,NA,NA,NA,NA,NA,NA,NA,NA,NA,NA,NA,NA,NA,NA,NA,0,5,-2.1,72.47843216,1.264987278,20,3.666666667
04/01/1997,17.01027,NA,NA,NA,NA,NA,NA,NA,NA,NA,NA,NA,NA,NA,NA,NA,NA,NA,NA,NA,NA,NA,0,4,-3.7,-60.3089192,-1.052589208,NA,2
05/01/1997,17.01300,NA,NA,NA,NA,NA,NA,NA,NA,NA,NA,NA,NA,NA,NA,NA,NA,NA,NA,NA,NA,NA,0,4.1,-3.8,-77.15638035,-1.346632876,NA,2.5
06/01/1997,17.01574,NA,NA,NA,NA,NA,NA,NA,NA,NA,NA,NA,NA,NA,NA,NA,NA,NA,NA,NA,NA,NA,0.4,3.6,-2,-51.58629511,-0.900350699,NA,2
07/01/1997,17.01848,NA,NA,NA,NA,NA,NA,NA,NA,NA,NA,NA,NA,NA,NA,NA,NA,NA,NA,NA,NA,NA,0,5,-0.7,-118.5188238,-2.068543701,11,3.25
08/01/1997,17.02122,NA,NA,NA,NA,NA,NA,NA,NA,NA,NA,NA,NA,NA,NA,NA,NA,NA,NA,NA,NA,NA,0.5,3.9,-1.1,-80.41701933,-1.403541762,12,2.583333333
09/01/1997,17.02396,NA,NA,NA,NA,NA,NA,NA,NA,NA,NA,NA,NA,NA,NA,NA,NA,NA,NA,NA,NA,NA,0,3.7,-0.7,154.1600999,2.690601319,13,4.416666667
10/01/1997,17.02669,NA,NA,NA,NA,NA,NA,NA,NA,NA,NA,NA,NA,NA,NA,NA,NA,NA,NA,NA,NA,NA,0,4.6,2.1,133.7038028,2.333571581,17,5.375
11/01/1997,17.02943,NA,NA,NA,NA,NA,NA,NA,NA,NA,NA,NA,NA,NA,NA,NA,NA,NA,NA,NA,NA,NA,28.2,10.1,3,172.7028538,3.014233426,37,15
12/01/1997,17.03217,NA,NA,NA,NA,NA,NA,NA,NA,NA,NA,NA,NA,NA,NA,NA,NA,NA,NA,NA,NA,NA,29.7,10.6,7.3,-143.2568637,-2.500303947,39,8.041666667
13/01/1997,17.03491,NA,NA,NA,NA,NA,NA,NA,NA,NA,NA,NA,NA,NA,NA,NA,NA,NA,NA,NA,NA,NA,10.9,11,8.7,-148.3684636,-2.589518197,57,21.58333333
14/01/1997,17.03765,NA,NA,NA,NA,NA,NA,NA,NA,NA,NA,NA,NA,NA,NA,NA,NA,NA,NA,NA,NA,NA,5.9,10.6,8.1,-155.4997729,-2.713983022,44,23.58333333
15/01/1997,17.04038,NA,NA,NA,NA,NA,NA,NA,NA,NA,NA,NA,NA,NA,NA,NA,NA,NA,NA,NA,NA,NA,0,9.4,6.5,-158.8542704,-2.772530049,26,9.666666667
16/01/1997,17.04312,NA,NA,NA,NA,NA,NA,NA,NA,NA,NA,NA,NA,NA,NA,NA,NA,NA,NA,NA,NA,NA,0,8.6,5.4,-170.4362125,-2.974673073,33,14.875
17/01/1997,17.04586,NA,NA,NA,NA,NA,NA,NA,NA,NA,NA,NA,NA,NA,NA,NA,NA,NA,NA,NA,NA,NA,7.2,9,5.4,-169.2931961,-2.954723673,31,12.58333333
18/01/1997,17.04860,NA,NA,NA,NA,NA,NA,NA,NA,NA,NA,NA,NA,NA,NA,NA,NA,NA,NA,NA,NA,NA,1.6,7.4,4.1,-142.5830695,-2.488544021,22,6.333333333
19/01/1997,17.05133,NA,NA,NA,NA,NA,NA,NA,NA,NA,NA,NA,NA,NA,NA,NA,NA,NA,NA,NA,NA,NA,1.7,6.2,1.4,-10.52237358,-0.183650064,24,7.291666667
20/01/1997,17.05407,NA,NA,NA,NA,NA,NA,NA,NA,NA,NA,NA,NA,NA,NA,NA,NA,NA,NA,NA,NA,NA,0,6.2,-0.8,-124.0177496,-2.164518061,28,6.818181818
21/01/1997,17.05681,NA,NA,NA,NA,NA,NA,NA,NA,NA,NA,NA,NA,NA,NA,NA,NA,NA,NA,NA,NA,NA,0,8.1,5.1,-144.1624837,-2.516109998,40,21.33333333
22/01/1997,17.05955,NA,NA,NA,NA,NA,NA,NA,NA,NA,NA,NA,NA,NA,NA,NA,NA,NA,NA,NA,NA,NA,1.9,7.4,4.4,-138.0656977,-2.409701008,37,13.25
23/01/1997,17.06229,NA,NA,NA,NA,NA,NA,NA,NA,NA,NA,NA,NA,NA,NA,NA,NA,NA,NA,NA,NA,NA,5.6,6.9,4.2,139.2866854,2.431011264,35,10.625
24/01/1997,17.06502,NA,NA,NA,NA,NA,NA,NA,NA,NA,NA,NA,NA,NA,NA,NA,NA,NA,NA,NA,NA,NA,5.7,7.7,2.4,-142.588234,-2.488634158,42,13.41666667
25/01/1997,17.06776,NA,NA,NA,NA,NA,NA,NA,NA,NA,NA,NA,NA,NA,NA,NA,NA,NA,NA,NA,NA,NA,0.2,9,2.5,-162.5047687,-2.836243264,34,16.75
26/01/1997,17.07050,NA,NA,NA,NA,NA,NA,NA,NA,NA,NA,NA,NA,NA,NA,NA,NA,NA,NA,NA,NA,NA,2.4,9.1,4.4,-124.7951201,-2.178085736,40,15.66666667
27/01/1997,17.07324,NA,NA,NA,NA,NA,NA,NA,NA,NA,NA,NA,NA,NA,NA,NA,NA,NA,NA,NA,NA,NA,2.9,7.5,1.4,-99.16542009,-1.730763085,22,7.291666667
28/01/1997,17.07598,NA,NA,NA,NA,NA,NA,NA,NA,NA,NA,NA,NA,NA,NA,NA,NA,NA,NA,NA,NA,NA,0.9,7.9,5.3,-114.7226987,-2.002288819,16,5.375
29/01/1997,17.07871,NA,NA,NA,NA,NA,NA,NA,NA,NA,NA,NA,NA,NA,NA,NA,NA,NA,NA,NA,NA,NA,0,8.8,5.3,-144.5620354,-2.523083491,22,9.541666667
30/01/1997,17.08145,NA,NA,NA,NA,NA,NA,NA,NA,NA,NA,NA,NA,NA,NA,NA,NA,NA,NA,NA,NA,NA,0,9.8,3.9,-125.4971048,-2.190337681,19,7.458333333
31/01/1997,17.08419,NA,NA,NA,NA,NA,NA,NA,NA,NA,NA,NA,NA,NA,NA,NA,NA,NA,NA,NA,NA,NA,0,8.8,2.2,167.6900984,2.92674434,NA,5.375
01/02/1997,17.08693,NA,NA,NA,NA,NA,NA,NA,NA,NA,NA,NA,NA,NA,NA,NA,NA,NA,NA,NA,NA,NA,4,7.1,4.9,-175.3463544,-3.060371216,49,21.66666667
02/02/1997,17.08966,NA,NA,NA,NA,NA,NA,NA,NA,NA,NA,NA,NA,NA,NA,NA,NA,NA,NA,NA,NA,NA,6,8.1,1.8,-118.226667,-2.063444603,55,15.5
03/02/1997,17.09240,NA,NA,NA,NA,NA,NA,NA,NA,NA,NA,NA,NA,NA,NA,NA,NA,NA,NA,NA,NA,NA,36.9,9.6,3.5,-137.8621286,-2.406148059,61,26.75
04/02/1997,17.09514,NA,NA,NA,NA,NA,NA,NA,NA,NA,NA,NA,NA,NA,NA,NA,NA,NA,NA,NA,NA,NA,2.6,6.3,0.3,-87.42171957,-1.525796844,21,6.75
05/02/1997,17.09788,NA,NA,NA,NA,NA,NA,NA,NA,NA,NA,NA,NA,NA,NA,NA,NA,NA,NA,NA,NA,NA,3.2,6.7,0.2,-133.8350025,-2.335861447,33,13.5
06/02/1997,17.10062,NA,NA,NA,NA,NA,NA,NA,NA,NA,NA,NA,NA,NA,NA,NA,NA,NA,NA,NA,NA,NA,23.8,10.1,5.9,-155.5079071,-2.714124991,65,32.66666667
07/02/1997,17.10335,NA,NA,NA,NA,NA,NA,NA,NA,NA,NA,NA,NA,NA,NA,NA,NA,NA,NA,NA,NA,NA,10.7,6.6,1.2,-104.5479855,-1.824706574,46,18.66666667
08/02/1997,17.10609,NA,NA,NA,NA,NA,NA,NA,NA,NA,NA,NA,NA,NA,NA,NA,NA,NA,NA,NA,NA,NA,24.6,9.4,3.2,-151.285684,-2.640433296,47,23.08333333
09/02/1997,17.10883,NA,NA,NA,NA,NA,NA,NA,NA,NA,NA,NA,NA,NA,NA,NA,NA,NA,NA,NA,NA,NA,10.6,9.2,5.6,-134.9478923,-2.355285039,61,21.41666667
10/02/1997,17.11157,NA,NA,NA,NA,NA,NA,NA,NA,NA,NA,NA,NA,NA,NA,NA,NA,NA,NA,NA,NA,NA,43.2,8.7,0.4,-124.9747952,-2.181221659,43,14.5
11/02/1997,17.11431,NA,NA,NA,NA,NA,NA,NA,NA,NA,NA,NA,NA,NA,NA,NA,NA,NA,NA,NA,NA,NA,7.3,6.2,1.1,-123.2501829,-2.151121496,35,12.125
12/02/1997,17.11704,NA,NA,NA,NA,NA,NA,NA,NA,NA,NA,NA,NA,NA,NA,NA,NA,NA,NA,NA,NA,NA,22.6,5.8,0.6,53.25957095,0.929554871,29,10.91666667
13/02/1997,17.11978,NA,NA,NA,NA,NA,NA,NA,NA,NA,NA,NA,NA,NA,NA,NA,NA,NA,NA,NA,NA,NA,24.2,6.1,1.9,-46.57830475,-0.812944778,35,9.75
14/02/1997,17.12252,NA,NA,NA,NA,NA,NA,NA,NA,NA,NA,NA,NA,NA,NA,NA,NA,NA,NA,NA,NA,NA,2.7,6.7,0.6,-95.28927101,-1.663111521,25,9.25
15/02/1997,17.12526,NA,NA,NA,NA,NA,NA,NA,NA,NA,NA,NA,NA,NA,NA,NA,NA,NA,NA,NA,NA,NA,3.8,7.4,1.1,-144.3986789,-2.520232382,32,11.70833333
16/02/1997,17.12799,NA,NA,NA,NA,NA,NA,NA,NA,NA,NA,NA,NA,NA,NA,NA,NA,NA,NA,NA,NA,NA,3.9,9,6,156.9858332,2.739919669,45,22.45833333
17/02/1997,17.13073,NA,NA,NA,NA,NA,NA,NA,NA,NA,NA,NA,NA,NA,NA,NA,NA,NA,NA,NA,NA,NA,38.8,10,5.4,-165.3575965,-2.886034502,61,27.45833333
18/02/1997,17.13347,NA,NA,NA,NA,NA,NA,NA,NA,NA,NA,NA,NA,NA,NA,NA,NA,NA,NA,NA,NA,NA,9.6,6.8,0.2,-125.1959501,-2.185081539,48,16.16666667
19/02/1997,17.13621,NA,NA,NA,NA,NA,NA,NA,NA,NA,NA,NA,NA,NA,NA,NA,NA,NA,NA,NA,NA,NA,51.3,9.1,0.1,-155.1624368,-2.708095398,61,28.125
20/02/1997,17.13895,NA,NA,NA,NA,NA,NA,NA,NA,NA,NA,NA,NA,NA,NA,NA,NA,NA,NA,NA,NA,NA,7.5,6.4,1.2,-119.0364117,-2.077577315,58,21.29166667
21/02/1997,17.14168,NA,NA,NA,NA,NA,NA,NA,NA,NA,NA,NA,NA,NA,NA,NA,NA,NA,NA,NA,NA,NA,17.6,10.4,0.4,-115.5733582,-2.017135629,53,23.08333333
22/02/1997,17.14442,NA,NA,NA,NA,NA,NA,NA,NA,NA,NA,NA,NA,NA,NA,NA,NA,NA,NA,NA,NA,NA,47.3,11.3,4.2,-140.7372964,-2.456329203,62,22.58333333
23/02/1997,17.14716,NA,NA,NA,NA,NA,NA,NA,NA,NA,NA,NA,NA,NA,NA,NA,NA,NA,NA,NA,NA,NA,18.1,9.3,3.4,172.2909009,3.007043492,63,21.08333333
24/02/1997,17.14990,NA,NA,NA,NA,NA,NA,NA,NA,NA,NA,NA,NA,NA,NA,NA,NA,NA,NA,NA,NA,NA,23,7.2,2.5,-161.4850279,-2.81844543,46,22.41666667
25/02/1997,17.15264,NA,NA,NA,NA,NA,NA,NA,NA,NA,NA,NA,NA,NA,NA,NA,NA,NA,NA,NA,NA,NA,6.1,6.8,0.4,-38.57914756,-0.673333148,36,14
26/02/1997,17.15537,NA,NA,NA,NA,NA,NA,NA,NA,NA,NA,NA,NA,NA,NA,NA,NA,NA,NA,NA,NA,NA,1.4,6.4,-1,-112.9044307,-1.970554055,27,6.333333333
27/02/1997,17.15811,NA,NA,NA,NA,NA,NA,NA,NA,NA,NA,NA,NA,NA,NA,NA,NA,NA,NA,NA,NA,NA,22.8,10.1,2.4,NA,NA,60,NA
28/02/1997,17.16085,NA,NA,NA,NA,NA,NA,NA,NA,NA,NA,NA,NA,NA,NA,NA,NA,NA,NA,NA,NA,NA,15.6,10,2.4,NA,NA,54,NA
01/03/1997,17.16359,NA,NA,NA,NA,NA,NA,NA,NA,NA,NA,NA,NA,NA,NA,NA,NA,NA,NA,NA,NA,NA,45,9.9,2.8,NA,NA,48,NA
02/03/1997,17.16632,NA,NA,NA,NA,NA,NA,NA,NA,NA,NA,NA,NA,NA,NA,NA,NA,NA,NA,NA,NA,NA,9.1,7.8,2.8,-102.4093314,-1.787380018,70,28.625
03/03/1997,17.16906,NA,NA,NA,NA,NA,NA,NA,NA,NA,NA,NA,NA,NA,NA,NA,NA,NA,NA,NA,NA,NA,1.8,8.8,2.1,-121.2489846,-2.116193996,38,16.95833333
04/03/1997,17.17180,NA,NA,NA,NA,NA,NA,NA,NA,NA,NA,NA,NA,NA,NA,NA,NA,NA,NA,NA,NA,NA,0,7.6,4.5,-149.9872268,-2.617770944,46,25.04166667
05/03/1997,17.17454,NA,NA,NA,NA,NA,NA,NA,NA,NA,NA,NA,NA,NA,NA,NA,NA,NA,NA,NA,NA,NA,9.6,8,2,-126.8399173,-2.21377418,51,20.25
06/03/1997,17.17728,NA,NA,NA,NA,NA,NA,NA,NA,NA,NA,NA,NA,NA,NA,NA,NA,NA,NA,NA,NA,NA,0.5,8.4,2.1,-159.6338567,-2.786136397,66,24.75
07/03/1997,17.18001,NA,NA,NA,NA,NA,NA,NA,NA,NA,NA,NA,NA,NA,NA,NA,NA,NA,NA,NA,NA,NA,3.5,9.5,2.4,-130.953779,-2.285574611,59,15.625
08/03/1997,17.18275,NA,NA,NA,NA,NA,NA,NA,NA,NA,NA,NA,NA,NA,NA,NA,NA,NA,NA,NA,NA,NA,0.2,8.8,1.7,-143.9840497,-2.512995737,44,18.58333333
09/03/1997,17.18549,NA,NA,NA,NA,NA,NA,NA,NA,NA,NA,NA,NA,NA,NA,NA,NA,NA,NA,NA,NA,NA,0,9.2,5.5,-160.368,-2.798949616,34,17.66666667
10/03/1997,17.18823,NA,NA,NA,NA,NA,NA,NA,NA,NA,NA,NA,NA,NA,NA,NA,NA,NA,NA,NA,NA,NA,0.4,11.1,5.1,-156.6999559,-2.734930168,29,14.25
11/03/1997,17.19097,NA,NA,NA,NA,NA,NA,NA,NA,NA,NA,NA,NA,NA,NA,NA,NA,NA,NA,NA,NA,NA,0.1,11,5.6,176.0490989,3.07263642,25,5.291666667
12/03/1997,17.19370,NA,NA,NA,NA,NA,NA,NA,NA,NA,NA,NA,NA,NA,NA,NA,NA,NA,NA,NA,NA,NA,2.1,11.1,6,-133.0240595,-2.321707823,26,12.95833333
13/03/1997,17.19644,NA,NA,NA,NA,NA,NA,NA,NA,NA,NA,NA,NA,NA,NA,NA,NA,NA,NA,NA,NA,NA,4.4,10.9,7.7,-126.8448145,-2.213859652,27,12.45833333
14/03/1997,17.19918,NA,NA,NA,NA,NA,NA,NA,NA,NA,NA,NA,NA,NA,NA,NA,NA,NA,NA,NA,NA,NA,2.1,11.8,7.6,-117.2255886,-2.045972489,26,9.541666667
15/03/1997,17.20192,NA,NA,NA,NA,NA,NA,NA,NA,NA,NA,NA,NA,NA,NA,NA,NA,NA,NA,NA,NA,NA,5.7,8.7,4.5,83.53967283,1.458042347,22,11.875
16/03/1997,17.20465,NA,NA,NA,NA,NA,NA,NA,NA,NA,NA,NA,NA,NA,NA,NA,NA,NA,NA,NA,NA,NA,13.6,11.1,5.4,-119.8782524,-2.092270206,35,13.75
17/03/1997,17.20739,NA,NA,NA,NA,NA,NA,NA,NA,NA,NA,NA,NA,NA,NA,NA,NA,NA,NA,NA,NA,NA,1.6,9.8,7.5,-163.2158261,-2.848653558,34,13.70833333
18/03/1997,17.21013,NA,NA,NA,NA,NA,NA,NA,NA,NA,NA,NA,NA,NA,NA,NA,NA,NA,NA,NA,NA,NA,4.6,9.4,5.5,-136.9220892,-2.389741276,34,14.29166667
19/03/1997,17.21287,NA,NA,NA,NA,NA,NA,NA,NA,NA,NA,NA,NA,NA,NA,NA,NA,NA,NA,NA,NA,NA,1.4,8.8,5,-51.28223085,-0.895043776,34,14.375
20/03/1997,17.21561,NA,NA,NA,NA,NA,NA,NA,NA,NA,NA,NA,NA,NA,NA,NA,NA,NA,NA,NA,NA,NA,0.5,8,2.7,-8.804358321,-0.153665041,26,10.66666667
21/03/1997,17.21834,NA,NA,NA,NA,NA,NA,NA,NA,NA,NA,NA,NA,NA,NA,NA,NA,NA,NA,NA,NA,NA,6,7.8,-0.3,-166.7331784,-2.910042935,30,11.20833333
22/03/1997,17.22108,NA,NA,NA,NA,NA,NA,NA,NA,NA,NA,NA,NA,NA,NA,NA,NA,NA,NA,NA,NA,NA,0.8,8.4,4.6,-179.2407992,-3.128342099,34,11.16666667
23/03/1997,17.22382,NA,NA,NA,NA,NA,NA,NA,NA,NA,NA,NA,NA,NA,NA,NA,NA,NA,NA,NA,NA,NA,0,10.5,2.6,-105.5507034,-1.842207303,13,5.916666667
24/03/1997,17.22656,NA,NA,NA,NA,NA,NA,NA,NA,NA,NA,NA,NA,NA,NA,NA,NA,NA,NA,NA,NA,NA,3.4,11.2,6.4,-132.2243054,-2.30774948,31,13.91666667
25/03/1997,17.22930,NA,NA,NA,NA,NA,NA,NA,NA,NA,NA,NA,NA,NA,NA,NA,NA,NA,NA,NA,NA,NA,7.5,10.6,7.2,-137.6427581,-2.402319321,43,21.625
26/03/1997,17.23203,NA,NA,NA,NA,NA,NA,NA,NA,NA,NA,NA,NA,NA,NA,NA,NA,NA,NA,NA,NA,NA,5.6,8.9,3.7,-117.9343411,-2.058342553,66,26.41666667
27/03/1997,17.23477,NA,NA,NA,NA,NA,NA,NA,NA,NA,NA,NA,NA,NA,NA,NA,NA,NA,NA,NA,NA,NA,4.1,9.5,4.2,-84.19255365,-1.469437267,52,22.20833333
28/03/1997,17.23751,NA,NA,NA,NA,NA,NA,NA,NA,NA,NA,NA,NA,NA,NA,NA,NA,NA,NA,NA,NA,NA,3.3,8.4,2.4,-62.61787097,-1.092888019,49,19.41666667
29/03/1997,17.24025,NA,NA,NA,NA,NA,NA,NA,NA,NA,NA,NA,NA,NA,NA,NA,NA,NA,NA,NA,NA,NA,3.5,9.7,5.7,-98.2134587,-1.714148224,33,15.66666667
30/03/1997,17.24298,NA,NA,NA,NA,NA,NA,NA,NA,NA,NA,NA,NA,NA,NA,NA,NA,NA,NA,NA,NA,NA,0,10.3,7.9,-138.7503804,-2.421650976,37,19.95652174
31/03/1997,17.24572,NA,NA,NA,NA,NA,NA,NA,NA,NA,NA,NA,NA,NA,NA,NA,NA,NA,NA,NA,NA,NA,2,10.9,8,-132.479369,-2.31220118,40,22.625
01/04/1997,17.24846,NA,NA,NA,NA,NA,NA,NA,NA,NA,NA,NA,NA,NA,NA,NA,NA,NA,NA,NA,NA,NA,4.4,10.4,6,NA,NA,38,NA
02/04/1997,17.25120,NA,NA,NA,NA,NA,NA,NA,NA,NA,NA,NA,NA,NA,NA,NA,NA,NA,NA,NA,NA,NA,4.5,9.8,4.1,-111.1221475,-1.939447347,41,18.625
03/04/1997,17.25394,NA,NA,NA,NA,NA,NA,NA,NA,NA,NA,NA,NA,NA,NA,NA,NA,NA,NA,NA,NA,NA,2.7,6.7,1,NA,NA,40,NA
04/04/1997,17.25667,NA,NA,NA,NA,NA,NA,NA,NA,NA,NA,NA,NA,NA,NA,NA,NA,NA,NA,NA,NA,NA,21.9,9.6,-0.4,-121.9524025,-2.128470954,NA,14.45833333
05/04/1997,17.25941,NA,NA,NA,NA,NA,NA,NA,NA,NA,NA,NA,NA,NA,NA,NA,NA,NA,NA,NA,NA,NA,3,9.7,5,-5.613660343,-0.097976856,40,14.54166667
06/04/1997,17.26215,NA,NA,NA,NA,NA,NA,NA,NA,NA,NA,NA,NA,NA,NA,NA,NA,NA,NA,NA,NA,NA,1.4,9.6,1.5,170.5774407,2.97713797,24,8.958333333
07/04/1997,17.26489,NA,NA,NA,NA,NA,NA,NA,NA,NA,NA,NA,NA,NA,NA,NA,NA,NA,NA,NA,NA,NA,0,12.4,7.9,-142.540845,-2.487807064,23,10.58333333
08/04/1997,17.26762,NA,NA,NA,NA,NA,NA,NA,NA,NA,NA,NA,NA,NA,NA,NA,NA,NA,NA,NA,NA,NA,4.7,11,6.2,-141.9880365,-2.478158735,37,16.75
09/04/1997,17.27036,NA,NA,NA,NA,NA,NA,NA,NA,NA,NA,NA,NA,NA,NA,NA,NA,NA,NA,NA,NA,NA,0,10.1,2.4,-111.6555635,-1.94875721,27,11.58333333
10/04/1997,17.27310,NA,NA,NA,NA,NA,NA,NA,NA,NA,NA,NA,NA,NA,NA,NA,NA,NA,NA,NA,NA,NA,0,11.8,7.9,-87.75809772,-1.531667751,32,14.66666667
11/04/1997,17.27584,NA,NA,NA,NA,NA,NA,NA,NA,NA,NA,NA,NA,NA,NA,NA,NA,NA,NA,NA,NA,NA,0,9,5.7,12.12228467,0.21157378,25,8.333333333
12/04/1997,17.27858,NA,NA,NA,NA,NA,NA,NA,NA,NA,NA,NA,NA,NA,NA,NA,NA,NA,NA,NA,NA,NA,0.3,11.1,3.4,-95.41342822,-1.665278473,20,6.041666667
13/04/1997,17.28131,NA,NA,NA,NA,NA,NA,NA,NA,NA,NA,NA,NA,NA,NA,NA,NA,NA,NA,NA,NA,NA,0.6,10,7.5,-86.44762007,-1.508795601,24,10.5
14/04/1997,17.28405,NA,NA,NA,NA,NA,NA,NA,NA,NA,NA,NA,NA,NA,NA,NA,NA,NA,NA,NA,NA,NA,0.6,10.7,6.2,27.60153272,0.481737625,15,5.25
15/04/1997,17.28679,NA,NA,NA,NA,NA,NA,NA,NA,NA,NA,NA,NA,NA,NA,NA,NA,NA,NA,NA,NA,NA,0,11,2.1,20.17153817,0.352059756,13,3.708333333
16/04/1997,17.28953,NA,NA,NA,NA,NA,NA,NA,NA,NA,NA,NA,NA,NA,NA,NA,NA,NA,NA,NA,NA,NA,0,11.7,7.3,-35.05044227,-0.611745622,14,4.25
17/04/1997,17.29227,NA,NA,NA,NA,NA,NA,NA,NA,NA,NA,NA,NA,NA,NA,NA,NA,NA,NA,NA,NA,NA,0,9.6,7.9,36.21401626,0.632053819,9,2.958333333
18/04/1997,17.29500,NA,NA,NA,NA,NA,NA,NA,NA,NA,NA,NA,NA,NA,NA,NA,NA,NA,NA,NA,NA,NA,1,9.6,3.6,8.888396234,0.15513178,24,7
19/04/1997,17.29774,NA,NA,NA,NA,NA,NA,NA,NA,NA,NA,NA,NA,NA,NA,NA,NA,NA,NA,NA,NA,NA,0,9,4.7,74.59104448,1.301859319,21,9.083333333
20/04/1997,17.30048,NA,NA,NA,NA,NA,NA,NA,NA,NA,NA,NA,NA,NA,NA,NA,NA,NA,NA,NA,NA,NA,0.5,10.3,0.2,-118.2009273,-2.062995361,26,8.208333333
21/04/1997,17.30322,NA,NA,NA,NA,NA,NA,NA,NA,NA,NA,NA,NA,NA,NA,NA,NA,NA,NA,NA,NA,NA,2.4,7.4,3.6,-4.435609541,-0.077415991,24,10.29166667
22/04/1997,17.30595,NA,NA,NA,NA,NA,NA,NA,NA,NA,NA,NA,NA,NA,NA,NA,NA,NA,NA,NA,NA,NA,1.2,7.2,2.1,-125.7005234,-2.193888005,27,8
23/04/1997,17.30869,NA,NA,NA,NA,NA,NA,NA,NA,NA,NA,NA,NA,NA,NA,NA,NA,NA,NA,NA,NA,NA,10.8,11.8,5.4,-131.8144096,-2.300595449,40,15.625
24/04/1997,17.31143,NA,NA,NA,NA,NA,NA,NA,NA,NA,NA,NA,NA,NA,NA,NA,NA,NA,NA,NA,NA,NA,0.6,8.5,4.9,17.94760288,0.313244763,40,16.70833333
25/04/1997,17.31417,NA,NA,NA,NA,NA,NA,NA,NA,NA,NA,NA,NA,NA,NA,NA,NA,NA,NA,NA,NA,NA,0,11.4,4.1,110.4104869,1.927026525,26,11.70833333
26/04/1997,17.31691,NA,NA,NA,NA,NA,NA,NA,NA,NA,NA,NA,NA,NA,NA,NA,NA,NA,NA,NA,NA,NA,0,10.2,2.5,123.8491446,2.16157535,19,5.416666667
27/04/1997,17.31964,NA,NA,NA,NA,NA,NA,NA,NA,NA,NA,NA,NA,NA,NA,NA,NA,NA,NA,NA,NA,NA,4.8,10.9,5.3,-170.9988822,-2.984493512,22,6.625
28/04/1997,17.32238,NA,NA,NA,NA,NA,NA,NA,NA,NA,NA,NA,NA,NA,NA,NA,NA,NA,NA,NA,NA,NA,10,14.5,8.6,-138.5274952,-2.417760895,25,11.25
29/04/1997,17.32512,NA,NA,NA,NA,NA,NA,NA,NA,NA,NA,NA,NA,NA,NA,NA,NA,NA,NA,NA,NA,NA,0.5,12.2,8.5,-85.89277044,-1.499111648,29,13.33333333
30/04/1997,17.32786,NA,NA,NA,NA,NA,NA,NA,NA,NA,NA,NA,NA,NA,NA,NA,NA,NA,NA,NA,NA,NA,0,14.9,7.4,-150.0384182,-2.618664401,28,15.20833333
01/05/1997,17.33060,NA,NA,NA,NA,NA,NA,NA,NA,NA,NA,NA,NA,NA,NA,NA,NA,NA,NA,NA,NA,NA,0,14.4,10.4,-141.3371964,-2.466799433,43,19.70833333
02/05/1997,17.33333,NA,NA,NA,NA,NA,NA,NA,NA,NA,NA,NA,NA,NA,NA,NA,NA,NA,NA,NA,NA,NA,2.3,10.8,8.2,82.52050275,1.440254473,NA,4.208333333
03/05/1997,17.33607,NA,NA,NA,NA,NA,NA,NA,NA,NA,NA,NA,NA,NA,NA,NA,NA,NA,NA,NA,NA,NA,0,9.9,6.9,50.83115534,0.887171023,19,11.54166667
04/05/1997,17.33881,NA,NA,NA,NA,NA,NA,NA,NA,NA,NA,NA,NA,NA,NA,NA,NA,NA,NA,NA,NA,NA,18.4,8.8,4.3,69.16884466,1.207224079,49,21.66666667
05/05/1997,17.34155,NA,NA,NA,NA,NA,NA,NA,NA,NA,NA,NA,NA,NA,NA,NA,NA,NA,NA,NA,NA,NA,0.8,6,0,18.39112811,0.320985739,43,21.54166667
06/05/1997,17.34428,NA,NA,NA,NA,NA,NA,NA,NA,NA,NA,NA,NA,NA,NA,NA,NA,NA,NA,NA,NA,NA,6.8,6.5,-0.5,-25.09593471,-0.43800669,38,15.08333333
07/05/1997,17.34702,NA,NA,NA,NA,NA,NA,NA,NA,NA,NA,NA,NA,NA,NA,NA,NA,NA,NA,NA,NA,NA,9.2,9.3,1.5,-15.8673596,-0.276937669,36,14.70833333
08/05/1997,17.34976,NA,NA,NA,NA,NA,NA,NA,NA,NA,NA,NA,NA,NA,NA,NA,NA,NA,NA,NA,NA,NA,0,9,3.6,62.35411775,1.088284657,19,8.916666667
09/05/1997,17.35250,NA,NA,NA,NA,NA,NA,NA,NA,NA,NA,NA,NA,NA,NA,NA,NA,NA,NA,NA,NA,NA,0.8,10.1,3.9,98.70931737,1.722802591,23,10.08333333
10/05/1997,17.35524,NA,NA,NA,NA,NA,NA,NA,NA,NA,NA,NA,NA,NA,NA,NA,NA,NA,NA,NA,NA,NA,0.2,9.7,5.5,57.82545307,1.009244548,22,12.70833333
11/05/1997,17.35797,NA,NA,NA,NA,NA,NA,NA,NA,NA,NA,NA,NA,NA,NA,NA,NA,NA,NA,NA,NA,NA,0,10.6,4.1,123.1179475,2.148813552,14,5.375
12/05/1997,17.36071,NA,NA,NA,NA,NA,NA,NA,NA,NA,NA,NA,NA,NA,NA,NA,NA,NA,NA,NA,NA,NA,4.2,11.1,7,-160.8316857,-2.807042457,21,10.45833333
13/05/1997,17.36345,NA,NA,NA,NA,NA,NA,NA,NA,NA,NA,NA,NA,NA,NA,NA,NA,NA,NA,NA,NA,NA,3.3,12.2,4.9,-128.3533894,-2.240189251,26,10.45833333
14/05/1997,17.36619,NA,NA,NA,NA,NA,NA,NA,NA,NA,NA,NA,NA,NA,NA,NA,NA,NA,NA,NA,NA,NA,1.3,13.2,4.9,-130.8264768,-2.283352769,29,10.375
15/05/1997,17.36893,NA,NA,NA,NA,NA,NA,NA,NA,NA,NA,NA,NA,NA,NA,NA,NA,NA,NA,NA,NA,NA,0,14.4,7.4,127.0996575,2.218307501,13,5.541666667
16/05/1997,17.37166,NA,NA,NA,NA,NA,NA,NA,NA,NA,NA,NA,NA,NA,NA,NA,NA,NA,NA,NA,NA,NA,0,14.7,6.3,81.65137224,1.425085284,20,5.625
17/05/1997,17.37440,NA,NA,NA,NA,NA,NA,NA,NA,NA,NA,NA,NA,NA,NA,NA,NA,NA,NA,NA,NA,NA,0.9,12.9,9.4,95.02564361,1.658510355,25,12.83333333
18/05/1997,17.37714,NA,NA,NA,NA,NA,NA,NA,NA,NA,NA,NA,NA,NA,NA,NA,NA,NA,NA,NA,NA,NA,13,11.5,9,70.43676001,1.229353377,25,11.33333333
19/05/1997,17.37988,NA,NA,NA,NA,NA,NA,NA,NA,NA,NA,NA,NA,NA,NA,NA,NA,NA,NA,NA,NA,NA,9.4,9.5,7.5,72.49523128,1.265280478,32,18.125
20/05/1997,17.38261,NA,NA,NA,NA,NA,NA,NA,NA,NA,NA,NA,NA,NA,NA,NA,NA,NA,NA,NA,NA,NA,0,8.8,7.5,69.58519018,1.214490679,34,21.83333333
21/05/1997,17.38535,NA,NA,NA,NA,NA,NA,NA,NA,NA,NA,NA,NA,NA,NA,NA,NA,NA,NA,NA,NA,NA,0,10.2,6,69.97455117,1.221286311,26,14.625
22/05/1997,17.38809,NA,NA,NA,NA,NA,NA,NA,NA,NA,NA,NA,NA,NA,NA,NA,NA,NA,NA,NA,NA,NA,0,10.5,3.2,73.23361014,1.27816762,24,10.79166667
23/05/1997,17.39083,NA,NA,NA,NA,NA,NA,NA,NA,NA,NA,NA,NA,NA,NA,NA,NA,NA,NA,NA,NA,NA,0,10.8,3.5,66.20255699,1.155452593,17,8.25
24/05/1997,17.39357,NA,NA,NA,NA,NA,NA,NA,NA,NA,NA,NA,NA,NA,NA,NA,NA,NA,NA,NA,NA,NA,0,14.3,1.4,-124.2269227,-2.16816882,18,5.416666667
25/05/1997,17.39630,NA,NA,NA,NA,NA,NA,NA,NA,NA,NA,NA,NA,NA,NA,NA,NA,NA,NA,NA,NA,NA,9.4,13.1,9,-131.8502088,-2.301220262,26,12.75
26/05/1997,17.39904,NA,NA,NA,NA,NA,NA,NA,NA,NA,NA,NA,NA,NA,NA,NA,NA,NA,NA,NA,NA,NA,3.4,12.8,9.2,-41.39793796,-0.722530321,22,9.916666667
27/05/1997,17.40178,NA,NA,NA,NA,NA,NA,NA,NA,NA,NA,NA,NA,NA,NA,NA,NA,NA,NA,NA,NA,NA,0.3,13.4,7.8,147.0640573,2.566752012,13,4.916666667
28/05/1997,17.40452,NA,NA,NA,NA,NA,NA,NA,NA,NA,NA,NA,NA,NA,NA,NA,NA,NA,NA,NA,NA,NA,0.2,17,7.1,-112.784369,-1.968458585,15,4.5
29/05/1997,17.40726,NA,NA,NA,NA,NA,NA,NA,NA,NA,NA,NA,NA,NA,NA,NA,NA,NA,NA,NA,NA,NA,1.3,18.6,10.7,-178.9736209,-3.123678959,NA,6.041666667
30/05/1997,17.40999,NA,NA,NA,NA,NA,NA,NA,NA,NA,NA,NA,NA,NA,NA,NA,NA,NA,NA,NA,NA,NA,0,15.4,6.9,81.96667316,1.430588324,13,4.666666667
31/05/1997,17.41273,NA,NA,NA,NA,NA,NA,NA,NA,NA,NA,NA,NA,NA,NA,NA,NA,NA,NA,NA,NA,NA,0,14.5,8.7,32.32690395,0.564210911,18,7.125
01/06/1997,17.41547,NA,NA,NA,NA,NA,NA,NA,NA,NA,NA,NA,NA,NA,NA,NA,NA,NA,NA,NA,NA,NA,0,16.1,9,76.83125397,1.34095835,22,8.166666667
02/06/1997,17.41821,NA,NA,NA,NA,NA,NA,NA,NA,NA,NA,NA,NA,NA,NA,NA,NA,NA,NA,NA,NA,NA,0,13.5,9.6,NA,NA,29,NA
03/06/1997,17.42094,NA,NA,NA,NA,NA,NA,NA,NA,NA,NA,NA,NA,NA,NA,NA,NA,NA,NA,NA,NA,NA,0,11.7,9.1,50.40631635,0.879756184,26,14.58333333
04/06/1997,17.42368,NA,NA,NA,NA,NA,NA,NA,NA,NA,NA,NA,NA,NA,NA,NA,NA,NA,NA,NA,NA,NA,0,18.1,7.8,-174.6500518,-3.048218443,19,7.75
05/06/1997,17.42642,NA,NA,NA,NA,NA,NA,NA,NA,NA,NA,NA,NA,NA,NA,NA,NA,NA,NA,NA,NA,NA,0,17.2,8.2,163.3237267,2.850536777,20,5.666666667
06/06/1997,17.42916,NA,NA,NA,NA,NA,NA,NA,NA,NA,NA,NA,NA,NA,NA,NA,NA,NA,NA,NA,NA,NA,6,17,10.8,88.10938482,1.537798867,27,8
07/06/1997,17.43190,NA,NA,NA,NA,NA,NA,NA,NA,NA,NA,NA,NA,NA,NA,NA,NA,NA,NA,NA,NA,NA,3,15.9,12.1,164.4328606,2.869894816,35,13.125
08/06/1997,17.43463,NA,NA,NA,NA,NA,NA,NA,NA,NA,NA,NA,NA,NA,NA,NA,NA,NA,NA,NA,NA,NA,0.2,16.5,8.6,-168.313855,-2.937630946,33,13.83333333
09/06/1997,17.43737,NA,NA,NA,NA,NA,NA,NA,NA,NA,NA,NA,NA,NA,NA,NA,NA,NA,NA,NA,NA,NA,1.3,14.7,4.5,-160.1788641,-2.79564857,34,11.79166667
10/06/1997,17.44011,NA,NA,NA,NA,NA,NA,NA,NA,NA,NA,NA,NA,NA,NA,NA,NA,NA,NA,NA,NA,NA,0.2,16.5,9.1,-169.0294687,-2.950120761,22,10.5
11/06/1997,17.44285,NA,NA,NA,NA,NA,NA,NA,NA,NA,NA,NA,NA,NA,NA,NA,NA,NA,NA,NA,NA,NA,3,13.8,10.4,39.27658787,0.685505777,16,6.541666667
12/06/1997,17.44559,NA,NA,NA,NA,NA,NA,NA,NA,NA,NA,NA,NA,NA,NA,NA,NA,NA,NA,NA,NA,NA,11.3,11.8,9.4,33.28295671,0.580897179,32,15.25
13/06/1997,17.44832,NA,NA,NA,NA,NA,NA,NA,NA,NA,NA,NA,NA,NA,NA,NA,NA,NA,NA,NA,NA,NA,9.5,10.8,8,-3.745421088,-0.06536993,30,16.79166667
14/06/1997,17.45106,NA,NA,NA,NA,NA,NA,NA,NA,NA,NA,NA,NA,NA,NA,NA,NA,NA,NA,NA,NA,NA,0.5,11.4,6.9,4.863065492,0.084876505,18,6.75
15/06/1997,17.45380,NA,NA,NA,NA,NA,NA,NA,NA,NA,NA,NA,NA,NA,NA,NA,NA,NA,NA,NA,NA,NA,0.8,13.5,6.1,-154.8885409,-2.703315012,16,5
16/06/1997,17.45654,NA,NA,NA,NA,NA,NA,NA,NA,NA,NA,NA,NA,NA,NA,NA,NA,NA,NA,NA,NA,NA,3,13.1,4.3,178.3755988,3.113241504,NA,4.291666667
17/06/1997,17.45927,NA,NA,NA,NA,NA,NA,NA,NA,NA,NA,NA,NA,NA,NA,NA,NA,NA,NA,NA,NA,NA,2.6,16.4,9.4,-156.6212801,-2.733557016,15,4.666666667
18/06/1997,17.46201,NA,NA,NA,NA,NA,NA,NA,NA,NA,NA,NA,NA,NA,NA,NA,NA,NA,NA,NA,NA,NA,3.3,14.4,10.5,172.9362417,3.018306813,27,9.541666667
19/06/1997,17.46475,NA,NA,NA,NA,NA,NA,NA,NA,NA,NA,NA,NA,NA,NA,NA,NA,NA,NA,NA,NA,NA,0.2,14.9,10.2,176.6873094,3.083775296,18,6.416666667
20/06/1997,17.46749,NA,NA,NA,NA,NA,NA,NA,NA,NA,NA,NA,NA,NA,NA,NA,NA,NA,NA,NA,NA,NA,8.1,14.3,9.9,-16.66083364,-0.290786403,NA,3.208333333
21/06/1997,17.47023,NA,NA,NA,NA,NA,NA,NA,NA,NA,NA,NA,NA,NA,NA,NA,NA,NA,NA,NA,NA,NA,0.3,12.7,10.4,56.84616828,0.992152804,30,14.95833333
22/06/1997,17.47296,NA,NA,NA,NA,NA,NA,NA,NA,NA,NA,NA,NA,NA,NA,NA,NA,NA,NA,NA,NA,NA,0.5,12.2,9.6,20.02548141,0.349510585,25,14
23/06/1997,17.47570,NA,NA,NA,NA,NA,NA,NA,NA,NA,NA,NA,NA,NA,NA,NA,NA,NA,NA,NA,NA,NA,0,12.3,8.9,0.670373809,0.01170023,21,9.708333333
24/06/1997,17.47844,NA,NA,NA,NA,NA,NA,NA,NA,NA,NA,NA,NA,NA,NA,NA,NA,NA,NA,NA,NA,NA,0,13,7.9,122.2689577,2.133995885,17,5.166666667
25/06/1997,17.48118,NA,NA,NA,NA,NA,NA,NA,NA,NA,NA,NA,NA,NA,NA,NA,NA,NA,NA,NA,NA,NA,0,12,8.6,40.64170882,0.709331632,26,14.20833333
26/06/1997,17.48392,NA,NA,NA,NA,NA,NA,NA,NA,NA,NA,NA,NA,NA,NA,NA,NA,NA,NA,NA,NA,NA,1.3,12.1,6.6,16.26281876,0.283839733,32,14.875
27/06/1997,17.48665,NA,NA,NA,NA,NA,NA,NA,NA,NA,NA,NA,NA,NA,NA,NA,NA,NA,NA,NA,NA,NA,0.1,10.7,8.6,27.08930404,0.472797548,29,17.20833333
28/06/1997,17.48939,NA,NA,NA,NA,NA,NA,NA,NA,NA,NA,NA,NA,NA,NA,NA,NA,NA,NA,NA,NA,NA,0,11.6,8.3,32.22745518,0.562475202,29,13.75
29/06/1997,17.49213,NA,NA,NA,NA,NA,NA,NA,NA,NA,NA,NA,NA,NA,NA,NA,NA,NA,NA,NA,NA,NA,0,13.1,5,-46.88675387,-0.818328231,NA,4.166666667
30/06/1997,17.49487,NA,NA,NA,NA,NA,NA,NA,NA,NA,NA,NA,NA,NA,NA,NA,NA,NA,NA,NA,NA,NA,0.2,11.4,9,-0.306590442,-0.005351013,38,14.54166667
01/07/1997,17.49760,NA,NA,NA,NA,NA,NA,NA,NA,NA,NA,NA,NA,NA,NA,NA,NA,NA,NA,NA,NA,NA,4.5,10.5,7.5,NA,NA,37,NA
02/07/1997,17.50034,NA,NA,NA,NA,NA,NA,NA,NA,NA,NA,NA,NA,NA,NA,NA,NA,NA,NA,NA,NA,NA,2.6,15.5,8.5,33.69684813,0.588120947,32,11.20833333
03/07/1997,17.50308,NA,NA,NA,NA,NA,NA,NA,NA,NA,NA,NA,NA,NA,NA,NA,NA,NA,NA,NA,NA,NA,0,16.4,10.4,93.62400273,1.634047106,NA,3.291666667
04/07/1997,17.50582,NA,NA,NA,NA,NA,NA,NA,NA,NA,NA,NA,NA,NA,NA,NA,NA,NA,NA,NA,NA,NA,0.4,15.6,10.4,-92.74953763,-1.618784811,17,5.125
05/07/1997,17.50856,NA,NA,NA,NA,NA,NA,NA,NA,NA,NA,NA,NA,NA,NA,NA,NA,NA,NA,NA,NA,NA,1,16.2,10.7,-155.7855775,-2.718971255,25,11.95833333
06/07/1997,17.51129,NA,NA,NA,NA,NA,NA,NA,NA,NA,NA,NA,NA,NA,NA,NA,NA,NA,NA,NA,NA,NA,3.5,16,11.4,-120.3427252,-2.100376786,27,10.125
07/07/1997,17.51403,NA,NA,NA,NA,NA,NA,NA,NA,NA,NA,NA,NA,NA,NA,NA,NA,NA,NA,NA,NA,NA,1.4,13.4,10.4,-166.1807927,-2.900401986,12,3.875
08/07/1997,17.51677,NA,NA,NA,NA,NA,NA,NA,NA,NA,NA,NA,NA,NA,NA,NA,NA,NA,NA,NA,NA,NA,0.4,18.2,11.7,-158.3232144,-2.763261373,25,11.95833333
09/07/1997,17.51951,NA,NA,NA,NA,NA,NA,NA,NA,NA,NA,NA,NA,NA,NA,NA,NA,NA,NA,NA,NA,NA,0,19.8,10.4,163.4390134,2.852548909,16,6.136363636
10/07/1997,17.52225,NA,NA,NA,NA,NA,NA,NA,NA,NA,NA,NA,NA,NA,NA,NA,NA,NA,NA,NA,NA,NA,0,18.7,9.8,39.01239489,0.68089474,16,4.583333333
11/07/1997,17.52498,NA,NA,NA,NA,NA,NA,NA,NA,NA,NA,NA,NA,NA,NA,NA,NA,NA,NA,NA,NA,NA,0,21.2,13.1,-174.6345734,-3.047948294,23,6.041666667
12/07/1997,17.52772,NA,NA,NA,NA,NA,NA,NA,NA,NA,NA,NA,NA,NA,NA,NA,NA,NA,NA,NA,NA,NA,0,19.4,12.8,134.9358541,2.355074933,NA,3.375
13/07/1997,17.53046,NA,NA,NA,NA,NA,NA,NA,NA,NA,NA,NA,NA,NA,NA,NA,NA,NA,NA,NA,NA,NA,6,17.1,12.3,-164.0768047,-2.863680469,24,6.458333333
14/07/1997,17.53320,NA,NA,NA,NA,NA,NA,NA,NA,NA,NA,NA,NA,NA,NA,NA,NA,NA,NA,NA,NA,NA,0.4,16.9,9.9,-170.2033768,-2.970609323,23,10.20833333
15/07/1997,17.53593,NA,NA,NA,NA,NA,NA,NA,NA,NA,NA,NA,NA,NA,NA,NA,NA,NA,NA,NA,NA,NA,8.4,14.3,12.1,169.6248522,2.960512164,18,7.041666667
16/07/1997,17.53867,NA,NA,NA,NA,NA,NA,NA,NA,NA,NA,NA,NA,NA,NA,NA,NA,NA,NA,NA,NA,NA,0.4,16.1,12.2,-80.47005373,-1.404467387,23,7.333333333
17/07/1997,17.54141,NA,NA,NA,NA,NA,NA,NA,NA,NA,NA,NA,NA,NA,NA,NA,NA,NA,NA,NA,NA,NA,0,14.8,11.9,-55.42522401,-0.967352648,20,9.375
18/07/1997,17.54415,NA,NA,NA,NA,NA,NA,NA,NA,NA,NA,NA,NA,NA,NA,NA,NA,NA,NA,NA,NA,NA,0.1,16.6,11.6,-120.8901784,-2.109931646,13,4.375
19/07/1997,17.54689,NA,NA,NA,NA,NA,NA,NA,NA,NA,NA,NA,NA,NA,NA,NA,NA,NA,NA,NA,NA,NA,0,20.1,9.1,-159.8300703,-2.78956097,21,5.958333333
20/07/1997,17.54962,NA,NA,NA,NA,NA,NA,NA,NA,NA,NA,NA,NA,NA,NA,NA,NA,NA,NA,NA,NA,NA,0,20.7,7.9,156.7068945,2.73505127,11,3.125
21/07/1997,17.55236,NA,NA,NA,NA,NA,NA,NA,NA,NA,NA,NA,NA,NA,NA,NA,NA,NA,NA,NA,NA,NA,0,21.6,11.7,-169.3316218,-2.955394329,15,5
22/07/1997,17.55510,NA,NA,NA,NA,NA,NA,NA,NA,NA,NA,NA,NA,NA,NA,NA,NA,NA,NA,NA,NA,NA,0,22.1,11.9,161.6297764,2.820971767,12,3.583333333
23/07/1997,17.55784,NA,NA,NA,NA,NA,NA,NA,NA,NA,NA,NA,NA,NA,NA,NA,NA,NA,NA,NA,NA,NA,0.6,18.2,12.6,151.824151,2.649831319,14,4.041666667
24/07/1997,17.56057,NA,NA,NA,NA,NA,NA,NA,NA,NA,NA,NA,NA,NA,NA,NA,NA,NA,NA,NA,NA,NA,0,17.5,9.8,25.05974606,0.437375078,11,3.625
25/07/1997,17.56331,NA,NA,NA,NA,NA,NA,NA,NA,NA,NA,NA,NA,NA,NA,NA,NA,NA,NA,NA,NA,NA,5,16.9,12.1,-66.63643155,-1.163025132,19,5.833333333
26/07/1997,17.56605,NA,NA,NA,NA,NA,NA,NA,NA,NA,NA,NA,NA,NA,NA,NA,NA,NA,NA,NA,NA,NA,3.4,17.1,10,-160.8444939,-2.807266002,13,4.125
27/07/1997,17.56879,NA,NA,NA,NA,NA,NA,NA,NA,NA,NA,NA,NA,NA,NA,NA,NA,NA,NA,NA,NA,NA,0.3,19.9,9,-111.7487076,-1.950382882,21,7.125
28/07/1997,17.57153,NA,NA,NA,NA,NA,NA,NA,NA,NA,NA,NA,NA,NA,NA,NA,NA,NA,NA,NA,NA,NA,0.7,19,10.4,-132.1688953,-2.306782391,23,6.916666667
29/07/1997,17.57426,NA,NA,NA,NA,NA,NA,NA,NA,NA,NA,NA,NA,NA,NA,NA,NA,NA,NA,NA,NA,NA,6.5,16.4,12.6,-178.849965,-3.121520756,31,14.29166667
30/07/1997,17.57700,NA,NA,NA,NA,NA,NA,NA,NA,NA,NA,NA,NA,NA,NA,NA,NA,NA,NA,NA,NA,NA,1.7,15.8,13,-154.8898288,-2.70333749,35,19.54166667
31/07/1997,17.57974,NA,NA,NA,NA,NA,NA,NA,NA,NA,NA,NA,NA,NA,NA,NA,NA,NA,NA,NA,NA,NA,2.4,16.6,12.9,-102.4751586,-1.788528919,29,13.5
01/08/1997,17.58248,NA,NA,NA,NA,NA,NA,NA,NA,NA,NA,NA,NA,NA,NA,NA,NA,NA,NA,NA,NA,NA,3.9,17.1,11.8,NA,NA,29,NA
02/08/1997,17.58522,NA,NA,NA,NA,NA,NA,NA,NA,NA,NA,NA,NA,NA,NA,NA,NA,NA,NA,NA,NA,NA,0.2,16.1,10.9,-123.2789097,-2.151622872,28,9.208333333
03/08/1997,17.58795,NA,NA,NA,NA,NA,NA,NA,NA,NA,NA,NA,NA,NA,NA,NA,NA,NA,NA,NA,NA,NA,0.8,17.1,11.5,-150.5612475,-2.627789495,14,4.833333333
04/08/1997,17.59069,NA,NA,NA,NA,NA,NA,NA,NA,NA,NA,NA,NA,NA,NA,NA,NA,NA,NA,NA,NA,NA,0,19.5,7.6,143.7660039,2.509190121,NA,4.291666667
05/08/1997,17.59343,NA,NA,NA,NA,NA,NA,NA,NA,NA,NA,NA,NA,NA,NA,NA,NA,NA,NA,NA,NA,NA,0,18.4,8.9,30.31722804,0.529135449,13,5.125
06/08/1997,17.59617,NA,NA,NA,NA,NA,NA,NA,NA,NA,NA,NA,NA,NA,NA,NA,NA,NA,NA,NA,NA,NA,0,18.8,11.5,-20.87313246,-0.364304887,16,5.458333333
07/08/1997,17.59890,NA,NA,NA,NA,NA,NA,NA,NA,NA,NA,NA,NA,NA,NA,NA,NA,NA,NA,NA,NA,NA,0,21.8,11.9,NA,NA,NA,NA
08/08/1997,17.60164,NA,NA,NA,NA,NA,NA,NA,NA,NA,NA,NA,NA,NA,NA,NA,NA,NA,NA,NA,NA,NA,9.3,16.9,14,-157.8544257,-2.755079467,25,12.625
09/08/1997,17.60438,NA,NA,NA,NA,NA,NA,NA,NA,NA,NA,NA,NA,NA,NA,NA,NA,NA,NA,NA,NA,NA,0.9,17.6,12.5,6.669444911,0.116403773,20,5.916666667
10/08/1997,17.60712,NA,NA,NA,NA,NA,NA,NA,NA,NA,NA,NA,NA,NA,NA,NA,NA,NA,NA,NA,NA,NA,3.8,21.7,13,107.6970663,1.879668401,20,7.75
11/08/1997,17.60986,NA,NA,NA,NA,NA,NA,NA,NA,NA,NA,NA,NA,NA,NA,NA,NA,NA,NA,NA,NA,NA,0,21.4,15.7,94.15215911,1.643265174,26,7.625
12/08/1997,17.61259,NA,NA,NA,NA,NA,NA,NA,NA,NA,NA,NA,NA,NA,NA,NA,NA,NA,NA,NA,NA,NA,0,22.5,14.8,21.42289366,0.37390003,9,1.833333333
13/08/1997,17.61533,NA,NA,NA,NA,NA,NA,NA,NA,NA,NA,NA,NA,NA,NA,NA,NA,NA,NA,NA,NA,NA,0,22.8,13.9,136.4582346,2.381645485,10,1.875
14/08/1997,17.61807,NA,NA,NA,NA,NA,NA,NA,NA,NA,NA,NA,NA,NA,NA,NA,NA,NA,NA,NA,NA,NA,1.8,19.9,14.8,159.798491,2.789009808,11,2.833333333
15/08/1997,17.62081,NA,NA,NA,NA,NA,NA,NA,NA,NA,NA,NA,NA,NA,NA,NA,NA,NA,NA,NA,NA,NA,2,19.3,15.1,-170.1368996,-2.969449077,20,8.708333333
16/08/1997,17.62355,NA,NA,NA,NA,NA,NA,NA,NA,NA,NA,NA,NA,NA,NA,NA,NA,NA,NA,NA,NA,NA,0.6,19.3,13.1,-179.4295245,-3.131635978,31,10.70833333
17/08/1997,17.62628,NA,NA,NA,NA,NA,NA,NA,NA,NA,NA,NA,NA,NA,NA,NA,NA,NA,NA,NA,NA,NA,0.2,18.7,13.5,-111.0910446,-1.938904498,17,4.625
18/08/1997,17.62902,NA,NA,NA,NA,NA,NA,NA,NA,NA,NA,NA,NA,NA,NA,NA,NA,NA,NA,NA,NA,NA,0,17.3,9.1,31.05306443,0.541978217,11,3.791666667
19/08/1997,17.63176,NA,NA,NA,NA,NA,NA,NA,NA,NA,NA,NA,NA,NA,NA,NA,NA,NA,NA,NA,NA,NA,0,22.6,12,107.4186485,1.874809095,12,3.25
20/08/1997,17.63450,NA,NA,NA,NA,NA,NA,NA,NA,NA,NA,NA,NA,NA,NA,NA,NA,NA,NA,NA,NA,NA,4.2,20,16.6,179.591609,3.134464886,29,10.75
21/08/1997,17.63723,NA,NA,NA,NA,NA,NA,NA,NA,NA,NA,NA,NA,NA,NA,NA,NA,NA,NA,NA,NA,NA,2.3,18.5,14.1,NA,NA,NA,NA
22/08/1997,17.63997,NA,NA,NA,NA,NA,NA,NA,NA,NA,NA,NA,NA,NA,NA,NA,NA,NA,NA,NA,NA,NA,1.4,17.8,12.1,-126.6619291,-2.2106677,37,15.70833333
23/08/1997,17.64271,NA,NA,NA,NA,NA,NA,NA,NA,NA,NA,NA,NA,NA,NA,NA,NA,NA,NA,NA,NA,NA,2.2,16.6,10.5,-126.6396004,-2.210277991,21,7.916666667
24/08/1997,17.64545,NA,NA,NA,NA,NA,NA,NA,NA,NA,NA,NA,NA,NA,NA,NA,NA,NA,NA,NA,NA,NA,6.4,16.4,6.3,-172.86209,-3.017012622,NA,4.791666667
25/08/1997,17.64819,NA,NA,NA,NA,NA,NA,NA,NA,NA,NA,NA,NA,NA,NA,NA,NA,NA,NA,NA,NA,NA,0,17.3,8.4,170.0762982,2.968391383,NA,7.625
26/08/1997,17.65092,NA,NA,NA,NA,NA,NA,NA,NA,NA,NA,NA,NA,NA,NA,NA,NA,NA,NA,NA,NA,NA,0.3,17.5,12.4,160.3491452,2.798620536,23,12.41666667
27/08/1997,17.65366,NA,NA,NA,NA,NA,NA,NA,NA,NA,NA,NA,NA,NA,NA,NA,NA,NA,NA,NA,NA,NA,1.1,18,13.1,111.2394822,1.941495223,31,13.75
28/08/1997,17.65640,NA,NA,NA,NA,NA,NA,NA,NA,NA,NA,NA,NA,NA,NA,NA,NA,NA,NA,NA,NA,NA,0,19.6,10.7,113.125728,1.974416422,19,7.416666667
29/08/1997,17.65914,NA,NA,NA,NA,NA,NA,NA,NA,NA,NA,NA,NA,NA,NA,NA,NA,NA,NA,NA,NA,NA,0.4,17.1,13.1,166.2356058,2.901358655,26,10.875
30/08/1997,17.66188,NA,NA,NA,NA,NA,NA,NA,NA,NA,NA,NA,NA,NA,NA,NA,NA,NA,NA,NA,NA,NA,0.5,17.5,11.7,-132.0037147,-2.303899447,24,10.41666667
31/08/1997,17.66461,NA,NA,NA,NA,NA,NA,NA,NA,NA,NA,NA,NA,NA,NA,NA,NA,NA,NA,NA,NA,NA,0.1,16.5,9.8,131.7674286,2.299775476,19,6.916666667
01/09/1997,17.66735,NA,NA,NA,NA,NA,NA,NA,NA,NA,NA,NA,NA,NA,NA,NA,NA,NA,NA,NA,NA,NA,1,17.3,10.9,-115.6860969,-2.01910329,21,8.708333333
02/09/1997,17.67009,NA,NA,NA,NA,NA,NA,NA,NA,NA,NA,NA,NA,NA,NA,NA,NA,NA,NA,NA,NA,NA,0.1,15.4,11.5,179.5491999,3.133724708,39,16.41666667
03/09/1997,17.67283,NA,NA,NA,NA,NA,NA,NA,NA,NA,NA,NA,NA,NA,NA,NA,NA,NA,NA,NA,NA,NA,9.6,15.7,12,164.5906902,2.872649461,39,15.29166667
04/09/1997,17.67556,NA,NA,NA,NA,NA,NA,NA,NA,NA,NA,NA,NA,NA,NA,NA,NA,NA,NA,NA,NA,NA,16.2,14.6,9.9,-151.7219447,-2.648047483,43,22.75
05/09/1997,17.67830,NA,NA,NA,NA,NA,NA,NA,NA,NA,NA,NA,NA,NA,NA,NA,NA,NA,NA,NA,NA,NA,10.1,14.1,10.8,-108.7654353,-1.898314958,39,15.83333333
06/09/1997,17.68104,NA,NA,NA,NA,NA,NA,NA,NA,NA,NA,NA,NA,NA,NA,NA,NA,NA,NA,NA,NA,NA,7.3,14.3,10.6,-95.06429341,-1.659184921,30,11.66666667
07/09/1997,17.68378,NA,NA,NA,NA,NA,NA,NA,NA,NA,NA,NA,NA,NA,NA,NA,NA,NA,NA,NA,NA,NA,5.1,14.5,12.2,-105.8760057,-1.847884898,38,16.625
08/09/1997,17.68652,NA,NA,NA,NA,NA,NA,NA,NA,NA,NA,NA,NA,NA,NA,NA,NA,NA,NA,NA,NA,NA,0.2,15.2,11.5,-87.47573511,-1.526739593,38,16.33333333
09/09/1997,17.68925,NA,NA,NA,NA,NA,NA,NA,NA,NA,NA,NA,NA,NA,NA,NA,NA,NA,NA,NA,NA,NA,0,14.2,10,-64.85442881,-1.131923317,25,10.33333333
10/09/1997,17.69199,NA,NA,NA,NA,NA,NA,NA,NA,NA,NA,NA,NA,NA,NA,NA,NA,NA,NA,NA,NA,NA,0,14.3,10.1,-136.9895095,-2.390917981,23,11.33333333
11/09/1997,17.69473,NA,NA,NA,NA,NA,NA,NA,NA,NA,NA,NA,NA,NA,NA,NA,NA,NA,NA,NA,NA,NA,3,14.6,8.2,-125.2682448,-2.186343321,24,10.25
12/09/1997,17.69747,NA,NA,NA,NA,NA,NA,NA,NA,NA,NA,NA,NA,NA,NA,NA,NA,NA,NA,NA,NA,NA,10.4,10.7,4.2,-88.10114584,-1.53765507,34,10.91666667
13/09/1997,17.70021,NA,NA,NA,NA,NA,NA,NA,NA,NA,NA,NA,NA,NA,NA,NA,NA,NA,NA,NA,NA,NA,2.8,10.5,5,-65.34599656,-1.140502793,39,12.45833333
14/09/1997,17.70294,NA,NA,NA,NA,NA,NA,NA,NA,NA,NA,NA,NA,NA,NA,NA,NA,NA,NA,NA,NA,NA,14.3,14.6,6.8,-149.2550841,-2.604992642,39,9.625
15/09/1997,17.70568,NA,NA,NA,NA,NA,NA,NA,NA,NA,NA,NA,NA,NA,NA,NA,NA,NA,NA,NA,NA,NA,16.9,14,10.9,-128.7881241,-2.247776803,54,24.08333333
16/09/1997,17.70842,NA,NA,NA,NA,NA,NA,NA,NA,NA,NA,NA,NA,NA,NA,NA,NA,NA,NA,NA,NA,NA,2.7,15.6,10,-128.4582028,-2.24201859,35,13.29166667
17/09/1997,17.71116,NA,NA,NA,NA,NA,NA,NA,NA,NA,NA,NA,NA,NA,NA,NA,NA,NA,NA,NA,NA,NA,0.2,15.6,6.6,-79.06382564,-1.379924077,24,6.541666667
18/09/1997,17.71389,NA,NA,NA,NA,NA,NA,NA,NA,NA,NA,NA,NA,NA,NA,NA,NA,NA,NA,NA,NA,NA,0.2,12.4,4.4,-57.8388618,-1.009478574,21,7.75
19/09/1997,17.71663,NA,NA,NA,NA,NA,NA,NA,NA,NA,NA,NA,NA,NA,NA,NA,NA,NA,NA,NA,NA,NA,0,12.3,6,62.83970242,1.096759708,17,5.5
20/09/1997,17.71937,NA,NA,NA,NA,NA,NA,NA,NA,NA,NA,NA,NA,NA,NA,NA,NA,NA,NA,NA,NA,NA,0,13.4,2.9,-58.28445919,-1.017255716,9,1.416666667
21/09/1997,17.72211,NA,NA,NA,NA,NA,NA,NA,NA,NA,NA,NA,NA,NA,NA,NA,NA,NA,NA,NA,NA,NA,0,13.3,3.6,0.826703932,0.014428706,5,0.583333333
22/09/1997,17.72485,NA,NA,NA,NA,NA,NA,NA,NA,NA,NA,NA,NA,NA,NA,NA,NA,NA,NA,NA,NA,NA,0,16,9.7,46.92472958,0.818991032,10,2.291666667
23/09/1997,17.72758,NA,NA,NA,NA,NA,NA,NA,NA,NA,NA,NA,NA,NA,NA,NA,NA,NA,NA,NA,NA,NA,0,16.1,6.5,-104.9413842,-1.831572677,8,1.541666667
24/09/1997,17.73032,NA,NA,NA,NA,NA,NA,NA,NA,NA,NA,NA,NA,NA,NA,NA,NA,NA,NA,NA,NA,NA,0,16.5,6.1,-152.1892319,-2.656203182,23,6.875
25/09/1997,17.73306,NA,NA,NA,NA,NA,NA,NA,NA,NA,NA,NA,NA,NA,NA,NA,NA,NA,NA,NA,NA,NA,0,14.3,11.3,97.30165763,1.698234293,22,4.708333333
26/09/1997,17.73580,NA,NA,NA,NA,NA,NA,NA,NA,NA,NA,NA,NA,NA,NA,NA,NA,NA,NA,NA,NA,NA,0,16.5,9.9,-151.3798289,-2.642076435,10,2.916666667
27/09/1997,17.73854,NA,NA,NA,NA,NA,NA,NA,NA,NA,NA,NA,NA,NA,NA,NA,NA,NA,NA,NA,NA,NA,1.6,13.6,11.2,-172.3000564,-3.007203286,13,5.541666667
28/09/1997,17.74127,NA,NA,NA,NA,NA,NA,NA,NA,NA,NA,NA,NA,NA,NA,NA,NA,NA,NA,NA,NA,NA,2.5,15.1,10.8,-178.9224814,-3.122786407,54,20.25
29/09/1997,17.74401,NA,NA,NA,NA,NA,NA,NA,NA,NA,NA,NA,NA,NA,NA,NA,NA,NA,NA,NA,NA,NA,1,15.1,8.9,-130.4228114,-2.276307479,36,14.41666667
30/09/1997,17.74675,NA,NA,NA,NA,NA,NA,NA,NA,NA,NA,NA,NA,NA,NA,NA,NA,NA,NA,NA,NA,NA,0,14.9,9.4,-152.1043715,-2.65472209,25,12.08333333
01/10/1997,17.74949,NA,NA,NA,NA,NA,NA,NA,NA,NA,NA,NA,NA,NA,NA,NA,NA,NA,NA,NA,NA,NA,1.4,13.3,9.6,-86.7649262,-1.514333638,41,18.08333333
02/10/1997,17.75222,NA,NA,NA,NA,NA,NA,NA,NA,NA,NA,NA,NA,NA,NA,NA,NA,NA,NA,NA,NA,NA,1,13.4,8.1,-103.0094025,-1.797853234,19,6.5
03/10/1997,17.75496,NA,NA,NA,NA,NA,NA,NA,NA,NA,NA,NA,NA,NA,NA,NA,NA,NA,NA,NA,NA,NA,1.4,13.8,11.4,-112.5079968,-1.963634979,31,12.75
04/10/1997,17.75770,NA,NA,NA,NA,NA,NA,NA,NA,NA,NA,NA,NA,NA,NA,NA,NA,NA,NA,NA,NA,NA,2.1,15.4,10.7,-114.5743172,-1.999699074,40,16.875
05/10/1997,17.76044,NA,NA,NA,NA,NA,NA,NA,NA,NA,NA,NA,NA,NA,NA,NA,NA,NA,NA,NA,NA,NA,4.6,15.4,12.8,-149.7375851,-2.613413874,30,13.95833333
06/10/1997,17.76318,NA,NA,NA,NA,NA,NA,NA,NA,NA,NA,NA,NA,NA,NA,NA,NA,NA,NA,NA,NA,NA,4.5,14.6,10.4,-170.118656,-2.969130666,30,11.08333333
07/10/1997,17.76591,NA,NA,NA,NA,NA,NA,NA,NA,NA,NA,NA,NA,NA,NA,NA,NA,NA,NA,NA,NA,NA,1.7,13.2,8.2,-169.0185997,-2.949931062,24,8.583333333
08/10/1997,17.76865,NA,NA,NA,NA,NA,NA,NA,NA,NA,NA,NA,NA,NA,NA,NA,NA,NA,NA,NA,NA,NA,3.2,14,7.7,-157.5338233,-2.7494839,23,10.25
09/10/1997,17.77139,NA,NA,NA,NA,NA,NA,NA,NA,NA,NA,NA,NA,NA,NA,NA,NA,NA,NA,NA,NA,NA,0.8,13.9,6,-121.5704795,-2.121805141,NA,5.583333333
10/10/1997,17.77413,NA,NA,NA,NA,NA,NA,NA,NA,NA,NA,NA,NA,NA,NA,NA,NA,NA,NA,NA,NA,NA,3,12.4,4.4,-57.43550047,-1.002438591,NA,8.75
11/10/1997,17.77687,NA,NA,NA,NA,NA,NA,NA,NA,NA,NA,NA,NA,NA,NA,NA,NA,NA,NA,NA,NA,NA,1.1,9.8,4.5,3.363727412,0.058708118,22,10.45833333
12/10/1997,17.77960,NA,NA,NA,NA,NA,NA,NA,NA,NA,NA,NA,NA,NA,NA,NA,NA,NA,NA,NA,NA,NA,2.4,10.1,3.5,-32.85275475,-0.573388739,24,10.75
13/10/1997,17.78234,NA,NA,NA,NA,NA,NA,NA,NA,NA,NA,NA,NA,NA,NA,NA,NA,NA,NA,NA,NA,NA,1.7,9.2,4.9,-29.85459744,-0.521061022,NA,9.458333333
14/10/1997,17.78508,NA,NA,NA,NA,NA,NA,NA,NA,NA,NA,NA,NA,NA,NA,NA,NA,NA,NA,NA,NA,NA,11,10,5.9,-167.0299565,-2.91522269,28,10.58333333
15/10/1997,17.78782,NA,NA,NA,NA,NA,NA,NA,NA,NA,NA,NA,NA,NA,NA,NA,NA,NA,NA,NA,NA,NA,2.1,12.5,9.2,175.664534,3.065924498,23,9.958333333
16/10/1997,17.79055,NA,NA,NA,NA,NA,NA,NA,NA,NA,NA,NA,NA,NA,NA,NA,NA,NA,NA,NA,NA,NA,5.3,14.4,11,176.6920772,3.08385851,24,10.70833333
17/10/1997,17.79329,NA,NA,NA,NA,NA,NA,NA,NA,NA,NA,NA,NA,NA,NA,NA,NA,NA,NA,NA,NA,NA,1.1,14.7,8.7,-124.1287011,-2.16645453,20,7.291666667
18/10/1997,17.79603,NA,NA,NA,NA,NA,NA,NA,NA,NA,NA,NA,NA,NA,NA,NA,NA,NA,NA,NA,NA,NA,0.4,13.2,8.1,-131.29718,-2.291568089,20,10.16666667
19/10/1997,17.79877,NA,NA,NA,NA,NA,NA,NA,NA,NA,NA,NA,NA,NA,NA,NA,NA,NA,NA,NA,NA,NA,0.7,10.4,6.9,32.71634582,0.571007954,30,13.08333333
20/10/1997,17.80151,NA,NA,NA,NA,NA,NA,NA,NA,NA,NA,NA,NA,NA,NA,NA,NA,NA,NA,NA,NA,NA,0,8.1,5.3,97.98123402,1.710095139,26,13.25
21/10/1997,17.80424,NA,NA,NA,NA,NA,NA,NA,NA,NA,NA,NA,NA,NA,NA,NA,NA,NA,NA,NA,NA,NA,0,8.3,4.7,-132.9183527,-2.31986289,NA,6.291666667
22/10/1997,17.80698,NA,NA,NA,NA,NA,NA,NA,NA,NA,NA,NA,NA,NA,NA,NA,NA,NA,NA,NA,NA,NA,0,10.8,2.2,-16.5367942,-0.288621507,17,6.25
23/10/1997,17.80972,NA,NA,NA,NA,NA,NA,NA,NA,NA,NA,NA,NA,NA,NA,NA,NA,NA,NA,NA,NA,NA,0.2,10,1.2,-12.8306773,-0.223937564,NA,7.041666667
24/10/1997,17.81246,NA,NA,NA,NA,NA,NA,NA,NA,NA,NA,NA,NA,NA,NA,NA,NA,NA,NA,NA,NA,NA,0,9.2,0.5,-91.09606127,-1.589926205,NA,4.625
25/10/1997,17.81520,NA,NA,NA,NA,NA,NA,NA,NA,NA,NA,NA,NA,NA,NA,NA,NA,NA,NA,NA,NA,NA,1.6,10.3,6.2,-93.51483895,-1.632141839,NA,4.541666667
26/10/1997,17.81793,NA,NA,NA,NA,NA,NA,NA,NA,NA,NA,NA,NA,NA,NA,NA,NA,NA,NA,NA,NA,NA,0,12.4,6,-86.60715334,-1.511579982,NA,1.833333333
27/10/1997,17.82067,NA,NA,NA,NA,NA,NA,NA,NA,NA,NA,NA,NA,NA,NA,NA,NA,NA,NA,NA,NA,NA,0,12,4,-109.8265787,-1.916835405,NA,3.291666667
28/10/1997,17.82341,NA,NA,NA,NA,NA,NA,NA,NA,NA,NA,NA,NA,NA,NA,NA,NA,NA,NA,NA,NA,NA,0,12.4,3,-168.6753098,-2.943939523,27,15.875
29/10/1997,17.82615,NA,NA,NA,NA,NA,NA,NA,NA,NA,NA,NA,NA,NA,NA,NA,NA,NA,NA,NA,NA,NA,0,11.2,8.1,-172.4729211,-3.010220343,30,17.41666667
30/10/1997,17.82888,NA,NA,NA,NA,NA,NA,NA,NA,NA,NA,NA,NA,NA,NA,NA,NA,NA,NA,NA,NA,NA,3.3,13.3,9,-125.2322878,-2.185715752,31,11.83333333
31/10/1997,17.83162,NA,NA,NA,NA,NA,NA,NA,NA,NA,NA,NA,NA,NA,NA,NA,NA,NA,NA,NA,NA,NA,0.1,13,5.3,-140.9578402,-2.460178419,22,9.291666667
01/11/1997,17.83436,NA,NA,NA,NA,NA,NA,NA,NA,NA,NA,NA,NA,NA,NA,NA,NA,NA,NA,NA,NA,NA,2.4,12.7,7.6,-71.49011346,-1.247737863,17,7.125
02/11/1997,17.83710,NA,NA,NA,NA,NA,NA,NA,NA,NA,NA,NA,NA,NA,NA,NA,NA,NA,NA,NA,NA,NA,0,11.5,5.1,5.107221908,0.089137838,NA,3.666666667
03/11/1997,17.83984,NA,NA,NA,NA,NA,NA,NA,NA,NA,NA,NA,NA,NA,NA,NA,NA,NA,NA,NA,NA,NA,1,11.8,8.2,168.1416678,2.934625714,27,12.33333333
04/11/1997,17.84257,NA,NA,NA,NA,NA,NA,NA,NA,NA,NA,NA,NA,NA,NA,NA,NA,NA,NA,NA,NA,NA,0,10.9,7,175.0394801,3.055015249,NA,5.791666667
05/11/1997,17.84531,NA,NA,NA,NA,NA,NA,NA,NA,NA,NA,NA,NA,NA,NA,NA,NA,NA,NA,NA,NA,NA,1.1,9.6,7,56.98344677,0.994548765,13,5.916666667
06/11/1997,17.84805,NA,NA,NA,NA,NA,NA,NA,NA,NA,NA,NA,NA,NA,NA,NA,NA,NA,NA,NA,NA,NA,3.7,9.8,7,5.022468999,0.087658621,15,5.625
07/11/1997,17.85079,NA,NA,NA,NA,NA,NA,NA,NA,NA,NA,NA,NA,NA,NA,NA,NA,NA,NA,NA,NA,NA,0.5,9.1,1.5,-48.97720487,-0.854813483,NA,2.375
08/11/1997,17.85352,NA,NA,NA,NA,NA,NA,NA,NA,NA,NA,NA,NA,NA,NA,NA,NA,NA,NA,NA,NA,NA,6.3,9.2,1.2,40.61929472,0.708940433,NA,5
09/11/1997,17.85626,NA,NA,NA,NA,NA,NA,NA,NA,NA,NA,NA,NA,NA,NA,NA,NA,NA,NA,NA,NA,NA,6.1,9.9,5.8,-123.4001563,-2.153739024,NA,4.416666667
10/11/1997,17.85900,NA,NA,NA,NA,NA,NA,NA,NA,NA,NA,NA,NA,NA,NA,NA,NA,NA,NA,NA,NA,NA,2.5,8.5,2.9,-46.67097002,-0.814562092,NA,1.708333333
11/11/1997,17.86174,NA,NA,NA,NA,NA,NA,NA,NA,NA,NA,NA,NA,NA,NA,NA,NA,NA,NA,NA,NA,NA,0.7,9.9,4.7,-95.79881591,-1.672004757,NA,3.291666667
12/11/1997,17.86448,NA,NA,NA,NA,NA,NA,NA,NA,NA,NA,NA,NA,NA,NA,NA,NA,NA,NA,NA,NA,NA,8.7,9.5,4.5,-120.1268338,-2.096608769,19,6.625
13/11/1997,17.86721,NA,NA,NA,NA,NA,NA,NA,NA,NA,NA,NA,NA,NA,NA,NA,NA,NA,NA,NA,NA,NA,2,9.8,3.8,-118.7556452,-2.072677014,15,6.166666667
14/11/1997,17.86995,NA,NA,NA,NA,NA,NA,NA,NA,NA,NA,NA,NA,NA,NA,NA,NA,NA,NA,NA,NA,NA,10.8,12.1,3.8,-140.2734287,-2.448233183,37,15.75
15/11/1997,17.87269,NA,NA,NA,NA,NA,NA,NA,NA,NA,NA,NA,NA,NA,NA,NA,NA,NA,NA,NA,NA,NA,0,13.6,6.1,-176.05454,-3.072731386,39,15.91666667
16/11/1997,17.87543,NA,NA,NA,NA,NA,NA,NA,NA,NA,NA,NA,NA,NA,NA,NA,NA,NA,NA,NA,NA,NA,13,15,11.2,-172.5112492,-3.010889296,37,20.875
17/11/1997,17.87817,NA,NA,NA,NA,NA,NA,NA,NA,NA,NA,NA,NA,NA,NA,NA,NA,NA,NA,NA,NA,NA,11.2,13.2,10,171.6479595,2.995822048,34,15.45833333
18/11/1997,17.88090,NA,NA,NA,NA,NA,NA,NA,NA,NA,NA,NA,NA,NA,NA,NA,NA,NA,NA,NA,NA,NA,23.3,14.6,12,-174.6847135,-3.048823403,43,21.375
19/11/1997,17.88364,NA,NA,NA,NA,NA,NA,NA,NA,NA,NA,NA,NA,NA,NA,NA,NA,NA,NA,NA,NA,NA,0.2,NA,NA,146.7774628,2.561749994,28,14.66666667
20/11/1997,17.88638,NA,NA,NA,NA,NA,NA,NA,NA,NA,NA,NA,NA,NA,NA,NA,NA,NA,NA,NA,NA,NA,0,12.1,9.4,125.8301019,2.196149576,33,17.04166667
21/11/1997,17.88912,NA,NA,NA,NA,NA,NA,NA,NA,NA,NA,NA,NA,NA,NA,NA,NA,NA,NA,NA,NA,NA,3.7,10.7,7.8,167.7622994,2.928004486,30,14.58333333
22/11/1997,17.89185,NA,NA,NA,NA,NA,NA,NA,NA,NA,NA,NA,NA,NA,NA,NA,NA,NA,NA,NA,NA,NA,0,10.4,3.8,160.501677,2.801282719,NA,8.583333333
23/11/1997,17.89459,NA,NA,NA,NA,NA,NA,NA,NA,NA,NA,NA,NA,NA,NA,NA,NA,NA,NA,NA,NA,NA,0,9.7,4.5,146.661896,2.559732972,22,8.708333333
24/11/1997,17.89733,NA,NA,NA,NA,NA,NA,NA,NA,NA,NA,NA,NA,NA,NA,NA,NA,NA,NA,NA,NA,NA,0.3,10.3,7.6,135,2.35619449,22,9.833333333
25/11/1997,17.90007,NA,NA,NA,NA,NA,NA,NA,NA,NA,NA,NA,NA,NA,NA,NA,NA,NA,NA,NA,NA,NA,2.1,10.3,8.6,132.5079641,2.312700258,28,14.125
26/11/1997,17.90281,NA,NA,NA,NA,NA,NA,NA,NA,NA,NA,NA,NA,NA,NA,NA,NA,NA,NA,NA,NA,NA,0,10.3,7.9,125.4326026,2.189211905,27,13.5
27/11/1997,17.90554,NA,NA,NA,NA,NA,NA,NA,NA,NA,NA,NA,NA,NA,NA,NA,NA,NA,NA,NA,NA,NA,0,10.2,8.2,123.716862,2.159266583,25,12.33333333
28/11/1997,17.90828,NA,NA,NA,NA,NA,NA,NA,NA,NA,NA,NA,NA,NA,NA,NA,NA,NA,NA,NA,NA,NA,0,9.9,4.3,9.839965545,0.171739797,NA,2.583333333
29/11/1997,17.91102,NA,NA,NA,NA,NA,NA,NA,NA,NA,NA,NA,NA,NA,NA,NA,NA,NA,NA,NA,NA,NA,0,10.2,7.4,73.75487074,1.287265334,25,10.29166667
30/11/1997,17.91376,NA,NA,NA,NA,NA,NA,NA,NA,NA,NA,NA,NA,NA,NA,NA,NA,NA,NA,NA,NA,NA,5,8.1,0.5,13.02152525,0.227268489,24,9.125
01/12/1997,17.91650,NA,NA,NA,NA,NA,NA,NA,NA,NA,NA,NA,NA,NA,NA,NA,NA,NA,NA,NA,NA,NA,4.1,4.8,0.4,NA,NA,34,NA
02/12/1997,17.91923,NA,NA,NA,NA,NA,NA,NA,NA,NA,NA,NA,NA,NA,NA,NA,NA,NA,NA,NA,NA,NA,4.2,7.7,2.2,4.892814478,0.085395722,40,12.54166667
03/12/1997,17.92197,NA,NA,NA,NA,NA,NA,NA,NA,NA,NA,NA,NA,NA,NA,NA,NA,NA,NA,NA,NA,NA,4.6,6.9,1.2,-24.47037374,-0.427088591,21,5.875
04/12/1997,17.92471,NA,NA,NA,NA,NA,NA,NA,NA,NA,NA,NA,NA,NA,NA,NA,NA,NA,NA,NA,NA,NA,0.2,6.7,0.1,-126.6634071,-2.210693495,17,5
05/12/1997,17.92745,NA,NA,NA,NA,NA,NA,NA,NA,NA,NA,NA,NA,NA,NA,NA,NA,NA,NA,NA,NA,NA,19.6,10.5,6.3,NA,NA,34,NA
06/12/1997,17.93018,NA,NA,NA,NA,NA,NA,NA,NA,NA,NA,NA,NA,NA,NA,NA,NA,NA,NA,NA,NA,NA,8.6,12.2,10.5,NA,NA,46,NA
07/12/1997,17.93292,NA,NA,NA,NA,NA,NA,NA,NA,NA,NA,NA,NA,NA,NA,NA,NA,NA,NA,NA,NA,NA,7,12,10.1,-179.6073252,-3.134739186,46,23.33333333
08/12/1997,17.93566,NA,NA,NA,NA,NA,NA,NA,NA,NA,NA,NA,NA,NA,NA,NA,NA,NA,NA,NA,NA,NA,14.6,11.7,7.8,-153.2978925,-2.67555296,50,18.08333333
09/12/1997,17.93840,NA,NA,NA,NA,NA,NA,NA,NA,NA,NA,NA,NA,NA,NA,NA,NA,NA,NA,NA,NA,NA,5.7,9.8,3.8,-125.8790114,-2.197003208,28,7.5
10/12/1997,17.94114,NA,NA,NA,NA,NA,NA,NA,NA,NA,NA,NA,NA,NA,NA,NA,NA,NA,NA,NA,NA,NA,1.8,8.3,2.3,-92.03530179,-1.606319044,14,3.708333333
11/12/1997,17.94387,NA,NA,NA,NA,NA,NA,NA,NA,NA,NA,NA,NA,NA,NA,NA,NA,NA,NA,NA,NA,NA,1.1,7,1.6,-36.92363583,-0.644439017,30,4.958333333
12/12/1997,17.94661,NA,NA,NA,NA,NA,NA,NA,NA,NA,NA,NA,NA,NA,NA,NA,NA,NA,NA,NA,NA,NA,3.4,8.4,1,-141.0746088,-2.462216414,30,8.458333333
13/12/1997,17.94935,NA,NA,NA,NA,NA,NA,NA,NA,NA,NA,NA,NA,NA,NA,NA,NA,NA,NA,NA,NA,NA,1.8,9.9,1.9,-137.9528353,-2.407731188,18,5.583333333
14/12/1997,17.95209,NA,NA,NA,NA,NA,NA,NA,NA,NA,NA,NA,NA,NA,NA,NA,NA,NA,NA,NA,NA,NA,0,10.7,9.1,178.3252926,3.112363495,23,13.08333333
15/12/1997,17.95483,NA,NA,NA,NA,NA,NA,NA,NA,NA,NA,NA,NA,NA,NA,NA,NA,NA,NA,NA,NA,NA,0,10.7,4.9,169.8406754,2.96427899,19,8.958333333
16/12/1997,17.95756,NA,NA,NA,NA,NA,NA,NA,NA,NA,NA,NA,NA,NA,NA,NA,NA,NA,NA,NA,NA,NA,0,6.6,3.9,127.0609445,2.217631832,36,12.45833333
17/12/1997,17.96030,NA,NA,NA,NA,NA,NA,NA,NA,NA,NA,NA,NA,NA,NA,NA,NA,NA,NA,NA,NA,NA,0,6.2,4.8,108.7509991,1.898063,51,25.45833333
18/12/1997,17.96304,NA,NA,NA,NA,NA,NA,NA,NA,NA,NA,NA,NA,NA,NA,NA,NA,NA,NA,NA,NA,NA,3.8,7.3,5.7,110.4169224,1.927138846,51,23.95833333
19/12/1997,17.96578,NA,NA,NA,NA,NA,NA,NA,NA,NA,NA,NA,NA,NA,NA,NA,NA,NA,NA,NA,NA,NA,3.8,8.4,6,116.5492486,2.034168129,26,5.791666667
20/12/1997,17.96851,NA,NA,NA,NA,NA,NA,NA,NA,NA,NA,NA,NA,NA,NA,NA,NA,NA,NA,NA,NA,NA,2.7,9.1,6.7,161.1684851,2.812920716,14,5.875
21/12/1997,17.97125,NA,NA,NA,NA,NA,NA,NA,NA,NA,NA,NA,NA,NA,NA,NA,NA,NA,NA,NA,NA,NA,0.2,9.4,5.4,-150.7995917,-2.631949385,15,4.166666667
22/12/1997,17.97399,NA,NA,NA,NA,NA,NA,NA,NA,NA,NA,NA,NA,NA,NA,NA,NA,NA,NA,NA,NA,NA,0,8.8,6.5,131.0963802,2.288063471,18,6.416666667
23/12/1997,17.97673,NA,NA,NA,NA,NA,NA,NA,NA,NA,NA,NA,NA,NA,NA,NA,NA,NA,NA,NA,NA,NA,6.6,10.3,6.4,178.0169394,3.106981717,32,17.16666667
24/12/1997,17.97947,NA,NA,NA,NA,NA,NA,NA,NA,NA,NA,NA,NA,NA,NA,NA,NA,NA,NA,NA,NA,NA,10.7,9.4,4.1,-177.9308613,-3.10547937,33,13.29166667
25/12/1997,17.98220,NA,NA,NA,NA,NA,NA,NA,NA,NA,NA,NA,NA,NA,NA,NA,NA,NA,NA,NA,NA,NA,9,7.3,1,-17.5343536,-0.306032203,21,5.416666667
26/12/1997,17.98494,NA,NA,NA,NA,NA,NA,NA,NA,NA,NA,NA,NA,NA,NA,NA,NA,NA,NA,NA,NA,NA,1.9,7,2.5,-102.4958341,-1.788889774,15,3.833333333
27/12/1997,17.98768,NA,NA,NA,NA,NA,NA,NA,NA,NA,NA,NA,NA,NA,NA,NA,NA,NA,NA,NA,NA,NA,6.7,7.1,3.1,-110.628662,-1.930834399,30,9.125
28/12/1997,17.99042,NA,NA,NA,NA,NA,NA,NA,NA,NA,NA,NA,NA,NA,NA,NA,NA,NA,NA,NA,NA,NA,3.8,7.2,3,-83.81274385,-1.462808335,29,8.5
29/12/1997,17.99316,NA,NA,NA,NA,NA,NA,NA,NA,NA,NA,NA,NA,NA,NA,NA,NA,NA,NA,NA,NA,NA,0.2,5.9,1.7,-128.4298211,-2.241523236,12,2.958333333
30/12/1997,17.99589,NA,NA,NA,NA,NA,NA,NA,NA,NA,NA,NA,NA,NA,NA,NA,NA,NA,NA,NA,NA,NA,8.5,10.4,3.5,172.1063836,3.003823057,46,21.5
31/12/1997,17.99863,NA,NA,NA,NA,NA,NA,NA,NA,NA,NA,NA,NA,NA,NA,NA,NA,NA,NA,NA,NA,NA,16.6,10.6,2.9,-118.6237748,-2.070375441,45,13.54166667
01/01/1998,18.00137,NA,NA,NA,NA,NA,NA,NA,NA,NA,NA,NA,NA,NA,NA,NA,NA,NA,NA,NA,NA,NA,18.7,9,4.8,175.0379107,3.054987857,56,27.7826087
02/01/1998,18.00411,NA,NA,NA,NA,NA,NA,NA,NA,NA,NA,NA,NA,NA,NA,NA,NA,NA,NA,NA,NA,NA,6.6,8.2,4.9,-169.5693217,-2.959542974,38,15.66666667
03/01/1998,18.00684,NA,NA,NA,NA,NA,NA,NA,NA,NA,NA,NA,NA,NA,NA,NA,NA,NA,NA,NA,NA,NA,24.8,8.3,5.3,-163.0859246,-2.846386348,41,18.625
04/01/1998,18.00958,NA,NA,NA,NA,NA,NA,NA,NA,NA,NA,NA,NA,NA,NA,NA,NA,NA,NA,NA,NA,NA,7,6.6,2.8,-138.8430196,-2.423267835,42,13.75
05/01/1998,18.01232,NA,NA,NA,NA,NA,NA,NA,NA,NA,NA,NA,NA,NA,NA,NA,NA,NA,NA,NA,NA,NA,0,6.6,1.8,-124.5788076,-2.174310371,18,3.875
06/01/1998,18.01506,NA,NA,NA,NA,NA,NA,NA,NA,NA,NA,NA,NA,NA,NA,NA,NA,NA,NA,NA,NA,NA,5.1,7.3,-2,168.9537768,2.94879969,NA,10.375
07/01/1998,18.01780,NA,NA,NA,NA,NA,NA,NA,NA,NA,NA,NA,NA,NA,NA,NA,NA,NA,NA,NA,NA,NA,10.7,8,4.1,-163.4893583,-2.853427594,35,20.375
08/01/1998,18.02053,NA,NA,NA,NA,NA,NA,NA,NA,NA,NA,NA,NA,NA,NA,NA,NA,NA,NA,NA,NA,NA,2.6,7.8,3.2,-179.9485782,-3.140695175,35,18.04166667
09/01/1998,18.02327,NA,NA,NA,NA,NA,NA,NA,NA,NA,NA,NA,NA,NA,NA,NA,NA,NA,NA,NA,NA,NA,13.9,10.5,7.2,-166.806904,-2.91132969,36,13.875
10/01/1998,18.02601,NA,NA,NA,NA,NA,NA,NA,NA,NA,NA,NA,NA,NA,NA,NA,NA,NA,NA,NA,NA,NA,14.9,9.6,6.8,-175.2378678,-3.058477767,28,11.95833333
11/01/1998,18.02875,NA,NA,NA,NA,NA,NA,NA,NA,NA,NA,NA,NA,NA,NA,NA,NA,NA,NA,NA,NA,NA,9.6,14.4,7,-172.4661767,-3.010102632,41,20.70833333
12/01/1998,18.03149,NA,NA,NA,NA,NA,NA,NA,NA,NA,NA,NA,NA,NA,NA,NA,NA,NA,NA,NA,NA,NA,1,10.7,8.1,-175.8461063,-3.069093533,52,25.83333333
13/01/1998,18.03422,NA,NA,NA,NA,NA,NA,NA,NA,NA,NA,NA,NA,NA,NA,NA,NA,NA,NA,NA,NA,NA,1,9.3,7.4,-156.2243666,-2.72662957,NA,12
14/01/1998,18.03696,NA,NA,NA,NA,NA,NA,NA,NA,NA,NA,NA,NA,NA,NA,NA,NA,NA,NA,NA,NA,NA,0.2,7.2,2.8,-121.6006023,-2.122330883,NA,4.125
15/01/1998,18.03970,NA,NA,NA,NA,NA,NA,NA,NA,NA,NA,NA,NA,NA,NA,NA,NA,NA,NA,NA,NA,NA,2.8,6,1.9,-43.18403525,-0.753703599,NA,2.916666667
16/01/1998,18.04244,NA,NA,NA,NA,NA,NA,NA,NA,NA,NA,NA,NA,NA,NA,NA,NA,NA,NA,NA,NA,NA,3.2,5.2,1,-55.10601262,-0.961781358,36,9.666666667
17/01/1998,18.04517,NA,NA,NA,NA,NA,NA,NA,NA,NA,NA,NA,NA,NA,NA,NA,NA,NA,NA,NA,NA,NA,0.1,4.3,-0.9,60.64609928,1.058474111,NA,8.125
18/01/1998,18.04791,NA,NA,NA,NA,NA,NA,NA,NA,NA,NA,NA,NA,NA,NA,NA,NA,NA,NA,NA,NA,NA,21.6,3.3,0.7,63.63237241,1.110594409,57,28.125
19/01/1998,18.05065,NA,NA,NA,NA,NA,NA,NA,NA,NA,NA,NA,NA,NA,NA,NA,NA,NA,NA,NA,NA,NA,2.2,3.8,-1.4,5.785629843,0.10097829,49,18.70833333
20/01/1998,18.05339,NA,NA,NA,NA,NA,NA,NA,NA,NA,NA,NA,NA,NA,NA,NA,NA,NA,NA,NA,NA,NA,1.4,5.3,2,152.5291256,2.662135447,NA,19.75
21/01/1998,18.05613,NA,NA,NA,NA,NA,NA,NA,NA,NA,NA,NA,NA,NA,NA,NA,NA,NA,NA,NA,NA,NA,3.2,11,4.4,NA,NA,NA,NA
22/01/1998,18.05886,NA,NA,NA,NA,NA,NA,NA,NA,NA,NA,NA,NA,NA,NA,NA,NA,NA,NA,NA,NA,NA,21.2,10.8,9.1,-159.1773097,-2.778168149,NA,12.41666667
23/01/1998,18.06160,NA,NA,NA,NA,NA,NA,NA,NA,NA,NA,NA,NA,NA,NA,NA,NA,NA,NA,NA,NA,NA,7.2,9.3,3.8,66.3495302,1.158017759,41,20.08333333
24/01/1998,18.06434,NA,NA,NA,NA,NA,NA,NA,NA,NA,NA,NA,NA,NA,NA,NA,NA,NA,NA,NA,NA,NA,0,5.4,2.1,133.0311254,2.321831145,17,6.791666667
25/01/1998,18.06708,NA,NA,NA,NA,NA,NA,NA,NA,NA,NA,NA,NA,NA,NA,NA,NA,NA,NA,NA,NA,NA,0,5.2,1.5,-150.692948,-2.630088103,NA,5.739130435
26/01/1998,18.06982,NA,NA,NA,NA,NA,NA,NA,NA,NA,NA,NA,NA,NA,NA,NA,NA,NA,NA,NA,NA,NA,0,6.7,3,-157.9215585,-2.756251155,20,9.666666667
27/01/1998,18.07255,NA,NA,NA,NA,NA,NA,NA,NA,NA,NA,NA,NA,NA,NA,NA,NA,NA,NA,NA,NA,NA,0,8.8,5.9,-132.5046163,-2.312641829,19,9.916666667
28/01/1998,18.07529,NA,NA,NA,NA,NA,NA,NA,NA,NA,NA,NA,NA,NA,NA,NA,NA,NA,NA,NA,NA,NA,0.7,8.8,1.6,-127.6162259,-2.22732332,11,4.041666667
29/01/1998,18.07803,NA,NA,NA,NA,NA,NA,NA,NA,NA,NA,NA,NA,NA,NA,NA,NA,NA,NA,NA,NA,NA,1.1,8.5,4.2,-95.7116591,-1.670483584,16,5.75
30/01/1998,18.08077,NA,NA,NA,NA,NA,NA,NA,NA,NA,NA,NA,NA,NA,NA,NA,NA,NA,NA,NA,NA,NA,2,7,0.9,-43.35566904,-0.756699174,NA,4.625
31/01/1998,18.08350,NA,NA,NA,NA,NA,NA,NA,NA,NA,NA,NA,NA,NA,NA,NA,NA,NA,NA,NA,NA,NA,0,6.1,0.1,-94.19159996,-1.643953547,NA,3.5
01/02/1998,18.08624,NA,NA,NA,NA,NA,NA,NA,NA,NA,NA,NA,NA,NA,NA,NA,NA,NA,NA,NA,NA,NA,3.1,6.3,2.4,-77.7318559,-1.356676819,32,9.8125
02/02/1998,18.08898,NA,NA,NA,NA,NA,NA,NA,NA,NA,NA,NA,NA,NA,NA,NA,NA,NA,NA,NA,NA,NA,1.7,4.6,1.2,-39.89900301,-0.696368971,29,11.70833333
03/02/1998,18.09172,NA,NA,NA,NA,NA,NA,NA,NA,NA,NA,NA,NA,NA,NA,NA,NA,NA,NA,NA,NA,NA,4.8,8.3,1.2,-119.319119,-2.082511486,37,14.125
04/02/1998,18.09446,NA,NA,NA,NA,NA,NA,NA,NA,NA,NA,NA,NA,NA,NA,NA,NA,NA,NA,NA,NA,NA,3.5,7.1,1.8,-105.9593906,-1.849340239,43,15.66666667
05/02/1998,18.09719,NA,NA,NA,NA,NA,NA,NA,NA,NA,NA,NA,NA,NA,NA,NA,NA,NA,NA,NA,NA,NA,0.9,9,4.9,-144.081643,-2.514699063,39,15.68181818
06/02/1998,18.09993,NA,NA,NA,NA,NA,NA,NA,NA,NA,NA,NA,NA,NA,NA,NA,NA,NA,NA,NA,NA,NA,9.3,9.1,3.8,-155.0640446,-2.706378129,49,20.20833333
07/02/1998,18.10267,NA,NA,NA,NA,NA,NA,NA,NA,NA,NA,NA,NA,NA,NA,NA,NA,NA,NA,NA,NA,NA,1.3,6.4,1.7,-121.319329,-2.117421737,38,14.33333333
08/02/1998,18.10541,NA,NA,NA,NA,NA,NA,NA,NA,NA,NA,NA,NA,NA,NA,NA,NA,NA,NA,NA,NA,NA,12.4,11.1,5,-155.547423,-2.714814674,53,28.94444444
09/02/1998,18.10815,NA,NA,NA,NA,NA,NA,NA,NA,NA,NA,NA,NA,NA,NA,NA,NA,NA,NA,NA,NA,NA,2.1,10.7,6.2,-132.5047687,-2.312644489,35,15.16666667
10/02/1998,18.11088,NA,NA,NA,NA,NA,NA,NA,NA,NA,NA,NA,NA,NA,NA,NA,NA,NA,NA,NA,NA,NA,2.5,8.3,3.2,-138.0783209,-2.409921326,38,16.25
11/02/1998,18.11362,NA,NA,NA,NA,NA,NA,NA,NA,NA,NA,NA,NA,NA,NA,NA,NA,NA,NA,NA,NA,NA,20.5,11,7.5,-145.8838854,-2.546154126,31,13.83333333
12/02/1998,18.11636,NA,NA,NA,NA,NA,NA,NA,NA,NA,NA,NA,NA,NA,NA,NA,NA,NA,NA,NA,NA,NA,29.2,11.3,9.3,-145.3370258,-2.536609625,29,12.79166667
13/02/1998,18.11910,NA,NA,NA,NA,NA,NA,NA,NA,NA,NA,NA,NA,NA,NA,NA,NA,NA,NA,NA,NA,NA,14.3,11.9,10,-153.7487228,-2.683421433,35,16.54166667
14/02/1998,18.12183,NA,NA,NA,NA,NA,NA,NA,NA,NA,NA,NA,NA,NA,NA,NA,NA,NA,NA,NA,NA,NA,22.1,11.7,9.8,-150.2862996,-2.622990749,30,12.66666667
15/02/1998,18.12457,NA,NA,NA,NA,NA,NA,NA,NA,NA,NA,NA,NA,NA,NA,NA,NA,NA,NA,NA,NA,NA,4.7,11.9,9,-161.2889401,-2.815023052,42,18.41666667
16/02/1998,18.12731,NA,NA,NA,NA,NA,NA,NA,NA,NA,NA,NA,NA,NA,NA,NA,NA,NA,NA,NA,NA,NA,1.9,10.7,5.1,-63.37840828,-1.106161899,39,14.125
17/02/1998,18.13005,NA,NA,NA,NA,NA,NA,NA,NA,NA,NA,NA,NA,NA,NA,NA,NA,NA,NA,NA,NA,NA,2.4,12,6.8,-136.5961857,-2.384053186,35,18.66666667
18/02/1998,18.13279,NA,NA,NA,NA,NA,NA,NA,NA,NA,NA,NA,NA,NA,NA,NA,NA,NA,NA,NA,NA,NA,0,11.1,8.5,-158.0058123,-2.757721661,32,17.70833333
19/02/1998,18.13552,NA,NA,NA,NA,NA,NA,NA,NA,NA,NA,NA,NA,NA,NA,NA,NA,NA,NA,NA,NA,NA,1.3,11.4,8.4,-154.2961163,-2.692975253,41,18.95833333
20/02/1998,18.13826,NA,NA,NA,NA,NA,NA,NA,NA,NA,NA,NA,NA,NA,NA,NA,NA,NA,NA,NA,NA,NA,14.7,11,7.3,-170.0788939,-2.968436687,51,25.79166667
21/02/1998,18.14100,NA,NA,NA,NA,NA,NA,NA,NA,NA,NA,NA,NA,NA,NA,NA,NA,NA,NA,NA,NA,NA,4.2,9.1,1.6,-136.7922687,-2.38747548,31,11.70833333
22/02/1998,18.14374,NA,NA,NA,NA,NA,NA,NA,NA,NA,NA,NA,NA,NA,NA,NA,NA,NA,NA,NA,NA,NA,3.4,9.5,1.2,NA,NA,47,NA
23/02/1998,18.14648,NA,NA,NA,NA,NA,NA,NA,NA,NA,NA,NA,NA,NA,NA,NA,NA,NA,NA,NA,NA,NA,7.5,11.2,7.7,-116.2753539,-2.029387765,44,22.54166667
24/02/1998,18.14921,NA,NA,NA,NA,NA,NA,NA,NA,NA,NA,NA,NA,NA,NA,NA,NA,NA,NA,NA,NA,NA,2.3,11.3,9.1,-124.9873081,-2.181440049,35,19.45833333
25/02/1998,18.15195,NA,NA,NA,NA,NA,NA,NA,NA,NA,NA,NA,NA,NA,NA,NA,NA,NA,NA,NA,NA,NA,4.8,9.5,7.8,-152.5938078,-2.663264365,53,24.83333333
26/02/1998,18.15469,NA,NA,NA,NA,NA,NA,NA,NA,NA,NA,NA,NA,NA,NA,NA,NA,NA,NA,NA,NA,NA,13.5,9.1,4.1,-116.2561627,-2.029052814,61,29.54166667
27/02/1998,18.15743,NA,NA,NA,NA,NA,NA,NA,NA,NA,NA,NA,NA,NA,NA,NA,NA,NA,NA,NA,NA,NA,NA,6.5,-0.2,-80.35238778,-1.402413729,59,20.5
28/02/1998,18.16016,NA,NA,NA,NA,NA,NA,NA,NA,NA,NA,NA,NA,NA,NA,NA,NA,NA,NA,NA,NA,NA,NA,2.4,-2.7,-37.67398189,-0.657535026,38,9.875
01/03/1998,18.16290,NA,NA,NA,NA,NA,NA,NA,NA,NA,NA,NA,NA,NA,NA,NA,NA,NA,NA,NA,NA,NA,14.7,2.9,-5.6,-175.2419064,-3.058548254,43,16.41666667
02/03/1998,18.16564,NA,NA,NA,NA,NA,NA,NA,NA,NA,NA,NA,NA,NA,NA,NA,NA,NA,NA,NA,NA,NA,11.8,4.3,0.7,21.13463464,0.368868961,46,18.45833333
03/03/1998,18.16838,NA,NA,NA,NA,NA,NA,NA,NA,NA,NA,NA,NA,NA,NA,NA,NA,NA,NA,NA,NA,NA,10.8,6.3,1,-135.0220744,-2.35657976,39,13.70833333
04/03/1998,18.17112,NA,NA,NA,NA,NA,NA,NA,NA,NA,NA,NA,NA,NA,NA,NA,NA,NA,NA,NA,NA,NA,4.2,5.2,0.3,-51.79060206,-0.903916527,40,16.29166667
05/03/1998,18.17385,NA,NA,NA,NA,NA,NA,NA,NA,NA,NA,NA,NA,NA,NA,NA,NA,NA,NA,NA,NA,NA,NA,3,-1.7,NA,NA,45,NA
06/03/1998,18.17659,NA,NA,NA,NA,NA,NA,NA,NA,NA,NA,NA,NA,NA,NA,NA,NA,NA,NA,NA,NA,NA,3.2,3.5,-0.6,127.0663815,2.217726725,33,13.125
07/03/1998,18.17933,NA,NA,NA,NA,NA,NA,NA,NA,NA,NA,NA,NA,NA,NA,NA,NA,NA,NA,NA,NA,NA,3.1,5.1,1.7,100.0381227,1.745994619,39,19.83333333
08/03/1998,18.18207,NA,NA,NA,NA,NA,NA,NA,NA,NA,NA,NA,NA,NA,NA,NA,NA,NA,NA,NA,NA,NA,0,7.3,1.4,160.3165067,2.798050887,21,9.458333333
09/03/1998,18.18480,NA,NA,NA,NA,NA,NA,NA,NA,NA,NA,NA,NA,NA,NA,NA,NA,NA,NA,NA,NA,NA,NA,8.4,0.7,-158.0553758,-2.758586708,46,11.70833333
10/03/1998,18.18754,NA,NA,NA,NA,NA,NA,NA,NA,NA,NA,NA,NA,NA,NA,NA,NA,NA,NA,NA,NA,NA,NA,7.7,4.5,178.5209905,3.115779067,45,16.33333333
11/03/1998,18.19028,NA,NA,NA,NA,NA,NA,NA,NA,NA,NA,NA,NA,NA,NA,NA,NA,NA,NA,NA,NA,NA,NA,6.2,0.3,-47.33254056,-0.826108676,40,14.125
12/03/1998,18.19302,NA,NA,NA,NA,NA,NA,NA,NA,NA,NA,NA,NA,NA,NA,NA,NA,NA,NA,NA,NA,NA,NA,10.2,-0.9,-88.64890971,-1.547215353,37,13.79166667
13/03/1998,18.19576,NA,NA,NA,NA,NA,NA,NA,NA,NA,NA,NA,NA,NA,NA,NA,NA,NA,NA,NA,NA,NA,0.4,10.2,6.7,-71.24423946,-1.243446552,25,9.041666667
14/03/1998,18.19849,NA,NA,NA,NA,NA,NA,NA,NA,NA,NA,NA,NA,NA,NA,NA,NA,NA,NA,NA,NA,NA,0.5,10.4,7.2,-109.1592747,-1.905188753,28,10.83333333
15/03/1998,18.20123,NA,NA,NA,NA,NA,NA,NA,NA,NA,NA,NA,NA,NA,NA,NA,NA,NA,NA,NA,NA,NA,6.8,10.8,7.6,-119.7011251,-2.089178751,30,13.25
16/03/1998,18.20397,NA,NA,NA,NA,NA,NA,NA,NA,NA,NA,NA,NA,NA,NA,NA,NA,NA,NA,NA,NA,NA,33.6,9.3,4,-139.2845633,-2.430974227,24,6.875
17/03/1998,18.20671,NA,NA,NA,NA,NA,NA,NA,NA,NA,NA,NA,NA,NA,NA,NA,NA,NA,NA,NA,NA,NA,1.7,9.8,3.5,-116.062215,-2.025667789,55,20.16666667
18/03/1998,18.20945,NA,NA,NA,NA,NA,NA,NA,NA,NA,NA,NA,NA,NA,NA,NA,NA,NA,NA,NA,NA,NA,3.4,7.8,3,-77.02718158,-1.344377932,38,11.875
19/03/1998,18.21218,NA,NA,NA,NA,NA,NA,NA,NA,NA,NA,NA,NA,NA,NA,NA,NA,NA,NA,NA,NA,NA,5.8,9.3,3,-105.8333198,-1.84713989,23,10.16666667
20/03/1998,18.21492,NA,NA,NA,NA,NA,NA,NA,NA,NA,NA,NA,NA,NA,NA,NA,NA,NA,NA,NA,NA,NA,0,10.4,8.1,-87.6345374,-1.529511216,22,8.625
21/03/1998,18.21766,NA,NA,NA,NA,NA,NA,NA,NA,NA,NA,NA,NA,NA,NA,NA,NA,NA,NA,NA,NA,NA,0,10,6.9,-133.8315104,-2.3358005,21,8.166666667
22/03/1998,18.22040,NA,NA,NA,NA,NA,NA,NA,NA,NA,NA,NA,NA,NA,NA,NA,NA,NA,NA,NA,NA,NA,0,8.8,7.6,-160.4169224,-2.799803472,22,11.33333333
23/03/1998,18.22313,NA,NA,NA,NA,NA,NA,NA,NA,NA,NA,NA,NA,NA,NA,NA,NA,NA,NA,NA,NA,NA,16.6,8.4,5.9,-159.4292301,-2.78256499,48,22.20833333
24/03/1998,18.22587,NA,NA,NA,NA,NA,NA,NA,NA,NA,NA,NA,NA,NA,NA,NA,NA,NA,NA,NA,NA,NA,1.2,8.5,3.2,-123.6170534,-2.157524594,28,10.20833333
25/03/1998,18.22861,NA,NA,NA,NA,NA,NA,NA,NA,NA,NA,NA,NA,NA,NA,NA,NA,NA,NA,NA,NA,NA,1.1,10.1,5.8,-174.1141114,-3.038864519,29,16.08333333
26/03/1998,18.23135,NA,NA,NA,NA,NA,NA,NA,NA,NA,NA,NA,NA,NA,NA,NA,NA,NA,NA,NA,NA,NA,20.3,10.5,5.5,-133.8054386,-2.33534546,52,22.20833333
27/03/1998,18.23409,NA,NA,NA,NA,NA,NA,NA,NA,NA,NA,NA,NA,NA,NA,NA,NA,NA,NA,NA,NA,NA,3.7,11,4.3,-154.0272395,-2.688282468,42,17.875
28/03/1998,18.23682,NA,NA,NA,NA,NA,NA,NA,NA,NA,NA,NA,NA,NA,NA,NA,NA,NA,NA,NA,NA,NA,4.7,11.6,6.2,-151.3153091,-2.640950353,44,18.75
29/03/1998,18.23956,NA,NA,NA,NA,NA,NA,NA,NA,NA,NA,NA,NA,NA,NA,NA,NA,NA,NA,NA,NA,NA,4.4,9.6,3.8,146.6696385,2.559868104,21,8.695652174
30/03/1998,18.24230,NA,NA,NA,NA,NA,NA,NA,NA,NA,NA,NA,NA,NA,NA,NA,NA,NA,NA,NA,NA,NA,18.5,10.4,7.8,165.5292754,2.889030864,31,13.66666667
31/03/1998,18.24504,NA,NA,NA,NA,NA,NA,NA,NA,NA,NA,NA,NA,NA,NA,NA,NA,NA,NA,NA,NA,NA,0.4,9.4,6.2,35.50837163,0.619737997,24,11.25
01/04/1998,18.24778,NA,NA,NA,NA,NA,NA,NA,NA,NA,NA,NA,NA,NA,NA,NA,NA,NA,NA,NA,NA,NA,0,9.3,5.4,103.3422931,1.803663272,27,14.29166667
02/04/1998,18.25051,NA,NA,NA,NA,NA,NA,NA,NA,NA,NA,NA,NA,NA,NA,NA,NA,NA,NA,NA,NA,NA,0,9.8,4.8,92.50161389,1.614457726,42,17.41666667
03/04/1998,18.25325,NA,NA,NA,NA,NA,NA,NA,NA,NA,NA,NA,NA,NA,NA,NA,NA,NA,NA,NA,NA,NA,0.4,5.9,3.7,79.96207153,1.395601425,50,27.5
04/04/1998,18.25599,NA,NA,NA,NA,NA,NA,NA,NA,NA,NA,NA,NA,NA,NA,NA,NA,NA,NA,NA,NA,NA,3,7.8,4.7,NA,NA,39,NA
05/04/1998,18.25873,NA,NA,NA,NA,NA,NA,NA,NA,NA,NA,NA,NA,NA,NA,NA,NA,NA,NA,NA,NA,NA,3.2,7.7,5.3,63.34229314,1.105531571,36,18.66666667
06/04/1998,18.26146,NA,NA,NA,NA,NA,NA,NA,NA,NA,NA,NA,NA,NA,NA,NA,NA,NA,NA,NA,NA,NA,3.2,8.7,6.2,NA,NA,29,NA
07/04/1998,18.26420,NA,NA,NA,NA,NA,NA,NA,NA,NA,NA,NA,NA,NA,NA,NA,NA,NA,NA,NA,NA,NA,0.4,8.6,6.4,54.20360081,0.946031301,27,11.70833333
08/04/1998,18.26694,NA,NA,NA,NA,NA,NA,NA,NA,NA,NA,NA,NA,NA,NA,NA,NA,NA,NA,NA,NA,NA,55.6,6.8,2.5,74.99380733,1.308888857,39,16.875
09/04/1998,18.26968,NA,NA,NA,NA,NA,NA,NA,NA,NA,NA,NA,NA,NA,NA,NA,NA,NA,NA,NA,NA,NA,NA,4.6,-2.8,-5.095837431,-0.088939141,34,14.625
10/04/1998,18.27242,NA,NA,NA,NA,NA,NA,NA,NA,NA,NA,NA,NA,NA,NA,NA,NA,NA,NA,NA,NA,NA,NA,5.8,-2.8,NA,NA,43,NA
11/04/1998,18.27515,NA,NA,NA,NA,NA,NA,NA,NA,NA,NA,NA,NA,NA,NA,NA,NA,NA,NA,NA,NA,NA,NA,5.3,0.7,1.237774722,0.021603244,33,15.20833333
12/04/1998,18.27789,NA,NA,NA,NA,NA,NA,NA,NA,NA,NA,NA,NA,NA,NA,NA,NA,NA,NA,NA,NA,NA,NA,4.9,0.3,1.152810878,0.020120345,33,14.125
13/04/1998,18.28063,NA,NA,NA,NA,NA,NA,NA,NA,NA,NA,NA,NA,NA,NA,NA,NA,NA,NA,NA,NA,NA,NA,4.8,-0.9,-6.953721037,-0.121365327,26,10.54166667
14/04/1998,18.28337,NA,NA,NA,NA,NA,NA,NA,NA,NA,NA,NA,NA,NA,NA,NA,NA,NA,NA,NA,NA,NA,NA,6.4,-0.8,-6.687258517,-0.116714679,36,16.04166667
15/04/1998,18.28611,NA,NA,NA,NA,NA,NA,NA,NA,NA,NA,NA,NA,NA,NA,NA,NA,NA,NA,NA,NA,NA,12.2,6.4,0.4,-22.20777686,-0.387598826,33,11
16/04/1998,18.28884,NA,NA,NA,NA,NA,NA,NA,NA,NA,NA,NA,NA,NA,NA,NA,NA,NA,NA,NA,NA,NA,3.2,8.1,2.9,33.60554006,0.586527321,31,16.375
17/04/1998,18.29158,NA,NA,NA,NA,NA,NA,NA,NA,NA,NA,NA,NA,NA,NA,NA,NA,NA,NA,NA,NA,NA,0.2,9.3,0.4,19.31053867,0.33703248,25,4.916666667
18/04/1998,18.29432,NA,NA,NA,NA,NA,NA,NA,NA,NA,NA,NA,NA,NA,NA,NA,NA,NA,NA,NA,NA,NA,0,10.1,2.8,-164.1790563,-2.865465095,20,5.416666667
19/04/1998,18.29706,NA,NA,NA,NA,NA,NA,NA,NA,NA,NA,NA,NA,NA,NA,NA,NA,NA,NA,NA,NA,NA,0,12.6,1.7,110.9280453,1.936059623,14,3.875
20/04/1998,18.29979,NA,NA,NA,NA,NA,NA,NA,NA,NA,NA,NA,NA,NA,NA,NA,NA,NA,NA,NA,NA,NA,0,11.3,4.6,160.9004617,2.808242825,10,4.041666667
21/04/1998,18.30253,NA,NA,NA,NA,NA,NA,NA,NA,NA,NA,NA,NA,NA,NA,NA,NA,NA,NA,NA,NA,NA,0.8,11.8,6.2,139.9362021,2.442347469,18,6.291666667
22/04/1998,18.30527,NA,NA,NA,NA,NA,NA,NA,NA,NA,NA,NA,NA,NA,NA,NA,NA,NA,NA,NA,NA,NA,9.8,13.2,8.5,135.6626535,2.367759976,21,8.541666667
23/04/1998,18.30801,NA,NA,NA,NA,NA,NA,NA,NA,NA,NA,NA,NA,NA,NA,NA,NA,NA,NA,NA,NA,NA,1.2,12.4,8.3,-176.6071002,-3.082375381,27,11.125
24/04/1998,18.31075,NA,NA,NA,NA,NA,NA,NA,NA,NA,NA,NA,NA,NA,NA,NA,NA,NA,NA,NA,NA,NA,3.6,10.9,7.1,NA,NA,36,NA
25/04/1998,18.31348,NA,NA,NA,NA,NA,NA,NA,NA,NA,NA,NA,NA,NA,NA,NA,NA,NA,NA,NA,NA,NA,5,9.9,6.5,-171.6576905,-2.995991885,24,11.125
26/04/1998,18.31622,NA,NA,NA,NA,NA,NA,NA,NA,NA,NA,NA,NA,NA,NA,NA,NA,NA,NA,NA,NA,NA,0,11.3,1.4,37.8387047,0.660409982,13,3.916666667
27/04/1998,18.31896,NA,NA,NA,NA,NA,NA,NA,NA,NA,NA,NA,NA,NA,NA,NA,NA,NA,NA,NA,NA,NA,8.8,9.8,2.5,-37.417855,-0.653064769,11,3.041666667
28/04/1998,18.32170,NA,NA,NA,NA,NA,NA,NA,NA,NA,NA,NA,NA,NA,NA,NA,NA,NA,NA,NA,NA,NA,0,12.4,0.5,59.85676384,1.044697609,17,3.291666667
29/04/1998,18.32444,NA,NA,NA,NA,NA,NA,NA,NA,NA,NA,NA,NA,NA,NA,NA,NA,NA,NA,NA,NA,NA,0.2,12.8,3.4,21.9996534,0.383966386,13,2.875
30/04/1998,18.32717,NA,NA,NA,NA,NA,NA,NA,NA,NA,NA,NA,NA,NA,NA,NA,NA,NA,NA,NA,NA,NA,NA,10.9,4.6,40.86141332,0.713166199,14,6
01/05/1998,18.32991,NA,NA,NA,NA,NA,NA,NA,NA,NA,NA,NA,NA,NA,NA,NA,NA,NA,NA,NA,NA,NA,0,12.7,4,-87.82664536,-1.532864133,17,4.416666667
02/05/1998,18.33265,NA,NA,NA,NA,NA,NA,NA,NA,NA,NA,NA,NA,NA,NA,NA,NA,NA,NA,NA,NA,NA,0,11.9,7,-6.14996829,-0.107337196,23,8.958333333
03/05/1998,18.33539,NA,NA,NA,NA,NA,NA,NA,NA,NA,NA,NA,NA,NA,NA,NA,NA,NA,NA,NA,NA,NA,0,12.9,2.3,-100.4533118,-1.753241036,19,5.916666667
04/05/1998,18.33812,NA,NA,NA,NA,NA,NA,NA,NA,NA,NA,NA,NA,NA,NA,NA,NA,NA,NA,NA,NA,NA,6.1,11.6,6.5,-101.1391528,-1.765211219,34,10.91666667
05/05/1998,18.34086,NA,NA,NA,NA,NA,NA,NA,NA,NA,NA,NA,NA,NA,NA,NA,NA,NA,NA,NA,NA,NA,5.8,10.9,3.8,-91.43842491,-1.595901578,21,5.666666667
06/05/1998,18.34360,NA,NA,NA,NA,NA,NA,NA,NA,NA,NA,NA,NA,NA,NA,NA,NA,NA,NA,NA,NA,NA,2.2,10.8,3.2,-111.0416396,-1.938042217,27,7.875
07/05/1998,18.34634,NA,NA,NA,NA,NA,NA,NA,NA,NA,NA,NA,NA,NA,NA,NA,NA,NA,NA,NA,NA,NA,NA,11,2.1,-137.085575,-2.392594641,18,4.541666667
08/05/1998,18.34908,NA,NA,NA,NA,NA,NA,NA,NA,NA,NA,NA,NA,NA,NA,NA,NA,NA,NA,NA,NA,NA,4.2,13.5,4.4,-137.7595226,-2.404357245,24,9.291666667
09/05/1998,18.35181,NA,NA,NA,NA,NA,NA,NA,NA,NA,NA,NA,NA,NA,NA,NA,NA,NA,NA,NA,NA,NA,13,9.1,5,2.333210885,0.040722212,24,5.458333333
10/05/1998,18.35455,NA,NA,NA,NA,NA,NA,NA,NA,NA,NA,NA,NA,NA,NA,NA,NA,NA,NA,NA,NA,NA,0.3,13.6,5.8,-114.1763403,-1.992753066,23,9.125
11/05/1998,18.35729,NA,NA,NA,NA,NA,NA,NA,NA,NA,NA,NA,NA,NA,NA,NA,NA,NA,NA,NA,NA,NA,0,12.5,1.6,45.04782661,0.786232895,22,6.666666667
12/05/1998,18.36003,NA,NA,NA,NA,NA,NA,NA,NA,NA,NA,NA,NA,NA,NA,NA,NA,NA,NA,NA,NA,NA,0,15.7,8.8,120.8095756,2.108524862,15,3.833333333
13/05/1998,18.36277,NA,NA,NA,NA,NA,NA,NA,NA,NA,NA,NA,NA,NA,NA,NA,NA,NA,NA,NA,NA,NA,0,17.8,6.3,27.13100536,0.473525373,11,2
14/05/1998,18.36550,NA,NA,NA,NA,NA,NA,NA,NA,NA,NA,NA,NA,NA,NA,NA,NA,NA,NA,NA,NA,NA,8.6,14.4,9.7,45.45212251,0.79328919,12,2.708333333
15/05/1998,18.36824,NA,NA,NA,NA,NA,NA,NA,NA,NA,NA,NA,NA,NA,NA,NA,NA,NA,NA,NA,NA,NA,0.8,14.8,9.5,173.6188083,3.030219848,9,1.791666667
16/05/1998,18.37098,NA,NA,NA,NA,NA,NA,NA,NA,NA,NA,NA,NA,NA,NA,NA,NA,NA,NA,NA,NA,NA,0,12.7,9.6,-159.005927,-2.775176956,12,2.375
17/05/1998,18.37372,NA,NA,NA,NA,NA,NA,NA,NA,NA,NA,NA,NA,NA,NA,NA,NA,NA,NA,NA,NA,NA,0,14,9.3,-76.56348284,-1.336284862,11,2.541666667
18/05/1998,18.37645,NA,NA,NA,NA,NA,NA,NA,NA,NA,NA,NA,NA,NA,NA,NA,NA,NA,NA,NA,NA,NA,1.2,14.3,9.9,-124.3576502,-2.170450446,22,7.75
19/05/1998,18.37919,NA,NA,NA,NA,NA,NA,NA,NA,NA,NA,NA,NA,NA,NA,NA,NA,NA,NA,NA,NA,NA,2.1,14,9.1,-70.20849228,-1.225369353,14,4.875
20/05/1998,18.38193,NA,NA,NA,NA,NA,NA,NA,NA,NA,NA,NA,NA,NA,NA,NA,NA,NA,NA,NA,NA,NA,2.5,12.1,7.7,47.22760334,0.824277176,21,4.25
21/05/1998,18.38467,NA,NA,NA,NA,NA,NA,NA,NA,NA,NA,NA,NA,NA,NA,NA,NA,NA,NA,NA,NA,NA,0.4,14,5.9,-50.02068905,-0.873025718,25,6.125
22/05/1998,18.38741,NA,NA,NA,NA,NA,NA,NA,NA,NA,NA,NA,NA,NA,NA,NA,NA,NA,NA,NA,NA,NA,1.2,12.6,9.6,-66.59908684,-1.162373344,21,7.958333333
23/05/1998,18.39014,NA,NA,NA,NA,NA,NA,NA,NA,NA,NA,NA,NA,NA,NA,NA,NA,NA,NA,NA,NA,NA,0,14.2,10,-73.00162004,-1.274118629,21,9.583333333
24/05/1998,18.39288,NA,NA,NA,NA,NA,NA,NA,NA,NA,NA,NA,NA,NA,NA,NA,NA,NA,NA,NA,NA,NA,0,12.8,9,-75.4026786,-1.316025006,22,9.583333333
25/05/1998,18.39562,NA,NA,NA,NA,NA,NA,NA,NA,NA,NA,NA,NA,NA,NA,NA,NA,NA,NA,NA,NA,NA,2.3,12.4,8.8,-37.72763469,-0.658471444,28,13.125
26/05/1998,18.39836,NA,NA,NA,NA,NA,NA,NA,NA,NA,NA,NA,NA,NA,NA,NA,NA,NA,NA,NA,NA,NA,1.8,10.6,6.8,27.07229527,0.472500688,32,18.16666667
27/05/1998,18.40110,NA,NA,NA,NA,NA,NA,NA,NA,NA,NA,NA,NA,NA,NA,NA,NA,NA,NA,NA,NA,NA,2,10.3,6.6,25.89637481,0.451977005,32,16.75
28/05/1998,18.40383,NA,NA,NA,NA,NA,NA,NA,NA,NA,NA,NA,NA,NA,NA,NA,NA,NA,NA,NA,NA,NA,0.2,11.7,7.4,49.18690376,0.858473419,21,12.41666667
29/05/1998,18.40657,NA,NA,NA,NA,NA,NA,NA,NA,NA,NA,NA,NA,NA,NA,NA,NA,NA,NA,NA,NA,NA,0,11.4,6.2,59.38315854,1.036431637,NA,13.91666667
30/05/1998,18.40931,NA,NA,NA,NA,NA,NA,NA,NA,NA,NA,NA,NA,NA,NA,NA,NA,NA,NA,NA,NA,NA,0,12.8,7.8,70.4416168,1.229438144,19,8.125
31/05/1998,18.41205,NA,NA,NA,NA,NA,NA,NA,NA,NA,NA,NA,NA,NA,NA,NA,NA,NA,NA,NA,NA,NA,0,10.7,8.8,69.58413656,1.21447229,32,14.95833333
01/06/1998,18.41478,NA,NA,NA,NA,NA,NA,NA,NA,NA,NA,NA,NA,NA,NA,NA,NA,NA,NA,NA,NA,NA,0.4,9.4,7.4,75.40605653,1.316083962,24,14.5
02/06/1998,18.41752,NA,NA,NA,NA,NA,NA,NA,NA,NA,NA,NA,NA,NA,NA,NA,NA,NA,NA,NA,NA,NA,0,10.3,7.7,65.35796892,1.14071175,29,15.75
03/06/1998,18.42026,NA,NA,NA,NA,NA,NA,NA,NA,NA,NA,NA,NA,NA,NA,NA,NA,NA,NA,NA,NA,NA,2.4,10.6,6,35.9074043,0.626702431,21,9.625
04/06/1998,18.42300,NA,NA,NA,NA,NA,NA,NA,NA,NA,NA,NA,NA,NA,NA,NA,NA,NA,NA,NA,NA,NA,0,11.7,1.9,-2.231214296,-0.038942036,NA,4.333333333
05/06/1998,18.42574,NA,NA,NA,NA,NA,NA,NA,NA,NA,NA,NA,NA,NA,NA,NA,NA,NA,NA,NA,NA,NA,2.1,13.2,3.2,55.75410171,0.973092646,NA,4.708333333
06/06/1998,18.42847,NA,NA,NA,NA,NA,NA,NA,NA,NA,NA,NA,NA,NA,NA,NA,NA,NA,NA,NA,NA,NA,3.6,15.9,9.1,48.35015995,0.843869485,NA,5.458333333
07/06/1998,18.43121,NA,NA,NA,NA,NA,NA,NA,NA,NA,NA,NA,NA,NA,NA,NA,NA,NA,NA,NA,NA,NA,11.4,10.4,8.3,24.07988738,0.420273318,31,18.70833333
08/06/1998,18.43395,NA,NA,NA,NA,NA,NA,NA,NA,NA,NA,NA,NA,NA,NA,NA,NA,NA,NA,NA,NA,NA,0.3,11,7.1,42.06180068,0.734116911,30,12.54166667
09/06/1998,18.43669,NA,NA,NA,NA,NA,NA,NA,NA,NA,NA,NA,NA,NA,NA,NA,NA,NA,NA,NA,NA,NA,26.2,11.8,8.5,77.6976749,1.356080248,27,12.08333333
10/06/1998,18.43943,NA,NA,NA,NA,NA,NA,NA,NA,NA,NA,NA,NA,NA,NA,NA,NA,NA,NA,NA,NA,NA,10.4,10.6,6.8,8.125452276,0.141815895,35,18.20833333
11/06/1998,18.44216,NA,NA,NA,NA,NA,NA,NA,NA,NA,NA,NA,NA,NA,NA,NA,NA,NA,NA,NA,NA,NA,2.5,11.2,3.2,-28.32245048,-0.494320013,25,8.166666667
12/06/1998,18.44490,NA,NA,NA,NA,NA,NA,NA,NA,NA,NA,NA,NA,NA,NA,NA,NA,NA,NA,NA,NA,NA,12.8,12.8,2.8,-98.42807013,-1.7178939,21,7.125
13/06/1998,18.44764,NA,NA,NA,NA,NA,NA,NA,NA,NA,NA,NA,NA,NA,NA,NA,NA,NA,NA,NA,NA,NA,0,11.6,4.9,55.35558394,0.966137199,21,9.333333333
14/06/1998,18.45038,NA,NA,NA,NA,NA,NA,NA,NA,NA,NA,NA,NA,NA,NA,NA,NA,NA,NA,NA,NA,NA,0,11.5,6.7,26.62502653,0.464694376,19,10.375
15/06/1998,18.45311,NA,NA,NA,NA,NA,NA,NA,NA,NA,NA,NA,NA,NA,NA,NA,NA,NA,NA,NA,NA,NA,0,12,4.2,19.27236322,0.336366193,19,7.208333333
16/06/1998,18.45585,NA,NA,NA,NA,NA,NA,NA,NA,NA,NA,NA,NA,NA,NA,NA,NA,NA,NA,NA,NA,NA,0,13.2,6.1,1.579352774,0.027564906,NA,5.666666667
17/06/1998,18.45859,NA,NA,NA,NA,NA,NA,NA,NA,NA,NA,NA,NA,NA,NA,NA,NA,NA,NA,NA,NA,NA,0,14.2,5.3,-65.8617951,-1.149505176,NA,6.041666667
18/06/1998,18.46133,NA,NA,NA,NA,NA,NA,NA,NA,NA,NA,NA,NA,NA,NA,NA,NA,NA,NA,NA,NA,NA,0,13.5,5,29.23264288,0.510205867,17,6.458333333
19/06/1998,18.46407,NA,NA,NA,NA,NA,NA,NA,NA,NA,NA,NA,NA,NA,NA,NA,NA,NA,NA,NA,NA,NA,3.9,14.4,9.2,128.6325159,2.245060928,22,7.541666667
20/06/1998,18.46680,NA,NA,NA,NA,NA,NA,NA,NA,NA,NA,NA,NA,NA,NA,NA,NA,NA,NA,NA,NA,NA,7.4,16.9,10.8,95.62693351,1.669004843,NA,6.666666667
21/06/1998,18.46954,NA,NA,NA,NA,NA,NA,NA,NA,NA,NA,NA,NA,NA,NA,NA,NA,NA,NA,NA,NA,NA,17.6,17,12,NA,NA,NA,9.958333333
22/06/1998,18.47228,NA,NA,NA,NA,NA,NA,NA,NA,NA,NA,NA,NA,NA,NA,NA,NA,NA,NA,NA,NA,NA,6,15.6,11.1,-154.0962378,-2.689486715,28,12.29166667
23/06/1998,18.47502,NA,NA,NA,NA,NA,NA,NA,NA,NA,NA,NA,NA,NA,NA,NA,NA,NA,NA,NA,NA,NA,14,13.9,10.8,161.8244795,2.824369978,22,11.45833333
24/06/1998,18.47775,NA,NA,NA,NA,NA,NA,NA,NA,NA,NA,NA,NA,NA,NA,NA,NA,NA,NA,NA,NA,NA,15.2,15.2,11.6,-178.2726356,-3.111444457,19,8.5
25/06/1998,18.48049,NA,NA,NA,NA,NA,NA,NA,NA,NA,NA,NA,NA,NA,NA,NA,NA,NA,NA,NA,NA,NA,0,16.4,9.8,129.6045533,2.262026181,11,4
26/06/1998,18.48323,NA,NA,NA,NA,NA,NA,NA,NA,NA,NA,NA,NA,NA,NA,NA,NA,NA,NA,NA,NA,NA,0,16.1,10.1,167.8495642,2.929527543,NA,6.166666667
27/06/1998,18.48597,NA,NA,NA,NA,NA,NA,NA,NA,NA,NA,NA,NA,NA,NA,NA,NA,NA,NA,NA,NA,NA,0.3,15.2,11,18.69930657,0.326364468,NA,5.208333333
28/06/1998,18.48871,NA,NA,NA,NA,NA,NA,NA,NA,NA,NA,NA,NA,NA,NA,NA,NA,NA,NA,NA,NA,NA,6.2,13.6,11.8,-58.77229682,-1.025770089,23,8.541666667
29/06/1998,18.49144,NA,NA,NA,NA,NA,NA,NA,NA,NA,NA,NA,NA,NA,NA,NA,NA,NA,NA,NA,NA,NA,1.2,14,9.7,-30.31031003,-0.529014707,18,8.041666667
30/06/1998,18.49418,NA,NA,NA,NA,NA,NA,NA,NA,NA,NA,NA,NA,NA,NA,NA,NA,NA,NA,NA,NA,NA,0,11.7,10.3,-2.769178278,-0.048331279,20,11.54166667
01/07/1998,18.49692,NA,NA,NA,NA,NA,NA,NA,NA,NA,NA,NA,NA,NA,NA,NA,NA,NA,NA,NA,NA,NA,0,11.9,9.9,14.58977827,0.254639668,18,10.04166667
02/07/1998,18.49966,NA,NA,NA,NA,NA,NA,NA,NA,NA,NA,NA,NA,NA,NA,NA,NA,NA,NA,NA,NA,NA,0,14,9,-20.82936872,-0.363541065,14,6.916666667
03/07/1998,18.50240,NA,NA,NA,NA,NA,NA,NA,NA,NA,NA,NA,NA,NA,NA,NA,NA,NA,NA,NA,NA,NA,0,14.8,10.8,-90.35986326,-1.577077126,24,10.66666667
04/07/1998,18.50513,NA,NA,NA,NA,NA,NA,NA,NA,NA,NA,NA,NA,NA,NA,NA,NA,NA,NA,NA,NA,NA,2.8,15.6,11.9,-105.1038847,-1.834408845,36,14.58333333
05/07/1998,18.50787,NA,NA,NA,NA,NA,NA,NA,NA,NA,NA,NA,NA,NA,NA,NA,NA,NA,NA,NA,NA,NA,2.5,14.7,10.9,-62.67899439,-1.093954824,26,11.83333333
06/07/1998,18.51061,NA,NA,NA,NA,NA,NA,NA,NA,NA,NA,NA,NA,NA,NA,NA,NA,NA,NA,NA,NA,NA,0.7,13.4,8.7,-28.73978478,-0.501603871,19,7.333333333
07/07/1998,18.51335,NA,NA,NA,NA,NA,NA,NA,NA,NA,NA,NA,NA,NA,NA,NA,NA,NA,NA,NA,NA,NA,1.3,14.9,8.8,-89.08645853,-1.55485202,19,7.583333333
08/07/1998,18.51608,NA,NA,NA,NA,NA,NA,NA,NA,NA,NA,NA,NA,NA,NA,NA,NA,NA,NA,NA,NA,NA,27.2,14.3,11.8,-113.6383427,-1.983363237,26,12
09/07/1998,18.51882,NA,NA,NA,NA,NA,NA,NA,NA,NA,NA,NA,NA,NA,NA,NA,NA,NA,NA,NA,NA,NA,1.1,15.4,10.6,-87.27813314,-1.523290788,22,9.666666667
10/07/1998,18.52156,NA,NA,NA,NA,NA,NA,NA,NA,NA,NA,NA,NA,NA,NA,NA,NA,NA,NA,NA,NA,NA,1,14.9,10.5,-139.5961884,-2.436413111,18,7.333333333
11/07/1998,18.52430,NA,NA,NA,NA,NA,NA,NA,NA,NA,NA,NA,NA,NA,NA,NA,NA,NA,NA,NA,NA,NA,12.5,16.3,10.6,-97.62617228,-1.703898142,23,8.833333333
12/07/1998,18.52704,NA,NA,NA,NA,NA,NA,NA,NA,NA,NA,NA,NA,NA,NA,NA,NA,NA,NA,NA,NA,NA,0,14.2,7.4,26.9576432,0.470499632,NA,6.875
13/07/1998,18.52977,NA,NA,NA,NA,NA,NA,NA,NA,NA,NA,NA,NA,NA,NA,NA,NA,NA,NA,NA,NA,NA,2.6,13.8,9.4,-29.58307758,-0.516322107,33,15.125
14/07/1998,18.53251,NA,NA,NA,NA,NA,NA,NA,NA,NA,NA,NA,NA,NA,NA,NA,NA,NA,NA,NA,NA,NA,0,13.9,10.3,-43.69579528,-0.762635497,26,9.666666667
15/07/1998,18.53525,NA,NA,NA,NA,NA,NA,NA,NA,NA,NA,NA,NA,NA,NA,NA,NA,NA,NA,NA,NA,NA,9.6,16,6.2,-131.3837265,-2.293078612,21,8.166666667
16/07/1998,18.53799,NA,NA,NA,NA,NA,NA,NA,NA,NA,NA,NA,NA,NA,NA,NA,NA,NA,NA,NA,NA,NA,9.9,14.9,9.8,-163.9991667,-2.86232543,21,8.708333333
17/07/1998,18.54073,NA,NA,NA,NA,NA,NA,NA,NA,NA,NA,NA,NA,NA,NA,NA,NA,NA,NA,NA,NA,NA,14.3,16.1,8.6,-156.4041766,-2.729767845,24,12
18/07/1998,18.54346,NA,NA,NA,NA,NA,NA,NA,NA,NA,NA,NA,NA,NA,NA,NA,NA,NA,NA,NA,NA,NA,0,15.2,8.5,-31.96711761,-0.557931455,22,8.791666667
19/07/1998,18.54620,NA,NA,NA,NA,NA,NA,NA,NA,NA,NA,NA,NA,NA,NA,NA,NA,NA,NA,NA,NA,NA,8.7,15.8,8.3,62.15589102,1.084824948,NA,8.541666667
20/07/1998,18.54894,NA,NA,NA,NA,NA,NA,NA,NA,NA,NA,NA,NA,NA,NA,NA,NA,NA,NA,NA,NA,NA,23.4,18.9,11.6,102.5678991,1.790147546,NA,5
21/07/1998,18.55168,NA,NA,NA,NA,NA,NA,NA,NA,NA,NA,NA,NA,NA,NA,NA,NA,NA,NA,NA,NA,NA,6.4,18.2,13.6,142.9280766,2.49456553,NA,4.208333333
22/07/1998,18.55441,NA,NA,NA,NA,NA,NA,NA,NA,NA,NA,NA,NA,NA,NA,NA,NA,NA,NA,NA,NA,NA,3.5,15.9,11.7,-139.8220707,-2.440355501,NA,13.29166667
23/07/1998,18.55715,NA,NA,NA,NA,NA,NA,NA,NA,NA,NA,NA,NA,NA,NA,NA,NA,NA,NA,NA,NA,NA,2.7,14.9,8.4,-58.97661425,-1.0293361,24,9.541666667
24/07/1998,18.55989,NA,NA,NA,NA,NA,NA,NA,NA,NA,NA,NA,NA,NA,NA,NA,NA,NA,NA,NA,NA,NA,10.7,15.9,7.9,-90.6433348,-1.582024637,27,10.95833333
25/07/1998,18.56263,NA,NA,NA,NA,NA,NA,NA,NA,NA,NA,NA,NA,NA,NA,NA,NA,NA,NA,NA,NA,NA,8.7,16,10.3,-153.737176,-2.683219903,24,10.5
26/07/1998,18.56537,NA,NA,NA,NA,NA,NA,NA,NA,NA,NA,NA,NA,NA,NA,NA,NA,NA,NA,NA,NA,NA,10.5,14.5,11.9,158.1532381,2.760294728,NA,11.58333333
27/07/1998,18.56810,NA,NA,NA,NA,NA,NA,NA,NA,NA,NA,NA,NA,NA,NA,NA,NA,NA,NA,NA,NA,NA,0,18,10.1,119.8916765,2.092504501,NA,3.5
28/07/1998,18.57084,NA,NA,NA,NA,NA,NA,NA,NA,NA,NA,NA,NA,NA,NA,NA,NA,NA,NA,NA,NA,NA,4.6,15.2,12.8,179.0423438,3.1248784,NA,5.916666667
29/07/1998,18.57358,NA,NA,NA,NA,NA,NA,NA,NA,NA,NA,NA,NA,NA,NA,NA,NA,NA,NA,NA,NA,NA,23.4,14.8,12.1,97.81801788,1.70724648,NA,6
30/07/1998,18.57632,NA,NA,NA,NA,NA,NA,NA,NA,NA,NA,NA,NA,NA,NA,NA,NA,NA,NA,NA,NA,NA,0.4,13.7,12.1,13.35448971,0.233079815,25,13.83333333
31/07/1998,18.57906,NA,NA,NA,NA,NA,NA,NA,NA,NA,NA,NA,NA,NA,NA,NA,NA,NA,NA,NA,NA,NA,0,14,10.9,-4.217951824,-0.073617147,20,9.041666667
01/08/1998,18.58179,NA,NA,NA,NA,NA,NA,NA,NA,NA,NA,NA,NA,NA,NA,NA,NA,NA,NA,NA,NA,NA,0,13,9.8,-14.29484869,-0.249492176,15,5.5
02/08/1998,18.58453,NA,NA,NA,NA,NA,NA,NA,NA,NA,NA,NA,NA,NA,NA,NA,NA,NA,NA,NA,NA,NA,6.4,13.3,9.5,-155.2913224,-2.710344876,44,16.125
03/08/1998,18.58727,NA,NA,NA,NA,NA,NA,NA,NA,NA,NA,NA,NA,NA,NA,NA,NA,NA,NA,NA,NA,NA,14.9,15.6,11.7,-121.3953569,-2.118748674,43,15.70833333
04/08/1998,18.59001,NA,NA,NA,NA,NA,NA,NA,NA,NA,NA,NA,NA,NA,NA,NA,NA,NA,NA,NA,NA,NA,4.9,16.3,12.3,-97.05646784,-1.693954924,37,17.04166667
05/08/1998,18.59274,NA,NA,NA,NA,NA,NA,NA,NA,NA,NA,NA,NA,NA,NA,NA,NA,NA,NA,NA,NA,NA,6.4,15.2,11.9,-122.4148072,-2.136541439,27,14.375
06/08/1998,18.59548,NA,NA,NA,NA,NA,NA,NA,NA,NA,NA,NA,NA,NA,NA,NA,NA,NA,NA,NA,NA,NA,1.4,17.3,12.5,-106.8788413,-1.865387681,25,11
07/08/1998,18.59822,NA,NA,NA,NA,NA,NA,NA,NA,NA,NA,NA,NA,NA,NA,NA,NA,NA,NA,NA,NA,NA,0.3,16.1,11.1,-139.1079212,-2.427891241,17,7.333333333
08/08/1998,18.60096,NA,NA,NA,NA,NA,NA,NA,NA,NA,NA,NA,NA,NA,NA,NA,NA,NA,NA,NA,NA,NA,0.4,16.1,11.6,7.967782795,0.139064044,NA,4.291666667
09/08/1998,18.60370,NA,NA,NA,NA,NA,NA,NA,NA,NA,NA,NA,NA,NA,NA,NA,NA,NA,NA,NA,NA,NA,1.2,17.2,11,-179.9587495,-3.140872696,19,7
10/08/1998,18.60643,NA,NA,NA,NA,NA,NA,NA,NA,NA,NA,NA,NA,NA,NA,NA,NA,NA,NA,NA,NA,NA,0,20,11.4,-163.8242877,-2.859273216,NA,5.666666667
11/08/1998,18.60917,NA,NA,NA,NA,NA,NA,NA,NA,NA,NA,NA,NA,NA,NA,NA,NA,NA,NA,NA,NA,NA,4.8,15.9,12.8,148.0969493,2.584779377,13,4.541666667
12/08/1998,18.61191,NA,NA,NA,NA,NA,NA,NA,NA,NA,NA,NA,NA,NA,NA,NA,NA,NA,NA,NA,NA,NA,0,15,10.6,-14.14496456,-0.246876204,NA,8.375
13/08/1998,18.61465,NA,NA,NA,NA,NA,NA,NA,NA,NA,NA,NA,NA,NA,NA,NA,NA,NA,NA,NA,NA,NA,10.4,16.8,8.6,-132.8042524,-2.317871466,29,10.83333333
14/08/1998,18.61739,NA,NA,NA,NA,NA,NA,NA,NA,NA,NA,NA,NA,NA,NA,NA,NA,NA,NA,NA,NA,NA,10.3,16.5,11.1,-127.4599612,-2.224595987,27,11.95833333
15/08/1998,18.62012,NA,NA,NA,NA,NA,NA,NA,NA,NA,NA,NA,NA,NA,NA,NA,NA,NA,NA,NA,NA,NA,7.9,14.2,10.8,-100,-1.745329252,32,15.20833333
16/08/1998,18.62286,NA,NA,NA,NA,NA,NA,NA,NA,NA,NA,NA,NA,NA,NA,NA,NA,NA,NA,NA,NA,NA,1.9,17,10.5,-147.4984185,-2.574333045,29,12.45833333
17/08/1998,18.62560,NA,NA,NA,NA,NA,NA,NA,NA,NA,NA,NA,NA,NA,NA,NA,NA,NA,NA,NA,NA,NA,5.2,15.5,9.8,-81.34598152,-1.419755211,NA,13.83333333
18/08/1998,18.62834,NA,NA,NA,NA,NA,NA,NA,NA,NA,NA,NA,NA,NA,NA,NA,NA,NA,NA,NA,NA,NA,0.4,14.5,7.3,-131.2649843,-2.291006168,21,7.875
19/08/1998,18.63107,NA,NA,NA,NA,NA,NA,NA,NA,NA,NA,NA,NA,NA,NA,NA,NA,NA,NA,NA,NA,NA,2.4,16.7,12.2,-146.2885184,-2.553216304,31,14.33333333
20/08/1998,18.63381,NA,NA,NA,NA,NA,NA,NA,NA,NA,NA,NA,NA,NA,NA,NA,NA,NA,NA,NA,NA,NA,2.7,15.5,11.7,-102.3307335,-1.786008226,27,12.54166667
21/08/1998,18.63655,NA,NA,NA,NA,NA,NA,NA,NA,NA,NA,NA,NA,NA,NA,NA,NA,NA,NA,NA,NA,NA,5,14.5,10.9,-52.82511042,-0.921972105,27,10.91666667
22/08/1998,18.63929,NA,NA,NA,NA,NA,NA,NA,NA,NA,NA,NA,NA,NA,NA,NA,NA,NA,NA,NA,NA,NA,7.3,14.8,7.4,-59.69978071,-1.041957736,NA,8.25
23/08/1998,18.64203,NA,NA,NA,NA,NA,NA,NA,NA,NA,NA,NA,NA,NA,NA,NA,NA,NA,NA,NA,NA,NA,0.3,12.8,6.7,11.72580961,0.204653985,NA,7.041666667
24/08/1998,18.64476,NA,NA,NA,NA,NA,NA,NA,NA,NA,NA,NA,NA,NA,NA,NA,NA,NA,NA,NA,NA,NA,0.9,12.3,7,-38.84795388,-0.678024703,23,7.166666667
25/08/1998,18.64750,NA,NA,NA,NA,NA,NA,NA,NA,NA,NA,NA,NA,NA,NA,NA,NA,NA,NA,NA,NA,NA,0,13.4,6,10.51623575,0.183542939,NA,6.5
26/08/1998,18.65024,NA,NA,NA,NA,NA,NA,NA,NA,NA,NA,NA,NA,NA,NA,NA,NA,NA,NA,NA,NA,NA,0,13.6,7.7,-43.38315573,-0.757178907,17,6.541666667
27/08/1998,18.65298,NA,NA,NA,NA,NA,NA,NA,NA,NA,NA,NA,NA,NA,NA,NA,NA,NA,NA,NA,NA,NA,0.6,15.4,9.1,-69.58536747,-1.214493773,NA,3.666666667
28/08/1998,18.65572,NA,NA,NA,NA,NA,NA,NA,NA,NA,NA,NA,NA,NA,NA,NA,NA,NA,NA,NA,NA,NA,0.4,16.5,11.1,-124.6977604,-2.176386489,23,8.416666667
29/08/1998,18.65845,NA,NA,NA,NA,NA,NA,NA,NA,NA,NA,NA,NA,NA,NA,NA,NA,NA,NA,NA,NA,NA,0,16.3,9.3,-169.2425757,-2.953840181,NA,5.25
30/08/1998,18.66119,NA,NA,NA,NA,NA,NA,NA,NA,NA,NA,NA,NA,NA,NA,NA,NA,NA,NA,NA,NA,NA,0,16.7,6.2,98.54365614,1.719911257,NA,4.791666667
31/08/1998,18.66393,NA,NA,NA,NA,NA,NA,NA,NA,NA,NA,NA,NA,NA,NA,NA,NA,NA,NA,NA,NA,NA,0.2,20.9,11.5,102.9397765,1.796638032,24,8.541666667
01/09/1998,18.66667,NA,NA,NA,NA,NA,NA,NA,NA,NA,NA,NA,NA,NA,NA,NA,NA,NA,NA,NA,NA,NA,30,16.2,13,101.2331322,1.766851468,23,10.54166667
02/09/1998,18.66940,NA,NA,NA,NA,NA,NA,NA,NA,NA,NA,NA,NA,NA,NA,NA,NA,NA,NA,NA,NA,NA,12.7,16.7,12.8,150.8735494,2.633240191,NA,6.375
03/09/1998,18.67214,NA,NA,NA,NA,NA,NA,NA,NA,NA,NA,NA,NA,NA,NA,NA,NA,NA,NA,NA,NA,NA,4.4,17.6,10.9,1.598001437,0.027890387,NA,4.083333333
04/09/1998,18.67488,NA,NA,NA,NA,NA,NA,NA,NA,NA,NA,NA,NA,NA,NA,NA,NA,NA,NA,NA,NA,NA,0,15,11.7,65.14060149,1.136917973,14,6.75
05/09/1998,18.67762,NA,NA,NA,NA,NA,NA,NA,NA,NA,NA,NA,NA,NA,NA,NA,NA,NA,NA,NA,NA,NA,0,15.5,10,175.0636192,3.055436556,NA,3.541666667
06/09/1998,18.68036,NA,NA,NA,NA,NA,NA,NA,NA,NA,NA,NA,NA,NA,NA,NA,NA,NA,NA,NA,NA,NA,0,20.3,13.1,119.3522302,2.083089387,NA,4.583333333
07/09/1998,18.68309,NA,NA,NA,NA,NA,NA,NA,NA,NA,NA,NA,NA,NA,NA,NA,NA,NA,NA,NA,NA,NA,0,20.8,14.2,118.1860852,2.062736317,22,8.125
08/09/1998,18.68583,NA,NA,NA,NA,NA,NA,NA,NA,NA,NA,NA,NA,NA,NA,NA,NA,NA,NA,NA,NA,NA,10.3,17,12.9,162.1210189,2.829545567,27,11.70833333
09/09/1998,18.68857,NA,NA,NA,NA,NA,NA,NA,NA,NA,NA,NA,NA,NA,NA,NA,NA,NA,NA,NA,NA,NA,4.3,16.4,12.8,161.1536432,2.812661675,NA,4.208333333
10/09/1998,18.69131,NA,NA,NA,NA,NA,NA,NA,NA,NA,NA,NA,NA,NA,NA,NA,NA,NA,NA,NA,NA,NA,2.3,14.3,10,-68.2270446,-1.190786567,NA,7.791666667
11/09/1998,18.69405,NA,NA,NA,NA,NA,NA,NA,NA,NA,NA,NA,NA,NA,NA,NA,NA,NA,NA,NA,NA,NA,7.1,13.1,5.4,-69.57379514,-1.214291798,29,11.04166667
12/09/1998,18.69678,NA,NA,NA,NA,NA,NA,NA,NA,NA,NA,NA,NA,NA,NA,NA,NA,NA,NA,NA,NA,NA,6.5,12.9,5.2,24.88705379,0.43436103,NA,6.25
13/09/1998,18.69952,NA,NA,NA,NA,NA,NA,NA,NA,NA,NA,NA,NA,NA,NA,NA,NA,NA,NA,NA,NA,NA,0,14,4.1,-56.38179475,-0.984047957,20,5.5
14/09/1998,18.70226,NA,NA,NA,NA,NA,NA,NA,NA,NA,NA,NA,NA,NA,NA,NA,NA,NA,NA,NA,NA,NA,4.1,13.3,8.1,-49.49668046,-0.863880043,21,8.291666667
15/09/1998,18.70500,NA,NA,NA,NA,NA,NA,NA,NA,NA,NA,NA,NA,NA,NA,NA,NA,NA,NA,NA,NA,NA,4.8,12.1,7,-75.37737916,-1.315583448,38,11.625
16/09/1998,18.70773,NA,NA,NA,NA,NA,NA,NA,NA,NA,NA,NA,NA,NA,NA,NA,NA,NA,NA,NA,NA,NA,21.7,11.8,8.6,-28.25005595,-0.49305649,50,22
17/09/1998,18.71047,NA,NA,NA,NA,NA,NA,NA,NA,NA,NA,NA,NA,NA,NA,NA,NA,NA,NA,NA,NA,NA,0.4,12.6,5.4,69.07349859,1.205559976,18,5.958333333
18/09/1998,18.71321,NA,NA,NA,NA,NA,NA,NA,NA,NA,NA,NA,NA,NA,NA,NA,NA,NA,NA,NA,NA,NA,3.8,17.3,11.1,-155.19764,-2.708709809,32,10.75
19/09/1998,18.71595,NA,NA,NA,NA,NA,NA,NA,NA,NA,NA,NA,NA,NA,NA,NA,NA,NA,NA,NA,NA,NA,0,15.6,13.1,-160.8343318,-2.80708864,25,12.45833333
20/09/1998,18.71869,NA,NA,NA,NA,NA,NA,NA,NA,NA,NA,NA,NA,NA,NA,NA,NA,NA,NA,NA,NA,NA,0.4,17.7,12.3,-160.3708291,-2.798998992,30,12.375
21/09/1998,18.72142,NA,NA,NA,NA,NA,NA,NA,NA,NA,NA,NA,NA,NA,NA,NA,NA,NA,NA,NA,NA,NA,0,18.5,13.8,-165.4887195,-2.888323031,29,10.41666667
22/09/1998,18.72416,NA,NA,NA,NA,NA,NA,NA,NA,NA,NA,NA,NA,NA,NA,NA,NA,NA,NA,NA,NA,NA,0,15.2,8.5,1.455101792,0.025396317,15,3.666666667
23/09/1998,18.72690,NA,NA,NA,NA,NA,NA,NA,NA,NA,NA,NA,NA,NA,NA,NA,NA,NA,NA,NA,NA,NA,0.4,14.2,9.3,120.8738691,2.109646996,12,2.791666667
24/09/1998,18.72964,NA,NA,NA,NA,NA,NA,NA,NA,NA,NA,NA,NA,NA,NA,NA,NA,NA,NA,NA,NA,NA,0,15,10.5,48.23456893,0.841852041,13,4.833333333
25/09/1998,18.73238,NA,NA,NA,NA,NA,NA,NA,NA,NA,NA,NA,NA,NA,NA,NA,NA,NA,NA,NA,NA,NA,0,15.6,8.9,109.2321487,1.906460644,12,4.208333333
26/09/1998,18.73511,NA,NA,NA,NA,NA,NA,NA,NA,NA,NA,NA,NA,NA,NA,NA,NA,NA,NA,NA,NA,NA,0,13.6,11.8,69.50623166,1.213112593,23,7.625
27/09/1998,18.73785,NA,NA,NA,NA,NA,NA,NA,NA,NA,NA,NA,NA,NA,NA,NA,NA,NA,NA,NA,NA,NA,0,15.8,11.8,141.6692671,2.47259516,15,4.583333333
28/09/1998,18.74059,NA,NA,NA,NA,NA,NA,NA,NA,NA,NA,NA,NA,NA,NA,NA,NA,NA,NA,NA,NA,NA,0,14.8,8.9,-156.6964244,-2.734868531,16,4.75
29/09/1998,18.74333,NA,NA,NA,NA,NA,NA,NA,NA,NA,NA,NA,NA,NA,NA,NA,NA,NA,NA,NA,NA,NA,1.2,13.5,9.4,153.1900219,2.673670264,16,6.125
30/09/1998,18.74606,NA,NA,NA,NA,NA,NA,NA,NA,NA,NA,NA,NA,NA,NA,NA,NA,NA,NA,NA,NA,NA,0,14.5,9.2,67.12695887,1.171586449,20,6.125
01/10/1998,18.74880,NA,NA,NA,NA,NA,NA,NA,NA,NA,NA,NA,NA,NA,NA,NA,NA,NA,NA,NA,NA,NA,0,15.8,11.3,112.9406632,1.971186432,22,11.5
02/10/1998,18.75154,NA,NA,NA,NA,NA,NA,NA,NA,NA,NA,NA,NA,NA,NA,NA,NA,NA,NA,NA,NA,NA,0,13,8.7,159.5648593,2.784932165,NA,6.041666667
03/10/1998,18.75428,NA,NA,NA,NA,NA,NA,NA,NA,NA,NA,NA,NA,NA,NA,NA,NA,NA,NA,NA,NA,NA,0,12.7,10.3,155.3310772,2.711038728,20,8.833333333
04/10/1998,18.75702,NA,NA,NA,NA,NA,NA,NA,NA,NA,NA,NA,NA,NA,NA,NA,NA,NA,NA,NA,NA,NA,0,12.6,7.7,100.3697698,1.751782953,20,8.375
05/10/1998,18.75975,NA,NA,NA,NA,NA,NA,NA,NA,NA,NA,NA,NA,NA,NA,NA,NA,NA,NA,NA,NA,NA,0,12.8,7.3,115.4793629,2.015495102,16,7.041666667
06/10/1998,18.76249,NA,NA,NA,NA,NA,NA,NA,NA,NA,NA,NA,NA,NA,NA,NA,NA,NA,NA,NA,NA,NA,0,14,7,146.2256581,2.552119185,14,6.708333333
07/10/1998,18.76523,NA,NA,NA,NA,NA,NA,NA,NA,NA,NA,NA,NA,NA,NA,NA,NA,NA,NA,NA,NA,NA,0,12.8,4.3,-147.4890791,-2.574170041,NA,4.416666667
08/10/1998,18.76797,NA,NA,NA,NA,NA,NA,NA,NA,NA,NA,NA,NA,NA,NA,NA,NA,NA,NA,NA,NA,NA,0,13.4,7.1,-147.928477,-2.58183898,41,15.91666667
09/10/1998,18.77070,NA,NA,NA,NA,NA,NA,NA,NA,NA,NA,NA,NA,NA,NA,NA,NA,NA,NA,NA,NA,NA,9,14.7,9.7,-101.84388,-1.777511029,46,20.04166667
10/10/1998,18.77344,NA,NA,NA,NA,NA,NA,NA,NA,NA,NA,NA,NA,NA,NA,NA,NA,NA,NA,NA,NA,NA,1.5,11.3,7.5,-59.30551933,-1.035076577,30,12.45833333
11/10/1998,18.77618,NA,NA,NA,NA,NA,NA,NA,NA,NA,NA,NA,NA,NA,NA,NA,NA,NA,NA,NA,NA,NA,29.6,10.2,6.2,-76.16883981,-1.329397042,48,19.83333333
12/10/1998,18.77892,NA,NA,NA,NA,NA,NA,NA,NA,NA,NA,NA,NA,NA,NA,NA,NA,NA,NA,NA,NA,NA,4.9,11.8,7.8,-71.28031829,-1.244076246,40,12.75
13/10/1998,18.78166,NA,NA,NA,NA,NA,NA,NA,NA,NA,NA,NA,NA,NA,NA,NA,NA,NA,NA,NA,NA,NA,3.9,13.7,7.8,-126.047604,-2.199945704,21,9.208333333
14/10/1998,18.78439,NA,NA,NA,NA,NA,NA,NA,NA,NA,NA,NA,NA,NA,NA,NA,NA,NA,NA,NA,NA,NA,8.9,9.4,5.7,-101.1476461,-1.765359455,46,15.83333333
15/10/1998,18.78713,NA,NA,NA,NA,NA,NA,NA,NA,NA,NA,NA,NA,NA,NA,NA,NA,NA,NA,NA,NA,NA,6.8,9,2.9,-82.45064862,-1.439035289,35,9.625
16/10/1998,18.78987,NA,NA,NA,NA,NA,NA,NA,NA,NA,NA,NA,NA,NA,NA,NA,NA,NA,NA,NA,NA,NA,40.3,8.2,2,92.89767516,1.621370299,NA,17.75
17/10/1998,18.79261,NA,NA,NA,NA,NA,NA,NA,NA,NA,NA,NA,NA,NA,NA,NA,NA,NA,NA,NA,NA,NA,13.8,7.8,3.3,1.51288197,0.026404772,56,18.08333333
18/10/1998,18.79535,NA,NA,NA,NA,NA,NA,NA,NA,NA,NA,NA,NA,NA,NA,NA,NA,NA,NA,NA,NA,NA,9.1,8.5,1.4,-114.1572432,-1.992419758,31,8.5
19/10/1998,18.79808,NA,NA,NA,NA,NA,NA,NA,NA,NA,NA,NA,NA,NA,NA,NA,NA,NA,NA,NA,NA,NA,9.5,6.7,1.5,-68.2580575,-1.191327844,37,8.041666667
20/10/1998,18.80082,NA,NA,NA,NA,NA,NA,NA,NA,NA,NA,NA,NA,NA,NA,NA,NA,NA,NA,NA,NA,NA,30.8,12,-0.2,-172.473951,-3.010238319,35,11.125
21/10/1998,18.80356,NA,NA,NA,NA,NA,NA,NA,NA,NA,NA,NA,NA,NA,NA,NA,NA,NA,NA,NA,NA,NA,4.3,13.4,11.9,-147.6209391,-2.576471432,46,15.95833333
22/10/1998,18.80630,NA,NA,NA,NA,NA,NA,NA,NA,NA,NA,NA,NA,NA,NA,NA,NA,NA,NA,NA,NA,NA,3.6,13.7,7.7,-135.1687116,-2.359139062,42,18.29166667
23/10/1998,18.80903,NA,NA,NA,NA,NA,NA,NA,NA,NA,NA,NA,NA,NA,NA,NA,NA,NA,NA,NA,NA,NA,4.5,9,4.8,-105.2877687,-1.837618227,34,10.70833333
24/10/1998,18.81177,NA,NA,NA,NA,NA,NA,NA,NA,NA,NA,NA,NA,NA,NA,NA,NA,NA,NA,NA,NA,NA,33.3,9.3,5.4,125.4145704,2.188897184,32,15.33333333
25/10/1998,18.81451,NA,NA,NA,NA,NA,NA,NA,NA,NA,NA,NA,NA,NA,NA,NA,NA,NA,NA,NA,NA,NA,7.9,8.2,3.1,-45.41748212,-0.792684601,31,12.08333333
26/10/1998,18.81725,NA,NA,NA,NA,NA,NA,NA,NA,NA,NA,NA,NA,NA,NA,NA,NA,NA,NA,NA,NA,NA,9.7,8.8,2.7,-106.6769904,-1.861864719,48,12.70833333
27/10/1998,18.81999,NA,NA,NA,NA,NA,NA,NA,NA,NA,NA,NA,NA,NA,NA,NA,NA,NA,NA,NA,NA,NA,33.8,8.9,4.2,-110.5956209,-1.930257723,56,20.95833333
28/10/1998,18.82272,NA,NA,NA,NA,NA,NA,NA,NA,NA,NA,NA,NA,NA,NA,NA,NA,NA,NA,NA,NA,NA,9.1,8.4,5,-79.55035022,-1.388415532,39,15.91666667
29/10/1998,18.82546,NA,NA,NA,NA,NA,NA,NA,NA,NA,NA,NA,NA,NA,NA,NA,NA,NA,NA,NA,NA,NA,9.1,8.4,4.6,-64.57800593,-1.127098828,38,15.16666667
30/10/1998,18.82820,NA,NA,NA,NA,NA,NA,NA,NA,NA,NA,NA,NA,NA,NA,NA,NA,NA,NA,NA,NA,NA,5.8,8.8,3.9,-70.82164225,-1.236070839,29,10.83333333
31/10/1998,18.83094,NA,NA,NA,NA,NA,NA,NA,NA,NA,NA,NA,NA,NA,NA,NA,NA,NA,NA,NA,NA,NA,6.9,7,2.3,-60.0128885,-1.047422498,21,6.458333333
01/11/1998,18.83368,NA,NA,NA,NA,NA,NA,NA,NA,NA,NA,NA,NA,NA,NA,NA,NA,NA,NA,NA,NA,NA,5.3,6.8,1.7,-68.53219265,-1.196112405,26,7.166666667
02/11/1998,18.83641,NA,NA,NA,NA,NA,NA,NA,NA,NA,NA,NA,NA,NA,NA,NA,NA,NA,NA,NA,NA,NA,4.9,8,0.3,27.97755366,0.488300428,39,10.875
03/11/1998,18.83915,NA,NA,NA,NA,NA,NA,NA,NA,NA,NA,NA,NA,NA,NA,NA,NA,NA,NA,NA,NA,NA,36.1,8.2,2.4,20.18941811,0.35237182,44,15.875
04/11/1998,18.84189,NA,NA,NA,NA,NA,NA,NA,NA,NA,NA,NA,NA,NA,NA,NA,NA,NA,NA,NA,NA,NA,3.1,4.9,0.8,-34.637008,-0.604529833,28,8.25
05/11/1998,18.84463,NA,NA,NA,NA,NA,NA,NA,NA,NA,NA,NA,NA,NA,NA,NA,NA,NA,NA,NA,NA,NA,13.3,7.4,0.5,-94.45409677,-1.648534981,30,9.041666667
06/11/1998,18.84736,NA,NA,NA,NA,NA,NA,NA,NA,NA,NA,NA,NA,NA,NA,NA,NA,NA,NA,NA,NA,NA,49.8,10.2,-1,-115.604078,-2.01767179,39,10.16666667
07/11/1998,18.85010,NA,NA,NA,NA,NA,NA,NA,NA,NA,NA,NA,NA,NA,NA,NA,NA,NA,NA,NA,NA,NA,17.3,11.5,9.9,178.9017003,3.122423707,48,22.83333333
08/11/1998,18.85284,NA,NA,NA,NA,NA,NA,NA,NA,NA,NA,NA,NA,NA,NA,NA,NA,NA,NA,NA,NA,NA,20.6,12.3,10.1,-173.1384239,-3.021835559,46,22.33333333
09/11/1998,18.85558,NA,NA,NA,NA,NA,NA,NA,NA,NA,NA,NA,NA,NA,NA,NA,NA,NA,NA,NA,NA,NA,27,12.9,7.1,-155.1438511,-2.707771016,73,27.16666667
10/11/1998,18.85832,NA,NA,NA,NA,NA,NA,NA,NA,NA,NA,NA,NA,NA,NA,NA,NA,NA,NA,NA,NA,NA,7.1,7.9,3.4,-110.7826542,-1.93352207,39,14.125
11/11/1998,18.86105,NA,NA,NA,NA,NA,NA,NA,NA,NA,NA,NA,NA,NA,NA,NA,NA,NA,NA,NA,NA,NA,2.5,9.3,3.8,-168.0482753,-2.932995707,22,9
12/11/1998,18.86379,NA,NA,NA,NA,NA,NA,NA,NA,NA,NA,NA,NA,NA,NA,NA,NA,NA,NA,NA,NA,NA,0.2,9.4,6.9,114.3737954,1.996199307,NA,9.25
13/11/1998,18.86653,NA,NA,NA,NA,NA,NA,NA,NA,NA,NA,NA,NA,NA,NA,NA,NA,NA,NA,NA,NA,NA,6.6,8.8,3.2,-103.9498223,-1.814266657,15,4.75
14/11/1998,18.86927,NA,NA,NA,NA,NA,NA,NA,NA,NA,NA,NA,NA,NA,NA,NA,NA,NA,NA,NA,NA,NA,1.9,8.4,3.7,30.57450365,0.533625756,28,13.5
15/11/1998,18.87201,NA,NA,NA,NA,NA,NA,NA,NA,NA,NA,NA,NA,NA,NA,NA,NA,NA,NA,NA,NA,NA,1.9,6.4,0.4,-23.75174217,-0.414546104,26,7.333333333
16/11/1998,18.87474,NA,NA,NA,NA,NA,NA,NA,NA,NA,NA,NA,NA,NA,NA,NA,NA,NA,NA,NA,NA,NA,0,6.6,-0.6,15.39085046,0.268621015,15,4.75
17/11/1998,18.87748,NA,NA,NA,NA,NA,NA,NA,NA,NA,NA,NA,NA,NA,NA,NA,NA,NA,NA,NA,NA,NA,0,5.7,0.8,115.4302508,2.014637933,10,4.5
18/11/1998,18.88022,NA,NA,NA,NA,NA,NA,NA,NA,NA,NA,NA,NA,NA,NA,NA,NA,NA,NA,NA,NA,NA,0,6.6,-0.5,108.7341255,1.8977685,14,5.875
19/11/1998,18.88296,NA,NA,NA,NA,NA,NA,NA,NA,NA,NA,NA,NA,NA,NA,NA,NA,NA,NA,NA,NA,NA,3.1,8.4,4.9,175.031819,3.054881538,34,17.33333333
20/11/1998,18.88569,NA,NA,NA,NA,NA,NA,NA,NA,NA,NA,NA,NA,NA,NA,NA,NA,NA,NA,NA,NA,NA,8.9,11.2,7.3,-161.6661882,-2.821607273,55,26.5
21/11/1998,18.88843,NA,NA,NA,NA,NA,NA,NA,NA,NA,NA,NA,NA,NA,NA,NA,NA,NA,NA,NA,NA,NA,31.1,11.3,8.4,-146.2992548,-2.55340369,46,18.95833333
22/11/1998,18.89117,NA,NA,NA,NA,NA,NA,NA,NA,NA,NA,NA,NA,NA,NA,NA,NA,NA,NA,NA,NA,NA,2,9.3,3.8,-137.0654752,-2.392243833,20,9.041666667
23/11/1998,18.89391,NA,NA,NA,NA,NA,NA,NA,NA,NA,NA,NA,NA,NA,NA,NA,NA,NA,NA,NA,NA,NA,14.8,8.7,2.9,-166.8898266,-2.912776962,58,23.375
24/11/1998,18.89665,NA,NA,NA,NA,NA,NA,NA,NA,NA,NA,NA,NA,NA,NA,NA,NA,NA,NA,NA,NA,NA,7.5,9.3,5.5,-145.8618412,-2.545769382,33,14.75
25/11/1998,18.89938,NA,NA,NA,NA,NA,NA,NA,NA,NA,NA,NA,NA,NA,NA,NA,NA,NA,NA,NA,NA,NA,8.9,8.2,2.7,-136.7441682,-2.386635969,28,11.16666667
26/11/1998,18.90212,NA,NA,NA,NA,NA,NA,NA,NA,NA,NA,NA,NA,NA,NA,NA,NA,NA,NA,NA,NA,NA,14.2,9.5,3.9,-84.60475361,-1.476631513,36,15.16666667
27/11/1998,18.90486,NA,NA,NA,NA,NA,NA,NA,NA,NA,NA,NA,NA,NA,NA,NA,NA,NA,NA,NA,NA,NA,8.5,11.6,2.5,-158.8801866,-2.772982372,42,18.54166667
28/11/1998,18.90760,NA,NA,NA,NA,NA,NA,NA,NA,NA,NA,NA,NA,NA,NA,NA,NA,NA,NA,NA,NA,NA,4.9,11.4,5.9,-147.5368115,-2.575003128,28,13.66666667
29/11/1998,18.91034,NA,NA,NA,NA,NA,NA,NA,NA,NA,NA,NA,NA,NA,NA,NA,NA,NA,NA,NA,NA,NA,7,8.4,3.3,-118.2398688,-2.063675018,27,9.958333333
30/11/1998,18.91307,NA,NA,NA,NA,NA,NA,NA,NA,NA,NA,NA,NA,NA,NA,NA,NA,NA,NA,NA,NA,NA,2,11.6,8.4,-139.013318,-2.426240103,23,10.08333333
01/12/1998,18.91581,NA,NA,NA,NA,NA,NA,NA,NA,NA,NA,NA,NA,NA,NA,NA,NA,NA,NA,NA,NA,NA,0,11.3,9.5,-150.7761873,-2.631540902,21,12.20833333
02/12/1998,18.91855,NA,NA,NA,NA,NA,NA,NA,NA,NA,NA,NA,NA,NA,NA,NA,NA,NA,NA,NA,NA,NA,0.2,10.7,8.8,-134.2538675,-2.343172021,26,11.41666667
03/12/1998,18.92129,NA,NA,NA,NA,NA,NA,NA,NA,NA,NA,NA,NA,NA,NA,NA,NA,NA,NA,NA,NA,NA,3.7,10,2.4,-38.23923491,-0.667400553,30,12.16666667
04/12/1998,18.92402,NA,NA,NA,NA,NA,NA,NA,NA,NA,NA,NA,NA,NA,NA,NA,NA,NA,NA,NA,NA,NA,5.1,4.5,1.1,-18.27716774,-0.318996755,34,10.83333333
05/12/1998,18.92676,NA,NA,NA,NA,NA,NA,NA,NA,NA,NA,NA,NA,NA,NA,NA,NA,NA,NA,NA,NA,NA,2.8,4.7,-0.7,-15.92978615,-0.278027217,24,7.333333333
06/12/1998,18.92950,NA,NA,NA,NA,NA,NA,NA,NA,NA,NA,NA,NA,NA,NA,NA,NA,NA,NA,NA,NA,NA,0,6.6,-2.7,-135.1803425,-2.35934206,NA,9
07/12/1998,18.93224,NA,NA,NA,NA,NA,NA,NA,NA,NA,NA,NA,NA,NA,NA,NA,NA,NA,NA,NA,NA,NA,15.7,11,6.5,176.661961,3.083332883,41,20.5
08/12/1998,18.93498,NA,NA,NA,NA,NA,NA,NA,NA,NA,NA,NA,NA,NA,NA,NA,NA,NA,NA,NA,NA,NA,22.5,10.6,6.5,-157.0867526,-2.741681044,43,18.625
09/12/1998,18.93771,NA,NA,NA,NA,NA,NA,NA,NA,NA,NA,NA,NA,NA,NA,NA,NA,NA,NA,NA,NA,NA,0.5,11.5,7,-166.2992548,-2.90246954,55,27.41666667
10/12/1998,18.94045,NA,NA,NA,NA,NA,NA,NA,NA,NA,NA,NA,NA,NA,NA,NA,NA,NA,NA,NA,NA,NA,15.8,11.5,7.9,-156.6231294,-2.733589292,54,19.20833333
11/12/1998,18.94319,NA,NA,NA,NA,NA,NA,NA,NA,NA,NA,NA,NA,NA,NA,NA,NA,NA,NA,NA,NA,NA,12.7,10.2,4.6,-168.7673685,-2.94554625,51,18.08333333
12/12/1998,18.94593,NA,NA,NA,NA,NA,NA,NA,NA,NA,NA,NA,NA,NA,NA,NA,NA,NA,NA,NA,NA,NA,7.6,11,4.4,-134.2587386,-2.343257037,35,12.83333333
13/12/1998,18.94867,NA,NA,NA,NA,NA,NA,NA,NA,NA,NA,NA,NA,NA,NA,NA,NA,NA,NA,NA,NA,NA,28.6,9.1,3.2,-143.2465557,-2.500124039,37,13
14/12/1998,18.95140,NA,NA,NA,NA,NA,NA,NA,NA,NA,NA,NA,NA,NA,NA,NA,NA,NA,NA,NA,NA,NA,23.8,12.9,6.2,-138.7753058,-2.422086007,55,27.25
15/12/1998,18.95414,NA,NA,NA,NA,NA,NA,NA,NA,NA,NA,NA,NA,NA,NA,NA,NA,NA,NA,NA,NA,NA,13.1,7.9,4.3,-112.0768409,-1.956109888,53,19.29166667
16/12/1998,18.95688,NA,NA,NA,NA,NA,NA,NA,NA,NA,NA,NA,NA,NA,NA,NA,NA,NA,NA,NA,NA,NA,15.6,11.1,5.2,-145.8317448,-2.5452441,58,25.25
17/12/1998,18.95962,NA,NA,NA,NA,NA,NA,NA,NA,NA,NA,NA,NA,NA,NA,NA,NA,NA,NA,NA,NA,NA,11.8,11.9,5.9,-136.7173685,-2.386168225,55,20.20833333
18/12/1998,18.96235,NA,NA,NA,NA,NA,NA,NA,NA,NA,NA,NA,NA,NA,NA,NA,NA,NA,NA,NA,NA,NA,6.8,6.8,2,-120.9026913,-2.110150038,33,10.54166667
19/12/1998,18.96509,NA,NA,NA,NA,NA,NA,NA,NA,NA,NA,NA,NA,NA,NA,NA,NA,NA,NA,NA,NA,NA,2.9,5.6,1.6,-6.256044895,-0.109188582,27,10.375
20/12/1998,18.96783,NA,NA,NA,NA,NA,NA,NA,NA,NA,NA,NA,NA,NA,NA,NA,NA,NA,NA,NA,NA,NA,NA,3.3,-1.3,-31.34269468,-0.547033219,25,7
21/12/1998,18.97057,NA,NA,NA,NA,NA,NA,NA,NA,NA,NA,NA,NA,NA,NA,NA,NA,NA,NA,NA,NA,NA,11.2,6.4,-0.6,-137.7337888,-2.403908105,42,13.54166667
22/12/1998,18.97331,NA,NA,NA,NA,NA,NA,NA,NA,NA,NA,NA,NA,NA,NA,NA,NA,NA,NA,NA,NA,NA,13.2,8.4,3,-149.2594357,-2.605068593,45,15.91666667
23/12/1998,18.97604,NA,NA,NA,NA,NA,NA,NA,NA,NA,NA,NA,NA,NA,NA,NA,NA,NA,NA,NA,NA,NA,15.4,5.3,1.4,-141.6873886,-2.47291144,37,15.20833333
24/12/1998,18.97878,NA,NA,NA,NA,NA,NA,NA,NA,NA,NA,NA,NA,NA,NA,NA,NA,NA,NA,NA,NA,NA,15.7,11.1,4.1,-128.5793631,-2.244133236,45,18.625
25/12/1998,18.98152,NA,NA,NA,NA,NA,NA,NA,NA,NA,NA,NA,NA,NA,NA,NA,NA,NA,NA,NA,NA,NA,7,7.6,2,-130.4073431,-2.276037506,46,16.58333333
26/12/1998,18.98426,NA,NA,NA,NA,NA,NA,NA,NA,NA,NA,NA,NA,NA,NA,NA,NA,NA,NA,NA,NA,NA,19,5.3,1.1,-173.2853429,-3.024399779,43,15.79166667
27/12/1998,18.98700,NA,NA,NA,NA,NA,NA,NA,NA,NA,NA,NA,NA,NA,NA,NA,NA,NA,NA,NA,NA,NA,24.9,6.1,0.7,-96.16046396,-1.678316706,49,15.16666667
28/12/1998,18.98973,NA,NA,NA,NA,NA,NA,NA,NA,NA,NA,NA,NA,NA,NA,NA,NA,NA,NA,NA,NA,NA,5.1,5,-0.6,-129.3996437,-2.258449834,33,12
29/12/1998,18.99247,NA,NA,NA,NA,NA,NA,NA,NA,NA,NA,NA,NA,NA,NA,NA,NA,NA,NA,NA,NA,NA,5.3,7,4.1,160.9772467,2.809582977,33,16.33333333
30/12/1998,18.99521,NA,NA,NA,NA,NA,NA,NA,NA,NA,NA,NA,NA,NA,NA,NA,NA,NA,NA,NA,NA,NA,17.6,9.6,3.7,-171.8631124,-2.999577174,43,19.95833333
31/12/1998,18.99795,NA,NA,NA,NA,NA,NA,NA,NA,NA,NA,NA,NA,NA,NA,NA,NA,NA,NA,NA,NA,NA,0.8,8.1,4.3,140.7597174,2.456720523,30,14.20833333
01/01/1999,19.00068,NA,NA,NA,NA,NA,NA,NA,NA,NA,NA,NA,NA,NA,NA,NA,NA,NA,NA,NA,NA,NA,1.1,8.7,5.9,147.6290972,2.576613818,35,15.08333333
02/01/1999,19.00342,NA,NA,NA,NA,NA,NA,NA,NA,NA,NA,NA,NA,NA,NA,NA,NA,NA,NA,NA,NA,NA,3.9,8.6,5.8,165.5049454,2.888606226,27,11.04166667
03/01/1999,19.00616,NA,NA,NA,NA,NA,NA,NA,NA,NA,NA,NA,NA,NA,NA,NA,NA,NA,NA,NA,NA,NA,26.4,7,3.9,-138.2143626,-2.412295702,39,15.66666667
04/01/1999,19.00890,NA,NA,NA,NA,NA,NA,NA,NA,NA,NA,NA,NA,NA,NA,NA,NA,NA,NA,NA,NA,NA,36.1,7.5,2.4,-124.2108071,-2.167887551,58,17.41666667
05/01/1999,19.01164,NA,NA,NA,NA,NA,NA,NA,NA,NA,NA,NA,NA,NA,NA,NA,NA,NA,NA,NA,NA,NA,0.3,7,3.6,-113.5694048,-1.982160043,NA,3.625
06/01/1999,19.01437,NA,NA,NA,NA,NA,NA,NA,NA,NA,NA,NA,NA,NA,NA,NA,NA,NA,NA,NA,NA,NA,5.3,6.4,3.4,-6.15202277,-0.107373053,21,7.125
07/01/1999,19.01711,NA,NA,NA,NA,NA,NA,NA,NA,NA,NA,NA,NA,NA,NA,NA,NA,NA,NA,NA,NA,NA,0.9,5.7,1.7,91.74306272,1.60121851,12,4.125
08/01/1999,19.01985,NA,NA,NA,NA,NA,NA,NA,NA,NA,NA,NA,NA,NA,NA,NA,NA,NA,NA,NA,NA,NA,0.3,5.7,0.2,20.2464934,0.353367972,22,4.958333333
09/01/1999,19.02259,NA,NA,NA,NA,NA,NA,NA,NA,NA,NA,NA,NA,NA,NA,NA,NA,NA,NA,NA,NA,NA,2.3,3.8,-0.4,-56.03591948,-0.978011294,17,4.833333333
10/01/1999,19.02533,NA,NA,NA,NA,NA,NA,NA,NA,NA,NA,NA,NA,NA,NA,NA,NA,NA,NA,NA,NA,NA,0.7,5.1,-0.4,-77.56068059,-1.353689246,13,5
11/01/1999,19.02806,NA,NA,NA,NA,NA,NA,NA,NA,NA,NA,NA,NA,NA,NA,NA,NA,NA,NA,NA,NA,NA,1.2,5.6,-0.1,-136.0833488,-2.375102494,47,14.29166667
12/01/1999,19.03080,NA,NA,NA,NA,NA,NA,NA,NA,NA,NA,NA,NA,NA,NA,NA,NA,NA,NA,NA,NA,NA,38,5.1,1.8,-109.2387173,-1.906575287,52,17.125
13/01/1999,19.03354,NA,NA,NA,NA,NA,NA,NA,NA,NA,NA,NA,NA,NA,NA,NA,NA,NA,NA,NA,NA,NA,22.4,7.1,1.2,-115.2381573,-2.011285269,45,14.75
14/01/1999,19.03628,NA,NA,NA,NA,NA,NA,NA,NA,NA,NA,NA,NA,NA,NA,NA,NA,NA,NA,NA,NA,NA,NA,5.6,0.7,-94.74109274,-1.653544005,50,18.33333333
15/01/1999,19.03901,NA,NA,NA,NA,NA,NA,NA,NA,NA,NA,NA,NA,NA,NA,NA,NA,NA,NA,NA,NA,NA,NA,8.7,1,-133.1357098,-2.323656488,57,24.625
16/01/1999,19.04175,NA,NA,NA,NA,NA,NA,NA,NA,NA,NA,NA,NA,NA,NA,NA,NA,NA,NA,NA,NA,NA,NA,3.9,1,-138.3465581,-2.414602948,50,23.04166667
17/01/1999,19.04449,NA,NA,NA,NA,NA,NA,NA,NA,NA,NA,NA,NA,NA,NA,NA,NA,NA,NA,NA,NA,NA,19.9,5.2,1.2,-123.3718287,-2.153244615,39,14.04166667
18/01/1999,19.04723,NA,NA,NA,NA,NA,NA,NA,NA,NA,NA,NA,NA,NA,NA,NA,NA,NA,NA,NA,NA,NA,28.1,6.7,2,-157.343054,-2.746154348,54,21.66666667
19/01/1999,19.04997,NA,NA,NA,NA,NA,NA,NA,NA,NA,NA,NA,NA,NA,NA,NA,NA,NA,NA,NA,NA,NA,19.1,8,4.3,-142.9090933,-2.494234209,47,20.54166667
20/01/1999,19.05270,NA,NA,NA,NA,NA,NA,NA,NA,NA,NA,NA,NA,NA,NA,NA,NA,NA,NA,NA,NA,NA,18.4,7,3.8,-146.8249589,-2.562578958,27,10.08333333
21/01/1999,19.05544,NA,NA,NA,NA,NA,NA,NA,NA,NA,NA,NA,NA,NA,NA,NA,NA,NA,NA,NA,NA,NA,10.4,5.3,0.9,-114.2707323,-1.994400518,33,9.208333333
22/01/1999,19.05818,NA,NA,NA,NA,NA,NA,NA,NA,NA,NA,NA,NA,NA,NA,NA,NA,NA,NA,NA,NA,NA,12.2,7.6,3.5,-139.7768742,-2.439566673,40,14.45833333
23/01/1999,19.06092,NA,NA,NA,NA,NA,NA,NA,NA,NA,NA,NA,NA,NA,NA,NA,NA,NA,NA,NA,NA,NA,24.6,8.3,5.1,-155.8002661,-2.719227619,46,18.83333333
24/01/1999,19.06366,NA,NA,NA,NA,NA,NA,NA,NA,NA,NA,NA,NA,NA,NA,NA,NA,NA,NA,NA,NA,NA,8,6.8,2.2,-117.79666,-2.055939564,40,12.83333333
25/01/1999,19.06639,NA,NA,NA,NA,NA,NA,NA,NA,NA,NA,NA,NA,NA,NA,NA,NA,NA,NA,NA,NA,NA,12.5,6,2,-136.6936233,-2.385753793,NA,11.33333333
26/01/1999,19.06913,NA,NA,NA,NA,NA,NA,NA,NA,NA,NA,NA,NA,NA,NA,NA,NA,NA,NA,NA,NA,NA,7.6,5.7,0.1,-87.93091759,-1.534684026,42,7.291666667
27/01/1999,19.07187,NA,NA,NA,NA,NA,NA,NA,NA,NA,NA,NA,NA,NA,NA,NA,NA,NA,NA,NA,NA,NA,10.3,7.2,-0.8,-107.0911893,-1.869093853,NA,9.166666667
28/01/1999,19.07461,NA,NA,NA,NA,NA,NA,NA,NA,NA,NA,NA,NA,NA,NA,NA,NA,NA,NA,NA,NA,NA,6.4,7.8,2.4,-80.23949928,-1.400443453,29,9.125
29/01/1999,19.07734,NA,NA,NA,NA,NA,NA,NA,NA,NA,NA,NA,NA,NA,NA,NA,NA,NA,NA,NA,NA,NA,3.8,9.4,4.8,-125.0644871,-2.182787077,21,8.75
30/01/1999,19.08008,NA,NA,NA,NA,NA,NA,NA,NA,NA,NA,NA,NA,NA,NA,NA,NA,NA,NA,NA,NA,NA,0.2,9.8,6.9,-153.3507039,-2.676474694,16,9.166666667
31/01/1999,19.08282,NA,NA,NA,NA,NA,NA,NA,NA,NA,NA,NA,NA,NA,NA,NA,NA,NA,NA,NA,NA,NA,0,10.3,7.9,-152.0917126,-2.654501151,30,12.95833333
01/02/1999,19.08556,NA,NA,NA,NA,NA,NA,NA,NA,NA,NA,NA,NA,NA,NA,NA,NA,NA,NA,NA,NA,NA,0.2,9.8,7.3,-155.867135,-2.720394702,34,18.08333333
02/02/1999,19.08830,NA,NA,NA,NA,NA,NA,NA,NA,NA,NA,NA,NA,NA,NA,NA,NA,NA,NA,NA,NA,NA,7,10.5,7.1,-132.2680783,-2.308513461,45,21.25
03/02/1999,19.09103,NA,NA,NA,NA,NA,NA,NA,NA,NA,NA,NA,NA,NA,NA,NA,NA,NA,NA,NA,NA,NA,15.7,11.9,5.8,-139.2558786,-2.430473585,49,22.70833333
04/02/1999,19.09377,NA,NA,NA,NA,NA,NA,NA,NA,NA,NA,NA,NA,NA,NA,NA,NA,NA,NA,NA,NA,NA,19.5,11.3,2.7,-78.12679472,-1.363569802,66,34.66666667
05/02/1999,19.09651,NA,NA,NA,NA,NA,NA,NA,NA,NA,NA,NA,NA,NA,NA,NA,NA,NA,NA,NA,NA,NA,3.5,5.8,1.8,-39.17730973,-0.683773047,47,20.54166667
06/02/1999,19.09925,NA,NA,NA,NA,NA,NA,NA,NA,NA,NA,NA,NA,NA,NA,NA,NA,NA,NA,NA,NA,NA,NA,5,-0.9,-37.05452068,-0.646723389,39,11.08333333
07/02/1999,19.10198,NA,NA,NA,NA,NA,NA,NA,NA,NA,NA,NA,NA,NA,NA,NA,NA,NA,NA,NA,NA,NA,NA,2,-1.6,-20.22442765,-0.352982852,45,12.20833333
08/02/1999,19.10472,NA,NA,NA,NA,NA,NA,NA,NA,NA,NA,NA,NA,NA,NA,NA,NA,NA,NA,NA,NA,NA,NA,1.4,-5,-7.541446463,-0.131623071,31,10.375
09/02/1999,19.10746,NA,NA,NA,NA,NA,NA,NA,NA,NA,NA,NA,NA,NA,NA,NA,NA,NA,NA,NA,NA,NA,NA,2.1,-2.4,-5.4081285,-0.094389649,40,15.5
10/02/1999,19.11020,NA,NA,NA,NA,NA,NA,NA,NA,NA,NA,NA,NA,NA,NA,NA,NA,NA,NA,NA,NA,NA,NA,4,-0.7,-65.58234764,-1.144627898,22,6.5
11/02/1999,19.11294,NA,NA,NA,NA,NA,NA,NA,NA,NA,NA,NA,NA,NA,NA,NA,NA,NA,NA,NA,NA,NA,0.4,7.1,2,-131.3390668,-2.292299152,32,9.958333333
12/02/1999,19.11567,NA,NA,NA,NA,NA,NA,NA,NA,NA,NA,NA,NA,NA,NA,NA,NA,NA,NA,NA,NA,NA,2.8,8.6,1.9,-112.661257,-1.966309874,36,12.08333333
13/02/1999,19.11841,NA,NA,NA,NA,NA,NA,NA,NA,NA,NA,NA,NA,NA,NA,NA,NA,NA,NA,NA,NA,NA,0,7.8,2.2,-147.5368115,-2.575003128,51,19.20833333
14/02/1999,19.12115,NA,NA,NA,NA,NA,NA,NA,NA,NA,NA,NA,NA,NA,NA,NA,NA,NA,NA,NA,NA,NA,20.7,7.9,4.5,-111.6256049,-1.948234335,49,14.625
15/02/1999,19.12389,NA,NA,NA,NA,NA,NA,NA,NA,NA,NA,NA,NA,NA,NA,NA,NA,NA,NA,NA,NA,NA,11.5,8.7,2.5,-107.0271531,-1.86797621,49,22
16/02/1999,19.12663,NA,NA,NA,NA,NA,NA,NA,NA,NA,NA,NA,NA,NA,NA,NA,NA,NA,NA,NA,NA,NA,12,3.7,0.2,-61.29631281,-1.069822478,60,25.45833333
17/02/1999,19.12936,NA,NA,NA,NA,NA,NA,NA,NA,NA,NA,NA,NA,NA,NA,NA,NA,NA,NA,NA,NA,NA,NA,2.2,-1.2,-114.9646686,-2.00651199,33,7.833333333
18/02/1999,19.13210,NA,NA,NA,NA,NA,NA,NA,NA,NA,NA,NA,NA,NA,NA,NA,NA,NA,NA,NA,NA,NA,7.5,10.5,2.1,-118.4988111,-2.068194413,29,11.45833333
19/02/1999,19.13484,NA,NA,NA,NA,NA,NA,NA,NA,NA,NA,NA,NA,NA,NA,NA,NA,NA,NA,NA,NA,NA,NA,9.9,2.5,-97.54961028,-1.702561883,48,18.83333333
20/02/1999,19.13758,NA,NA,NA,NA,NA,NA,NA,NA,NA,NA,NA,NA,NA,NA,NA,NA,NA,NA,NA,NA,NA,NA,6.1,1.4,-98.77784228,-1.723998576,40,15.33333333
21/02/1999,19.14031,NA,NA,NA,NA,NA,NA,NA,NA,NA,NA,NA,NA,NA,NA,NA,NA,NA,NA,NA,NA,NA,NA,4.2,0.7,-63.28387492,-1.104511981,43,16.66666667
22/02/1999,19.14305,NA,NA,NA,NA,NA,NA,NA,NA,NA,NA,NA,NA,NA,NA,NA,NA,NA,NA,NA,NA,NA,5.2,5,1.1,-17.51433033,-0.305682731,49,23.54166667
23/02/1999,19.14579,NA,NA,NA,NA,NA,NA,NA,NA,NA,NA,NA,NA,NA,NA,NA,NA,NA,NA,NA,NA,NA,NA,4.8,-0.7,27.45725854,0.479219565,26,6.958333333
24/02/1999,19.14853,NA,NA,NA,NA,NA,NA,NA,NA,NA,NA,NA,NA,NA,NA,NA,NA,NA,NA,NA,NA,NA,1.2,5.9,0.7,178.2505294,3.111058632,31,11.08333333
25/02/1999,19.15127,NA,NA,NA,NA,NA,NA,NA,NA,NA,NA,NA,NA,NA,NA,NA,NA,NA,NA,NA,NA,NA,8.9,10.5,5.5,-127.8295467,-2.231046472,35,17.16666667
26/02/1999,19.15400,NA,NA,NA,NA,NA,NA,NA,NA,NA,NA,NA,NA,NA,NA,NA,NA,NA,NA,NA,NA,NA,12.6,6.7,1.5,-132.482401,-2.312254099,44,15.75
27/02/1999,19.15674,NA,NA,NA,NA,NA,NA,NA,NA,NA,NA,NA,NA,NA,NA,NA,NA,NA,NA,NA,NA,NA,7.7,5.7,0.8,-141.3106152,-2.466335504,30,14.45833333
28/02/1999,19.15948,NA,NA,NA,NA,NA,NA,NA,NA,NA,NA,NA,NA,NA,NA,NA,NA,NA,NA,NA,NA,NA,18.2,5.8,1,-109.8426829,-1.917116476,35,13.54166667
01/03/1999,19.16222,NA,NA,NA,NA,NA,NA,NA,NA,NA,NA,NA,NA,NA,NA,NA,NA,NA,NA,NA,NA,NA,3.7,7.9,0.4,-92.04451497,-1.606479845,25,6.833333333
02/03/1999,19.16496,NA,NA,NA,NA,NA,NA,NA,NA,NA,NA,NA,NA,NA,NA,NA,NA,NA,NA,NA,NA,NA,9.3,9.5,-0.5,166.1684115,2.900185894,24,10.54166667
03/03/1999,19.16769,NA,NA,NA,NA,NA,NA,NA,NA,NA,NA,NA,NA,NA,NA,NA,NA,NA,NA,NA,NA,NA,11,6.6,2.9,32.6214409,0.56935155,44,17.16666667
04/03/1999,19.17043,NA,NA,NA,NA,NA,NA,NA,NA,NA,NA,NA,NA,NA,NA,NA,NA,NA,NA,NA,NA,NA,1.4,5.8,2.4,3.338071388,0.058260336,41,16.54166667
05/03/1999,19.17317,NA,NA,NA,NA,NA,NA,NA,NA,NA,NA,NA,NA,NA,NA,NA,NA,NA,NA,NA,NA,NA,7.4,5,1.4,-4.593943473,-0.080179439,35,14.91666667
06/03/1999,19.17591,NA,NA,NA,NA,NA,NA,NA,NA,NA,NA,NA,NA,NA,NA,NA,NA,NA,NA,NA,NA,NA,6.4,6.9,2.7,29.0699041,0.50736554,33,12.5
07/03/1999,19.17864,NA,NA,NA,NA,NA,NA,NA,NA,NA,NA,NA,NA,NA,NA,NA,NA,NA,NA,NA,NA,NA,0.9,5.4,0.3,-7.390100777,-0.128981591,29,12.20833333
08/03/1999,19.18138,NA,NA,NA,NA,NA,NA,NA,NA,NA,NA,NA,NA,NA,NA,NA,NA,NA,NA,NA,NA,NA,NA,7.7,-1.5,-30.64648824,-0.534882124,NA,3.541666667
09/03/1999,19.18412,NA,NA,NA,NA,NA,NA,NA,NA,NA,NA,NA,NA,NA,NA,NA,NA,NA,NA,NA,NA,NA,NA,7.9,-2.1,-33.28444266,-0.580923114,10,2.833333333
10/03/1999,19.18686,NA,NA,NA,NA,NA,NA,NA,NA,NA,NA,NA,NA,NA,NA,NA,NA,NA,NA,NA,NA,NA,1.7,6.1,-0.4,-157.1028277,-2.741961607,44,16.41666667
11/03/1999,19.18960,NA,NA,NA,NA,NA,NA,NA,NA,NA,NA,NA,NA,NA,NA,NA,NA,NA,NA,NA,NA,NA,NA,6.3,1.4,-165.8821715,-2.895190063,50,22.5
12/03/1999,19.19233,NA,NA,NA,NA,NA,NA,NA,NA,NA,NA,NA,NA,NA,NA,NA,NA,NA,NA,NA,NA,NA,16.1,7.8,2.6,-162.9170171,-2.843438356,45,17.95833333
13/03/1999,19.19507,NA,NA,NA,NA,NA,NA,NA,NA,NA,NA,NA,NA,NA,NA,NA,NA,NA,NA,NA,NA,NA,18.6,7.2,3.3,-166.2641259,-2.901856424,34,18.58333333
14/03/1999,19.19781,NA,NA,NA,NA,NA,NA,NA,NA,NA,NA,NA,NA,NA,NA,NA,NA,NA,NA,NA,NA,NA,5.1,9.8,4,-149.3396201,-2.606468075,32,14.66666667
15/03/1999,19.20055,NA,NA,NA,NA,NA,NA,NA,NA,NA,NA,NA,NA,NA,NA,NA,NA,NA,NA,NA,NA,NA,32.8,9.6,6.6,-168.1650337,-2.935033524,NA,18.375
16/03/1999,19.20329,NA,NA,NA,NA,NA,NA,NA,NA,NA,NA,NA,NA,NA,NA,NA,NA,NA,NA,NA,NA,NA,26.6,12,8.2,-155.1542973,-2.707953336,28,13.125
17/03/1999,19.20602,NA,NA,NA,NA,NA,NA,NA,NA,NA,NA,NA,NA,NA,NA,NA,NA,NA,NA,NA,NA,NA,0.9,11,8.4,-152.5523795,-2.662541303,40,18
18/03/1999,19.20876,NA,NA,NA,NA,NA,NA,NA,NA,NA,NA,NA,NA,NA,NA,NA,NA,NA,NA,NA,NA,NA,4.8,8.6,4.6,-90.42224513,-1.578165895,38,16.29166667
19/03/1999,19.21150,NA,NA,NA,NA,NA,NA,NA,NA,NA,NA,NA,NA,NA,NA,NA,NA,NA,NA,NA,NA,NA,1.2,8.7,4.6,-73.1712314,-1.277078906,33,11.16666667
20/03/1999,19.21424,NA,NA,NA,NA,NA,NA,NA,NA,NA,NA,NA,NA,NA,NA,NA,NA,NA,NA,NA,NA,NA,16.5,9.5,5.4,-127.0728303,-2.217839279,26,11.16666667
21/03/1999,19.21697,NA,NA,NA,NA,NA,NA,NA,NA,NA,NA,NA,NA,NA,NA,NA,NA,NA,NA,NA,NA,NA,6.2,8.5,3,-8.31581534,-0.145138358,28,10.66666667
22/03/1999,19.21971,NA,NA,NA,NA,NA,NA,NA,NA,NA,NA,NA,NA,NA,NA,NA,NA,NA,NA,NA,NA,NA,14.3,9.4,1.6,-107.8014539,-1.881490309,29,8.75
23/03/1999,19.22245,NA,NA,NA,NA,NA,NA,NA,NA,NA,NA,NA,NA,NA,NA,NA,NA,NA,NA,NA,NA,NA,10,10,5.3,-134.2365058,-2.342869003,33,9.583333333
24/03/1999,19.22519,NA,NA,NA,NA,NA,NA,NA,NA,NA,NA,NA,NA,NA,NA,NA,NA,NA,NA,NA,NA,NA,6.1,9.2,5.3,-133.3380714,-2.327188364,38,16.16666667
25/03/1999,19.22793,NA,NA,NA,NA,NA,NA,NA,NA,NA,NA,NA,NA,NA,NA,NA,NA,NA,NA,NA,NA,NA,6.9,9.3,4.9,-105.9916101,-1.849902575,25,8.541666667
26/03/1999,19.23066,NA,NA,NA,NA,NA,NA,NA,NA,NA,NA,NA,NA,NA,NA,NA,NA,NA,NA,NA,NA,NA,1.9,7.5,1.7,-33.80637964,-0.590032633,24,8.583333333
27/03/1999,19.23340,NA,NA,NA,NA,NA,NA,NA,NA,NA,NA,NA,NA,NA,NA,NA,NA,NA,NA,NA,NA,NA,0.1,7.9,0.9,-70.2103652,-1.225402042,25,9.291666667
28/03/1999,19.23614,NA,NA,NA,NA,NA,NA,NA,NA,NA,NA,NA,NA,NA,NA,NA,NA,NA,NA,NA,NA,NA,13,9.1,0,-163.4633546,-2.852973745,50,19.86956522
29/03/1999,19.23888,NA,NA,NA,NA,NA,NA,NA,NA,NA,NA,NA,NA,NA,NA,NA,NA,NA,NA,NA,NA,NA,14.1,10.3,5.9,-149.5825461,-2.610707932,45,22.79166667
30/03/1999,19.24162,NA,NA,NA,NA,NA,NA,NA,NA,NA,NA,NA,NA,NA,NA,NA,NA,NA,NA,NA,NA,NA,6.9,10.9,5.7,-130.3955861,-2.275832307,49,19.83333333
31/03/1999,19.24435,NA,NA,NA,NA,NA,NA,NA,NA,NA,NA,NA,NA,NA,NA,NA,NA,NA,NA,NA,NA,NA,9.3,11.7,5.7,163.7171812,2.857403854,17,8.333333333
01/04/1999,19.24709,NA,NA,NA,NA,NA,NA,NA,NA,NA,NA,NA,NA,NA,NA,NA,NA,NA,NA,NA,NA,NA,3,17.4,8.1,124.1006957,2.165965743,20,8
02/04/1999,19.24983,NA,NA,NA,NA,NA,NA,NA,NA,NA,NA,NA,NA,NA,NA,NA,NA,NA,NA,NA,NA,NA,0,15,7.4,58.40229668,1.019312368,16,6.416666667
03/04/1999,19.25257,NA,NA,NA,NA,NA,NA,NA,NA,NA,NA,NA,NA,NA,NA,NA,NA,NA,NA,NA,NA,NA,0,12.7,3.2,94.34934537,1.646706724,NA,2.458333333
04/04/1999,19.25530,NA,NA,NA,NA,NA,NA,NA,NA,NA,NA,NA,NA,NA,NA,NA,NA,NA,NA,NA,NA,NA,6.7,11.3,2.8,149.561075,2.610333191,24,6.125
05/04/1999,19.25804,NA,NA,NA,NA,NA,NA,NA,NA,NA,NA,NA,NA,NA,NA,NA,NA,NA,NA,NA,NA,NA,12.2,12.2,8.9,-164.1708353,-2.865321612,28,12.45833333
06/04/1999,19.26078,NA,NA,NA,NA,NA,NA,NA,NA,NA,NA,NA,NA,NA,NA,NA,NA,NA,NA,NA,NA,NA,8,11.4,8.1,-120.4365835,-2.102014921,25,8.958333333
07/04/1999,19.26352,NA,NA,NA,NA,NA,NA,NA,NA,NA,NA,NA,NA,NA,NA,NA,NA,NA,NA,NA,NA,NA,4,10.9,7,-85.22998364,-1.487543836,24,11.79166667
08/04/1999,19.26626,NA,NA,NA,NA,NA,NA,NA,NA,NA,NA,NA,NA,NA,NA,NA,NA,NA,NA,NA,NA,NA,3.2,13,7.3,-142.8541426,-2.493275139,27,14.29166667
09/04/1999,19.26899,NA,NA,NA,NA,NA,NA,NA,NA,NA,NA,NA,NA,NA,NA,NA,NA,NA,NA,NA,NA,NA,8.4,12.2,9.4,-157.8956285,-2.755798591,31,18.95833333
10/04/1999,19.27173,NA,NA,NA,NA,NA,NA,NA,NA,NA,NA,NA,NA,NA,NA,NA,NA,NA,NA,NA,NA,NA,8.1,10.7,5.3,-98.21616504,-1.714195459,45,21.54166667
11/04/1999,19.27447,NA,NA,NA,NA,NA,NA,NA,NA,NA,NA,NA,NA,NA,NA,NA,NA,NA,NA,NA,NA,NA,26.7,8.7,3.5,-124.7101134,-2.17660209,33,11.75
12/04/1999,19.27721,NA,NA,NA,NA,NA,NA,NA,NA,NA,NA,NA,NA,NA,NA,NA,NA,NA,NA,NA,NA,NA,13.2,7.8,3.5,-25.18773748,-0.43960895,53,17.04166667
13/04/1999,19.27995,NA,NA,NA,NA,NA,NA,NA,NA,NA,NA,NA,NA,NA,NA,NA,NA,NA,NA,NA,NA,NA,4,4.1,-0.4,-22.96369233,-0.40079204,29,12.5
14/04/1999,19.28268,NA,NA,NA,NA,NA,NA,NA,NA,NA,NA,NA,NA,NA,NA,NA,NA,NA,NA,NA,NA,NA,29.5,6.7,-2.7,-11.18978964,-0.195298672,49,20
15/04/1999,19.28542,NA,NA,NA,NA,NA,NA,NA,NA,NA,NA,NA,NA,NA,NA,NA,NA,NA,NA,NA,NA,NA,4.2,7.3,1.2,-8.675918459,-0.151423343,32,13.5
16/04/1999,19.28816,NA,NA,NA,NA,NA,NA,NA,NA,NA,NA,NA,NA,NA,NA,NA,NA,NA,NA,NA,NA,NA,NA,7,-1,-4.540954871,-0.079254614,NA,6.375
17/04/1999,19.29090,NA,NA,NA,NA,NA,NA,NA,NA,NA,NA,NA,NA,NA,NA,NA,NA,NA,NA,NA,NA,NA,40,6.3,1.8,130.8518237,2.283795156,20,7.333333333
18/04/1999,19.29363,NA,NA,NA,NA,NA,NA,NA,NA,NA,NA,NA,NA,NA,NA,NA,NA,NA,NA,NA,NA,NA,6,7.4,1.6,28.11660771,0.490727379,15,6.041666667
19/04/1999,19.29637,NA,NA,NA,NA,NA,NA,NA,NA,NA,NA,NA,NA,NA,NA,NA,NA,NA,NA,NA,NA,NA,0,6.9,3.5,64.89134595,1.132567643,24,12.54166667
20/04/1999,19.29911,NA,NA,NA,NA,NA,NA,NA,NA,NA,NA,NA,NA,NA,NA,NA,NA,NA,NA,NA,NA,NA,1.2,7.4,2.5,90.88355637,1.586217295,39,19.29166667
21/04/1999,19.30185,NA,NA,NA,NA,NA,NA,NA,NA,NA,NA,NA,NA,NA,NA,NA,NA,NA,NA,NA,NA,NA,14.7,12.3,5.3,87.98862528,1.535691215,36,12.83333333
22/04/1999,19.30459,NA,NA,NA,NA,NA,NA,NA,NA,NA,NA,NA,NA,NA,NA,NA,NA,NA,NA,NA,NA,NA,3.5,11.6,7.9,107.2550046,1.871952969,24,10.25
23/04/1999,19.30732,NA,NA,NA,NA,NA,NA,NA,NA,NA,NA,NA,NA,NA,NA,NA,NA,NA,NA,NA,NA,NA,5.4,10.4,6.1,136.3125342,2.379102534,17,7.875
24/04/1999,19.31006,NA,NA,NA,NA,NA,NA,NA,NA,NA,NA,NA,NA,NA,NA,NA,NA,NA,NA,NA,NA,NA,7,11.7,7.7,146.1390974,2.550608415,18,7.708333333
25/04/1999,19.31280,NA,NA,NA,NA,NA,NA,NA,NA,NA,NA,NA,NA,NA,NA,NA,NA,NA,NA,NA,NA,NA,0.3,13.8,7.6,95.34906483,1.66415512,19,8.041666667
26/04/1999,19.31554,NA,NA,NA,NA,NA,NA,NA,NA,NA,NA,NA,NA,NA,NA,NA,NA,NA,NA,NA,NA,NA,0,14.1,5.6,71.71239489,1.251617405,11,4.166666667
27/04/1999,19.31828,NA,NA,NA,NA,NA,NA,NA,NA,NA,NA,NA,NA,NA,NA,NA,NA,NA,NA,NA,NA,NA,0,9.9,3.7,-11.41863871,-0.199292842,9,2.708333333
28/04/1999,19.32101,NA,NA,NA,NA,NA,NA,NA,NA,NA,NA,NA,NA,NA,NA,NA,NA,NA,NA,NA,NA,NA,0,11.5,8.7,-99.58793104,-1.738137292,12,5.333333333
29/04/1999,19.32375,NA,NA,NA,NA,NA,NA,NA,NA,NA,NA,NA,NA,NA,NA,NA,NA,NA,NA,NA,NA,NA,0,11.1,6.8,-119.3099835,-2.082352043,25,9.041666667
30/04/1999,19.32649,NA,NA,NA,NA,NA,NA,NA,NA,NA,NA,NA,NA,NA,NA,NA,NA,NA,NA,NA,NA,NA,0,11.3,4.2,-94.23729574,-1.644751089,14,4.833333333
01/05/1999,19.32923,NA,NA,NA,NA,NA,NA,NA,NA,NA,NA,NA,NA,NA,NA,NA,NA,NA,NA,NA,NA,NA,0,11.2,2.9,6.487390974,0.113226332,13,3.458333333
02/05/1999,19.33196,NA,NA,NA,NA,NA,NA,NA,NA,NA,NA,NA,NA,NA,NA,NA,NA,NA,NA,NA,NA,NA,2,10.7,5.5,141.7291382,2.473640107,14,4.5
03/05/1999,19.33470,NA,NA,NA,NA,NA,NA,NA,NA,NA,NA,NA,NA,NA,NA,NA,NA,NA,NA,NA,NA,NA,1.9,12.5,7.6,151.9552062,2.652118663,12,5
04/05/1999,19.33744,NA,NA,NA,NA,NA,NA,NA,NA,NA,NA,NA,NA,NA,NA,NA,NA,NA,NA,NA,NA,NA,1.3,13.7,6.5,60.48114776,1.055595164,NA,3.916666667
05/05/1999,19.34018,NA,NA,NA,NA,NA,NA,NA,NA,NA,NA,NA,NA,NA,NA,NA,NA,NA,NA,NA,NA,NA,0,13.9,8.5,105.5400219,1.842020874,24,11.20833333
06/05/1999,19.34292,NA,NA,NA,NA,NA,NA,NA,NA,NA,NA,NA,NA,NA,NA,NA,NA,NA,NA,NA,NA,NA,4.8,13.9,8.4,105.0383688,1.833265376,23,10.75
07/05/1999,19.34565,NA,NA,NA,NA,NA,NA,NA,NA,NA,NA,NA,NA,NA,NA,NA,NA,NA,NA,NA,NA,NA,0,14,8.6,98.33164135,1.7162109,26,12.08333333
08/05/1999,19.34839,NA,NA,NA,NA,NA,NA,NA,NA,NA,NA,NA,NA,NA,NA,NA,NA,NA,NA,NA,NA,NA,1.3,11.6,8.1,88.75099913,1.548997149,26,15.25
09/05/1999,19.35113,NA,NA,NA,NA,NA,NA,NA,NA,NA,NA,NA,NA,NA,NA,NA,NA,NA,NA,NA,NA,NA,7.6,15.2,8,99.46175632,1.735935128,25,10.75
10/05/1999,19.35387,NA,NA,NA,NA,NA,NA,NA,NA,NA,NA,NA,NA,NA,NA,NA,NA,NA,NA,NA,NA,NA,14.7,15.3,9.4,92.03302008,1.606279221,17,5.75
11/05/1999,19.35661,NA,NA,NA,NA,NA,NA,NA,NA,NA,NA,NA,NA,NA,NA,NA,NA,NA,NA,NA,NA,NA,2.1,16.2,7,56.37581565,0.983943602,14,6
12/05/1999,19.35934,NA,NA,NA,NA,NA,NA,NA,NA,NA,NA,NA,NA,NA,NA,NA,NA,NA,NA,NA,NA,NA,0.8,11.7,9.3,34.5918715,0.603742052,21,11.70833333
13/05/1999,19.36208,NA,NA,NA,NA,NA,NA,NA,NA,NA,NA,NA,NA,NA,NA,NA,NA,NA,NA,NA,NA,NA,0,11,8.5,31.41306933,0.548261488,19,12.58333333
14/05/1999,19.36482,NA,NA,NA,NA,NA,NA,NA,NA,NA,NA,NA,NA,NA,NA,NA,NA,NA,NA,NA,NA,NA,0,12,8.1,-26.25439618,-0.458225656,15,6.541666667
15/05/1999,19.36756,NA,NA,NA,NA,NA,NA,NA,NA,NA,NA,NA,NA,NA,NA,NA,NA,NA,NA,NA,NA,NA,0,12.7,8.4,-90.80408378,-1.584830236,NA,4.041666667
16/05/1999,19.37029,NA,NA,NA,NA,NA,NA,NA,NA,NA,NA,NA,NA,NA,NA,NA,NA,NA,NA,NA,NA,NA,0,10.9,8.3,-5.549958928,-0.096865057,12,5.833333333
17/05/1999,19.37303,NA,NA,NA,NA,NA,NA,NA,NA,NA,NA,NA,NA,NA,NA,NA,NA,NA,NA,NA,NA,NA,0,13.9,5.9,88.21122899,1.539576383,12,5.125
18/05/1999,19.37577,NA,NA,NA,NA,NA,NA,NA,NA,NA,NA,NA,NA,NA,NA,NA,NA,NA,NA,NA,NA,NA,0,14.1,5.9,111.3847203,1.944030105,14,5.5
19/05/1999,19.37851,NA,NA,NA,NA,NA,NA,NA,NA,NA,NA,NA,NA,NA,NA,NA,NA,NA,NA,NA,NA,NA,0,17.4,4.3,64.2945069,1.122150836,NA,4.458333333
20/05/1999,19.38125,NA,NA,NA,NA,NA,NA,NA,NA,NA,NA,NA,NA,NA,NA,NA,NA,NA,NA,NA,NA,NA,0,13.1,7.6,-161.9908289,-2.827273323,NA,13.91666667
21/05/1999,19.38398,NA,NA,NA,NA,NA,NA,NA,NA,NA,NA,NA,NA,NA,NA,NA,NA,NA,NA,NA,NA,NA,30.7,10.6,2.7,-131.3903707,-2.293194574,72,25.41666667
22/05/1999,19.38672,NA,NA,NA,NA,NA,NA,NA,NA,NA,NA,NA,NA,NA,NA,NA,NA,NA,NA,NA,NA,NA,17.4,11.7,4.8,-98.698733,-1.722617858,57,28.75
23/05/1999,19.38946,NA,NA,NA,NA,NA,NA,NA,NA,NA,NA,NA,NA,NA,NA,NA,NA,NA,NA,NA,NA,NA,7.2,11.4,6.5,-121.5368472,-2.121218146,44,20.375
24/05/1999,19.39220,NA,NA,NA,NA,NA,NA,NA,NA,NA,NA,NA,NA,NA,NA,NA,NA,NA,NA,NA,NA,NA,9.2,10.9,5.4,-126.3820473,-2.20578284,45,19.58333333
25/05/1999,19.39493,NA,NA,NA,NA,NA,NA,NA,NA,NA,NA,NA,NA,NA,NA,NA,NA,NA,NA,NA,NA,NA,13.4,11.9,6.5,-119.2145894,-2.080687102,39,15.75
26/05/1999,19.39767,NA,NA,NA,NA,NA,NA,NA,NA,NA,NA,NA,NA,NA,NA,NA,NA,NA,NA,NA,NA,NA,10.1,12.6,7.3,-122.9299798,-2.145532896,17,6.333333333
27/05/1999,19.40041,NA,NA,NA,NA,NA,NA,NA,NA,NA,NA,NA,NA,NA,NA,NA,NA,NA,NA,NA,NA,NA,20.4,13,9.1,128.0540673,2.234965095,14,6
28/05/1999,19.40315,NA,NA,NA,NA,NA,NA,NA,NA,NA,NA,NA,NA,NA,NA,NA,NA,NA,NA,NA,NA,NA,41.3,9.6,8.2,26.23865635,0.457950945,38,19.95833333
29/05/1999,19.40589,NA,NA,NA,NA,NA,NA,NA,NA,NA,NA,NA,NA,NA,NA,NA,NA,NA,NA,NA,NA,NA,13.2,9.6,6.7,28.79129862,0.502502957,32,16.41666667
30/05/1999,19.40862,NA,NA,NA,NA,NA,NA,NA,NA,NA,NA,NA,NA,NA,NA,NA,NA,NA,NA,NA,NA,NA,0,11.9,5.3,119.489028,2.085476958,17,6.625
31/05/1999,19.41136,NA,NA,NA,NA,NA,NA,NA,NA,NA,NA,NA,NA,NA,NA,NA,NA,NA,NA,NA,NA,NA,1.3,12.8,6.2,-158.3274305,-2.763334959,28,14.54166667
01/06/1999,19.41410,NA,NA,NA,NA,NA,NA,NA,NA,NA,NA,NA,NA,NA,NA,NA,NA,NA,NA,NA,NA,NA,3,12.6,9.9,-163.338039,-2.850786574,26,15.70833333
02/06/1999,19.41684,NA,NA,NA,NA,NA,NA,NA,NA,NA,NA,NA,NA,NA,NA,NA,NA,NA,NA,NA,NA,NA,1,13.3,9.6,83.56272011,1.458444598,25,10.70833333
03/06/1999,19.41958,NA,NA,NA,NA,NA,NA,NA,NA,NA,NA,NA,NA,NA,NA,NA,NA,NA,NA,NA,NA,NA,14,11.8,8.9,67.08186687,1.170799445,19,10.25
04/06/1999,19.42231,NA,NA,NA,NA,NA,NA,NA,NA,NA,NA,NA,NA,NA,NA,NA,NA,NA,NA,NA,NA,NA,17.5,11.8,8.4,61.81339311,1.078847232,14,6.25
05/06/1999,19.42505,NA,NA,NA,NA,NA,NA,NA,NA,NA,NA,NA,NA,NA,NA,NA,NA,NA,NA,NA,NA,NA,11.4,10.5,8.2,10.44724279,0.182338784,NA,16.70833333
06/06/1999,19.42779,NA,NA,NA,NA,NA,NA,NA,NA,NA,NA,NA,NA,NA,NA,NA,NA,NA,NA,NA,NA,NA,7.2,10.6,6.8,21.29011029,0.371582523,35,18.58333333
07/06/1999,19.43053,NA,NA,NA,NA,NA,NA,NA,NA,NA,NA,NA,NA,NA,NA,NA,NA,NA,NA,NA,NA,NA,7.8,11,5.8,-5.352798862,-0.093423964,19,10.33333333
08/06/1999,19.43326,NA,NA,NA,NA,NA,NA,NA,NA,NA,NA,NA,NA,NA,NA,NA,NA,NA,NA,NA,NA,NA,0,11.7,5.7,-16.5876979,-0.289509944,12,4.958333333
09/06/1999,19.43600,NA,NA,NA,NA,NA,NA,NA,NA,NA,NA,NA,NA,NA,NA,NA,NA,NA,NA,NA,NA,NA,1.1,12,4,-31.23406596,-0.54513729,NA,4.583333333
10/06/1999,19.43874,NA,NA,NA,NA,NA,NA,NA,NA,NA,NA,NA,NA,NA,NA,NA,NA,NA,NA,NA,NA,NA,0.2,12.6,9.2,19.74758558,0.344660388,19,8.083333333
11/06/1999,19.44148,NA,NA,NA,NA,NA,NA,NA,NA,NA,NA,NA,NA,NA,NA,NA,NA,NA,NA,NA,NA,NA,0,10.7,9,27.61094863,0.481901963,21,11.875
12/06/1999,19.44422,NA,NA,NA,NA,NA,NA,NA,NA,NA,NA,NA,NA,NA,NA,NA,NA,NA,NA,NA,NA,NA,0,12.2,9,35.22172204,0.614735018,19,7.375
13/06/1999,19.44695,NA,NA,NA,NA,NA,NA,NA,NA,NA,NA,NA,NA,NA,NA,NA,NA,NA,NA,NA,NA,NA,2,14.2,8.4,-155.4067656,-2.712359739,NA,8.458333333
14/06/1999,19.44969,NA,NA,NA,NA,NA,NA,NA,NA,NA,NA,NA,NA,NA,NA,NA,NA,NA,NA,NA,NA,NA,6.4,16,10.2,-146.9820459,-2.565320642,35,18.83333333
15/06/1999,19.45243,NA,NA,NA,NA,NA,NA,NA,NA,NA,NA,NA,NA,NA,NA,NA,NA,NA,NA,NA,NA,NA,0,13.9,9.8,-159.2622888,-2.779651313,28,13.75
16/06/1999,19.45517,NA,NA,NA,NA,NA,NA,NA,NA,NA,NA,NA,NA,NA,NA,NA,NA,NA,NA,NA,NA,NA,12,12.9,9.4,-141.8164252,-2.475163554,34,13.91666667
17/06/1999,19.45791,NA,NA,NA,NA,NA,NA,NA,NA,NA,NA,NA,NA,NA,NA,NA,NA,NA,NA,NA,NA,NA,0.6,14.8,5.6,-111.5082434,-1.94618599,22,10.33333333
18/06/1999,19.46064,NA,NA,NA,NA,NA,NA,NA,NA,NA,NA,NA,NA,NA,NA,NA,NA,NA,NA,NA,NA,NA,3.3,14,10,-143.7364036,-2.508673497,29,15.58333333
19/06/1999,19.46338,NA,NA,NA,NA,NA,NA,NA,NA,NA,NA,NA,NA,NA,NA,NA,NA,NA,NA,NA,NA,NA,39.4,12.2,8.6,-113.4724672,-1.980468164,30,9.666666667
20/06/1999,19.46612,NA,NA,NA,NA,NA,NA,NA,NA,NA,NA,NA,NA,NA,NA,NA,NA,NA,NA,NA,NA,NA,2.5,12.9,6.9,-70.02561161,-1.222177483,29,11.625
21/06/1999,19.46886,NA,NA,NA,NA,NA,NA,NA,NA,NA,NA,NA,NA,NA,NA,NA,NA,NA,NA,NA,NA,NA,5.2,12,8,-35.64224221,-0.622074479,22,9.25
22/06/1999,19.47159,NA,NA,NA,NA,NA,NA,NA,NA,NA,NA,NA,NA,NA,NA,NA,NA,NA,NA,NA,NA,NA,0,13.4,2.6,73.58883151,1.284367402,20,7.541666667
23/06/1999,19.47433,NA,NA,NA,NA,NA,NA,NA,NA,NA,NA,NA,NA,NA,NA,NA,NA,NA,NA,NA,NA,NA,0,15.8,5.3,152.239528,2.657081015,14,5.291666667
24/06/1999,19.47707,NA,NA,NA,NA,NA,NA,NA,NA,NA,NA,NA,NA,NA,NA,NA,NA,NA,NA,NA,NA,NA,0,16.6,8.9,-163.1598617,-2.847676794,23,11.04166667
25/06/1999,19.47981,NA,NA,NA,NA,NA,NA,NA,NA,NA,NA,NA,NA,NA,NA,NA,NA,NA,NA,NA,NA,NA,0,17.9,11.2,-174.8684175,-3.052029644,31,14.45833333
26/06/1999,19.48255,NA,NA,NA,NA,NA,NA,NA,NA,NA,NA,NA,NA,NA,NA,NA,NA,NA,NA,NA,NA,NA,2.4,17.1,12.2,-174.4283423,-3.044348882,29,11.54166667
27/06/1999,19.48528,NA,NA,NA,NA,NA,NA,NA,NA,NA,NA,NA,NA,NA,NA,NA,NA,NA,NA,NA,NA,NA,8.3,13.2,11.2,-41.50153144,-0.724338368,17,5.208333333
28/06/1999,19.48802,NA,NA,NA,NA,NA,NA,NA,NA,NA,NA,NA,NA,NA,NA,NA,NA,NA,NA,NA,NA,NA,12.7,15,9.6,-126.410617,-2.206281477,14,5.625
29/06/1999,19.49076,NA,NA,NA,NA,NA,NA,NA,NA,NA,NA,NA,NA,NA,NA,NA,NA,NA,NA,NA,NA,NA,17.9,12.3,5.9,-146.6273744,-2.559130457,NA,9.125
30/06/1999,19.49350,NA,NA,NA,NA,NA,NA,NA,NA,NA,NA,NA,NA,NA,NA,NA,NA,NA,NA,NA,NA,NA,34.2,11.8,10.4,-111.6725046,-1.949052889,27,13.41666667
01/07/1999,19.49624,NA,NA,NA,NA,NA,NA,NA,NA,NA,NA,NA,NA,NA,NA,NA,NA,NA,NA,NA,NA,NA,0.2,14.8,8.7,-48.57806674,-0.847847209,17,6.875
02/07/1999,19.49897,NA,NA,NA,NA,NA,NA,NA,NA,NA,NA,NA,NA,NA,NA,NA,NA,NA,NA,NA,NA,NA,0,13.9,9.6,28.81001857,0.502829682,NA,7.708333333
03/07/1999,19.50171,NA,NA,NA,NA,NA,NA,NA,NA,NA,NA,NA,NA,NA,NA,NA,NA,NA,NA,NA,NA,NA,0,18.2,12,73.27852452,1.278951524,22,9.416666667
04/07/1999,19.50445,NA,NA,NA,NA,NA,NA,NA,NA,NA,NA,NA,NA,NA,NA,NA,NA,NA,NA,NA,NA,NA,32.5,13.3,11.8,61.18168693,1.067821879,15,6.916666667
05/07/1999,19.50719,NA,NA,NA,NA,NA,NA,NA,NA,NA,NA,NA,NA,NA,NA,NA,NA,NA,NA,NA,NA,NA,7.4,13.6,11,34.16778854,0.596340408,18,10.79166667
06/07/1999,19.50992,NA,NA,NA,NA,NA,NA,NA,NA,NA,NA,NA,NA,NA,NA,NA,NA,NA,NA,NA,NA,NA,0,13.9,9.3,30.95996589,0.540353341,14,6.708333333
07/07/1999,19.51266,NA,NA,NA,NA,NA,NA,NA,NA,NA,NA,NA,NA,NA,NA,NA,NA,NA,NA,NA,NA,NA,15.2,15.3,11.8,174.4960424,3.045530471,23,8.333333333
08/07/1999,19.51540,NA,NA,NA,NA,NA,NA,NA,NA,NA,NA,NA,NA,NA,NA,NA,NA,NA,NA,NA,NA,NA,0,18.1,13.1,179.9502402,3.140724182,28,12.5
09/07/1999,19.51814,NA,NA,NA,NA,NA,NA,NA,NA,NA,NA,NA,NA,NA,NA,NA,NA,NA,NA,NA,NA,NA,0,23.7,12.7,-171.8560817,-2.999454465,25,8.208333333
10/07/1999,19.52088,NA,NA,NA,NA,NA,NA,NA,NA,NA,NA,NA,NA,NA,NA,NA,NA,NA,NA,NA,NA,NA,0.8,16.3,12.7,-40.68523633,-0.710091331,16,6.75
11/07/1999,19.52361,NA,NA,NA,NA,NA,NA,NA,NA,NA,NA,NA,NA,NA,NA,NA,NA,NA,NA,NA,NA,NA,0,17.2,7.2,-5.138964726,-0.089691855,10,4.083333333
12/07/1999,19.52635,NA,NA,NA,NA,NA,NA,NA,NA,NA,NA,NA,NA,NA,NA,NA,NA,NA,NA,NA,NA,NA,0,16.9,11.1,-155.4495021,-2.713105632,21,7.666666667
13/07/1999,19.52909,NA,NA,NA,NA,NA,NA,NA,NA,NA,NA,NA,NA,NA,NA,NA,NA,NA,NA,NA,NA,NA,7.3,16.2,11.9,-161.7511566,-2.823090251,30,15.54166667
14/07/1999,19.53183,NA,NA,NA,NA,NA,NA,NA,NA,NA,NA,NA,NA,NA,NA,NA,NA,NA,NA,NA,NA,NA,9.1,14.8,9.9,-101.2863915,-1.767781019,34,14.66666667
15/07/1999,19.53457,NA,NA,NA,NA,NA,NA,NA,NA,NA,NA,NA,NA,NA,NA,NA,NA,NA,NA,NA,NA,NA,9.8,15.6,7.3,-119.1006393,-2.078698298,31,11.25
16/07/1999,19.53730,NA,NA,NA,NA,NA,NA,NA,NA,NA,NA,NA,NA,NA,NA,NA,NA,NA,NA,NA,NA,NA,5.7,15.1,10.6,-150.5220304,-2.627105028,19,8
17/07/1999,19.54004,NA,NA,NA,NA,NA,NA,NA,NA,NA,NA,NA,NA,NA,NA,NA,NA,NA,NA,NA,NA,NA,24.9,16.6,11.1,-146.7933062,-2.562026513,32,15.875
18/07/1999,19.54278,NA,NA,NA,NA,NA,NA,NA,NA,NA,NA,NA,NA,NA,NA,NA,NA,NA,NA,NA,NA,NA,0.8,16.9,9.8,-135.8948584,-2.371812715,24,9.583333333
19/07/1999,19.54552,NA,NA,NA,NA,NA,NA,NA,NA,NA,NA,NA,NA,NA,NA,NA,NA,NA,NA,NA,NA,NA,6.9,14.8,10.8,132.3407283,2.309781444,24,8.541666667
20/07/1999,19.54825,NA,NA,NA,NA,NA,NA,NA,NA,NA,NA,NA,NA,NA,NA,NA,NA,NA,NA,NA,NA,NA,5.8,16.4,13.1,-177.5934887,-3.099591108,17,6.083333333
21/07/1999,19.55099,NA,NA,NA,NA,NA,NA,NA,NA,NA,NA,NA,NA,NA,NA,NA,NA,NA,NA,NA,NA,NA,1.3,13.9,9.8,-64.40248587,-1.124035425,31,11.875
22/07/1999,19.55373,NA,NA,NA,NA,NA,NA,NA,NA,NA,NA,NA,NA,NA,NA,NA,NA,NA,NA,NA,NA,NA,1,14.7,9.9,-64.55899762,-1.12676707,27,11.75
23/07/1999,19.55647,NA,NA,NA,NA,NA,NA,NA,NA,NA,NA,NA,NA,NA,NA,NA,NA,NA,NA,NA,NA,NA,6.1,16.4,10.9,-133.560703,-2.331074018,36,18.875
24/07/1999,19.55921,NA,NA,NA,NA,NA,NA,NA,NA,NA,NA,NA,NA,NA,NA,NA,NA,NA,NA,NA,NA,NA,1.6,14.3,10.8,-108.7765502,-1.898508949,27,13.08333333
25/07/1999,19.56194,NA,NA,NA,NA,NA,NA,NA,NA,NA,NA,NA,NA,NA,NA,NA,NA,NA,NA,NA,NA,NA,1.3,16.2,9.4,-60.31699444,-1.052730148,19,9.125
26/07/1999,19.56468,NA,NA,NA,NA,NA,NA,NA,NA,NA,NA,NA,NA,NA,NA,NA,NA,NA,NA,NA,NA,NA,0,18.8,7.6,-86.96368319,-1.517802601,21,7.666666667
27/07/1999,19.56742,NA,NA,NA,NA,NA,NA,NA,NA,NA,NA,NA,NA,NA,NA,NA,NA,NA,NA,NA,NA,NA,0,16.7,9.3,-53.03932455,-0.925710846,15,5.625
28/07/1999,19.57016,NA,NA,NA,NA,NA,NA,NA,NA,NA,NA,NA,NA,NA,NA,NA,NA,NA,NA,NA,NA,NA,0,18,10.7,89.58173909,1.563496297,13,5.541666667
29/07/1999,19.57290,NA,NA,NA,NA,NA,NA,NA,NA,NA,NA,NA,NA,NA,NA,NA,NA,NA,NA,NA,NA,NA,0,18.7,9.7,48.62779863,0.848715194,NA,4.875
30/07/1999,19.57563,NA,NA,NA,NA,NA,NA,NA,NA,NA,NA,NA,NA,NA,NA,NA,NA,NA,NA,NA,NA,NA,0,17.7,10.4,52.36205444,0.913890253,7,2.5
31/07/1999,19.57837,NA,NA,NA,NA,NA,NA,NA,NA,NA,NA,NA,NA,NA,NA,NA,NA,NA,NA,NA,NA,NA,1.2,20.1,12.6,-141.7431826,-2.473885229,NA,3.333333333
01/08/1999,19.58111,NA,NA,NA,NA,NA,NA,NA,NA,NA,NA,NA,NA,NA,NA,NA,NA,NA,NA,NA,NA,NA,0,21.1,12.9,26.86948739,0.468961023,14,4.833333333
02/08/1999,19.58385,NA,NA,NA,NA,NA,NA,NA,NA,NA,NA,NA,NA,NA,NA,NA,NA,NA,NA,NA,NA,NA,0,21.4,14.4,48.77007978,0.851198469,9,3.291666667
03/08/1999,19.58658,NA,NA,NA,NA,NA,NA,NA,NA,NA,NA,NA,NA,NA,NA,NA,NA,NA,NA,NA,NA,NA,0,26.3,16.6,70.57006631,1.23168001,19,5.166666667
04/08/1999,19.58932,NA,NA,NA,NA,NA,NA,NA,NA,NA,NA,NA,NA,NA,NA,NA,NA,NA,NA,NA,NA,NA,0,24,15.3,60.85782999,1.062169509,20,6.833333333
05/08/1999,19.59206,NA,NA,NA,NA,NA,NA,NA,NA,NA,NA,NA,NA,NA,NA,NA,NA,NA,NA,NA,NA,NA,0,18.8,13.3,44.9746161,0.784955131,28,12.04166667
06/08/1999,19.59480,NA,NA,NA,NA,NA,NA,NA,NA,NA,NA,NA,NA,NA,NA,NA,NA,NA,NA,NA,NA,NA,0,17.2,12.9,54.37139675,0.948959892,24,8.833333333
07/08/1999,19.59754,NA,NA,NA,NA,NA,NA,NA,NA,NA,NA,NA,NA,NA,NA,NA,NA,NA,NA,NA,NA,NA,0,17.4,12.3,76.28825293,1.331481194,28,11.33333333
08/08/1999,19.60027,NA,NA,NA,NA,NA,NA,NA,NA,NA,NA,NA,NA,NA,NA,NA,NA,NA,NA,NA,NA,NA,0,13.5,11.6,65,1.134464014,28,15.75
09/08/1999,19.60301,NA,NA,NA,NA,NA,NA,NA,NA,NA,NA,NA,NA,NA,NA,NA,NA,NA,NA,NA,NA,NA,0,13.3,10.6,52.98402693,0.924745721,25,11.95833333
10/08/1999,19.60575,NA,NA,NA,NA,NA,NA,NA,NA,NA,NA,NA,NA,NA,NA,NA,NA,NA,NA,NA,NA,NA,0,13,8.1,23.83805762,0.416052593,14,5.541666667
11/08/1999,19.60849,NA,NA,NA,NA,NA,NA,NA,NA,NA,NA,NA,NA,NA,NA,NA,NA,NA,NA,NA,NA,NA,0,14.1,6.7,48.96078023,0.854526819,20,8.416666667
12/08/1999,19.61123,NA,NA,NA,NA,NA,NA,NA,NA,NA,NA,NA,NA,NA,NA,NA,NA,NA,NA,NA,NA,NA,29.2,14.1,8.9,138.5256658,2.417728967,18,6.708333333
13/08/1999,19.61396,NA,NA,NA,NA,NA,NA,NA,NA,NA,NA,NA,NA,NA,NA,NA,NA,NA,NA,NA,NA,NA,8.7,18.3,11.5,-130.7055257,-2.281241773,27,8.708333333
14/08/1999,19.61670,NA,NA,NA,NA,NA,NA,NA,NA,NA,NA,NA,NA,NA,NA,NA,NA,NA,NA,NA,NA,NA,14,15.7,10.6,-156.4295064,-2.730209934,13,4.041666667
15/08/1999,19.61944,NA,NA,NA,NA,NA,NA,NA,NA,NA,NA,NA,NA,NA,NA,NA,NA,NA,NA,NA,NA,NA,6.1,14.6,10.4,-73.66275787,-1.285657661,22,8.25
16/08/1999,19.62218,NA,NA,NA,NA,NA,NA,NA,NA,NA,NA,NA,NA,NA,NA,NA,NA,NA,NA,NA,NA,NA,4.6,14.7,8.4,-171.3039701,-2.989818301,28,13.54166667
17/08/1999,19.62491,NA,NA,NA,NA,NA,NA,NA,NA,NA,NA,NA,NA,NA,NA,NA,NA,NA,NA,NA,NA,NA,12.5,16.2,11,138.9485384,2.425109486,19,8.916666667
18/08/1999,19.62765,NA,NA,NA,NA,NA,NA,NA,NA,NA,NA,NA,NA,NA,NA,NA,NA,NA,NA,NA,NA,NA,0,14.4,11.7,47.77437799,0.833820194,31,13.04166667
19/08/1999,19.63039,NA,NA,NA,NA,NA,NA,NA,NA,NA,NA,NA,NA,NA,NA,NA,NA,NA,NA,NA,NA,NA,2.4,13.6,11,17.88490679,0.31215051,30,15.54166667
20/08/1999,19.63313,NA,NA,NA,NA,NA,NA,NA,NA,NA,NA,NA,NA,NA,NA,NA,NA,NA,NA,NA,NA,NA,0,13.2,6.6,-9.286480777,-0.162079665,21,6
21/08/1999,19.63587,NA,NA,NA,NA,NA,NA,NA,NA,NA,NA,NA,NA,NA,NA,NA,NA,NA,NA,NA,NA,NA,0,15.4,6.5,-74.45784162,-1.29953449,16,5.166666667
22/08/1999,19.63860,NA,NA,NA,NA,NA,NA,NA,NA,NA,NA,NA,NA,NA,NA,NA,NA,NA,NA,NA,NA,NA,0,15,7.4,7.187030669,0.125437349,NA,4.541666667
23/08/1999,19.64134,NA,NA,NA,NA,NA,NA,NA,NA,NA,NA,NA,NA,NA,NA,NA,NA,NA,NA,NA,NA,NA,0,14.2,4.7,9.891572723,0.172640512,16,6.291666667
24/08/1999,19.64408,NA,NA,NA,NA,NA,NA,NA,NA,NA,NA,NA,NA,NA,NA,NA,NA,NA,NA,NA,NA,NA,0,15.4,6.3,4.149712285,0.072426142,14,5.708333333
25/08/1999,19.64682,NA,NA,NA,NA,NA,NA,NA,NA,NA,NA,NA,NA,NA,NA,NA,NA,NA,NA,NA,NA,NA,0,17,8.9,119.493383,2.085552968,NA,6.291666667
26/08/1999,19.64956,NA,NA,NA,NA,NA,NA,NA,NA,NA,NA,NA,NA,NA,NA,NA,NA,NA,NA,NA,NA,NA,1.6,14.9,11.4,-130.3645958,-2.275291424,19,5.75
27/08/1999,19.65229,NA,NA,NA,NA,NA,NA,NA,NA,NA,NA,NA,NA,NA,NA,NA,NA,NA,NA,NA,NA,NA,2,19.1,12.2,-135.747532,-2.369241384,24,10.625
28/08/1999,19.65503,NA,NA,NA,NA,NA,NA,NA,NA,NA,NA,NA,NA,NA,NA,NA,NA,NA,NA,NA,NA,NA,0,16.3,11.9,-170.8279384,-2.981509979,28,12.91666667
29/08/1999,19.65777,NA,NA,NA,NA,NA,NA,NA,NA,NA,NA,NA,NA,NA,NA,NA,NA,NA,NA,NA,NA,NA,17.9,15.3,10.5,-155.9177446,-2.721278006,31,12.75
30/08/1999,19.66051,NA,NA,NA,NA,NA,NA,NA,NA,NA,NA,NA,NA,NA,NA,NA,NA,NA,NA,NA,NA,NA,2.4,16.4,10.5,-127.3188279,-2.222132746,22,7.916666667
31/08/1999,19.66324,NA,NA,NA,NA,NA,NA,NA,NA,NA,NA,NA,NA,NA,NA,NA,NA,NA,NA,NA,NA,NA,1.1,15.5,12.8,-164.9892148,-2.879605029,29,10.625
01/09/1999,19.66598,NA,NA,NA,NA,NA,NA,NA,NA,NA,NA,NA,NA,NA,NA,NA,NA,NA,NA,NA,NA,NA,12.4,16.6,13.6,-166.252983,-2.901661945,41,18.54166667
02/09/1999,19.66872,NA,NA,NA,NA,NA,NA,NA,NA,NA,NA,NA,NA,NA,NA,NA,NA,NA,NA,NA,NA,NA,11.5,16.2,14.1,-163.3295631,-2.850638641,41,22.125
03/09/1999,19.67146,NA,NA,NA,NA,NA,NA,NA,NA,NA,NA,NA,NA,NA,NA,NA,NA,NA,NA,NA,NA,NA,17.7,17,10.4,-136.2778615,-2.378497381,39,13.25
04/09/1999,19.67420,NA,NA,NA,NA,NA,NA,NA,NA,NA,NA,NA,NA,NA,NA,NA,NA,NA,NA,NA,NA,NA,0,16.4,10.8,-172.9042609,-3.017748643,31,11.375
05/09/1999,19.67693,NA,NA,NA,NA,NA,NA,NA,NA,NA,NA,NA,NA,NA,NA,NA,NA,NA,NA,NA,NA,NA,12.7,17,13.9,-171.0586743,-2.985537081,NA,11.83333333
06/09/1999,19.67967,NA,NA,NA,NA,NA,NA,NA,NA,NA,NA,NA,NA,NA,NA,NA,NA,NA,NA,NA,NA,NA,5.6,15.1,8.9,-15.68016045,-0.273670427,16,4.875
07/09/1999,19.68241,NA,NA,NA,NA,NA,NA,NA,NA,NA,NA,NA,NA,NA,NA,NA,NA,NA,NA,NA,NA,NA,9.2,15.3,4.8,-130.9545422,-2.285587932,NA,7.708333333
08/09/1999,19.68515,NA,NA,NA,NA,NA,NA,NA,NA,NA,NA,NA,NA,NA,NA,NA,NA,NA,NA,NA,NA,NA,25.2,15.1,9.9,179.7978776,3.138064952,43,18
09/09/1999,19.68789,NA,NA,NA,NA,NA,NA,NA,NA,NA,NA,NA,NA,NA,NA,NA,NA,NA,NA,NA,NA,NA,4.6,15.3,10.6,-142.4535599,-2.486283651,47,21.16666667
10/09/1999,19.69062,NA,NA,NA,NA,NA,NA,NA,NA,NA,NA,NA,NA,NA,NA,NA,NA,NA,NA,NA,NA,NA,0.8,16.3,11.9,178.338039,3.112585962,39,20.20833333
11/09/1999,19.69336,NA,NA,NA,NA,NA,NA,NA,NA,NA,NA,NA,NA,NA,NA,NA,NA,NA,NA,NA,NA,NA,46.1,14.8,9.6,-167.1313754,-2.916992784,NA,4.625
12/09/1999,19.69610,NA,NA,NA,NA,NA,NA,NA,NA,NA,NA,NA,NA,NA,NA,NA,NA,NA,NA,NA,NA,NA,0,14.3,5.8,161.5212341,2.819077348,NA,4.833333333
13/09/1999,19.69884,NA,NA,NA,NA,NA,NA,NA,NA,NA,NA,NA,NA,NA,NA,NA,NA,NA,NA,NA,NA,NA,1.7,15,9.9,151.9505794,2.652037911,16,5.75
14/09/1999,19.70157,NA,NA,NA,NA,NA,NA,NA,NA,NA,NA,NA,NA,NA,NA,NA,NA,NA,NA,NA,NA,NA,0,15.3,8.4,-157.4244812,-2.74757552,21,9.583333333
15/09/1999,19.70431,NA,NA,NA,NA,NA,NA,NA,NA,NA,NA,NA,NA,NA,NA,NA,NA,NA,NA,NA,NA,NA,0,15.7,11.5,160.8706691,2.807722845,29,13.91666667
16/09/1999,19.70705,NA,NA,NA,NA,NA,NA,NA,NA,NA,NA,NA,NA,NA,NA,NA,NA,NA,NA,NA,NA,NA,43,14.2,9.7,154.0568473,2.68879922,15,5.333333333
17/09/1999,19.70979,NA,NA,NA,NA,NA,NA,NA,NA,NA,NA,NA,NA,NA,NA,NA,NA,NA,NA,NA,NA,NA,1.1,15.8,7.7,154.8299824,2.702292974,NA,6
18/09/1999,19.71253,NA,NA,NA,NA,NA,NA,NA,NA,NA,NA,NA,NA,NA,NA,NA,NA,NA,NA,NA,NA,NA,0,15.6,10.2,123.5229921,2.155882914,29,12.25
19/09/1999,19.71526,NA,NA,NA,NA,NA,NA,NA,NA,NA,NA,NA,NA,NA,NA,NA,NA,NA,NA,NA,NA,NA,1.4,17.5,13.3,99.59108305,1.738192305,30,14.58333333
20/09/1999,19.71800,NA,NA,NA,NA,NA,NA,NA,NA,NA,NA,NA,NA,NA,NA,NA,NA,NA,NA,NA,NA,NA,6.6,15.4,13.3,67.45351165,1.17728587,28,13.125
21/09/1999,19.72074,NA,NA,NA,NA,NA,NA,NA,NA,NA,NA,NA,NA,NA,NA,NA,NA,NA,NA,NA,NA,NA,5.3,17.8,12.1,92.70722678,1.618046348,NA,12.66666667
22/09/1999,19.72348,NA,NA,NA,NA,NA,NA,NA,NA,NA,NA,NA,NA,NA,NA,NA,NA,NA,NA,NA,NA,NA,0,17.8,8.4,11.40557274,0.199064797,14,3.916666667
23/09/1999,19.72621,NA,NA,NA,NA,NA,NA,NA,NA,NA,NA,NA,NA,NA,NA,NA,NA,NA,NA,NA,NA,NA,0.6,16.7,11,65.5599779,1.144237472,14,4.125
24/09/1999,19.72895,NA,NA,NA,NA,NA,NA,NA,NA,NA,NA,NA,NA,NA,NA,NA,NA,NA,NA,NA,NA,NA,3.5,16.4,10.5,10.00433424,0.174608572,NA,2.25
25/09/1999,19.73169,NA,NA,NA,NA,NA,NA,NA,NA,NA,NA,NA,NA,NA,NA,NA,NA,NA,NA,NA,NA,NA,4.8,13.7,10.9,-71.30060963,-1.244430397,10,3.875
26/09/1999,19.73443,NA,NA,NA,NA,NA,NA,NA,NA,NA,NA,NA,NA,NA,NA,NA,NA,NA,NA,NA,NA,NA,0,15.5,9.4,67.66062327,1.18090065,NA,3.083333333
27/09/1999,19.73717,NA,NA,NA,NA,NA,NA,NA,NA,NA,NA,NA,NA,NA,NA,NA,NA,NA,NA,NA,NA,NA,0,15.2,11.3,54.64923562,0.953809095,NA,4.75
28/09/1999,19.73990,NA,NA,NA,NA,NA,NA,NA,NA,NA,NA,NA,NA,NA,NA,NA,NA,NA,NA,NA,NA,NA,6.8,13.5,8.4,-129.3790485,-2.258090379,13,4.458333333
29/09/1999,19.74264,NA,NA,NA,NA,NA,NA,NA,NA,NA,NA,NA,NA,NA,NA,NA,NA,NA,NA,NA,NA,NA,0,12.8,9.6,58.77051396,1.025738972,26,13.04166667
30/09/1999,19.74538,NA,NA,NA,NA,NA,NA,NA,NA,NA,NA,NA,NA,NA,NA,NA,NA,NA,NA,NA,NA,NA,8.6,12.6,5.7,-113.8758339,-1.98750824,24,6.791666667
01/10/1999,19.74812,NA,NA,NA,NA,NA,NA,NA,NA,NA,NA,NA,NA,NA,NA,NA,NA,NA,NA,NA,NA,NA,25.7,9.8,4.8,-123.8519147,-2.161623696,35,7.583333333
02/10/1999,19.75086,NA,NA,NA,NA,NA,NA,NA,NA,NA,NA,NA,NA,NA,NA,NA,NA,NA,NA,NA,NA,NA,10.3,12,4.7,-52.72845375,-0.920285127,NA,8.041666667
03/10/1999,19.75359,NA,NA,NA,NA,NA,NA,NA,NA,NA,NA,NA,NA,NA,NA,NA,NA,NA,NA,NA,NA,NA,17.7,10.1,6.3,-17.07658004,-0.298042547,40,19.75
04/10/1999,19.75633,NA,NA,NA,NA,NA,NA,NA,NA,NA,NA,NA,NA,NA,NA,NA,NA,NA,NA,NA,NA,NA,8.8,9.2,5.3,-26.37248651,-0.460286722,27,10.16666667
05/10/1999,19.75907,NA,NA,NA,NA,NA,NA,NA,NA,NA,NA,NA,NA,NA,NA,NA,NA,NA,NA,NA,NA,NA,0,11.2,3.9,-114.1906908,-1.99300353,14,4.208333333
06/10/1999,19.76181,NA,NA,NA,NA,NA,NA,NA,NA,NA,NA,NA,NA,NA,NA,NA,NA,NA,NA,NA,NA,NA,18.1,12.1,7.8,-155.0971036,-2.706955118,35,13.58333333
07/10/1999,19.76454,NA,NA,NA,NA,NA,NA,NA,NA,NA,NA,NA,NA,NA,NA,NA,NA,NA,NA,NA,NA,NA,7.8,11.6,6.1,-113.6943631,-1.984340977,26,8.625
08/10/1999,19.76728,NA,NA,NA,NA,NA,NA,NA,NA,NA,NA,NA,NA,NA,NA,NA,NA,NA,NA,NA,NA,NA,12.3,10.5,5.7,-113.7421182,-1.98517446,13,5.125
09/10/1999,19.77002,NA,NA,NA,NA,NA,NA,NA,NA,NA,NA,NA,NA,NA,NA,NA,NA,NA,NA,NA,NA,NA,3,14.5,7.4,-136.305173,-2.378974056,NA,8.458333333
10/10/1999,19.77276,NA,NA,NA,NA,NA,NA,NA,NA,NA,NA,NA,NA,NA,NA,NA,NA,NA,NA,NA,NA,NA,10.2,14,6.7,-116.3065657,-2.029932513,35,14.375
11/10/1999,19.77550,NA,NA,NA,NA,NA,NA,NA,NA,NA,NA,NA,NA,NA,NA,NA,NA,NA,NA,NA,NA,NA,16.9,11.3,6.6,-93.33810403,-1.629057233,42,16.95833333
12/10/1999,19.77823,NA,NA,NA,NA,NA,NA,NA,NA,NA,NA,NA,NA,NA,NA,NA,NA,NA,NA,NA,NA,NA,0.3,13.2,7.3,-134.9817084,-2.355875241,28,8.80952381
13/10/1999,19.78097,NA,NA,NA,NA,NA,NA,NA,NA,NA,NA,NA,NA,NA,NA,NA,NA,NA,NA,NA,NA,NA,1.9,13.2,9.9,-115.7417756,-2.020075066,30,11.95833333
14/10/1999,19.78371,NA,NA,NA,NA,NA,NA,NA,NA,NA,NA,NA,NA,NA,NA,NA,NA,NA,NA,NA,NA,NA,0.4,13.4,10,175.7028475,3.066593195,14,5.833333333
15/10/1999,19.78645,NA,NA,NA,NA,NA,NA,NA,NA,NA,NA,NA,NA,NA,NA,NA,NA,NA,NA,NA,NA,NA,0,13.8,7,121.0269152,2.112318154,NA,4.958333333
16/10/1999,19.78919,NA,NA,NA,NA,NA,NA,NA,NA,NA,NA,NA,NA,NA,NA,NA,NA,NA,NA,NA,NA,NA,0,12.6,4.7,115.3643852,2.013488362,NA,3.458333333
17/10/1999,19.79192,NA,NA,NA,NA,NA,NA,NA,NA,NA,NA,NA,NA,NA,NA,NA,NA,NA,NA,NA,NA,NA,0,13.8,9.1,135.8184661,2.370479418,15,6.333333333
18/10/1999,19.79466,NA,NA,NA,NA,NA,NA,NA,NA,NA,NA,NA,NA,NA,NA,NA,NA,NA,NA,NA,NA,NA,0,12.6,5.4,130.1894104,2.272233862,NA,6.291666667
19/10/1999,19.79740,NA,NA,NA,NA,NA,NA,NA,NA,NA,NA,NA,NA,NA,NA,NA,NA,NA,NA,NA,NA,NA,0,11.8,8.4,120.4201156,2.101727503,25,12.125
20/10/1999,19.80014,NA,NA,NA,NA,NA,NA,NA,NA,NA,NA,NA,NA,NA,NA,NA,NA,NA,NA,NA,NA,NA,0,11.5,8.1,108.3359281,1.890818643,33,15.41666667
21/10/1999,19.80287,NA,NA,NA,NA,NA,NA,NA,NA,NA,NA,NA,NA,NA,NA,5.17,10.9,NA,NA,NA,NA,NA,0,10.9,8.3,115,2.00712864,42,19.75
22/10/1999,19.80561,NA,NA,NA,NA,NA,NA,NA,NA,NA,NA,NA,NA,NA,NA,4.76,10.96,NA,NA,NA,NA,NA,5,12.9,8.6,118.4893201,2.068028765,39,14.29166667
23/10/1999,19.80835,NA,NA,NA,NA,NA,NA,NA,NA,NA,NA,NA,NA,NA,NA,2.12,12.2,NA,NA,NA,NA,NA,0.8,13,10.4,75.06810396,1.310185577,15,5.875
24/10/1999,19.81109,NA,NA,NA,NA,NA,NA,NA,NA,NA,NA,NA,NA,NA,NA,2.49,11.42,NA,NA,NA,NA,NA,0,13.7,6.4,-16.43737288,-0.286886277,NA,2.833333333
25/10/1999,19.81383,NA,NA,NA,NA,NA,NA,NA,NA,NA,NA,NA,NA,NA,NA,3.99,10.84,NA,NA,NA,NA,NA,0.4,12.5,8.2,-17.08771355,-0.298236863,25,11.25
26/10/1999,19.81656,NA,NA,NA,NA,NA,NA,NA,NA,NA,NA,NA,NA,NA,NA,3.49,9.86,NA,NA,NA,NA,NA,3.9,11.2,7.9,-64.96154785,-1.133792897,32,9.166666667
27/10/1999,19.81930,NA,NA,NA,NA,NA,NA,NA,NA,NA,NA,NA,NA,NA,NA,6.2,11.18,NA,NA,NA,NA,NA,49.4,12,8.9,-145.4221834,-2.538095905,45,20.66666667
28/10/1999,19.82204,NA,NA,NA,NA,NA,NA,NA,NA,NA,NA,NA,NA,NA,NA,5.32,10.06,NA,NA,NA,NA,NA,6.6,10.7,6.5,-125.7436112,-2.194640028,40,14.41666667
29/10/1999,19.82478,NA,NA,NA,NA,NA,NA,NA,NA,NA,NA,NA,NA,NA,NA,7.31,11.56,NA,NA,NA,NA,NA,1.2,12.4,8.7,-160.4328885,-2.800082134,48,24.41666667
30/10/1999,19.82752,NA,NA,NA,NA,NA,NA,NA,NA,NA,NA,NA,NA,NA,NA,9.66,12.46,NA,NA,3.8,NA,NA,26.3,15.1,10.4,174.1604519,3.039673313,60,26.625
31/10/1999,19.83025,NA,NA,NA,NA,NA,NA,NA,NA,NA,NA,NA,NA,NA,NA,10.11,10.86,NA,NA,16.6,NA,NA,29.5,11.9,7.7,-141.6983399,-2.473102577,63,33.125
01/11/1999,19.83299,NA,NA,NA,NA,NA,NA,NA,NA,NA,NA,NA,NA,NA,NA,6.06,9.98,NA,NA,0.8,NA,16.1,15.5,11.2,6.8,-136.6187255,-2.384446579,41,17.75
02/11/1999,19.83573,NA,NA,NA,NA,NA,NA,NA,NA,NA,NA,NA,NA,NA,NA,5.28,9.32,12.16,7.4,1,NA,16.33,8.9,9.4,5.7,-121.5788148,-2.121950619,41,14.41666667
03/11/1999,19.83847,NA,NA,NA,NA,NA,NA,NA,NA,NA,NA,NA,NA,NA,NA,7.39,11.82,12.69,9.05,5.6,NA,19.26,7.1,13,8,-147.9790905,-2.582722353,60,27.375
04/11/1999,19.84120,NA,NA,NA,NA,NA,NA,NA,NA,NA,NA,NA,NA,NA,NA,5,9.48,10.31,7.69,6.8,NA,16.27,61.6,11.6,5.8,-154.6291123,-2.69878713,42,18.16666667
05/11/1999,19.84394,NA,NA,NA,NA,NA,NA,NA,NA,NA,NA,NA,NA,NA,NA,4.5,7.67,8.53,6.21,3.6,NA,21.07,8.3,8.6,4.7,-26.96888398,-0.470695821,NA,11
06/11/1999,19.84668,NA,NA,NA,NA,NA,NA,NA,NA,NA,NA,NA,NA,NA,NA,4.08,8.85,10.97,6.575,0,NA,15.49,1,8.8,4.2,-59.56628324,-1.039627766,NA,8.458333333
07/11/1999,19.84942,NA,NA,NA,NA,NA,NA,NA,NA,NA,NA,NA,NA,NA,NA,3.7,10.96,11.5,10.11,3,NA,12.29,1.9,11.5,8.3,-149.9816299,-2.617673259,30,13.23529412
08/11/1999,19.85216,NA,NA,NA,NA,NA,NA,NA,NA,NA,NA,NA,NA,NA,NA,2.91,10.46,11.43,8.85,0.8,NA,10.76,1.6,11.1,6.8,-114.2424548,-1.993906981,23,7.833333333
09/11/1999,19.85489,NA,NA,NA,NA,NA,NA,NA,NA,NA,NA,NA,NA,NA,NA,1.28,10.57,11.67,9.12,0,NA,5.89,0,11.6,5.5,-111.4549567,-1.945255962,NA,5
10/11/1999,19.85763,NA,NA,NA,NA,NA,NA,NA,NA,NA,NA,NA,NA,NA,NA,1.35,10.02,10.67,8.55,0,NA,5.047,0,10.4,7.9,-99.76109886,-1.741159641,NA,2.75
11/11/1999,19.86037,NA,NA,NA,NA,NA,NA,NA,NA,NA,NA,NA,NA,NA,NA,1.5,10.67,11.27,9.94,0,NA,6.145,0,10.1,7.9,-126.4528854,-2.207019198,12,4.833333333
12/11/1999,19.86311,NA,NA,NA,NA,NA,NA,NA,NA,NA,NA,NA,NA,NA,NA,1.12,9.46,10.31,8.69,3.6,NA,5.4,0.2,10.2,8.3,-102.8512514,-1.795092976,NA,3.083333333
13/11/1999,19.86585,NA,NA,NA,NA,NA,NA,NA,NA,NA,NA,NA,NA,NA,NA,1.78,9.87,11.17,8.79,0,NA,5.41,1,10.9,5.5,-88.60440332,-1.54643857,19,4.541666667
14/11/1999,19.86858,NA,NA,NA,NA,NA,NA,NA,NA,NA,NA,NA,NA,NA,NA,2.16,8.99,10.24,8.12,0.6,NA,12.58,0,9.3,5.3,-100.1850531,-1.748559038,16,5.208333333
15/11/1999,19.87132,NA,NA,NA,NA,NA,NA,NA,NA,NA,NA,NA,NA,NA,NA,4.16,7.44,10.11,5.646,4.8,NA,14.56,12.5,9.2,2.9,-110.8942485,-1.935469758,33,9.916666667
16/11/1999,19.87406,NA,NA,NA,NA,NA,NA,NA,NA,NA,NA,NA,NA,NA,NA,6.08,5.9,7.5,4.357,4.4,NA,18.56,10.7,6.1,2.4,-66.25853746,-1.156429636,38,12.29166667
17/11/1999,19.87680,NA,NA,NA,NA,NA,NA,NA,NA,NA,NA,NA,NA,NA,NA,2.86,5.68,6.475,5.09,3,NA,14.36,4.3,4.6,0.9,-39.96168099,-0.697462908,29,8.458333333
18/11/1999,19.87953,NA,NA,NA,NA,NA,NA,NA,NA,NA,NA,NA,NA,NA,NA,3.72,6.1,6.641,5.547,0,NA,14.58,0,5.6,2.4,-4.438821483,-0.07747205,31,13.70833333
19/11/1999,19.88227,NA,NA,NA,NA,NA,NA,NA,NA,NA,NA,NA,NA,NA,NA,1.54,7.41,9.05,6.309,0,NA,8.97,0.2,7.7,2.1,-39.36570609,-0.687061184,NA,6.166666667
20/11/1999,19.88501,NA,NA,NA,NA,NA,NA,NA,NA,NA,NA,NA,NA,NA,NA,3.6,9.47,9.98,8.78,0.4,NA,11.08,0.2,9.4,5,-141.3264089,-2.466611156,19,7.625
21/11/1999,19.88775,NA,NA,NA,NA,NA,NA,NA,NA,NA,NA,NA,NA,NA,NA,3.81,8.39,10.41,6.376,3.8,NA,13.64,0.8,10.2,2.3,-114.5609718,-1.999466152,28,10.08333333
22/11/1999,19.89049,NA,NA,NA,NA,NA,NA,NA,NA,NA,NA,NA,NA,NA,NA,4.62,9.65,11.43,7.67,1.2,NA,19.73,5.7,10.2,1.8,-135.9077839,-2.372038308,31,13.29166667
23/11/1999,19.89322,NA,NA,NA,NA,NA,NA,NA,NA,NA,NA,NA,NA,NA,NA,6.32,10.14,11.43,7.43,8,NA,20.93,18.2,11.1,7.7,-140.2646937,-2.448080729,50,20.08333333
24/11/1999,19.89596,NA,NA,NA,NA,NA,NA,NA,NA,NA,NA,NA,NA,NA,NA,3.91,7.55,8.57,5.513,2.4,NA,16.03,6.8,9,3.8,-133.6286121,-2.332259255,30,8.458333333
25/11/1999,19.89870,NA,NA,NA,NA,NA,NA,NA,NA,NA,NA,NA,NA,NA,NA,5.03,8.64,11.87,5.148,7.8,NA,14.48,26.3,11.5,3.4,-142.5993959,-2.48882897,48,13.29166667
26/11/1999,19.90144,NA,NA,NA,NA,NA,NA,NA,NA,NA,NA,NA,NA,NA,NA,9.04,8.46,11.8,4.717,5.4,NA,25.28,14.7,12,5.4,-133.6052389,-2.331851317,72,31.91666667
27/11/1999,19.90418,NA,NA,NA,NA,NA,NA,NA,NA,NA,NA,NA,NA,NA,NA,5.1,7.94,10.61,5.016,20.4,NA,17.38,47.3,9.6,1.4,-141.5613114,-2.470710977,NA,18.33333333
28/11/1999,19.90691,NA,NA,NA,NA,NA,NA,NA,NA,NA,NA,NA,NA,NA,NA,5.64,6.71,9.88,4.092,2.6,NA,19.25,25.1,9.3,4,-12.16212883,-0.212269192,48,20.875
29/11/1999,19.90965,NA,NA,NA,NA,NA,NA,NA,NA,NA,NA,NA,NA,NA,NA,4.57,6.52,10.97,2.476,5,NA,18.63,1.9,8.1,-1.1,-136.3045594,-2.378963347,NA,14.41666667
30/11/1999,19.91239,NA,NA,NA,NA,NA,NA,NA,NA,NA,NA,NA,NA,NA,NA,8.63,9.86,11.9,7.66,13.6,NA,24.98,23.5,11.4,5.9,-95.38854905,-1.66484425,63,27.75
01/12/1999,19.91513,5.8,6.29,6.618,3.304,0.2,NA,13.38,NA,NA,NA,NA,NA,NA,NA,NA,NA,NA,NA,NA,NA,NA,12.2,6.1,3,-77.56687649,-1.353797385,NA,14.16666667
02/12/1999,19.91786,4.41,4.64,NA,NA,NA,NA,NA,NA,NA,NA,NA,NA,NA,NA,NA,NA,NA,NA,NA,NA,NA,NA,5.3,0.6,-93.02553374,-1.623601852,40,12.95833333
03/12/1999,19.92060,3.57,3.12,NA,NA,NA,44.39,NA,NA,NA,NA,NA,NA,NA,NA,NA,NA,NA,NA,NA,NA,NA,NA,2.7,0.4,-75.07806964,-1.310359511,36,9.791666667
04/12/1999,19.92334,0.34,4.05,NA,NA,NA,97.9,NA,NA,NA,NA,NA,NA,NA,NA,NA,NA,NA,NA,NA,NA,NA,NA,4,-1.1,-41.27688689,-0.720417581,36,10.04166667
05/12/1999,19.92608,8.98,7.69,NA,NA,NA,75.5,NA,NA,NA,NA,NA,NA,NA,NA,NA,NA,NA,NA,NA,NA,NA,22.8,10.3,-0.2,-135.494271,-2.364821146,34,12.25
06/12/1999,19.92882,6.15,9.94,NA,NA,NA,NA,NA,NA,NA,NA,NA,NA,NA,NA,NA,NA,NA,NA,NA,NA,NA,20.3,11.7,5.3,-109.1688447,-1.90535578,43,20.625
07/12/1999,19.93155,6.22,7.17,8.33,5.314,1.809,60.05,16.41,NA,NA,NA,NA,NA,NA,NA,NA,NA,NA,NA,NA,NA,NA,12.8,7.1,2.9,-122.9053768,-2.145103493,36,13.25
08/12/1999,19.93429,4.77,6.98,8.63,4.983,6.834,184.3,16,NA,NA,NA,NA,NA,NA,NA,NA,NA,NA,NA,NA,NA,NA,30.6,8.4,4.2,173.8369681,3.034027456,42,18.25
09/12/1999,19.93703,3.85,6.54,7.47,4.851,1.809,26.12,17.05,NA,NA,NA,NA,NA,NA,NA,NA,NA,NA,NA,NA,NA,NA,8.7,7.3,1.2,-13.68329818,-0.238818606,30,10.91666667
10/12/1999,19.93977,1.46,4.35,5.981,3.106,1.005,313.1,7.23,NA,NA,NA,NA,NA,NA,NA,NA,NA,NA,NA,NA,NA,NA,10.7,4,-1.2,-15.87900657,-0.277140947,NA,3.791666667
11/12/1999,19.94251,6.23,5.69,6.741,3.995,0.201,66.37,10.32,NA,NA,NA,NA,NA,NA,NA,NA,NA,NA,NA,NA,NA,NA,0,5.8,1.5,96.65773946,1.686995801,30,12.04166667
12/12/1999,19.94524,4.11,5.69,6.708,4.234,0,77.6,8.91,NA,NA,NA,NA,NA,NA,NA,NA,NA,NA,NA,NA,NA,NA,0.2,5.6,-1,85.52854502,1.492754715,21,7.916666667
13/12/1999,19.94798,2.73,3.76,5.462,1.513,5.025,15.96,12.09,NA,NA,NA,NA,NA,NA,NA,NA,NA,NA,NA,NA,NA,NA,NA,4.9,-1.9,-22.36635335,-0.390366508,32,7.333333333
14/12/1999,19.95072,6.22,5.54,6.641,2.973,0.201,47.87,15.67,NA,NA,NA,NA,NA,NA,NA,NA,NA,NA,NA,NA,NA,NA,NA,6.3,2.3,37.71879177,0.658317106,45,19.95833333
15/12/1999,19.95346,2.6,5.99,7.57,3.457,2.412,343.6,9.71,NA,NA,NA,NA,NA,NA,NA,NA,NA,NA,NA,NA,NA,NA,9.1,5.8,1,-61.92202696,-1.08074325,32,10.5
16/12/1999,19.95619,5.53,8.11,9.71,6.567,16.08,63.2,18.75,NA,NA,NA,NA,NA,NA,NA,NA,NA,NA,NA,NA,NA,NA,29.6,8.1,4.6,-115.8364629,-2.021727672,42,16.58333333
17/12/1999,19.95893,2.92,3.93,8.06,1.021,0.804,6.246,16.01,NA,NA,NA,NA,NA,NA,NA,NA,NA,NA,NA,NA,NA,NA,NA,9.6,-0.1,-35.04227392,-0.611603057,39,17.45833333
18/12/1999,19.96167,2.87,1.8,2.874,0.358,0.201,19.78,11.69,NA,NA,NA,NA,NA,NA,NA,NA,NA,NA,NA,NA,NA,NA,NA,0.4,-3.4,-27.78554253,-0.484949202,29,9.375
19/12/1999,19.96441,1.89,3.3,4.533,1.05,0,350.7,9.78,NA,NA,NA,NA,NA,NA,NA,NA,NA,NA,NA,NA,NA,NA,NA,3.1,-1.8,-11.32193674,-0.197605074,NA,9.666666667
20/12/1999,19.96715,4.76,5.69,7.01,3.836,1.407,144,15.2,NA,NA,NA,NA,NA,NA,NA,NA,NA,NA,NA,NA,NA,NA,0,5.1,0.9,145.2229123,2.534617968,NA,12.41666667
21/12/1999,19.96988,6.55,8.18,9.21,6.309,15.68,187.9,19.3,NA,NA,NA,NA,NA,NA,NA,NA,NA,NA,NA,NA,NA,NA,24.3,8.9,3.8,-172.8785488,-3.017299883,49,21.08333333
22/12/1999,19.97262,2.65,6.64,7.8,5.148,1.407,113.4,9.5,NA,NA,NA,NA,NA,NA,NA,NA,NA,NA,NA,NA,NA,NA,8.6,8.9,2.8,-160.2454709,-2.796811078,46,9.791666667
23/12/1999,19.97536,6.88,7.01,9.28,3.125,19.5,183.6,18.45,NA,NA,NA,NA,NA,NA,NA,NA,NA,NA,NA,NA,NA,NA,34.8,9.4,3.3,-162.3341282,-2.833265025,59,21.5
24/12/1999,19.97810,5.49,6.64,8.38,3.267,8.24,92.3,20.19,NA,NA,NA,NA,NA,NA,NA,NA,NA,NA,NA,NA,NA,NA,20.6,9,3.4,-156.9287282,-2.738922998,65,20.25
25/12/1999,19.98084,4.07,4.37,6.29,2.675,21.51,28.12,14.84,NA,NA,NA,NA,NA,NA,NA,NA,NA,NA,NA,NA,NA,NA,22.3,5.9,1.4,-100.9749666,-1.762345629,49,12.33333333
26/12/1999,19.98357,3.86,5.57,6.873,3.855,2.814,31.69,13.11,NA,NA,NA,NA,NA,NA,NA,NA,NA,NA,NA,NA,NA,NA,17.6,4.6,1.4,-126.6921267,-2.211194747,30,10.58333333
27/12/1999,19.98631,2.98,5.19,6.409,3.49,1.005,0.954,10.52,NA,NA,NA,NA,NA,NA,NA,NA,NA,NA,NA,NA,NA,NA,6.1,4.2,1.3,-113.8616637,-1.987260924,34,10.70833333
28/12/1999,19.98905,2.16,5.38,7.14,3.965,1.407,341.3,10.12,NA,NA,NA,NA,NA,NA,NA,NA,NA,NA,NA,NA,NA,NA,9.1,4.3,1.1,-80.74251421,-1.409222719,28,8.625
29/12/1999,19.99179,2.74,6.11,8.79,3.599,6.633,280.1,11.11,NA,NA,NA,NA,NA,NA,NA,NA,NA,NA,NA,NA,NA,NA,4.3,5.8,1.5,-89.90162391,-1.56907934,25,8.458333333
30/12/1999,19.99452,2.28,7.37,9.08,4.941,0.402,309.5,9.73,NA,NA,NA,NA,NA,NA,NA,NA,NA,NA,NA,NA,NA,NA,6.2,8.2,1.7,-98.74100367,-1.723355621,30,8.083333333
31/12/1999,19.99726,7.31,8.47,9.78,6.799,11.46,174.9,14.99,NA,NA,NA,NA,NA,NA,NA,NA,NA,NA,NA,NA,NA,NA,16.9,9.8,2.2,-145.0395261,-2.531417275,47,18.58333333
01/01/2000,20.00000,6.84,8.34,9.48,7.13,8.04,144,18.06,NA,NA,NA,NA,NA,NA,NA,NA,NA,NA,NA,NA,NA,NA,36.2,8.9,4.4,-140.2097288,-2.44712141,46,17.5
02/01/2000,20.00274,7.14,6.82,9.25,4.452,21.71,135.3,29.15,NA,NA,NA,NA,NA,NA,NA,NA,NA,NA,NA,NA,NA,NA,12.2,8.5,3.9,-145.0174944,-2.53103275,57,19.95833333
03/01/2000,20.00548,7.54,5.57,7.73,3.201,47.84,68.58,27.59,NA,NA,NA,NA,NA,NA,NA,NA,NA,NA,NA,NA,NA,NA,18.5,8.7,2,-118.4308863,-2.067008901,92,29.58333333
04/01/2000,20.00821,6.18,5.04,7.74,2.274,10.25,119.7,20.68,NA,NA,NA,NA,NA,NA,NA,NA,NA,NA,NA,NA,NA,NA,16.2,7.7,1.1,-149.9549675,-2.617207912,56,18.29166667
05/01/2000,20.01095,9.32,7.76,9.98,4.916,26.73,200.2,19.34,NA,NA,NA,NA,NA,NA,NA,NA,NA,NA,NA,NA,NA,NA,37.8,9.3,1.2,-158.7606316,-2.770895744,56,27.45833333
06/01/2000,20.01369,7.58,6.07,9.71,3.559,19.5,216.2,24.68,NA,NA,NA,NA,NA,NA,NA,NA,NA,NA,NA,NA,NA,NA,25.7,8.4,2.7,-118.4687874,-2.067670402,70,22
07/01/2000,20.01643,9.25,7.91,10.41,3.125,18.29,169,21.87,NA,NA,NA,NA,NA,NA,NA,NA,NA,NA,NA,NA,NA,NA,63.7,10.3,3.3,-145.051555,-2.53162722,68,30.29166667
08/01/2000,20.01916,6.19,5.66,7.64,2.73,4.221,51.81,21.54,NA,NA,NA,NA,NA,NA,NA,NA,NA,NA,NA,NA,NA,NA,9.2,7,2.7,-117.0012734,-2.04205745,61,23.125
09/01/2000,20.02190,6.23,6.21,8.45,3.072,1.005,143.6,20.41,NA,NA,NA,NA,NA,NA,NA,NA,NA,NA,NA,NA,NA,NA,2.7,6.5,1.2,-130.7828375,-2.282591119,43,14.20833333
10/01/2000,20.02464,6.82,7.75,9.21,5.546,8.44,88,18.01,NA,NA,NA,NA,NA,NA,NA,NA,NA,NA,NA,NA,NA,NA,20.9,8.4,4.9,-139.030898,-2.426546932,57,21.66666667
11/01/2000,20.02738,4.57,6.4,7.84,4.021,5.628,91.2,14.11,NA,NA,NA,NA,NA,NA,NA,NA,NA,NA,NA,NA,NA,NA,14.7,6.6,3.2,-131.3374568,-2.292271053,33,11.95833333
12/01/2000,20.03012,3.64,4.97,8.34,2.307,4.02,45.16,13.11,NA,NA,NA,NA,NA,NA,NA,NA,NA,NA,NA,NA,NA,NA,5.1,4.8,1.5,-135.6068017,-2.366785177,35,11.08333333
13/01/2000,20.03285,5.68,5.06,6.876,3.261,2.211,34.6,22.39,NA,NA,NA,NA,NA,NA,NA,NA,NA,NA,NA,NA,NA,NA,10,5.7,1.9,-8.440717424,-0.14731831,46,20.04166667
14/01/2000,20.03559,1.97,5.53,7.27,3.902,0.201,345.9,9.36,NA,NA,NA,NA,NA,NA,NA,NA,NA,NA,NA,NA,NA,NA,0,5.4,1.7,-53.57791925,-0.935111097,19,6.875
15/01/2000,20.03833,2.54,7.05,8.9,5.513,0.201,29.18,8.59,NA,NA,NA,NA,NA,NA,NA,NA,NA,NA,NA,NA,NA,NA,0.2,6.8,1.8,-116.6446173,-2.035832627,18,7.708333333
16/01/2000,20.04107,3.05,8.17,9.94,5.736,1.608,5.657,9.45,NA,NA,NA,NA,NA,NA,NA,NA,NA,NA,NA,NA,NA,NA,1,8.6,6.5,-103.7692141,-1.811114448,28,11.125
17/01/2000,20.04381,2.11,7.59,8.85,6.003,1.206,285.2,8.63,NA,NA,NA,NA,NA,NA,NA,NA,NA,NA,NA,NA,NA,NA,0.2,8.7,7.6,-64.51308038,-1.125965663,28,14.33333333
18/01/2000,20.04654,1.9,7.36,8.39,6.176,0.201,332,11.49,NA,NA,NA,NA,NA,NA,NA,NA,NA,NA,NA,NA,NA,NA,1.6,8,6.1,-43.73575969,-0.763333007,24,9.083333333
19/01/2000,20.04928,1.54,6.71,7.56,5.645,0.603,0.409,7.25,NA,NA,NA,NA,NA,NA,NA,NA,NA,NA,NA,NA,NA,NA,0,7.3,4.3,-96.47524357,-1.683810647,NA,5.666666667
20/01/2000,20.05202,1.61,7.06,8.91,6.11,2.412,323.3,7.89,NA,NA,NA,NA,NA,NA,NA,NA,NA,NA,NA,NA,NA,NA,1.9,7.8,3.4,-66.12274157,-1.154059551,20,7.583333333
21/01/2000,20.05476,3.06,7.9,9.48,6.572,0,356.6,15.24,NA,NA,NA,NA,NA,NA,NA,NA,NA,NA,NA,NA,NA,NA,2.7,8.7,3.4,-70.1465624,-1.224288473,43,13.08333333
22/01/2000,20.05749,3.12,6.24,7.99,4.319,0,354.3,13.74,NA,NA,NA,NA,NA,NA,NA,NA,NA,NA,NA,NA,NA,NA,1.8,7.3,3.2,-16.66186407,-0.290804388,44,17.70833333
23/01/2000,20.06023,1.33,6.33,8.75,3.954,0.603,330,7.78,NA,NA,NA,NA,NA,NA,NA,NA,NA,NA,NA,NA,NA,NA,0.8,6.8,0.4,-79.4097801,-1.385962121,21,7.041666667
24/01/2000,20.06297,1.29,6.6,7.85,5.016,0.201,338,8.41,NA,NA,NA,NA,NA,NA,NA,NA,NA,NA,NA,NA,NA,NA,0.3,8.4,1.4,-50.54420484,-0.882162792,NA,3.208333333
25/01/2000,20.06571,1.21,6.62,8.49,5.148,0.804,71.7,4.743,NA,NA,NA,NA,NA,NA,NA,NA,NA,NA,NA,NA,NA,NA,0,6.9,4.9,-138.0057509,-2.40865474,14,5.833333333
26/01/2000,20.06845,2.03,6.45,6.998,5.58,1.407,39.11,9.03,NA,NA,NA,NA,NA,NA,NA,NA,NA,NA,NA,NA,NA,NA,1.4,7.8,4.8,-121.6896114,-2.123884384,17,7.208333333
27/01/2000,20.07118,3.24,6.63,8.06,4.651,2.211,36.96,11.04,NA,NA,NA,NA,NA,NA,NA,NA,NA,NA,NA,NA,NA,NA,4.7,7.1,4,-103.5545886,-1.807368526,25,11.75
28/01/2000,20.07392,5.27,8.21,9.35,5.712,10.05,78.4,19.87,NA,NA,NA,NA,NA,NA,NA,NA,NA,NA,NA,NA,NA,NA,23.6,8.9,3.7,-126.4138466,-2.206337844,42,16.75
29/01/2000,20.07666,6.11,5.74,9.51,3.195,6.834,13.98,21.58,NA,NA,NA,NA,NA,NA,NA,NA,NA,NA,NA,NA,NA,NA,NA,9.3,1.1,-77.38430927,-1.350610986,71,31.375
30/01/2000,20.07940,4.49,6.91,9.49,4.784,10.45,66.58,20.76,NA,NA,NA,NA,NA,NA,NA,NA,NA,NA,NA,NA,NA,NA,25.3,9.1,0.9,-121.3680428,-2.118271954,53,16.25
31/01/2000,20.08214,3.12,6.54,7.7,5.347,1.005,201.2,9,NA,NA,NA,NA,NA,NA,NA,NA,NA,NA,NA,NA,NA,NA,1.4,7.3,3.2,-140.0195989,-2.443803018,27,10.70833333
01/02/2000,20.08487,4.92,6.72,8.35,4.286,2.211,77.5,16.04,NA,NA,NA,NA,NA,NA,NA,NA,NA,NA,NA,NA,NA,NA,7.3,7.6,3.3,-115.9276975,-2.023320015,NA,14.41666667
02/02/2000,20.08761,4.65,5.94,7.17,3.722,3.819,19.67,16.89,NA,NA,NA,NA,NA,NA,NA,NA,NA,NA,NA,NA,NA,NA,8.4,6.2,1.7,-79.51233684,-1.387752074,48,19.04166667
03/02/2000,20.09035,4.83,8.24,9.74,6.243,2.412,149.9,13.29,NA,NA,NA,NA,NA,NA,NA,NA,NA,NA,NA,NA,NA,NA,1.2,9,2.3,-139.4023261,-2.433029575,39,13.33333333
04/02/2000,20.09309,5.67,9.65,10.07,9.28,1.407,166.2,14.52,NA,NA,NA,NA,NA,NA,NA,NA,NA,NA,NA,NA,NA,NA,2.7,11.3,8.9,-130.8523851,-2.283804954,42,19.33333333
05/02/2000,20.09582,6.99,8.98,10.01,5.843,5.427,170.2,16.28,NA,NA,NA,NA,NA,NA,NA,NA,NA,NA,NA,NA,NA,NA,23.6,11.2,7,-145.0711123,-2.53196856,52,23.16666667
06/02/2000,20.09856,6.7,6.99,8.49,4.551,11.46,189,17.82,NA,NA,NA,NA,NA,NA,NA,NA,NA,NA,NA,NA,NA,NA,17.2,9.3,4.4,-152.1084232,-2.654792805,66,22.41666667
07/02/2000,20.10130,4.52,6.82,8.95,4.518,4.221,97.7,16.13,NA,NA,NA,NA,NA,NA,NA,NA,NA,NA,NA,NA,NA,NA,25.2,8.1,2.4,-138.3085307,-2.413939245,47,15.125
08/02/2000,20.10404,5.29,5.76,7.67,2.961,7.44,76.4,15.43,NA,NA,NA,NA,NA,NA,NA,NA,NA,NA,NA,NA,NA,NA,20.6,7.7,2.7,-113.8837296,-1.987646045,NA,14.95833333
09/02/2000,20.10678,10.91,8.56,9.81,4.461,21.51,183.7,22.01,NA,NA,NA,NA,NA,NA,NA,NA,NA,NA,NA,NA,NA,NA,35.1,9.3,2.8,-135.317348,-2.361733258,62,29.20833333
10/02/2000,20.10951,6.83,5.3,9.21,3.092,7.84,62.04,23.33,NA,NA,NA,NA,NA,NA,NA,NA,NA,NA,NA,NA,NA,NA,32.7,8.2,2,-109.8762706,-1.917702693,67,26.75
11/02/2000,20.11225,7.09,6.95,9.15,2.274,7.24,125,17.73,NA,NA,NA,NA,NA,NA,NA,NA,NA,NA,NA,NA,NA,NA,18.2,9,4.1,-131.1957773,-2.289798279,57,20.79166667
12/02/2000,20.11499,6.25,3.57,5.583,1.082,2.211,55.03,19.05,NA,NA,NA,NA,NA,NA,NA,NA,NA,NA,NA,NA,NA,NA,NA,5.5,0.6,-111.2505907,-1.941689102,49,17.08333333
13/02/2000,20.11773,2.91,5.78,7.5,3.401,1.407,0.343,12.17,NA,NA,NA,NA,NA,NA,NA,NA,NA,NA,NA,NA,NA,NA,5.8,6.7,1.3,-82.89262204,-1.44674918,41,10.58333333
14/02/2000,20.12047,6.14,6.14,9.02,2.94,11.66,70.9,17.71,NA,NA,NA,NA,NA,NA,NA,NA,NA,NA,NA,NA,NA,NA,10,8.4,1.1,-135.0983209,-2.357910513,48,18.375
15/02/2000,20.12320,4.15,3.1,5.414,0.684,4.02,52.15,16,NA,NA,NA,NA,NA,NA,NA,NA,NA,NA,NA,NA,NA,NA,NA,5.1,0.2,-131.759301,-2.299633622,47,11.20833333
16/02/2000,20.12594,2.89,3.6,5.812,1.086,6.834,8.95,12.05,NA,NA,NA,NA,NA,NA,NA,NA,NA,NA,NA,NA,NA,NA,NA,3.2,-3.6,-94.22136373,-1.644473023,35,7.375
17/02/2000,20.12868,3.42,5.38,7.54,3.822,4.422,345.9,12.81,NA,NA,NA,NA,NA,NA,NA,NA,NA,NA,NA,NA,NA,NA,NA,4.9,-0.5,-170.8032969,-2.981079904,28,7.833333333
18/02/2000,20.13142,2.95,6.04,7.8,4.717,3.819,30.98,11.27,NA,NA,NA,NA,NA,NA,NA,NA,NA,NA,NA,NA,NA,NA,11,5.8,2.6,72.82675488,1.271066656,30,10.29166667
19/02/2000,20.13415,3.15,5.65,6.665,4.584,0.402,73.4,8.83,NA,NA,NA,NA,NA,NA,NA,NA,NA,NA,NA,NA,NA,NA,0.4,5.8,0.2,31.98974887,0.558326445,30,6.916666667
20/02/2000,20.13689,4.8,6.62,7.23,5.712,8.44,202.4,16.67,NA,NA,NA,NA,NA,NA,NA,NA,NA,NA,NA,NA,NA,NA,2.4,7.3,1.5,173.8734049,3.034663397,38,19.25
21/02/2000,20.13963,4.18,5.65,7.01,3.398,0.804,99.6,10.93,NA,NA,NA,NA,NA,NA,NA,NA,NA,NA,NA,NA,NA,NA,1.2,7.3,1.9,-112.766331,-1.968143761,33,10.66666667
22/02/2000,20.14237,6.15,6.78,8.52,4.983,3.216,193.5,14.64,NA,NA,NA,NA,NA,NA,NA,NA,NA,NA,NA,NA,NA,NA,1.4,7,2.5,178.3166527,3.112212701,38,20.75
23/02/2000,20.14511,7.58,7.17,9.71,2.695,4.824,149.2,20.76,NA,NA,NA,NA,NA,NA,NA,NA,NA,NA,NA,NA,NA,NA,10.3,10,2.4,-142.7515511,-2.491484579,NA,25.04166667
24/02/2000,20.14784,6.12,3.87,5.462,1.632,5.628,61.6,18.2,NA,NA,NA,NA,NA,NA,NA,NA,NA,NA,NA,NA,NA,NA,NA,5.4,0.7,-114.9936296,-2.007017455,48,20.33333333
25/02/2000,20.15058,5.44,6.74,8.52,3.097,5.427,92.7,16.59,NA,NA,NA,NA,NA,NA,NA,NA,NA,NA,NA,NA,NA,NA,NA,7.8,2.1,-117.4398204,-2.049711539,48,19.33333333
26/02/2000,20.15332,10.08,8.2,9.74,6.595,8.84,196.5,18.45,NA,NA,NA,NA,NA,NA,NA,NA,NA,NA,NA,NA,NA,NA,3.8,9,6.1,-162.4438095,-2.835179326,51,27.79166667
27/02/2000,20.15606,6.7,5.74,8.88,2.627,4.02,121.6,17.59,NA,NA,NA,NA,NA,NA,NA,NA,NA,NA,NA,NA,NA,NA,15.2,9.4,1.3,-131.6341516,-2.297449353,52,20.95833333
28/02/2000,20.15880,6.01,4.9,6.807,1.314,4.623,59.76,17.88,NA,NA,NA,NA,NA,NA,NA,NA,NA,NA,NA,NA,NA,NA,17.6,6.8,1.1,-118.162452,-2.062323839,51,22.04166667
29/02/2000,20.16153,3.38,5.26,7.27,3.092,9.25,10.43,12.44,NA,NA,NA,NA,NA,NA,NA,NA,NA,NA,NA,NA,NA,NA,10.4,7,2.2,-80.34717748,-1.402322792,37,13.875
01/03/2000,20.16427,3.18,4.28,5.58,1.447,5.025,351.6,12.19,NA,NA,NA,NA,NA,NA,NA,NA,NA,NA,NA,NA,NA,NA,NA,5,1,-38.03056615,-0.663758596,39,13.375
02/03/2000,20.16701,4.94,5.8,8.06,2.641,6.834,47.38,14.77,NA,NA,NA,NA,NA,NA,NA,NA,NA,NA,NA,NA,NA,NA,21,7.8,1.3,-115.5345817,-2.016458851,42,18.33333333
03/03/2000,20.16975,3.47,2.89,5.779,-0.541,4.02,9.79,14.14,NA,NA,NA,NA,NA,NA,NA,NA,NA,NA,NA,NA,NA,NA,NA,4.6,-0.1,-16.60734348,-0.289852824,42,17.29166667
04/03/2000,20.17248,2.09,3.06,6.077,0.527,7.04,16.71,10.22,NA,NA,NA,NA,NA,NA,NA,NA,NA,NA,NA,NA,NA,NA,NA,4.2,-1.7,-62.65236649,-1.093490079,NA,8.958333333
05/03/2000,20.17522,5.96,8.08,9.28,5.945,4.824,127.8,14.5,NA,NA,NA,NA,NA,NA,NA,NA,NA,NA,NA,NA,NA,NA,7,10.1,1.4,-134.2590124,-2.343261818,42,19.58333333
06/03/2000,20.17796,4.87,9.12,9.61,8.35,13.87,56.14,13.24,NA,NA,NA,NA,NA,NA,NA,NA,NA,NA,NA,NA,NA,NA,21.2,10.6,5.8,-92.94918769,-1.622269362,NA,15.5
07/03/2000,20.18070,4.44,9.18,10.24,8.75,8.24,103.9,14.6,NA,NA,NA,NA,NA,NA,NA,NA,NA,NA,NA,NA,NA,NA,46.9,10.1,4.6,166.4359072,2.904854574,42,11.54166667
08/03/2000,20.18344,5.43,9.08,9.81,8.42,0.804,78,18.22,NA,NA,NA,NA,NA,NA,NA,NA,NA,NA,NA,NA,NA,NA,17,11.1,8.1,-95.00638665,-1.658174257,48,25.41666667
09/03/2000,20.18617,2.13,7.66,9.21,6.394,7.24,121.8,10.7,NA,NA,NA,NA,NA,NA,NA,NA,NA,NA,NA,NA,NA,NA,7.8,10,5.3,21.18120898,0.369681836,29,8.083333333
10/03/2000,20.18891,4.93,8.96,9.71,7.59,3.015,49.25,13.83,NA,NA,NA,NA,NA,NA,NA,NA,NA,NA,NA,NA,NA,NA,26,11.3,6.4,-133.1665315,-2.324194428,45,20
11/03/2000,20.19165,3.13,7.7,8.35,7.06,0,36.18,10.35,NA,NA,NA,NA,NA,NA,NA,NA,NA,NA,NA,NA,NA,NA,0.3,9.2,6.8,-98.06836796,-1.711615913,40,15.125
12/03/2000,20.19439,2.9,8.69,9.21,7.65,2.01,86.3,8.51,NA,NA,NA,NA,NA,NA,NA,NA,NA,NA,NA,NA,NA,NA,0.8,11.6,6.7,-155.1458889,-2.707806582,28,11.54166667
13/03/2000,20.19713,3.05,6.73,8.68,4.518,2.211,19.39,11.81,NA,NA,NA,NA,NA,NA,NA,NA,NA,NA,NA,NA,NA,NA,2.4,9.7,3.3,-108.2164488,-1.888733337,28,10.75
14/03/2000,20.19986,3.45,5.73,7.4,3.855,1.608,9.66,12.28,NA,NA,NA,NA,NA,NA,NA,NA,NA,NA,NA,NA,NA,NA,7.2,5.6,1.1,-77.54431655,-1.35340364,51,16.16666667
15/03/2000,20.20260,3.29,8.37,9.41,7.1,0.402,62.39,14.75,NA,NA,NA,NA,NA,NA,NA,NA,NA,NA,NA,NA,NA,NA,4,9.6,3.9,-113.56162,-1.982024174,29,13.375
16/03/2000,20.20534,3.06,8.8,9.31,7.99,0,66,10.39,NA,NA,NA,NA,NA,NA,NA,NA,NA,NA,NA,NA,NA,NA,0,10.2,8.2,-138.7176056,-2.421078949,23,10.08333333
17/03/2000,20.20808,2.86,8.03,9.77,4.352,0.402,8.67,11.24,NA,NA,NA,NA,NA,NA,NA,NA,NA,NA,NA,NA,NA,NA,2,11,3.9,-106.9801694,-1.867156191,31,10.66666667
18/03/2000,20.21081,3.94,7.14,8.78,5.456,0.201,193.2,10.55,NA,NA,NA,NA,NA,NA,NA,NA,NA,NA,NA,NA,NA,NA,0,10.2,1.1,-153.5733928,-2.680361347,NA,8.666666667
19/03/2000,20.21355,4.73,9.18,9.91,8.15,0,81.8,12.38,NA,NA,NA,NA,NA,NA,NA,NA,NA,NA,NA,NA,NA,NA,0,11.8,6.9,-146.152695,-2.550845738,40,19.16666667
20/03/2000,20.21629,3.34,8.15,9.48,4.513,3.819,89.9,11.69,NA,NA,NA,NA,NA,NA,NA,NA,NA,NA,NA,NA,NA,NA,4.3,10.1,7.8,-132.3656734,-2.310216818,29,14.25
21/03/2000,20.21903,2.05,5.35,7.59,3.755,4.221,11.84,8.95,NA,NA,NA,NA,NA,NA,NA,NA,NA,NA,NA,NA,NA,NA,10.9,9.9,1.9,-86.20540464,-1.504568144,26,9.458333333
22/03/2000,20.22177,1.51,5.46,8.15,3.558,0,138.6,5.253,NA,NA,NA,NA,NA,NA,NA,NA,NA,NA,NA,NA,NA,NA,0.8,8.1,0.3,-114.2239614,-1.993584211,21,6.541666667
23/03/2000,20.22450,5.76,6.44,7.82,5.314,1.809,97.3,13.23,NA,NA,NA,NA,NA,NA,NA,NA,NA,NA,NA,NA,NA,NA,4.8,8.8,0.1,105.8456849,1.847355701,35,14.375
24/03/2000,20.22724,4.72,6.87,9.21,5.049,5.829,168.2,11.91,NA,NA,NA,NA,NA,NA,NA,NA,NA,NA,NA,NA,NA,NA,3.1,9.3,4.9,142.7308013,2.491122427,39,16.04166667
25/03/2000,20.22998,4.29,6.16,8.72,3.589,5.628,157.2,15.02,NA,NA,NA,NA,NA,NA,NA,NA,NA,NA,NA,NA,NA,NA,4.3,7.6,4.8,155.9316872,2.72152135,32,17
26/03/2000,20.23272,3.24,7.23,9.24,5.115,0.402,46.87,7.97,NA,NA,NA,NA,NA,NA,NA,NA,NA,NA,NA,NA,NA,NA,0.7,8.9,2,19.19210884,0.33496549,21,8.565217391
27/03/2000,20.23546,2.22,6.61,8.02,5.206,0,54.07,6.644,NA,NA,NA,NA,NA,NA,NA,NA,NA,NA,NA,NA,NA,NA,0,8.2,4.4,44.53383936,0.777262125,20,9.125
28/03/2000,20.23819,1.62,7.53,10.06,5.347,0,200,4.488,NA,NA,NA,NA,NA,NA,NA,NA,NA,NA,NA,NA,NA,NA,0,9.2,3.9,-116.2029233,-2.028123613,NA,3.916666667
29/03/2000,20.24093,1.25,8.13,9.9,7.04,0,163.4,4.567,NA,NA,NA,NA,NA,NA,NA,NA,NA,NA,NA,NA,NA,NA,0,9.9,2.9,28.12662278,0.490902175,NA,2.25
30/03/2000,20.24367,1.37,8.34,10.69,6.368,2.01,23.28,4.871,NA,NA,NA,NA,NA,NA,NA,NA,NA,NA,NA,NA,NA,NA,0,9.9,3.8,-45.83133747,-0.799907739,NA,2.708333333
31/03/2000,20.24641,1.69,7.1,8.12,6.241,8.44,141.1,5.41,NA,NA,NA,NA,NA,NA,NA,NA,NA,NA,NA,NA,NA,NA,15.2,7.8,5.9,147.1072993,2.567506727,NA,3.708333333
01/04/2000,20.24914,5.93,4.56,6.608,1.546,5.829,52.33,19.52,NA,NA,NA,NA,NA,NA,NA,NA,NA,NA,NA,NA,NA,NA,19.2,6.3,2.1,35.51937926,0.619930116,NA,21.875
02/04/2000,20.25188,5.08,2.1,3.569,0.252,2.412,31.5,21.41,NA,NA,NA,NA,NA,NA,NA,NA,NA,NA,NA,NA,NA,NA,NA,4.1,0.6,21.7104156,0.378918234,49,26.29166667
03/04/2000,20.25462,5.23,1.85,3.557,-0.425,1.407,29.15,15.23,NA,NA,NA,NA,NA,NA,NA,NA,NA,NA,NA,NA,NA,NA,NA,4.3,-1.4,-0.827938399,-0.014450251,39,18.375
04/04/2000,20.25736,2.45,3.94,5.871,2.252,1.809,8.03,10.53,NA,NA,NA,NA,NA,NA,NA,NA,NA,NA,NA,NA,NA,NA,3.8,6.7,0.6,-28.02106712,-0.489059881,32,10.20833333
05/04/2000,20.26010,4.58,6.73,8.52,4.395,0,188.1,10.03,NA,NA,NA,NA,NA,NA,NA,NA,NA,NA,NA,NA,NA,NA,0,9.9,-0.1,-142.1838179,-2.481575765,25,10.45833333
06/04/2000,20.26283,6.2,7.99,9.28,6.396,0.402,197,11.43,NA,NA,NA,NA,NA,NA,NA,NA,NA,NA,NA,NA,NA,NA,0,10.9,4.8,-162.5079641,-2.836299034,29,13.83333333
07/04/2000,20.26557,6.33,8.24,9.31,7.26,14.27,204.1,17.3,NA,NA,NA,NA,NA,NA,NA,NA,NA,NA,NA,NA,NA,NA,3,8.6,5.2,-162.2618069,-2.832002781,45,20.25
08/04/2000,20.26831,1.46,8.08,10.46,6.077,0,342.5,6.527,NA,NA,NA,NA,NA,NA,NA,NA,NA,NA,NA,NA,NA,NA,0,10.5,6.1,-53.5506294,-0.9346348,17,5.916666667
09/04/2000,20.27105,1.15,8.55,11.37,6.641,0,325.8,4.596,NA,NA,NA,NA,NA,NA,NA,NA,NA,NA,NA,NA,NA,NA,0,9.9,5.7,166.7693911,2.910674967,NA,2.833333333
10/04/2000,20.27379,2,6.61,8.78,3.855,1.407,5.377,8.63,NA,NA,NA,NA,NA,NA,NA,NA,NA,NA,NA,NA,NA,NA,5.1,9.3,3.1,-98.84746808,-1.725213775,NA,7.291666667
11/04/2000,20.27652,4.41,4.68,6.793,2.177,13.27,21.75,23.25,NA,NA,NA,NA,NA,NA,NA,NA,NA,NA,NA,NA,NA,NA,5.5,7.4,-0.1,-4.518111108,-0.078855915,46,14.5
12/04/2000,20.27926,7.29,5.18,6.343,2.575,10.85,49.01,23.41,NA,NA,NA,NA,NA,NA,NA,NA,NA,NA,NA,NA,NA,NA,7.6,7.1,3.7,32.50796408,0.567371006,55,27.54166667
13/04/2000,20.28200,6.16,3.54,5.248,1.679,6.231,23.24,18.16,NA,NA,NA,NA,NA,NA,NA,NA,NA,NA,NA,NA,NA,NA,5.4,6.2,2.5,9.166729731,0.159989615,53,24.83333333
14/04/2000,20.28474,3.39,4.66,6.626,2.376,1.206,54.94,13.17,NA,NA,NA,NA,NA,NA,NA,NA,NA,NA,NA,NA,NA,NA,1.3,6.2,2.2,-41.74158901,-0.728528163,32,10.54166667
15/04/2000,20.28747,4.32,5.09,7.57,3.689,4.824,108.8,13.04,NA,NA,NA,NA,NA,NA,NA,NA,NA,NA,NA,NA,NA,NA,5,6.6,3.3,161.0726028,2.811247254,NA,12.79166667
16/04/2000,20.29021,6.08,6,7.32,4.976,0,66.05,10.62,NA,NA,NA,NA,NA,NA,NA,NA,NA,NA,NA,NA,NA,NA,0,8.3,3.3,60.9063937,1.063017106,23,12.25
17/04/2000,20.29295,5.21,5.98,8.22,4.683,2.613,50.56,14.53,NA,NA,NA,NA,NA,NA,NA,NA,NA,NA,NA,NA,NA,NA,2.4,7.2,0.7,23.20783467,0.405053127,25,9.458333333
18/04/2000,20.29569,4.22,5.69,7.22,4.021,0.201,130.7,12.7,NA,NA,NA,NA,NA,NA,NA,NA,NA,NA,NA,NA,NA,NA,7.6,9.6,3.9,-13.51969999,-0.235963279,NA,5.791666667
19/04/2000,20.29843,4.96,7.11,9.14,5.281,2.01,91.5,13.4,NA,NA,NA,NA,NA,NA,NA,NA,NA,NA,NA,NA,NA,NA,0.4,11.5,-0.8,49.14445987,0.857732634,30,7.916666667
20/04/2000,20.30116,3.29,8.5,9.97,6.766,1.809,107.9,10.34,NA,NA,NA,NA,NA,NA,NA,NA,NA,NA,NA,NA,NA,NA,18.4,11.6,7.1,146.4534553,2.556094996,24,11
21/04/2000,20.30390,2.9,8.67,9.48,8.02,1.608,196.5,11.06,NA,NA,NA,NA,NA,NA,NA,NA,NA,NA,NA,NA,NA,NA,9.8,10.8,7.1,165.3789322,2.88640688,20,9.75
22/04/2000,20.30664,1.95,8.72,10.46,7.75,0,71.7,6.409,NA,NA,NA,NA,NA,NA,NA,NA,NA,NA,NA,NA,NA,NA,0,12.7,5.1,51.58946012,0.900405938,NA,4.333333333
23/04/2000,20.30938,4.61,7.42,9.05,6.007,0.804,43.78,13.47,NA,NA,NA,NA,NA,NA,NA,NA,NA,NA,NA,NA,NA,NA,0,9.6,5.2,12.99581946,0.226819838,NA,12.66666667
24/04/2000,20.31211,5.46,5.45,6.639,4.319,0.201,45.95,18.43,NA,NA,NA,NA,NA,NA,NA,NA,NA,NA,NA,NA,NA,NA,22.4,7.1,4,33.74701699,0.588996559,35,23.20833333
25/04/2000,20.31485,4.64,5.11,6.758,2.662,1.005,40.18,16.29,NA,NA,NA,NA,NA,NA,NA,NA,NA,NA,NA,NA,NA,NA,3.1,7,3.5,27.91361608,0.487184507,39,23.25
26/04/2000,20.31759,5.6,5.71,7.16,4.584,0.402,43.91,17.17,NA,NA,NA,NA,NA,NA,NA,NA,NA,NA,NA,NA,NA,NA,4.8,7.4,4.4,30.41692242,0.530875444,42,27.875
27/04/2000,20.32033,4.79,6.51,7.86,4.883,0.402,48.17,16.35,NA,NA,NA,NA,NA,NA,NA,NA,NA,NA,NA,NA,NA,NA,7,9.7,5,29.74092137,0.519077001,NA,17.54166667
28/04/2000,20.32307,2.71,8.34,10.66,7.2,0.201,118.4,7.78,NA,NA,NA,NA,NA,NA,NA,NA,NA,NA,NA,NA,NA,NA,0,15.5,3.9,51.2711159,0.894849784,NA,5.833333333
29/04/2000,20.32580,2.54,8.51,10.75,5.513,2.01,49.07,8.68,NA,NA,NA,NA,NA,NA,NA,NA,NA,NA,NA,NA,NA,NA,0,9,5,29.24565317,0.51043294,NA,9.125
30/04/2000,20.32854,1.67,9.22,11.52,7.16,0,136.3,5.125,NA,NA,NA,NA,NA,NA,NA,NA,NA,NA,NA,NA,NA,NA,0,13.2,7.4,147.9247537,2.581773997,NA,8.458333333
01/05/2000,20.33128,1.66,10.65,14.09,8.18,0,16.16,5.243,NA,NA,NA,NA,NA,NA,NA,NA,NA,NA,NA,NA,NA,NA,0,11.1,4.6,33.62965717,0.586948244,NA,6.25
02/05/2000,20.33402,1.76,9.42,10.66,7.19,0,4.326,6.909,NA,NA,NA,NA,NA,NA,NA,NA,NA,NA,NA,NA,NA,NA,0,12.2,4.4,-12.93930819,-0.225833531,NA,5
03/05/2000,20.33676,1.32,9.76,12.44,8.38,0,233.7,4.773,NA,NA,NA,NA,NA,NA,NA,NA,NA,NA,NA,NA,NA,NA,0,13.6,6.8,27.85502952,0.486161978,NA,3.666666667
04/05/2000,20.33949,1,9.82,12.64,8.38,0.201,128.8,4.028,NA,NA,NA,NA,NA,NA,NA,NA,NA,NA,NA,NA,NA,NA,0,12.7,4.5,52.79375438,0.921424838,9,3.041666667
05/05/2000,20.34223,1.72,8.87,10.62,6.73,0,55.31,5.174,NA,NA,NA,NA,NA,NA,NA,NA,NA,NA,NA,NA,NA,NA,0.2,11.9,7.2,30.89870898,0.539284206,NA,5.25
06/05/2000,20.34497,1.86,8.91,11.82,6.144,2.412,38.66,7.8,NA,NA,NA,NA,NA,NA,NA,NA,NA,NA,NA,NA,NA,NA,0,15.6,3.9,-34.67854312,-0.605254757,NA,4.791666667
07/05/2000,20.34771,5.49,9.09,10.65,7.92,5.025,40.04,11.62,NA,NA,NA,NA,NA,NA,NA,NA,NA,NA,NA,NA,NA,NA,1.4,10.2,8.4,8.419203504,0.146942822,21,11.58333333
08/05/2000,20.35044,1.86,8.75,9.66,7.92,0,57.84,6.282,NA,NA,NA,NA,NA,NA,NA,NA,NA,NA,NA,NA,NA,NA,0.4,14.6,7.6,26.71947731,0.466342853,NA,4.708333333
09/05/2000,20.35318,1.6,9.67,11.31,8.28,0,32.85,6.174,NA,NA,NA,NA,NA,NA,NA,NA,NA,NA,NA,NA,NA,NA,0,10.9,8.7,27.90205461,0.486982721,NA,4.375
10/05/2000,20.35592,4.69,9.34,10.82,8.08,0,39.47,13.21,NA,NA,NA,NA,NA,NA,NA,NA,NA,NA,NA,NA,NA,NA,0,10.7,8.3,26.66308692,0.465358656,25,12.41666667
11/05/2000,20.35866,4.06,11.56,14.86,7.82,0,48.07,9.75,NA,NA,NA,NA,NA,NA,NA,NA,NA,NA,NA,NA,NA,NA,0,13.8,6.9,54.60270689,0.952997016,25,9.791666667
12/05/2000,20.36140,2.27,12.01,14.5,9.54,0,37.78,6.85,NA,NA,NA,NA,NA,NA,NA,NA,NA,NA,NA,NA,NA,NA,0,18.1,8.3,88.29152093,1.540977742,NA,9.791666667
13/05/2000,20.36413,1.9,12.22,14.1,10.52,0.201,273.1,8.74,NA,NA,NA,NA,NA,NA,NA,NA,NA,NA,NA,NA,NA,NA,0,19.2,7,36.29612281,0.633486849,NA,3.458333333
14/05/2000,20.36687,3.3,11.65,13.04,11.02,0,186.1,12.29,NA,NA,NA,NA,NA,NA,NA,NA,NA,NA,NA,NA,NA,NA,0.4,18.5,7.9,121.0435856,2.112609108,NA,3.875
15/05/2000,20.36961,8.48,11.19,12.11,10.04,0.603,209.8,15.19,NA,NA,NA,NA,NA,NA,NA,NA,NA,NA,NA,NA,NA,NA,0,15.3,11.1,172.9911241,3.019264692,39,17.04166667
16/05/2000,20.37235,3.71,9.64,11.58,7.85,2.613,140.8,12.16,NA,NA,NA,NA,NA,NA,NA,NA,NA,NA,NA,NA,NA,NA,7.9,14.3,9.4,-164.9626109,-2.879140702,25,12.20833333
17/05/2000,20.37509,2.6,8.78,10.39,7.36,5.025,34.63,9.75,NA,NA,NA,NA,NA,NA,NA,NA,NA,NA,NA,NA,NA,NA,9.6,12.7,7.6,-114.0977265,-1.991380996,28,12
18/05/2000,20.37782,2.09,8.5,10.41,6.993,4.422,345.6,8.97,NA,NA,NA,NA,NA,NA,NA,NA,NA,NA,NA,NA,NA,NA,5.4,10.8,5.6,-88.26403279,-1.540497983,24,8.583333333
19/05/2000,20.38056,1.84,8.59,10.82,7.06,0.201,109.4,7.84,NA,NA,NA,NA,NA,NA,NA,NA,NA,NA,NA,NA,NA,NA,3.6,11,5,-35.52745218,-0.620071015,25,9.083333333
20/05/2000,20.38330,1.28,8.48,10.02,7.22,0.402,127.9,5.067,NA,NA,NA,NA,NA,NA,NA,NA,NA,NA,NA,NA,NA,NA,1.1,11.7,2.9,113.393415,1.979088441,NA,4.541666667
21/05/2000,20.38604,2.32,9.16,11.85,7.59,0.804,90,8.28,NA,NA,NA,NA,NA,NA,NA,NA,NA,NA,NA,NA,NA,NA,0.4,12,7.2,-124.3337419,-2.170033168,NA,6.958333333
22/05/2000,20.38877,4.24,8.87,10.79,6.722,2.814,162.2,11.08,NA,NA,NA,NA,NA,NA,NA,NA,NA,NA,NA,NA,NA,NA,0.8,13,4.2,-156.3351655,-2.728563374,35,12.25
23/05/2000,20.39151,4,8.81,10.62,7.31,13.07,95.1,12.78,NA,NA,NA,NA,NA,NA,NA,NA,NA,NA,NA,NA,NA,NA,21.1,11.6,7.4,-172.7259357,-3.014636282,38,15.375
24/05/2000,20.39425,3.16,8.69,10.95,6.46,1.407,138.4,9.97,NA,NA,NA,NA,NA,NA,NA,NA,NA,NA,NA,NA,NA,NA,6.7,12.5,4.4,-159.4218941,-2.782436951,27,10.33333333
25/05/2000,20.39699,2.63,8.25,10.42,5.646,3.216,159.9,10.13,NA,NA,NA,NA,NA,NA,NA,NA,NA,NA,NA,NA,NA,NA,9.2,11.6,3.7,-159.9225548,-2.79117513,23,8.5
26/05/2000,20.39973,2.67,8.96,10.95,6.928,1.005,170.3,8.61,NA,NA,NA,NA,NA,NA,NA,NA,NA,NA,NA,NA,NA,NA,0,11.5,2.5,161.9091416,2.825847611,20,8.541666667
27/05/2000,20.40246,2.2,9.33,11.42,7.39,0.201,70.4,5.713,NA,NA,NA,NA,NA,NA,NA,NA,NA,NA,NA,NA,NA,NA,2.2,11,2.4,-10.06497886,-0.17566702,NA,6.625
28/05/2000,20.40520,2.38,8.87,10.69,7.29,1.608,25.15,7.3,NA,NA,NA,NA,NA,NA,NA,NA,NA,NA,NA,NA,NA,NA,9.8,10.3,6.2,-28.91113839,-0.504594555,20,8.125
29/05/2000,20.40794,1.95,9.4,11.61,7.16,0.804,47.6,6.223,NA,NA,NA,NA,NA,NA,NA,NA,NA,NA,NA,NA,NA,NA,2.8,11.9,5.5,-78.98682072,-1.378580087,24,9.791666667
30/05/2000,20.41068,2.62,9.08,11.45,7.16,0.603,44.31,8.22,NA,NA,NA,NA,NA,NA,NA,NA,NA,NA,NA,NA,NA,NA,5,11.9,4.7,-114.4914753,-1.99825321,29,10
31/05/2000,20.41342,2.7,9.13,11.55,7.28,2.01,101.8,10.33,NA,NA,NA,NA,NA,NA,NA,NA,NA,NA,NA,NA,NA,NA,4.4,11.8,3.9,-136.9323469,-2.389920307,19,8.041666667
01/06/2000,20.41615,5.17,9.66,11.68,7.06,2.613,114.9,14.05,NA,NA,NA,NA,NA,NA,NA,NA,NA,NA,NA,NA,NA,NA,13.4,14,8.3,168.7585091,2.945391625,33,15
02/06/2000,20.41889,2.05,9.53,11.97,6.567,0,24.91,7.95,NA,NA,NA,NA,NA,NA,NA,NA,NA,NA,NA,NA,NA,NA,0,13.1,3.7,-47.23502548,-0.824406717,25,8.333333333
03/06/2000,20.42163,3.44,9.46,11.48,8.02,0,43.66,13.34,NA,NA,NA,NA,NA,NA,NA,NA,NA,NA,NA,NA,NA,NA,0,12,3.3,13.87792208,0.242215434,NA,10.875
04/06/2000,20.42437,4.55,9.75,11.32,8.22,0,61.16,11.1,NA,NA,NA,NA,NA,NA,NA,NA,NA,NA,NA,NA,NA,NA,0,13.1,6.8,78.73338495,1.374156799,NA,12.625
05/06/2000,20.42710,3.44,9.53,10.95,8.35,0,88.7,7.64,NA,NA,NA,NA,NA,NA,NA,NA,NA,NA,NA,NA,NA,NA,0,13,6.1,96.98695378,1.692741675,21,10.20833333
06/06/2000,20.42984,2.79,10.22,11.88,8.01,5.427,98.2,10.4,NA,NA,NA,NA,NA,NA,NA,NA,NA,NA,NA,NA,NA,NA,2.7,12.3,8.1,157.7023077,2.752424508,25,9.25
07/06/2000,20.43258,3.11,10.2,12.05,8.18,0.603,124.9,9.98,NA,NA,NA,NA,NA,NA,NA,NA,NA,NA,NA,NA,NA,NA,1.7,14.6,5.8,-155.2261831,-2.70920798,29,11.29166667
08/06/2000,20.43532,6.52,10.14,11.88,8.81,7.24,108.3,15.61,NA,NA,NA,NA,NA,NA,NA,NA,NA,NA,NA,NA,NA,NA,5.7,13.4,7.8,123.5464096,2.156291626,39,13.20833333
09/06/2000,20.43806,5.34,10.94,12.64,9.44,0,164.7,14.28,NA,NA,NA,NA,NA,NA,NA,NA,NA,NA,NA,NA,NA,NA,3.3,12.9,9.8,-178.481964,-3.115097927,36,18.75
10/06/2000,20.44079,4.44,9.89,11.42,8.48,7.04,178.7,15.65,NA,NA,NA,NA,NA,NA,NA,NA,NA,NA,NA,NA,NA,NA,16.5,13.6,6.5,-175.7486133,-3.067391959,32,14.375
11/06/2000,20.44353,2.84,10.47,12.21,8.71,0.804,95.3,8.78,NA,NA,NA,NA,NA,NA,NA,NA,NA,NA,NA,NA,NA,NA,7.3,13.9,8,-137.5990815,-2.40155702,30,12.66666667
12/06/2000,20.44627,6.3,10.75,12.61,7.79,6.633,183.4,18.64,NA,NA,NA,NA,NA,NA,NA,NA,NA,NA,NA,NA,NA,NA,20.3,13.2,9.4,-168.6122444,-2.942838825,49,17.20833333
13/06/2000,20.44901,6.28,10.41,12.08,8.71,4.02,80.9,18.87,NA,NA,NA,NA,NA,NA,NA,NA,NA,NA,NA,NA,NA,NA,11.8,14.1,8.2,NA,NA,72,NA
14/06/2000,20.45175,2.66,10.41,13.03,8.71,1.005,63.56,9.3,NA,NA,NA,NA,NA,NA,NA,NA,NA,NA,NA,NA,NA,NA,2,13.6,8.8,-118.7382155,-2.072372809,30,13.58333333
15/06/2000,20.45448,1.74,10.85,13.92,8.58,0.201,79.7,5.851,NA,NA,NA,NA,NA,NA,NA,NA,NA,NA,NA,NA,NA,NA,2.2,14.1,6.4,-72.56676074,-1.266528902,NA,9.708333333
16/06/2000,20.45722,2.65,11.72,14.79,8.71,0,87.3,8.37,NA,NA,NA,NA,NA,NA,NA,NA,NA,NA,NA,NA,NA,NA,0,16.7,6,85.54366777,1.493018657,NA,7.125
17/06/2000,20.45996,1.74,11.48,14.9,9.56,3.417,160.3,9.55,NA,NA,NA,NA,NA,NA,NA,NA,NA,NA,NA,NA,NA,NA,11.3,13.9,11.3,179.8630679,3.139202738,22,8.458333333
18/06/2000,20.46270,2.55,10.57,11.82,8.71,8.84,199.2,7.7,NA,NA,NA,NA,NA,NA,NA,NA,NA,NA,NA,NA,NA,NA,25,14,7.8,162.9273384,2.843618496,NA,5.916666667
19/06/2000,20.46543,1.85,11.51,14.12,9.44,0,88.2,9.06,NA,NA,NA,NA,NA,NA,NA,NA,NA,NA,NA,NA,NA,NA,6.7,15.4,7.9,157.4716468,2.748398715,NA,5.583333333
20/06/2000,20.46817,2.87,11.79,12.94,10.37,11.86,146.7,10.32,NA,NA,NA,NA,NA,NA,NA,NA,NA,NA,NA,NA,NA,NA,7.6,15.5,12.4,135.1976216,2.359643639,NA,7.25
21/06/2000,20.47091,2.43,11.94,14.42,9.77,4.422,176.8,7.78,NA,NA,NA,NA,NA,NA,NA,NA,NA,NA,NA,NA,NA,NA,15.5,13.9,11.9,170.506353,2.975897255,22,9.375
22/06/2000,20.47365,1.63,10.75,13.14,7.75,1.206,340.2,12.56,NA,NA,NA,NA,NA,NA,NA,NA,NA,NA,NA,NA,NA,NA,8.7,12.4,8.4,-81.1341977,-1.416058886,36,11.41666667
23/06/2000,20.47639,2.4,9.06,10.47,7.52,13.27,4.023,12.7,NA,NA,NA,NA,NA,NA,NA,NA,NA,NA,NA,NA,NA,NA,3,11.5,9,-38.88261058,-0.678629576,35,17.08333333
24/06/2000,20.47912,2.31,8.88,12.68,7.06,0.402,25.16,9.31,NA,NA,NA,NA,NA,NA,NA,NA,NA,NA,NA,NA,NA,NA,1.5,11.2,7.6,-5.861163075,-0.102296594,25,14.125
25/06/2000,20.48186,1.7,9.02,10.26,7.95,0,45.88,5.733,NA,NA,NA,NA,NA,NA,NA,NA,NA,NA,NA,NA,NA,NA,0,11.8,8,-0.202946137,-0.003542078,18,8.375
26/06/2000,20.48460,2.15,10.2,12.53,8.12,0,58.3,4.361,NA,NA,NA,NA,NA,NA,NA,NA,NA,NA,NA,NA,NA,NA,0,14.2,3.8,40.64728417,0.709428941,NA,6.75
27/06/2000,20.48734,1.21,11.29,13.26,9.48,0,106.1,3.263,NA,NA,NA,NA,NA,NA,NA,NA,NA,NA,NA,NA,NA,NA,0,13.8,9.9,44.59940245,0.778406417,21,9.666666667
28/06/2000,20.49008,2.76,11.59,13.4,9.97,0,49.12,9.84,NA,NA,NA,NA,NA,NA,NA,NA,NA,NA,NA,NA,NA,NA,0.4,12,9.8,28.35300483,0.494853287,30,14.29166667
29/06/2000,20.49281,5.87,10.55,12.64,8.95,0,54.23,11.72,NA,NA,NA,NA,NA,NA,NA,NA,NA,NA,NA,NA,NA,NA,0,11.5,8.3,45.83860499,0.800034582,29,16.375
30/06/2000,20.49555,5.81,9.94,11.42,9.05,0.402,52.9,12.04,NA,NA,NA,NA,NA,NA,NA,NA,NA,NA,NA,NA,NA,NA,1.5,11.1,9.4,34.58177484,0.603565832,23,14.20833333
01/07/2000,20.49829,3.55,10.73,12.9,9.01,0.603,51.45,9.81,NA,NA,NA,NA,NA,NA,NA,NA,NA,NA,NA,NA,NA,NA,1.2,12.7,9.6,27.82521721,0.485641655,18,11.60869565
02/07/2000,20.50103,4.27,11.09,13.72,10.07,0,50.75,8.84,NA,NA,NA,NA,NA,NA,NA,NA,NA,NA,NA,NA,NA,NA,0,13.3,9.7,25.81947327,0.45063482,25,14.25
03/07/2000,20.50376,4.1,11.4,13.43,10.19,0,46.92,9.4,NA,NA,NA,NA,NA,NA,NA,NA,NA,NA,NA,NA,NA,NA,0,14.2,10.5,30.83221146,0.538123606,25,12.16666667
04/07/2000,20.50650,4.75,10.53,11.85,8.67,0,44.01,12,NA,NA,NA,NA,NA,NA,NA,NA,NA,NA,NA,NA,NA,NA,0,12.1,10.4,NA,NA,27,NA
05/07/2000,20.50924,3.69,10.6,12.28,8.78,0,37.42,11.31,NA,NA,NA,NA,NA,NA,NA,NA,NA,NA,NA,NA,NA,NA,0,12.4,9.1,30.82585041,0.538012584,NA,NA
06/07/2000,20.51198,2.45,10.54,12.71,8.65,0,31.07,7.84,NA,NA,NA,NA,NA,NA,NA,NA,NA,NA,NA,NA,NA,NA,0,13.6,8.4,-24.68741968,-0.430876757,26,9.208333333
07/07/2000,20.51472,1.57,11.33,12.64,10.1,1.206,17.91,6.488,NA,NA,NA,NA,NA,NA,NA,NA,NA,NA,NA,NA,NA,NA,5.1,12.8,9.9,-87.06559585,-1.519581313,21,10.95833333
08/07/2000,20.51745,0.99,11.35,13.3,10.26,6.03,143.5,5.978,NA,NA,NA,NA,NA,NA,NA,NA,NA,NA,NA,NA,NA,NA,12.5,13.3,10.1,-133.6467522,-2.33257586,NA,7.458333333
09/07/2000,20.52019,3.17,NA,NA,NA,10.05,48.74,13.94,NA,NA,NA,NA,NA,NA,NA,NA,NA,NA,NA,NA,NA,NA,9.9,12.5,10.7,8.565962294,0.149504246,NA,10.83333333
10/07/2000,20.52293,3.9,NA,NA,NA,0,33.43,13.87,NA,NA,NA,NA,NA,NA,NA,NA,NA,NA,NA,NA,NA,NA,3.3,14,9,-14.54789899,-0.253908737,36,18.54166667
11/07/2000,20.52567,1.96,NA,NA,NA,0,62.46,7.34,NA,NA,NA,NA,NA,NA,NA,NA,NA,NA,NA,NA,NA,NA,0,12,7.9,-36.43051701,-0.63583247,20,9.875
12/07/2000,20.52841,2.71,NA,NA,NA,3.015,176.3,8.91,NA,NA,NA,NA,NA,NA,NA,NA,NA,NA,NA,NA,NA,NA,1.3,14.9,6.2,-157.5708045,-2.750129344,NA,8.666666667
13/07/2000,20.53114,2.76,NA,NA,NA,1.608,15.42,9.15,NA,NA,NA,NA,NA,NA,NA,NA,NA,NA,NA,NA,NA,NA,4.1,14.9,10.5,-101.3817502,-1.769445342,27,14.66666667
14/07/2000,20.53388,1.75,11.19,13.11,NA,0.201,12.28,10.06,NA,NA,NA,NA,NA,NA,NA,NA,NA,NA,NA,NA,NA,NA,0.8,14.3,10,-58.35744456,-1.018529551,29,14.83333333
15/07/2000,20.53662,1.03,11.17,13.45,NA,0,54,4.626,NA,NA,NA,NA,NA,NA,NA,NA,NA,NA,NA,NA,NA,NA,1,13.7,10,23.18392023,0.404635742,15,8.291666667
16/07/2000,20.53936,1.23,12.34,14.78,NA,0,205.3,4.028,NA,NA,NA,NA,NA,NA,NA,NA,NA,NA,NA,NA,NA,NA,0,13.5,6.3,21.83070075,0.381017606,NA,7.083333333
17/07/2000,20.54209,1.08,13.81,16.47,10.82,0,224.3,4.439,NA,NA,NA,NA,NA,NA,NA,NA,NA,NA,NA,NA,NA,NA,0,17.1,6.3,23.50001025,0.410152553,NA,4.458333333
18/07/2000,20.54483,1.41,13.67,14.69,12.84,0,106.3,7.98,NA,NA,NA,NA,NA,NA,NA,NA,NA,NA,NA,NA,NA,NA,0.4,19,12.6,-136.419411,-2.380967886,23,10.25
19/07/2000,20.54757,2.56,12.83,14.52,11.15,0.402,128.1,8.83,NA,NA,NA,NA,NA,NA,NA,NA,NA,NA,NA,NA,NA,NA,1.1,17.5,13,-131.2604127,-2.290926378,24,12.375
20/07/2000,20.55031,2.71,12.69,13.82,11.81,0,109.4,8.65,NA,NA,NA,NA,NA,NA,NA,NA,NA,NA,NA,NA,NA,NA,0,18.5,12,-127.4732483,-2.224827892,19,9.75
21/07/2000,20.55305,1.39,13.54,15.61,11.88,0,236.2,5.909,NA,NA,NA,NA,NA,NA,NA,NA,NA,NA,NA,NA,NA,NA,0,18,9.9,166.9747873,2.914259806,NA,6.291666667
22/07/2000,20.55578,2.65,14.95,16.84,12.48,0,45.29,6.88,NA,NA,NA,NA,NA,NA,NA,NA,NA,NA,NA,NA,NA,NA,0,16.1,11.3,24.83876465,0.433518225,NA,10.16666667
23/07/2000,20.55852,3.58,15.12,17.8,11.58,0,43.9,10.4,NA,NA,NA,NA,NA,NA,NA,NA,NA,NA,NA,NA,NA,NA,0,15.3,12.1,31.64921494,0.552383006,31,12.54166667
24/07/2000,20.56126,6.7,11.74,13.64,11.02,0,37.74,13.13,NA,NA,NA,NA,NA,NA,NA,NA,NA,NA,NA,NA,NA,NA,0.2,12.8,11.3,26.25298301,0.458200992,31,18.20833333
25/07/2000,20.56400,5.56,11.82,13.31,10.92,1.005,39.97,14.43,NA,NA,NA,NA,NA,NA,NA,NA,NA,NA,NA,NA,NA,NA,5,13.7,11.8,31.66196101,0.552605467,26,15.91666667
26/07/2000,20.56674,2.26,13.65,15.87,11.81,0.201,59.88,7.81,NA,NA,NA,NA,NA,NA,NA,NA,NA,NA,NA,NA,NA,NA,0,18.6,12.1,64.59716912,1.127433289,15,5.708333333
27/07/2000,20.56947,1.08,14.31,15.77,13.34,0.201,62.87,4.43,NA,NA,NA,NA,NA,NA,NA,NA,NA,NA,NA,NA,NA,NA,0,20.4,10.7,57.81843641,1.009122084,NA,4.25
28/07/2000,20.57221,1.18,14.05,15.38,12.64,4.623,64.84,4.714,NA,NA,NA,NA,NA,NA,NA,NA,NA,NA,NA,NA,NA,NA,0,16.4,11.9,37.663077,0.6573447,14,5.458333333
29/07/2000,20.57495,1.33,13.45,15.34,12.51,0,42.82,3.793,NA,NA,NA,NA,NA,NA,NA,NA,NA,NA,NA,NA,NA,NA,0,15.3,12.1,23.3736887,0.407947826,NA,4.166666667
30/07/2000,20.57769,1.34,13.72,15.08,12.44,0,64.61,4.351,NA,NA,NA,NA,NA,NA,NA,NA,NA,NA,NA,NA,NA,NA,0.4,16.4,12.3,24.00565561,0.41897773,NA,4.333333333
31/07/2000,20.58042,3.38,14.01,15.85,13.24,11.06,63.34,8.18,NA,NA,NA,NA,NA,NA,NA,NA,NA,NA,NA,NA,NA,NA,0,19,12.6,67.71009068,1.181764019,12,5.75
01/08/2000,20.58316,3.39,14.22,15.78,13.04,9.65,88.3,11,NA,NA,NA,NA,NA,NA,NA,NA,NA,NA,NA,NA,NA,NA,0.4,17.4,13.3,85.72090713,1.496112067,26,7.291666667
02/08/2000,20.58590,3.76,13.83,16.63,12.51,0,32.58,8.67,NA,NA,NA,NA,NA,NA,NA,NA,NA,NA,NA,NA,NA,NA,0,15.8,9.6,20.83244237,0.363594711,24,9.291666667
03/08/2000,20.58864,2.35,12.93,14.68,11.75,1.809,61.92,8.66,NA,NA,NA,NA,NA,NA,NA,NA,NA,NA,NA,NA,NA,NA,0,15.8,11.8,-49.39536641,-0.862111779,20,9.041666667
04/08/2000,20.59138,3.23,13.1,13.9,12.28,0.603,106.9,10.28,NA,NA,NA,NA,NA,NA,NA,NA,NA,NA,NA,NA,NA,NA,0.7,17.1,12.5,-130.3807965,-2.27557418,25,11.66666667
05/08/2000,20.59411,2.41,14,14.49,13.17,4.623,121.9,8.11,NA,NA,NA,NA,NA,NA,NA,NA,NA,NA,NA,NA,NA,NA,7.1,18,12.7,-154.093272,-2.689434951,28,14.83333333
06/08/2000,20.59685,1.81,13.27,14.81,12.15,0.402,61.26,9.17,NA,NA,NA,NA,NA,NA,NA,NA,NA,NA,NA,NA,NA,NA,0.8,15.1,12.2,-86.39907732,-1.50794837,24,10.08333333
07/08/2000,20.59959,1.05,14.01,15.38,12.01,7.04,130.1,6.664,NA,NA,NA,NA,NA,NA,NA,NA,NA,NA,NA,NA,NA,NA,5.3,14.1,10.9,133.8162004,2.335533289,NA,2.833333333
08/08/2000,20.60233,3.12,14.8,16.47,13.96,10.65,202.1,13.48,NA,NA,NA,NA,NA,NA,NA,NA,NA,NA,NA,NA,NA,NA,1,18.4,10.9,146.9933312,2.565517607,NA,5.791666667
09/08/2000,20.60507,2.82,14.54,15.44,13.64,7.44,180.4,11.82,NA,NA,NA,NA,NA,NA,NA,NA,NA,NA,NA,NA,NA,NA,36.9,15.6,14.1,156.5974277,2.733140714,23,9.708333333
10/08/2000,20.60780,1.78,13.15,15.45,11.72,4.623,20.28,10.47,NA,NA,NA,NA,NA,NA,NA,NA,NA,NA,NA,NA,NA,NA,1,15.5,12.1,-61.93249897,-1.080926021,27,11.45833333
11/08/2000,20.61054,4.1,13.64,14.99,11.78,4.221,197.7,10.94,NA,NA,NA,NA,NA,NA,NA,NA,NA,NA,NA,NA,NA,NA,0.7,15.6,11.1,177.7814513,3.102871674,NA,7.333333333
12/08/2000,20.61328,5.06,14.77,16.21,13.2,12.46,195.8,10.82,NA,NA,NA,NA,NA,NA,NA,NA,NA,NA,NA,NA,NA,NA,8.6,18.9,13.6,174.463073,3.044955047,28,11.625
13/08/2000,20.61602,3.58,15.02,16.64,13.87,3.216,200.6,9.59,NA,NA,NA,NA,NA,NA,NA,NA,NA,NA,NA,NA,NA,NA,0,18,12.8,156.0087634,2.722866583,NA,6.958333333
14/08/2000,20.61875,1.27,13.88,16.74,12.61,10.25,58.94,6.468,NA,NA,NA,NA,NA,NA,NA,NA,NA,NA,NA,NA,NA,NA,10.9,18.2,11.9,-35.36316153,-0.617203603,14,3.875
15/08/2000,20.62149,2.02,13.94,15.74,10.98,0,185.2,7.94,1.65,13.33,15.43,11.25,0,204.5,8.53,2.03,14.13,15.75,11.35,0,181.3,9.11,1.3,17.5,11,-166.6929681,-2.909341133,20,8.625
16/08/2000,20.62423,1.18,13.23,14.81,11.62,1.005,47.82,4.508,1.23,12.62,13.95,11.37,1.8,51.47,4.802,1.43,13.07,15.62,11.34,1.182,54.83,5.684,11.2,16,11,178.996603,3.124080071,NA,6.875
17/08/2000,20.62697,2.03,12.75,15.02,11.32,1.608,30.59,8.23,1.64,12.24,14.43,10.97,1.8,56.82,8.53,2.13,13.08,15.12,11.17,1.97,352,9.31,10.1,15.8,8.4,-12.79493361,-0.223313719,NA,2.208333333
18/08/2000,20.62971,1.63,13.11,15.48,11.58,0,2.945,8.72,2.01,12.26,14.22,11.11,0,316.9,10.29,1.93,12.87,15.37,9.65,0.197,352.1,12.05,20.2,14.9,10.2,-13.90546949,-0.242696227,NA,4.25
19/08/2000,20.63244,2.06,14.08,15.91,11.53,1.206,39.49,6.664,1.74,13.02,15.09,10.68,0,117,9.02,1.72,13.16,16.19,9.22,0.197,350.5,7.06,0,15.8,8,15.53511866,0.27113897,NA,7.75
20/08/2000,20.63518,3.22,14.39,15.94,12.98,0,72.2,6.37,2.4,13.3,15.02,12.01,0,132.3,10,2.44,14.19,15.61,13.01,0.197,160.4,9.8,0,15.7,9.2,52.93402937,0.923873099,NA,7.458333333
21/08/2000,20.63792,4.46,14.06,15.77,12.71,0,60.3,12.64,2.92,12.92,14.69,11.8,0,193,13.72,3.05,13.74,15.62,12.5,0,204.3,14.01,0,15.3,10.6,51.25543426,0.894576087,21,10.5
22/08/2000,20.64066,2.45,13.52,15.41,11.42,0,45.76,11.76,2.15,12.25,13.96,10.13,0,3.116,10.78,1.89,12.9,14.95,9.26,0,303.7,8.04,0,15.6,10,24.33519509,0.424729278,16,6.75
23/08/2000,20.64339,3.26,14,15.54,11.63,0,100.8,14.9,2.52,13.04,14.43,10.88,0.4,261.7,14.6,2.93,13.6,15.56,9.29,0.197,287.7,16.86,0,17.2,6.8,-124.794656,-2.178077636,27,9.333333333
24/08/2000,20.64613,2.73,14.94,16.77,13.77,0.201,65.77,11.07,2.92,14.03,15.34,13.21,1,276.4,14.41,2.72,15.11,17.06,14.22,0.591,293.1,11.37,0.8,18,11.7,-120.4837576,-2.102838266,35,11.29166667
25/08/2000,20.64887,2.33,15.54,17.8,14.3,0,185.6,8.33,2.07,14.58,16.79,13.4,0,127.6,9.8,2.02,15.66,17.6,14.32,0.394,171,8.13,0.4,19.2,11.4,159.7581336,2.788305438,NA,7.666666667
26/08/2000,20.65161,1.13,13.47,15,11.25,16.28,81.4,8.33,1.82,12.73,14.28,10.66,17.8,34.04,9.9,2.25,13.67,16.4,11.43,18.12,333.1,14.6,11.5,16.2,12.9,-174.4265448,-3.044317509,23,7.416666667
27/08/2000,20.65435,1.51,14.39,16.9,12.41,0,353.7,10.19,1.93,13.52,15.66,12.07,0.2,349.4,6.468,2.44,14.56,16.77,12.52,0.197,331.5,8.43,1,16.9,11.1,-64.69123452,-1.12907504,NA,4.041666667
28/08/2000,20.65708,2.01,14.29,17.3,11.46,0,40.85,7.06,1.91,13.41,15.5,11.57,0,28.06,6.272,1.58,14.38,17.29,12.02,0,7.3,6.174,0,15.8,12.9,35.00640296,0.610976991,16,8.583333333
29/08/2000,20.65982,1.68,13.63,15.91,12.12,0,31.01,6.566,1.61,12.72,14.56,11.44,0,4.662,7.35,1.26,13.59,16.39,10.47,0,342.4,5.684,0,15.6,7.6,-3.999104525,-0.069797541,NA,5.583333333
30/08/2000,20.66256,3.3,13.89,15.28,12.09,8.84,193.2,19.4,3.4,13.04,14.33,11.41,8.4,162.3,17.25,4.5,13.41,15.38,10.16,9.26,142.4,22.83,0.2,15,6.3,128.9396943,2.250422202,NA,6.208333333
31/08/2000,20.66530,6.4,14.35,15.22,13.61,11.46,173.6,22.64,5.56,13.49,14.51,12.74,9,130,21.27,5.16,14.5,15.27,13.64,9.85,163.5,25.97,16.4,16.7,11.7,142.1499431,2.480984538,36,13.66666667
01/09/2000,20.66804,4.26,14.8,17.07,13.51,0,36.12,16.86,3.05,13.62,15.4,12.8,0.2,175.5,15.78,3.06,14.7,16.6,13.5,0,271,13.43,0,17.1,10.7,26.582444,0.463951171,27,11.54166667
02/09/2000,20.67077,3.88,13.48,15.66,10.11,0,49.26,14.11,2.72,12.13,13.7,9.14,0,220.3,15.58,3.04,13.2,15.22,9.6,0,222.4,11.66,2,14.1,10.4,28.44865203,0.496522646,24,12.29166667
03/09/2000,20.67351,2.44,13.32,14.83,11.23,0.201,83.7,8.13,2.04,11.84,13.42,9.33,0,143.6,8.53,2.36,12.96,14.64,8.73,0,156.6,9.6,0,14.7,9.1,77.56459791,1.353757616,14,4.791666667
04/09/2000,20.67625,4.42,15.2,16.84,14.2,7.44,192.3,20.19,3.69,13.85,15.31,12.97,5.2,180.1,15.58,3.53,14.84,16.08,13.98,5.516,176.7,15.19,11,16.2,6.6,162.7691791,2.840858096,32,10.75
05/09/2000,20.67899,3.46,14.86,17.17,13.41,11.86,190.4,18.72,3.32,13.3,15.2,12,11.4,142.3,20.97,2.94,14.32,15.92,13.09,12.21,207.2,17.15,2.5,18.1,11.5,-140.1712805,-2.446450361,23,8.541666667
06/09/2000,20.68172,3.87,13.6,15.39,12.28,5.427,42.14,15.48,4.7,12.04,13.27,10.83,4.8,335.3,21.07,4.76,13.17,14.96,11.87,5.91,316.3,20.87,38.1,15.5,10.8,-111.324628,-1.942981297,34,12.875
07/09/2000,20.68446,7.85,14.06,15.86,12.11,10.25,127.8,27.24,6.06,12.8,14.72,11.03,9.8,194.1,32.93,6.8,13.9,15.99,12.01,11.03,256.4,32.83,19.6,16.1,10.2,-154.1592115,-2.690585812,52,25.375
08/09/2000,20.68720,5.73,13.17,14.47,10.69,NA,70.7,24.79,4.47,11.95,13.28,9.76,7.2,245.8,24.01,5.61,13.06,14.19,10.76,7.09,281.9,26.26,14.5,14.3,9.3,-133.3168331,-2.326817686,44,19.25
09/09/2000,20.68994,3.5,13.05,14.69,11.64,NA,59.71,16.37,2.69,11.93,13.34,10.51,2.2,305.4,21.95,3.7,12.94,14.29,11.62,2.561,263.3,17.05,5.8,14.9,10.1,-130.0127247,-2.269150115,36,13.5
10/09/2000,20.69268,1.79,13.1,15.91,11.23,NA,59.11,8.72,1.48,11.77,13.93,10.34,0,43.81,8.82,1.43,12.7,15.05,10.57,0.197,320.3,7.15,1.5,15.3,6.4,-143.5661169,-2.505701435,NA,5.583333333
11/09/2000,20.69541,4.52,12.93,14.16,12.18,NA,47.18,13.92,2.94,11.89,13.1,11.2,0,278.1,14.31,3.27,12.98,14.15,12.22,0,229.1,13.33,0,14,10.6,70,1.221730476,26,12.83333333
12/09/2000,20.69815,1.16,13.16,14.78,12.28,NA,79.7,7.15,1.23,12.19,13.53,11.4,0,293.1,9.51,1.25,13.19,14.58,12.12,0,323.9,6.958,0.9,13.5,11.5,111.2440669,1.94157524,NA,10.66666667
13/09/2000,20.70089,2.86,12.25,13.64,11.35,NA,189.2,16.27,2.5,11.39,12.74,10.43,23,145,15.39,2.86,12.46,13.65,11.58,21.08,170.2,18.13,13.1,12.9,10.8,-178.8676207,-3.121828906,NA,10.95833333
14/09/2000,20.70363,0.6,12.39,14.17,11.13,NA,300.8,5.292,1.27,11.45,12.81,10.47,9.8,321.4,7.06,1.24,12.22,14.86,10.13,10.05,324.7,5.292,32.9,13.6,11,42.65997678,0.744557054,NA,6.333333333
15/09/2000,20.70637,1.69,12.83,14.2,11.66,NA,74.4,10.98,2.07,11.62,13.07,10.57,1,278.3,9.8,1.95,12.43,14.69,9.72,0.985,304.8,10.39,0,15.9,8.7,-102.2313633,-1.784273889,16,5.916666667
16/09/2000,20.70910,2.42,13.36,14.52,12.25,NA,76.8,10.68,2.64,12.22,13.33,11.1,1,276.4,12.74,2.62,13.22,14.66,12.09,1.182,287.1,12.74,1.6,15,11.5,-137.0505799,-2.391983861,19,8.791666667
17/09/2000,20.71184,2.75,12.32,14.1,9.21,NA,157.9,12.15,2.27,11.04,12.53,8.33,6.2,236.4,12.64,2.44,12.02,13.6,7.41,6.107,190.1,12.54,1.7,14.1,6.8,-158.4840144,-2.766067863,29,9.25
18/09/2000,20.71458,1.64,11.62,14.4,8.28,NA,167,7.74,1.68,10.17,12.79,7.63,1.4,251.9,8.92,1.98,10.94,14.04,7.79,1.379,301.2,7.94,2.4,14.1,4.4,-130.7607124,-2.282204964,18,6
19/09/2000,20.71732,2.73,11.79,14.14,9.44,NA,57.04,12.05,2.68,10.34,12.71,8.27,15,107.1,11.07,3.33,11.42,13.72,9.14,17.34,86,15.29,0,15.3,8.6,143.069844,2.497039839,27,13.41666667
20/09/2000,20.72005,6.73,12.84,15.75,10.65,NA,107.9,24.21,5,11.51,14.61,9.38,13.2,151.8,29.4,4.55,12.66,15.57,10.57,12.8,191.8,20.09,3.7,17.8,10.9,122.5647122,2.139157774,50,20.75
21/09/2000,20.72279,5.27,12.55,13.51,10.76,NA,130.9,19.6,5.65,11.18,12.01,9.63,10.2,123.9,17.05,7.05,12.42,13.18,10.76,10.64,151.4,17.15,4.2,15,11.2,144.3811952,2.519927233,24,12.5
22/09/2000,20.72553,3.95,13.2,14.63,11.48,NA,187.1,15.58,3.29,12.03,13.15,10.6,9.4,150.1,15.48,2.99,13.08,14.39,11.37,8.27,179.4,17.05,4.7,15,11.7,-166.7676562,-2.910644687,36,14.79166667
23/09/2000,20.72827,4.27,14.46,17.04,12.41,NA,95.3,15.88,3.65,12.94,15.21,11.23,12.6,122.5,16.66,3.3,13.99,16.22,12.26,13.59,150.6,13.72,11.6,16.6,11.7,128.4579607,2.242014364,20,10.16666667
24/09/2000,20.73101,3.2,15.21,18.26,13.44,NA,143.4,13.23,3.52,13.67,15.38,12.07,4,126.3,11.86,2.82,14.83,17.17,12.87,4.334,155.7,11.37,0,18.2,14.2,125.5391088,2.191070788,24,10.5
25/09/2000,20.73374,1.17,13.95,14.71,12.81,NA,63.12,6.272,1.36,12.64,13.78,11.54,0,81.8,6.566,1.34,13.45,14.73,11.92,0.197,54.09,7.25,0.3,15.8,12.5,108.2654701,1.88958892,22,8.208333333
26/09/2000,20.73648,3.36,13.79,14.79,12.54,NA,78.6,8.92,3.2,12.64,13.8,11.73,0.2,102.6,12.25,2.99,13.67,14.69,12.65,0.197,147.4,11.56,0,16.2,11.7,117.0909067,2.043621846,26,12.29166667
27/09/2000,20.73922,3.88,12.18,13.24,9.57,NA,140.5,15.39,3.83,11.28,12.24,9.2,15.6,146.3,13.62,4.53,12.4,13.1,10.16,14.38,160.2,16.56,12.2,14.8,10.7,157.4167506,2.747440596,32,12.58333333
28/09/2000,20.74196,3.16,11.9,13.54,9.81,NA,167.7,9.6,2.78,11.08,12.77,9.2,9.4,135.6,9.41,3.25,12.17,13.26,10.43,9.26,156.2,13.62,4.8,13.7,8.5,169.7707598,2.963058732,24,10.29166667
29/09/2000,20.74470,3.59,12.29,13.57,10.13,NA,80.6,11.76,3.46,11.7,13.32,9.33,27.4,101.8,12.25,3.68,12.74,13.91,10.55,26.79,131.9,19.6,0.6,16.8,10.7,97.71788785,1.705498881,21,8.208333333
30/09/2000,20.74743,0.98,12.84,15.64,11.12,NA,285.6,6.076,1.67,12.4,15.45,10.57,0,301.8,7.15,1.45,12.65,16.14,10.26,0.197,337,5.684,0,16.1,6.4,-67.74174419,-1.182316477,NA,3.375
01/10/2000,20.75017,4.11,12.27,13.24,11.13,NA,99.6,13.13,4.51,11.7,12.71,10.74,2.8,119.1,13.82,5.33,12.82,13.68,10.81,2.955,134.7,13.13,0,15.5,5.7,123.4751278,2.155047525,NA,6.291666667
02/10/2000,20.75291,4.1,10.84,12.64,9.17,NA,153.8,17.15,4.33,10.37,12.01,8.9,5,116.7,25.48,4.07,11.49,13.14,10.03,3.349,219.6,18.42,2.3,13.6,6.8,-143.9867898,-2.513043562,33,11.58333333
03/10/2000,20.75565,2.55,10.06,12.31,7.02,NA,35.7,14.31,3.73,9.68,12.01,7,21.6,330.2,19.8,3.8,10.8,12.87,8.17,21.08,218.6,19.4,40.8,14.8,8.4,172.751033,3.015074313,44,19.95833333
04/10/2000,20.75838,5.18,9.89,11.36,7.82,NA,144.5,20.58,4.2,9.49,11.01,7.42,5.4,225.8,23.52,4.5,10.6,11.99,8.49,4.531,171.3,26.07,17,12.3,6.1,-139.2740258,-2.430790312,43,16.66666667
05/10/2000,20.76112,1.83,10.05,12.18,7.52,NA,355.4,11.86,3.25,9.63,11.13,7.43,0,6.785,14.6,3.13,10.7,12.72,8.43,0,310.8,13.23,9.6,12.3,4.3,-83.18159368,-1.451792687,24,9.125
06/10/2000,20.76386,4.92,11.42,12.28,9.81,NA,188,14.7,3.6,11.19,12.14,9.44,4.4,128.4,16.37,3,12.25,13.07,10.54,3.743,179.8,12.25,0.2,12.7,5.4,-155.1173185,-2.707307935,25,9.916666667
07/10/2000,20.76660,6.36,11.08,12.31,9.11,NA,165.5,22.44,5.15,10.95,12.27,9,5.4,159,30.77,5.03,12.03,13.11,10.2,5.516,177.8,25.87,3.7,14.1,8.8,-169.134,-2.951945177,37,16.95833333
08/10/2000,20.76934,4.24,9.03,10.31,6.79,NA,78.5,20.09,3.04,8.78,9.94,6.864,6.6,268.6,16.86,3.87,9.87,11.15,7.88,7.29,253.1,21.85,16.1,11.2,5.8,-138.0224203,-2.408945676,33,11.70833333
09/10/2000,20.77207,2.81,8.22,9.54,6.593,NA,74.2,15.09,2.19,8.06,9.18,6.733,15.2,67.53,14.31,2.78,9.19,10.47,7.65,15.37,205.6,18.23,4.4,10.8,5.6,152.7022582,2.665157182,25,10.91666667
10/10/2000,20.77481,6.58,9.4,11.45,7.16,NA,46.08,21.95,5.26,9.27,11.51,7.14,10.4,156.5,26.17,5.37,10.4,12.5,8.3,11.03,223.3,24.01,18.7,11.1,7.9,60.45127431,1.055073774,44,22.20833333
11/10/2000,20.77755,4.98,9.98,10.84,8.15,NA,36.84,22.15,5.08,9.9,10.71,8.36,3.2,230.4,27.64,4.62,10.94,11.73,9.48,3.94,255.1,24.21,4.6,12.3,9.8,58.53160014,1.021569139,46,19.41666667
12/10/2000,20.78029,4.8,9.79,11.45,7.52,NA,30.31,24.01,5.03,9.61,11.38,7.56,0.6,161.9,23.81,6.04,10.73,12.02,8.66,0.591,24.88,30.28,3.4,12.1,9.9,0.777277621,0.013566054,40,21.70833333
13/10/2000,20.78303,4.42,8.43,11.43,7.06,NA,225.1,22.05,4,8.22,11.18,6.901,7.8,179.3,19.01,3.69,9.35,12.2,8,9.46,181.9,20.68,7.9,12.1,8.3,-121.8189463,-2.126141704,41,12.70833333
14/10/2000,20.78576,5.87,10.89,11.91,8.97,NA,166.8,18.91,4.08,10.64,11.57,9.15,3.4,41.25,19.5,4.98,11.78,12.68,10.34,2.167,179.7,21.95,6,12.8,8.4,-156.3947625,-2.729603539,40,16.08333333
15/10/2000,20.78850,8.9,11.15,12.44,8.83,NA,201.7,26.36,7.54,10.96,12.11,9.2,5,140.9,28.13,6.19,12.08,13.04,10.01,5.713,179.9,27.54,4.1,14.2,10.5,-170.333674,-2.972883438,48,NA
16/10/2000,20.79124,3.46,10.19,11.45,9.25,NA,140.3,13.13,2.49,9.97,11.27,9.07,0,315.6,14.7,3.05,11.06,12.32,10.29,0.197,215.7,11.96,10.4,11.7,4.8,-149.4729976,-2.608795951,23,8.875
17/10/2000,20.79398,6.84,10.32,11.42,8.95,NA,187.7,24.89,5.57,10.06,11.18,9.07,6.6,164.7,24.3,6.65,11.22,12.12,10.13,6.501,166.4,24.79,12.3,11.9,5.3,-172.7759938,-3.015509961,50,20.20833333
18/10/2000,20.79671,9.65,10.21,10.89,8.47,NA,193.9,25.48,7.33,10,10.71,8.19,2.4,95.5,32.73,6.18,11.16,11.78,9.51,2.167,189.6,20.19,4.7,12.4,8.6,-155.7003987,-2.717484603,49,22.25
19/10/2000,20.79945,5.51,9.52,10.76,7.55,NA,180.2,19.01,4.1,9.19,10.41,7.46,4.2,54.52,19.6,4.98,10.38,11.34,8.35,4.334,170.5,17.25,1.8,11,7.1,-152.0837297,-2.654361822,41,16.16666667
20/10/2000,20.80219,5.14,9.59,10.84,7.82,NA,94.8,15.19,5.33,9.04,10.15,7.43,4.2,121.7,18.72,5.62,10.32,11.46,8.6,4.925,150.5,19.11,5.3,12.9,6.8,157.3668679,2.746569978,54,20.58333333
21/10/2000,20.80493,3.69,9.76,11.23,8.68,NA,140.4,17.15,3.46,9.29,10.74,8.52,0.4,177.7,17.35,3.27,10.33,11.76,9.48,1.182,243.4,18.62,5.6,11.5,6.1,-126.2167742,-2.20289828,33,11.125
22/10/2000,20.80767,8.27,9.71,11.16,8.32,NA,199.6,23.62,6.68,9.16,10.74,7.97,11.6,161.2,20.09,8.91,10.44,11.72,9.31,11.03,154,26.56,5.1,11.4,7.3,172.0635972,3.003076293,46,26.66666667
23/10/2000,20.81040,3.61,10.41,12.41,9.3,NA,206.6,12.54,4.02,9.9,11.47,8.83,3.8,123.5,18.23,3.2,11,12.39,9.95,3.94,235.5,18.33,17.4,11.7,7.9,-153.1588143,-2.673125589,38,14.70833333
24/10/2000,20.81314,4.8,10.09,11.02,9.65,9.65,156.9,15.39,4.25,9.66,10.44,8.77,13.4,132.2,17.15,5.6,10.71,11.44,10.59,14.181,153.5,16.56,6.8,11.4,7.9,-129.8025098,-2.265481173,28,13.08333333
25/10/2000,20.81588,4.93,9.53,11.29,8.13,2.613,35.92,23.13,6.36,9.08,10.85,7.81,3.6,2.443,29.17,6.2,10.1,11.67,8.72,2.364,319.6,23.81,11.2,11.5,7.1,-98.69850457,-1.722613872,42,18.16666667
26/10/2000,20.81862,3.72,9.73,11.69,8.01,3.417,89.4,22.61,4.48,9.11,11.05,7.61,6.6,38.42,30.71,4.92,10.24,12.09,8.48,5.122,284.8,26.69,16.6,11.9,6.7,-100.4556035,-1.753281033,32,10.58333333
27/10/2000,20.82136,4.91,9.36,11.05,6.789,9.05,151.8,17.41,4.13,8.83,10.45,6.275,8.4,199,20.19,4.97,9.95,11.46,7.48,8.86,165.6,23.42,5.4,12.5,6,-153.9632833,-2.68716622,35,14.5
28/10/2000,20.82409,5.29,9.51,10.8,7.39,16.48,91.9,14.21,4.53,8.8,10.12,7.12,20.8,138.3,19.76,4.98,10.01,11.1,7.95,21.28,162.3,17.48,23.2,10.8,6,142.6824345,2.490278267,40,14.125
29/10/2000,20.82683,5.71,8.6,9.53,7.36,17.29,54.93,22.18,5.7,8.02,9.02,6.879,29.4,325,31.98,6.5,9.04,10.06,7.88,24.82,284.6,25.51,86.6,10.5,6.7,-132.904679,-2.319624239,47,18.16666667
30/10/2000,20.82957,2.21,8.58,10.56,6.087,8.84,112.7,14.6,2.23,7.94,9.68,5.707,9.6,163.3,14.7,2.74,9,10.29,7.95,13.588,234.3,17.87,3.7,10.5,5.5,-158.481269,-2.766019946,30,10.91666667
31/10/2000,20.83231,2.39,7.44,9.43,5.157,7.04,26.76,13.03,3,6.92,8.69,4.843,8.6,322.8,15.26,3.07,7.87,9.96,5.721,9.65,319.1,15.39,8.2,10.2,5.3,NA,NA,26,NA
01/11/2000,20.83504,1.88,6.62,8.43,5.43,2.01,2.461,12.58,2.68,6.03,7.31,4.977,1.6,339.1,14.11,2.74,6.75,9.09,4.18,2.364,327.7,14.67,4,7.4,1.8,-87.11699248,-1.520478353,26,6.416666667
02/11/2000,20.83778,1.15,6.65,9.04,5.132,0,321.1,6.076,1.48,5.9,7.98,4.34,0,308.8,7.15,1.49,6.05,9.87,3.611,0,343.3,7.35,0.7,10.1,1.1,-53.20221804,-0.928553874,NA,2.666666667
03/11/2000,20.84052,2.11,7.35,9.77,5.461,3.216,333,12.32,3.62,7.01,8.75,5.613,2.4,336.9,16.86,3.46,8.03,9.49,6.55,3.743,298.5,18.03,1.8,9.3,0.2,-57.01487753,-0.995097336,NA,4.041666667
04/11/2000,20.84326,2.22,7.94,10.33,5.522,2.01,331.8,12.38,3.58,7.59,9.32,6.048,2.6,337.9,19.96,3.4,8.68,10.29,5.976,2.758,298.9,14.67,5.9,9.4,2.9,-76.46848091,-1.334626766,25,6.625
05/11/2000,20.84600,2.54,7.38,9.42,5.266,3.015,4.305,19.93,2.61,7.01,8.71,5.311,3.4,316.6,17.12,2.27,7.74,9.99,4.984,3.743,294.2,14.57,2.2,9.2,1.5,-67.75962286,-1.182628519,NA,3.458333333
06/11/2000,20.84873,5.74,8.23,9.6,6.89,5.226,34.33,20.87,5.24,7.67,8.92,6.448,5.8,81.7,19.14,5.39,8.73,9.79,7.51,7.29,287.4,22.7,6.2,9.7,5.4,NA,NA,32,NA
07/11/2000,20.85147,6.46,8.38,9.46,6.221,6.432,29.85,23.03,6.74,7.8,8.82,5.846,7.8,129.2,25.12,5.95,8.81,9.92,6.945,7.88,261.5,27.34,9.2,10,7.4,29.59523151,0.516534233,48,25.58333333
08/11/2000,20.85421,5,6.34,7.29,5.126,0.402,38.82,20.22,5.06,5.73,6.551,4.709,0.4,152.3,20.12,6.1,6.88,7.75,5.779,0.197,46.73,26.59,9.5,7.8,5.9,-5.835395992,-0.101846873,43,22.54166667
09/11/2000,20.85695,2.15,6.39,8.36,4.396,0.402,346,12.87,3.11,5.89,7.61,4.508,0.4,293.2,15.88,2.74,6.65,8.48,3.376,0.197,223,14.8,6,8.2,4.2,-21.72524553,-0.379177065,31,11.66666667
10/11/2000,20.85969,3.72,7.14,8.83,5.266,4.221,164.5,15.19,3.72,6.45,7.88,4.747,4.4,162.1,16.14,4.5,7.54,9.25,3.745,5.516,179,16.69,5.2,8.4,1.9,-169.5459052,-2.959134279,NA,9.083333333
11/11/2000,20.86242,4.36,6.82,8.16,5.232,2.613,98,11.83,3.22,6.05,7.22,4.313,2.4,149.7,16.07,3.41,7.38,8.55,5.479,2.561,169.1,14.01,5.3,7.7,2.9,159.1878976,2.778352943,17,6.5
12/11/2000,20.86516,3.69,7.44,8.86,5.892,2.814,29.74,22.08,4.3,6.79,7.98,5.278,4.2,216.5,19.5,5.09,7.91,9.15,6.442,5.122,15.13,22.18,12.2,8.5,2.5,7.09438156,0.123820317,23,7.5
13/11/2000,20.86790,3.65,7.61,8.53,6.388,5.025,20.13,22.57,5.82,7,7.79,5.877,5.8,238.2,24.57,6.25,8.13,8.95,7.01,6.304,60.39,29.27,14.8,8.7,5.3,-24.53521157,-0.428220225,41,15.45833333
14/11/2000,20.87064,2.42,6.1,7.49,4.159,0.201,349.5,16.53,3.21,5.51,6.515,4.005,0.6,304.3,23.65,3.48,6.48,7.75,3.343,0.591,346.9,20.84,3.1,7.8,3.3,-30.62198524,-0.534454466,38,11.20833333
15/11/2000,20.87337,6.37,7.89,9.93,6.355,11.06,200.4,21.23,6.1,7.3,9.28,5.881,9,160.9,21,6.16,8.37,10.16,7.01,8.86,181.9,23.75,4.3,9.4,2.6,-169.2543421,-2.954045543,46,17.45833333
16/11/2000,20.87611,2.9,6.11,7.63,3.694,7.44,28.12,14.67,3.77,5.52,6.919,3.203,8.6,347.4,21.14,4.04,6.54,8.02,4.347,9.26,300.4,17.54,2,8,2,-129.5751053,-2.261512215,22,6.875
17/11/2000,20.87885,3.26,6.21,8.46,3.627,3.618,45.35,18.36,4.41,5.66,7.65,3.103,3.4,324.8,19.27,5.01,6.72,7.13,4.247,3.743,298.7,21.72,10,5.9,1.7,-101.6114205,-1.773453846,29,7.416666667
18/11/2000,20.88159,3.63,6.24,8.56,4.061,2.613,5.415,17.64,5.96,5.67,7.71,3.57,3.8,32.25,23.45,5.49,6.72,8.79,4.609,3.546,316,20.78,19,7.3,2.2,-94.47432872,-1.648888095,38,15.83333333
19/11/2000,20.88433,3.95,7.49,8.46,5.719,4.623,14.13,17.71,5.67,6.84,7.75,5.311,5.2,311.7,24.04,5.87,7.98,8.85,6.444,5.319,302.3,21.89,7.3,7.4,3.1,-28.61369621,-0.49940321,43,14.91666667
20/11/2000,20.88706,5.12,7.07,7.99,5.92,2.613,36.19,16.3,4.25,6.47,7.38,5.445,3.2,139.7,17.87,4.48,7.59,8.38,6.61,2.955,259.7,22.47,6.2,8.2,4.3,40.83246832,0.712661014,31,11.5
21/11/2000,20.88980,4.09,6.65,7.39,5.094,0,74.5,11.86,2.67,5.72,6.513,4.642,0.2,121.8,14.57,2.73,7.05,7.85,5.578,0,154.4,12.71,5.2,7.3,3.1,99.25212667,1.7322764,24,8.416666667
22/11/2000,20.89254,2.24,6.3,7.42,4.964,4.422,27.47,8.17,1.79,5.61,6.885,4.509,5,337.5,11.43,2.02,6.69,7.75,5.177,4.531,295.1,9.24,9.6,8.1,4.4,64.41336925,1.124225376,21,9.375
23/11/2000,20.89528,1.87,7.33,8.49,5.953,12.26,343.1,9.7,2.19,6.84,7.88,5.605,11.4,310.9,11.11,2.25,7.83,9.05,6.074,13.4,313.2,10.78,8.2,8.4,4.4,-135.6751576,-2.367978213,19,7.75
24/11/2000,20.89802,1.07,7.05,8.73,5.655,7.04,164.9,6.958,1.31,6.39,8.02,5.412,7,269.1,6.86,1.52,7.2,9.42,5.452,7.29,335.1,7.28,2.6,7.8,2.6,-114.5825944,-1.999843538,NA,4.833333333
25/11/2000,20.90075,2.62,7.49,9.53,5.853,1.608,72.1,9.6,2.16,6.72,8.48,5.311,2.6,121.9,10.32,2.61,7.82,9.76,5.21,2.561,159.8,10.75,1.8,9.4,3.9,119.924599,2.093079107,NA,6.875
26/11/2000,20.90349,1.95,7.54,9.06,6.154,0.804,0.932,11.27,3.32,7.02,7.85,5.948,0.8,348.4,17.02,3.44,7.99,9.12,6.447,0.394,322.4,14.54,7.2,7.9,3.1,-94.32632501,-1.646304943,20,4.791666667
27/11/2000,20.90623,1.65,7.51,9.4,5.366,1.608,82,11.3,1.85,6.52,9.46,4.742,1.8,257.6,10.71,2.42,7.36,9.39,4.147,1.97,83.7,11.86,4.8,8.3,1.9,-144.1596909,-2.516061255,NA,6.041666667
28/11/2000,20.90897,4.59,9.44,10.39,6.756,2.211,181.4,11.89,3.92,8.76,9.58,5.975,3.8,125.7,13.62,3.46,9.79,10.59,7.08,3.546,162.8,16.82,9,10.8,7.1,153.9225426,2.686455161,21,7.5
29/11/2000,20.91170,4.74,10.21,11.52,7.93,8.24,110.4,18.49,5.11,9.47,10.75,7.38,14,125.5,23.03,5.55,10.44,11.5,8.42,14.58,152.4,20.91,23.4,12.5,8.8,147.6322528,2.576668894,48,13.58333333
30/11/2000,20.91444,5.85,9.16,11.32,7.83,2.412,124.6,23.52,6.27,8.36,10.52,7.15,4.8,134.7,25.41,6.97,9.51,11.46,8.32,6.698,157.1,22.61,9.6,9.8,5,-174.0633715,-3.03797894,48,16.45833333
01/12/2000,20.91718,4.95,10.14,11.32,8.9,5.025,141,18.1,5.55,9.27,10.49,8.07,5,138.1,19.6,6.4,10.44,11.57,9.42,6.107,151,23.29,17.3,11.7,6.3,NA,NA,40,NA
02/12/2000,20.91992,6.41,9.34,10,8.53,5.427,158.9,18.23,5.19,8.57,9.15,7.71,7.2,138.8,19.6,5.58,9.67,10.19,8.95,6.501,180.1,21.23,32.4,10.7,8.2,-173.1234601,-3.021574392,42,23.16666667
03/12/2000,20.92266,4.57,9.02,10.17,7.66,6.231,162.7,13.82,4.2,8.22,9.31,6.874,10.2,133.7,17.31,4.87,9.35,10.49,8.22,8.47,153.6,18.49,17.4,9.3,7.5,-160.5332602,-2.80183395,31,14.5
04/12/2000,20.92539,4.42,9.84,10.42,8.85,14.67,198.1,13.95,3.64,9.27,9.68,8.18,16.8,140.4,16.69,3.24,10.21,10.76,9.19,15.165,157.6,14.37,29.2,10.6,7,162.9597614,2.844184385,32,12.75
05/12/2000,20.92813,6.5,9.8,10.85,8.29,1.809,208.4,17.61,5.91,9.27,10.38,7.81,1.8,165.3,20.12,5.73,10.4,11.4,9.15,1.97,162.4,18.82,12.8,12,8.6,-177.7610828,-3.102516177,39,17.04166667
06/12/2000,20.93087,4.56,9.39,10.32,8.6,0.603,172,19.27,5.05,8.81,9.61,8.28,0.6,140.4,13.98,6.99,9.99,10.86,9.49,0.985,149.8,18.16,5.2,10.3,8.2,157.5769587,2.750236755,27,12.95833333
07/12/2000,20.93361,4.7,9.16,10.08,8.23,1.407,183.2,15.61,4.55,8.59,9.48,7.34,1.8,159.8,13.52,5.88,9.79,10.69,8.38,1.576,148.6,21.04,0.7,10.5,6.2,153.4166913,2.677626391,25,10.25
08/12/2000,20.93634,5.99,8.43,9.36,7.49,11.26,46.22,26.2,4.93,8.01,8.98,7.24,13,216.6,24.4,4.49,9.03,9.96,8.32,12.21,245.3,21.4,27.4,9.1,6.9,57.87523086,1.010113334,42,18.70833333
09/12/2000,20.93908,2.69,8.67,9.3,7.76,2.814,30.98,14.01,3.16,8.28,8.78,7.44,2.6,327.4,15.22,3.4,9.31,9.86,8.35,1.97,301.1,13.56,3.3,9.7,7.8,-75.98675452,-1.326219054,23,8.958333333
10/12/2000,20.94182,5.59,8.38,9.1,7.26,0.402,187.5,18.13,4.51,7.92,8.61,6.945,0.4,121.6,21.14,5.28,9.12,9.69,8.22,0.788,168.5,18.2,8.8,9.4,6.6,-165.8045125,-2.893834657,27,12.58333333
11/12/2000,20.94456,6.04,8.43,9.5,6.354,7.44,190.3,15.88,4.72,8.02,9.05,6.241,6.2,126,18.26,4.35,9.14,10.23,7.48,7.88,172.3,19.5,5.6,9.4,6.6,-155.8640482,-2.720340826,35,14.95833333
12/12/2000,20.94730,6.37,7.85,9.73,6.254,5.829,169.1,26.13,5.53,7.42,9.41,6.076,8.8,194.7,31.65,5.47,8.52,10.43,6.978,4.728,169.3,33.65,7,10.6,5.6,-174.8892099,-3.052392539,53,19.04166667
13/12/2000,20.95003,3.92,6.62,7.46,4.75,9.05,345.2,17.84,6.8,6.15,7.01,4.541,10,24.9,26.43,6.38,7.19,8.12,5.54,8.86,318.2,22.7,29.5,7.3,4,-73.92517469,-1.290237698,40,16.29166667
14/12/2000,20.95277,3.96,5.21,7.53,1.251,3.618,29.98,24.27,5.5,4.7,7.08,1.066,3.8,204.1,21.63,6.08,5.86,8.25,2.271,4.137,12.84,24.47,16.5,7.5,2.4,-27.18972406,-0.474550207,42,18.5
15/12/2000,20.95551,1.96,2.77,4.664,1.023,1.206,51.36,14.11,1.75,2.13,3.711,0.837,1,190.3,12.74,2.35,3.41,5.485,2.003,0.591,159.6,15.81,0.4,3.5,0.8,-43.86370004,-0.765565988,28,5.583333333
16/12/2000,20.95825,2.27,5.35,6.957,3.785,5.829,281.5,15.26,2.99,4.8,6.08,3.47,4.8,306.1,14.28,3.49,5.56,7.31,2.472,6.304,314.1,19.8,4.8,4.9,0.9,-105.1485316,-1.83518808,14,3.541666667
17/12/2000,20.96099,4.07,6.21,7.83,5.057,1.809,137.6,16.17,4.71,5.4,7.15,3.912,1.8,139.9,16.14,6.62,7.06,8.48,4.08,2.167,149.9,17.02,0,6,-2,-175.7211619,-3.06691284,NA,8.291666667
18/12/2000,20.96372,5.63,8.03,9.06,7.02,0.201,181.3,20.32,5.81,7.44,8.54,6.509,0.2,142.7,19.37,7.94,8.83,9.72,8.05,0,152.9,17.9,2,8.1,5.2,158.8183131,2.771902476,28,12.95833333
19/12/2000,20.96646,5.94,7.48,8.56,6.488,2.613,122,16.53,6.77,6.96,8.02,6.174,3.8,134.6,16.86,8.06,8.31,9.29,7.61,4.137,153.2,17.9,3.2,8.4,6.2,130.3723723,2.275427151,27,12.29166667
20/12/2000,20.96920,3.23,7.76,8.33,6.722,0.201,202.5,8.17,2.35,7.23,7.85,6.442,0,159.2,9.15,2.35,8.52,9.02,6.71,0,178.6,8.46,29.3,8.3,3.2,179.7625356,3.137448118,22,6.583333333
21/12/2000,20.97194,2.33,8.16,9.33,7.06,0,56.7,9.28,2.43,7.85,9.82,6.643,0,102.3,9.18,2.05,8.71,11.1,6.576,0.197,90.7,11.37,0,8.3,1.1,20.79251529,0.362897851,NA,2.625
22/12/2000,20.97467,2.02,7.53,8.49,5.686,0,58.99,8.53,1.6,7.09,8.15,5.505,0,181.5,11.66,1.64,8,9.02,6.61,0,133.7,8.92,0,6.6,1.7,58.05276407,1.013211873,NA,3.458333333
23/12/2000,20.97741,8.6,5.91,7.83,4.124,0,57.58,18.59,5.78,5.37,7.18,3.771,0.4,170.6,23.49,5.91,6.55,8.32,4.943,0,180.5,20.35,4.6,7.4,3.5,59.1422459,1.032226918,36,14.5
24/12/2000,20.98015,8.91,4.69,5.634,1.485,1.407,57.54,17.22,6.72,4.05,4.943,1.429,2.4,167.9,25.41,6.36,5.32,6.181,2.436,2.167,177.4,20.12,12.8,5.5,2.3,64.1889806,1.120309055,36,13.33333333
25/12/2000,20.98289,3.49,4.09,5.132,1.558,1.005,42.17,11.73,2.42,3.54,4.543,1.368,0.6,171.3,14.83,2.37,4.49,5.713,1.903,1.97,234.4,12.05,0.2,4.2,-0.6,-0.115975247,-0.00202415,15,4.375
26/12/2000,20.98563,3.19,1.48,3.698,-1.747,1.809,21.1,15.12,3.28,1.2,3.316,-1.503,1.8,179.5,16.43,3.4,2.33,4.515,-1.072,2.758,278.1,20.55,NA,2.6,-2.5,-33.47094107,-0.584178125,26,7.375
27/12/2000,20.98836,2.62,-0.38,2.001,-3.42,0,21.77,15.48,2.13,-0.6,1.776,-3.511,0,250.6,13.62,2.3,0.47,2.613,-2.613,0,288.5,15.35,0,0.8,-5.7,-54.12500033,-0.944659463,NA,4.041666667
28/12/2000,20.99110,7.78,3.14,4.664,0.817,8.24,48.51,18.29,5.73,2.65,3.908,0.732,7.2,177.4,31.56,5.85,3.89,5.183,1.735,7.68,189.7,20.94,NA,3.8,0.1,71.56754462,1.249089291,22,9.208333333
29/12/2000,20.99384,2.17,2.55,4.296,0.95,2.814,1.204,12.77,1.93,2.45,3.678,0.897,6.4,282.4,11.3,2.11,3.47,4.649,1.902,4.334,311.9,10.49,NA,4.4,-1.8,-45.47890776,-0.793756681,21,6.083333333
30/12/2000,20.99658,2.16,3.97,5.634,1.656,3.618,11.04,11.89,2.43,3.74,5.118,1.736,6,306.5,11.34,2.47,4.73,6.322,2.639,3.546,304.2,13.2,NA,2.8,-2.4,-117.7127952,-2.054475847,17,4.375
31/12/2000,20.99932,5.92,5.12,7.66,2.489,3.015,120.3,17.61,5.95,4.47,6.911,1.768,7.2,129.2,18.33,7.19,5.89,8.15,2.941,10.05,147.3,22.64,11.5,4.9,1,160.186251,2.795777496,29,11.95833333
01/01/2001,21.00205,3.42,7.77,8.63,6.455,6.231,167.4,12.32,3.2,7.12,8.01,5.94,7.2,138.4,16.46,3.26,8.32,9.15,6.945,7.09,156.7,12.09,17.7,8.4,4,153.7527448,2.68349163,26,12.16666667
02/01/2001,21.00479,2.95,7.31,8.66,5.819,7.44,68.26,12.05,2.64,6.76,7.98,5.342,13.2,119.5,11.76,2.7,7.81,9.05,6.543,11.82,173.7,12.67,4,8.6,5.9,130.682635,2.280842255,28,9.333333333
03/01/2001,21.00753,5.27,5.48,6.689,4.354,0.402,112.6,15.94,4.27,4.94,6.114,3.838,0.8,132.3,20.35,4.38,6.14,7.31,5.036,0.394,188.7,13.85,1.8,7.8,2.7,170.2670009,2.971719772,32,12.45833333
04/01/2001,21.01027,1.56,6.25,7.79,4.061,8.64,32.27,8.59,1.65,5.86,7.05,4.809,12,273.6,7.45,1.7,6.73,8.15,4.44,9.46,307.6,9.51,2.6,6.8,1.2,-134.923419,-2.3548579,NA,5.916666667
05/01/2001,21.01300,1.18,6.23,8.09,4.128,2.01,332.3,6.958,1.82,5.87,7.12,4.407,2,319.5,8.04,1.57,6.54,8.38,3.879,2.364,337.1,7.32,0,6.4,0.2,-108.4748967,-1.893244104,NA,3.333333333
06/01/2001,21.01574,1.8,6.48,7.49,4.597,11.46,323.7,15.32,3.46,6.18,7.01,4.876,10,344.5,21.53,3.38,7.02,8.05,4.642,9.46,322,17.9,0,7.3,1.3,-108.115125,-1.886964903,NA,3
07/01/2001,21.01848,2.23,6.9,8.06,5.619,1.608,6.605,12.74,3.64,6.58,7.54,5.34,2.4,352.3,16.46,3.91,7.66,8.85,6.576,2.758,313.8,14.47,7.8,7.1,2.4,-41.49379878,-0.724203408,19,6.75
08/01/2001,21.02122,1.31,6.21,7.12,4.73,2.412,303.1,10.06,2.16,5.85,6.678,4.709,1.8,316.8,17.22,2.31,6.52,7.68,4.411,1.379,335.6,12.77,3.8,6.5,1,-48.12503912,-0.839940385,17,3.083333333
09/01/2001,21.02396,2.45,5.88,6.589,4.723,0.201,77.7,8.66,1.71,5.22,5.713,4.34,0,127.1,10.58,1.9,6.24,7.01,4.214,0.197,122.8,9.51,0,5,-1.1,-31.49657021,-0.549718853,16,3.25
10/01/2001,21.02669,4.65,4.84,5.667,3.459,0.201,53.84,10.94,3.17,4.33,5.274,3.168,0.6,186,15.61,3.21,5.52,6.281,4.206,0.197,202.5,15.12,0.8,5.5,0.2,47.40637678,0.827397361,28,8.708333333
11/01/2001,21.02943,2.97,4.67,5.533,3.794,0,70.7,7.81,1.83,4.01,5.01,3.005,0,125.5,9.7,1.84,5.33,6.412,4.407,0,157.8,9.11,0,4.7,0.2,-32.4584249,-0.566506384,NA,3.083333333
12/01/2001,21.03217,4.09,5.43,6.556,4.028,0,161.2,18.03,3.57,4.63,5.876,2.642,0,143,12.58,5.89,6.3,7.21,5.077,0.197,146.8,17.22,0,5.9,1,157.3403936,2.746107914,15,7.333333333
13/01/2001,21.03491,7.55,6.55,7.56,5.652,0,206.2,18.39,6.08,6.15,7.08,5.371,0.2,162.3,16.24,6.04,7.36,8.18,6.744,0,167.6,21.33,0,5.8,1.2,-153.4556007,-2.678305488,38,14.125
14/01/2001,21.03765,8.55,6.81,7.56,5.987,0,212.2,19.04,6.32,6.45,7.15,5.639,0,157.8,16.5,4.92,7.65,8.22,6.945,0,187.7,16.92,0,6.8,4.8,-161.6873886,-2.82197729,33,17.66666667
15/01/2001,21.04038,7.36,6.01,7.02,4.72,0,210.4,18.62,5.7,5.62,6.442,4.474,0,159.2,16.24,4.62,6.87,7.68,5.807,0,182.7,15.97,0,7.3,2.3,-150.5292457,-2.627230959,29,11.25
16/01/2001,21.04312,3.29,4.99,5.623,4.359,0,187.7,10.32,3.11,4.54,5.044,4.072,0,153.7,9.9,3.99,5.89,6.476,5.409,0,156.7,11.5,0,5.7,-3,-153.4808187,-2.678745626,NA,5.416666667
17/01/2001,21.04586,2,3.53,5.097,2.589,0,110.6,6.011,2.23,3.07,4.474,2.237,0,128.2,6.86,3.22,4.48,5.908,3.609,0,142.9,7.58,0,2.8,-3.2,-64.79995861,-1.130972633,NA,2.958333333
18/01/2001,21.04860,1.66,3.57,4.128,3.091,0,86.6,5.815,1.16,3.06,3.543,2.639,0,108.1,5.161,1.76,4.4,4.979,3.644,0,121.9,6.239,0,3.9,1.1,-33.48783274,-0.584472941,NA,3
19/01/2001,21.05133,2.54,4.36,5.53,3.292,0,116,10.13,2.68,3.82,4.977,2.639,0,128.5,8.23,4.21,5.35,6.544,4.009,0,143.5,10.55,0,5.8,1.4,142.0629869,2.479466867,17,7.5
20/01/2001,21.05407,5.33,5.49,5.953,4.917,0.201,127.4,18.75,6.12,5.11,5.612,4.508,0.4,134.2,19.5,8.19,6.52,6.844,6.007,0.591,148.5,19.83,0,5.7,-2.5,152.9197362,2.668952888,27,9.708333333
21/01/2001,21.05681,4.94,6.58,8.43,4.662,5.628,159.1,24.37,5.06,6.14,8.14,4.307,5.8,156.1,23.23,6.35,7.48,9.02,5.842,5.516,154.4,26.66,6,6.4,3.8,163.027289,2.845362964,45,21.375
22/01/2001,21.05955,7.84,6.21,8.06,4.816,1.407,99.8,19.18,8.52,5.73,7.38,4.407,4.8,120.2,18.55,9.56,6.99,8.75,5.611,6.895,135.6,19.44,2.4,7.6,3.7,114.0602507,1.990726921,46,18.20833333
23/01/2001,21.06229,6.16,7.25,7.93,5.886,2.211,122.7,18.85,5.94,6.65,7.28,5.409,3.8,133.2,17.08,7.53,7.9,8.55,6.576,4.925,153.1,21.2,4.5,8.5,6.2,122.2960212,2.134468232,34,15.79166667
24/01/2001,21.06502,4.08,6.04,7.39,3.593,8.44,163.4,18.39,3.91,5.64,6.945,3.302,8.6,347.5,20.45,4.17,6.72,7.92,4.636,8.67,269.4,18.85,8.7,6.7,2.1,-134.7030912,-2.351012453,NA,11.54166667
25/01/2001,21.06776,7.4,5.93,7.49,4.226,16.08,197.2,21.79,6.08,5.42,6.952,3.771,12.6,144.6,32.11,6.51,6.68,8.05,5.042,14.18,171.5,23.88,16.3,6.8,2.5,167.3297109,2.920454392,46,23.125
26/01/2001,21.07050,2.28,6.47,7.69,4.983,10.85,20.57,14.77,3.24,5.99,7.01,4.608,12.4,4.077,18.91,3.25,7.02,8.22,5.546,13.4,308.2,14.7,12.8,7.8,3,-156.3205848,-2.728308893,44,11.70833333
27/01/2001,21.07324,2.6,5.65,6.705,4.463,0.804,16.64,13.98,3.64,5.21,6.048,4.031,1.8,5.589,18.85,3.42,6.2,7.51,4.58,1.97,324.2,14.83,8.7,6.6,1.1,-123.1866832,-2.150013216,26,7.875
28/01/2001,21.07598,1.29,5.16,7.39,2.891,1.809,335,10.29,2.31,4.57,6.517,2.502,2.6,335.6,12.45,2.06,5.58,7.71,3.376,2.758,313.1,13.56,1.5,4.4,0.2,-130.8785637,-2.284261857,16,6.416666667
29/01/2001,21.07871,2,6.76,9.16,5.065,1.005,214.4,10.09,2.44,6.13,8.15,4.474,1,152.6,11.4,3.03,6.96,8.89,4.046,1.182,153.6,12.45,0,7.7,0.2,-135.1279227,-2.358427162,NA,5.541666667
30/01/2001,21.08145,3.76,6.26,7.19,5.753,0.603,95.6,10.36,3.98,5.55,6.342,5.173,1.2,112.9,11.79,4.73,6.74,7.75,6.241,0.985,131.5,12.12,0,7.1,1.1,112.061461,1.955841459,18,6.125
31/01/2001,21.08419,2.96,6.86,7.76,6.087,4.824,138.7,19.31,2.85,6.06,6.911,5.205,4.8,131.5,15.81,4.21,7.31,8.15,6.375,4.531,140.5,18.46,0,7.6,-1.1,-165.5220974,-2.888905585,NA,5.625
01/02/2001,21.08693,6.38,7.9,9.13,6.957,16.08,196.9,19.01,5.65,7.2,8.41,6.308,13.8,155.8,20.16,7.25,8.3,9.52,7.38,12.61,158.5,21.79,34.1,7.7,5.3,159.1773097,2.778168149,35,20.04166667
02/02/2001,21.08966,2.94,7.82,8.66,6.589,9.65,178,12.18,3.07,7.19,7.97,6.074,11,125.3,16.33,3.13,8.15,9.05,6.911,10.44,213.1,15.45,9,9.4,5,-160.2344037,-2.79661792,28,10.45833333
03/02/2001,21.09240,5.75,5.58,7.86,3.192,7.24,35.82,16.24,5.7,4.86,7.01,2.365,7,135.7,21.63,5.75,5.92,8.25,3.611,6.501,266.7,17.61,9.7,6.9,2.3,90.72009378,1.583364334,40,17.29166667
04/02/2001,21.09514,7.82,2.45,3.861,0.988,0.201,66.75,15.88,5.7,1.6,2.671,0.432,1,153.2,22.05,5.35,2.84,4.013,1.702,0.788,173.3,17.84,0,2.4,-0.6,100.420132,1.752661938,36,18.33333333
05/02/2001,21.09788,9.35,2.28,3.225,1.124,0,65.64,17.61,7.13,1.32,1.94,0.167,0,152.8,25.71,6.5,2.58,3.343,1.4,0,175.8,20.78,0.1,2.1,-0.3,76.19713604,1.329890905,36,18.54166667
06/02/2001,21.10062,13.24,2.68,3.861,0.79,0,56.66,28,10.13,1.84,3.008,0.167,20.6,173.8,36.03,9.68,3.01,4.08,1.434,0.985,183,32.08,0.4,2.9,0.7,59.1795825,1.032878565,45,25.375
07/02/2001,21.10335,3.03,2.89,4.564,0.884,0.603,18.94,16.59,4.03,2.24,3.536,0.396,0.4,249.3,19.4,4.05,3.37,4.616,1.534,0.788,203.7,23.13,NA,3.8,-1.9,-56.21452899,-0.981128618,37,11.16666667
08/02/2001,21.10609,2.24,3.01,5.266,0.388,1.407,6.059,13.16,2.53,2.53,4.445,-0.071,0.6,277.4,16.66,2.61,3.59,5.471,0.933,0.985,244.9,15.03,NA,3.8,-1.8,-67.44913178,-1.177209427,25,6.125
09/02/2001,21.10883,2.83,4.44,7.31,0.83,1.005,226.6,17.31,3.2,3.63,6.152,0.837,1.4,177.1,15.71,4.1,4.13,6.61,0.268,1.182,121,16.46,NA,5.4,-3,-145.5030033,-2.53950648,24,6.416666667
10/02/2001,21.11157,7.63,7.21,9.43,3.86,5.025,173,22.21,6.99,6.49,8.78,3.168,8.4,134.4,26.43,8.95,7.71,9.89,4.807,8.86,154.2,26.17,23,9.1,3,153.9179091,2.686374292,39,19.95833333
11/02/2001,21.11431,6.63,8.2,9.38,5.652,4.221,137.1,24.21,5.82,7.63,8.78,5.13,6.4,309.3,27.18,7.26,8.67,9.79,6.107,4.334,154.3,26.95,9.6,9.5,5.5,-144.3824374,-2.519948914,49,20.75
12/02/2001,21.11704,3.93,8.25,9.16,7.19,0.201,63.58,13.33,4.35,7.68,8.44,6.811,0,14.58,22.25,4.94,8.73,9.46,7.95,0.197,284.5,17.93,1.4,9.1,5.4,-116.993747,-2.041926089,37,12.375
13/02/2001,21.11978,6.87,8.85,9.6,8.16,0,186,18.06,4.68,8.33,9.05,7.77,0,21.02,20.25,6.18,9.37,9.82,8.82,0.197,168.9,18.03,0,9.5,6.7,-162.0413557,-2.828155182,33,16.25
14/02/2001,21.12252,8.87,8.5,9.06,7.42,0.402,194.2,20.42,6.92,7.99,8.44,7,2.2,105.6,31,5.31,9.01,9.56,7.98,0.197,193.2,16.79,0,7.9,6.7,-161.661961,-2.821533495,44,23.45833333
15/02/2001,21.12526,3.41,6.98,8.36,5.232,0.804,54.31,19.6,3.73,6.56,7.68,5.371,1.8,319.4,22.02,3.87,7.51,8.75,5.412,1.576,312.8,21.66,0.7,9.7,1.9,-114.7442176,-2.002664394,34,9.666666667
16/02/2001,21.12799,4.26,7.2,8.66,5.232,0.603,148.6,15.97,3.32,6.76,8.01,5.512,1.4,345.7,18.75,3.69,7.77,8.99,5.244,0.985,201.5,18,1.2,8,1,-131.8289189,-2.300848685,32,9.708333333
17/02/2001,21.13073,4.02,7.66,9.55,6.354,1.608,190.3,13.16,3.48,7.23,8.84,6.003,2,137.1,15.84,2.84,8.27,9.56,7.15,1.773,184.2,9.67,0.9,10.2,0.6,-130.2838969,-2.273882963,NA,6.625
18/02/2001,21.13347,7.89,8.05,8.8,6.689,5.025,205.2,19.76,7.11,7.69,8.38,6.402,5.8,108,25.71,4.39,8.67,9.36,7.31,5.122,196.8,14.21,4.2,7.9,5.4,-161.6704369,-2.821681428,40,19.16666667
19/02/2001,21.13621,2.41,7.39,8.52,6.154,0,45.12,12.15,2.81,7.04,8.27,6.007,0,312.4,13.49,2.92,8.04,9.59,6.945,0,310.4,14.01,3,9.3,1.3,-100.9907383,-1.762620898,19,6.375
20/02/2001,21.13895,3.23,8.05,9.32,6.856,0.804,48.64,14.57,4.22,7.69,8.91,6.507,1.6,351.8,19.44,4.02,8.7,9.79,7.61,1.182,321.3,18.33,0.8,10.7,5.1,-112.422429,-1.962141539,25,11.375
21/02/2001,21.14168,2.77,6.5,7.39,5.284,0.201,352.4,10.81,5.15,6.14,6.811,5.203,0.4,34.59,18.46,4.73,7.18,7.92,6.141,0.591,319.2,17.64,2.9,7.4,3.6,-79.45263923,-1.386710154,41,11.79166667
22/02/2001,21.14442,3.05,5.35,7.56,2.623,1.407,344.7,16.56,5.82,4.9,6.442,2.297,1.4,351.6,21.17,6.07,5.96,7.78,3.376,1.773,313,21.69,4.6,6.2,1.5,-48.75426464,-0.850922442,42,16.45833333
23/02/2001,21.14716,4.48,4.07,5.969,1.653,2.814,16.64,21.69,5.28,3.75,5.613,1.364,2.2,51.63,24.79,5.65,4.81,6.275,2.405,2.364,283.8,27.24,4.2,5.3,0.8,-12.61576412,-0.220186622,46,16.45833333
24/02/2001,21.14990,2.6,2.79,3.894,1.452,0.402,2.881,16.76,3.59,2.47,3.544,1.166,0.6,303.2,19.76,3.71,3.57,4.783,2.07,0.394,238.1,17.51,NA,2.3,-2,-24.7180314,-0.431411032,37,13.41666667
25/02/2001,21.15264,3.17,3.93,4.99,2.021,0.201,132,10.52,3.47,3.45,4.374,2.204,0.4,140.8,10.85,4.02,4.51,5.612,2.237,0.591,146.5,12.77,NA,4.2,-1.5,15.26796112,0.266476192,17,6.541666667
26/02/2001,21.15537,5.81,0.69,4.028,-3.086,1.809,37.63,25.77,5.82,0.4,3.403,-3.042,1.4,18.9,26.1,5.5,1.49,4.612,-2.01,4.531,268.8,28.52,NA,2.6,-2.3,43.04231376,0.751230093,51,19.41666667
27/02/2001,21.15811,5.73,2.07,3.861,-0.348,4.422,39.53,22.96,5.89,1.73,3.269,-0.469,1.4,257.1,24.24,5.62,2.76,4.309,0.73,2.561,252.3,25.41,NA,3.2,-0.5,28.33601022,0.494556675,47,23.875
28/02/2001,21.16085,2.21,1.47,5.501,-0.385,2.211,29.58,14.11,2.05,1.13,4.11,-0.57,1,276.1,11.6,2.04,2.09,5.15,0.296,2.955,257.1,14.08,NA,2.5,-4.4,-27.36043568,-0.477529687,29,6.333333333
01/03/2001,21.16359,3.81,1.4,4.095,-0.208,5.226,52.8,13.56,3.87,0.96,4.374,-0.838,6.8,93.3,13.92,4.07,2.1,4.474,0.201,9.65,181,15.58,NA,3.3,-4.4,137.1697417,2.394063626,24,6.541666667
02/03/2001,21.16632,3.43,0.82,2.993,-0.71,4.422,102.3,11.73,3.89,0.14,1.34,-0.838,4.2,121,12.41,4.28,1.78,4.247,-0.067,10.44,139.5,11.6,NA,3.5,-6.4,-107.7886256,-1.881266413,NA,4.125
03/03/2001,21.16906,1.96,1.52,4.276,0.161,0.402,6.423,9.08,2.07,0.89,4.635,-0.435,3.2,310.6,11.86,2.17,1.95,4.601,-0.101,0.788,352.6,14.01,NA,3.1,-3.4,-111.5641173,-1.947161174,NA,8.625
04/03/2001,21.17180,7.44,5.34,7.73,2.429,9.45,195.1,23.26,5.68,4.9,7.18,1.91,13.8,140.5,28.32,5.3,6.23,8.32,3.477,9.46,181.2,22.38,28.1,5.3,-4,-161.1654315,-2.81286742,55,22.91666667
05/03/2001,21.17454,4.86,7.71,9.4,6.254,3.618,149.4,16.1,4.41,7.2,8.58,6.007,5.8,211.3,18.88,4.42,8.29,9.49,7.01,4.925,154,19.73,16.6,9.3,4.4,-143.7773473,-2.509388101,32,17.375
06/03/2001,21.17728,5.81,6.16,7.76,4.489,0.402,113.8,16.01,6.01,5.54,7.21,4.005,0.8,127.2,16.89,7.4,6.9,8.35,5.405,1.182,139.8,17.97,0,7.9,4.2,149.0245936,2.600969825,29,12.875
07/03/2001,21.18001,7.54,8.45,11.39,6.488,0,165.1,16.59,6.86,7.86,9.57,5.873,0,133.8,15.06,6.57,8.9,10.15,7.21,0,159.6,17.84,1.2,11.4,6.1,160.2349585,2.796627603,35,16.54166667
08/03/2001,21.18275,4.34,7.89,13.5,7.36,0.603,149.5,15.32,6.93,7.31,12.16,6.838,0.8,126.6,16.63,7.8,8.37,8.95,7.88,0.788,152.3,17.12,0.4,10.6,6.7,160.9306541,2.808769782,27,14.16666667
09/03/2001,21.18549,4.24,8.28,9.55,7.12,1.809,178.6,12.67,3.16,7.77,15.91,6.769,3,145.2,13.33,3.8,8.81,10.19,7.65,2.167,161.4,17.74,1.8,9.6,6.9,-163.7131855,-2.857334116,27,13.54166667
10/03/2001,21.18823,4.05,8.24,8.9,6.656,2.814,185.1,14.41,3.39,7.89,8.54,6.241,3.4,87.6,18.03,2.86,8.75,9.32,7.35,3.152,163.1,17.25,1.4,9.3,6.4,-171.0199258,-2.984860791,30,10.66666667
11/03/2001,21.19097,2.09,6.07,9.11,3.292,0.402,81.6,12.9,1.87,5.51,7.81,3.472,0.6,273.4,13.16,2.19,6.2,8.42,2.773,0.591,296.2,12.25,2.3,9.4,2.5,-115.3442636,-2.013137173,NA,8
12/03/2001,21.19370,2.67,5.19,7.16,2.891,1.407,85.1,7.68,2.36,4.62,6.502,2.499,1,173,9.18,2.45,5.29,12.87,2.137,2.167,151.3,8.36,0.8,6.5,0.9,-6.246003983,-0.109013335,NA,4.25
13/03/2001,21.19644,1.93,6.25,8.85,4.296,1.005,16.77,11.63,2.09,5.75,8.07,3.871,0.6,263.2,13.39,2.23,6.66,9.19,3.2,0.788,357.6,10.91,0.7,8.3,0.8,-32.63885644,-0.569655509,31,11.16666667
14/03/2001,21.19918,2.51,5.1,7.16,3.125,4.221,26.69,10.42,2.17,4.64,6.402,2.7,4.8,48.94,10.42,2.37,5.75,8.35,3.778,6.895,302.3,11.69,4.1,7,0.1,-9.443235029,-0.164815543,27,8.583333333
15/03/2001,21.20192,3.29,3.39,4.798,1.023,2.814,37.09,15.48,2.76,2.86,4.24,0.802,2.6,217.1,13.16,2.88,3.91,5.505,1.702,2.758,273.8,14.34,NA,5.3,-3.4,-23.67570682,-0.413219037,24,10.08333333
16/03/2001,21.20465,8.22,4.45,5.385,3.694,0.201,57.84,13.98,6.41,3.85,5.103,3.101,0.2,166.2,20.94,5.88,4.99,5.84,4.348,0.197,175.3,18.85,0,6,2.5,NA,NA,30,NA
17/03/2001,21.20739,7.55,4.59,5.786,3.627,0,58.02,12.35,5.56,4.03,5.572,3.068,0,167.7,17.22,5.52,5.13,6.174,4.381,0,173.8,16.04,0.3,6.7,2.5,NA,NA,27,NA
18/03/2001,21.21013,3.41,4.26,6.02,2.155,0,44.85,9.77,2.6,3.79,5.832,2.538,0,172.3,14.28,2.56,4.55,7.28,1.739,0,176,10.49,0,7.4,-0.8,51.95026936,0.906703248,14,6.666666667
19/03/2001,21.21287,2.03,4.9,6.856,3.28,0.402,153.2,10.58,1.52,4.14,6.041,2.807,0.6,222.9,8.3,1.96,5.25,7.01,1.906,0.591,183.8,8.17,0,6.6,-0.8,-168.8679493,-2.947301716,18,8.541666667
20/03/2001,21.21561,4.41,5.33,6.221,4.53,0,86.5,10.32,3.58,4.55,6.066,3.175,0,118.6,15.32,3.96,5.85,6.811,4.981,0,140.2,15.61,0,7.5,0.7,107.9152127,1.883475774,23,10.54166667
21/03/2001,21.21834,8.07,4.4,5.452,3.459,0,69.35,13.62,5.73,3.73,5.103,2.673,0,147.1,20.97,5.22,4.84,5.907,3.979,0.197,180.7,19.01,0,6.3,2.1,NA,NA,29,NA
22/03/2001,21.22108,7.88,4.41,5.753,3.593,0,63.69,13.98,5.86,3.77,5.673,3.001,0,159.7,19.31,5.41,4.9,5.84,4.18,0,179.8,15.61,0,5.2,2.7,NA,NA,27,NA
23/03/2001,21.22382,7.4,4.76,5.585,3.727,0,57.93,12.64,5.77,4.14,5.036,3.101,0,167.2,18.88,5.18,5.3,6.074,4.411,0,176.6,15.06,0,6.8,3.1,73.73587414,1.286933781,25,15.625
24/03/2001,21.22656,6.05,5.04,6.154,4.394,0,68,10.55,4.19,4.44,6.007,3.771,0,147.3,15.61,3.87,5.53,6.375,4.909,0,184,12.25,0,6.8,3.2,NA,NA,33,NA
25/03/2001,21.22930,3.83,4.91,5.886,4.128,0,86.7,9.44,3.44,4.35,5.773,3.369,0,115.1,12.9,3.56,5.54,6.945,4.575,0,137.3,13.03,0,7.3,2.3,NA,NA,26,NA
26/03/2001,21.23203,3.73,4.62,5.394,3.526,0,106.7,8.75,4.33,4.16,5.471,2.67,0,128.4,9.7,5.74,5.38,6.143,4.307,0,141.9,10.03,0,7.2,1.2,124.6356743,2.175302882,20,9.125
27/03/2001,21.23477,3.4,4.51,5.192,3.593,0,88.8,9.47,3.48,4,4.77,3.101,0.4,127.8,11.01,4.24,5.22,5.841,4.24,0,151.7,9.64,0,7.1,4,132.3740918,2.310363746,21,8.75
28/03/2001,21.23751,4.06,5.32,6.388,4.256,0.402,49.34,13.49,2.65,4.78,5.974,3.67,0.6,135.5,16.95,2.83,5.95,7.01,4.773,0.394,221.5,13.79,0.6,9,3,68.48954023,1.19536798,23,10.41666667
29/03/2001,21.24025,2.61,6.4,8.71,4.95,6.432,21,15.68,2.44,5.81,8.01,4.405,4.2,190.8,11.11,3.16,6.74,8.69,4.675,5.516,356.5,14.37,0,7.1,5.5,25.83539599,0.450912724,18,9.708333333
30/03/2001,21.24298,5.37,7.01,8.56,5.594,3.417,204.1,19.34,4.28,6.42,8.01,4.976,2.8,143.5,18.06,3.15,7.45,9.09,4.809,2.955,179,15.91,0.8,9.7,2.7,NA,NA,NA,NA
31/03/2001,21.24572,5.78,7.16,8.6,5.284,11.46,126.5,21.33,5.4,6.67,8.21,4.828,12.2,202,26.92,6.14,7.75,9.42,5.739,12.21,146.7,27.34,30.8,10.6,4.2,NA,NA,47,NA
01/04/2001,21.24846,4.68,8.11,9.78,3.712,0.804,180.1,17.84,4.02,7.55,9.21,3.395,1.6,128.7,22.7,4.82,8.56,9.75,4.366,0.985,163.8,21.59,6,10.5,3,-172.5047687,-3.01077619,42,16.625
02/04/2001,21.25120,4.87,7.68,9.05,5.953,4.623,103.6,16.3,5.01,7.02,8.24,5.371,7.2,127.6,18.49,5.61,8.09,9.12,6.375,7.29,148.5,24.3,9.4,11.7,5.8,NA,NA,42,NA
03/04/2001,21.25394,6.8,6.7,7.79,4.783,2.01,77.1,26.43,5.46,6.16,7.34,4.359,3.6,228.6,32.8,6.55,7.3,8.42,5.203,2.758,275.8,24.43,5.6,9.2,5.1,NA,NA,48,NA
04/04/2001,21.25667,3.47,6.23,8.13,4.49,2.211,7.1,18.42,5.3,5.59,6.836,4.106,4,13.33,25.55,5.27,6.71,8.35,5.106,3.743,317.8,19.44,9.8,8.4,3.8,NA,NA,NA,NA
05/04/2001,21.25941,3.28,5.99,7.69,4.155,0.804,66.76,9.8,2.51,5.49,7.51,4.005,1.4,168.1,13.3,2.77,6.23,8.45,3.577,1.576,156.2,11.76,4.8,9,0.7,-105.122098,-1.834726726,15,6.916666667
06/04/2001,21.26215,6.41,5.96,7.46,4.53,0,56.07,16.5,4.09,5.49,7.47,4.072,0,172.8,18.1,4.28,6.46,8.22,5.377,0,189.9,15.75,0,8.2,3.1,NA,NA,27,NA
07/04/2001,21.26489,2.93,6.71,10.35,4.482,0.603,15.81,16.4,4.16,5.85,7.97,3.697,0.4,348.2,14.24,4.53,6.89,9.08,4.936,0.394,309.8,18.78,0,9.1,2.9,5.881646109,0.10265409,29,9.291666667
08/04/2001,21.26762,3.71,7.09,9.72,5.054,2.01,193.2,13.3,3.62,6.39,8.3,4.374,2.2,144.8,14.83,3.73,7.27,9.04,5.073,2.364,172.3,15.55,0.4,10.6,1.3,-147.3906621,-2.572452341,25,9.875
09/04/2001,21.27036,2.28,8.4,10.18,6.856,5.427,171.1,10.85,2.25,7.8,9.97,6.301,6.2,211.1,12.38,2.61,8.86,10.88,7.41,5.516,167.1,16.04,10.4,10.3,5.5,NA,NA,NA,NA
10/04/2001,21.27310,3.58,7.46,9.15,6.053,3.819,27.54,16.1,3.65,6.81,8.18,5.505,3.8,105.2,16.53,3.53,7.88,9.22,6.509,3.94,268.7,16.53,2,9.7,5.3,NA,NA,29,NA
11/04/2001,21.27584,1.84,6.79,9.01,4.931,0.201,78.7,7.61,1.58,5.91,7.46,3.938,0.2,119.1,7.77,1.55,6.77,8.5,3.912,0,152.8,7.32,1.4,9.4,-0.5,-21.76646306,-0.379896447,19,5.041666667
12/04/2001,21.27858,3.64,6.42,7.79,4.586,0,92,8.33,3.36,5.88,7.67,4.106,0,122.2,10.22,3.23,6.95,8.55,5.208,0.197,150.5,12.15,1.4,8.8,2.4,84.26760063,1.470747084,19,9.291666667
13/04/2001,21.28131,4.03,8.34,9.59,6.722,1.206,177.2,13.92,3.48,7.8,8.95,6.269,2,191.5,14.41,4.33,8.72,9.92,7.31,1.379,157.6,16.79,4.3,9.6,4.6,NA,NA,27,NA
14/04/2001,21.28405,3.56,8.56,9.85,7.29,2.814,25.62,13.43,5.36,7.81,9.11,6.502,3.6,9.98,23.75,5.33,8.85,9.92,7.48,3.349,320.5,20.68,6.8,10.1,7.2,NA,NA,30,NA
15/04/2001,21.28679,2.73,6.54,8.46,4.593,1.005,16.42,13.56,3.97,5.68,7.27,4.24,1.2,289.5,18.16,4.23,6.73,8.38,5.343,1.182,216.5,17.05,2.4,7.6,3.8,NA,NA,35,NA
16/04/2001,21.28953,1.81,6.59,8.32,4.028,0.201,30.19,10.94,2.71,5.77,7.34,3.938,0.6,284.4,16.3,2.46,6.86,8.45,5.144,0.394,294.8,10.19,0.4,8.6,3.7,-69.67500225,-1.216058196,19,6.458333333
17/04/2001,21.29227,4.24,6.43,9.96,3.493,3.216,27.37,15.91,4.43,5.55,7.94,2.934,3.8,65.6,18.23,4.75,6.62,9.02,4.106,4.137,310.2,19.96,3.7,7.8,3.3,NA,NA,31,NA
18/04/2001,21.29500,3.97,4.31,6.322,2.69,0.402,45.37,18.13,3.73,3.56,5.476,2.163,0.4,155,15.94,4.68,4.64,5.841,3.408,0.394,28.04,17.87,NA,5.5,1.3,NA,NA,27,NA
19/04/2001,21.29774,2.05,5.97,8.36,4.296,2.613,50.25,11.24,1.8,5.13,7.3,3.603,2.4,98.8,10.49,2.15,6.12,7.98,4.843,2.167,49.99,13.3,0,8.3,1,-5.937022888,-0.103620597,22,8.083333333
20/04/2001,21.30048,1.61,8.23,9.92,5.853,0,126.2,9.31,1.88,7.4,8.71,4.937,0,261.9,9.54,1.84,8.35,9.66,5.176,0,287.8,8.3,0.4,10.3,-1.9,-127.5726804,-2.226563309,NA,5.208333333
21/04/2001,21.30322,4.76,8.33,10.15,6.087,11.06,174.8,15.68,3.92,7.51,9.35,5.639,10.4,123.8,22.28,3.03,8.54,10.33,6.442,11.03,168.5,13.65,5.5,8.4,6.1,NA,NA,38,NA
22/04/2001,21.30595,1.88,7.64,10.02,5.619,0.402,192.2,7.74,1.68,6.64,8.87,5.005,1.6,219.8,8.82,1.74,7.38,9.41,4.943,0.394,226,7.58,1.8,11.1,3.3,-169.8743751,-2.964867161,16,6.125
23/04/2001,21.30869,1.84,7.59,9.31,5.333,0,84,4.998,1.99,6.51,8.53,4.642,0,107.4,6.239,1.94,7.25,9.34,4.482,0.197,113.1,6.435,0,10.7,2.9,93.95942799,1.639901382,NA,5
24/04/2001,21.31143,3.51,7.98,9.21,6.488,0,69.92,10.62,2.68,7.09,8.38,5.337,0,101,7.87,2.89,8.15,9.48,6.911,0,164,8.07,0,11.8,4.9,98.8589116,1.725413502,15,7.125
25/04/2001,21.31417,3.71,8.13,10.28,6.622,0,39.42,10.13,2.58,7.16,9.44,5.739,0,24.56,9.44,2.7,8.18,10.11,6.878,0,333.2,11.01,0,9.9,3.6,52.9164794,0.923566794,20,8.583333333
26/04/2001,21.31691,2.09,8.63,10.71,6.823,0,47.8,8.3,1.6,7.73,9.93,6.342,0,87.6,7.61,1.79,8.55,10.54,6.744,0,331.3,9.67,0,10.9,3.8,-6.795616611,-0.118605885,17,4.791666667
27/04/2001,21.31964,4.07,7.75,9.82,5.254,11.06,215.8,16.27,3.95,6.86,8.41,4.634,9.6,134.6,16.14,3.64,7.94,9.82,5.608,11.03,206.7,20.06,9.2,9,2.8,NA,NA,31,NA
28/04/2001,21.32238,1.85,6.32,8.36,3.827,1.407,24.74,8.36,2.03,5.41,6.836,3.436,1.2,111.7,8.2,1.92,6.63,9,4.541,1.773,331.6,11.43,26,7.6,3.9,-78.22688568,-1.365316719,18,5.833333333
29/04/2001,21.32512,3.35,7.36,9.39,4.162,3.618,8.61,18.62,3.68,6.52,8.34,4.575,3.6,258.6,19.37,3.28,7.65,9.62,5.546,3.152,244.7,15.71,3.2,8.6,0.3,NA,NA,28,NA
30/04/2001,21.32786,2.33,8.34,10.38,7.06,0,37.29,9.87,2.16,7.32,8.93,6.334,0,321.7,10.22,2.3,8.44,10.01,6.777,0,320.6,13.75,0,10.9,4,-31.2627845,-0.545638523,22,8.583333333
01/05/2001,21.33060,2.7,9.26,11.12,7.99,0.201,125,14.7,2.89,8.47,10.01,7.14,0.8,253.1,17.35,3.43,9.41,10.74,8.25,0.394,123.5,21.92,1.1,12.7,1.8,-135.3960651,-2.363107131,NA,12.75
02/05/2001,21.33333,3.9,8.88,10.35,6.483,3.216,103.7,18.69,4.56,8.06,9.41,5.999,4.4,328.1,25.58,5.16,9.13,10.39,6.878,3.743,338.3,21.17,10.4,10.4,5.1,NA,NA,53,NA
03/05/2001,21.33607,1.63,8.1,10.82,5.552,2.01,14.32,8.33,2.9,7.08,9.08,5.17,3,5.106,11.34,2.9,8.19,10.61,6.241,3.152,324.3,10.91,3.2,10.9,2,-76.65354918,-1.337856817,23,8.208333333
04/05/2001,21.33881,1.24,8.58,11.35,5.853,1.005,214.8,6.827,1.76,7.54,9.74,5.471,0.8,252.5,7.28,1.56,8.42,10.48,6.777,0.985,264.5,7.94,1,10.1,2,-138.9840402,-2.42572911,13,5.125
05/05/2001,21.34155,1.43,9.45,11.17,7.56,0.201,172.9,5.782,2.11,8.7,11.2,6.635,0,9.5,8.75,1.77,9.71,12.25,7.01,0,301,6.533,NA,13.1,2,-89.12635749,-1.555548388,NA,6.375
06/05/2001,21.34428,1.25,8.11,10.41,6.354,0,19.17,4.312,1.76,7.24,9.33,5.706,0,8.57,5.096,1.4,7.91,9.61,5.576,0,15.57,5.161,0,10.2,6.5,4.179919431,0.072953357,14,6.833333333
07/05/2001,21.34702,2.01,8.75,10.48,6.455,0,187,6.337,1.49,7.79,9.46,5.572,0,175.6,7.09,1.79,8.63,9.86,5.68,0,186.1,6.664,0.2,13.2,3.3,136.6470252,2.384940502,NA,5.625
08/05/2001,21.34976,1.94,9.56,10.22,8.92,2.211,214.2,6.762,1.45,8.72,9.24,8.04,4,142.3,7.91,1.26,9.5,9.99,8.95,2.758,190.2,5.063,0,13.2,7.3,150.8717456,2.63320871,13,6.25
09/05/2001,21.35250,1.47,10.69,13.11,7.42,0,60.78,7.55,1.93,10.04,12.59,6.87,0,83.7,7.94,1.61,10.59,12.69,7.08,0,102.9,7.25,0,14.4,4.1,67.13260235,1.171684946,NA,6.958333333
10/05/2001,21.35524,2.28,13.55,16.8,10.59,0,41.36,8.4,2.45,13.6,17,9.87,0,94.7,7.19,2.93,14.27,17.49,10.39,0,78.7,8.53,0,18.5,8.1,NA,NA,28,NA
11/05/2001,21.35797,1.96,14.51,16.5,12.65,0,37.25,9.67,1.77,14.59,16.57,12.71,0,98.7,8.3,1.46,14.7,16.67,12.05,0,348.1,8.79,0,17.1,7.6,54.21410816,0.946214688,15,5.083333333
12/05/2001,21.36071,1.6,14,16.02,11.93,0.402,57.36,6.403,1.84,14,16.88,12.22,0.4,93.1,6.664,1.76,14.47,17.34,12.45,0.394,164.6,9.67,0,16.2,10.1,35.91680012,0.626866419,NA,5.041666667
13/05/2001,21.36345,6.92,10.31,13.09,7.79,0,42.05,15.09,5.55,9.77,14.08,6.903,0,20.11,13,5.17,10.1,13.66,7.88,0,21.24,13.82,0,10.9,8.2,NA,NA,28,NA
14/05/2001,21.36619,3.27,9.86,12.61,7.83,0,58.61,12.81,3.5,9.38,13.3,6.87,0,79.1,13,3.69,10.12,14.39,7.85,0,59.5,14.86,0,14.2,8,NA,NA,27,NA
15/05/2001,21.36893,1.39,9.14,10.45,7.02,0.402,14.21,9.05,1.74,8.27,9.51,6.301,0.6,341.7,9.64,2.11,9.13,10.36,5.974,0.394,357.6,11.47,0.6,11.2,7.9,65.17902953,1.137588669,14,6.458333333
16/05/2001,21.37166,3,7.55,9.48,4.95,3.618,15.33,21.72,3.93,6.39,7.74,4.273,3.6,315.3,22.44,4.01,7.4,8.82,5.406,3.94,292.8,19.34,3.4,9.4,6.7,-16.43394109,-0.286826381,21,8.583333333
17/05/2001,21.37440,3.17,9.04,11.76,7.26,1.608,19.67,12.09,3.77,7.83,9.1,6.568,1.2,8.05,12.77,4.05,8.88,10.08,7.61,1.182,307.6,16.76,0,11.4,7.4,-12.95804023,-0.226160467,26,14.79166667
18/05/2001,21.37714,2.2,9.39,11.37,8.13,0.603,33.34,9.41,3.06,8.39,9.63,7.2,1.4,14.29,16.82,3.08,9.46,11.08,8.32,1.182,311.9,13.3,0.4,12.1,3.3,NA,NA,32,NA
19/05/2001,21.37988,1.97,9.83,11.91,8.43,0.201,97.1,10.62,2.13,8.9,10.54,7.81,1.6,287.4,10.71,2.47,9.98,11.85,8.89,0.788,238.4,11.11,1.3,12.8,5.9,-119.582004,-2.087099696,27,11.25
20/05/2001,21.38261,2.26,10.24,12.37,7.68,0.201,171.2,8.36,2.21,9.42,10.67,7.04,0.6,102.6,12.15,2.21,10.4,11.98,8.08,0.394,163.9,9.7,0.4,12.6,8.2,-136.1905482,-2.376973477,20,7.958333333
21/05/2001,21.38535,3.3,10.73,12.15,9.72,0,180.8,10.16,2.37,9.99,11,9.44,0,13.44,14.24,3.05,10.92,11.55,10.36,0,156.7,10.09,0,16.3,9.4,-135.2617986,-2.360763738,22,11.04166667
22/05/2001,21.38809,2.67,11.46,13.61,9.78,0,201.4,9.34,2.23,10.85,12.67,9.41,0,94.4,11.92,2.12,11.6,13.02,10.42,0,162.5,9.77,0,18.4,7.8,-153.8715577,-2.685565308,22,8.916666667
23/05/2001,21.39083,1.54,13.02,15.94,9.92,0,218.7,4.508,1.31,13.14,16.27,9.88,0,212.5,5.913,1.25,12.83,16.22,9.02,0,191.5,5.325,0,16.8,6.1,79.07080024,1.380045806,NA,4.75
24/05/2001,21.39357,1.22,13.69,16.1,11.79,0,35.54,4.508,1.03,13.62,15.81,11.68,0,91.8,4.018,1.08,13.76,16.78,10.39,0,151.2,4.116,0,14.2,6.7,17.53988281,0.306128705,15,5.875
25/05/2001,21.39630,4.44,12.06,14.06,10.92,1.809,197.5,15.03,3.4,11.49,13.11,10.24,1.8,118.4,19.4,3.39,12.29,13.52,11.25,1.773,159,18.06,1.3,17.6,9.8,NA,NA,29,NA
26/05/2001,21.39904,5.09,11.61,13.38,10.69,0.804,187.7,15.39,3.9,10.7,11.57,10.01,0.6,101.4,17.35,4.04,11.67,12.75,11.12,0.394,162.1,23.49,0,16.6,10.5,NA,NA,29,NA
27/05/2001,21.40178,4.04,11.52,12.35,11.05,4.02,174.7,15.58,3.28,10.89,11.31,10.57,5.4,49.12,16.14,3.44,11.8,12.25,11.29,4.531,148.1,15.39,13,14.8,10.4,-165.6582735,-2.891282305,27,12.66666667
28/05/2001,21.40452,2.71,11.07,13.38,9.58,13.07,153.8,10.94,3.03,10.28,11.47,9.01,15.4,78.1,16.53,3.53,11.25,12.62,9.92,15.37,145.9,18.91,12.6,15.7,10.4,NA,NA,38,NA
29/05/2001,21.40726,2.38,10.82,12.47,9.41,1.608,77.7,11.53,2.91,10.16,11.74,8.84,2.6,258.9,18.2,2.99,11.2,12.65,9.79,2.758,311.2,16.01,5.2,13.8,9.4,NA,NA,40,NA
30/05/2001,21.40999,2.19,10.57,12.51,8.78,3.216,51.59,9.83,3.05,9.77,10.87,8.71,3.2,318.7,16.95,3.07,10.88,12.69,9.62,2.955,309.2,13.23,2.3,14,8.2,-125.4446261,-2.189421754,24,8.958333333
31/05/2001,21.41273,2.69,10.05,11.52,8.38,0.201,28.85,11.27,4.05,9.34,10.61,7.97,0.4,30.36,16.66,3.78,10.4,11.89,8.95,0.394,320.1,16.17,3.7,12.8,8.7,NA,NA,26,NA
01/06/2001,21.41547,3.48,10.21,11.19,8.65,7.64,43.88,15.88,4.76,9.62,10.48,7.94,12.8,0.959,24.37,4.74,10.67,11.66,9.15,11.82,322.7,19.08,14.4,12.1,8.3,NA,NA,28,NA
02/06/2001,21.41821,2.94,9.04,10.92,7.29,0.402,30.82,15.48,3.57,8.14,9.57,6.267,0.4,30.93,17.15,3.97,9.16,10.88,7.41,0.394,349.1,16.07,2.2,10.7,6.6,NA,NA,34,NA
03/06/2001,21.42094,2.49,10.06,11.96,8.7,0.402,13.09,12.28,4.48,9.42,11.38,8.24,0.6,103.9,18.98,3.8,10.51,12.59,9.15,0.394,312.5,14.96,1.1,13.5,4.5,NA,NA,28,NA
04/06/2001,21.42368,3.31,10.31,11.35,9.31,0,73.9,13.62,3.78,9.74,10.61,8.84,1,302,14.14,3.55,10.85,12.12,9.92,0.394,299.9,13.13,0,12.5,9.1,NA,NA,28,NA
05/06/2001,21.42642,3.58,9.92,10.95,8.13,3.819,85.8,16.79,4.06,9.28,9.95,7.64,5.6,277.5,17.54,4.52,10.34,11.52,8.55,4.925,348.2,17.51,10.8,12.7,8.5,NA,NA,33,NA
06/06/2001,21.42916,1.91,8.72,11.28,6.622,4.221,31.75,11.27,2.89,7.85,10.01,5.932,5.2,27.07,13.07,2.51,8.89,11.01,7.01,5.122,305.9,17.97,1.2,12.2,5.1,-72.83507313,-1.271211837,22,9
07/06/2001,21.43190,2.76,7.51,9.88,6.038,2.01,1.75,13.46,4.21,6.57,7.81,5.196,1.8,307,22.15,4.25,7.65,8.65,6.275,1.773,215.7,17.28,6,10.7,3.4,NA,NA,32,NA
08/06/2001,21.43463,1.78,8.69,10.39,6.789,9.05,20.66,9.54,3.51,7.96,9.41,6.409,9,31.92,15.55,3.11,9.01,10.32,7.31,9.46,314.6,11.96,6.8,10.2,3.7,-70.41156959,-1.228913721,23,7.25
09/06/2001,21.43737,2.72,8.56,10.42,5.752,0.402,26.76,10,2.41,7.87,9.16,5.706,0.2,7.54,10.42,2.6,8.74,10.23,5.612,0.197,321.6,12.54,0.2,10.5,3.4,15.81137455,0.275960545,21,10.04166667
10/06/2001,21.44011,1.46,9.44,11.39,6.122,0.603,28.39,7.38,2.49,8.81,10.97,5.572,0.6,342.5,9.87,2.2,9.58,11.78,5.378,0.591,314.4,9.15,1,13.3,4.2,-101.1665449,-1.765689301,20,7.5
11/06/2001,21.44285,1.6,10.2,12.57,8.58,0.804,31.03,8.13,2.42,9.39,11.81,7.97,1,8.3,13.23,2.47,10.5,12.65,9.09,0.985,327.4,9.41,2,12.6,7.3,-86.31545744,-1.506488928,14,6.083333333
12/06/2001,21.44559,1.07,9.73,11.75,7.79,1.407,163.8,4.214,1.24,9.09,10.67,7.3,1.2,149.4,6.076,1.25,10,11.72,8.22,0.591,199.9,4.541,0,14.2,7.1,-82.50499067,-1.439983737,NA,5.458333333
13/06/2001,21.44832,2.7,9.42,10.78,7.48,0,28.46,10.88,2.6,8.74,10.23,7.1,0.2,21.91,10.75,2.66,9.74,11.03,8.18,0.197,274.4,11.43,0,12,8.4,6.884624141,0.120159359,22,8.958333333
14/06/2001,21.45106,6.64,9.07,10.38,7.83,0,54.1,16.1,4.2,8.59,10.03,7.41,0,201.9,18.72,4.57,9.51,10.71,8.45,0,194.8,14.73,0,11.1,8,NA,NA,28,NA
15/06/2001,21.45380,7.13,10.16,11.3,8.79,0,58.14,15.65,4.64,9.7,11.41,8.51,0,184.7,21.49,4.98,10.62,12.32,9.59,0.197,195.2,15.91,1.1,12.3,8.2,78.2836012,1.366306591,22,12.75
16/06/2001,21.45654,5.5,9.35,11.14,7.82,2.211,39.53,15.32,4.78,8.64,10.7,7.34,2.2,179.1,20.06,4.61,9.7,10.98,8.32,1.97,234,16.69,3,11.5,8.3,NA,NA,29,NA
17/06/2001,21.45927,2.63,9.3,11.05,7.69,2.01,59.89,9.18,1.9,8.72,10.5,7.1,2,109.3,8.82,1.88,9.88,11.92,8.35,1.773,259.2,7.87,0,11.5,8,40.55373363,0.707796176,24,13.125
18/06/2001,21.46201,4.17,9.96,12.16,8.16,3.417,131.8,16.56,4.06,9.48,11.94,7.34,2.6,132.5,14.99,4.61,10.42,12.62,8.69,2.364,150.9,19.18,1.2,13.8,6.3,138.8321696,2.423078468,22,9.416666667
19/06/2001,21.46475,7.86,11.73,12.42,9.92,16.48,193.4,18.91,6.2,11.42,12.07,9.84,16.4,102.6,24.01,4.59,12.32,12.99,10.65,14.58,173.7,16.69,20.7,13.8,11.1,NA,NA,42,NA
20/06/2001,21.46749,3.26,10.25,11.72,8.65,1.206,26.21,14.73,4.99,9.74,11.1,8.34,1,50.81,22.12,4.7,10.82,12.03,9.32,0.985,316.9,18.85,10.1,12.7,9.5,NA,NA,37,NA
21/06/2001,21.47023,1.63,10.02,12.41,8.26,0.402,34.52,6.991,2.1,9.34,11.44,7.91,0.6,0.297,10.19,2.46,10.38,12.42,8.92,0.394,331.4,9.02,0.6,12.4,9.3,-52.32090819,-0.913172115,22,11.29166667
22/06/2001,21.47296,1.21,9.96,11.04,9.01,0.201,76.2,4.802,1.52,9.48,10.6,8.5,0.4,89.3,5.259,1.38,10.53,11.62,9.52,0.394,118.1,5.39,0.9,13.1,8.8,43.68195038,0.762393858,19,8.083333333
23/06/2001,21.47570,1.15,11.17,12.88,8.95,0,40.23,6.925,1.71,10.98,12.74,8.24,0,103.5,6.893,1.54,11.63,13.12,8.18,0.197,146.8,6.37,0,16.1,9.6,79.53225084,1.388099639,14,5.625
24/06/2001,21.47844,2.79,12.09,14.18,10.95,6.231,198.6,10.16,2.11,11.87,13.61,10.77,6.6,126.8,12.05,1.9,12.7,14.66,11.68,6.698,154.7,8.43,0,17.6,9.7,172.4310267,3.009489148,NA,6.708333333
25/06/2001,21.48118,4.53,12.02,12.74,11.19,0.603,204.8,11.89,3.43,11.82,12.24,11.17,1.2,118.8,11.6,2.28,12.79,13.42,11.88,0.591,169.9,9.9,0,19.3,10.6,NA,NA,25,NA
26/06/2001,21.48392,2.54,11.69,14.8,9.95,0.201,93.5,9.18,3.91,11.4,13.6,9.84,0.4,30.39,11.27,3.45,12.3,14.35,10.69,0.197,83.8,11.07,0,15.7,8.7,39.27229744,0.685430895,21,8.291666667
27/06/2001,21.48665,4.85,10.52,11.25,9.65,2.814,26.63,14.24,2.99,10.29,10.81,9.57,3.8,273.9,12.25,5.3,11.22,11.85,10.36,3.152,344.4,16.24,1.5,16.9,11.9,24.55169231,0.428507868,23,7.166666667
28/06/2001,21.48939,1.13,10.9,11.48,10.25,2.814,26.74,6.729,2.41,10.68,11.17,10.11,2.8,333,9.93,2.11,11.72,12.55,11.29,2.758,266.3,10.16,0,14.9,11.8,-174.8400724,-3.051534928,20,9.666666667
29/06/2001,21.49213,4.19,11.55,13.01,9.75,5.427,188.3,12.18,3.48,11.62,12.58,9.71,6.6,104.5,15.29,2.37,12.58,13.72,10.66,6.501,160.5,10.52,28,16.7,10.8,NA,NA,30,NA
30/06/2001,21.49487,2.56,11.22,12.57,10.28,4.422,69.43,10.55,3.21,11.47,12.51,10.67,5,183.9,18.52,3.04,12.53,14.03,11.92,4.925,291.4,14.57,3.3,16.2,11.5,NA,NA,30,NA
01/07/2001,21.49760,1.87,11.52,12.47,10.22,1.005,164.9,8.79,2.08,12.1,13.05,10.64,1.8,263.5,8.75,2.39,12.87,13.76,11.62,1.182,113.4,11.96,0.8,15.1,10.7,-176.7278654,-3.084483131,26,10.45833333
02/07/2001,21.50034,4.86,11.54,12.01,10.88,10.85,195.6,13.39,3.76,12.18,12.71,11.41,12.6,85.6,16.53,2.91,12.97,13.42,12.38,11.03,165.5,10.16,14.9,14.7,12.1,NA,NA,35,NA
03/07/2001,21.50308,0.37,11.44,12.47,10.32,1.608,23.22,5.031,0.9,12.17,13.18,10.87,2.2,83,5.847,0.96,12.7,13.66,11.65,1.97,98,5.488,7.4,14.7,11.8,106.9639465,1.866873047,22,6.166666667
04/07/2001,21.50582,2.26,11.11,12.94,9.41,0.201,1.504,7.81,3.33,11.19,12.04,10.24,0.2,338.7,10.71,3.27,12.21,13.62,11.15,0,16.83,12.18,6,14.6,12,-38.01665661,-0.663515829,17,7.333333333
05/07/2001,21.50856,1.69,10.91,13.14,9.28,0,38.49,6.631,1.85,11.35,13.13,10.01,0,357.6,8.53,2.19,12.4,14.73,11.02,0.197,11.65,7.58,0,13.3,11.1,24.64087124,0.430064334,19,9.666666667
06/07/2001,21.51129,5.39,10.81,12.87,9.45,0,35.45,13.79,2.68,11.39,13.21,10.54,0,57.98,11.89,3.7,12.33,13.72,11.46,0,324.9,14.6,0,12.7,11.5,NA,NA,29,NA
07/07/2001,21.51403,4.64,10.03,10.78,8.88,0,30.84,12.77,2.76,10.69,11.14,9.84,0,69.98,12.38,3.61,11.66,12.12,10.89,0,303.7,15.55,0.4,12.9,11.3,29.58413656,0.516340589,26,14.95833333
08/07/2001,21.51677,1.63,10.59,12.17,9.72,0.603,23.32,8.72,2.44,11.22,12.51,10.77,0.8,343,10.32,3.5,12.28,13.76,11.32,0.394,347.3,11.3,8.8,14.1,11.7,-17.27028309,-0.301423303,17,8.875
09/07/2001,21.51951,4.39,10.86,12.01,9.53,5.427,195.8,14.7,3.59,11.72,12.61,10.64,5,130.1,13.03,3.7,12.71,13.49,11.51,4.531,161,16.46,0,15.3,7.7,NA,NA,28,NA
10/07/2001,21.52225,2.1,11.22,13.34,9.28,5.628,176.1,11.37,2.43,12.06,13.84,10.03,6.6,101.3,10.52,2.65,13.04,14.96,11.15,5.122,204.2,11.6,17.6,13.8,11.5,NA,NA,27,NA
11/07/2001,21.52498,2.4,10.69,11.51,9.75,1.005,29.54,8.13,2.43,11.47,12.07,10.61,0.8,45.02,10.91,2.76,12.53,13.26,11.65,0.591,320.3,12.12,0.8,14,10.7,NA,NA,28,NA
12/07/2001,21.52772,4.21,8.88,10.12,7.19,5.829,38.07,15.29,3.33,9.4,10.71,7.51,6,104.9,14.47,4.17,10.45,11.79,8.65,6.107,335.5,18.62,13.1,11.1,8.9,NA,NA,33,NA
13/07/2001,21.53046,2.02,8.42,10.44,6.722,4.422,16.19,9.44,2.72,8.76,9.87,7.2,4,286.9,12.9,2.75,9.82,11.45,8.35,4.531,194.1,12.38,NA,11.8,7.6,-32.04538128,-0.559297413,22,9.916666667
14/07/2001,21.53320,2.19,8.56,10.67,6.522,1.608,19.44,9.96,2.35,9.23,11.64,7.14,1.8,277.4,9.44,2.28,10.12,12.28,7.85,2.364,343.4,10.78,1.3,12.2,6.3,-4.881591584,-0.085199846,16,6.791666667
15/07/2001,21.53593,1.5,9.59,12.31,6.421,2.01,223.3,5.194,1.83,10.45,13.54,7.41,1.8,232.9,7.09,1.49,10.71,13.66,6.881,1.576,258.7,5.063,2.5,13.2,7.8,-116.2966762,-2.029759909,14,5.958333333
16/07/2001,21.53867,1.73,10.38,12.21,8.59,0,109.8,6.468,2.08,11.32,13,9.58,0,108.4,6.37,1.95,11.7,13.62,8.28,0.197,103.5,5.292,0,15.2,7.1,127.7620505,2.22986844,NA,6.208333333
17/07/2001,21.54141,4.47,11.57,13.41,9.62,0,49.34,12.15,2.67,12.87,14.73,11.11,0,76,12.71,2.85,13.8,15.86,11.77,0,315.7,9.38,0,17.7,9.2,77.63356995,1.354961406,26,10.83333333
18/07/2001,21.54415,5,10.1,11.64,8.48,0,44.85,13.26,3.91,11.15,13.18,9.37,0.2,202.7,18.29,3.85,12.13,13.72,10.32,0,229.5,15.16,0.8,13,10.5,NA,NA,30,NA
19/07/2001,21.54689,3.46,9.53,11.3,8.11,1.206,42.37,12.22,3.18,10.42,12.28,9.21,1.6,223.3,12.94,3.02,11.48,13.56,10.23,1.379,236.9,13.65,1.6,13,10.2,NA,NA,29,NA
20/07/2001,21.54962,4.78,9.8,10.64,8.45,0,70.4,8.66,3.64,10.77,11.77,9.24,0,121.1,11.53,3.19,11.8,12.75,10.36,0,162.5,12.25,0,15,9.9,66.27854519,1.156778837,23,11.70833333
21/07/2001,21.55236,3.03,10.92,12.84,8.85,2.01,163.1,9.34,2.47,11.93,13.48,9.77,3.4,130.2,11.56,2.34,12.8,14.23,10.86,2.758,155.9,12.48,5.3,14.9,10.5,137.4714095,2.399328723,18,7.833333333
22/07/2001,21.55510,1.73,11.13,12.57,9.97,0,159.7,9.18,1.86,12.21,13.24,11.2,0.4,265.6,13.56,1.78,13.2,14.93,11.65,0.197,215,10.49,3.7,16.1,11.9,-171.2006984,-2.988015868,24,9.708333333
23/07/2001,21.55784,5.14,11.15,12.71,10.08,10.65,189.7,15.35,4.32,12.22,13.41,11.27,14,98.8,18.72,3.64,13.28,14.63,12.42,11.62,170.9,14.18,11.4,13.2,11.5,NA,NA,29,NA
24/07/2001,21.56057,3.53,11.2,12.71,9.88,0.804,146.1,13.49,3.38,12.37,13.71,11.04,1,250.6,19.93,3.97,13.33,14.36,12.16,0.788,138.2,15.84,16.7,16.2,9.9,NA,NA,34,NA
25/07/2001,21.56331,1.81,10.81,12.77,9.11,0.603,177.9,7.45,1.94,12.12,14.14,10.44,1.4,48.22,10.03,2.09,12.88,14.69,10.29,0.591,156.4,10.45,10,15.2,11.5,160.044388,2.79330152,21,10.29166667
26/07/2001,21.56605,2.39,10.09,10.78,8.95,11.26,43.2,7.97,1.95,11.4,12.18,10.54,14.4,41.62,7.64,1.66,12.25,13.03,10.09,15.37,357.6,7.02,10.6,14,11.5,53.88852501,0.94053219,NA,5.041666667
27/07/2001,21.56879,2.02,10.9,12,9.85,0,79.5,6.141,2.42,12.49,13.81,11.41,0,80.7,7.35,2.22,13.29,14.39,12.36,0.197,66.89,7.19,0.5,18.5,11.8,81.52112451,1.422812033,15,5.791666667
28/07/2001,21.57153,5.24,11.34,11.94,10.18,2.01,193,14.34,4.12,13.1,13.65,11.97,3.2,81.1,18.52,3.93,13.86,14.39,12.82,1.773,167.3,15.03,1.6,14.5,12.4,NA,NA,34,NA
29/07/2001,21.57426,4.37,11.47,12.7,10.38,0.603,68.27,16.82,3.12,13.26,14.67,12.18,1.4,359.6,19.96,4.78,14.12,15.13,13.22,0.788,260.4,19.83,0.6,17,12.8,NA,NA,37,NA
30/07/2001,21.57700,2.45,11.13,12.8,9.85,0,56.74,13,2.57,12.53,13.87,11.47,0.2,13.67,12.02,2.94,13.61,15.4,12.39,0.197,275.9,12.18,0.7,17.4,11.4,NA,NA,29,NA
31/07/2001,21.57974,2.16,10.93,13.11,9.58,0.201,82.6,10.13,2.46,12.31,13.61,11,0.4,17.13,12.48,2.43,13.48,15.6,12.13,0.394,303,9.28,0,17.1,10.4,-96.95604148,-1.692202154,24,9.041666667
01/08/2001,21.58248,3.85,10.86,12.01,8.98,11.66,184.2,13.36,3.26,12.49,13.88,10.88,12,162.7,14.31,3.53,13.43,14.56,11.86,11.23,161.4,13.23,1.4,16.2,11,NA,NA,28,NA
02/08/2001,21.58522,4.15,11.31,12.71,9.6,4.422,176.8,15.32,3.42,13.01,14.27,11.41,4.4,96.7,18.39,2.89,13.94,15.16,12.42,4.137,178.9,12.38,5.6,18.2,12.6,NA,NA,30,NA
03/08/2001,21.58795,3.16,10.96,12.37,10.01,0.402,103.5,13.23,2.72,12.73,14.24,11.71,1,237.9,12.97,2.85,13.68,15.4,12.59,0.591,243.7,14.37,0,17.8,11,-149.3936438,-2.607410966,23,10.95833333
04/08/2001,21.59069,2.33,10.77,12.53,9.04,0.402,78.6,10.09,1.97,12.51,14.51,11.27,0.6,320.7,10.52,2.54,13.54,15.4,12.12,0.788,248.5,11.66,12.1,17.3,10.4,NA,NA,27,NA
05/08/2001,21.59343,1.69,10.56,12.41,9.21,3.417,32.9,7.58,2.54,12.34,14.21,11,4.6,17.56,12.28,2.44,13.34,15.13,11.85,3.94,310.9,8.56,2.7,16.9,9.6,-113.0902489,-1.973797195,24,10.04166667
06/08/2001,21.59617,2.11,10.23,11.99,8.78,0,52.04,6.566,1.62,12.13,14,10.98,0,70.1,6.141,1.38,13.28,15.39,11.96,0,14.38,6.664,0.8,15.8,7.8,NA,NA,13,NA
07/08/2001,21.59890,4.27,10.14,11.54,9.15,0,45.81,15.26,3.14,12.04,13.61,11.07,0,232.2,13.52,3.3,13.06,14.43,12.1,0.197,234.3,13.79,0,15,8.3,NA,NA,27,NA
08/08/2001,21.60164,3.61,9.33,10.7,8.04,1.005,32.87,13.07,3.32,11.13,12.91,9.97,1,85.8,14.44,3.58,11.97,13.22,11.06,0.591,322.7,16.53,7.3,14.5,11,5.884766966,0.102708559,23,13.08333333
09/08/2001,21.60438,1.59,9.91,11.74,8.04,1.206,25.17,8.17,2.81,11.64,13.57,9.58,0.8,1.382,11.6,2.64,12.63,14.73,10.66,0.788,288.9,13.1,0.6,14.1,9.4,-55.74652148,-0.972960346,NA,10.33333333
10/08/2001,21.60712,2.44,10.72,12.74,8.61,1.005,185.2,11.17,2.74,12.69,15.07,10.38,0.2,113.7,11.76,2.59,13.63,15.7,11.36,0.197,217.7,12.22,1.2,16.7,8.5,-122.1172193,-2.131347551,22,8.791666667
11/08/2001,21.60986,4.32,11.24,12.04,9.91,19.5,153.9,14.01,4.03,13.32,14.08,12.04,25.8,295.6,16.04,3.87,14.19,15.16,12.99,23.64,186.7,15.55,28.3,16.5,11.7,NA,NA,32,NA
12/08/2001,21.61259,3.2,11.39,12.77,9.61,1.608,139.9,10.71,2.75,13.19,14.07,11.84,2.6,178.4,10.85,2.97,14.09,15.13,12.59,2.167,200.2,13.82,2.4,17.7,11.6,-157.0150968,-2.740430415,20,9.5
13/08/2001,21.61533,3.06,11.79,13.18,11.04,0.402,157.9,11.6,2.94,13.86,14.71,13.41,0.8,277.5,15.19,3.72,14.67,15.63,14.29,0.394,137.2,17.51,6.5,18.8,13,NA,NA,32,NA
14/08/2001,21.61807,5.37,11.94,13.37,10.7,0,193,11.01,4.45,13.87,14.81,13.05,0,105.6,15.84,2.88,14.88,16.2,13.99,0,176.3,8.23,0,18.1,13.4,169.6239981,2.960497257,23,10.70833333
15/08/2001,21.62081,4.15,13.55,17.95,10.87,0.402,185.8,8.92,3.35,13.92,15.01,13.35,0.2,103.7,14.34,2.73,14.87,16.1,14.33,0.197,175,9.96,0,18.1,13,170.7916435,2.980876514,22,10.70833333
16/08/2001,21.62355,2.04,13.78,16.15,12.48,0.402,156.2,11.11,2.22,13.2,14.84,11.81,2.6,2.968,9.08,2.6,14.11,15.7,12.65,1.379,216.3,10.98,0.4,17.6,8.7,-161.7597598,-2.823240406,18,6.875
17/08/2001,21.62628,2.26,13.58,15.28,11.92,1.005,143.1,8.1,1.97,13.27,15,11.68,1.2,227.9,9.08,1.93,14.02,15.77,12.13,1.97,210.1,8.85,0.3,17.3,11.3,NA,NA,20,6.958333333
18/08/2001,21.62902,2.69,14.5,16.51,13.18,0,131.6,7.51,2.64,14.25,15.84,13.05,0,109.4,10.58,2.33,15.08,16.59,13.92,0,168.5,8.95,0,17.8,9.3,131.6902862,2.298429087,13,5.083333333
19/08/2001,21.63176,2.61,13.87,15.68,13.07,4.824,68.82,8.95,2.68,13.66,15.31,12.68,6.4,82.6,14.31,2.32,14.47,16,13.56,6.304,201.5,12.81,3,18.1,13.3,81.26115211,1.418274658,21,6.375
20/08/2001,21.63450,5.14,13.66,15.25,11.54,2.412,149,16.5,4.61,13.35,15.01,10.97,2.6,184,20.68,4.59,14.15,15.6,11.88,2.758,172.8,21.95,3.9,17.4,11.9,NA,NA,30,NA
21/08/2001,21.63723,7.97,13.93,14.98,12.91,30.15,193.3,23.52,6.26,13.61,14.75,12.54,24.4,142.1,19.96,8.3,14.44,15.5,13.46,22.85,160.9,25.71,24.8,16.1,12.6,NA,NA,50,NA
22/08/2001,21.63997,8.32,14.2,15.31,12.88,0.201,206.9,17.64,6.07,13.88,15.01,12.68,0.2,129.2,18.03,4.49,14.69,15.9,13.56,0.394,183.8,14.54,0,16.4,12.5,NA,NA,30,NA
23/08/2001,21.64271,7.1,14.01,15.15,13.04,1.809,210.3,15.06,5.06,13.65,14.42,12.71,2.2,138.6,16.27,3.83,14.46,15.13,13.69,1.182,184.8,12.87,0,17.8,12.6,158.5325165,2.766914385,24,10.75
24/08/2001,21.64545,6.56,13.75,14.95,13.04,0.201,204.2,15.22,5.27,13.47,14.65,12.68,1.2,125.1,18.46,3.59,14.29,15.26,13.56,0.197,182.3,13.03,2,16.4,12,NA,NA,27,NA
25/08/2001,21.64819,3.54,13.78,15.82,11.52,0.201,173.2,11.66,2.45,13.41,15.37,11.41,0.4,31.33,14.47,3.37,14.13,15.53,11.93,0.591,176.4,11.89,1.9,17.8,11.5,-167.5063274,-2.923536931,20,8.333333333
26/08/2001,21.65092,2.45,13.19,15.15,11.72,0.402,43.41,8.75,2.74,12.68,15.11,11.41,1.8,29.37,13.65,2.66,13.49,15.46,12.17,1.773,307.2,9.51,1.6,16,8.6,-119.2948188,-2.082087368,21,7.833333333
27/08/2001,21.65366,2.04,13.38,15.21,12.19,0,88.2,9.44,2.4,13.06,14.91,12.02,0.2,65.3,12.35,2.3,13.84,15.4,12.57,0.197,281.4,9.73,2.8,16.6,9.6,-95.99345286,-1.675401813,16,5.75
28/08/2001,21.65640,5.9,12.95,13.78,12.05,3.417,189.3,16.3,4.62,12.69,13.68,11.68,4.8,108,19.8,3.61,13.52,14.26,12.6,2.955,185.4,12.54,0.3,15.2,11.3,NA,NA,29,NA
29/08/2001,21.65914,3.73,13.37,14.11,11.65,2.613,190.9,10.32,2.71,13.11,13.68,11.71,3,86.3,14.57,2.68,13.92,14.49,12.26,2.758,173.7,11.04,0,15.9,13,166.2751103,2.902048139,19,9.083333333
30/08/2001,21.66188,1.37,13.46,16.33,12.19,0.402,23.79,6.37,1.79,13.06,14.61,11.85,9.4,328.8,8.33,1.76,13.78,15.9,11.73,2.167,337.5,10.09,40.6,16.1,12.2,-77.91507475,-1.359874591,16,4.791666667
31/08/2001,21.66461,1.9,12.74,14.88,11.65,2.211,9.99,10.45,2.76,12.38,13.97,11.65,1.6,352.8,11.66,3.23,13.21,15.3,12.07,1.97,318.6,13.26,0.4,16,9.3,-68.80978531,-1.200957311,15,4.75
01/09/2001,21.66735,4.03,13.2,14.38,11.59,13.07,125.4,15.29,3.75,13.07,14.38,11.31,19.4,212.6,17.64,4.2,13.83,15.03,12.13,17.93,186.6,16.43,16.5,15.7,9,NA,NA,27,NA
02/09/2001,21.67009,3.38,12.58,13.48,11.86,2.613,30.62,13.2,4.7,12.37,12.84,11.51,5,348.8,19.73,4.62,13.16,13.72,12.24,4.334,319.9,16.2,1.7,15.6,11.5,NA,NA,30,NA
03/09/2001,21.67283,2,11.93,13.98,10.52,2.814,13.49,11.43,3.06,11.57,12.91,10.34,4,356.8,11.6,3.27,12.35,13.99,11.03,4.137,306.1,13,0.7,14.5,9.4,NA,NA,25,NA
04/09/2001,21.67556,2.24,12.59,14.81,9.22,2.613,51.1,11.2,2.59,12.33,13.92,9.88,4.8,310.1,18.16,2.84,13.07,15.16,9.86,3.94,316.3,13.46,3.6,16.3,6.3,-78.19216076,-1.364710654,NA,6.166666667
05/09/2001,21.67830,2.77,12.44,13.85,10.84,2.01,27.37,12.15,4.21,12.21,13.35,10.54,1.8,351,17.87,3.91,13.01,14.16,11.55,2.167,324.5,20.02,4,14.2,10.5,-93.28158016,-1.628070705,23,8.583333333
06/09/2001,21.68104,3.49,12.47,13.12,11.39,5.427,26.56,14.77,5.53,12.36,12.91,11.25,4.8,350.6,24.53,5.33,13.15,13.73,12.03,4.728,323.6,20.65,10.7,14.2,10.1,NA,NA,35,NA
07/09/2001,21.68378,2.77,12.01,13.82,10.15,5.829,34.06,18.23,4.34,11.91,13.82,10.11,13.8,309,31.98,4.2,12.7,14.59,10.96,10.24,277.7,23.52,27.6,14.3,9,NA,NA,35,NA
08/09/2001,21.68652,2.7,11.21,13.78,9.65,0.402,355.9,11.66,4.64,10.82,12.44,9.45,0.6,323.7,17.8,4.48,11.62,13.02,10.29,0.394,228.8,18,4.6,12.6,7,NA,NA,37,NA
09/09/2001,21.68925,2.11,11.01,12.67,10.18,0,7.93,12.51,3.05,10.71,12.34,10.05,0,308.9,14.34,3.14,11.47,12.85,10.86,0,262.3,13.39,0.8,12.8,8.6,-22.49523128,-0.392615852,26,11.29166667
10/09/2001,21.69199,1.73,13.16,15.88,11.02,0.603,59.51,10.19,2.88,13.04,15.25,10.88,0.8,307.7,13.72,2.59,13.81,16.2,11.57,0.788,303.7,11.66,1.2,15.8,9.2,-76.50829414,-1.335321638,23,7.083333333
11/09/2001,21.69473,4.97,13.79,15.18,12.93,1.206,159.3,16.5,3.96,13.54,14.18,12.91,1,353.5,23.13,3.84,14.31,15.06,13.72,0.788,169.8,16.01,0,16.8,11.7,NA,NA,27,NA
12/09/2001,21.69747,6.08,12,13.91,9.71,14.47,75.7,19.96,6.31,11.86,13.78,9.46,21.4,5.31,28,5.42,12.53,14.49,10.24,17.53,269.8,24.27,28.6,14.5,8.7,NA,NA,45,NA
13/09/2001,21.70021,3.05,12.22,13.98,10.08,2.814,27.35,21,4.2,11.89,13.81,9.71,5.6,272.3,29.14,4.79,12.6,14.03,10.73,3.152,43.11,26.92,19.4,14.9,9,NA,NA,37,NA
14/09/2001,21.70294,2.65,11.75,12.99,10.55,5.628,11.39,12.32,4.03,11.53,12.55,10.31,8.8,345.2,18.62,4.04,12.33,13.46,11.03,8.08,313,15.22,15.9,12.5,7.8,NA,NA,NA,NA
15/09/2001,21.70568,2.61,11.26,12.96,9.88,3.417,347.5,14.14,5.67,10.9,12.21,9.67,4,11.64,22.74,5.46,11.7,13.32,10.46,3.743,321,18.29,7.6,13,9.1,NA,NA,34,NA
16/09/2001,21.70842,2.23,11.39,13.78,10.18,0.402,4.579,11.07,3.84,11.14,12.74,9.98,0.4,339.8,12.74,4.09,11.96,13.42,10.69,0.394,306.4,15.81,6.6,13.3,8.5,NA,NA,27,NA
17/09/2001,21.71116,1.34,10.81,13.04,9.16,0,131.1,4.279,1.4,10.35,12.54,8.44,0,234.8,5.488,1.46,10.57,12.95,7.61,0,112.2,4.116,0,12.8,8.2,26.23629115,0.457909664,11,4.25
18/09/2001,21.71389,1.75,10.78,12.64,9.3,0,30,5.913,1.79,10.5,12.97,8.88,0,10.64,8.13,1.97,10.49,13.26,7.68,0,14.27,6.664,0,12,4.3,38.33460287,0.669065038,NA,4.166666667
19/09/2001,21.71663,4.32,10.61,11.39,9.31,0,45.6,14.28,3,10.42,11.27,8.98,0,39.7,11.17,2.97,11.13,11.9,9.72,0,5.477,13.07,0,11.7,8,44.96834271,0.784845639,21,10.20833333
20/09/2001,21.71937,2.99,10.51,11.82,9.55,0.201,36.47,13,2.38,10.23,11.35,9.31,1,67.6,9.47,2.32,11.06,12.3,10.09,0.394,308.8,11.79,0.4,12.5,9.8,4.896090639,0.085452902,15,6.666666667
21/09/2001,21.72211,1.12,10.27,11.25,9.18,0,23.01,8.89,1.42,10.01,11.01,9.05,0,18.59,7.61,1.29,10.79,11.62,9.86,0,356.6,10.68,1.2,11.8,8.9,2.882918756,0.050316424,NA,3.333333333
22/09/2001,21.72485,0.75,10.9,12.72,9.72,0.402,177.9,3.005,0.99,10.6,12.48,9.55,0.4,311.6,3.561,0.93,11.1,13.05,8.92,0.985,355.8,3.887,0,13.2,9.3,155.6891627,2.7172885,NA,2.458333333
23/09/2001,21.72758,1.52,11.88,13.94,10.3,0,60.43,7.12,1.47,11.42,13.01,9.58,0,49.69,4.475,1.72,12.05,14.29,9.15,0,40.3,5.455,0,14.7,9.5,68.98439996,1.204004912,12,5.333333333
24/09/2001,21.73032,2.74,12.25,13.98,10.75,0,62.52,7.58,2.28,12.01,13.8,10.35,0,70.9,6.533,2.05,12.68,14.36,10.33,0,21.87,8.72,0,16.2,9.1,88.63934598,1.547048434,16,6.875
25/09/2001,21.73306,3.17,12.53,14.01,11.69,0,57.79,8.3,2.32,12.41,14.31,11.45,0,63.46,11.66,2.3,13.18,15.23,12.26,0,322.4,8.46,0.3,13.7,9.7,91.0975398,1.58995201,18,7.666666667
26/09/2001,21.73580,4.63,11.45,12.54,10.72,0,71,8.82,2.75,11.27,12.84,10.35,0,114.3,11.17,2.67,12.04,13.15,11.2,0.394,199,9.38,0,13.2,8.5,83.73575969,1.461464708,18,7.791666667
27/09/2001,21.73854,4.84,12.07,13.11,10.92,0.201,64.82,8.69,2.94,11.93,13.2,10.38,0.4,74.1,10.52,2.52,12.69,13.89,11.2,0.394,276.5,9.9,0,14.3,7.5,84.36141134,1.472384389,22,8.791666667
28/09/2001,21.74127,4.6,13.17,14.88,11.69,2.01,88.8,13.36,4.66,12.85,13.71,11.54,3.6,103.7,12.67,4.1,13.68,14.79,12.22,3.743,141.4,13.33,3.3,14.2,10.8,109.1709975,1.905393353,24,11.08333333
29/09/2001,21.74401,3.35,13.37,14.68,12.28,7.24,168.1,14.9,3.79,13.02,13.75,12.11,8.6,134.3,12.25,4.09,13.78,15.06,12.82,9.46,149.3,15.12,18.6,15.5,12.9,135.758543,2.369433562,24,9.75
30/09/2001,21.74675,5.07,13.24,14.58,11.35,8.64,155,20.06,5.51,12.94,14.21,10.8,10,127.4,20.94,5.59,13.6,14.79,11.98,11.43,148.1,18.98,15.5,15.2,11.3,NA,NA,31,NA
01/10/2001,21.74949,9.09,12.7,13.81,11.35,2.814,194.6,21.98,6.82,12.5,13.41,11.18,3.2,90.2,31.85,5.54,13.32,14.19,12.12,2.758,185.7,17.84,18.2,14,10.9,NA,NA,52,NA
02/10/2001,21.75222,6.11,12.1,13.18,10.48,15.48,81.9,21.66,5,11.87,12.74,10.27,30,340.1,31.52,6.07,12.71,13.52,11.01,20.29,196.4,29.66,42.4,14.3,10.8,NA,NA,56,NA
03/10/2001,21.75496,3.57,11.32,12.82,10.59,3.618,61,13.75,3.33,11.14,12.54,10.54,5.4,340.3,18.65,3.96,11.92,13.56,11.06,5.516,275.4,18.23,23.7,13.2,9.2,NA,NA,33,NA
04/10/2001,21.75770,2.88,11.8,13.44,10.12,2.01,101.7,13.39,3.19,11.52,12.94,10.15,3,134.4,11.66,3.42,12.17,13.46,10.39,3.349,155.5,10.52,1.4,14,7.1,-163.5439425,-2.854380268,19,8.25
05/10/2001,21.76044,3.91,12.67,13.94,11.75,9.05,143.2,16.1,3.89,12.48,13.28,11.44,11,131.8,14.7,3.98,13.15,13.86,12.32,11.43,150.3,16.79,12.7,14.5,11.2,148.8120408,2.597260079,24,11.125
06/10/2001,21.76318,5.68,12.56,13.58,11.42,2.814,156.3,20.16,5.93,12.2,13.45,11.27,3.2,137.8,17.71,6.82,13,13.89,12.15,3.152,153.2,20.12,5.9,15.2,11.8,NA,NA,34,NA
07/10/2001,21.76591,5.76,12.27,13.68,11.35,0.201,162.5,18.26,4.84,12.05,13.35,11.17,0.2,139,21.2,4.22,12.76,13.56,11.95,0.394,173.1,14.73,2,14.4,11.3,NA,NA,34,NA
08/10/2001,21.76865,4.21,11.83,12.59,11.42,0,32.08,24.76,5.01,11.52,12.12,11.14,0.4,206.3,19.31,5.67,12.4,12.96,11.96,0.197,13.74,25.71,27.4,12.2,11.1,NA,NA,43,NA
09/10/2001,21.77139,3.33,11.96,13.94,10.58,2.814,117.5,14.6,3.71,11.67,12.88,10.47,5.4,340.9,16.89,3.66,12.54,14.49,11.28,3.743,209.6,16.63,2.4,13.7,10.9,NA,NA,30,NA
10/10/2001,21.77413,4.11,10.87,11.82,8.95,2.613,60.37,14.99,4.37,10.64,11.48,8.74,5,302.2,22.02,4.75,11.44,12.5,9.65,3.546,330.2,18.33,4.2,13.3,7.9,NA,NA,37,NA
11/10/2001,21.77687,5.94,11.87,13.65,9.52,9.45,184,21.66,4.59,11.62,13.55,9.18,13.8,104.8,32.83,4.29,12.49,14.36,10.09,9.85,170.4,23.81,21.3,14.4,9.1,NA,NA,58,NA
12/10/2001,21.77960,4.15,11.5,12.75,10.08,1.407,136.4,13.79,3.47,11.23,12.24,9.9,2.6,286.9,15.45,4.14,12.08,13.26,10.51,1.97,176.3,19.83,4.3,14.2,9.3,NA,NA,45,NA
13/10/2001,21.78234,5.33,11.3,12.66,9.58,0.603,170.5,14.41,3.74,10.95,12.41,9.64,1.2,34.09,17.8,4.46,11.85,12.76,10.56,0.985,175,15.78,1,13.7,7.7,NA,NA,29,NA
14/10/2001,21.78508,5.64,11.86,12.79,10.75,0.201,201.1,14.37,4.82,11.63,12.78,10.44,0.2,143.2,19.5,4.23,12.41,13.16,11.49,0,169.7,13.03,1.2,12.7,9,NA,NA,26,NA
15/10/2001,21.78782,5.09,11.02,13.32,7.91,6.432,143.6,19.73,4.81,10.65,12.91,7.71,8.6,123.6,21.17,4.6,11.54,13.66,8.65,8.47,163.7,16.04,5.6,14.9,8.6,NA,NA,39,NA
16/10/2001,21.79055,6.99,11.42,13.03,8.15,20.1,197.3,20.65,6.05,11.03,12.78,8.21,18,145.4,18.91,6.31,12,13.69,8.69,18.52,166.9,24.4,7.6,13.4,8.8,NA,NA,35,NA
17/10/2001,21.79329,5.44,13.14,14.12,12.35,0.201,111.7,15.45,5.84,13.01,14.95,12.21,0,119.2,14.8,6.04,13.8,15.53,12.99,0.197,143.7,17.97,1.5,16.4,12.7,NA,NA,40,NA
18/10/2001,21.79603,4.49,12.88,13.69,12.22,0.804,88.2,10.78,4.58,12.65,14.02,11.74,1.4,104.7,18.36,4.29,13.53,14.73,12.89,1.379,137.9,17.87,2.3,13.9,8.9,NA,NA,32,NA
19/10/2001,21.79877,3.04,12.33,14.55,10.45,0,55.36,10.65,3.09,12.3,14.64,10.31,0,73.1,12.12,2.94,13,15.7,10.93,0,8.15,9.18,0,13.7,7,28.82040531,0.503010964,17,5.375
20/10/2001,21.80151,4.46,12.09,12.82,10.55,4.02,67.63,13.07,3.61,12.17,13.25,10.17,6.8,80.3,17.97,3.43,12.96,13.82,11.18,6.501,191.8,14.47,18.3,13.2,10.7,NA,NA,29,NA
21/10/2001,21.80424,2.05,11.86,13.91,10.69,0.603,169.4,9.73,1.68,11.52,13.48,10.44,0.4,132.9,13.43,1.39,12.32,13.92,10.75,0.394,174.9,7.81,6.3,13.1,8.6,-3.815591433,-0.066594633,NA,4.5
22/10/2001,21.80698,3.32,11.57,11.96,10.92,2.814,73.7,7.02,2.59,11.25,11.68,10.58,5.4,107.3,7.97,2.58,12.16,12.53,11.39,4.531,145.8,8.92,2.1,12.1,11,95.4418163,1.665773938,24,11
23/10/2001,21.80972,2.75,11.72,12.16,10.72,3.618,81.4,7.71,2.87,11.44,12.32,10.61,3.8,97.6,9.31,2.8,12.37,13,11.46,3.743,129.4,9.57,2.1,12.6,7.8,90.45313976,1.578705108,19,5.5
24/10/2001,21.81246,3.75,11.81,13.12,10.48,1.206,188,10.98,2.86,11.48,12.01,10.18,1.6,114.9,14.14,2.9,12.39,13.29,11.16,1.576,169.1,10.91,2.8,13.8,7.8,-175.4334021,-3.061890484,21,10.16666667
25/10/2001,21.81520,8.45,11.87,12.86,10.18,14.07,201.3,21.85,6.17,11.62,12.61,10.04,15.4,131.6,27.54,6.04,12.53,13.42,10.95,13.79,177.4,21.59,21.4,13.8,10.6,NA,NA,43,NA
26/10/2001,21.81793,7.48,11.08,12.02,9.75,1.407,148.7,21.89,6.8,10.84,11.75,9.48,6,130.5,31.52,5.86,11.72,12.64,10.29,1.576,192.2,22.74,11.6,12.2,9.6,NA,NA,53,NA
27/10/2001,21.82067,2.53,9.97,11.52,8.66,5.025,345.4,13,4.84,9.67,10.55,8.61,1.8,352.9,20.22,4.75,10.57,11.49,9.25,1.97,316,17.54,17.4,11.1,8.1,NA,NA,35,NA
28/10/2001,21.82341,4.55,10.46,11.45,8.75,3.216,70.2,20.35,3.34,10.11,11.15,8.44,6.8,252,21.4,4.27,11.03,12.07,9.25,6.107,283.6,20.32,12.8,10.6,6.3,NA,NA,37,NA
29/10/2001,21.82615,4.97,11.23,12.09,10.15,32.16,70.4,22.12,4.29,11.07,12.02,10.05,48,265.7,23.36,4.87,11.87,12.87,10.83,47.48,319.1,25.58,38.5,12.4,9.4,NA,NA,42,NA
30/10/2001,21.82888,3.02,9.22,10.72,6.622,26.13,40.39,14.41,3.4,8.97,10.62,6.174,36,285.9,15.61,3.67,9.83,11.3,6.911,33.49,304.1,18.13,37.8,10.3,7.4,NA,NA,33,NA
31/10/2001,21.83162,3.33,8.72,10.33,7.39,0.804,2.464,16.33,4.59,8.4,9.82,7.11,1.4,345.9,18.2,4.96,9.34,10.76,8.08,1.182,302.5,21.89,5.4,9.2,5.8,NA,NA,45,NA
01/11/2001,21.83436,5.09,11.66,12.49,9.62,0.402,157.8,18.06,5.1,11.34,12.28,9.18,2,248,27.47,6.29,12.3,13.26,10.26,0.788,149.2,24.76,2.4,12.5,6.7,NA,NA,38,NA
02/11/2001,21.83710,5.41,11.31,12.42,9.05,1.608,125.9,17.71,4.14,11.02,12.18,8.71,4.4,9.33,21.33,6.29,11.94,13.06,9.69,2.364,175.5,20.51,4.6,13.3,8.5,NA,NA,35,NA
03/11/2001,21.83984,5.25,10.02,10.95,8.58,1.005,61.17,19.89,3.59,9.62,10.54,8.17,2.2,15.15,18.65,5.34,10.62,11.36,9.05,1.97,240.3,18.33,3,10.8,6.8,NA,NA,35,NA
04/11/2001,21.84257,2.61,8.12,10.26,6.684,3.819,356.8,15.52,4.88,7.82,10.02,6.133,4.4,356.6,21.2,4.76,8.68,10.8,6.945,4.137,324.6,18.1,16.3,9.8,2.9,NA,NA,38,NA
05/11/2001,21.84531,4.85,9.67,11.49,6.622,11.66,41.2,20.09,5.12,9.33,11.22,6.074,16.6,72.1,27.86,5.29,10.29,12.13,6.677,14.77,279.7,28.98,34.6,11,1.4,NA,NA,40,NA
06/11/2001,21.84805,2.35,7.88,9.58,6.321,1.206,351.6,16.46,4.98,7.55,9.31,5.733,1.8,0.984,23.52,5.23,8.46,10.19,6.777,1.773,323.2,19.4,2.6,9.3,4.2,NA,NA,27,NA
07/11/2001,21.85079,2.9,6.06,9.1,1.853,13.67,16.28,16.59,3.76,5.68,8.34,1.563,12.8,43.89,23.06,3.67,6.67,9.59,2.472,13.4,310,22.25,7.4,8.3,2,NA,NA,35,NA
08/11/2001,21.85352,5.37,3.43,5.232,0.85,4.623,40.77,25.09,5.36,2.97,4.75,0.295,4,150.2,26.92,6.26,4.13,5.989,1.333,3.94,24.94,29.3,3,5,0.5,NA,NA,47,NA
09/11/2001,21.85626,3.21,7.15,11.02,4.162,1.005,64.14,14.37,3.38,6.74,10.85,3.67,3,283.9,18.06,3.48,7.73,11.6,4.917,1.97,287.6,18.42,1,8.5,1.7,NA,NA,25,NA
10/11/2001,21.85900,4.05,10.85,11.62,9.41,0.603,45.45,14.21,5.18,10.63,11.41,9.18,2,319.4,22.44,4.76,11.55,12.33,10.23,1.379,329.4,18.1,3,12,7.6,NA,NA,32,NA
11/11/2001,21.86174,3.04,10.15,11.05,9,10.05,53.85,13.49,3.35,9.9,10.88,8.81,16.6,21.36,15.26,3.34,10.79,11.67,9.62,14.77,321.9,17.64,12.4,10.2,6.3,-121.6550612,-2.123281369,19,7
12/11/2001,21.86448,3.68,5.87,10.85,3.058,1.608,28.55,18.33,3.88,5.61,10.75,2.833,1.6,208.9,23.03,3.91,6.56,11.63,3.912,1.182,268,16.59,10.4,10,3,NA,NA,39,NA
13/11/2001,21.86721,2.1,6.66,9.46,3.426,1.608,344.3,11.47,2.65,6.46,9.31,3.202,4.4,310.7,14.11,2.81,7.27,10.23,2.941,4.137,317.3,14.96,0.8,7.3,0.6,-87.79518365,-1.532315022,20,6.708333333
14/11/2001,21.86995,3.16,9.65,10.99,7.26,0.603,70.4,16.76,2.84,9.35,10.71,7.11,2.8,277.1,13.79,3.07,10.22,11.63,7.28,1.773,305.5,16.2,0.4,10.9,2,-134.2147071,-2.342488544,NA,7.583333333
15/11/2001,21.87269,3.16,10.31,11.22,9.52,0.402,86.3,13.46,2.78,10.03,10.82,9.28,3,270.9,12.02,3.13,10.92,11.87,10.13,1.379,239.2,10,4.4,10.9,9,-115.8204339,-2.021447912,22,8.416666667
16/11/2001,21.87543,3.24,11.02,11.45,10.32,0,91.3,12.64,2.97,10.71,11.11,9.98,0.2,241.3,13.13,3.46,11.64,12.13,10.9,0,337.2,18.1,0,11.5,8.4,-136.6448462,-2.384902472,18,7.833333333
17/11/2001,21.87817,3.26,9.97,10.82,8.81,3.216,155.1,10.49,2.75,9.58,10.51,8.61,5.4,243.4,11.6,3.18,10.56,11.43,9.52,4.531,162,11.89,0.3,11.4,8.5,-144.5262151,-2.522458308,18,7.625
18/11/2001,21.88090,2.62,9.37,10.46,8.36,7.64,49.78,9.02,2.07,9.09,10.38,8.34,15.8,222.3,12.61,2.12,9.93,11,8.42,12.21,268.2,11.27,1.4,11.1,6.3,-88.51651325,-1.544904599,NA,3.708333333
19/11/2001,21.88364,3.37,9.27,10.72,7.59,0.402,142.7,13.98,2.5,8.83,10.42,7.34,1.4,152.1,13.52,2.75,9.86,11.3,8.15,0.788,178.5,13.07,2.6,9.7,5.6,175.8184631,3.068611066,23,6.708333333
20/11/2001,21.88638,5.53,9.73,11.42,7.62,5.427,135.4,19.83,4.49,9.35,11.15,7.24,7.8,308.6,20.87,5.71,10.32,12.1,8.15,6.501,183.8,25.77,16.4,11.5,6.2,NA,NA,35,NA
21/11/2001,21.88912,4.55,8.45,9.87,5.987,2.01,22.74,20.25,5.59,8.09,9.41,5.738,2.8,23.84,24.5,6.08,9.08,10.49,6.643,2.561,316.6,27.47,11.4,9.2,5.2,NA,NA,41,NA
22/11/2001,21.89185,2.79,5.96,7.66,4.418,0.402,347,16.04,3.42,5.59,7.18,3.804,0.2,318.2,16.92,3.69,6.57,8.32,3.778,0.197,262.7,20.97,1.4,6.3,2.5,NA,NA,39,NA
23/11/2001,21.89459,4.52,10.46,11.32,7.09,6.432,103.9,15.39,3.92,10.2,11.25,6.677,12.4,288.6,17.8,4.09,11.08,12,7.82,9.85,215.9,21.89,9.2,11.7,1.5,NA,NA,34,NA
24/11/2001,21.89733,5.98,10.89,11.52,9.98,3.216,186.7,21.14,4.43,10.72,11.31,9.78,5.8,75.8,25.74,3.6,11.5,12.24,10.59,2.955,186,21.46,NA,12.5,8.3,NA,NA,44,NA
25/11/2001,21.90007,5.14,6.68,10.75,3.617,2.412,37.81,20.22,5.16,6.3,10.54,3.001,3.2,11.4,29.63,5.94,7.28,11.4,4.113,3.349,296.8,25.45,NA,12.1,3.1,NA,NA,42,NA
26/11/2001,21.90281,6.4,7.48,9.03,5.592,7.24,157.9,21.79,4.45,6.99,8.59,4.943,9,337.4,27.7,5.88,8.1,9.79,5.754,7.49,182.3,27.47,NA,8.5,2.1,NA,NA,46,NA
27/11/2001,21.90554,5.45,4.55,8.73,1.352,14.07,26.53,19.86,6.76,4.21,8.14,0.964,19.2,328.8,27.24,7.23,5.14,9.39,1.97,17.73,329.3,23.62,NA,8.4,2,NA,NA,50,NA
28/11/2001,21.90828,5.02,8.36,10.62,4.095,5.025,128.2,17.38,4.99,7.98,10.18,3.67,6.4,244.7,24.04,5.29,8.99,11.2,4.683,5.516,164.4,24.86,16.6,9.8,2.1,NA,NA,32,NA
29/11/2001,21.91102,1.89,6.72,7.66,5.552,0.201,7.17,10.58,2.67,6.22,7.15,4.608,0.4,6.375,14.83,2.89,7.14,8.39,4.514,0.394,340.7,12.02,6.8,10.4,1.7,NA,NA,31,NA
30/11/2001,21.91376,4.8,8.31,11.29,5.132,2.814,101.6,20.35,5.28,7.93,11.08,5.043,3.2,76.5,22.64,5.64,8.98,12.07,6.149,2.561,155.9,20.87,4.8,12.3,4.9,NA,NA,NA,NA
01/12/2001,21.91650,3.02,5.78,7.56,3.627,0.201,42.79,13.2,2.42,5.27,8.33,3.203,0.4,296.7,13.72,2.98,6.33,8.29,3.242,1.379,271,14.31,1.9,6.6,1.5,NA,NA,26,NA
02/12/2001,21.91923,8.17,7.65,8.6,5.652,11.66,196.4,25.35,6.64,NA,NA,NA,8.2,151.4,33.91,6.23,8.39,9.29,6.141,8.86,176.9,27.8,14.4,9.1,2.6,NA,NA,55,NA
03/12/2001,21.92197,9.95,9.32,10.82,7.09,13.87,202.5,28.06,8.31,NA,NA,NA,7.8,149,24.57,9.53,10.04,11.46,7.92,10.83,163,28.62,12.6,11,4,NA,NA,63,NA
04/12/2001,21.92471,4.26,7.19,9.59,5.385,0.804,49.11,19.14,4.98,NA,NA,NA,1.6,309,25.61,5.39,7.8,10.23,5.584,1.182,320,26.79,NA,11,2.2,NA,NA,42,NA
05/12/2001,21.92745,2.15,6.53,8.53,4.496,0.804,334.9,16.07,1.9,NA,NA,NA,0.8,306.9,15.32,1.97,6.49,9.22,3.879,0.591,328.5,10.94,NA,4.6,-0.4,-77.84045536,-1.358572237,NA,3
06/12/2001,21.93018,6.05,8.91,11.22,6.957,14.87,172.3,24.21,5.63,NA,NA,NA,15,139.3,28.75,6.43,9.63,11.87,7.88,15.76,161.2,27.86,8,9.2,1.2,NA,NA,46,NA
07/12/2001,21.93292,7.91,10.47,11.65,8.09,9.85,190.1,20.32,7.15,NA,NA,NA,21,130.7,31.98,4.28,11.06,12.3,8.55,11.03,196.8,16.07,18.2,12.7,6.4,NA,NA,52,NA
08/12/2001,21.93566,3.99,9.72,11.05,7.73,3.015,168.4,14.6,3.03,NA,NA,NA,4.6,66.39,20.29,2.91,10.17,11.8,7.45,3.743,148.9,13.56,18.2,11.5,7.3,NA,NA,33,NA
09/12/2001,21.93840,4.8,10.09,10.79,9.46,0.201,209.5,13.59,4,NA,NA,NA,0,160.9,14.21,3.58,10.78,11.5,10.19,0,175.3,15.78,0,11.1,7.4,NA,NA,25,NA
10/12/2001,21.94114,5.15,9.44,10.03,8.83,0,203,14.44,4.17,NA,NA,NA,0,169.6,11.2,5.79,10.14,10.76,9.49,0.197,150.7,17.02,0,9.5,3,-154.2088731,-2.691452571,NA,5.291666667
11/12/2001,21.94387,5.67,9.73,10.35,9,0,210,15.45,4.46,NA,NA,NA,0,145.5,13.98,4.7,10.49,11.06,9.89,0,180.3,16.79,0,11.1,2.6,NA,NA,21,6.583333333
12/12/2001,21.94661,2.54,9.93,11.27,9.03,0,226.7,9.02,1.93,NA,NA,NA,0,205.1,11.56,1.93,10,11.4,8.15,0,233.4,6.599,0,10.3,2.1,NA,NA,NA,3.666666667
13/12/2001,21.94935,1.67,10.1,11.71,8.7,0,27.51,7.71,1.06,NA,NA,NA,0,310.6,6.076,1.43,9.37,13.32,6.58,0,356.9,8.1,0,8,2.4,NA,NA,NA,3.333333333
14/12/2001,21.95209,2.74,8.53,9.33,7.73,0,134.6,8,2.68,NA,NA,NA,0,142.6,7.28,3.94,9.23,9.99,8.32,0,147.1,8.95,0,7.1,3.6,-29.00708349,-0.506269113,NA,2.208333333
15/12/2001,21.95483,2.38,7.73,8.43,6.823,0,95.8,5.913,1.91,NA,NA,NA,0,116.2,5.815,2.76,8.32,8.99,7.45,0,130.5,8.49,0.4,7.5,1.9,19.01216575,0.33182489,NA,2.833333333
16/12/2001,21.95756,2.12,7.3,8.29,5.853,0,80.1,6.468,1.19,NA,NA,NA,0,95,6.893,1.5,7.72,8.55,5.136,0,128.3,6.958,1.8,7.4,4.3,113.5580421,1.981961728,14,4.416666667
17/12/2001,21.96030,1.14,6.62,7.94,5.159,0.201,53.02,4.181,0.96,NA,NA,NA,0.6,267.8,4.639,1.31,6.59,8.18,4.147,0.591,46.96,4.573,1.4,6.3,2.6,-47.27028309,-0.825022078,NA,2.916666667
18/12/2001,21.96304,1.2,7.1,8.39,6.087,0.201,326.4,10.85,1.94,NA,NA,NA,0.8,340.7,10.39,2.15,7.39,9.09,5.117,0.394,330.2,10.75,0.2,5.5,0.3,-97.13811146,-1.695379874,NA,4.041666667
19/12/2001,21.96578,3.41,6.09,8.63,2.69,2.613,17.03,15.35,4.14,NA,NA,NA,2.2,32.29,14.96,4.61,6.81,9.36,3.678,2.364,310.6,19.4,5.6,7,1.5,-37.79997962,-0.659734102,24,10.66666667
20/12/2001,21.96851,2.72,7.5,9.66,2.56,1.005,338.8,15.29,4.6,NA,NA,NA,2.6,351.6,28.32,4.67,8.04,10.59,2.371,2.167,318.4,20.38,9.4,8.9,0.3,NA,NA,35,NA
21/12/2001,21.97125,4.86,5.88,9.4,3.091,4.623,31.67,19.27,5.02,NA,NA,NA,5.8,80.4,26.66,5.84,6.52,10.03,3.611,4.531,341.5,21.49,15.8,9.1,1.9,NA,NA,39,NA
22/12/2001,21.97399,3.11,3.48,4.965,1.853,1.206,15.76,17.12,2.97,NA,NA,NA,0.8,88.1,15.75,3.39,4.24,5.42,2.539,0.788,322.4,22.77,NA,3.4,0.5,NA,NA,41,NA
23/12/2001,21.97673,2.95,7.99,9.67,3.861,18.49,14.25,13.62,5.43,NA,NA,NA,21.2,4.606,24.3,5.25,8.52,10.23,4.415,20.29,320.4,17.8,13,8.8,1.4,NA,NA,27,NA
24/12/2001,21.97947,4.12,7.11,9.03,1.485,2.613,17.23,22.41,5.81,NA,NA,NA,2.8,62.19,23.85,6.03,7.75,9.72,2.036,2.364,332.8,25.84,7,8.8,2.2,NA,NA,41,NA
25/12/2001,21.98220,3.52,2.04,3.699,-0.041,2.01,16.13,21.33,4.94,NA,NA,NA,2.6,261.5,26.75,5.22,2.78,4.448,0.496,3.349,130.7,23.26,NA,3.5,-0.6,NA,NA,42,NA
26/12/2001,21.98494,2.74,4.59,7.89,0.529,4.824,9.29,13.69,3.6,NA,NA,NA,4.4,336.3,16.17,4.08,5.28,8.45,1.099,2.758,311.3,16.82,NA,2.1,-1.9,NA,NA,32,NA
27/12/2001,21.98768,4.58,5.63,8.5,3.579,4.422,67.54,23.62,4.69,NA,NA,NA,17.2,120.2,34.04,5.21,6.25,9.05,3.998,6.501,216.4,32.31,19.6,5.2,1,NA,NA,47,NA
28/12/2001,21.99042,3.93,1.86,5.902,-1.111,4.623,11.26,28.35,5.13,NA,NA,NA,36.6,296.9,37.7,5.49,2.66,6.55,-0.61,11.23,297.8,41.98,NA,4.3,-1.6,NA,NA,59,NA
29/12/2001,21.99316,3.46,2.47,4.664,0.589,6.432,351.3,19.18,5.57,NA,NA,NA,6.2,323.6,23.94,5.67,3.29,5.353,1.3,5.713,275.8,25.74,NA,2.3,-1.4,NA,NA,42,NA
30/12/2001,21.99589,3.39,3.51,5.132,1.218,4.824,13.36,20.32,4,NA,NA,NA,2.8,275.3,24.89,4.22,4.33,5.778,1.903,2.561,293.8,21.49,NA,4.1,-1.3,NA,NA,36,NA
31/12/2001,21.99863,2.86,5.13,7.39,2.057,1.005,19.17,13.49,3.27,NA,NA,NA,1.8,344.9,14.86,3.47,5.73,8.02,2.606,1.97,337.7,15.58,NA,3.7,-2.5,NA,NA,23,8.5
01/01/2002,22.00137,5.72,6.71,7.49,5.819,0,184.6,18.72,4.72,NA,NA,NA,0,176.7,16.3,4.48,7.44,7.98,6.71,0.197,200.5,18.69,0,5.8,2,NA,NA,30,NA
02/01/2002,22.00411,7.87,7.19,8.16,6.254,0,199.3,21.56,6.52,NA,NA,NA,0,152.2,20.55,9.99,7.97,8.89,7.18,0,175.9,21.14,0,8.9,4.8,NA,NA,31,NA
03/01/2002,22.00684,7.4,7.77,8.36,6.89,2.613,199.5,19.63,5.67,NA,NA,NA,2.2,160.3,16.73,8.93,8.45,9.05,7.55,1.773,174,22.02,0.8,9.1,7.3,NA,NA,28,NA
04/01/2002,22.00958,7.76,8.46,9.79,7.66,3.015,199.4,22.64,6.07,NA,NA,NA,2.2,151.4,19.01,9.39,9.11,10.46,8.38,1.97,177,22.7,0,9.7,8.2,NA,NA,36,NA
05/01/2002,22.01232,4.28,9.25,9.79,8.19,0.201,171.9,13.26,3.32,NA,NA,NA,0.4,166.5,18.72,3.64,9.95,10.43,8.72,0.394,197.9,14.9,6.8,8.9,3.5,NA,NA,32,NA
06/01/2002,22.01506,9.78,9.81,10.59,9.11,0,206.9,19.57,8.23,NA,NA,NA,0.2,123.8,24.83,4.77,10.46,11.26,9.79,0,218.9,13,0,10.1,7.7,NA,NA,34,NA
07/01/2002,22.01780,7.7,10.18,10.55,9.82,0,199.4,15.58,5.75,NA,NA,NA,0.2,98.3,20.71,3.97,10.81,11.23,10.39,0,202.9,11.99,2.4,10.5,9.2,NA,NA,38,NA
08/01/2002,22.02053,1.82,7.61,10.22,5.686,4.02,326.9,14.44,2.4,NA,NA,NA,5.6,333.6,15.88,2.62,7.98,10.86,4.884,4.728,358.8,14.28,7.6,10,1,NA,NA,NA,NA
09/01/2002,22.02327,5.61,8.86,9.85,7.02,0,197.7,16.63,4.11,NA,NA,NA,0,124.6,19.11,3.63,9.57,10.46,7.51,0,210.4,12.61,0.2,9.4,0.6,NA,NA,28,NA
10/01/2002,22.02601,7.94,9.5,9.82,8.99,1.005,199.5,16.37,6.13,NA,NA,NA,0.6,105.5,20.58,4.08,10.15,10.39,9.69,0.591,212.1,13.82,0,9.1,7.5,NA,NA,32,NA
11/01/2002,22.02875,6.09,9.87,10.45,9.38,1.407,192.9,14.31,4.4,NA,NA,NA,2.6,77.4,18.78,3.89,10.52,11.2,9.92,1.773,196.8,14.34,3.8,10.3,7.2,NA,NA,33,NA
12/01/2002,22.03149,10.12,9.99,10.59,9.41,20.5,209.5,23.85,8.94,NA,NA,NA,14.4,149.6,26,6.92,10.62,11.23,9.99,14.97,196.3,25.61,3,11.2,9.1,NA,NA,53,NA
13/01/2002,22.03422,7.03,9.92,10.55,8.98,4.623,190.3,20.12,5.89,NA,NA,NA,4.2,127.1,27.6,5.49,10.59,11.16,9.46,3.546,194.9,23.29,3.2,11.2,8.8,NA,NA,44,NA
14/01/2002,22.03696,8.58,8.84,10.69,5.385,7.04,182.6,22.93,6.23,NA,NA,NA,5,140.9,25.02,5.24,9.46,11.4,6.074,4.334,223.3,20.16,4.4,11.1,5.1,NA,NA,47,NA
15/01/2002,22.03970,5.37,6.7,8.26,4.062,5.628,64.53,20.42,4.99,NA,NA,NA,7.2,313.5,24.14,5.42,7.26,8.85,4.38,7.49,329.6,21.53,19.4,7.9,3.3,NA,NA,41,NA
16/01/2002,22.04244,4.88,9.07,10.08,6.689,6.432,148.1,16.1,3.43,NA,NA,NA,8,337.6,16.01,4.1,9.73,10.76,7.31,7.09,210.6,15.09,9,10.2,5.4,NA,NA,28,NA
17/01/2002,22.04517,3.91,6.71,8.39,4.649,1.809,68.99,15.52,3.71,NA,NA,NA,2.8,269.9,18.49,3.93,7.25,8.92,5.136,2.955,339.2,16.86,8.2,8.3,3.4,NA,NA,25,NA
18/01/2002,22.04791,7.67,8.01,9.7,6.722,8.84,198.4,22.44,6.15,NA,NA,NA,7,141.8,21.63,6.41,8.72,10.33,7.25,7.29,196.7,24.34,13.2,9.2,2.4,NA,NA,44,NA
19/01/2002,22.05065,6.48,7.47,9.26,5.92,9.65,102.2,18.85,4.72,NA,NA,NA,10,104,22.38,5.97,8.1,9.86,6.375,10.44,236.8,22.7,17,9.1,4.9,NA,NA,39,NA
20/01/2002,22.05339,4.54,8.73,10,7.53,6.432,123.8,19.24,4.33,NA,NA,NA,8.2,316.1,23.32,4.81,9.39,10.83,8.42,6.698,238.3,18.88,42.2,9.5,5.1,NA,NA,42,NA
21/01/2002,22.05613,6.57,9.21,10.45,6.388,4.623,189.6,19.63,5.52,NA,NA,NA,5,140.9,22.25,5.47,9.81,11.13,6.878,5.122,186.8,17.08,24.8,9.4,4.2,NA,NA,43,NA
22/01/2002,22.05886,5.01,8.31,9.53,6.455,8.44,48.2,22.15,4.97,NA,NA,NA,11.2,348.2,24.6,5.18,8.91,10.19,7.11,9.06,320.7,26.66,22.4,9.7,6.8,NA,NA,41,NA
23/01/2002,22.06160,9.46,5.67,7.26,3.694,2.211,53.57,28.32,7.48,NA,NA,NA,12.2,182.9,29.24,7.15,6.26,7.71,4.214,7.29,220.1,24.83,30.8,7.1,3.8,NA,NA,47,NA
24/01/2002,22.06434,4.13,2.65,4.363,0.752,5.628,27.55,19.27,4.16,NA,NA,NA,4,134.3,19.7,4.32,3.32,5.185,0.965,6.304,301.8,22.08,NA,5.2,-0.4,NA,NA,NA,NA
25/01/2002,22.06708,6.51,5.13,9.5,1.024,7.44,97.1,17.87,5.55,NA,NA,NA,13.4,114.7,19.63,6.15,5.67,10.13,1.233,19.7,161.8,23.68,NA,6.9,-1.9,NA,NA,NA,NA
26/01/2002,22.06982,2.09,7.88,8.86,6.89,2.211,245,15.45,2.01,NA,NA,NA,1.8,280.5,12.77,1.94,8.49,9.69,7.01,1.773,315.1,18.16,0.6,8.7,2.2,-120.2259313,-2.098338347,NA,5.25
27/01/2002,22.07255,5.63,7.74,10.4,4.517,6.834,173.8,25.35,5.2,NA,NA,NA,18.2,150.1,31.52,4.48,8.42,11.2,5.572,11.23,208.9,20.09,35.2,9.5,2.4,NA,NA,49,NA
28/01/2002,22.07529,6.47,5.9,9.53,2.757,22.11,342.8,28.26,5.8,NA,NA,NA,34.8,345,37.04,6.2,6.56,10.29,3.376,16.94,293,29.04,34,10.1,1.6,NA,NA,71,NA
29/01/2002,22.07803,6.59,6.6,9.23,3.694,4.824,111.2,23.32,5.52,NA,NA,NA,11.2,118.8,27.41,6.22,7.18,10.13,3.778,9.65,164.4,28.94,27.4,7.4,-1.6,NA,NA,40,NA
30/01/2002,22.08077,3.55,7.59,8.9,6.054,10.25,102.5,14.34,2.51,NA,NA,NA,9.4,273.7,16.04,3.39,8.22,9.69,6.543,11.43,242.3,16.53,16,9.2,5.5,NA,NA,32,NA
31/01/2002,22.08350,5.54,7.54,9.13,5.619,3.417,105.3,21.72,5.12,NA,NA,NA,5.6,177.3,21.3,6.03,8.25,9.89,6.308,7.09,201.3,32.14,17.4,8.3,3.4,NA,NA,40,NA
01/02/2002,22.08624,11.85,7.59,10.47,4.247,22.51,187.4,30.48,9.76,NA,NA,NA,82.4,111.5,39.69,9.58,8.49,11.16,4.969,16.55,202.2,33.06,30.4,10.6,3.5,NA,NA,77,NA
02/02/2002,22.08898,8.5,6.89,8.39,4.013,4.422,186.9,24.37,6.42,NA,NA,NA,13.6,78.8,35.15,7.41,7.69,9.09,4.634,8.47,198.9,28.91,15.6,8.8,3.3,NA,NA,56,NA
03/02/2002,22.09172,3.12,6.39,7.79,3.525,3.417,108.7,13.65,2.3,NA,NA,NA,4.8,245.1,13.1,2.75,7.01,8.45,3.777,6.501,264,16.27,18,6.5,0.9,NA,NA,NA,NA
04/02/2002,22.09446,6.14,7.15,8.86,3.526,4.824,169.5,17.87,5.9,NA,NA,NA,8.4,149.7,19.27,6.65,7.91,9.62,3.979,7.49,184.2,20.16,8,7.7,2.6,NA,NA,45,NA
05/02/2002,22.09719,5.43,7.35,8.56,5.719,8.04,125.7,22.9,6.31,NA,NA,NA,10.8,311.4,26.98,7.39,7.98,9.02,6.141,12.02,233,31.36,7.6,7.8,4.3,NA,NA,34,NA
06/02/2002,22.09993,3.09,5.71,7.02,3.646,2.01,6.861,19.63,5.28,NA,NA,NA,1.8,349.6,21.56,5.8,6.32,7.71,4.098,3.152,339.7,30.51,4.8,6.6,1.6,NA,NA,35,NA
07/02/2002,22.10267,7.71,8.04,10.27,4.596,13.67,89.3,25.68,5.94,NA,NA,NA,11.2,155.4,23,7.2,8.77,11.23,5.381,11.82,267.5,27.44,19.2,10.3,0.7,NA,NA,52,NA
08/02/2002,22.10541,4.81,8.53,9.78,6.589,2.412,129.9,17.02,4.16,NA,NA,NA,2.6,44.8,21.43,4.14,9.16,10.53,7.15,2.364,250.6,17.61,7.6,9.4,6.9,NA,NA,50,NA
09/02/2002,22.10815,3.68,6.71,7.93,4.916,1.005,54.97,16.1,3.07,NA,NA,NA,2,332.1,18.29,3.6,7.27,8.85,5.572,1.97,308.6,16.33,6,7.7,2,NA,NA,29,NA
10/02/2002,22.11088,3.62,6.05,7.02,4.522,1.407,68.51,18.46,3.22,NA,NA,NA,2.4,58.08,19.18,3.42,6.61,7.51,5.008,2.955,143.4,19.08,2.8,6.4,2.1,NA,NA,NA,NA
11/02/2002,22.11362,2.96,6.41,8.46,4.462,10.65,117,23.78,2.83,NA,NA,NA,19.4,96.9,33.06,3.42,6.96,9.72,4.948,17.14,190.7,33.84,29,8.1,4.5,NA,NA,55,NA
12/02/2002,22.11636,4.45,6.45,7.16,5.719,0.201,58.89,12.67,3.24,NA,NA,NA,0.4,175.8,13.56,3.13,7.08,7.71,6.342,0.394,223.7,12.84,13,7.3,4.1,50.36379621,0.879014068,21,9.625
13/02/2002,22.11910,3.39,5.83,6.789,4.697,0.201,88.9,12.38,2.37,NA,NA,NA,0,139.9,11.99,2.95,6.65,7.78,5.203,0,214.7,14.24,0.4,6.4,-0.2,-15.44955124,-0.269645537,NA,6.375
14/02/2002,22.12183,5.27,7.73,8.96,6.455,5.226,176.4,18.55,4.73,NA,NA,NA,8,21.06,20.71,5.72,8.38,9.59,6.844,6.501,213,23.39,6.8,8.1,-0.6,NA,NA,35,NA
15/02/2002,22.12457,4.51,8.55,9.78,6.656,0.201,150.9,18.23,4.07,NA,NA,NA,0.2,256.5,20.84,4.99,9.19,10.49,6.844,0,183.8,19.8,0.2,9.7,2.5,NA,NA,27,NA
16/02/2002,22.12731,6.61,8.26,9.55,5.518,4.221,181.4,21.3,5.02,NA,NA,NA,8.8,8.92,27.9,6.47,8.91,10.26,6.011,5.91,206.8,22.74,4.8,9.5,6.6,NA,NA,39,NA
17/02/2002,22.13005,3.89,5.88,7.36,3.861,1.407,42.65,17.05,4.2,NA,NA,NA,2.4,317.1,24.04,4.52,6.39,7.88,4.514,2.364,343.5,23.68,3,7.6,3.2,NA,NA,34,NA
18/02/2002,22.13279,4.28,5.5,8.49,2.723,6.03,22.61,17.35,6.25,NA,NA,NA,8.8,31.97,33.45,6.12,6.11,9.19,3.242,6.304,340.4,23.13,20.4,5.6,0.4,NA,NA,48,NA
19/02/2002,22.13552,4.19,5.34,9.26,2.456,10.05,28.79,24.76,5.52,NA,NA,NA,16.6,47.26,33.42,5.83,6.05,9.96,2.539,13.99,333.3,28.88,NA,7.6,0.8,NA,NA,48,NA
20/02/2002,22.13826,5.13,4.73,6.522,2.288,5.829,16.17,27.28,5.6,NA,NA,NA,7,359.8,24.27,6.35,5.45,7.15,2.773,10.05,340.9,32.67,9.4,6.5,0.5,NA,NA,59,NA
21/02/2002,22.14100,5.6,8.01,9.79,5.366,11.66,112,22.18,4.96,NA,NA,NA,23.4,323.8,24.34,5.57,8.68,10.66,5.955,18.71,173.3,22.02,27.4,10.2,0.2,NA,NA,46,NA
22/02/2002,22.14374,6.97,2.4,8.43,-0.449,4.623,19.47,25.55,9.75,NA,NA,NA,46.2,80.8,41.19,10.24,2.96,8.95,0.362,6.698,354.2,33.94,NA,8.2,-0.8,NA,NA,62,NA
23/02/2002,22.14648,3.91,2.61,4.396,0.193,6.03,1.088,24.24,5.37,NA,NA,NA,4.8,348.1,29.82,5.73,3.3,5.085,0.767,4.925,339.9,27.28,NA,2.1,-1.5,NA,NA,33,NA
24/02/2002,22.14921,1.54,3.33,5.199,0.622,2.01,346.4,7.38,1.52,NA,NA,NA,1.2,266.4,7.71,1.66,3.56,6.108,0.669,1.97,328.2,9.54,NA,5.3,-2.6,-109.0545838,-1.903361553,NA,3.291666667
25/02/2002,22.15195,6.03,6.83,9.06,4.128,12.66,105.4,20.97,5.32,NA,NA,NA,19.2,129,23.26,6.9,7.42,9.46,4.649,24.82,170.4,23.78,37.8,7.9,-1.3,NA,NA,40,NA
26/02/2002,22.15469,3.3,6.8,7.96,5.018,0.603,95.1,10.91,2.39,NA,NA,NA,1,253.5,12.74,3.13,7.38,8.48,5.142,0.985,292.6,14.47,1.8,9.3,2.6,NA,NA,29,NA
27/02/2002,22.15743,5.59,6.16,7.69,4.116,0.603,119.1,19.01,4.72,NA,NA,NA,0.8,140.9,30.84,5,6.76,8.15,4.58,0.788,199.1,22.8,15.6,7.8,-0.2,NA,NA,38,NA
28/02/2002,22.16016,7.68,4.32,6.087,1.174,3.417,49.35,23.13,6.6,NA,NA,NA,4.6,189.4,29.37,6.37,4.91,6.476,1.895,3.349,245.5,21.63,5.6,6,1.9,NA,NA,40,NA
01/03/2002,22.16290,3.24,4.35,5.868,2.723,2.01,12.74,16.07,4.03,NA,NA,NA,2.4,55.35,18.62,4.21,4.95,6.424,3.443,2.561,331,21.69,2.6,5.7,1.3,NA,NA,29,NA
02/03/2002,22.16564,2.94,7.45,8.73,5.5,1.809,20.92,13.82,4.9,NA,NA,NA,2.8,339.2,19.76,5.36,8.02,9.22,6.089,2.364,350.9,17.35,7,8.3,3.1,NA,NA,27,NA
03/03/2002,22.16838,3.93,8.5,9.26,7.62,3.216,63.87,15.48,4.74,NA,NA,NA,6.2,310.7,25.74,4.93,9.13,9.76,8.25,5.122,357.2,20.02,6.8,9.2,6.8,NA,NA,31,NA
04/03/2002,22.17112,5.47,6.63,9.03,3.478,4.221,75.4,20.19,5.63,NA,NA,NA,6,288.9,24.4,6.15,7.22,9.59,4.141,6.107,8.25,27.73,10.6,8.9,2.1,NA,NA,43,NA
05/03/2002,22.17385,6.13,7.34,8.7,4.716,14.07,62.69,21.07,4.4,NA,NA,NA,18.6,288.8,27.7,6.39,7.99,9.42,5.52,18.52,292.8,25.35,37.2,7.7,2.2,NA,NA,50,NA
06/03/2002,22.17659,5.43,7.18,8.56,4.582,6.834,42.56,21.85,6.99,NA,NA,NA,12.8,309.3,31.59,7.64,7.8,9.09,5.304,8.67,1.822,28.29,27,9.1,4.6,NA,NA,46,NA
07/03/2002,22.17933,5.18,7.18,9.5,4.889,2.814,41.9,19.11,6.13,NA,NA,NA,6,120.9,32.96,6.23,7.84,10.33,5.687,3.152,330.6,26.1,10.6,8.7,4.3,NA,NA,54,NA
08/03/2002,22.18207,5.57,6.96,13.28,2.979,2.412,84.3,21.3,4.09,NA,NA,NA,4.4,354.3,26,5.51,7.55,10.56,3.543,5.122,231.9,23.03,14.4,10.2,2.1,NA,NA,42,NA
09/03/2002,22.18480,3.43,3.86,5.894,2.121,3.417,39.79,16.04,3.36,NA,NA,NA,3.2,310.8,18.39,3.64,4.41,6.556,2.673,3.743,344.4,19.4,6.2,5.6,1,-121.9117401,-2.127761262,23,9.333333333
10/03/2002,22.18754,7.86,4.42,6.77,1.954,16.88,151.5,31.98,7.26,NA,NA,NA,33.6,147.1,36.62,7.56,5.06,7.4,1.936,31.52,175.5,38.02,18,6.8,-0.3,NA,NA,60,NA
11/03/2002,22.19028,6.87,5.15,6.796,3.091,9.65,76.4,27.11,5.56,NA,NA,NA,11,93.3,29.6,6.93,5.85,7.5,3.979,8.67,197.3,25.74,15.6,7.9,1.6,NA,NA,50,NA
12/03/2002,22.19302,2.4,5.22,7.02,3.325,0.201,24.39,14.7,3.07,NA,NA,NA,0,302.2,16.95,3.16,5.84,7.55,4.214,0,337,16.2,NA,6.8,-0.2,-70.81756305,-1.235999643,22,6.541666667
13/03/2002,22.19576,1.82,6.41,8.29,5.018,1.005,29.06,8.13,2.08,NA,NA,NA,2,30.26,14.6,1.94,6.92,8.82,5.585,1.773,348.8,12.87,2.8,7.5,1.2,-101.4086972,-1.769915657,16,4.541666667
14/03/2002,22.19849,3.05,6.27,7.45,5.585,0,92.2,8.26,2.77,NA,NA,NA,0,116.5,7.61,3.18,6.91,7.98,6.287,0,160.7,9.02,0,8,3.8,NA,NA,27,NA
15/03/2002,22.20123,5.42,5.47,6.689,4.597,0.201,83.8,12.09,4.49,NA,NA,NA,0,115.4,13.16,4.72,6.01,7.18,5.118,0.197,162,20.09,0,7.2,2.8,NA,NA,35,NA
16/03/2002,22.20397,5.54,6.47,8.09,5.064,1.005,135.1,14.21,4.98,NA,NA,NA,2.4,127.5,15.78,4.91,7.06,8.72,5.553,2.561,172.9,12.15,2.4,8.7,4,147.8914793,2.581193249,22,10.16666667
17/03/2002,22.20671,4.33,8.06,8.85,7.06,0.201,102.4,14.28,3.23,NA,NA,NA,0.4,143.4,17.87,3.17,8.69,9.59,7.71,0.197,199.6,11.4,2.8,11.2,5.2,144.1538186,2.515958764,16,6.5
18/03/2002,22.20945,8.83,6.4,8.26,4.594,1.407,54.94,18,5.76,NA,NA,NA,3.6,183.6,22.34,5.79,7,8.99,5.219,3.152,221.6,19.7,9.6,7.5,4.6,NA,NA,28,NA
19/03/2002,22.21218,3.51,3.92,5.032,1.613,1.407,45,14.05,3.06,NA,NA,NA,1.2,241.3,14.11,3.17,4.45,5.776,2.338,1.379,265.2,13.2,0.6,6.7,1.6,12.15919753,0.212218031,NA,NA
20/03/2002,22.21492,5.24,5.59,6.522,4.43,0,71.1,10,3.56,NA,NA,NA,0,137.3,12.87,3.06,6.13,7.05,5.118,0,200.2,13.72,0.2,7.9,1.7,NA,NA,NA,NA
21/03/2002,22.21766,3.27,5.99,7.36,5.065,3.417,65.4,7.42,2.16,NA,NA,NA,4.8,101.8,10.75,1.97,6.53,7.82,5.386,4.531,188,8.26,0,7.7,3.7,74.13758361,1.293944933,22,13.125
22/03/2002,22.22040,2.64,7.74,8.95,5.728,0,82.1,8.4,2.5,NA,NA,NA,0,100.5,7.84,2.65,8.3,9.96,5.955,0,144.4,8.3,0.4,9.4,3.8,84.16558612,1.468966595,24,11.20833333
23/03/2002,22.22313,5.76,8.71,9.33,8.13,0,161.8,18.85,6.15,NA,NA,NA,0,143.2,17.93,7.7,9.26,9.96,8.72,0,172.2,20.35,0,12.6,5.8,NA,NA,32,NA
24/03/2002,22.22587,6.42,9.18,10.75,7.89,1.407,192.6,18.1,4.74,NA,NA,NA,2,123.4,18.82,4.8,9.68,10.76,8.42,0.985,191.9,20.38,1.4,12.4,8.2,NA,NA,49,NA
25/03/2002,22.22861,4.31,6.98,8.83,4.582,2.01,69.53,15.35,3.42,NA,NA,NA,2.8,330.9,18.55,4.25,7.56,9.49,5.103,2.955,275,18.16,4.6,9.4,2.5,NA,NA,41,NA
26/03/2002,22.23135,9.44,8.25,9.33,6.756,1.608,195,21.63,6.94,NA,NA,NA,2.8,87.9,27.28,6.08,8.89,9.99,7.52,0.985,210.6,18.59,0.8,9.2,1.6,NA,NA,61,NA
27/03/2002,22.23409,10.27,9.32,9.78,8.76,0.603,199.7,21.66,8.49,NA,NA,NA,1.6,105.1,27.83,5.53,9.98,10.43,9.36,0.197,214.7,15.84,2.4,10,7.9,NA,NA,59,NA
28/03/2002,22.23682,7.45,8.53,9.56,5.585,4.623,207,19.76,6.27,NA,NA,NA,5.6,84.1,25.81,4.57,9.16,10.26,6.115,4.334,229.9,16.17,0,9.7,8,NA,NA,50,NA
29/03/2002,22.23956,1.55,7.55,8.69,6.053,4.02,146.8,10.22,1.58,NA,NA,NA,2,142.6,8.33,1.52,7.98,9.09,6.613,3.546,193.3,8.56,1.6,9.3,6.1,NA,NA,NA,NA
30/03/2002,22.24230,6.76,8.16,9.36,7.06,3.618,207.6,16.69,5.41,NA,NA,NA,3.2,139.6,16.86,3.83,8.76,9.82,7.58,2.955,213.3,16.14,0.8,10,1.9,-173.8830658,-3.034832012,NA,12.25
31/03/2002,22.24504,4.64,8.69,10.32,6.722,5.829,191.5,22.44,3.83,NA,NA,NA,4.8,163.9,22.47,3.88,9.15,10.69,7.25,4.334,196.9,20.35,2.6,11.5,7.5,169.1279978,2.951840419,32,15.39130435
01/04/2002,22.24778,7.55,7.69,9.06,6.254,1.005,190.6,20.35,5.42,NA,NA,NA,1.8,83.1,24.99,5.47,8.32,9.72,6.911,0.985,205.6,20.19,1.8,10.7,6.2,NA,NA,48,NA
02/04/2002,22.25051,5.99,8.01,9.65,5.117,3.819,143.3,18.75,5.98,NA,NA,NA,3,129.7,19.73,6.41,8.65,9.56,5.94,3.349,176.4,17.48,0,12,5.7,NA,NA,31,NA
03/04/2002,22.25325,6.59,9.33,10.12,8.29,0.603,154.8,20.97,6.31,NA,NA,NA,1,134.8,18.65,6.56,9.89,10.43,9.12,0.985,172.9,18.59,2,14.5,7.9,NA,NA,27,NA
04/04/2002,22.25599,4.77,8.9,10.69,7.19,0.402,179.7,17.84,3.81,NA,NA,NA,0.4,121.5,24.99,3.22,9.4,10.8,7.35,0.591,197.4,12.54,0,11.5,8.3,NA,NA,32,NA
05/04/2002,22.25873,2.41,9.28,11.32,7.42,0,44.97,7.06,2.65,NA,NA,NA,0,66.13,7.32,2.63,9.94,12.2,8.12,0,77.5,8.17,0,13.6,6.2,NA,NA,28,NA
06/04/2002,22.26146,1.79,8.62,10.92,6.923,0,119.5,7.81,2.03,NA,NA,NA,0,152.3,6.991,2.58,8.67,10.59,5.687,0,173.5,7.61,0,12.2,4.6,111.7807406,1.950941965,19,7.208333333
07/04/2002,22.26420,1.72,9.12,11.68,6.601,0,162,6.501,2.01,NA,NA,NA,0,240.5,8.75,2.01,8.7,11.22,5.286,0,316,8.59,0,12.7,0.9,-101.9808948,-1.779902388,13,4.333333333
08/04/2002,22.26694,1.65,8.5,10.59,7.06,0.201,8.98,8.79,2.11,NA,NA,NA,0.2,350.8,8.23,2.21,9.05,10.99,6.85,0.197,339,11.11,0,11.7,3.5,-82.52071834,-1.440258236,18,7.708333333
09/04/2002,22.26968,2.51,8.71,10.55,6.99,0,129.7,11.07,2.32,NA,NA,NA,0.2,248,12.35,2.39,9.12,10.36,6.219,0.197,214.5,11.66,0,10.3,3.7,-145.5268739,-2.539923099,17,8.083333333
10/04/2002,22.27242,2.87,8.71,9.33,8.09,8.44,169.8,9.83,2,NA,NA,NA,13.6,282.4,10.98,2.51,9.23,9.82,8.65,10.83,190.1,9.7,0,10.8,8.3,-170.4174539,-2.974345674,19,10.54166667
11/04/2002,22.27515,2.28,6.82,8.63,4.986,13.47,347.9,9.08,3.24,NA,NA,NA,18.6,325.8,13.33,3.11,7.4,9.19,5.471,16.94,247.7,16.43,12.4,8.6,4.3,NA,NA,26,NA
12/04/2002,22.27789,1.62,6.27,8.62,4.831,0.201,352.3,8.23,1.84,NA,NA,NA,0.2,310.3,10,1.82,6.86,9.36,4.481,0.197,344.5,9.28,1.6,9.2,0.9,NA,NA,25,NA
13/04/2002,22.28063,3.97,6.98,7.99,5.433,7.24,204.4,11.56,3,NA,NA,NA,8,113.9,14.8,2.72,7.46,8.38,4.917,7.68,224.6,9.05,3.6,8.5,0,-176.0329109,-3.072353887,21,8.333333333
14/04/2002,22.28337,3.13,6.87,8.42,5.099,0.402,138.2,12.09,3.1,NA,NA,NA,0.4,36,14.9,3.41,7.38,9.02,5.219,0.394,287.9,13.59,12.8,9.6,4.2,-116.4553344,-2.032529018,25,10.75
15/04/2002,22.28611,5.87,8.17,9.15,6.689,0,182.6,16.24,5.85,NA,NA,NA,0,142.1,15.71,7.24,8.65,9.32,7.35,0.197,181.3,15.65,0,10.4,4.7,161.2932424,2.81509814,23,13.54166667
16/04/2002,22.28884,4.7,8.68,9.29,7.96,3.216,141.6,17.51,6.64,NA,NA,NA,3.4,133.9,17.54,8.41,9.24,9.82,8.62,3.94,173,16.95,0,12.5,5.6,NA,NA,26,NA
17/04/2002,22.29158,2.55,8.3,9.48,6.689,5.226,168.7,11.86,2.51,NA,NA,NA,4.6,142.5,11.37,3.3,8.74,9.62,7.11,4.531,167.2,11.79,1.6,10.7,8.4,128.7265133,2.246701492,21,9.666666667
18/04/2002,22.29432,0.98,7.75,9.03,6.154,1.206,351.7,3.626,1.7,NA,NA,NA,1.6,343.5,5.031,1.45,8.23,9.59,7.02,1.379,38.23,5.292,0,12.3,7.1,112.5457289,1.964293529,14,5.583333333
19/04/2002,22.29706,3.19,9.24,10.89,7.36,0.201,188.9,14.5,3.9,NA,NA,NA,0.2,139.9,14.57,4.59,9.33,10.39,6.583,0,187,12.9,0,12.7,3.8,116.0789235,2.025959406,20,7.166666667
20/04/2002,22.29979,5.12,9.43,10.18,8.82,5.025,204,18.46,4.16,NA,NA,NA,4.4,150.7,13.75,5.15,9.95,10.49,9.32,4.334,185.4,19.04,4.4,10.5,7.8,NA,NA,27,NA
21/04/2002,22.30253,7.55,10.26,11.49,9.2,3.417,201.6,20.81,6.53,NA,NA,NA,5.6,130,24.83,4.5,10.8,11.87,9.66,2.758,198,20.22,8.4,12.6,9.3,NA,NA,45,NA
22/04/2002,22.30527,5.48,9.87,11.12,8.16,9.65,110.7,19.08,4.1,NA,NA,NA,11,233.3,23.52,5.2,10.5,11.6,8.79,11.23,247,20.71,29.2,12.5,8.9,NA,NA,46,NA
23/04/2002,22.30801,4.73,10.14,10.72,9.65,1.005,166.2,16.37,4.23,NA,NA,NA,2.2,279.4,21.43,5.11,10.8,11.16,10.36,1.576,171.7,20.61,4.4,12.7,9.7,NA,NA,40,NA
24/04/2002,22.31075,7.98,9.53,10.55,7.86,12.46,200,18.42,6.42,NA,NA,NA,10.4,118.3,22.87,5.03,10.17,10.96,8.45,11.43,222.1,18.62,4.2,12.9,9.1,NA,NA,41,NA
25/04/2002,22.31348,7.06,8.81,10.52,7.12,11.46,168.4,22.44,5.15,NA,NA,NA,9.8,122.6,26.66,5.11,9.4,10.83,7.85,8.86,214.8,16.76,6.4,12.7,5.4,NA,NA,49,NA
26/04/2002,22.31622,3.14,6.43,9.57,3.961,5.427,342.7,14.96,5.27,NA,NA,NA,5.8,353.1,22.34,5.75,6.95,10.33,4.683,5.319,337.2,22.28,14.6,8.9,3.5,NA,NA,47,NA
27/04/2002,22.31896,2.2,5.84,7.89,3.359,3.618,145.4,9.64,2.63,NA,NA,NA,3.8,133,9.67,2.92,6.39,8.29,3.946,4.925,196.3,10.13,2,9.8,2,NA,NA,33,NA
28/04/2002,22.32170,3.27,6.71,8.86,3.459,13.67,77,15.45,3.21,NA,NA,NA,16.8,132.5,14.96,3.73,7.35,8.75,3.946,16.35,195.6,19.01,15.8,8.7,4.4,NA,NA,34,NA
29/04/2002,22.32444,2.59,7.24,9.32,5.752,1.608,8.06,19.93,4.64,NA,NA,NA,2.6,350.7,17.15,5.36,7.71,9.56,6.385,2.561,351,20.68,11.6,7.6,4.8,NA,NA,39,NA
30/04/2002,22.32717,2.2,7.14,8.86,4.764,1.005,8.04,11.01,2.44,NA,NA,NA,0.6,338.3,10.29,2.65,7.61,9.05,5.922,0.788,325.6,11.43,12.2,8.6,5.5,-52.3645111,-0.91393313,22,7.708333333
01/05/2002,22.32991,2.46,7.99,9.98,6.54,3.015,17.1,12.05,3.52,NA,NA,NA,3.8,30.66,17.12,3.64,8.51,10.13,7.11,3.152,345.8,13.88,1,11.2,2.5,NA,NA,27,NA
02/05/2002,22.33265,2.26,7.89,10.69,5.16,2.412,356.9,9.34,3.22,NA,NA,NA,1.2,325.3,15.29,3.15,8.4,9.76,6.717,0.985,272.9,13.95,6,10.5,4.5,-63.57718685,-1.10963124,23,9.75
03/05/2002,22.33539,1.46,7.72,11.12,4.798,0.603,102.8,4.802,1.67,NA,NA,NA,0.2,77.3,6.337,1.37,8.19,11.46,5.62,0.197,181.4,7.87,3.8,10.1,2.8,-28.93497944,-0.50501066,18,6.041666667
04/05/2002,22.33812,2.52,9.27,11.25,6.789,0,168,8.59,2.57,NA,NA,NA,0,150.6,8.4,2.91,9.61,11.05,7.52,0,182.9,8.95,0,12.2,0.8,-166.1683261,-2.900184403,14,5.541666667
05/05/2002,22.34086,1.52,10.35,11.72,9.65,0,215.4,5.259,1.45,NA,NA,NA,0.2,135.6,8.69,1.33,10.88,12.03,10.09,0,215.4,4.083,0,15,2.6,66.35478764,1.158109519,14,5.625
06/05/2002,22.34360,1.64,10.18,12.32,8.33,0,210.2,4.933,1.52,NA,NA,NA,0,200,6.207,1.31,10.25,12.65,7.42,0,233.4,4.639,0,16,4.1,-46.00400809,-0.80292141,17,5.666666667
07/05/2002,22.34634,3.02,9.93,13.07,8.26,0,43.99,15.32,2.65,NA,NA,NA,0.2,42.44,12.71,2.6,10.02,12.79,7.02,0,346.9,15.55,0,12.6,3.3,-8.074980249,-0.140934992,NA,8.291666667
08/05/2002,22.34908,4.98,9.36,10.02,8.73,0.201,37.28,18.13,3.21,NA,NA,NA,0,296.6,16.24,3.44,9.84,10.39,9.32,0.197,293.6,17.15,0,11.4,9.1,25.41294264,0.443539522,24,15.20833333
09/05/2002,22.35181,2.79,10.32,12.31,9.23,0,49.41,7.45,2.94,NA,NA,NA,0,41.09,8.53,2.62,10.8,12.52,9.66,0,49.6,8.04,0,11.9,7.8,42.72594396,0.745708398,20,10.75
10/05/2002,22.35455,2.66,8.91,11.09,6.522,0,3.9,11.04,4.72,NA,NA,NA,0.2,353.2,17.64,4.9,9.15,10.9,7.28,0,18.36,15.58,1.2,11,7.3,98.62556626,1.721340858,25,6.916666667
11/05/2002,22.35729,2.53,7.79,9.95,6.12,1.608,5.475,12.35,4.32,NA,NA,NA,1.2,44.02,16.63,3.98,8.32,10.63,6.71,1.576,346.7,16.01,3.8,11.1,3.6,NA,NA,36,NA
12/05/2002,22.36003,2.07,8.02,10.42,5.385,0.603,175.4,9.28,1.87,NA,NA,NA,0.4,234,9.05,2.05,8.18,10.22,5.719,0.788,256.1,8.3,3.8,12.3,3.9,NA,NA,26,NA
13/05/2002,22.36277,6.47,8.8,10.52,7.09,7.64,63.35,16.37,4.38,NA,NA,NA,13.4,146.8,21.98,4.06,9.38,11.46,7.15,11.23,209.3,16.46,7.4,11.4,2.7,NA,NA,25,NA
14/05/2002,22.36550,3.46,9.58,11.92,7.63,1.608,104,15.65,3.4,NA,NA,NA,1.6,131.5,15.39,4,10.02,11.62,8.15,1.773,180.8,16.1,11.8,12.7,7.8,NA,NA,30,NA
15/05/2002,22.36824,4.05,9.28,10.52,7.79,0,78.7,15.12,3.15,NA,NA,NA,0.4,241.6,15.16,3.97,9.82,11.23,8.32,0,331.3,17.93,0.4,13.5,7.1,NA,NA,35,NA
16/05/2002,22.37098,3.82,9.56,10.92,8.63,0.201,49.59,14.28,3.01,NA,NA,NA,0.2,56.72,10.75,2.79,10.05,11.63,8.69,0.197,0.932,13.46,0,12.1,7.4,NA,NA,NA,NA
17/05/2002,22.37372,4.77,12.25,14.14,10.15,0,42.31,13.07,5.36,NA,NA,NA,0,59.69,14.77,4.56,13.51,16.67,10.36,0.197,40.22,15.09,0,14.1,9.2,NA,NA,31,NA
18/05/2002,22.37645,2.34,10.13,12.79,8.79,5.025,88.3,8.43,3.3,NA,NA,NA,7,118.1,11.86,3.68,10.73,13.76,9.39,7.09,169.4,10.68,3.6,12.4,8.2,NA,NA,28,NA
19/05/2002,22.37919,5.7,10.16,11.89,9.31,1.608,155.4,19.96,5.8,NA,NA,NA,2.8,130.4,24.47,5.64,10.64,11.73,9.76,2.364,177.4,22.28,6.4,13.6,8.2,NA,NA,40,NA
20/05/2002,22.38193,6.57,10.33,11.89,9.21,5.829,139,24.89,6.49,NA,NA,NA,8.8,127.1,26.66,6.66,10.77,12.16,9.86,10.44,175.4,28.68,2,13.7,9,NA,NA,42,NA
21/05/2002,22.38467,5.39,10.32,11.59,8.59,2.01,132.7,21.04,5.31,NA,NA,NA,3,125.1,26,4.53,10.86,12.28,9.25,3.152,181.6,15.78,0,16.1,9.6,NA,NA,48,NA
22/05/2002,22.38741,4.14,10.48,12.05,9.41,6.03,90.1,11.76,4.15,NA,NA,NA,7.8,114.2,16.73,3.57,11.14,12.75,9.36,7.49,174.4,14.18,8.6,16.9,10.2,87.40758791,1.5255502,24,9.541666667
23/05/2002,22.39014,2.49,10.5,12.64,9.45,5.025,176.2,10.22,2.23,NA,NA,NA,5.8,149.1,10.36,2.32,10.95,12.45,9.72,5.713,193.9,9.31,3,14.2,9.7,NA,NA,27,NA
24/05/2002,22.39288,3.37,9.44,12.17,7.96,2.814,92.1,11.73,3.43,NA,NA,NA,4.8,122.7,12.28,3.89,10.01,12.15,8.59,4.925,170.5,13.43,6,15.2,9.3,NA,NA,26,NA
25/05/2002,22.39562,4.03,9.78,11.15,8.99,2.412,136.5,14.18,3.36,NA,NA,NA,4.6,237.4,25.81,3.73,10.32,11.36,9.46,2.955,231.3,17.02,11.6,13.2,8.7,NA,NA,34,NA
26/05/2002,22.39836,2.34,10.55,12.06,9.35,0.603,105.8,8.82,2.46,NA,NA,NA,0.4,114.1,11.27,2.03,11.11,12.35,9.92,0.788,174.4,6.501,1.2,15.3,9.3,94.65911698,1.652113258,21,9.5
27/05/2002,22.40110,2.97,10.75,12.67,9.31,0,34.73,11.56,1.98,NA,NA,NA,0,143.8,9.34,2.16,11.29,13.66,8.92,0,334.7,8.36,1.2,13.5,9.5,42.70566244,0.745354419,22,11.125
28/05/2002,22.40383,2.21,10.76,12.41,9.19,5.226,102.3,9.02,2.44,NA,NA,NA,5.6,113.2,7.97,2.31,11.3,13.26,9.52,4.728,170.9,7.68,7.6,17.3,7.9,102.0589833,1.78126529,24,9.25
29/05/2002,22.40657,2.48,11.14,13.88,9.05,2.613,130.2,14.34,2.38,NA,NA,NA,5.4,164.2,16.1,2.56,11.5,13.39,9.72,4.728,184.1,19.08,18.6,13.4,9.8,133.8819203,2.336680318,26,10.875
30/05/2002,22.40931,3.47,10.3,11.89,8.81,0.804,142.7,11.5,2.84,NA,NA,NA,1,239.9,13.07,3.75,10.86,12.32,9.37,0.985,186.8,16.1,5,13.4,8.7,NA,NA,27,NA
31/05/2002,22.41205,4.33,10.93,12.24,9.78,3.618,149.6,14.7,3.54,NA,NA,NA,3.4,180.5,13.52,4.17,11.48,13.19,10.39,3.152,242,17.97,0.8,15,8.1,NA,NA,33,NA
01/06/2002,22.41478,9.12,10.63,11.52,9.65,22.71,205.3,18.55,6.91,NA,NA,NA,18.2,131.7,20.55,4.61,11.23,12.02,10.26,17.53,205.9,16.86,8.4,15.5,9.7,NA,NA,40,NA
02/06/2002,22.41752,2.84,10.54,12.65,9.15,1.005,192.6,9.6,2.51,NA,NA,NA,1,149.3,10.81,2.6,10.99,12.12,9.79,0.788,188.2,10.52,6,14.1,10.3,147.6173613,2.576408988,24,10.20833333
03/06/2002,22.42026,1.97,8.82,10.32,6.907,6.03,170,9.02,1.69,NA,NA,NA,6.8,145.3,8.85,2.23,9.39,10.93,7.38,6.501,187.9,9.9,8.8,13.2,8.7,NA,NA,25,NA
04/06/2002,22.42300,3.96,9.83,11.61,7.96,1.005,52.21,11.43,3.07,NA,NA,NA,1.2,136.9,14.21,3.38,10.51,12.79,8.52,1.379,223.6,13.69,0,13.6,6.5,73.53542738,1.283435325,22,10.125
05/06/2002,22.42574,3.02,12.23,15.25,9.52,0,39.8,7.58,2.28,NA,NA,NA,0,26.47,6.827,2.04,12.72,15.86,9.76,0,24.13,10.75,0,16.1,9.9,54.18966555,0.945788084,20,11.625
06/06/2002,22.42847,3.23,11.55,13.51,10.15,0,24.92,9.6,3.53,NA,NA,NA,0,357.9,9.7,3.54,11.9,13.89,10.96,0.197,33.1,12.51,0,19.1,10.8,29.38875531,0.512930543,21,9.125
07/06/2002,22.43121,2.64,15.76,20,10.72,6.231,40.96,10.68,2.5,NA,NA,NA,5.6,92.8,14.93,3,16.65,21.87,10.8,6.501,53.67,13.52,0,21.5,13,NA,NA,31,NA
08/06/2002,22.43395,2.77,12.88,14.58,10.72,2.412,100.1,13.33,3.13,NA,NA,NA,2.6,116.7,13.33,2.85,13.51,17.17,11.23,2.955,185.2,13.98,4,19,12.5,NA,NA,27,NA
09/06/2002,22.43669,2.35,10.58,11.38,9.33,3.618,99.5,9.87,2.99,NA,NA,NA,4.4,125.7,10.29,3.31,11.01,11.92,8.28,4.137,166.2,10.52,23.2,14.9,10.9,NA,NA,28,NA
10/06/2002,22.43943,1.64,11.02,12.87,9.36,0.603,52.96,8.79,1.52,NA,NA,NA,0.4,104.7,7.58,1.66,11.47,13.26,8.52,0.788,104.9,6.827,2,15.4,9.8,NA,NA,25,NA
11/06/2002,22.44216,2.44,11.28,13.94,9.31,1.206,183.8,10.03,2.07,NA,NA,NA,4,132.2,10.88,2.2,11.5,13.72,9.86,2.167,198.4,10.71,16.4,13.7,9.2,167.073511,2.91598286,22,10.25
12/06/2002,22.44490,3.23,10.44,12.22,8.95,4.824,197.1,9.67,2.84,NA,NA,NA,4.8,136,11.17,2.79,10.81,11.88,9.56,7.29,191.5,11.2,6,12.1,9,NA,NA,29,NA
13/06/2002,22.44764,1.6,11.64,13.54,9.82,0.804,28.32,5.227,1.68,NA,NA,NA,1.4,18.07,7.25,1.63,11.98,14.33,9.46,1.182,24.54,6.991,1.6,15.4,9,106.4545043,1.857981603,20,7.541666667
14/06/2002,22.45038,4.31,11.07,12.22,10.05,7.64,101.2,12.58,3.36,NA,NA,NA,14,121.2,19.73,3.72,11.59,12.6,9.49,14.38,175.9,14.44,14.4,14.3,9,NA,NA,27,NA
15/06/2002,22.45311,4.52,12.23,13.78,11.25,0,194.6,11.24,3.32,NA,NA,NA,0.2,112.3,13,2.99,12.67,13.76,11.9,0,199.5,10.88,0,15.3,11.5,NA,NA,25,NA
16/06/2002,22.45585,4.43,12.28,13.64,10.75,13.47,170,11.47,4.12,NA,NA,NA,15,125.6,14.05,3.86,12.76,14.06,11.39,15.76,180.7,17.35,3.6,15.9,10.5,NA,NA,26,NA
17/06/2002,22.45859,11.68,12.13,14.05,11.15,5.025,200.2,30.15,10.42,NA,NA,NA,12.8,125.4,34.89,7.31,12.73,14.73,11.72,6.304,203.7,26.56,24,15.5,11.8,NA,NA,64,NA
18/06/2002,22.46133,7.46,11.41,12.35,10.45,2.01,186.9,18.46,5.57,NA,NA,NA,2,83,22.93,5.55,11.98,12.52,11.1,2.167,195.9,20.48,8,13.6,11.4,NA,NA,46,NA
19/06/2002,22.46407,4.89,11.29,12.51,10.25,0.402,147.5,20.22,4.81,NA,NA,NA,1,245.8,21.36,5.13,11.84,13.09,10.82,0.591,165.3,20.42,2,15.4,10.7,NA,NA,39,NA
20/06/2002,22.46680,4.09,11.66,13.21,10.02,1.206,185.8,13.43,3.46,NA,NA,NA,1,125.2,14.41,3,12.11,13.36,10.59,1.182,193,10.09,0.4,16.2,10.5,NA,NA,25,NA
21/06/2002,22.46954,3.28,11.26,12.06,10.38,8.24,184.5,11.43,2.94,NA,NA,NA,9.4,142.9,10.09,3.68,11.82,12.45,10.93,8.47,181.9,12.54,15.4,13.8,9.4,129.9363959,2.267817926,18,8.791666667
22/06/2002,22.47228,2.21,11.14,12.52,10.28,5.025,151.1,9.51,2.2,NA,NA,NA,7.8,145.7,12.45,2.05,11.8,13.16,10.9,6.895,241,11.53,12.2,14.6,10.7,NA,NA,25,NA
23/06/2002,22.47502,2.06,11.35,12.85,10.18,0.201,35.49,10.13,3.07,NA,NA,NA,1.4,347.5,11.79,3.41,11.87,13.39,10.76,1.182,340,14.11,8.8,15.5,8,-108.1141183,-1.886947333,20,8.291666667
24/06/2002,22.47775,4.75,11.21,12.75,9.92,4.623,113.8,14.21,3.63,NA,NA,NA,7.6,296.4,20.81,4.2,11.8,13.62,10.53,5.91,248,17.9,4.8,14.5,8.5,NA,NA,34,NA
25/06/2002,22.48049,4.78,11.44,12.62,10.55,2.01,68.51,19.57,3.6,NA,NA,NA,5,252.7,18.91,4.61,12.09,13.19,11.2,4.728,310.5,19.73,2.8,14.1,10.3,NA,NA,35,NA
26/06/2002,22.48323,3.19,11.16,12.62,9.88,1.407,25.98,14.31,4.98,NA,NA,NA,2.4,6.481,22.12,5.03,11.84,13.22,10.81,2.167,343.7,17.64,9,14.5,10.2,NA,NA,35,NA
27/06/2002,22.48597,3.04,10.89,13.18,9.58,0.201,346.2,12.9,4.95,NA,NA,NA,0.2,339.1,18.69,4.83,11.19,12.18,10.56,0.197,282.9,18.26,1.8,12.7,9.6,NA,NA,37,NA
28/06/2002,22.48871,2.36,10.81,12.21,9.4,1.206,16.04,10.42,3.26,NA,NA,NA,2.4,344.1,14.05,3.25,11.41,12.56,9.76,1.97,342.2,12.09,0.4,15.3,8.1,NA,NA,29,NA
29/06/2002,22.49144,2.23,11.91,14.08,10.92,14.67,18.85,12.71,4.39,NA,NA,NA,16.8,357.3,19.63,4.5,12.5,14.76,11.56,14.77,346.4,14.63,7.4,14.1,10.7,NA,NA,29,NA
30/06/2002,22.49418,3.7,10.4,11.69,8.61,9.05,123.6,14.31,3.85,NA,NA,NA,11,208.9,17.93,4.12,11.04,12.13,9.29,9.65,216.9,16.69,20.8,12,9.3,NA,NA,30,NA
01/07/2002,22.49692,2.72,10.56,12.84,9.01,4.824,97.7,10.42,2.05,NA,NA,NA,6.2,147.7,10.39,2.5,11.05,12.82,9.62,5.122,216.5,11.2,19,12.7,9.7,-154.6190461,-2.69861144,24,9.47826087
02/07/2002,22.49966,3.84,11.66,14.24,10.05,0.201,30.89,11.96,3.05,NA,NA,NA,0.6,79.8,12.45,3.07,11.88,13.42,10.66,0.197,312.7,16.14,1.6,14.2,6.9,-31.20668965,-0.544659483,23,10.33333333
03/07/2002,22.50240,2.88,10.99,13.04,9.52,0,16.99,13.82,3.14,NA,NA,NA,0,350.5,10.94,3.21,11.4,12.89,10.33,0,311.8,13.72,0,13,10.3,-33.23208235,-0.580009254,23,11.83333333
04/07/2002,22.50513,1.75,11.6,14.34,9.45,0,75.2,6.435,1.74,NA,NA,NA,0,88.5,8.13,1.64,12.15,13.82,9.66,0,260.2,6.958,2,14.7,7.4,-95.46395079,-1.666160258,16,6.958333333
05/07/2002,22.50787,2,12.24,14.24,9.98,0,61.9,8.98,1.63,NA,NA,NA,0,316.1,7.02,2.01,12.77,15.46,10.86,0,334.9,6.697,0,14.6,5.5,98.40461912,1.717484603,NA,5.416666667
06/07/2002,22.51061,3.78,11.51,13.28,10.02,1.809,142.1,13.16,3.08,NA,NA,NA,2,120.8,12.38,2.97,12.07,13.97,10.73,1.773,246.7,12.41,6.8,13,9.5,-160.5022348,-2.801292453,24,9.25
07/07/2002,22.51335,2.88,11.57,13.81,10.18,2.613,158.9,11.4,2.31,NA,NA,NA,3.6,147.4,11.07,2.91,11.93,13.22,10.9,2.758,199.7,11.53,4.8,14.6,9.4,NA,NA,25,NA
08/07/2002,22.51608,4.33,11.02,12.19,9.72,8.44,49.38,13.75,3.72,NA,NA,NA,11.4,183.2,18.46,3.95,11.53,13.44,10.36,10.05,277.7,15.42,4.8,14.7,10.4,NA,NA,26,NA
09/07/2002,22.51882,2.24,12.53,14.85,11.12,0,188.2,9.18,2.16,NA,NA,NA,0.2,140,8.4,1.62,12.95,14.96,11.46,0.197,207.6,8.49,0,17.1,10.2,-162.5303564,-2.836689853,23,10.375
10/07/2002,22.52156,2.49,11.78,13.98,10.58,7.04,190.1,8.33,2.58,NA,NA,NA,8,152.1,14.21,2.44,12.2,14.19,10.89,8.67,207.4,11.17,0,16.2,7.2,157.5232499,2.74929936,21,7.916666667
11/07/2002,22.52430,2.56,11.72,14.04,10.57,1.608,69.71,10.03,2.58,NA,NA,NA,2.6,289.2,12.09,2.57,12.24,14.33,11.12,2.364,342.5,9.9,0,15.5,9.9,-132.3328306,-2.309643602,23,10.95833333
12/07/2002,22.52704,2.47,11.94,14.18,9.82,2.613,153.6,10.49,1.98,NA,NA,NA,2.2,240.4,9.54,2.57,12.33,13.79,10.46,2.758,191.5,10.55,19.2,13.4,8.6,NA,NA,26,NA
13/07/2002,22.52977,5.14,12.1,14.24,10.35,2.412,197.6,15.48,4.15,NA,NA,NA,1.6,156.1,17.77,3.03,12.47,13.72,10.8,1.773,220.9,12.48,0,16,5.5,-176.8760436,-3.087069329,NA,10
14/07/2002,22.53251,3.06,12.42,13.15,11.59,0.402,172.5,9.96,2.52,NA,NA,NA,1.2,39.35,11.3,2.79,12.97,13.46,12.53,0.591,221.4,9.44,0.4,16.6,11.7,NA,NA,25,NA
15/07/2002,22.53525,2.55,12.69,14.71,10.88,0.402,95.7,10.52,2.56,NA,NA,NA,1.4,262.2,12.51,2.83,13.32,15.3,11.39,0.985,306.6,10.81,0.4,17.1,12.6,-133.4456786,-2.329066464,20,11.125
16/07/2002,22.53799,1.7,11.98,13.88,10.55,0.804,85.9,6.795,1.81,NA,NA,NA,1.4,239.9,7.38,1.9,12.5,14.43,11.2,1.379,316.4,8.13,10,14.2,10.8,-176.7287954,-3.084499363,16,7.083333333
17/07/2002,22.54073,0.96,12.46,14.24,11.15,0,61.89,4.671,1.32,NA,NA,NA,0.2,326.7,6.076,1.45,13,15.23,11.53,0.788,349.9,4.443,2,15.2,9.2,-115.5082385,-2.015999075,NA,3.583333333
18/07/2002,22.54346,0.96,12.57,14.61,10.18,1.608,172.6,4.508,1.23,NA,NA,NA,1.8,259.7,4.998,1.12,12.77,14.56,10.76,1.182,307.6,4.279,0,15.3,8.9,25.38896093,0.443120962,12,3.5
19/07/2002,22.54620,2.02,11.41,13.58,9.41,8.44,38.27,8.56,1.64,NA,NA,NA,8.6,85.2,8.49,1.84,11.96,14.06,9.89,8.86,359.8,11.89,4.6,12.8,9.9,-11.84262049,-0.20669272,20,9.708333333
20/07/2002,22.54894,2.61,12.62,14.51,11.05,0,24.95,8,2.3,NA,NA,NA,0.2,58.44,8.33,2.31,13.24,15.13,12.26,0.197,351.3,11.43,0.4,15.1,10.1,-1.613259075,-0.028156683,20,10.66666667
21/07/2002,22.55168,3.02,12.98,15.11,10.59,1.407,164.8,11.3,2.45,NA,NA,NA,3.2,27.81,13.46,2.59,13.19,14.9,10.39,2.167,234.6,15.22,2.8,16.2,10.9,-153.7980415,-2.684282208,22,9.416666667
22/07/2002,22.55441,1.88,12.3,13.61,10.62,4.623,66.86,8.07,2.35,NA,NA,NA,4.8,98.6,11.47,2.29,12.95,14.39,11.46,4.531,347.3,11.73,8.6,15.7,12.3,-110.9089725,-1.93572674,NA,9.375
23/07/2002,22.55715,2.84,12.21,15.35,10.18,2.613,36.33,11.53,3.13,NA,NA,NA,4.2,47.66,14.05,3,12.64,15.06,10.69,4.531,336.3,11.69,11.8,16.2,10.4,-33.12600582,-0.57815787,22,8.875
24/07/2002,22.55989,2.73,12.23,13.51,10.92,2.01,119.2,11.04,2.87,NA,NA,NA,3,346.1,12.87,3.25,12.84,14.49,11.46,2.364,293.6,12.74,1.6,14.7,10.4,-113.1378077,-1.974627253,21,10
25/07/2002,22.56263,3.65,12.92,13.35,12.45,0,77.6,16.4,2.97,NA,NA,NA,0.8,299.5,15.12,3.51,13.63,14.09,13.23,0.197,254.1,13.2,2,14.8,11.9,NA,NA,31,NA
26/07/2002,22.56537,1.84,12.67,14.95,11.42,0.804,117.5,9.77,1.76,NA,NA,NA,1.2,236.9,9.18,1.79,13.32,15.97,12.1,1.182,292.7,10.78,2,18,12.5,-125.7744968,-2.195179085,20,8.958333333
27/07/2002,22.56810,3.4,12.85,14.04,11.25,19.1,200.9,14.08,2.88,NA,NA,NA,23,112.8,17.12,2.89,13.4,14.56,11.87,20.49,185,13.33,5.6,15.5,11.9,NA,NA,32,NA
28/07/2002,22.57084,1.4,12.54,14.94,10.12,12.66,14.93,5.88,2.09,NA,NA,NA,14.6,307.1,8.04,1.99,12.92,15.6,10.43,13.2,347.3,11.37,51.2,15.6,11.2,-105.5901721,-1.842896161,17,6.583333333
29/07/2002,22.57358,3.07,13.43,15.11,10.42,0.402,19.54,10.81,2.42,NA,NA,NA,0.2,51.43,9.87,2.17,13.52,15.6,9.79,0.394,19.97,8.92,0.2,16.1,6.6,18.42725123,0.321616206,20,8.833333333
30/07/2002,22.57632,4.83,12.59,13.81,11.52,0.402,33.25,16.17,3.76,NA,NA,NA,0.4,61.39,16.1,4.06,13.16,14.49,12.17,0.394,332.2,20.65,0.6,13.7,12.7,NA,NA,27,NA
31/07/2002,22.57906,6.68,12.61,13.61,11.55,9.65,24.5,16.95,3.96,NA,NA,NA,11,64.65,15.81,5.9,13.21,14.16,12.2,11.43,337.2,23.55,39.2,14.8,13,NA,NA,27,NA
01/08/2002,22.58179,5.99,16.02,20.04,13.28,2.613,46.1,15.35,5.68,NA,NA,NA,1.4,43.4,13.33,5,16.46,22.44,13.63,1.576,28.78,14.7,0,15.7,13,NA,NA,27,NA
02/08/2002,22.58453,8.02,12.75,13.88,12.02,0,34.48,18.95,4.41,NA,NA,NA,0,30.81,16.17,4.76,13.36,14.56,12.67,0,353.3,19.18,0,14.2,12.8,NA,NA,32,NA
03/08/2002,22.58727,3.94,13.09,15.04,12.02,0,37.85,13.33,5.41,NA,NA,NA,0.2,359.8,12.54,4.96,13.45,15.4,12.57,0,57.07,14.77,0,15.6,12.6,18.77469935,0.32768032,18,10.375
04/08/2002,22.59001,1.45,13.4,15.73,11.98,0.201,101.6,5.847,1.03,NA,NA,NA,0,144.8,6.272,1.75,13.87,16.03,12.6,0.197,148.9,8.43,0,17.6,12.7,72.55618669,1.26634435,14,5.958333333
05/08/2002,22.59274,2.22,12.7,13.78,11.45,0.201,217,6.501,1.39,NA,NA,NA,0.2,171.7,6.272,1.65,13.25,14.26,12.03,0.197,221.7,5.521,0.4,20.7,13,99.8528699,1.742761347,13,5.125
06/08/2002,22.59548,1.68,13.78,15.41,12.94,3.618,205.7,5.847,1.49,NA,NA,NA,4,133.7,5.619,1.36,14.47,15.67,13.66,2.561,213.9,4.312,3.2,19.3,13.7,146.5309535,2.557447595,16,5.958333333
07/08/2002,22.59822,1.67,12.33,14.01,10.62,2.01,32.04,7.81,2.39,NA,NA,NA,1.4,20.59,12.25,2.26,13.06,14.43,11.13,1.182,342.3,9.87,7.2,15.9,12.3,-106.7085542,-1.862415611,17,8
08/08/2002,22.60096,1.58,11.83,13.74,9.95,0,5.062,7.35,1.88,NA,NA,NA,0,352.1,6.827,1.95,12.19,14.69,9.39,0.197,16.18,7.58,0.4,14.6,10.9,-53.34645342,-0.931071256,12,5.458333333
09/08/2002,22.60370,1.8,12.06,14.55,9.95,2.613,339,8.13,2.42,NA,NA,NA,3,336.1,8.17,2.08,12.73,14.66,11.26,3.546,330.2,11.01,1.6,15.2,7.5,-75.5339591,-1.318316283,12,4.625
10/08/2002,22.60643,1.91,12.77,14.98,10.45,0,192.5,7.06,1.86,NA,NA,NA,0,165.1,7.02,2.06,13.29,15.43,10.76,0,252.7,7.25,1.2,15.8,9.5,-98.67973764,-1.722286327,14,4.958333333
11/08/2002,22.60917,2.65,13.11,15.18,12.09,0.201,51.51,9.31,2.55,NA,NA,NA,0.4,122.1,11.89,2.88,13.8,15.63,12.89,0.394,126.6,12.9,0.4,16.8,10.5,52.14922641,0.910175703,NA,5.791666667
12/08/2002,22.61191,3.51,13.04,15.08,10.85,1.005,202,15.75,3.33,NA,NA,NA,0.8,196,19.27,4.01,13.39,14.83,10.46,0.591,175.3,19.76,0,16.3,8.9,NA,NA,30,NA
13/08/2002,22.61465,4.38,13.48,15.21,12.51,0,153.1,13.1,3.67,NA,NA,NA,0,220.1,18.33,3.76,14.07,15.33,13.15,0,187.4,15.48,0.4,16.7,12.4,NA,NA,32,NA
14/08/2002,22.61739,4.18,13.6,15.18,12.36,11.26,164.5,19.37,3.9,NA,NA,NA,13.2,141.4,18.33,4.39,14.17,15.87,13.12,12.41,175.7,19.76,17.8,15.9,11.6,NA,NA,32,NA
15/08/2002,22.62012,7.87,13.2,13.84,12.17,0.603,180.7,23.85,6.57,NA,NA,NA,0.6,169.1,28.26,5.76,13.92,14.63,13.12,0.197,196.1,24.17,9.4,16.1,12.3,NA,NA,53,NA
16/08/2002,22.62286,3.82,13.25,14.85,12.19,0,185.3,11.07,3.33,NA,NA,NA,0,136.8,12.67,3.2,13.89,15.26,12.99,0,190,8.56,0.4,16.7,11.6,171.3715662,2.990998074,23,11.08333333
17/08/2002,22.62560,6.95,13.83,15.72,12.41,8.44,142.9,23.06,6.85,NA,NA,NA,11.6,128.2,23,6.58,14.57,16.1,13.05,14.18,169.2,22.15,13.6,18,12.3,NA,NA,35,NA
18/08/2002,22.62834,6.8,13.35,14.78,12.21,0.201,197.3,18.75,5.43,NA,NA,NA,0.4,110.8,22.93,3.57,13.9,14.96,12.89,0,207.8,12.71,0.4,15.4,12.9,NA,NA,42,NA
19/08/2002,22.63107,2.24,12.8,14.41,11.69,0.402,134.5,8.1,1.77,NA,NA,NA,0.6,229.8,6.239,1.85,13.44,15,12.45,0.591,212.2,8.04,6,16.5,11.4,-168.159809,-2.934942337,20,10.04166667
20/08/2002,22.63381,1.7,13.42,15.2,11.2,0.201,200.9,7.42,1.84,12.96,15,11.08,0,171.4,8.33,1.7,13.61,15.13,11,0,217,5.847,0,16.1,8.8,-179.2999596,-3.129374644,13,4.608695652
21/08/2002,22.63655,4.28,13.34,14.11,12.56,0.804,203,12.15,3.14,13.03,13.98,12.41,1,124.6,13.26,2.34,14.05,14.1,13.49,0.788,206.9,9.34,0,16.5,7,-151.1372973,-2.63784346,18,7.125
22/08/2002,22.63929,1.93,13.38,14.71,12.25,1.005,192,7.19,1.61,13.19,14.41,11.77,1.8,157.7,7.81,1.42,14.06,15.13,12.99,1.182,200.5,7.51,0,17.6,13,171.9108349,3.00041009,12,4.958333333
23/08/2002,22.64203,1.97,13.47,15.76,11.86,3.417,197.8,10.71,1.79,13.01,14.78,11.37,5,149.2,9.47,2.04,13.96,15.73,11.7,3.94,205.4,10.81,0,17.1,9.9,171.7669239,2.997898368,14,4.583333333
24/08/2002,22.64476,1.79,13.36,15.52,11.96,0,2.358,9.31,2.66,12.9,14.81,11.77,0,15.5,8.69,2.69,13.94,16.3,12.56,0.197,336.9,11.27,1.6,16.1,10.7,-57.16912686,-0.997789494,20,7.166666667
25/08/2002,22.64750,2.03,13.33,15.29,11.99,0.402,156.1,6.893,1.79,13.02,15.25,11.71,0.8,224.2,7.48,1.79,13.97,15.83,12.75,0.591,227.1,8.79,0.4,15.8,9.4,-125.5282226,-2.190880788,14,5.458333333
26/08/2002,22.65024,4.13,13.5,14.21,12.85,1.407,187,10.62,2.71,13.21,13.82,12.54,3.6,15.88,13.03,3.08,14.14,14.66,13.52,1.97,206.6,10.49,0,16.6,12,-156.2513912,-2.727101237,26,11
27/08/2002,22.65298,1.72,12.63,15.12,10.24,2.613,174.8,8.82,2.18,12.31,14.51,10.07,2.4,221.7,9.44,2.19,13.37,15.5,11.15,2.364,287.6,9.9,2.4,16.8,11.9,-127.6807777,-2.228449963,21,7.041666667
28/08/2002,22.65572,5.03,13.5,14.24,12.45,2.01,181.3,15.16,3.6,13.23,14.15,12.08,3.2,125.6,17.35,4.18,14.19,14.83,13.29,1.97,188.2,14.9,0.8,17.4,11.7,-155.8226741,-2.719618712,30,15.08333333
29/08/2002,22.65845,5.33,13.07,13.91,11.79,1.005,88.5,19.47,4.49,12.76,13.58,11.54,2,231.7,20.94,4.98,13.79,14.69,12.55,1.773,3.095,23.29,1.6,16.8,12.4,-127.7877945,-2.230317758,37,16.95833333
30/08/2002,22.66119,1.97,11.98,12.79,10.9,3.618,42.08,11.99,2.71,11.67,12.48,10.48,4.4,341.1,16.86,2.84,12.62,13.52,11.33,3.94,333.8,15.45,15.2,12.8,10.5,-93.34804544,-1.629230743,21,7
31/08/2002,22.66393,2.98,11.97,13.58,9.84,0.201,23.4,13.13,4.59,11.6,13.05,9.64,0.2,63.92,19.73,4.08,12.67,14.43,10.66,0.197,341.7,21.59,2.8,14.3,9.5,-83.54861662,-1.458198445,36,15.20833333
01/09/2002,22.66667,8.99,12.74,13.61,11.26,11.46,199.1,20.09,7.25,12.46,13.25,11.07,14,104.3,31.69,5.14,13.48,14.23,12.22,10.05,211.6,17.54,NA,14,8.6,NA,NA,NA,NA
02/09/2002,22.66940,6.17,13.29,13.68,12.98,5.427,193.5,15.19,4.05,13.11,13.48,12.81,11.2,44.73,18.13,4.34,14.02,14.53,13.69,6.107,192.5,15.29,1,16,12.9,-155.7067233,-2.717594989,36,19
03/09/2002,22.67214,4.51,13.41,14.57,12.62,0,205.9,10.65,3.19,13.08,13.82,12.44,0,135.5,11.24,2.4,14.04,14.69,13.39,0,197.7,10.88,0,17,11.4,-172.9464396,-3.018484801,17,6.958333333
04/09/2002,22.67488,2.87,12,13.45,10.57,2.01,226.6,12.94,2.95,11.59,12.84,10.38,2.6,27.9,14.14,2.57,12.64,14.19,11.23,1.97,265.2,8.75,0.4,14,7.1,NA,NA,15,NA
05/09/2002,22.67762,6.28,12.08,13.32,10.41,8.24,119.7,18.65,5.13,11.79,13.11,10.04,9.4,204.1,19.18,4.64,12.76,14.03,11.16,7.88,211.3,21.56,15,14.8,9.7,-141.9334053,-2.477205241,37,17.04166667
06/09/2002,22.68036,6.76,10.84,11.83,8.81,19.1,170.9,20.12,5.18,10.46,11.51,8.51,24.4,125.3,25.22,4.93,11.58,12.5,9.59,21.87,196.2,19.57,9.2,14.3,8.3,-171.3494489,-2.990612055,35,16.625
07/09/2002,22.68309,5.6,11.82,12.98,10.77,1.206,32.94,18.33,5.48,11.5,12.31,10.7,0.8,135.5,22.38,5.1,12.48,13.56,11.46,1.379,274.2,20.12,19,14.2,10,NA,NA,NA,NA
08/09/2002,22.68583,5.69,12.26,13.38,10.84,0.603,46.16,17.9,4.5,11.91,12.98,10.64,0.8,222.2,17.31,4.39,12.89,13.92,11.63,0.591,266.8,17.48,5.6,14.3,11.1,48.33420699,0.843591053,29,18.41666667
09/09/2002,22.68857,3.41,13.74,15.23,11.86,5.628,53.59,11.66,2.48,13.53,15.4,11.67,6.4,83.5,12.77,2.34,14.49,16.3,12.65,6.107,276.9,9.77,0.8,18.1,12.8,NA,NA,26,NA
10/09/2002,22.69131,2.9,13.71,15.46,12.29,5.628,89.2,10.19,2.76,13.47,15.45,11.94,7,115.3,10.85,2.59,14.42,16.44,13.12,7.88,184.3,9.67,0,18.6,11.3,NA,NA,35,NA
11/09/2002,22.69405,5.3,13.96,14.96,12.98,4.422,202.1,17.15,4.33,13.72,14.75,12.68,3.6,150.1,15.03,6.1,14.49,15.83,13.42,3.152,173.3,18.62,0.8,16.7,11.2,161.1498324,2.812595165,27,9.916666667
12/09/2002,22.69678,2.68,15.18,17.04,14,0,138.7,13.59,2.27,14.77,16.35,13.61,0,126.9,10.52,2.44,15.72,17.84,14.29,0,186,16.01,0,19.3,10,89.43129282,1.560870514,12,4.166666667
13/09/2002,22.69952,1.12,15.71,19.39,11.33,0,49.53,5.553,1.82,15.85,18.27,13.35,0,98.7,8.72,1.53,16.46,19.9,11.49,0,160.6,7.61,NA,17.8,9.3,21.47605931,0.374827945,14,3.875
14/09/2002,22.70226,1.08,11.51,13.13,9.98,0.201,67.63,4.606,1.19,12.09,15.52,10.41,0,60.25,7.09,1.15,11.84,12.99,10.23,0.197,87.4,5.749,NA,14.3,9.2,30.95490986,0.540265097,17,9.041666667
15/09/2002,22.70500,1.28,12.02,13.61,10.41,0,16.91,5.488,2.33,11.62,13.21,10.18,0.4,348,8.33,1.86,12.71,14.53,11.09,NA,346.8,7.81,NA,13.7,10.5,-36.78503456,-0.642019969,13,5.708333333
16/09/2002,22.70773,1.18,12.61,13.18,11.92,2.613,339.5,6.86,2.01,12.28,12.74,11.87,4.6,348.8,8.43,2.71,13.27,13.82,12.79,NA,350.3,7.55,NA,15.3,12.1,-58.95976731,-1.029042066,16,6.833333333
17/09/2002,22.71047,1.22,12.37,14.17,11.56,0.804,7.14,4.377,1.5,12.04,13.35,11.17,1.4,333.8,7.55,1.36,13.05,14.73,11.99,NA,345.8,8,NA,15.4,9.6,-29.04212656,-0.50688073,20,6.791666667
18/09/2002,22.71321,0.96,11.66,14.73,10.44,3.618,274.4,4.541,1.24,11.35,13.24,10.07,3.8,335.4,7.22,1.13,12.16,14.26,11.11,NA,341,5.031,NA,13.8,10.4,-158.0119288,-2.757828416,15,4.625
19/09/2002,22.71595,1.33,12.67,14,11.5,0,349.1,8.4,2.69,12.28,13.58,11.15,0,337.7,12.51,2.62,13.16,14.59,11.4,NA,337.1,8.3,NA,15.1,9.8,-84.26380712,-1.470680875,21,8.625
20/09/2002,22.71869,1.65,12.81,14.77,12.06,0,65.58,7.97,1.81,12.54,14.51,11.81,0,323.4,8.07,1.95,13.44,15.73,12.49,NA,318.3,7.38,0.4,15.9,8.6,-90.69742424,-1.582968676,17,6.75
21/09/2002,22.72142,1.96,12.25,13.9,10.31,0.804,27.04,8.75,2.65,11.93,13.15,10.11,1.6,346.3,12.28,3.12,12.85,14.06,10.96,NA,5.382,9.57,0.4,14.6,10.8,-41.40151409,-0.722592736,19,10.125
22/09/2002,22.72416,2.94,11.8,13.34,10.27,0,59.54,7.55,1.68,11.48,12.95,10.08,0,83.6,6.762,1.67,12.62,14.86,11.03,NA,322.9,7.97,0,13.9,9.4,43.15475932,0.753192638,20,10.29166667
23/09/2002,22.72690,2.63,12.66,15.16,11,0,199,7.35,2.22,11.97,14.35,10.28,0,156.9,8.04,1.89,13.3,15.2,10.83,NA,198.2,5.521,0,14.6,5,-143.4073758,-2.502930879,14,5.208333333
24/09/2002,22.72964,1.98,13.18,15.43,11.04,0,170,6.109,1.73,12.56,14.34,10.61,0,191.4,8.69,1.77,13.43,15.26,9.89,NA,212.8,7.22,0,15.7,5.7,-102.0937216,-1.781871588,14,5.333333333
25/09/2002,22.73238,2.4,12.62,13.14,11.5,3.819,55.26,16.33,3.49,12.39,12.95,11.41,6,339.6,24.5,3.77,13.28,13.96,12.06,NA,346.7,16.37,13,14.3,9.3,-86.81836082,-1.515266247,28,12.125
26/09/2002,22.73511,2.55,13,14.37,12.29,2.412,54.37,10.29,4.05,12.68,13.11,11.87,1.8,326.7,15.03,3.64,13.69,14.66,12.75,NA,349,14.6,0.2,14.6,8.1,-100.678054,-1.757163527,23,8.541666667
27/09/2002,22.73785,3.17,13.05,14.1,12.41,0,128.5,10.55,2.6,12.75,13.45,12.18,0,283.2,10.42,2.95,13.76,15.06,13.22,NA,200.5,11.5,0.4,15.5,11.4,-118.2399203,-2.063675916,21,9.166666667
28/09/2002,22.74059,3.81,13.16,14.24,12.54,0,190.6,10.13,2.6,12.86,13.65,12.31,0,79.8,10.91,2.59,13.83,14.53,13.32,NA,194.3,10.91,0,15.8,12,-141.3288124,-2.466653104,21,9.416666667
29/09/2002,22.74333,5.55,13.29,13.67,12.84,6.231,214.4,11.99,3.61,13.03,13.61,12.61,5,144.6,12.61,2.82,13.94,14.33,13.46,NA,205.8,9.67,0.8,15.4,12.8,-158.3274305,-2.763334959,27,12.375
30/09/2002,22.74606,3.43,13.61,14.04,13.07,2.01,208.4,11.14,2.55,13.34,13.68,12.84,2.6,140.7,11.43,2.5,14.24,14.63,13.76,NA,187,9.44,0.8,17.7,13.6,-161.0199487,-2.810328267,25,9.541666667
01/10/2002,22.74880,2.75,13.79,14.33,13.27,3.819,131.7,12.15,3.21,13.47,13.88,12.91,4.8,126.1,11.34,3.82,14.24,14.69,13.76,NA,169.5,11.24,0,15.3,12.5,145.1097901,2.532643615,15,5.666666667
02/10/2002,22.75154,4.25,13.63,14.37,11.55,6.231,174.9,19.24,5.31,13.35,14.11,11.27,5.4,128.1,18.59,5.45,14.14,14.9,12.12,NA,178.2,19.08,10.4,17,13.7,164.4152428,2.869587328,32,13.75
03/10/2002,22.75428,3.25,12.48,13.61,11.12,0.201,131.1,14.31,2.79,12.18,13.47,10.87,0.2,224.5,11.5,3.16,13.17,14.39,11.92,NA,216.1,15.22,1.2,15.3,8.5,-125.8514409,-2.196522013,31,10.95833333
04/10/2002,22.75702,5.19,13.04,13.9,10.47,8.44,172.6,18.29,4.41,12.88,13.81,10.17,9.8,143.7,19.47,4.25,13.84,14.73,11.35,NA,228,18.36,9.8,15.3,7.5,-129.0971727,-2.253170719,32,14.14285714
05/10/2002,22.75975,1.54,13.55,14.86,12.98,1.407,15.88,8.92,2.79,13.35,14.34,12.81,1.6,307.5,13.85,3.02,14.32,15.5,13.62,NA,352.9,12.35,0.6,15.3,12.2,-53.19576065,-0.928441171,22,9.416666667
06/10/2002,22.76249,0.98,12.74,13.44,11.91,0.603,229.2,4.377,1.13,12.59,13.21,11.71,1.2,85.1,5.096,0.74,13.4,13.96,12.62,NA,213.1,4.541,0.6,13.3,9.9,158.1548879,2.760323523,11,4.291666667
07/10/2002,22.76523,3.86,12.8,13.61,11.88,0.603,199.3,17.02,3.44,12.46,13.11,11.67,0.8,138.8,12.35,5.11,13.47,14.03,12.55,NA,176.1,14.31,6.2,12.8,11.2,167.4661012,2.922834852,16,8.695652174
08/10/2002,22.76797,4.89,12.6,13.14,12.15,6.03,113.2,17.28,6.64,12.22,12.64,11.71,8,128.1,16.17,8.05,13.25,13.76,12.85,NA,171.7,15.19,1.6,13.5,11.5,NA,NA,23,NA
09/10/2002,22.77070,4.79,12.2,12.98,11.63,0.201,103.7,11.37,4.95,11.65,12.61,10.98,0.2,128.7,11.5,6.18,12.9,13.62,12.19,NA,164.1,12.51,0,14.1,10.8,NA,NA,26,NA
10/10/2002,22.77344,4.34,12.3,12.74,11.89,0,111.3,13.82,5.77,11.83,12.31,11.34,0,130.4,14.77,7.57,13,13.46,12.59,NA,173.1,13.56,0,13.6,9.2,127.0602235,2.217619248,25,12.79166667
11/10/2002,22.77618,5.24,11.31,12.21,10.27,10.05,105.4,16.46,6,10.9,11.74,9.91,15.4,133.4,14.34,7.95,12.09,12.92,11.06,NA,167.9,15.22,8.6,12.6,10,132.0996751,2.305574272,28,14.625
12/10/2002,22.77892,2.16,10.71,11.3,10.01,5.427,66,10.94,2.59,10.32,10.95,9.51,7.2,193.7,11.83,2.81,11.27,12.03,9.46,NA,331.9,12.09,30,10.9,8.6,138.7286807,2.421272246,35,16.45833333
13/10/2002,22.78166,1.52,10.49,13.11,9.01,1.809,160.7,7.74,1.54,9.86,12.01,8.48,2,148.2,6.925,2.25,10.69,13.15,8.15,NA,167.9,8.4,2.6,12.9,6.7,124.0320201,2.164767129,13,6.166666667
14/10/2002,22.78439,2.14,10.24,11.39,8.48,2.01,70.4,7.09,1.5,9.71,11.11,8.58,6.2,90.8,7.42,1.62,10.58,12.08,8.25,NA,110.5,9.24,0,11.3,8.6,103.6766622,1.809499113,22,13.20833333
15/10/2002,22.78713,4.7,9.5,10.61,8.58,0,61.42,8.13,3.03,9.15,10.44,7.94,0,168.5,12.12,2.96,10.19,11.19,9.02,NA,205.7,10.58,0,11.6,5.4,84.17520567,1.469134487,19,10.08333333
16/10/2002,22.78987,2.58,8.38,10.17,6.498,6.633,41.74,13.36,2.22,8.11,10.24,6.368,6.8,246.7,13.75,2.18,8.95,10.69,6.476,NA,283.6,13.03,5.6,9.5,4.5,NA,NA,24,NA
17/10/2002,22.79261,3.6,8.31,9.91,5.677,4.623,37.73,17.08,4.22,8.04,9.41,5.537,6.2,280.7,16.76,3.66,8.93,10.53,6.442,NA,277.4,18.49,10.4,9.9,6.2,27.9227375,0.487343706,34,16.375
18/10/2002,22.79535,3.12,7.13,9.08,5.712,1.809,18.27,14.99,3.4,6.86,8.48,5.471,1.8,185.3,17.12,3.39,7.81,9.49,6.41,NA,279.4,16.33,6.2,8.4,1.9,-8.395625495,-0.146531308,33,12.125
19/10/2002,22.79808,2.69,5.9,7.2,4.518,2.211,21.94,11.69,3.06,5.7,6.906,4.206,1,69.43,16.46,3.25,6.71,7.65,5.237,NA,294.2,15.42,7.2,7.1,1.3,-36.78229467,-0.641972148,26,9.333333333
20/10/2002,22.80082,4.98,6.25,8.12,4.319,1.005,48.77,14.77,3.7,5.85,7.57,4.035,2.8,154.9,22.18,3.7,6.85,8.38,4.875,NA,238.9,19.73,0.6,8.8,-1,2.813774581,0.049109631,26,7.458333333
21/10/2002,22.80356,11.6,7.1,7.85,6.21,0,58.37,18.98,9.38,6.57,7.34,5.639,1.8,167.5,27.31,8.57,7.69,8.38,6.844,NA,197.2,22.51,0.4,7.5,5.1,NA,NA,NA,NA
22/10/2002,22.80630,6.1,6.59,8.05,4.684,3.015,46,20.16,5.55,6.29,7.57,4.601,4.2,222.2,20.02,5.52,7.24,8.62,5.538,NA,269.1,24.73,NA,7.6,4.5,NA,NA,NA,NA
23/10/2002,22.80903,2.75,5.44,7.11,3.689,5.628,354.2,20.74,4.17,5.27,6.712,3.536,3.6,328,20.61,4.3,6.21,7.78,4.407,NA,314.5,20.22,20.8,6.9,1.9,-30.23457492,-0.52769288,35,13.29166667
24/10/2002,22.81177,2.73,6.01,7.07,4.485,4.422,47.65,12.05,2.71,5.65,6.643,4.165,4.6,87.4,14.6,2.62,6.62,7.79,5.009,4.925,326.3,12.71,9.8,7.6,1.7,-104.810804,-1.829293622,24,7.52173913
25/10/2002,22.81451,6.72,6.67,7.56,5.712,0.402,41.51,19.5,5.76,6.34,7.18,5.505,1.4,210.9,23.26,5.82,7.36,8.15,6.509,0.985,239,20.55,9.4,7,2.1,47.79165444,0.834121725,31,14.45833333
26/10/2002,22.81725,2.36,7.43,8.62,6.177,0.603,69.37,13.1,2.43,7.07,8.51,5.837,0.8,324.1,16.99,2.48,7.9,9.29,6.174,0.985,319.8,17.48,5.4,10,2.2,-75.07268268,-1.310265491,39,10.625
27/10/2002,22.81999,3.17,7.1,8.55,5.498,3.819,11.11,15.32,4.43,6.81,7.88,4.526,3.8,349.4,19.24,4.52,7.7,9.12,5.672,3.743,336.3,17.02,4.4,8.1,3.6,-33.86734029,-0.591096597,32,12.91666667
28/10/2002,22.82272,3.13,7.9,9.54,6.228,1.809,65.24,15.03,2.8,7.6,8.84,6.2,1.6,312.2,15.97,3.16,8.46,10.09,6.61,1.773,302.5,14.31,7.6,10.3,2.4,-115.3580449,-2.013377702,29,9.833333333
29/10/2002,22.82546,2,8,9.81,6.442,0.804,48.18,11.4,1.76,7.78,9.34,6.307,1.2,291.2,9.54,1.88,8.36,10.63,6.275,0.985,324.9,10.75,4.8,10.1,1.9,NA,NA,18,NA
30/10/2002,22.82820,3.23,9.28,10.74,8.05,0.201,46.22,13.46,3,8.99,10.54,7.94,0.2,282.7,14.57,3.46,9.85,11.53,8.75,0.591,335.3,14.21,4.4,10.7,2.6,-123.9181837,-2.162780309,24,9.869565217
31/10/2002,22.83094,2.63,9.39,10.24,8.32,0.804,95.4,9.93,2.95,9.01,9.81,8.01,2.2,136.6,11.24,3.8,9.69,10.86,6.744,2.167,139.3,11.24,1.6,11.3,5.1,-158.9098827,-2.773500667,13,5.75
01/11/2002,22.83368,4.1,10.89,12.18,9.74,2.613,124.5,14.73,4.01,10.61,11.34,9.55,5,131.6,13.1,4.45,11.52,12.52,10.05,5.122,162.8,12.64,7.6,11.6,7.7,140.5400678,2.452886914,29,13.04166667
02/11/2002,22.83641,5.03,10.72,11.77,10.04,1.407,111.3,21.98,5.32,10.31,11.15,9.44,3,117.5,18.95,5.95,11.37,12.26,10.23,4.531,164.5,23.59,4.8,12,7.3,NA,NA,42,NA
03/11/2002,22.83915,10.66,10.43,11.5,9.84,16.88,192.8,29.63,8.62,10.13,11.11,9.44,13.8,169.2,30.28,7.42,11.13,12.26,10.36,11.62,191.2,27.37,10.6,12.5,10.2,-179.0597432,-3.125182077,44,23
04/11/2002,22.84189,5.96,10.49,11.47,9.21,5.829,159.1,19.57,4.81,10.21,11.31,9.01,4.8,187.4,22.31,5.59,11.17,12.33,10.03,4.925,203.6,25.09,17.6,12.1,8.3,NA,NA,NA,NA
05/11/2002,22.84463,5.77,10.66,11.79,9.78,20.1,193.1,20.65,4.44,10.4,11.61,9.47,17.6,159.5,22.05,4.27,11.34,12.46,10.36,16.94,210.4,23.62,11.4,11.7,9,NA,NA,NA,NA
06/11/2002,22.84736,4.8,8.61,10.44,5.312,4.422,56.02,16.46,5.1,8.32,10.27,5.202,6.6,313.4,23.98,5.38,9.2,11.09,6.04,5.319,352.1,23.13,8.4,12.3,6,-115.5501439,-2.016730462,39,14.41666667
07/11/2002,22.85010,4.92,7.94,9.35,6.105,6.03,31.85,18.42,6.95,7.77,9.01,5.866,7.6,319,27.51,6.78,8.59,9.96,6.744,6.895,352,24.11,17.8,9.3,4.6,-96.0808326,-1.676926877,37,15.7826087
08/11/2002,22.85284,5.13,8.66,9.74,7.52,0,41.05,15.12,4.12,8.43,9.58,7.51,0.2,156.3,16.82,4.21,9.42,10.29,8.52,0,234.6,14.86,7.4,9.8,4.2,14.26669177,0.249000745,30,16.56521739
09/11/2002,22.85558,4.26,8.83,9.41,8.28,0.201,92.5,11.17,3.88,8.36,9.05,7.61,1,117.7,11.73,4.39,9.52,10.23,8.82,1.182,162.4,13.79,0.8,9.2,2.5,51.3126905,0.895575397,22,6.636363636
10/11/2002,22.85832,6.27,10.11,10.57,9.21,12.26,172.8,18.69,4.62,9.79,10.25,8.91,14.4,84.8,19.01,5.65,10.83,11.3,10.06,15.96,197.3,18.13,25,10.6,3.6,-176.3114575,-3.077215442,29,13.83333333
11/11/2002,22.86105,6.2,7.58,10.44,4.286,9.05,191.2,17.64,4.65,7.23,10.15,3.73,7.6,117.4,20.81,4.55,8.35,11.23,4.735,9.26,203.1,17.08,6.2,10.6,4.8,-155.6439661,-2.71649967,39,15.26086957
12/11/2002,22.86379,5.43,8.23,9.61,5.746,9.85,201.2,18.65,4.19,7.83,9.28,5.27,8.8,138.3,24.47,4.21,9.07,10.53,6.677,11.03,195.8,14.9,26.4,9,3.9,-171.4221317,-2.991880609,44,19.57142857
13/11/2002,22.86653,3.84,8.74,9.91,7.16,1.005,104,12.77,3.25,8.19,9.55,6.769,1.4,138.1,11.14,4.27,9.51,10.56,7.98,0.985,176.5,11.73,5,10.4,5.5,115.6841442,2.019069209,17,8.142857143
14/11/2002,22.86927,9.4,8.38,9.28,7.06,0.201,59.55,20.71,6.67,8.02,8.81,6.635,1.8,177.2,27.24,6.5,9.05,9.89,7.55,0.591,213.4,28.29,0.2,9,7.3,74.06459336,1.292671013,44,24.16666667
15/11/2002,22.87201,5.94,6.19,7.57,4.618,2.211,28.6,20.02,5.71,5.95,7.31,4.333,1.8,111,21.72,6.03,6.91,8.08,5.27,2.167,306,25.94,1.8,8.3,4.8,NA,NA,41,NA
16/11/2002,22.87474,3.54,5.76,7.52,4.253,2.814,28.17,13.1,3.16,5.51,7.14,4.105,2.4,77.4,13.43,3.48,6.46,8.02,4.876,2.758,311.7,16.99,1.6,7.4,3.6,-2.09171264,-0.036507273,28,14.29166667
17/11/2002,22.87748,2.29,6.54,8.28,4.949,0,90.8,10.36,2.04,5.9,7.84,4.139,0,112.3,7.35,3.04,6.9,9.12,3.51,0,154.8,9.28,1.2,8.1,-0.4,1.656520094,0.02891173,15,4.375
18/11/2002,22.88022,3.55,8.91,10.04,8.05,5.628,142.1,13.59,4.23,8.48,9.65,7.51,7.2,125.7,13.49,6.12,9.71,10.66,8.92,5.91,171.1,13.52,1.2,8.5,4,129.1059323,2.253323602,19,10.16666667
19/11/2002,22.88296,5.56,8.93,9.51,8.15,1.206,104.4,16.66,6.77,8.42,9.15,7.71,2.2,128.5,16.17,8.86,9.74,10.29,9.05,2.364,168.6,16.33,3.2,9.8,7.8,133.7517804,2.334408949,25,13.54166667
20/11/2002,22.88569,6.19,8.32,9.25,7.29,4.422,116.3,14.77,6.55,7.9,8.81,6.937,5.2,129.9,15.78,7.73,9.14,10.06,8.28,6.304,164.5,18.42,8,9.7,7.5,134.5673974,2.348644151,29,16.58333333
21/11/2002,22.88843,7.73,9.94,10.64,8.91,0,81.6,14.6,6.47,9.54,10.51,8.48,0.4,109.3,20.65,6.3,10.63,11.5,9.52,0.394,166.5,20.32,0.4,10.8,8.4,108.2889961,1.889999525,45,23.25
22/11/2002,22.89117,5.94,9.73,10.64,7.75,3.015,92.9,13.46,5.86,9.21,10.05,7.2,4.4,111.1,14.05,6.39,10.36,11.2,8.59,4.728,156.2,16.53,2.4,10.8,7.4,118.7677976,2.072889113,39,17.91666667
23/11/2002,22.89391,5.47,9.57,10.14,9.15,0.201,96.5,12.35,5.5,9.06,9.58,8.57,0.2,117.2,11.63,6.39,10.22,10.76,9.79,0.197,154.4,15.94,0,10.2,7.5,118.2119698,2.063188088,27,14.5
24/11/2002,22.89665,5.79,9.75,10.51,8.35,4.221,103.4,14.01,6.35,9.26,10.01,7.91,6.2,123.3,14.18,7.65,10.38,11.1,8.95,6.895,160.2,14.96,1.2,10.7,7.8,125.8502382,2.196501021,26,15.08333333
25/11/2002,22.89938,4.79,9.55,10.34,7.45,3.216,165.2,12.22,4.37,9.16,10.31,7,3.8,140.1,13.23,6.37,10.29,10.93,8.32,4.137,168.5,13.39,1.6,10.1,7.1,137.3619156,2.397417695,21,11.30434783
26/11/2002,22.90212,4.08,10.17,11.33,9.25,8.04,112.1,15.52,5.37,9.71,10.88,8.51,10.2,129.3,13.82,6.82,10.82,11.73,9.99,11.23,171.2,15.26,1.8,11.3,8.5,137.9157043,2.40708313,27,14
27/11/2002,22.90486,5.46,10.68,11.33,9.61,5.025,120,19.34,6.64,10.26,10.97,9.21,8,128.1,17.25,7.7,11.26,11.8,10.36,9.26,167.4,16.99,3.6,12.1,10.2,129.4505385,2.259338115,34,18.58333333
28/11/2002,22.90760,6.6,9.54,10.34,8.52,8.04,191.9,24.27,5.81,9.14,9.91,8.07,6.2,147.3,22.15,6.6,10.33,11.06,9.32,6.107,180.6,23.45,2.6,11.2,8.1,NA,NA,NA,NA
29/11/2002,22.91034,2.16,9.53,10.47,8.18,1.809,173.9,8.33,1.75,9.26,10.04,8.07,0.6,191.7,8.1,2.08,10.24,11.06,8.99,1.379,215.7,7.51,1.2,9.8,4.9,-157.1521882,-2.74282311,13,5.583333333
30/11/2002,22.91307,4.59,9.07,10.34,7.82,7.04,191.7,16.76,4.29,8.75,9.88,7.74,6.4,156.5,21.1,4.72,9.73,11.03,7.55,5.91,197.6,19.37,3,10,5.5,-150,-2.617993878,10,5
01/12/2002,22.91581,4.57,8.55,9.58,7.52,3.417,90,13.49,4.7,8.12,9.05,7.1,6,118,16.27,5.42,9.32,10.26,8.38,7.29,168.6,17.38,3,10.5,4.5,NA,NA,NA,NA
02/12/2002,22.91855,2.85,8.84,9.71,7.69,4.02,6.355,14.86,3.83,8.61,9.41,7.37,5.6,84.6,25.48,3.85,9.59,10.46,8.32,4.728,354.9,20.55,0,9,5,NA,NA,NA,NA
03/12/2002,22.92129,4.11,9.01,9.91,7.99,10.05,194.1,20.97,3.6,8.55,9.48,7.44,7.8,169.6,16.2,4.44,9.4,10.49,6.811,8.47,164.5,23.23,3.4,10.1,3.5,NA,NA,30,NA
04/12/2002,22.92402,2.83,7.09,9.091986,5.767612,0.804,10.27,14.83,4.13,7.7,8.71,6.401,1.2,322.3,16.95,4.09,8.47,9.39,7.21,1.182,350.4,14.24,4.8,10.1,4.3,NA,NA,16,NA
05/12/2002,22.92676,3.26,7.62,9.021986,5.913613,0,240.6,12.97,3.11,8.08,9.08,6.275,0,183.4,9.9,3.06,8.69,10.23,5.214,0.197,214.9,15.61,0.4,9,1.3,-121.462862,-2.11992686,15,5.416666667
06/12/2002,22.92950,5.59,8.23,9.051986,7.755613,0.402,209.3,15.03,5.19,8.71,9.18,8.28,0.4,169.8,12.77,5.57,9.87,10.26,9.39,0.197,176.1,15.81,0,9.3,7.4,166.6831669,2.909170069,NA,12.75
07/12/2002,22.93224,4.16,7.25,8.891986,6.365613,0,167.1,16.01,4.24,7.74,9.18,6.702,0,138,11.07,6.07,9.03,10.16,8.15,0.197,173.2,13.82,0,9.1,5.7,156.0163271,2.722998595,21,10.41666667
08/12/2002,22.93498,4.42,5.96,7.101986,5.172613,0,99.1,9.93,4.11,6.35,7.27,5.47,0.4,116,9.24,5.21,7.66,8.62,6.744,0.394,156.8,12.97,0,6.6,4,126.0024439,2.199157512,20,12.4
09/12/2002,22.93771,4.01,6.2,6.887643,4.797786,0,106,10.98,3.89,6.75,7.51,5.672,0,123.4,11.04,5.21,8.25,8.95,7.51,0.197,157.9,11.07,0,7.6,4.1,127.1473074,2.21913915,23,12.42857143
10/12/2002,22.94045,4.02,4.13,5.904643,2.244786,0,89.2,11.63,2.99,4.72,6.208,3.269,0.2,120.2,10.32,3.22,5.97,7.88,4.68,0,162.2,14.96,0,5,2.4,108.733385,1.897755574,26,14.20833333
11/12/2002,22.94319,2.34,3.92,4.943643,2.344786,0,90.4,7.61,1.4,4.28,5.345,3.202,0,94.5,7.71,1.86,5.61,6.576,3.209,0,141,6.925,0,4.7,2.6,124.6956329,2.176349358,22,12.82352941
12/12/2002,22.94593,2.46,4.07,5.042643,2.178786,0,76.3,7.15,1.64,4.47,5.31,2.934,0,103.6,6.664,1.92,5.29,6.811,2.371,0,123.4,8.75,0,6,2.5,127.2697527,2.221276222,21,10.72727273
13/12/2002,22.94867,1.83,4.62,5.407643,2.716786,0,84.2,5.684,1.3,4.97,5.639,3.51,0,90,5.717,1.99,5.69,7.11,2.578,0,104.7,7.02,0,6.5,-2,NA,NA,10,NA
14/12/2002,22.95140,1.82,5.05,6.004643,3.239786,0,57.89,5.488,1.09,5.33,6.412,4.072,0.4,16.5,5.423,1.21,5.8,7.52,3.309,0.394,30.84,8.66,0.4,6.1,-0.9,83.64577479,1.459894175,13,4.833333333
15/12/2002,22.95414,4.2,4.74,6.166643,3.239786,0,72.3,8.92,2.7,5.36,6.512,4.606,0.2,147.7,12.54,2.52,6.5,7.61,5.241,0,198.1,11.53,0,5.6,1.8,88.03750486,1.536544325,18,10.26086957
16/12/2002,22.95688,1.78,5.09,6.83931,3.112405,0.201,357,11.96,1.77,5.18,6.443,3.771,0,290.5,10.71,1.65,5.58,7.35,3.171,0,326.1,9.21,0,6,-1,-51.73166548,-0.90288789,15,4.041666667
17/12/2002,22.95962,1.66,7.19,8.849309,4.903405,2.814,8.37,8.85,2.01,7.42,8.88,5.01,2.4,294.7,11.43,1.78,7.95,9.76,3.946,2.561,344.8,8,0.8,6.1,-0.6,-113.7034228,-1.984499098,12,5.875
18/12/2002,22.96235,2.08,7.31,8.549309,5.998405,0.201,233.5,11.63,1.89,7.21,8.18,6.203,0.2,201,12.15,2.63,7.88,9.42,5.011,0.394,152.9,12.9,0.4,7.6,1.1,-118.0858291,-2.060986517,16,3.666666667
19/12/2002,22.96509,5.43,6.39,6.75931,5.756405,0,214.6,13.65,4.31,6.5,6.906,6.135,0,150.9,16.04,3.47,7.63,7.98,7.28,0,211.8,13.92,0,7.3,1.5,-151.0753048,-2.636761487,23,10.75
20/12/2002,22.96783,1.7,6.37,7.48931,5.135405,2.211,115.2,7.55,1.11,6.5,7.47,5.471,3.2,62.9,8.89,0.95,7.37,8.48,6.141,2.758,13.25,5.259,0,6.6,4.2,-87.98100624,-1.535558238,19,4.416666667
21/12/2002,22.97057,5.66,6.94,7.889309,6.049405,0.804,90.7,15.45,4.98,7,8.04,6.368,2,116.7,14.28,5.23,8.14,9.29,7.48,2.561,160.6,14.63,0,7.4,5.3,103.0500388,1.798562471,25,12.79166667
22/12/2002,22.97331,5.33,7.96,8.949309,6.115405,1.809,181.4,18.29,4.64,8.63,9.55,6.568,2.4,156.6,17.35,5.28,9.63,10.63,7.82,1.97,186.7,18.36,1.2,9.5,7.2,-178.8722259,-3.121909283,34,16.41666667
23/12/2002,22.97604,6.13,10.41,11.56805,9.293143,14.07,171.7,21.4,6.44,9.46,10.54,8.28,12.6,147,16.95,7.91,10.45,11.43,9.39,12.61,177.1,25.35,10,12,7.9,157.6348894,2.751247836,38,15.70833333
24/12/2002,22.97878,5.67,9.54,10.66805,7.771142,2.814,168.1,20.09,5.28,9,9.87,7.34,2.6,157.4,18.33,6.62,10.04,11,8.28,2.364,180.6,20.61,15.6,11.9,6.2,176.9126074,3.087707488,32,14.125
25/12/2002,22.98152,4.3,8.44,9.538048,6.711143,2.613,176.5,14.6,3.26,7.29,8.41,5.937,3.8,148.8,18.46,3.29,8.44,9.49,6.643,2.955,191.9,16.63,8.4,8.3,4.7,-146.1540509,-2.550869402,27,9.541666667
26/12/2002,22.98426,3.29,9.05,9.838047,7.705142,1.407,81.6,7.38,2.5,7.99,8.64,6.704,1.8,97.2,8.59,2.55,9.08,9.69,7.78,1.97,154.3,9.47,0,8,2.9,118.3593086,2.065759635,19,9.083333333
27/12/2002,22.98700,2.92,8.82,9.438047,7.473143,1.005,39.52,12.58,2.53,8.01,8.44,6.937,1,295.6,13.95,2.73,9,9.49,7.95,0.985,304.1,15.97,0.4,8.3,5.3,29.51051935,0.515055727,22,11.16666667
28/12/2002,22.98973,2.03,8.52,9.838047,7.241143,1.407,355.7,11.27,3.06,7.84,8.71,6.937,1.4,343.7,17.84,3.13,8.63,9.82,5.94,1.379,331.3,19.21,8,8.2,3.8,-26.34166861,-0.459748848,18,8.416666667
29/12/2002,22.99247,5.33,8.14,8.778048,7.373143,0,75.8,11.43,3.45,7.27,7.81,6.836,0.2,125.7,14.83,2.78,8.33,8.79,7.58,0,216.6,14.18,0.8,7.5,3.1,85.31179558,1.488971724,27,11
30/12/2002,22.99521,4.85,7.88,8.9875,6.721357,0,85.6,10.65,3.22,6.46,7.44,5.207,0,113.6,12.25,3.11,7.61,8.59,6.61,0.197,173.1,15.48,0,7.2,4.2,99.96158184,1.744658729,25,13.08333333
31/12/2002,22.99795,4.46,6.94,7.8085,6.157357,0.804,109.6,12.22,4.96,5.42,6.241,4.605,1.4,132.9,11.86,7.02,6.92,7.65,6.04,1.576,167.3,13.1,0,5.4,-0.2,169.7503564,2.962702626,18,8
01/01/2003,23.00068,5.68,5.72,6.598083,4.716833,0.402,72.1,13.03,4.07,5.7,6.308,4.936,0.6,158.6,17.08,4.23,6.77,7.68,6.074,0.788,205.2,13.23,0.4,5.7,3.1,82.87434816,1.446430241,31,10.79166667
02/01/2003,23.00342,8.38,4.6,6.527083,2.064833,0.804,62.66,17.18,6.25,4.49,6.007,2.297,1.4,174.4,24.6,5.93,5.62,7.15,3.51,0.985,204.2,20.51,1.6,5.4,2.1,69.963428,1.221092175,31,16.375
03/01/2003,23.00616,3.3,3.15,5.080083,1.140833,3.417,41.83,13.23,2.5,3.04,4.541,1.4,5.8,278.5,15.61,2.49,3.91,5.478,2.204,5.713,287.2,17.54,12.6,4.3,-0.7,19.97106119,0.348560773,33,9.625
04/01/2003,23.00890,1.26,5.22,9.504084,2.727833,0,323.4,6.403,1.34,4.89,6.811,3.135,0,273.3,5.749,1.51,5.28,9.42,2.338,0,354,6.011,3,4,-0.6,-68.39241985,-1.19367291,15,5.125
05/01/2003,23.01164,2.63,5.63,6.399083,4.584833,0,105.5,6.958,2.28,5,5.505,4.173,0,124.6,7.19,3.4,6.51,6.911,5.974,0,157.8,9.73,3.6,4.7,-1.1,63.58317105,1.109735684,15,5.458333333
06/01/2003,23.01437,3.74,5.2,6.300083,3.655833,0,113.4,11.83,4.11,4.55,5.411,3.302,0,134.3,12.48,6.1,6.2,6.945,5.211,0,166.4,13.23,0.8,5.2,-0.6,142.8402278,2.493032279,20,8.833333333
07/01/2003,23.01711,5.59,3.53,5.263953,1.7635,0,110.3,13.72,6.03,2.96,4.24,1.929,0,131.2,13.3,7.88,4.66,5.741,3.443,0,163.1,14.7,1,4.8,1.1,136.2098202,2.377309836,23,10.79166667
08/01/2003,23.01985,3.73,5.45,6.855953,3.5845,0,83.2,10.49,2.67,4.71,5.742,3.503,0.2,138.4,10.13,3.41,6.15,6.945,5.177,0,177.1,10.06,0.6,6.1,-2,64.515912,1.126015084,22,7.041666667
09/01/2003,23.02259,1.32,5.99,7.452953,3.6515,0,340.9,5.488,1.48,5.46,6.342,3.704,0,310.1,5.717,1.34,5.75,7.31,2.371,0,352,5.292,0,5.7,-1.2,-52.24031484,-0.911765496,14,5.5
10/01/2003,23.02533,1.99,7.14,8.731953,4.4145,0,53.51,9.08,1.72,6.45,7.51,4.606,0.4,278.6,10,1.96,6.92,8.62,3.302,0.591,345,10.49,1.2,4.4,0.2,-107.9868124,-1.884725426,17,6.25
11/01/2003,23.02806,5.27,8,9.961953,6.0245,0.804,175.2,16.17,3.78,7.22,8.68,5.832,1,327.7,18.39,4.62,8.3,9.72,7.01,0.788,189.8,17.15,0.6,6.5,0.1,NA,NA,NA,NA
12/01/2003,23.03080,3.96,9.25,10.52195,7.6815,4.824,79.2,20.61,3.02,8.98,9.97,8.01,8,345.8,28.65,4.08,9.89,10.96,8.95,5.91,274.4,22.18,5.4,8.9,6.2,-126.6617975,-2.210665403,30,13.5
13/01/2003,23.03354,5.32,9.1,10.42195,7.1815,2.613,88.2,20.91,4.92,9.83,10.68,8.44,6,302.2,26.56,5.46,10.69,11.59,9.46,4.334,181.7,28.19,9.6,11.4,8.5,-112.100864,-1.956529171,48,21.04166667
14/01/2003,23.03628,7.18,9.83,11.40069,7.468738,22.31,174.7,24.01,5.24,8.95,10.31,6.736,28.4,32.59,30.02,6.39,9.91,11.3,7.68,23.05,199.3,26.82,28.4,11,7,-137.1538354,-2.393786009,48,21.58333333
15/01/2003,23.03901,8.16,8.13,9.63969,5.949738,8.84,74.1,30.41,8.52,7.46,8.48,5.899,54,278.9,39.46,9.74,8.39,9.62,6.643,26.6,344.4,37.99,16.4,10.1,4.9,NA,NA,NA,NA
16/01/2003,23.04175,9.43,9.5,10.67069,7.435738,20.5,185,28.45,7.56,9.12,9.85,7.14,14.6,154.1,35.7,6.87,10.08,10.83,8.28,10.05,196,24.92,8.2,10.1,6,-135.7667853,-2.369577419,58,25.625
17/01/2003,23.04449,6.39,7.44,9.241691,5.160738,7.24,90.1,28,5.86,6.68,8.28,4.566,12.4,297.2,27.21,6.63,7.64,9.22,5.907,7.09,322.5,29.37,12.2,9.7,5.1,-127.6254814,-2.227484859,57,22.625
18/01/2003,23.04723,4.02,7.61,9.34169,5.691738,9.65,168.7,16.46,3.24,6.87,8.28,5.605,10,198.3,16.33,4.07,7.78,9.36,4.978,11.03,192.9,19.67,9.6,7.9,3.3,-143.9551007,-2.512490481,33,12.45833333
19/01/2003,23.04997,1.49,7.16,8.90969,5.161738,0,229.7,7.06,1.35,6.32,7.71,4.904,0,234.1,6.207,1.6,6.43,8.65,4.507,0,22.14,7.28,0,6.2,1.2,-90.74143694,-1.583736843,8,2.875
20/01/2003,23.05270,8.04,6.52,7.962691,5.061738,5.025,71.3,20.58,5.66,5.49,6.275,4.802,10.8,164.2,27.05,5.79,6.58,7.99,4.604,11.03,190.9,23.23,25,6,-0.2,104.3102005,1.820556442,39,14.75
21/01/2003,23.05544,7.98,7.3,8.652405,5.575167,7.04,43.81,23.62,6.78,5.31,6.409,4.106,11,132.6,26.62,6.9,6.27,7.28,4.977,10.24,270.4,28.75,30.6,6.2,5,22.60488991,0.394529756,45,23.125
22/01/2003,23.05818,4.7,6.51,7.491405,4.647167,0.804,28.21,18.36,3.89,4.57,5.278,3.202,0.4,105.8,20.06,4.5,5.38,6.314,2.438,0.591,332.5,25.61,11.4,6.3,-0.6,1.232559295,0.021512218,46,19.875
23/01/2003,23.06092,7.52,9.22,11.3904,5.513167,3.819,208.6,20.42,6.12,7.7,10.04,3.871,4.4,143.3,26.82,4.64,8.67,10.96,3.175,2.364,199.6,16.53,7.4,8.7,1.9,-169.1630868,-2.952452837,45,19.58333333
24/01/2003,23.06366,5.92,9.91,11.4234,7.020166,12.86,177.3,16.4,4.54,10.05,10.48,8.54,18.8,359.6,25.22,5.46,10.86,11.4,9.79,16.15,175.1,24.7,29.4,11.4,8.6,-141.7326123,-2.473700742,43,20.75
25/01/2003,23.06639,5.92,7.98,9.069405,6.390167,1.809,66.2,24.4,5.62,8,9.14,6.669,7.2,308.4,30.22,6.52,9.01,10.29,7.75,1.97,305.4,29.11,28.2,10.3,5.3,-104.4769643,-1.823467019,53,20.29166667
26/01/2003,23.06913,5.2,8.48,9.599404,6.821167,6.03,63.25,19.18,4.12,10.41,11,7.94,8.4,9.92,20.25,5.68,11.26,11.9,8.85,7.88,286.7,22.64,10.2,11.7,6.7,-119.635973,-2.088041633,38,19.45833333
27/01/2003,23.07187,5.74,6.1,7.939404,3.518167,5.025,62.87,25.25,5.77,7.36,10.37,4.366,24.4,335.5,44,6.39,8.27,11.16,5.337,7.29,319,29.01,14.2,11.2,3.4,-102.9367785,-1.796585707,53,20.375
28/01/2003,23.07461,5.2,5.06,6.716381,2.656595,5.628,4.794,24.08,8.23,5.78,7.18,3.395,30.4,350.6,39.66,8,6.8,8.08,4.534,5.713,303.5,30.45,15,7.2,2.7,-50.45692473,-0.880639467,61,30.20833333
29/01/2003,23.07734,3.17,4.08,5.654381,1.528595,6.432,0.981,20.91,5.11,4.36,5.673,2.264,5.6,313.7,23.78,5.05,5.4,6.783,3.337,6.501,247.6,26.62,6.4,4.9,0.7,-20.33317737,-0.354880892,48,20.75
30/01/2003,23.08008,5.39,2.04,4.261381,-0.1514048,3.618,38.1,20.35,4.83,1.34,3.704,-0.437,3,121,21.89,5.3,2.39,4.644,0.596,3.546,357.9,26.3,1.8,2.3,-1.6,-1.252184555,-0.021854743,44,22.91666667
31/01/2003,23.08282,3.99,5.14,8.096381,1.634595,6.231,5.843,17.74,4.48,5.02,8.24,1.936,7.4,40.64,19.57,4.22,6.01,9.02,2.941,6.895,314.6,18.36,8.8,6.5,-0.6,-113.0800922,-1.973619928,37,13.125
01/02/2003,23.08556,4.61,5.04,7.280381,1.827595,5.628,48.5,17.74,4.5,4.39,6.383,1.159,7,344,22.54,4.88,5.31,7.56,2.07,6.895,329.5,21.56,14.2,5.2,1.3,-110.0772283,-1.921210066,37,12.58333333
02/02/2003,23.08830,4.91,3.77,5.721381,0.6095951,3.618,30.36,18.69,6.78,2.51,4.24,-0.878,6.2,335.2,25.19,6.91,3.4,5.178,0.295,4.925,351.4,24.27,9.4,3.1,-0.3,-95.95409948,-1.674714967,39,15.83333333
03/02/2003,23.09103,3.77,3.39,5.491381,0.7115951,8.24,4.862,19.76,6.37,1.82,3.403,-1.41,6.2,338.3,25.81,6.69,3.02,4.642,0.295,9.26,337.9,28.13,8.4,3.3,-0.2,-43.38593116,-0.757227348,39,19.375
04/02/2003,23.09377,3.54,4.72,6.603452,2.403429,3.618,345,17.84,6.13,2.24,3.871,0.132,2.4,332.1,22.74,6.02,3.3,4.884,1.099,0.985,283.2,22.12,4.8,2.4,-0.6,-28.7317997,-0.501464505,44,19.45833333
05/02/2003,23.09651,5.11,6.74,9.869452,4.189428,8.64,249.6,19.96,4.33,4.28,7.47,2.029,4.6,183.3,20.38,3.51,5.22,8.28,1.568,4.728,222.7,15.22,13.8,4.7,-1.6,-102.7542069,-1.793399231,38,10.20833333
06/02/2003,23.09925,5.4,9.64,10.82745,7.651429,2.412,108,16.56,3.72,8.41,9.31,6.836,3.6,12.42,20.71,4.36,9.34,10.33,7.71,2.955,220.3,18.98,12.2,9.3,3.1,-138.6761857,-2.420356035,40,19.16666667
07/02/2003,23.10198,8.04,9.97,10.89445,8.812428,2.211,188.7,20.09,5.37,8.72,9.24,7.91,3.4,42.86,22.96,6.09,9.71,10.19,8.89,1.97,196.7,19.01,1.6,9.3,5.8,-146.6957342,-2.560323561,46,23.33333333
08/02/2003,23.10472,4.53,8.83,10.66145,6.069428,5.427,141.5,16.59,3.48,7.57,9.25,4.668,6.6,258.9,19.24,3.89,8.56,10.19,5.806,6.107,186.9,17.15,30.4,9.1,6.4,-145.1980301,-2.534183693,41,18.20833333
09/02/2003,23.10746,2.79,7.4,9.242453,5.794429,0.603,115.5,14.34,2.31,5.56,7.44,4.132,0.6,217.8,12.15,2.88,6.62,9.12,5.211,0.591,267.3,14.96,1.2,7.8,0.7,-131.669903,-2.298073333,25,7.25
10/02/2003,23.11020,8.09,9.05,11.05945,7.093429,12.06,186.3,28.49,8.1,7.48,9.55,5.873,10,138.6,25.74,9.07,8.62,10.43,7.11,11.03,180.9,26.07,6,9.3,0.2,179.7259594,3.136809743,45,24.125
11/02/2003,23.11294,3.03,6.19,8.256643,4.692619,0.603,120.3,15.12,2.54,7.39,8.78,5.899,1,18.61,13.26,2.39,8.39,10.23,7.15,1.182,239.1,17.05,0.8,10.1,2.6,-124.697693,-2.176385312,29,8.791666667
12/02/2003,23.11567,6.59,6.4,7.991642,4.462619,1.005,212.6,13.75,5.19,7.49,8.54,5.966,1,139.6,15.88,3.4,8.54,9.69,6.911,0.788,209.9,12.97,0.4,8,2.3,-161.3465359,-2.816028289,24,11.375
13/02/2003,23.11841,7.1,5.89,7.029643,4.725619,0,203.6,19.24,5.95,6.67,7.3,6.066,0,167.4,16.2,7.49,7.76,8.45,7.18,0.197,173.7,19.83,0,7.1,4.7,-171.661961,-2.99606642,30,16.16666667
14/02/2003,23.12115,4.45,5.57,7.397643,4.036619,3.015,213.6,16.56,3.68,6.19,7.51,5.404,2.4,178.1,15.52,3.39,7.13,8.38,6.044,2.758,196.8,15.09,0.4,6.5,2.5,-157.5015815,-2.748921174,29,15.75
15/02/2003,23.12389,7.41,5.14,6.465643,3.479619,0,209.3,22.18,6.37,5.6,6.435,4.4,0,161.8,15.19,6.64,6.75,7.45,5.672,0.197,187.4,22.02,0,6.8,2.9,-162.8821126,-2.842829158,30,16.45833333
16/02/2003,23.12663,10.53,6.08,8.820642,4.109619,9.85,207.2,26.23,8.41,6.48,9.11,5.036,4,157.7,25.19,9.62,7.66,10.03,6.174,5.319,180.8,26.82,0.8,7.2,4.4,-174.9808401,-3.053991787,46,25.70833333
17/02/2003,23.12936,9.18,5.89,8.256643,4.242619,0.201,205,23.39,7.9,6.17,8.34,4.835,0,160.9,20.87,9.62,7.32,9.36,6.141,0,176.6,25.12,0,7.5,5.2,-166.6020671,-2.907754612,42,21.08333333
18/02/2003,23.13210,6.99,4.85,5.649262,4.143976,0,147.9,25.68,8.62,4.76,5.41,4.172,0,131.5,21.33,11.24,6.17,6.913,5.672,0,174.2,22.83,0,9.8,5.8,167.7682535,2.928108405,39,16.70833333
19/02/2003,23.13484,6.18,4.74,6.074262,3.718976,0,145.7,19.96,7.22,4.46,5.739,3.469,0,138.7,21.92,9.5,5.89,6.911,5.11,0,172.9,19.24,0,8.5,2.1,142.8018289,2.492362091,31,13.79166667
20/02/2003,23.13758,3.41,5.35,6.180262,4.413976,0,188.9,13.07,3.27,5.07,5.84,4.132,0,151.7,12.18,4.37,6.27,7.08,5.538,0,173.9,16.66,0,7.1,-1.6,-110.3414411,-1.925821449,17,3.791666667
21/02/2003,23.14031,5.46,6.96,8.155262,5.111976,0,207.1,16.24,4.8,6.75,7.67,4.869,0,166.6,12.61,5.27,7.84,8.89,6.074,0,178.8,17.18,0,8.9,0.5,-176.2720606,-3.076527837,28,13.58333333
22/02/2003,23.14305,4.73,7.35,8.221262,6.490976,0,109,12.94,5.65,7.01,8.14,6.17,0,129.8,12.64,7.06,8.2,8.95,7.58,0,166.8,13.92,0,9.8,3.4,132.8863616,2.31930454,27,10.41666667
23/02/2003,23.14579,8,7.91,9.316262,6.398976,4.824,151.5,26.17,7.35,7.54,8.91,5.974,10.8,123.5,33.35,8.69,8.67,9.96,7.28,2.955,176.7,24.53,0.8,9.6,5.3,156.3034552,2.728009925,50,21.70833333
24/02/2003,23.14853,5.2,8.09,9.415262,6.788976,0,158.1,13.65,4.78,7.7,8.84,6.635,0,134.5,18.39,4.89,8.73,9.86,7.78,0,181.2,11.76,0,9.9,4.4,174.7029029,3.049140868,30,11.29166667
25/02/2003,23.15127,4.42,9.58,10.01729,8.265405,0,115.9,14.34,6.17,8.15,8.9,6.971,0,127.8,15.78,7.2,9.15,9.69,8.12,0,171,14.31,0,11.1,4.6,133.7231396,2.333909072,23,12.79166667
26/02/2003,23.15400,3.74,9.67,10.44529,8.396405,0,104.7,9.8,4.21,8,8.77,7.17,0,122,9.47,4.51,9.11,9.82,8.32,0,159.4,9.8,0,11.4,6.3,126.2641259,2.203724723,18,9.708333333
27/02/2003,23.15674,4.27,9.55,10.34529,8.529405,0.201,103,12.41,4.87,7.71,8.44,7.07,0.2,127.4,12.28,5.93,8.8,9.62,8.32,0.197,165.5,12.94,2,11.2,4.9,125.4189335,2.188973334,18,7.333333333
28/02/2003,23.15948,4.73,9.15,9.751286,7.369405,10.05,112.4,16.59,6.21,7.48,8.07,6.167,14.8,129.4,16.4,7.42,8.46,8.99,6.911,16.94,168.6,15.94,3.6,10.4,7.5,135.8033442,2.370215492,26,14.75
01/03/2003,23.16222,4.19,8.42,9.453286,6.937405,3.015,187.9,12.48,3.39,6.73,7.94,5.464,3.4,142.5,14.34,3.67,7.81,8.65,6.543,3.94,199,12.97,5.2,9.1,4.7,-174.7291716,-3.049599344,25,12.70833333
02/03/2003,23.16496,3.67,9.12,10.81529,7.176404,0.201,194.9,12.22,2.57,7.58,9.47,5.873,0.8,54.87,14.6,2.39,8.58,10.22,6.308,0.394,198.2,8.92,0.8,11.1,1.9,-141.6254686,-2.471830732,21,8.208333333
03/03/2003,23.16769,5.25,8.84,9.519286,7.633405,1.206,179.3,17.97,5.56,7.25,8.18,6.368,1,137.6,17.77,6.18,8.31,8.75,7.55,1.182,183.6,16.92,2,9.4,6.4,175.9749648,3.071342537,26,14.125
04/03/2003,23.17043,4.92,8.01,9.305761,5.346571,23.12,198.8,19.21,4.53,8.06,9.27,5.33,21,136.5,18.69,4.15,8.92,9.99,6.342,22.65,200.8,18.65,21.2,9.9,6.8,165.2748864,2.884590938,33,15.83333333
05/03/2003,23.17317,6.5,7.16,8.808762,5.246572,6.432,181.6,24.34,5.13,6.94,8.44,5.371,7.6,167.8,28.62,6.35,8.09,9.36,6.509,6.304,183.3,26.98,9.6,10.1,3.8,-150.9103862,-2.633883114,47,19.70833333
06/03/2003,23.17591,6.07,7.95,9.140761,6.201571,1.005,123.3,25.48,4.37,7.81,9.07,6.133,1.4,204.9,22.77,5.35,8.82,9.89,6.945,1.773,250.7,28.55,4.8,9,5.2,NA,NA,46,NA
07/03/2003,23.17864,3.85,7.23,8.808762,5.508572,4.221,19.99,18.23,3.68,6.93,8.24,5.431,3.8,179.8,16.46,4.04,7.94,9.36,6.476,4.137,74,19.44,17.2,7.9,5.4,-161.8195951,-2.824284729,32,12.375
08/03/2003,23.18138,3.06,7.12,9.368762,4.192572,5.226,178.7,12.77,3.02,6.63,9.31,4.168,6.2,128.4,15.12,3.5,7.5,10.03,3.576,6.501,168.6,11.01,6.2,8.9,2.4,-148.2857086,-2.588073849,21,9.25
09/03/2003,23.18412,7.02,8.09,9.305761,5.239572,16.08,196.6,20.25,5.63,8.37,9.61,5.36,17.8,102.7,24.43,3.96,9.27,10.59,6.342,17.53,205.1,18.72,22.4,10.6,6.5,-154.9190281,-2.703847114,44,20.41666667
10/03/2003,23.18686,7.98,7.83,9.007762,5.604571,3.618,194.8,19.73,5.41,7.86,9.14,5.932,3,66.26,23.29,5.96,8.89,9.79,6.811,3.349,199.9,21.49,9.2,9.3,6.5,NA,NA,NA,NA
11/03/2003,23.18960,3.59,6.68,7.696667,5.067238,2.814,27.87,19.96,4.69,5.78,7.64,3.898,3.4,282.4,24.99,5.09,6.79,8.69,4.634,1.97,8.2,20.87,5,8.6,3.8,-49.13920238,-0.857640873,43,18.125
12/03/2003,23.19233,2.06,6.74,7.822667,5.306238,0,134.5,10.13,1.92,5.7,7.27,4.206,0,242.2,11.73,2.01,6.74,8.65,5.278,0,224.5,9.83,0,7.9,2.4,-74.93303802,-1.307828232,25,8.041666667
13/03/2003,23.19507,4.4,7.17,8.220667,6.035238,0,206.4,12.12,3.54,5.95,7.84,4.5,0,153.5,11.17,3.56,7.03,8.55,5.739,0,194.1,12.32,0,8.1,0.6,NA,NA,NA,NA
14/03/2003,23.19781,3.51,6.9,7.571667,6.363238,0,115.8,11.11,3.76,5.21,6.214,4.706,0,128.9,10.26,4.86,6.48,7.82,5.84,0,161.7,11.79,0,7.5,1.4,26.58553249,0.464005075,10,2.875
15/03/2003,23.20055,5.32,8.56,8.883667,7.916238,0,206.9,14.31,4.17,7.05,8.27,6.147,0,161.2,12.61,5.52,8.08,8.72,7.45,0,181.7,15.16,0.4,10.5,-1,NA,NA,NA,NA
16/03/2003,23.20329,2.71,9.01,10.10767,7.920238,0,197.8,8.1,2.1,7.5,9.17,5.471,0,164.4,6.729,2.52,8.62,9.66,7.48,0,180.3,7.48,0,9.1,3,NA,NA,NA,NA
17/03/2003,23.20602,1.75,8.41,9.837667,7.517238,0,141.9,6.501,2.04,6.77,8.6,5.607,0,140.3,6.762,3.4,8.15,9.11,7.18,0,172.4,7.06,0.8,10.1,-1.2,NA,NA,NA,NA
18/03/2003,23.20876,3.99,9.58,10.89062,8.317452,0,211.9,10.81,2.85,8.18,9.87,6.783,0,168.6,10.42,2.78,9.19,10.78,8.38,0,206.7,9.93,0.4,12.4,-1.7,NA,NA,NA,NA
19/03/2003,23.21150,3.77,9.21,10.73062,7.720452,0.201,211.2,12.77,2.72,8.07,9.64,6.836,0.2,162.1,14.5,2.32,8.69,9.89,6.275,0.591,226.5,9.73,0,12.2,-0.4,-133.232829,-2.325351539,23,5.416666667
20/03/2003,23.21424,4.01,9.56,10.82062,7.852452,0.603,181.1,13.95,3.8,8.47,9.73,7.2,0.2,91.2,18.29,3.73,9.39,10.85,8.25,0.394,245.2,12.15,2,11.3,6.2,-119.2287134,-2.080933612,26,12.125
21/03/2003,23.21697,9.22,10.2,10.89062,9.046453,0,207.2,19.37,8.22,9.21,9.81,8.51,1,114.4,24.92,4.45,10.15,10.72,9.52,0,213,13.39,0,10.1,8,-157.9082874,-2.756019531,45,20.95833333
22/03/2003,23.21971,9.23,10.02,10.90062,8.317452,0.804,207.2,19.73,7.96,8.89,9.47,7.54,1.6,119,22.64,4.34,9.83,10.53,8.42,0.985,215.8,12.28,0,10.4,7.5,-157.4888324,-2.748698661,39,20.70833333
23/03/2003,23.22245,2.16,8.97,9.967619,7.786452,0.804,144.9,8.4,1.79,7.76,8.81,6.903,1.4,177.6,7.71,1.58,8.72,9.82,7.98,1.182,206,8.17,3.2,11.4,5,-154.9905351,-2.705095146,30,11
24/03/2003,23.22519,3.55,9.58,11.18062,7.822453,0,203.4,9.96,2.24,8.65,10.21,6.97,0,111.4,10.98,2.11,9.57,11.05,7.92,0,206.5,8.95,0.4,11.8,1.7,-153.9605484,-2.687118488,22,8.375
25/03/2003,23.22793,6.42,10.04,11.46757,8.982405,0.201,194.5,14.5,3.86,9.29,10.23,8.48,0,57.66,14.83,4,10.24,11.08,9.59,5.713,202.9,11.47,0,11.4,8,NA,NA,27,NA
26/03/2003,23.23066,3.68,9.18,11.03757,6.896405,3.216,179.2,13.3,2.81,8.49,9.74,6.368,4.2,5.807,18.52,3.37,9.42,10.68,7.21,4.137,196.7,10.65,2.8,12.4,7.6,-150.3542431,-2.624176586,25,11.16666667
27/03/2003,23.23340,2.74,8.05,9.452571,6.501405,0.603,78.2,9.73,1.94,7.25,8.91,5.732,1,78.3,6.762,1.79,8.15,9.69,6.643,0.985,130.1,7.45,2.8,8.3,6.4,56.09942051,0.979119596,11,5.166666667
28/03/2003,23.23614,3.44,8.35,9.651571,5.831405,3.618,133.2,12.12,2.62,7.91,9.25,5.363,3.8,347.7,11.92,3.05,8.89,10.23,6.275,3.94,225.8,11.6,5.2,11.5,5.1,-150.1988711,-2.621464833,30,12.33333333
29/03/2003,23.23888,4.5,8.38,9.975572,6.698405,0.402,56.94,21.85,3.91,7.64,9.21,6.133,0.6,302.8,21.4,5.1,8.57,10.06,6.878,0.591,315,19.96,4,10.7,4.5,-115.8871361,-2.022612085,38,15.66666667
30/03/2003,23.24162,2.53,8.23,10.27157,6.203404,0.804,16.99,13.62,3.7,7.14,8.64,5.298,0.4,16.57,20.22,3.59,8.22,9.92,6.241,0.394,333.1,18.39,2,9.5,2.7,-70.30309726,-1.227020522,38,14.26086957
31/03/2003,23.24435,8.76,9.27,10.14957,7.025404,10.65,185.8,25.22,5.84,8.18,8.91,5.932,15.6,85.4,32.86,5.96,9.2,9.92,6.878,11.03,208,24.73,13,9.5,1.9,-152.5431113,-2.662379544,53,22.20833333
01/04/2003,23.24709,4.03,6.36,8.372429,4.514643,5.829,0.538,18.1,6.94,5.96,7.87,3.723,6.8,5.542,30.48,7.38,6.97,8.99,4.835,5.319,336.5,24.43,18.6,8.2,4.1,-75.73505457,-1.321826061,50,22.25
02/04/2003,23.24983,2.16,7.7,9.401429,5.773643,1.407,16.74,13.26,4.29,7.42,9.01,5.468,1.4,350.7,17.38,4.74,8.45,10.36,6.442,7.88,335.9,19.63,4.2,9.5,3,NA,NA,NA,NA
03/04/2003,23.25257,2.69,8.98,10.25143,8.187643,0.603,96.7,14.67,4.33,9.04,10.34,7.94,0.6,300,15.35,4.05,10.01,10.96,8.92,0.394,324.2,16.86,1,11.8,7.3,-85.93704176,-1.499884328,29,13.41666667
04/04/2003,23.25530,1.42,8.5,9.961429,7.855643,0.402,81,12.41,2.04,8.72,9.71,7.94,1,348.1,13.43,1.89,9.67,10.72,8.79,0.591,309.2,14.77,0.4,11.2,7.9,-98.10747941,-1.712298537,25,6.541666667
05/04/2003,23.25804,1.43,7.56,8.966429,5.832643,0.402,151.3,6.305,1.23,7.87,8.74,6.435,0,202.7,7.25,1.19,8.68,9.52,7.05,0,232.7,6.468,0,11.5,8.2,-87.29325488,-1.523554712,12,4.75
06/04/2003,23.26078,3.11,6.22,7.672429,4.778643,0,200.6,9.67,2.68,6.9,8.41,5.231,0.4,146.5,10.19,2.71,7.79,9.52,6.007,0.197,204.2,8.13,0,13.5,6.1,166.161814,2.900070746,18,6.625
07/04/2003,23.26352,4.34,7.15,7.772429,6.628643,0.201,208.8,13.03,3.52,8.01,8.54,7.54,0,165.4,10.85,4.1,9.05,9.62,8.69,0,182.9,14.63,0,10.7,6.2,-157.1939108,-2.743551307,19,8.375
08/04/2003,23.26626,3.49,6.99,7.543243,6.145814,0,196.4,10.78,3.36,8.26,10.1,6.836,0,160.9,9.67,3.6,9.11,10.09,8.45,0.197,180.1,12.15,0,11.2,6.3,172.7221763,3.014570667,14,5.25
09/04/2003,23.26899,1.8,6.97,8.325243,5.680814,0,122.1,6.925,2.02,8.01,9.93,6.375,0,126.9,5.749,2.51,9.14,10.85,7.85,0,166,7.15,0,10.2,1.2,58.99548047,1.029665378,14,4.291666667
10/04/2003,23.27173,3.69,6.35,7.139243,4.991814,0,207.8,11.73,2.97,7.51,9.51,5.54,0,163.1,9.87,3,8.32,9.72,5.44,0.394,194.4,13.36,0,11.2,4.9,-151.5969975,-2.645866743,16,7.708333333
11/04/2003,23.27447,1.63,6.74,8.135243,5.330814,5.628,321,9.38,2.43,6.89,8.01,5.531,3.6,326.7,12.35,2.32,8.26,11.77,5.581,4.137,328,10.45,1.8,9.7,2.1,-73.0153398,-1.274358084,26,11.125
12/04/2003,23.27721,2.35,8.41,15.18524,5.618814,0.402,38.53,7.77,2.06,6.56,8.06,5.363,0.6,29.13,9.24,2.02,8.53,10.61,7.15,0.394,359.7,10.03,1.4,10.7,5,-68.45446266,-1.194755761,18,6.833333333
13/04/2003,23.27995,4.45,10.77,11.52524,9.328815,1.809,87.8,16.37,4.78,7.6,9.04,6.033,2.8,108.5,16.95,4.54,9.52,10.82,8.05,3.546,159.2,14.7,0,13.9,4.8,100.1244147,1.747500699,30,10.375
14/04/2003,23.28268,4.87,9.66,10.57,9.15,4.02,209.4,22.57,4.28,8.17,9.07,7.64,3.4,152.4,19.93,4.69,10.02,10.86,9.56,3.152,182.4,19.27,1.4,13.8,9,170.3823112,2.973732318,27,12.125
15/04/2003,23.28542,3.13,11.92,13.64,9.78,0,111.2,12.84,2.85,10.36,12.23,8.3,0,127.7,12.35,2.11,12.09,13.52,10.52,0,185,12.61,0.2,18.7,8.5,86.3513402,1.5071152,16,5.75
16/04/2003,23.28816,2.4,12.36,15.31,9.81,0,183.8,12.09,2.52,10.86,14.17,7.87,0,110.2,10.58,2.08,12.19,15.33,9.39,0.197,167.1,9.34,0,14.4,6.2,130.7855112,2.282637784,14,4.5
17/04/2003,23.29090,2.38,14.87,17.58,11.29,0,212.9,11.4,1.96,13.41,16.73,10.3,0,128.5,8.72,1.53,14.53,18.06,11.86,0,195.6,9.34,0,20.5,10.5,NA,NA,NA,NA
18/04/2003,23.29363,1.59,14.26,17.03,11.59,0,42.02,8.1,1.75,12.9,15.39,10.33,0,71.5,7.22,1.37,14.17,18.52,10.96,0,127.7,6.795,0,20.8,7.2,NA,NA,NA,NA
19/04/2003,23.29637,1.43,11.62,14.72,8.58,0,250,6.141,1.61,11.2,13.82,7.8,0,262.9,6.501,1.36,10.92,13.46,7.48,0,1.56,7.12,0,17.1,5.3,121.3485688,2.117932069,17,5.958333333
20/04/2003,23.29911,2.42,10.6,12.98,8.48,0,23.43,10.36,1.97,9.13,11.16,7.1,0,67.74,10.29,1.89,10.16,12.62,6.684,0.197,18,9.9,0,13.7,6.1,102.2930344,1.785350252,20,8.708333333
21/04/2003,23.30185,3.8,9.33,10.62,7.95,0,57.84,10.29,2.5,7.85,9.5,6.401,0,120.8,13.59,2.46,9.66,11.58,8.32,0,278.8,11.27,0,12.2,6,NA,NA,NA,NA
22/04/2003,23.30459,2.45,9.63,10.85,8.48,1.407,93.8,6.403,2.8,8.22,9.7,7.14,1.2,104.2,6.86,2.75,10.04,11.25,8.89,1.576,153.9,6.501,10.4,12.6,7.6,117.6436036,2.053268227,21,8.875
23/04/2003,23.30732,1.7,10.52,13.14,8.22,0.201,180.2,5.259,1.6,8.77,11.4,6.769,0.2,160.3,6.599,1.34,10.48,12.62,8.12,0.197,203.7,4.998,2.8,11.8,4.7,159.1240595,2.777238758,16,4.875
24/04/2003,23.31006,3.48,10.41,12.58,8.81,0,52.63,13,2.49,8.95,11.3,7.51,0,57.48,8.92,2.68,10.76,13.49,8.95,0.197,0.225,11.07,0,12.9,4.7,71.34607477,1.245223913,21,9.833333333
25/04/2003,23.31280,4.74,9.34,10.66,8.15,3.015,86.7,11.99,3.87,7.85,8.97,6.535,5.6,120.2,14.21,3.92,9.77,10.69,8.48,6.107,174.2,14.73,6,13.4,5.7,113.3209349,1.977823425,22,11.04166667
26/04/2003,23.31554,3.26,9.78,11.45,8.15,1.206,126.7,11.63,4.08,8.21,9.24,6.568,1.8,131.5,11.27,4.72,9.98,10.55,7.98,1.773,173.4,11.73,2,13.1,8.8,NA,NA,NA,NA
27/04/2003,23.31828,5.4,10.03,11.78,8.28,7.84,175.5,15.97,4.28,8.38,9.73,6.937,7,103.6,17.84,5.17,10.3,11.51,8.85,8.86,184.2,18,7.2,12.4,8.8,177.5738338,3.099248066,30,15.75
28/04/2003,23.32101,3.34,10.03,11.95,8.58,2.01,133.2,12.51,3.14,8.53,10.13,6.97,2.4,128.8,17.05,2.63,10.38,11.85,8.92,1.773,182.3,8.89,2,12.9,8,NA,NA,19,NA
29/04/2003,23.32375,3.51,8.97,11.69,7.72,3.618,48.46,10.03,2.56,7.33,8.76,6.133,4.4,113,15.75,2.49,9.25,10.82,8.15,4.531,33.44,12.05,15.8,9.2,7.9,NA,NA,NA,NA
30/04/2003,23.32649,7.78,7.9,8.71,6.859,0.804,59.59,15.81,5.22,6.32,7.2,5.363,1.6,189.7,21.3,5.43,8.28,8.89,7.38,1.379,210.5,17.28,0.6,9.5,7.4,57.49203592,1.00342532,28,18.70833333
01/05/2003,23.32923,6.94,7.43,8.55,6.363,0.804,61.07,15.78,4.97,5.84,7.33,4.761,1.4,172.3,22.7,4.92,7.75,8.78,6.811,1.576,198.1,17.22,5.6,8.2,5.5,72.88755356,1.272127793,31,16.20833333
02/05/2003,23.33196,1.75,8.24,11.78,6.401,0.804,82.8,6.599,1.6,6.46,9.1,4.795,1,124.3,7.25,1.43,8.29,10.85,5.642,0.591,241.2,7.15,1,12.9,5.4,120.2662403,2.099041872,25,13.41666667
03/05/2003,23.33470,3.31,7.49,10.34,4.582,9.05,114.9,15.71,3.07,5.84,8.58,3.529,14.6,133.2,22.9,3,7.47,10.63,3.476,16.94,175.1,21.79,3.8,8.7,3,-150.4995382,-2.626712464,22,6.8125
04/05/2003,23.33744,8.08,8.76,10.21,7.29,0.603,185.8,23.91,6.07,7.13,8.71,5.665,2,99,26.33,6.68,9.08,10.66,7.71,0.788,197.5,20.71,6.5,12.2,6.9,NA,NA,38,NA
05/05/2003,23.34018,4.03,8.41,10.23,6.825,2.01,29.3,20.78,5.62,6.78,8.37,5.33,6.2,297.3,27.02,5.88,8.73,10.03,7.41,2.758,124.5,28.91,19.8,11.8,7.2,161.5766187,2.820043991,36,20.79166667
06/05/2003,23.34292,4.03,8.05,10.3,6.436,2.814,104.9,18.16,3.74,6.54,8.94,5.103,2.4,15.52,20.38,3.43,8.44,10.93,6.811,2.364,280,21.07,3.2,11.1,3.4,-100.6844017,-1.757274316,32,11.79166667
07/05/2003,23.34565,4.51,8.52,10.54,7.23,5.628,137,19.53,4.59,6.99,8.84,5.798,8.2,151.1,17.71,4.9,8.9,11.06,7.21,10.44,185.8,18.52,29,10,3.8,-169.6419688,-2.960810904,42,13.75
08/05/2003,23.34839,3.95,8.79,10.76,6.195,4.623,51.59,19.14,4.74,7.14,8.8,4.694,6,327.4,26.17,4.89,9.12,10.95,6.476,4.925,337.2,24.17,13.6,11.9,5.6,-94.74549332,-1.65362081,42,20.29166667
09/05/2003,23.35113,3.51,7.43,9.18,5.631,3.216,99.6,14.34,3.05,5.78,7.2,4.058,3.6,270.2,15.55,3.38,7.76,9.46,5.773,4.334,310.7,14.8,10.8,10,4.8,-130.0164799,-2.269215657,28,11.5
10/05/2003,23.35387,4.49,7.89,9.94,5.864,4.422,168.6,15.58,3.26,6.25,8.07,4.526,5.4,313.7,17.77,4.09,8.19,9.59,6.208,4.531,193.2,14.41,19.4,11.1,3.5,-145.8598728,-2.545735027,38,14.79166667
11/05/2003,23.35661,2.65,8.09,10.63,6.233,2.01,162.2,9.8,2.18,6.42,8.59,4.532,2,177.3,9.6,2.07,8.12,13.76,5.304,2.364,239.2,12.45,4.4,11.4,4.3,-160.4644952,-2.800633775,25,10.95833333
12/05/2003,23.35934,1.82,8.1,10.56,5.141,3.216,359.7,7.32,2.74,6.51,8.84,4.266,3.4,24.8,11.69,2.54,8.4,11.05,5.879,3.94,343.7,11.07,4,11.5,4.1,-86.36237851,-1.507307855,28,10
13/05/2003,23.36208,2.8,8.04,10.63,6.036,4.824,2.124,14.41,5.09,6.44,7.94,4.764,7,328.8,19.67,5.18,8.35,9.79,6.71,5.122,277,17.97,17.6,10.4,5.7,-38.48049528,-0.67161134,37,17.125
14/05/2003,23.36482,2.07,7.36,9.69,5.347,0.201,45.69,9.7,2.38,5.82,7.86,4.199,0.2,285.8,12.81,2.36,7.41,9.51,5.069,0,33.65,12.81,3.2,9.7,4.4,-26.07138996,-0.455031595,26,11.20833333
15/05/2003,23.36756,3.13,8.1,9.15,6.368,0.201,97.8,7.25,3.23,6.65,7.97,4.534,0.2,113.6,9.73,3.2,8.56,9.86,6.112,0.394,158.1,9.18,0,11,-0.2,78.42618716,1.368795186,17,6.75
16/05/2003,23.37029,5.67,9.73,10.99,8.48,0,74.2,10.55,4.12,8.41,9.9,6.97,0.4,113.3,15.71,3.21,10.17,11.59,8.95,0.394,190.3,15.35,0,12.8,6.3,94.34366987,1.646607668,35,16.625
17/05/2003,23.37303,3.1,9.18,10.06,7.79,6.633,97.6,9.96,3.08,7.73,8.7,6.267,12.2,113.9,11.83,2.82,9.56,10.46,8.15,11.23,163.3,12.05,8.2,12.3,7.9,120.4978927,2.10308497,32,11.375
18/05/2003,23.37577,4.86,10.13,11.72,8.84,5.226,209.5,12.54,3.97,8.41,9.36,7.23,5.6,154.4,16.3,3.33,10.41,11.83,9.25,4.925,192.5,13.39,7.4,13,9.3,176.5926583,3.082123322,27,12.5
19/05/2003,23.37851,3.11,9.96,11.49,9.18,2.211,189.5,9.87,2.77,8.38,9.3,7.71,3,139.3,12.45,3.12,10.28,11.22,9.68,2.955,189.4,11.5,4,12,8.4,178.304407,3.111998972,26,10.95833333
20/05/2003,23.38125,1.52,10.94,13.17,9.64,1.005,69.75,7.42,2.35,9.52,11.71,8.11,0.8,35.27,10.09,2.29,11.55,13.96,10.03,0.985,332.9,8,2,13.8,3.9,-119.0843922,-2.078414732,NA,7.125
21/05/2003,23.38398,1.37,11.02,13.17,9.51,0,128.3,6.011,1.9,9.48,11.33,8.1,0,116.4,8.66,1.91,11.37,12.89,10.09,0,198.4,8.85,5.2,13.1,8.7,-133.5283183,-2.330508798,16,4.875
22/05/2003,23.38672,3.49,10.11,12.68,8.12,7.64,159.7,12.25,2.97,8.51,10.03,6.903,8.8,90.4,12.9,2.89,10.43,12.35,8.72,9.26,176.3,13.2,5,14.4,6.1,169.2409247,2.953811365,32,11.875
23/05/2003,23.38946,1.56,9.52,11.58,8.18,9.65,354.4,9.8,2.53,8.02,9.44,6.596,9.4,5.836,12.87,2.3,9.91,11.93,8.48,9.85,317.7,11.04,28.2,10.9,7.8,-146.9173274,-2.564191092,23,6.125
24/05/2003,23.39220,2.27,10.13,11.42,8.98,6.231,16.73,13.56,3.35,8.51,9.37,7.47,6,280.9,15.19,3.32,10.48,11.4,9.32,6.501,84.7,14.11,2.8,14.4,7.5,-2.551965214,-0.044540195,20,8.125
25/05/2003,23.39493,2.2,10.4,12.78,8.78,0.402,34.6,11.5,2.68,8.67,10.76,7.34,0.2,343.2,11.73,2.84,10.64,12.99,9.19,0.591,315,13.16,5.6,13.6,8.5,-52.96026275,-0.924330958,21,9.25
26/05/2003,23.39767,2.74,10.19,11.75,8.58,0.603,121.7,10.32,2.04,8.64,10.47,7.1,0.6,299.4,11.53,2.36,10.55,12.38,9.02,0.394,229.4,10.36,1.6,12.9,6.1,-137.4521857,-2.398993204,29,11
27/05/2003,23.40041,2.95,10.62,11.88,8.15,0.402,135.4,11.63,2.85,9.2,10.83,6.97,0.6,126.1,12.25,2.46,10.61,12.65,7.25,0.394,160.1,10.98,1,14.9,4.5,176.8458414,3.0865422,20,6.708333333
28/05/2003,23.40315,8.61,11.45,12.38,10.36,3.417,212.7,17.57,6.37,9.92,10.57,8.86,2.6,131.5,22.31,4.16,11.82,12.42,10.85,2.364,207,13.52,0.6,14.7,11.3,NA,NA,NA,NA
29/05/2003,23.40589,3.28,10.52,11.28,9.84,0,139.2,14.86,2.9,8.89,9.73,8.27,0,218.6,19.7,3.31,10.86,11.79,10.02,0.197,224,20.84,0,14.1,10.9,-127.8534317,-2.231463343,32,14.20833333
30/05/2003,23.40862,1.69,12.36,14.88,9.54,0,62.83,8.17,1.81,10.81,13.33,7.47,0,91.4,8.62,1.27,12.71,15.6,8.75,0,164.3,7.81,0,17.4,5.1,34.73309231,0.60620682,14,5.291666667
31/05/2003,23.41136,2.67,12.36,14.17,11.65,5.025,207.1,10,2.14,10.96,12.71,10.2,5.4,138.5,8.4,2.01,12.6,14.36,11.88,4.728,191,11.76,2.4,19.7,10.4,171.3937846,2.991385858,19,6.375
01/06/2003,23.41410,3.04,11.45,11.95,10.92,5.829,187.4,14.8,3.38,9.97,10.57,9.23,6.4,134.5,13.95,4.08,11.62,12.15,11.12,6.107,175.8,12.94,13.6,15,11.7,161.010693,2.810166723,18,5.416666667
02/06/2003,23.41684,4.07,12.07,13.9,10.56,0,187.8,15.42,3.9,10.58,12.77,8.87,0.2,137.6,12.35,4.26,12.28,13.69,10.49,0.197,168,17.44,3.2,16.9,10.9,163.3835732,2.851581296,25,8.875
03/06/2003,23.41958,3.95,11.82,13.17,11.19,5.226,110.5,12.97,3.99,10.49,12.54,9.51,7.4,122.9,21.2,4.1,12.27,14.23,11.49,7.88,166.5,16.63,0.8,16.3,9.9,135.6259369,2.36711915,23,8.625
04/06/2003,23.42231,4.75,11.83,13.7,9.89,2.211,203.5,14.34,4.41,10.22,11.83,8.33,1.8,145.1,14.86,4.6,11.88,12.69,10.21,2.561,185.7,14.24,2,15.7,10.7,169.0075236,2.949737747,23,9.875
05/06/2003,23.42505,6.23,11.95,12.94,10.86,3.216,203.9,17.84,5.57,10.33,11.44,9.3,2.6,134.1,18.2,4.92,12.14,12.92,11.22,2.955,192.8,18.29,0.4,15.1,10.6,-171.0787746,-2.985887897,29,14.5
06/06/2003,23.42779,6.36,11.92,13.34,10.69,4.221,203.2,14.47,5.16,10.18,10.9,9.03,4.2,133.7,18.29,3.83,12.14,13.15,11.01,3.94,200.9,17.8,8.8,15.2,10.8,-167.069427,-2.91591158,30,15.79166667
07/06/2003,23.43053,5.7,11.85,13.37,10.56,3.216,201.8,15.16,4.74,10.09,11.34,8.9,2.8,126.6,21.76,3.63,12.02,13.22,10.92,2.758,208.3,16.82,6.8,15.6,10.6,-174.0749429,-3.038180899,28,14.04166667
08/06/2003,23.43326,2.23,11.81,14.16,10,3.618,191.7,8.82,1.85,10.03,12.23,8.63,3.4,188.7,7.32,1.79,11.85,14.83,9.89,3.546,209.8,7.71,0.8,14.8,8,19.0833106,0.333066602,12,4.208333333
09/06/2003,23.43600,3.59,11.81,13.23,10.14,2.01,120.6,12.18,4.23,10.38,12.36,8.64,4,131.9,12.09,4.03,11.85,13.39,9.32,5.122,162.9,12.81,0.4,16.4,6.9,169.7612955,2.96289355,18,6.458333333
10/06/2003,23.43874,5.18,11.66,13.14,10.86,8.84,149.7,13.95,4.7,10.24,11.47,9.34,15.4,119.9,13.23,5.48,11.93,13.02,11.22,16.15,166.4,14.54,22.2,15.6,10.5,146.7671549,2.561570088,25,12.79166667
11/06/2003,23.44148,4.8,12.04,13.44,10.99,0,177.9,15.81,3.96,10.87,12.37,9.83,0.2,150.6,16.37,3.55,12.25,13.19,11.39,0.197,194.5,14.73,5.4,15.9,11.4,-147.236543,-2.569762455,26,14.375
12/06/2003,23.44422,6.8,11.81,13.07,10.83,3.015,205,17.41,5.01,11.11,12.57,10.1,3,146.6,16.14,4.12,12.09,13.15,11.25,2.561,203,17.02,1.6,15.3,10.7,-168.3317064,-2.937942512,29,13.75
13/06/2003,23.44695,2.99,11.83,12.88,11.26,0,78.7,13.88,2.15,11.23,11.84,10.74,0,336.5,10.88,3.26,12.16,12.82,11.69,0.394,266.7,17.18,12.4,15,10.6,-112.883537,-1.970189392,26,14.08333333
14/06/2003,23.44969,4.21,11.88,13.34,11.15,2.412,202.4,14.31,3.53,11.53,12.78,10.74,2.2,144.3,16.56,2.85,12.14,13.46,11.45,1.97,194.6,10.36,2,14.6,9.7,-177.1103174,-3.091158177,19,8
15/06/2003,23.45243,2.22,12.15,14.13,10.92,0.201,138.2,9.83,2.01,11.89,13.74,10.57,0.6,177.3,9.64,2.14,12.38,13.62,11.28,0.197,206.6,9.67,1.2,15.1,11.1,-112.6284851,-1.965737896,17,8.083333333
16/06/2003,23.45517,3.84,12.63,14.17,11.52,5.226,205.6,12.54,2.63,12.58,14.38,11.37,5.4,147.4,10.45,2.91,12.86,14.09,11.82,5.319,186,11.3,0.8,19,10.2,143.7215777,2.508414736,15,6.416666667
17/06/2003,23.45791,4.23,12.6,14.3,11.45,0,195.1,12.25,3.34,12.18,13.24,11.17,0,110.6,13.62,2.62,12.73,14.09,11.98,0,204.1,11.2,3.2,16.2,11.7,-160.5930005,-2.802876615,17,8.25
18/06/2003,23.46064,6.68,12.16,13.27,10.95,4.824,125.5,20.78,5.52,12.03,13.05,10.74,4.2,163,24.83,6.54,12.46,13.26,11.32,4.137,206.2,26.43,5.4,15.2,11,-154.2104524,-2.691480135,48,21.70833333
19/06/2003,23.46338,4.61,11.68,12.68,10.46,0.603,73.2,17.71,4.32,11.58,12.24,10,3,296.7,21.07,4.92,11.98,12.59,10.75,2.955,348.2,19.34,6,14.2,10.9,-105.8504678,-1.847439177,37,20.125
20/06/2003,23.46612,3.66,11.83,13.53,10.59,1.608,60.67,15.75,4.89,11.67,12.68,10.74,2,295.1,19.44,4.99,12.13,13.79,11.05,1.97,354.1,19.31,5.4,14.8,10.7,-88.33803899,-1.541789635,35,19.95833333
21/06/2003,23.46886,1.8,11.17,12.88,10.06,0.804,125.4,8.56,1.92,11.05,12.38,10.13,0.8,150.3,11.24,1.82,11.4,12.49,10.45,0.591,207.3,8.1,0.4,14.3,10.5,-114.9139732,-2.00562719,23,8.125
22/06/2003,23.47159,2.6,11.39,12.21,10.4,4.623,94.6,9.47,2.42,11.36,12.34,10.14,6.8,104.6,7.77,2.21,11.73,12.69,10.72,7.09,162.7,9.96,1.6,13.3,10,107.215326,1.871260447,13,5.75
23/06/2003,23.47433,1.79,12.02,13.89,10.79,1.608,21.47,9.05,3.17,11.82,12.88,10.84,2.6,4.527,13.33,3.25,12.29,14.39,11.19,2.167,341.1,12.38,16.2,14.7,10.6,-98.90595666,-1.726234593,24,10.29166667
24/06/2003,23.47707,4.26,12.42,13.9,10.83,0,202.4,12.18,3.43,12.24,13.31,10.74,0,123.4,14.9,2.27,12.56,13.69,10.43,0,217.8,9.77,0.2,15.6,11,-124.8103191,-2.178351008,19,8
25/06/2003,23.47981,4.45,13.68,15.02,12.48,0,201.7,13.13,3.64,13.86,15.64,12.34,0,138.7,12.05,2.99,13.7,14.69,12.82,0,196.6,11.86,0,19.3,10.9,167.8001236,2.928664643,18,8.333333333
26/06/2003,23.48255,3.11,14.23,15.21,12.98,0.201,110.2,14.05,3.51,14.3,15.9,12.68,0.2,123.4,13.82,2.52,14.04,14.79,12.82,0.197,173.8,11.24,0,22.3,9,126.4344176,2.206696875,19,4.916666667
27/06/2003,23.48528,1.93,12.76,13.84,11.62,1.809,36.07,11.69,3.07,12.61,14.24,11.37,2.6,11.12,12.35,3.43,12.84,13.79,11.92,1.97,4.133,11.92,11,17.2,13.4,171.9087407,3.000373537,13,4.791666667
28/06/2003,23.48802,1.41,12.84,15.24,11.49,2.412,48.23,5.031,2.2,12.89,15.24,11.2,3.2,49.98,7.55,2.13,13.05,14.93,11.72,1.97,51.37,7.94,1.4,18.6,13.2,91.23785938,1.592401049,14,5
29/06/2003,23.49076,4.37,12.85,15.14,11.32,0.201,52.16,14.77,3.87,13.77,18.61,11.14,0.2,52.91,13.49,3.7,13.14,15.9,11.72,0.197,49.56,14.99,0.4,14.4,11.3,42.87280056,0.748271529,27,14.83333333
30/06/2003,23.49350,5.67,12.23,13.43,11.29,0,49,16.07,3.22,12.05,14.14,10.94,0,32.56,15.35,3.38,12.64,14.56,11.68,0,320.8,13.75,0,15.2,11.9,54.46486417,0.950591206,26,14.91666667
01/07/2003,23.49624,3.32,14.25,17.3,12.28,0,44.4,9.9,3.18,14.4,17.54,12.11,0,37.24,7.97,2.91,14.21,16.73,12.72,0,42.55,9.08,0,15.8,12,46.52510036,0.812016186,19,10.45833333
02/07/2003,23.49897,2.36,12.27,13.21,11.32,0.603,31.08,10.36,2.3,11.99,13.08,10.74,0.8,319.7,11.17,2.7,12.41,13.29,11.38,0.985,24.85,12.02,0,14.9,11.1,-13.76253598,-0.240201566,20,9.958333333
03/07/2003,23.50171,1.78,11.74,12.78,10.83,0.603,22.15,8.3,2.76,11.47,12.34,10.47,0.6,330.2,11.24,2.73,11.94,12.59,11.22,0.591,52.98,10.19,0,15,11.6,-13.91073384,-0.242788107,16,9.125
04/07/2003,23.50445,1.34,12.64,14.39,10.93,0.201,38.91,7.38,2.02,12.44,14.7,10.67,0.8,10.34,8.46,2.23,12.94,15.13,11.19,0.985,343.6,8.07,0,14.6,11.1,-46.30201444,-0.808122602,17,7.083333333
05/07/2003,23.50719,1.73,12.72,14.81,10.92,1.407,204.1,9.38,2.1,12.44,14.2,10.6,1.6,93.1,8.98,2.27,12.86,14.39,11.12,1.773,176.7,8.36,5.6,14.1,10.2,-17.5307996,-0.305970174,13,3.8
06/07/2003,23.50992,4.53,13.07,15.19,11.75,5.226,189.4,17.41,3.65,12.66,14.11,11.37,5.6,165.9,12.74,3.9,13.21,14.96,12.12,5.91,184.9,17.12,2,15,10,NA,NA,NA,NA
07/07/2003,23.51266,3.06,13.15,14.79,12.18,8.84,169.5,10,2.41,12.82,13.87,11.71,12.4,183.6,14.21,2.41,13.4,15.06,12.45,10.83,209.7,13.46,9.3,NA,NA,NA,NA,20,NA
08/07/2003,23.51540,1.7,14.01,16.27,12.25,0.201,167,6.076,1.79,13.61,15.67,12.04,0.2,197.8,7.12,1.6,14.14,16.37,12.69,0.394,218.5,8.82,1.2,16.2,12,-111.1512646,-1.939955535,13,5.25
09/07/2003,23.51814,4.7,14.29,14.92,13.11,2.412,207.8,13.98,3.67,14.15,14.94,12.78,2.6,157,11.69,3.24,14.48,15.06,13.32,2.167,186.2,13.52,3.2,17.3,12.2,-178.5542758,-3.116360006,22,7.958333333
10/07/2003,23.52088,5.57,13.66,14.85,12.38,4.02,175.6,15.84,4.67,13.25,14.44,11.84,5.4,169.9,21.69,4.89,13.84,14.69,12.55,4.925,181.8,19.6,4.8,18.1,12.3,-153.9022517,-2.686101018,31,15.29166667
11/07/2003,23.52361,4.32,13.12,14.33,12.08,0.402,77.2,15.68,3.45,12.77,13.57,11.61,1.4,318.3,19.14,4.49,13.42,14.13,12.45,1.576,266,24.14,5.2,16.9,11.6,-113.934969,-1.988540342,32,16.29166667
12/07/2003,23.52635,6.36,12.77,13.27,12.15,8.84,194.6,15.32,5.7,12.44,12.95,11.57,8.6,121.8,20.97,3.58,13.1,13.56,12.45,8.08,208.6,13.59,1.2,14.3,11.8,-144.0410966,-2.513991393,35,15.41666667
13/07/2003,23.52909,6.2,14,15.59,12.84,1.005,214.7,13.85,4.51,13.68,15.2,12.51,0.8,149.8,16.17,3.44,14.22,15.5,13.22,0.985,202,14.54,0,17.8,12.6,-167.6295437,-2.925687462,29,11.625
14/07/2003,23.53183,1.87,13.96,14.83,13.04,5.427,226.8,6.958,2.2,13.71,15.15,12.07,5.6,82.7,10.03,1.81,14.18,14.93,13.19,6.107,171.1,7.94,1.2,20.3,11.7,89.88131407,1.568724866,14,4.416666667
15/07/2003,23.53457,1.62,15.03,16.57,13.8,5.025,28.67,7.09,1.93,15.03,16.44,13.34,5.4,81.2,8.62,2.01,15.24,17,13.99,6.698,58.46,8.72,9.6,19.1,13.6,NA,NA,13,4.458333333
16/07/2003,23.53730,2.35,19.22,22.62,15.49,0,61.37,8.72,2.38,20.24,23.38,15.61,0,63.4,7.87,2.45,19.75,23.28,14.9,0.197,23.12,9.24,0,26.2,12.9,78.33761547,1.367249318,29,9.958333333
17/07/2003,23.54004,2.41,19.66,22.85,17.56,0,57.68,9.24,2.75,20.17,22.64,17.93,0,70.8,11.79,2.56,20.27,23.01,18.06,0,75.7,11.07,0,21.7,16,NA,NA,NA,NA
18/07/2003,23.54278,2.5,17.08,20.25,14.2,0,106.2,9.24,2.62,17.22,20.95,13.44,0,153.7,12.18,2.16,17.93,21.44,14.59,0.197,205.3,10.98,0,19.2,15,59.56051125,1.039527026,18,8.583333333
19/07/2003,23.54552,2.4,14.82,16.78,13.41,2.412,108.6,9.54,2.15,14.03,15.54,12.31,3.6,111.2,8.59,2.01,14.81,16.54,12.49,3.743,173.8,9.38,2,17.4,13.8,124.6162928,2.174964611,18,5.833333333
20/07/2003,23.54825,1.87,14.61,16.74,13.97,9.85,108.9,6.403,2.22,13.88,15.04,13.07,11.2,113.6,7.87,2.15,14.58,15.67,13.79,9.85,167.5,6.762,0.8,20,12.3,137.8534568,2.405996706,13,5.291666667
21/07/2003,23.55099,1.69,15.28,17.6,14.04,0.603,148,7.22,1.74,14.48,16.77,13.11,0.4,184.5,7.32,1.95,15.25,17.22,14.09,0.394,198.9,8.49,9.8,17.9,12.6,-175.3831045,-3.061012626,16,5.25
22/07/2003,23.55373,2.63,15.25,17.43,14,0.402,161.8,8.85,2.29,14.49,15.94,13.61,0.4,172.7,10.09,2.27,15.35,17.05,14.46,0.197,221.3,8.2,3.8,19.8,13,-138.3756187,-2.415110151,22,10.125
23/07/2003,23.55647,3.19,14.33,14.76,13.8,3.417,118.5,10.78,3.35,13.78,14.27,13.14,5.4,134.3,10.19,3.9,14.55,15.06,14.06,4.728,171.5,11.66,13,17.6,13.4,147.8552979,2.580561766,21,9.458333333
24/07/2003,23.55921,2.98,14.24,16.04,12.74,10.05,118.8,12.74,3.24,13.62,15.1,12.04,13.6,174.9,18.36,3.39,14.48,16.03,12.92,13.79,266.2,17.97,3,18.1,13.1,-145.6152059,-2.541464785,29,12.70833333
25/07/2003,23.56194,2.34,14.21,16.07,12.68,5.829,141.7,9.21,2.28,13.66,15.77,12.04,3.4,312.8,12.45,2.56,14.45,16.49,12.85,7.29,304.6,9.44,15.6,18.5,13.1,-151.3755232,-2.642001286,19,9.166666667
26/07/2003,23.56468,4.84,14.2,15.98,12.78,1.206,198.1,12.51,4,13.52,14.97,12.07,1.2,110,15.35,3.02,14.35,15.56,13.22,0.985,213.4,9.44,0,17.8,11,-160.0255797,-2.792973253,24,10.58333333
27/07/2003,23.56742,5.37,14.14,15.75,12.48,3.015,189.9,13.92,3.82,13.43,15.07,11.84,4.4,81.4,16.69,4.23,14.33,15.5,12.82,5.122,201.6,14.44,4.6,17.5,12.2,-162.9074783,-2.843271873,29,14.83333333
28/07/2003,23.57016,4.22,14,16.4,12.01,3.216,203.7,14.21,3.25,13.24,14.78,11.44,4.6,122.6,13.95,2.87,14.18,16.13,12.45,3.546,205.8,13.46,0.2,17.7,12.1,-171.9627421,-3.001316041,27,12.25
29/07/2003,23.57290,1.65,13.71,15.08,12.58,0.402,7.12,8.59,1.5,13.11,14.54,12.37,0.6,139.2,7.38,1.82,14.05,15.63,13.32,0.394,40.48,9.8,2.8,17.4,11.7,-14.54815695,-0.253913239,13,6.125
30/07/2003,23.57563,3.03,14.72,17.2,12.44,0.201,219.8,14.05,2.8,13.85,15.84,12.44,0,135,12.84,2.79,14.81,17.14,13.29,0.394,247.4,13.26,0,18.1,10.9,-100.0548311,-1.746286235,17,5.916666667
31/07/2003,23.57837,5.54,13.57,14.69,11.95,11.86,195.9,19.83,4.49,12.88,14.08,11.34,12.4,141,18.33,4.16,13.85,14.9,12.38,8.86,190.8,21.2,8.8,14.8,12.4,-173.3125466,-3.024874573,37,16.66666667
01/08/2003,23.58111,6.32,13.46,14.6,12.18,2.412,186.9,16.5,4.43,12.79,13.55,11.64,2.4,51.93,23.52,5.3,13.8,14.43,12.62,0.788,194.3,18.39,8.2,15.6,11.6,-150.8332703,-2.632537188,35,15.75
02/08/2003,23.58385,5.29,13.36,14.24,11.62,2.412,178.3,18.13,4,12.71,13.55,10.9,3.2,357.4,18.52,5.67,13.71,14.46,11.98,0.591,179.9,17.97,3.6,16.1,11.8,-147.0877136,-2.567164891,33,17.25
03/08/2003,23.58658,2.53,13.94,15.91,12.41,1.407,179,13.95,2.25,13.25,14.58,11.81,1.2,282.7,16.59,3.07,14.19,15.3,12.89,0.788,174.6,18.55,2.6,18.8,12.2,-137.4690848,-2.399288149,25,11.66666667
04/08/2003,23.58932,1.82,13.94,15.38,12.84,0.402,104.6,6.893,1.39,13.36,14.64,12.18,0.6,103.3,4.965,1.27,14.21,15.63,13.15,3.349,153.7,6.435,4,16.8,12.5,89.3096752,1.558747886,12,4.625
05/08/2003,23.59206,1.33,16.97,20.46,12.94,1.005,41.02,6.566,1.19,16.18,19.1,12.34,0.8,95.4,5.063,0.91,16.97,20.4,12.75,0.394,197,4.377,0.4,22.5,10.1,34.35395343,0.599589598,11,3.958333333
06/08/2003,23.59480,1.14,16.11,19.67,13.34,0.201,144.9,4.41,1.24,15.85,19.79,12.4,0,58.47,6.925,1.28,16.01,20.05,13.39,0.197,166,6.337,0,24.3,14.6,-58.92017121,-1.028350983,15,4.875
07/08/2003,23.59754,1.15,14.16,16.8,13.24,1.809,134.1,4.345,0.82,13.31,15.59,12,0.2,95.2,6.272,0.99,14.32,16.25,13.32,0,168.3,3.528,0,16.7,13.1,35.29255501,0.615971286,11,5.208333333
08/08/2003,23.60027,2.09,16.36,19.28,13.04,0.201,243.3,11.53,1.58,15.55,18.68,11.61,0.4,114.3,15.09,1.51,16.63,20.2,12.49,0.197,186,10.09,0.4,24.1,12.5,151.921861,2.65153668,9,2.375
09/08/2003,23.60301,2.27,15.68,17.53,14.46,0,188.4,7.97,1.79,14.47,16.74,13.14,0.2,220.2,9.18,1.85,16.02,18.13,14.76,0,216.3,8.33,0,20.9,14.9,-146.2154141,-2.551940393,28,7.416666667
10/08/2003,23.60575,2.98,15.56,17.3,14.53,0,182.4,8.26,2.22,14.25,16.01,13.27,0,123.9,10.06,2.51,15.65,16.72,14.83,0,201.5,8.36,0,18.9,12,-167.830216,-2.929189854,18,6.291666667
11/08/2003,23.60849,3.07,15.59,17.56,14.17,0,199.9,8.23,2.62,14.11,15.54,12.78,0,108.3,9.05,1.96,15.75,17.62,14.59,0,211.7,6.141,0,19.6,9,-143.8411281,-2.510501285,15,4.916666667
12/08/2003,23.61123,4.18,15.08,17.1,13.37,7.44,198.7,10.62,3.43,13.78,14.97,12.23,7.8,110.8,14.47,2.36,15.32,16.9,13.69,8.47,212.3,9.57,0.6,18.1,11.6,-161.5709795,-2.819945569,18,8.333333333
13/08/2003,23.61396,2.75,14.05,16.05,12.28,5.628,32.03,11.04,4.33,12.88,14.01,11.27,4.2,9.21,18.49,4.14,14.25,15.56,12.75,4.531,344,16.1,15.4,17.2,11.7,-83.81712121,-1.462884735,30,13.625
14/08/2003,23.61670,1.54,14.44,16.34,12.91,0.201,14.51,10.42,2.69,13.17,14.83,11.64,0,357.5,12.54,3.08,14.5,17,12.22,0,353.3,10.94,0,17.9,9.8,-53.3761587,-0.931589711,19,9.416666667
15/08/2003,23.61944,2.36,14.61,16.5,12.58,0.201,97.6,8.85,1.96,13.51,15.1,11.61,0.2,247.2,10.78,1.97,14.74,16.8,11.55,0,290.1,10.42,0,18.2,9.1,-100.7384001,-1.758216765,18,8.25
16/08/2003,23.62218,3.09,14.93,16.31,14.03,0.201,182.2,7.97,2.89,13.69,14.8,12.97,0,150.2,9.64,3.07,15.22,16.23,14.43,0.394,191.3,9.34,0,17.4,13.1,-162.5042782,-2.836234703,15,7.625
17/08/2003,23.62491,4.22,14.7,15.26,13.64,5.025,156.9,20.91,4.96,13.5,14.11,12.53,6.4,136.2,14.9,6.04,14.99,15.63,13.99,7.09,175.4,15.97,12.6,17.8,13.1,154.3018767,2.69307579,24,9.5
18/08/2003,23.62765,5.47,14.32,15.68,13.24,4.02,159.5,14.99,5.25,13.2,13.87,12.18,6.6,172.9,18.88,4.29,14.59,15.5,13.59,4.531,216.1,16.73,14.8,16,13.1,-163.0728494,-2.846158143,32,16.04166667
19/08/2003,23.63039,3.8,13.77,15.42,12.11,1.005,64.32,14.28,3.74,12.75,13.84,11.31,2.8,318.4,21.85,4.23,14.07,15.7,12.52,2.364,329.1,18.33,7.4,17,12.4,NA,NA,35,NA
20/08/2003,23.63313,5.06,14,14.43,13.24,11.26,143.7,17.57,4.09,13.04,13.61,12.14,12.4,208.9,24.73,3.86,14.37,14.86,13.56,12.61,225.9,15.26,5.4,16.4,11.8,NA,NA,32,NA
21/08/2003,23.63587,5.77,14.19,15.38,13.24,4.02,93.8,20.51,4.64,13.31,14.7,12.48,6.2,14.4,26.04,5.37,14.56,15.53,13.72,3.94,238,22.34,14.6,16.8,12.7,NA,NA,39,NA
22/08/2003,23.63860,3.15,14.04,15.49,13.14,0.201,49.41,13.52,4.14,13.04,13.61,12.34,0.8,287.8,25.25,4.16,14.32,15.63,13.42,0.394,352.2,17.84,2,17.6,12.7,NA,NA,39,NA
23/08/2003,23.64134,1.43,13.88,15.45,11.25,0,90.4,4.867,1.92,13,14.41,10.67,0,112.3,5.194,1.78,13.97,15.43,10.53,0,162.4,4.965,0,17,11.9,-145.2916897,-2.535818361,14,5.666666667
24/08/2003,23.64408,1.5,15.31,17.53,14.07,0.402,69.87,8.07,1.54,14.79,16.67,12.97,0.4,80,7.35,1.51,15.46,17.59,14.33,0.197,150.1,7.81,0,19,11.2,67.92541306,1.185522104,16,6.583333333
25/08/2003,23.64682,5,14.94,16.37,13.61,0,47.33,13.79,3.03,13.9,15.75,12.54,0,50.31,15.06,2.77,15.26,17.22,14.06,0.197,359.5,10.19,0,16.9,11.4,54.07275772,0.943747658,24,NA
26/08/2003,23.64956,4.57,13.98,15.38,12.98,0,51.02,11.73,2.56,12.91,14.43,11.71,0,64.28,10.91,2.58,14.42,15.87,13.36,0,341.3,10.26,0,15.6,13,41.01791385,0.715897649,20,12.08333333
27/08/2003,23.65229,2.99,13.67,15.77,11.88,0,47.15,9.21,2.42,12.58,14.93,10.77,0,68.85,10.45,2.83,13.85,15.7,12.25,0,12.68,11.47,0.4,15.9,10.7,-10.6644319,-0.18612945,20,9.333333333
28/08/2003,23.65503,3.45,12.95,14.85,11.06,0.804,41.28,13.52,3.95,11.81,13.34,10.03,1.2,279.2,15.12,3.4,13.21,15.01993,10.91414,0.394,276.8,13.85,4.2,14.9,10.6,NA,NA,29,NA
29/08/2003,23.65777,3.13,12.41,14.53,10.93,0.804,35.56,13.59,2.92,11.51,13.4,9.83,0.4,124.1,13.59,3.1,12.66,15.41993,10.94414,0.591,346.8,14.37,3,14.3,10.2,NA,NA,25,NA
30/08/2003,23.66051,2.15,12.39,14.27,10.6,0,30.81,12.38,2.22,11.45,13.28,9.91,0,214,11.66,2.4,12.56,13.67993,10.60414,0.197,22.34,13.36,1.2,14.7,6.7,-20.3911675,-0.355893011,21,8.916666667
31/08/2003,23.66324,2.11,12.75,14.52,10.73,0.201,44.82,9.7,2.07,11.84,13.76,9.93,0,303,10.85,2.17,12.79,14.51993,10.54414,0.394,16.63,11.5,0.4,14.8,8.5,-20.96340484,-0.365880437,22,8.375
01/09/2003,23.66598,1.52,13.64,15.08,12.54,0.804,50.2,7.91,2.43,12.73,13.94,11.77,0.8,347.9,8.75,2.41,13.73,15.58993,12.34414,0.591,343.4,8.85,1,15,10.9,-117.653596,-2.053442627,18,7.666666667
02/09/2003,23.66872,2.29,14.53,15.82,13.14,0.201,105.1,11.04,2.65,13.82,15.5,12.27,0.8,248.7,12.71,2.54,15.18,16.44286,13.63286,0.788,331.4,12.45,0.8,17.1,11.5,-111.0507214,-1.938200724,22,9.333333333
03/09/2003,23.67146,4.27,14.86,16.54,13.31,0.201,175.8,11.5,3.3,13.94,15.47,12.44,1.2,154,17.18,3.36,15.15,16.56286,13.76286,0.591,199.7,14.54,0.2,18.1,12.7,-146.6789998,-2.560031489,22,11.20833333
04/09/2003,23.67420,8.99,14.82,15.65,13.87,3.216,212.9,17.97,6.92,14.12,14.81,13.07,2.8,132.7,23,4.07,15.19,15.90286,14.03286,2.561,213.6,13,0,17.5,13.4,NA,NA,29,NA
05/09/2003,23.67693,1.77,13.31,15.62,11.16,17.69,138.4,9.7,1.58,12.67,14.48,10.57,19.8,265.8,11.92,1.49,13.39,15.13286,11.19286,19.31,269.6,7.77,NA,15.3,10.5,-150.6030762,-2.628519543,23,9.833333333
06/09/2003,23.67967,3.01,13.69,15.18,11.88,0.402,151.3,12.18,2.36,13.06,15.27,11.54,0.4,204.3,15.81,2.27,13.74,15.93286,11.83286,0.394,229.7,12.09,NA,15.5,7.3,-138.4920869,-2.417142904,19,4.875
07/09/2003,23.68241,4.89,12.66,14.27,11.19,9.65,184.6,15.52,3.82,12.05,13.71,10.51,10.4,174.7,19.11,2.85,12.87,14.63286,11.03286,9.65,222.5,12.48,NA,15.7,8.5,NA,NA,31,NA
08/09/2003,23.68515,3.59,12.88,14.63,11.12,5.427,77.8,15.42,3.73,12.25,14.04,10.57,4,257,19.73,3.87,13.19,14.93286,11.43286,4.137,348.9,19.11,NA,15.3,6.9,-143.3467561,-2.501872865,22,9.25
09/09/2003,23.68789,1.64,13.02,15.51,11.39,0.402,358.3,9.57,2.63,12.3,14.57,10.78,0.4,334,19.08,2.57,13.43,16.41738,10.90333,0.394,356.7,14.21,NA,15.5,7.8,-103.9627006,-1.814491424,19,7.041666667
10/09/2003,23.69062,1.86,13.63,16.3,10.51,0.201,197.8,10.39,2.39,12.84,15.24,10.28,0,145.3,9.73,2.49,13.38,15.90738,9.763333,0,167.1,10.36,NA,16.7,6.9,-135.0351078,-2.356807237,15,4.833333333
11/09/2003,23.69336,5.86,13.81,15.42,11.55,11.26,166.1,20.22,4.82,13.26,14.91,11,10.8,164.4,21.79,6.31,14.3,15.77738,12.19333,10.05,207.5,22.7,0,15.1,9.8,NA,NA,36,NA
12/09/2003,23.69610,6.22,13.51,14.92,11.52,10.65,177.5,23.39,5.23,12.86,14.21,10.87,9.6,159.2,19.8,5.92,14.11,15.17738,12.32333,9.65,202.7,25.68,3,16.7,9.9,NA,NA,32,NA
13/09/2003,23.69884,9.55,14.38,15.72,12.48,26.13,202.7,23.85,7.72,13.88,15.25,11.74,19.8,134.7,30.12,5.16,14.78,16.07738,12.96333,18.52,207.5,25.61,10,17,11.4,NA,NA,45,NA
14/09/2003,23.70157,5.65,14.19,15.48,13.34,0.201,183.2,15.81,3.96,13.55,14.61,12.78,0,11.52,17.57,5.42,14.4,15.47738,13.86333,0.197,191,15.75,0,17.1,10.6,NA,NA,33,NA
15/09/2003,23.70431,3.66,14.01,15.53,12.88,3.015,161.3,13.79,2.98,13.43,14.07,12.44,4,334.3,16.92,3.98,14.06,15.03738,12.96333,3.349,189.7,15.39,3.4,17.3,13.2,NA,NA,25,NA
16/09/2003,23.70705,4.5,13.87,14.7,12.84,4.422,201.5,13.92,3.68,13.33,14.35,11.84,5.4,134.4,22.87,2.55,13.98,14.97,12.52705,4.925,206.7,12.64,6.6,14.8,12.4,NA,NA,31,NA
17/09/2003,23.70979,6.73,14.29,15.66,12.25,3.216,182.7,18.42,5.58,13.68,15.14,11.71,3.2,153.7,25.25,4.54,14.26,15.84,12.02705,2.561,189.4,20.61,0.4,16.8,12.5,NA,NA,43,NA
18/09/2003,23.71253,4.07,13.16,15.03,9.87,0.603,134.8,16.3,4.23,12.47,14.21,9.2,2.2,256.4,19.89,4.55,12.97,14.97,9.567047,1.576,185.9,16.63,0.4,17.2,11.3,-133.6883974,-2.333302707,24,12.79166667
19/09/2003,23.71526,4.32,10.41,11.98,9.38,0.804,36.66,17.31,3.95,9.92,11.41,8.71,0.8,108,19.73,4.43,10.54,12.19,9.197047,0.985,317.5,19.86,1.8,12.9,9,NA,NA,36,NA
20/09/2003,23.71800,3,11.09,13.61,9.08,0,27.18,11.07,2.65,10.52,12.67,8.61,0,76.5,12.09,2.81,11.16,13.86,7.523047,0,346.9,12.41,3,12.8,8.1,NA,NA,27,NA
21/09/2003,23.72074,4,11.52,13.7,9.53,2.412,106,16.37,4.26,10.88,13.14,8.8,2.4,221.7,18.72,4.06,12.06,14.63,9.797048,2.561,58.5,17.18,0.8,14.5,5.5,NA,NA,29,NA
22/09/2003,23.72348,2.91,8.81,11.52,5.572,6.231,13.85,14.83,4.09,8.23,11.2,5.132,5.4,354.1,17.54,4.28,9.71,11.99,6.552047,NA,346.2,19.34,8.6,11.3,4.7,NA,NA,40,NA
23/09/2003,23.72621,2.84,8.75,12.13,4.783,4.824,32.26,14.8,3.26,8,11.52,3.864,5.6,340.9,16.79,3.5,9.27,12.51667,5.6485,NA,322.5,15.52,1.8,10,3.5,NA,NA,32,NA
24/09/2003,23.72895,5.14,12.92,13.7,11.53,0.804,143.2,17.02,4.6,12.29,13.15,10.81,2,250.3,19.6,5.47,13.52,14.06667,12.0005,NA,175.3,20.87,7.8,14.9,8.7,NA,NA,30,NA
25/09/2003,23.73169,5.39,12.14,13.44,10.01,24.12,215.8,19.76,4.41,11.65,12.98,9.48,34.4,355.4,20.74,4.9,12.67,13.89667,10.5605,NA,237.1,17.15,20.2,13.3,10.5,NA,NA,37,NA
26/09/2003,23.73443,1.8,10.62,11.98,9.05,0.603,19.3,9.38,2.06,10.09,11.87,8.41,1.8,334.1,9.73,2.08,10.97,12.86667,9.1205,NA,320.5,12.35,2,12.4,6.7,NA,NA,23,8.875
27/09/2003,23.73717,1.24,10.15,12.59,8.55,1.206,224.6,8.13,1.2,9.48,11.36,8.24,3,300.2,6.305,1.2,10.23,11.94667,8.7605,NA,1.062,5.292,1,12.6,6.3,-81.40443132,-1.420775352,11,3
28/09/2003,23.73990,3.05,11.54,13.54,10.11,0.402,198.7,9.34,2.22,10.84,12.58,9.44,0.2,155.2,9.8,2.11,11.86,13.26667,10.3605,NA,219.6,9.44,2,12.9,7.1,-160.0189149,-2.79285693,21,9.375
29/09/2003,23.74264,1.58,10.82,13.27,8.98,5.427,8.68,7.58,1.85,10.2,11.94,8.38,10,283.5,9.28,1.76,10.57,13.59667,7.0525,NA,348.6,8.04,2.6,13.2,7.1,-129.7937592,-2.265328447,19,7.375
30/09/2003,23.74538,1.77,10.62,13.2,8.65,0.201,342.9,4.769,2,10.14,12.43,8.11,0,328.4,5.161,1.5,9.92,13.30452,7.402762,NA,35.9,5.194,0.2,15.1,4.6,-64.24087672,-1.121214813,10,3.375
01/10/2003,23.74812,1.33,11.57,14.03,9.18,0,351.6,6.337,1.82,10.84,12.78,8.51,0,352.4,7.42,1.68,11.34,13.90452,8.069762,NA,349.7,6.664,130,13.7,4.5,-98.23288498,-1.714487277,17,5.666666667
02/10/2003,23.75086,3.57,12.01,12.88,11.29,1.608,108.4,14.7,3.88,11.37,12.38,10.6,2.8,273.8,17.93,4.13,12.4,13.07452,11.77976,NA,327.9,17.25,1.2,12.9,7,NA,NA,27,NA
03/10/2003,23.75359,3.45,10.53,12.12,7.65,1.809,10.91,19.83,6.25,9.81,11.28,6.535,2,9.38,20.38,6.31,11.05,12.11452,8.199761,NA,348,22.96,10.2,11.9,6.2,NA,NA,35,NA
04/10/2003,23.75633,2.9,7.78,9.25,5.373,1.608,359.5,14.99,4.84,6.95,8.61,4.467,1.6,328.9,24.3,5.09,8.57,9.804524,6.591762,NA,293,20.61,10.6,7.6,4,NA,NA,35,NA
05/10/2003,23.75907,4.07,10.35,12.05,8.45,3.216,48.03,20.38,4.72,9.5,11.37,7.34,6.6,13.04,25.32,4.84,11.11,12.58452,9.469762,NA,338.7,26.39,6.6,11.5,4.5,NA,NA,38,NA
06/10/2003,23.76181,4.04,8.63,10.61,6.633,8.84,348.2,20.78,8.33,7.6,9.05,5.202,7.8,7.54,28.13,8.46,9.42,10.81452,7.294762,NA,346,28.42,23.2,9.8,5,NA,NA,53,NA
07/10/2003,23.76454,3.13,9.39,12.19,7.16,0.603,32.05,17.28,4.94,8.33,11.61,6.133,1.8,338.8,27.05,5.45,9.92,12.86976,7.943143,NA,332.4,23.55,8.6,10.2,4.5,NA,NA,41,NA
08/10/2003,23.76728,3.35,11.78,12.78,9.7,6.432,26.77,14.21,4.8,10.86,11.67,8.67,12,357,26.85,4.72,12.26,13.14976,10.22314,NA,340.2,20.51,2,12.7,6.9,NA,NA,40,NA
09/10/2003,23.77002,5.2,11.85,12.88,10.04,1.206,67.97,22.02,4.53,11.05,12.24,9.1,3.4,313.7,25.81,5.49,12.35,13.51976,10.62314,NA,317,24.24,12.2,13.3,9.2,NA,NA,41,NA
10/10/2003,23.77276,4.31,9.84,10.87,8.58,0.804,15.46,19.21,6.43,8.78,10.08,7.23,7.2,83,32.37,5.74,10.37,11.35976,8.983143,NA,352.8,30.09,11.4,11.2,7.9,NA,NA,54,NA
11/10/2003,23.77550,2.43,9.96,12.48,7.99,2.412,100.9,8.95,2.64,8.78,11.61,6.635,5.6,118.1,9.18,3.32,10.19,12.75976,6.875143,NA,151.9,10.09,0,12.1,4,45.60039934,0.795877109,14,5.791666667
12/10/2003,23.77823,3.61,12.46,12.81,11.85,4.422,136.3,12.81,4.79,11.47,11.91,10.74,5,132.5,13.52,6.1,12.55,12.91976,12.01314,NA,176.3,13.23,1.2,13.9,9.3,137.0942629,2.392746273,15,8.875
13/10/2003,23.78097,4.26,12.11,12.84,11.49,0,100.3,13.26,5.39,11.14,11.97,10.54,0.2,131.3,14.5,6.93,12.21,12.87976,11.72314,NA,176.6,11.99,0,13.9,10.7,138.3783331,2.415157526,17,8.958333333
14/10/2003,23.78371,3.59,12.3,12.94,11.82,0,106,12.97,4.95,11.28,11.91,10.44,0,127.1,13.43,6.24,12.33,12.85171,11.79914,NA,176.3,14.01,0,14.8,8.1,140.8106727,2.45760986,17,7.583333333
15/10/2003,23.78645,3.28,11.44,12.25,10.7,0,104,10.49,3.67,10.27,11.37,9.34,0,127.5,10.81,5.18,11.59,12.42171,10.86914,NA,171.1,10.81,0,14,4,131.4931883,2.294989079,14,4.416666667
16/10/2003,23.78919,3.07,11.23,11.83,10.73,0,117.5,10.85,3.6,10.05,10.65,9.57,0,132.7,10.65,5.28,11.56,12.40171,10.83914,NA,176.9,10.49,0.4,13.6,4.5,66.80978831,1.166050779,10,3.291666667
17/10/2003,23.79192,2.52,11.35,12.15,10.17,0,105.3,8.75,2.77,10.28,11.64,8.81,0,107.7,8.36,3.51,11.65,12.43171,9.879143,NA,157.8,8.75,0,12.7,2.5,6.137878189,0.107126183,17,5.166666667
18/10/2003,23.79466,4.54,10.44,11.1,9.51,0.201,48.19,17.38,3.54,9.46,10.52,8.34,0.4,342.4,14.28,3.06,10.8,11.66171,9.709143,NA,309.1,16.27,1.6,11.6,9.7,NA,NA,35,NA
19/10/2003,23.79740,6.38,8.59,10.01,6.96,0.603,59.52,17.02,4.56,7.38,8.84,5.871,1.6,187.2,19.4,4.65,8.99,10.39171,7.430143,NA,217.6,15.68,10.8,10.2,5.7,NA,NA,35,NA
20/10/2003,23.80014,2.9,6.08,8.05,4.286,6.03,27.08,12.05,2.66,4.91,6.436,3.127,3.6,168.6,15.32,2.87,6.54,8.111714,4.829143,NA,318.7,18,8,7,2.6,NA,NA,26,NA
21/10/2003,23.80287,4.45,5.13,7.13,2.694,9.45,50.38,16.5,3.59,3.87,5.639,1.593,8,233,19.96,3.56,5.51,7.126,3.325119,NA,268.6,20.58,9.4,6.7,2.4,NA,NA,NA,NA
22/10/2003,23.80561,3.32,6.83,8.22,4.551,0.402,52.49,13.62,2.45,5.54,7.53,3.135,0.4,250.2,15.94,2.39,6.99,8.806,5.100119,0.394,263.4,13.56,3.4,9.8,1.1,NA,NA,NA,NA
23/10/2003,23.80835,1.49,7.89,10.43,5.746,0.402,0.955,6.435,1.76,6.66,9.1,4.307,0.4,327.3,9.54,1.53,7.27,10.726,4.303119,0.394,10.7,8.62,0.8,11.9,0.5,NA,NA,NA,NA
24/10/2003,23.81109,2.26,8.18,10.04,6.54,1.407,351.3,11.5,3.57,7.03,8.34,5.404,1.4,336.3,11.83,3.77,8.68,9.636001,7.235119,1.379,310,14.44,7.4,9.5,2.1,-48.28266542,-0.842691483,27,10.16666667
25/10/2003,23.81383,2.82,9.06,10.34,7.75,3.618,6.082,20.74,4.47,7.87,8.68,6.736,3.6,345.1,18.42,4.57,9.61,10.036,8.679119,3.94,337.9,22.47,11,9.8,3.8,-30.81304572,-0.5377891,29,12.54166667
26/10/2003,23.81656,2.45,9.42,11.1,6.438,0.603,90.6,12.09,2.59,8.25,10.11,5.739,3,266.4,12.94,2.14,9.53,11.246,5.935119,1.97,331.6,12.61,0.4,10.5,2,-108.6833356,-1.896882049,18,7.75
27/10/2003,23.81930,4.09,10.93,12.25,9.41,1.608,78.9,14.34,4.22,9.78,11.04,8.34,3,257.4,17.54,3.87,11.24,12.436,10.04912,2.364,330.6,17.61,0.4,12.3,9.6,-121.225007,-2.115775508,25,12.25
28/10/2003,23.82204,3.24,9.28,9.94,8.12,1.206,75.1,15.78,3.24,8.05,8.84,6.702,2.2,272.7,14.6,3.38,9.16,9.936429,8.172405,1.379,342.8,15.16,8,11.4,5.7,-113.7767901,-1.985779599,26,9.166666667
29/10/2003,23.82478,1.81,7.96,9.35,6.533,4.824,171.4,10.91,1.77,6.46,7.81,4.902,6.2,24.77,13.26,2.45,7.67,9.566429,5.030405,7.09,36.37,10.29,1.6,9.9,4.5,141.8736151,2.476161706,18,8.041666667
30/10/2003,23.82752,6.26,8.77,9.35,7.32,0.804,86.2,17.9,4.83,7.25,7.91,6.04,0.4,144.1,24.57,5.44,8.81,9.466429,8.202405,0.591,185.7,20.02,0.4,9.5,4.7,94.67719916,1.652428852,38,14.95833333
31/10/2003,23.83025,5.32,6.35,8.58,2.959,1.407,35.62,19.7,5.72,5.13,7.24,1.527,1,143.3,25.61,5.55,6.44,8.526429,3.387405,1.182,302.1,22.12,1.6,9.1,3.7,NA,NA,40,NA
01/11/2003,23.83299,4.1,5.73,10.67,3.096,2.814,82.3,16.59,4.14,4.36,9.31,1.862,6,137.3,16.4,5.32,6.01,10.83643,2.858405,7.49,162,17.93,6.2,6.4,0,58.74998683,1.025380706,27,11
02/11/2003,23.83573,3.78,9.16,10.61,7.92,3.417,188.7,15.68,2.6,7.87,9.28,6.769,4.2,156.4,13.2,2.67,9.26,10.90643,7.332405,4.137,213.4,11.2,35.4,10.9,3.7,-169.529154,-2.958841915,32,13.70833333
03/11/2003,23.83847,2.3,8.2,9.54,6.633,4.422,315.5,13.03,2.97,7.01,8.24,5.603,4.2,323,17.54,3.05,8.19,9.806429,6.125405,5.319,316.3,16.82,4,9.1,2.1,-90.37034906,-1.577260137,27,7.5
04/11/2003,23.84120,8.88,11.35,12.32,9.44,19.5,207.4,24.83,7.78,10.17,11.31,7.97,14,144.3,24.21,6.6,11.96,13.01107,9.910714,14.38,192.6,25.22,20.2,13.2,2.2,-168.4107125,-2.939321429,48,21.875
05/11/2003,23.84394,8.59,12.14,12.98,10.73,21.71,208.3,23.1,8.05,11.01,11.91,9.57,16,144.7,23.36,7.86,12.44,13.37107,10.84071,20.09,190.9,24.7,5,14.3,12.5,-168.7446155,-2.945149135,47,25.79166667
06/11/2003,23.84668,5.12,11.51,12.64,9.67,3.216,139,21.4,5.71,10.39,11.77,8.5,3.4,131.3,26.98,6.24,11.63,12.74107,9.710713,2.758,185.6,22.08,2,14.1,8.9,-179.6229283,-3.135011511,46,14.83333333
07/11/2003,23.84942,6.11,12.89,13.64,11.92,0,202.6,21.69,5.94,11.95,12.81,10.97,0,147.3,20.71,7.87,12.75,13.74107,11.70071,0,179.9,24.08,0,16.3,10.7,NA,NA,29,NA
08/11/2003,23.85216,4.64,11.03,12.32,10.27,0,106.3,14.34,5.56,9.72,11.24,8.9,0,133.8,14.18,7.17,11.05,12.24107,10.01071,0,175.2,13.72,0,12.3,8.2,127.850755,2.231416626,35,13.79166667
09/11/2003,23.85489,5.16,10.05,11.36,9.31,0.201,107.7,15.55,5.67,8.69,10.11,7.87,0.2,132.7,15.68,7.55,10.31,11.54107,9.380713,0.394,171.4,14.96,6,10.4,8.1,134.5524279,2.348382883,28,13.875
10/11/2003,23.85763,5.59,10.93,11.92,9.34,3.216,196.4,17.44,5.51,9.67,10.5,8.07,3.4,138.7,16.1,6.2,11.11,11.94107,9.240714,2.561,190.2,17.67,0.4,12.3,8.6,170.8729278,2.982295193,32,15.41666667
11/11/2003,23.86037,5.68,10.99,11.53,9.54,25.33,170.3,20.19,6.32,9.69,10.28,8.03,24.8,139.4,20.55,8.41,11.12,11.66038,9.236285,27.19,177.8,21.66,3.8,11.7,9.7,143.3210002,2.501423342,27,15.5
12/11/2003,23.86311,5.95,10.3,11.62,8.58,3.618,193.8,16.27,4.73,9.09,10.8,7.44,4.8,145.1,16.53,4.15,10.36,11.91038,8.426286,4.925,208.8,15.91,2.8,11.8,8,-174.4141599,-3.044101353,39,15.375
13/11/2003,23.86585,4.38,10.19,11.14,8.74,0.804,184.5,13.72,3.31,8.91,9.87,7.46,1.2,119.1,13.56,3.82,10.3,11.13038,8.756286,0.788,194.1,11.11,1.4,11.3,6.1,-160.5264322,-2.801714779,25,10.91666667
14/11/2003,23.86858,3.96,9.63,10.5,8.81,1.608,33.66,14.34,3.97,8.41,9.21,7.54,2.6,295.6,17.08,4.05,9.81,10.66038,8.666286,2.364,271.5,15.91,3.8,10.2,8.1,61.57594126,1.074702915,26,11.95833333
15/11/2003,23.87132,1.89,8.58,10.37,7.29,9.45,340.4,12.05,3.81,7.41,8.81,6.033,7.8,345.1,15.48,3.95,8.87,10.62038,7.157285,6.304,331.1,14.21,15.4,9.9,7,-44.59534606,-0.77833562,29,12.58333333
16/11/2003,23.87406,3.09,8.53,10.54,7.26,7.24,240.6,16.17,3.04,7.4,9.35,6.133,7,12.16,18.03,2.62,8.92,10.86038,6.956285,6.501,272.6,13.88,3.2,8.8,4,-91.20057139,-1.59175025,24,6.916666667
17/11/2003,23.87680,4.03,10.62,11.66,9.84,1.005,77.6,13.39,3.7,9.44,10.71,8.57,1.4,149.8,16.79,3.67,10.91,12.03038,9.766286,0.788,278.2,15.48,9.2,12,7,-136.6576852,-2.385126555,28,12.33333333
18/11/2003,23.87953,4.89,10.57,12.32,8.62,7.44,127.7,27.6,4.04,9.4,11.34,7.27,9,281.2,24.83,4.89,10.6,12.21433,8.864858,7.88,220.8,24.96,7.6,13.2,8,-123.0893488,-2.148314411,52,18.20833333
19/11/2003,23.88227,4.95,9.87,10.96,8.81,1.005,159.1,16.69,3.74,8.64,9.7,7.64,1.6,358.9,17.05,4.22,9.93,10.81433,9.064857,1.379,208.8,15.61,1.6,10.7,5.9,-135.4461146,-2.363980658,26,11.33333333
20/11/2003,23.88501,4.77,8.82,10.34,7.19,5.025,105.3,16.63,3.67,7.47,9.18,5.798,6.4,234.2,23.68,4.07,8.9,10.38433,7.458857,6.304,278.7,16.95,5.6,9.7,5.8,-144.1848163,-2.516499775,33,11.79166667
21/11/2003,23.88775,4.08,7.95,8.75,6.559,2.613,172.5,14.99,3.02,6.53,7.14,5.196,3.4,268.8,16.46,3.38,8.23,8.774334,6.956857,3.349,199.5,13.92,2.8,7.9,3.7,-150.4486582,-2.625824442,27,10
22/11/2003,23.89049,2.52,7.34,8.75,5.965,5.025,83.7,14.18,1.92,5.84,7.2,4.567,6.4,135.8,14.28,2.23,7.55,9.174334,5.686857,5.91,202.8,10.36,6.8,7.8,5.5,173.0391426,3.020102774,31,14.08333333
23/11/2003,23.89322,1.98,7.88,9.84,6.397,2.814,16.42,10.42,1.9,6.66,8.68,5.605,1.2,275.9,11.53,2.1,8.1,9.974334,5.856857,2.364,328.8,11.47,0.8,8.4,1.9,-55.19571275,-0.963346921,11,4.708333333
24/11/2003,23.89596,6.9,8.64,10.8,6.032,14.27,171.2,22.34,5.09,7.26,9.38,4.797,15.4,77.7,29.66,5.11,8.95,10.94433,6.554857,14.77,220.3,20.06,19.8,10.5,2.1,-142.3116661,-2.483807137,46,17.04166667
25/11/2003,23.89870,4.39,6.66,7.64,5.539,1.005,158.7,18,3.02,5.2,6.174,4.098,0.6,208.2,17.77,3.68,6.93,7.72731,5.370881,1.379,228.6,17.64,14.6,6.8,3.6,-142.0458715,-2.479168147,33,12.625
26/11/2003,23.90144,2.78,6.25,7.73,4.949,13.07,15.3,15.65,3.64,4.98,6.539,3.637,11.2,323.5,24.57,3.98,6.59,8.067309,4.601881,11.62,317.5,23.1,1,7,3.9,-158.4272101,-2.765076441,27,9.25
27/11/2003,23.90418,2.99,7.37,8.71,4.91,4.824,5.392,17.44,5.43,6.12,7.24,3.831,6.4,352.4,27.11,5.46,7.54,8.79731,5.096881,6.107,350.3,21.56,3,8.2,3.4,-98.0105739,-1.710607216,34,12.125
28/11/2003,23.90691,3.87,8.21,9.84,5.941,2.412,185.8,14.11,2.94,6.8,8.51,4.668,2.2,152.7,14.6,3.26,8.5,10.20731,5.870881,2.561,202.8,14.31,12.8,9.2,2.6,-158.3937163,-2.764491864,32,12.29166667
29/11/2003,23.90965,4.31,8.65,10.24,6.169,0.201,95.6,16.3,3.48,7.71,9.51,5.505,0.6,310.7,18.55,4.04,8.85,10.47731,6.168881,0.197,291.6,16.92,4.8,10.2,6.2,-129.9091088,-2.267341676,28,12.33333333
30/11/2003,23.91239,1.7,5.75,7.4,3.689,15.48,328.4,11.27,1.84,5.18,6.576,2.966,15.6,313.4,8.59,1.9,5.77,7.42731,3.734881,18.32,348.5,8.69,6.4,7.6,2.1,-149.2485436,-2.604878489,31,11.83333333
01/12/2003,23.91513,3.37,7.44,8.98,4.518,7.84,22.66,11.53,3.04,6.97,8.51,4.374,4.8,283.9,15.12,3.05,7.83,9.13731,5.037881,4.925,246.8,16.17,0.2,9.1,-0.2,17.42382477,0.30410311,20,7
02/12/2003,23.91786,3.33,8.64,9.51,8.05,0,92.7,11.37,2.4,7.97,8.78,7.21,0.2,143.6,11.11,2.58,9.31,10.18241,7.783166,0,220.5,11.92,0,9.1,1.7,126.3132112,2.204581424,14,5.958333333
03/12/2003,23.92060,2.21,9.26,10.11,8.32,0,47.68,11.43,2.67,8.7,9.75,7.71,0,312,12.15,3.08,9.9,11.25241,8.343166,0,334.5,16.92,0,8.1,3.1,-122.8487641,-2.144115415,19,6.5
04/12/2003,23.92334,3.14,10.14,10.67,9.71,1.608,122.6,13.3,4.09,9.73,10.64,9.15,2.4,246.6,16.46,3.46,10.58,11.49241,9.883166,1.576,279,14.9,0,11.1,5.8,-130.7991068,-2.282875073,27,12.45833333
05/12/2003,23.92608,1.85,9.7,10.87,8.58,3.216,322.4,11.07,3.21,9.62,11.81,8.28,1.6,3.459,12.81,3.46,10.16,12.32241,8.613166,0.788,354.5,11.66,0.6,11.2,9,-79.02466301,-1.37924056,21,10.54166667
06/12/2003,23.92882,3.03,8.51,9.28,7.62,1.005,69.4,11.43,2.01,7.91,8.71,6.803,1.4,106.3,14.18,1.9,8.57,9.412412,7.511166,0.591,198.3,11.56,0,9.4,4.6,127.5029153,2.225345679,23,8.5
07/12/2003,23.93155,5.43,7.68,9.15,6.891,0,197.8,12.71,4.27,7.02,8.48,6.2,0,149.9,14.28,3.5,7.92,9.282412,7.109166,0,221.1,9.02,0,8.2,6.4,-145.8354954,-2.545309561,19,10
08/12/2003,23.93429,4.12,7.1,7.72,6.566,0,173.2,11.4,3.88,6.4,7.1,5.804,0,151.3,12.09,4.63,7.54,8.242412,7.008166,0,190.5,13.07,0,7.1,-0.5,-168.7135556,-2.944607038,20,7.583333333
09/12/2003,23.93703,5.71,8.87,10.37,5.837,6.432,174.7,19.7,4.65,8.26,9.78,5.304,6.8,146.3,24.21,4.55,9.51,11.1384,6.902812,6.304,200.7,16.59,11.2,10.6,-0.8,-147.9423162,-2.58208052,37,15.66666667
10/12/2003,23.93977,2.99,7.76,10.37,5.679,4.221,305,16.37,3.24,7.28,9.81,5.136,6.2,355.1,17.64,3.88,8.33,11.1384,5.737811,6.107,343,20.32,8.2,9.9,1.3,NA,NA,30,NA
11/12/2003,23.94251,1.82,6.01,7.14,4.679,0.603,331.1,11.79,2.92,5.53,6.477,4.299,0.4,329.6,12.41,3.02,6.81,8.158404,5.142811,0.394,335.8,15.09,2.2,5.9,0.1,-58.08978378,-1.013857989,23,7.666666667
12/12/2003,23.94524,5.18,8.7,10.97,5.746,7.84,94.7,21.33,5.08,7.96,10.62,4.173,11.4,156.8,21.98,6.38,9.62,11.9384,5.913811,11.82,165.1,25.51,7.4,10.6,2.2,NA,NA,35,NA
13/12/2003,23.94798,5.13,8.24,10.47,4.942,7.24,30.39,16.56,6.19,7.72,9.94,4.634,10.4,340.6,26.46,6.14,9.03,11.4684,6.232811,9.26,349.7,29.82,10.2,10.1,5,-98.07490245,-1.711729961,38,17.83333333
14/12/2003,23.95072,2.68,6.09,8.16,4.22,4.824,326.7,20.09,4.87,5.66,7.71,3.764,4,336.3,21.98,4.96,7.09,9.228404,5.367811,3.94,302.6,22.08,3.2,6.3,1.2,-30.2032468,-0.527146101,32,12.25
15/12/2003,23.95346,3.68,6.79,8.58,4.784,0,219.3,14.21,3.53,6.3,8.01,4.504,0,87.9,17.54,2.82,7.61,9.728404,4.903811,0,265.5,11.2,0,6.6,1.5,-97.78063233,-1.706593979,22,7.583333333
16/12/2003,23.95619,7.61,9.93,10.9,8.38,5.829,184.4,17.35,6,9.47,10.48,7.84,6.6,106.4,22.57,4.98,10.55,11.65833,8.559543,4.531,205.6,16.4,2.6,10.9,6.5,-150.0383195,-2.61866268,32,18.70833333
17/12/2003,23.95893,8,10.51,10.93,10.17,2.412,181.5,16.99,4.97,9.98,10.44,9.61,3.6,68.84,19.99,4.84,10.66,11.48833,9.459542,2.167,207.8,14.37,1.2,11,9.8,-150.8322115,-2.632518708,33,19.875
18/12/2003,23.96167,4.94,8.9,10.93,6.931,4.623,77.8,16.59,4.21,8.39,10.34,6.401,9.2,3.196,17.57,4.62,8.91,11.18833,6.380543,7.88,259.4,18.85,6.8,10.6,5.9,-122.8779164,-2.144624218,35,17.41666667
19/12/2003,23.96441,1.93,6.26,7.2,5.049,0.402,338.3,10.45,3.14,5.7,6.576,4.436,0.6,350.5,16.66,3.05,6.44,7.704334,4.116543,0.985,349,17.18,0.6,6.9,2.1,-94.88880041,-1.65612199,24,8.791666667
20/12/2003,23.96715,3.54,5.66,7.1,3.49,14.07,28.08,16.92,2.9,5.08,6.543,2.699,16.4,155.6,18.16,2.97,6.09,7.942334,2.845543,14.97,264.7,19.7,3.6,5.9,0.6,21.80847072,0.380629619,42,9
21/12/2003,23.96988,4.58,2.85,6.708,0.511,2.613,22.68,26.62,5.33,2.25,6.243,0.06,2.8,201.1,25.25,6.11,3.49,7.310334,0.6015429,3.349,71.3,31.33,0.6,6.5,-0.7,NA,NA,NA,NA
22/12/2003,23.97262,3.32,6.49,9.78,2.601,5.829,25.73,16.4,3.87,5.98,9.38,2.136,10.4,320.2,19.11,4.02,7.06,10.54833,2.577543,9.46,346.1,18.72,6,2.7,-1.2,NA,NA,NA,NA
23/12/2003,23.97536,3.95,10.19,10.93,9.21,6.633,51.11,18.16,4.2,9.79,10.44,8.81,11.8,311,22.93,5.04,10.46,11.17569,9.419081,11.62,348.4,25.71,7.2,10.5,0,NA,NA,NA,NA
24/12/2003,23.97810,4.62,9,10.83,8.08,2.01,65.67,19.37,3.8,8.43,10.48,7.47,5.2,254,21.43,4.18,9.03,11.07569,7.94908,3.546,319.3,21.59,NA,11.2,5.3,-122.9537465,-2.145947704,34,14.04166667
25/12/2003,23.98084,4.83,7.81,8.98,6.095,2.01,86.5,16.27,3.46,7.15,8.31,5.665,2.6,309.9,17.77,4.73,8,9.235693,6.20508,2.364,241.4,21.76,NA,7.6,3.5,-123.6990001,-2.158954834,33,12.16666667
26/12/2003,23.98357,1.73,4.83,7.2,2.634,12.46,335.3,12.35,2.24,4.41,6.442,1.897,8.4,321.8,15.06,2.3,5.18,7.699693,2.66908,9.26,342.5,13.65,NA,8,1.1,-61.50436938,-1.07345375,31,11.375
27/12/2003,23.98631,3.14,4.36,5.779,2.335,4.422,334.4,19.34,5.19,3.98,5.311,1.929,5.4,326.4,25.28,5.35,5.01,6.668693,2.83708,3.743,288.6,28.52,NA,5.4,0.9,NA,NA,NA,NA
28/12/2003,23.98905,3.29,3.58,5.249,1.639,1.005,352.9,22.64,4.95,3.1,4.474,1.467,0.4,306.9,21.66,5.44,4.24,5.705693,2.10008,1.182,308.9,29.6,NA,4.1,-1.4,-29.53480832,-0.515479649,53,17
29/12/2003,23.99179,2.97,3.44,4.293,1.407,1.005,37.7,14.9,2.71,2.72,3.804,0.764,1.2,222.1,14.28,2.71,3.94,5.168693,0.7270803,2.364,255.9,12.97,NA,2.7,-3,-13.81640698,-0.241141793,28,10.125
30/12/2003,23.99452,4.21,4.64,5.779,3.728,0,94.1,14.54,4.2,3.6,5.01,2.438,1.2,123.4,11.92,5.7,5.08,6.421988,3.727952,0,164.4,15.06,0,2.8,-3.2,131.8386166,2.301017942,21,8.416666667
31/12/2003,23.99726,8.45,7.27,8.95,5.679,39.2,184.7,28.16,7.84,6.63,8.54,4.876,26.2,164.3,28.22,8.62,7.73,9.427988,6.130952,28.96,185.9,31.62,16.6,6.9,1.7,-172.4983534,-3.010664221,56,24.5
01/01/2004,24.00000,3.41,6.46,8.92,4.419,4.221,0.34,22.15,6.52,6.01,8.48,4.072,6.4,325.6,25.38,7.11,7.68,9.987865,6.122638,4.925,303.4,30.9,183.8,8,3,-126.0934443,-2.200745769,32,12.71428571
02/01/2004,24.00274,3.76,6.05,9.74,3.689,11.06,157.5,16.69,3.09,5.31,9.48,3.068,10.4,146.1,14.14,4.44,7.15,10.92787,4.421638,9.85,174.1,18.98,7.6,6.5,0,NA,NA,31,NA
03/01/2004,24.00548,2.17,8.58,9.58,7.12,0.603,325.4,11.89,4.14,8.14,8.98,6.836,1,353.3,18.2,4.39,9.6,10.42787,8.392638,0.985,346.1,16.99,5.2,8.5,4.2,-76.59024177,-1.336751894,32,12.29166667
04/01/2004,24.00821,3.3,8.48,10.11,6.891,10.65,230.8,12.84,3.14,8.01,9.81,6.435,11.2,15.26,17.71,2.77,9.25,11.02787,7.287638,10.83,294,10.71,4.4,8.5,0.8,-133.0197367,-2.321632375,27,8.583333333
05/01/2004,24.01095,6.04,8.63,10.5,6.866,14.47,149.8,19.73,4.43,8.07,10.08,6.368,16,121,23.59,3.49,9.2,11.02787,7.588638,14.97,215.6,18.69,15.8,10.4,6.4,-160.1792306,-2.795654968,42,16.70833333
06/01/2004,24.01369,2.83,7.45,8.85,5.273,1.407,264.3,16.1,3.42,6.85,8.38,5.133,1.2,49.24,17.38,3.53,8.01,9.687865,5.719638,1.576,328.3,14.93,15.8,8,3.4,-118.3066347,-2.064840302,30,10
07/01/2004,24.01643,7.5,9.54,10.87,7.69,8.44,187,24.08,6.69,8.89,10.18,6.903,8,155.3,18.75,8.81,10.34,11.52293,8.520701,9.06,182.1,24.79,12.4,10.6,2.6,167.5552029,2.92438997,43,20
08/01/2004,24.01916,4.16,8.59,9.74,7.65,1.206,193.6,16.82,3.37,8.04,9.24,7.1,1,184.1,14.5,3.14,9.3,10.52293,7.813702,1.379,209.4,14.18,21.6,9.4,5.9,-176.8693786,-3.086953003,32,12.375
09/01/2004,24.02190,4.03,7.89,8.85,5.572,4.623,91.4,17.77,3.16,7.31,8.24,4.935,4.4,255.5,17.31,3.57,8.65,9.552931,6.507701,4.728,272.2,16.92,5.6,8.2,4.7,-137.2409026,-2.395305618,28,10.91666667
10/01/2004,24.02464,6.13,7.06,9.18,3.855,17.89,130.4,32.11,4.68,6.47,8.71,3.536,19,193.6,35.08,5.81,7.95,10.15293,4.578701,19.31,239.9,32.27,28,8.5,3.8,-149.1702731,-2.603512411,56,20.125
11/01/2004,24.02738,4.02,5.84,7.69,3.787,8.84,65.55,19.6,4.21,5.26,7.07,3.165,9.8,314.4,23.32,4.56,6.74,8.642931,4.538702,11.23,322.8,21.82,20.2,7.1,2.5,-119.6303345,-2.087943222,37,14.20833333
12/01/2004,24.03012,4.49,6.52,7.47,4.814,5.226,76.8,18.88,3.59,5.88,6.911,4.299,8.8,285.2,18.33,4.2,7.41,8.512931,5.537702,8.67,292.1,20.94,11.2,5.5,2.5,-132.1659242,-2.306730537,33,11.33333333
13/01/2004,24.03285,2.83,6.38,7.4,4.817,3.015,31.13,12.94,3.48,5.92,6.879,4.17,5.6,328,17.87,3.45,7.37,8.482931,5.376701,5.319,338.8,16.14,2,6.1,2.3,-125.4975973,-2.190346277,27,9.791666667
14/01/2004,24.03559,3.17,5.72,6.973,2.727,8.04,31.45,18.16,3.71,5.15,6.509,2.197,9.2,356.4,23.1,3.96,6.75,7.988355,3.723707,11.43,331.5,20.81,6.4,4.9,0.7,-119.6322162,-2.087976064,NA,9.416666667
15/01/2004,24.03833,1.28,5.91,6.84,4.385,1.005,7.81,6.076,1.51,5.36,6.381,4.138,0.8,314.7,8.3,1.35,6.26,7.629354,4.560707,0.985,5.316,6.599,6.2,4.8,0.2,NA,NA,16,4.208333333
16/01/2004,24.04107,2.12,5.55,6.84,4.087,1.608,14.47,8.89,1.56,5.14,6.45,3.937,1.4,278.2,8.1,1.78,6.77,8.518354,4.856707,1.576,321.3,8.1,4.4,5.2,-0.9,NA,NA,NA,NA
17/01/2004,24.04381,2.69,6.79,8.78,5.148,0.804,83.2,12.58,2.05,6.17,8.14,4.601,0.4,276.9,12.48,1.96,7.66,9.928354,5.558707,0.591,268.2,14.9,6.6,6.1,0.6,-58.81817548,-1.026570822,25,5.916666667
18/01/2004,24.04654,4.21,8.76,9.91,7.12,18.29,64.56,16.46,4.2,8.34,9.81,6.602,35.8,312.9,18.2,4.36,9.85,11.02835,7.995707,33.49,358.2,17.28,10,9.5,1.9,NA,NA,28,NA
19/01/2004,24.04928,3.39,10.28,10.57,9.81,30.55,40.19,15.35,6.68,10.07,10.34,9.68,37.8,336.8,27.6,6.01,11.24,11.46835,10.80471,32.9,346.8,22.28,28.6,10.5,9.4,-79.17309081,-1.381831114,33,17.5
20/01/2004,24.05202,2.52,9.56,10.6,8.05,10.45,35.48,10.29,4.19,9.25,10.38,7.84,10.2,355,18.59,3.81,10.23,11.26835,8.664707,8.86,334.4,14.34,13.2,10,8.1,-96.3870128,-1.68227073,22,8.041666667
21/01/2004,24.05476,6.07,9.57,9.88,9.05,7.24,192.2,16.04,4.72,9.07,9.41,8.51,6.8,119.6,17.8,3.57,10.18,10.82075,9.138228,6.501,199.5,13.3,3.6,9.5,6.6,-151.7449112,-2.648448324,31,12.58333333
22/01/2004,24.05749,4.05,8.91,10.01,7.65,2.412,143.4,16.07,3.61,8.39,9.61,6.836,4.6,220.7,18.26,3.61,9.15,10.38075,7.727228,3.152,242.5,14.63,8.8,9.4,8,-148.1653634,-2.585973428,31,14.875
23/01/2004,24.06023,6.37,8.45,9.54,5.771,6.834,130,18.29,4.8,7.88,9.08,5.17,7.2,131.1,21.04,4.57,8.73,9.780751,5.886228,7.49,254.6,21.1,8.2,10.5,4.5,NA,NA,34,NA
24/01/2004,24.06297,4.47,6.5,7.76,4.613,7.04,43.72,18.95,4.34,5.94,7.25,4.098,5.8,334.2,21.63,5.08,7.04,8.441751,4.915228,6.107,326.1,21.27,8.6,6.8,3.1,-118.3658323,-2.065873496,37,12.29166667
25/01/2004,24.06571,2.88,5.18,7.07,2.86,6.834,12.79,15.06,2.88,4.6,6.61,2.532,10,312.7,14.7,2.89,5.76,7.839752,3.556228,8.47,340.2,15.39,5.6,5.4,2.5,-62.16341009,-1.08495618,22,9.625
26/01/2004,24.06845,4.08,3.51,5.083,2.236,2.412,31.05,17.93,4.64,2.94,4.139,1.795,4,262.8,19.11,4.42,4.35,5.877752,2.953228,2.167,280.5,17.48,10.8,5.3,0.9,15.38466291,0.268513022,37,17.70833333
27/01/2004,24.07118,3.72,3.98,5.812,2.435,2.01,17.66,23.19,4.59,3.47,5.176,2.03,2.2,328.1,23.78,5.09,5.01,6.712752,3.221228,2.167,5.264,27.54,5.6,4.3,-1,-43.09154827,-0.752089397,39,13.875
28/01/2004,24.07392,3.68,3.38,6.538,0.113,3.417,10.15,23.29,5.53,2.9,6.174,-0.409,3.2,348.1,26.82,5.77,3.91,7.128477,0.5564558,2.955,321.1,25.58,3.2,4.1,-1.8,-19.09248363,-0.333226702,48,21.91666667
29/01/2004,24.07666,2.69,5.67,7.46,3.026,3.417,3.207,14.86,4.34,5.15,6.677,2.364,4.2,30.02,20.29,4.13,6.16,8.032477,3.202456,5.122,344.6,20.74,10.8,5.4,0.6,-74.18006377,-1.294686352,37,10.125
30/01/2004,24.07940,2.48,3.69,6.376,1.042,3.819,9.53,11.07,2.68,3.22,5.907,0.494,3.2,343.1,14.73,2.92,4.38,7.035477,1.528456,3.94,337.2,12.18,3.6,3.1,-2,-64.83180898,-1.131528527,20,4.958333333
31/01/2004,24.08214,5.91,3.76,4.485,2.004,0,55.04,15.75,3.85,3.12,3.838,1.596,0,202.1,17.31,4.23,4.5,5.334477,2.700456,0,222.1,16.24,0.4,3.9,-3.1,NA,NA,21,10.41666667
01/02/2004,24.08487,6.12,6.78,9.11,2.83,5.829,126.1,18.75,4.57,6.09,8.61,1.896,9.4,103.7,21.72,5.16,7.5,10.07748,3.169456,8.67,185.7,16.4,23.8,8.5,-2.1,161.2705241,2.814701633,37,12.54166667
02/02/2004,24.08761,6.39,9.21,10.99,7.39,10.85,164.9,20.94,5.08,8.74,10.64,6.803,10.8,108.2,27.67,4.4,9.84,11.71748,7.940456,10.05,205.1,17.97,34.4,10.6,5.9,-148.9657771,-2.599943282,43,15.625
03/02/2004,24.09035,9.62,10.05,11.49,8.38,6.633,180.1,27.34,7.98,9.65,11.17,7.87,20,125.5,33.68,7.43,10.56,12.01748,8.440455,6.698,199.1,34.89,12.8,11.8,8.5,-148.3509894,-2.589213214,59,28.58333333
04/02/2004,24.09309,4.04,8.88,10.21,6.957,13.27,114.4,23.36,3.26,8.37,9.82,6.301,14.8,144.8,23.39,4.32,9.74,11.10105,7.696269,16.35,193.4,36,15.6,10.3,6.8,-147.9990665,-2.583071,53,16.125
05/02/2004,24.09582,5.47,9.29,10.24,6.427,5.025,171.3,16.76,4.34,8.82,9.83,6.334,8.4,358.1,22.12,5.29,9.93,10.84105,7.461269,6.304,185.6,18.33,18.6,10.6,6.5,-135.4250444,-2.363612914,36,16.08333333
06/02/2004,24.09856,4.42,8.04,9.51,5.771,6.03,208.5,20.68,5.17,7.44,8.71,4.936,9.2,0.09,23.72,5.95,8.59,10.27105,6.055269,7.49,326.3,24.63,11.4,8.9,6.2,-113.01327,-1.97245366,44,17.70833333
07/02/2004,24.10130,4.91,3.75,6.442,-0.013,9.25,342.9,31.1,8.81,3.23,6.082,-0.57,52.6,7.73,39.69,8.47,4.6,7.36505,0.8452688,9.06,336.2,34.66,4.2,7,0.5,-68.69710371,-1.198990646,54,22.42105263
08/02/2004,24.10404,2.92,2.94,5.016,1.44,0.804,343.5,19.04,4.71,2.5,4.508,1.063,9,319.4,30.12,4.63,3.99,5.82205,2.587269,0.788,279.7,23.55,10.6,4,-1,NA,NA,NA,NA
09/02/2004,24.10678,5.99,6.66,9.84,3.364,8.24,198.3,17.93,4.3,6.14,9.48,2.806,8.4,139.9,20.74,3.79,7.54,10.74105,3.524269,7.68,212.6,19.4,3.6,6.5,0,NA,NA,NA,NA
10/02/2004,24.10951,4.02,9.73,10.17,9.25,8.04,72.1,17.61,4.73,9.47,10.28,8.84,15.8,296.2,20.48,4.83,10.49,10.90105,9.843268,14.38,356.1,22.67,33.6,10.3,5.5,-98.42040366,-1.717760095,35,18.25
11/02/2004,24.11225,3.24,9.22,10.21,7.85,0,173,9.41,2.5,8.82,10.38,7.27,0,245.9,13.52,2.73,10.2,11.72024,8.919923,0,220.2,10.26,0,10.5,5.4,-121.630941,-2.122860392,20,6.791666667
12/02/2004,24.11499,5.57,8.58,9.15,7.89,1.206,208.2,14.63,4.16,8.02,8.68,7.27,0.8,152,16.33,3.7,9.36,10.01024,8.989923,0.788,224,10.85,NA,9.6,2.6,NA,NA,NA,NA
13/02/2004,24.11773,2.55,8.7,10.33,7.55,1.005,105.6,12.64,2.42,8.19,9.6,7.14,1.2,319.3,13.59,2.26,9.05,11.20024,6.814923,0.985,339.2,12.64,0.8,10.1,3.7,-118.5913069,-2.069808769,23,9.166666667
14/02/2004,24.12047,2.28,7.95,9.57,6.627,0,195.3,7.12,1.92,7.16,8.61,6.033,0,174.7,5.978,2.56,7.9,9.20024,6.352923,0,174.9,8.26,0.4,8,-0.1,-112.9934662,-1.972108019,10,2.625
15/02/2004,24.12320,3.31,7.86,9.44,7.1,0,196.8,10.36,2.67,7.22,8.61,6.404,0,161.4,10.13,2.76,8.45,9.20024,7.481923,0,199.6,8.49,0,8.1,-0.7,-119.234804,-2.081039912,14,3.958333333
16/02/2004,24.12594,2.38,7.99,9.48,6.864,3.015,301.6,15.81,2.91,7.51,8.64,6.568,3.8,306.6,13.69,2.61,8.77,9.87024,8.084923,4.334,221.4,13.46,3.2,8.1,2.6,-102.465397,-1.788358547,23,7.541666667
17/02/2004,24.12868,1.43,7.83,10.66,5.904,0,236.1,4.443,1.57,7.11,9.54,5.505,0,242,5.88,1.31,7.44,10.17024,5.185923,0,345.1,4.965,0,9.6,2.3,-65.86456577,-1.149553533,11,5.041666667
18/02/2004,24.13142,4.34,7.43,8.81,6.401,0,201.2,12.05,3.16,6.81,7.97,5.605,0,141.6,15.09,3.02,7.29,8.801218,5.63478,0,223.2,9.8,0,8.5,0.5,-124.6572306,-2.175679111,18,5.5
19/02/2004,24.13415,4.72,8.04,8.91,7.32,0,193.9,10.62,2.99,7.49,8.34,6.736,0,103.5,13.62,2.89,8.12,9.131218,7.32778,0,214.1,9.73,0.4,8.6,-0.4,-137.1332144,-2.393426105,18,5.666666667
20/02/2004,24.13689,3.6,7.44,8.81,6.699,1.206,188.9,11.14,2.84,6.81,8.07,5.966,2,149.9,12.9,2.24,7.55,9.031219,6.62378,1.773,224.6,12.94,0,8.7,1.3,-142.6892312,-2.490396892,17,7.375
21/02/2004,24.13963,3.11,6.64,8.09,4.981,1.005,23.21,11.17,3.39,6.08,7.3,4.701,0.8,282.2,19.5,3.73,6.92,8.391218,5.41878,0.788,267.1,15.84,2.4,8.4,0.2,NA,NA,NA,NA
22/02/2004,24.14237,4.71,3.31,6.309,0.843,0.201,32.73,18.33,4.16,2.77,5.607,0.328,0.2,102.4,18.39,4.52,3.82,7.092218,1.17978,0,335.2,21.14,0.2,5.4,1,NA,NA,NA,NA
23/02/2004,24.14511,3,6.6,8.75,3.79,5.226,4.931,12.64,4.71,6.03,8.31,3.269,4.8,358.6,20.22,4.32,7.08,9.531219,4.16078,5.319,341,18.85,7.6,8,0.2,NA,NA,NA,NA
24/02/2004,24.14784,3.3,3.52,6.898,0.34,0.402,20.69,18.98,4.3,2.99,6.535,-0.348,0.4,240.9,20.84,4.46,4.18,7.991219,0.5097803,0.394,69.17,18.59,1.8,7.9,-0.9,NA,NA,NA,NA
25/02/2004,24.15058,3.66,1.69,3.364,-0.478,2.814,21.02,21.46,4.76,1.12,2.601,-0.972,1.4,244.6,26.3,5.03,2.43,3.578741,0.1296211,2.561,193.4,19.99,2.4,2.7,-1.5,NA,NA,40,NA
26/02/2004,24.15332,6.36,1.11,2.8,-1.075,1.809,34.64,24.14,5.49,0.49,2.043,-1.508,2,118.5,22.25,6.8,1.96,3.310741,-0.2383789,2.561,358.7,26.2,7.2,2.2,-1.3,1.67256945,0.029191844,41,20.95833333
27/02/2004,24.15606,5.13,1.81,3.424,-1.042,3.216,35.75,23.03,4.34,1.23,2.833,-1.508,3.4,133.7,23.16,5.43,2.61,3.812741,-0.4433789,3.743,23.4,27.08,6,1.8,-1,-2.29E-14,-4.00E-16,40,20.45833333
28/02/2004,24.15880,1.97,3.08,4.916,0.845,4.422,13.77,13.75,1.96,2.5,5.144,0.53,5.2,243,13.26,2.02,3.64,6.085742,1.563621,2.758,322.3,17.12,1.2,3.4,-3.2,-32.26020039,-0.563046714,28,9.041666667
29/02/2004,24.16153,2.85,6.81,8.15,3.622,0.201,104.9,9.77,2.14,6.23,7.51,3.202,0,255.9,12.12,2.15,7.4,8.516741,3.405621,0,255.3,7.74,2.8,6.7,1.4,-137.1342708,-2.393444542,20,8.875
01/03/2004,24.16427,7.65,7.09,7.99,6.235,0,205.7,15.71,6.18,6.56,7.47,5.605,0.4,138.6,19.7,4.09,7.8,8.486741,6.974621,0,221.7,11.14,0,8.1,2.8,-142.921866,-2.494457134,24,11.375
02/03/2004,24.16701,9.27,6.97,7.79,6.269,6.03,208.6,21.27,7.66,6.39,7.37,5.671,4.2,165.7,19.24,6.24,7.68,8.286741,6.907621,4.334,194.5,21.95,0,6.7,3.5,-163.3422931,-2.850860823,41,21.41666667
03/03/2004,24.16975,6.03,8.77,10.5,6.792,7.04,201.1,17.12,4.47,8.2,9.77,6.434,4.8,143.6,16.4,4.03,9.17,10.17463,7.065458,6.107,203,21.04,1.2,8.8,5.7,-175,-3.054326191,34,18.16666667
04/03/2004,24.17248,4.84,8.46,10.1,6.427,2.613,173.3,13.36,3.71,7.98,9.67,5.932,2.2,134.6,14.28,3.03,8.77,9.734631,6.864458,2.758,219.3,13.16,6.6,9.3,6.3,-166.3078046,-2.902618763,27,13.54166667
05/03/2004,24.17522,1.98,7.53,9.74,6.397,0.804,36.24,7.51,2.14,7,8.88,6.04,0.6,318.9,11.5,2.18,7.75,9.464631,6.132458,0.788,345,8.89,1.4,9.6,1.8,-117.9682321,-2.058934063,19,7.791666667
06/03/2004,24.17796,2.17,7.51,9.31,6.041,2.01,353.5,10.65,3.25,6.9,8.27,5.706,1.2,338.7,13.23,3.35,7.7,8.674631,6.563457,1.379,324.4,15.26,4.4,9,1.9,-56.4569397,-0.985359483,29,11.04166667
07/03/2004,24.18070,2.02,7.04,8.81,6.235,0,59.61,10.88,1.59,6.29,8.11,5.01,0,166.6,9.9,2.19,7.34,8.734631,5.430458,0,166.7,11.76,0.8,9.2,2,22.60632509,0.394554805,24,7.708333333
08/03/2004,24.18344,5.79,7.51,8.65,6.825,0,204.2,15.19,4.89,6.96,8.21,5.479,0,166.9,12.25,4.91,7.94,8.004631,7.233458,0,190.2,16.63,0.4,8.9,0,-156.7216165,-2.735308216,18,8.25
09/03/2004,24.18617,4.67,6.77,7.99,6.003,0,180.6,13.85,4.88,6.19,7.57,5.269,0,146.8,12.22,6.1,7.22,7.834631,6.563457,0,180.3,13.62,0,8.3,1.8,-176.2097562,-3.07544042,21,8.833333333
10/03/2004,24.18891,4.93,5.53,6.437,4.484,0,127.9,13.82,6.14,4.86,5.773,3.964,0,132,14.37,8.25,6.06,7.340538,4.890711,0,175.3,15.19,0,6.7,0.4,176.1004188,3.073532122,26,10.20833333
11/03/2004,24.19165,8.53,4.59,5.414,3.525,0.201,99.1,17.54,9.34,4.01,4.876,3.068,0,125.8,20.91,10.31,5.3,6.612537,4.192711,0,164.6,19.99,0,6.9,2.9,136.6704369,2.385349115,40,22.70833333
12/03/2004,24.19439,6.67,4.43,6.044,2.734,0.201,102,16.2,7.7,3.73,5.375,1.962,1,125.3,16.59,9.13,5.13,7.112537,2.956712,1.182,166.3,16.79,0,7.7,3.8,136.6747074,2.385423648,42,21.25
13/03/2004,24.19713,4.5,6.81,8.75,5.108,8.24,162.7,15.12,5.23,6.16,7.97,4.634,7.2,133.9,16.53,6.4,7.16,8.847537,5.520711,8.86,186.1,17.35,0,8.1,5.3,166.2482196,2.901578807,27,13.08333333
14/03/2004,24.19986,7.48,7.47,9.28,5.266,11.06,150.3,28.81,6.89,6.89,8.74,4.56,23.8,121.6,33.65,8,7.87,9.717538,5.587711,13.2,190.9,33.68,4,9.4,5.4,-174.3146719,-3.042364959,57,22
15/03/2004,24.20260,5.84,9.24,10.9,7.62,7.24,149.8,18.85,5.25,8.79,10.47,6.97,7.2,190.7,25.09,5.94,9.53,11.48754,7.933712,6.895,184.4,24.73,18,NA,5.4,NA,NA,40,NA
16/03/2004,24.20534,7.56,9.46,10.63,6.36,12.46,185.7,19.67,6.04,9,10.28,5.966,12.8,105.5,28.06,5.39,9.5,10.95754,6.390711,11.82,197.8,21.85,16.4,10.9,7.8,-150.3493134,-2.624090548,44,21.16666667
17/03/2004,24.20808,5.22,8.55,9.83,7.06,1.608,110.1,18.75,4.21,8.07,9.47,6.435,2.6,239.7,24.04,5.24,9.01,10.43204,7.244129,1.97,212.3,23.78,9.8,10.8,5.7,-126.6791969,-2.21096908,40,19.5
18/03/2004,24.21081,6.24,7.68,8.98,5.034,6.633,170.2,20.65,5.13,7.1,8.48,4.459,5.8,184.9,18.13,4.81,8.04,9.322039,5.336129,6.107,198.6,20.84,6.6,8.8,4.1,-155.2178115,-2.709061869,40,16.625
19/03/2004,24.21355,3.69,5.39,6.605,3.291,3.216,72.3,14.63,3.35,4.74,6.241,2.897,6,313.9,18.13,3.81,5.81,7.349039,3.707129,4.728,313.2,16.1,5.8,7.9,2.4,-121.0431303,-2.112601161,32,12.25
20/03/2004,24.21629,3.07,5.53,6.793,4.12,10.45,57.4,12.28,3.28,4.88,6.27,3.502,8.8,40.83,12.9,3.82,5.92,7.282039,4.339129,10.24,309.1,13.49,6.2,7.9,1.6,-143.1123023,-2.497780875,23,11.08333333
21/03/2004,24.21903,2.05,6.21,8.55,3.762,4.221,0.892,12.48,3.59,5.56,7.54,3.369,4.2,348.8,16.3,3.81,6.52,8.922039,3.743129,4.531,346.6,18.06,4,8.8,1.3,-85.41657485,-1.490800467,24,8.791666667
22/03/2004,24.22177,3.18,5.84,7.85,3.592,4.824,352.7,15.84,5.44,5.23,6.87,2.699,5.8,339.6,23.39,5.82,6.23,7.822039,3.609129,5.516,337,22.28,9,8.1,2.3,-43.1021346,-0.752274163,28,10.83333333
23/03/2004,24.22450,4.36,5.91,7.69,4.749,0.603,35.08,18.49,3.58,5.36,6.736,4.232,0.2,112.9,14.24,4.24,6.47,7.752039,5.139129,0.394,4.854,18.26,4.4,7.2,2.9,-1.668293608,-0.029117216,32,15.08333333
24/03/2004,24.22724,2.4,7.17,8.75,4.949,1.809,358.8,13.26,3.82,6.66,8.34,4.473,1.2,321.4,19.24,3.61,8.13,9.954298,5.561393,0.985,315.5,19.93,4,7.8,0.4,-46.69555891,-0.814991249,21,9.416666667
25/03/2004,24.22998,2.11,8.23,9.54,6.495,0.603,41.73,12.05,2.46,7.65,8.74,5.865,0.4,29.06,13.92,2.69,9.03,10.2243,7.226393,0.591,357.5,13.16,0,8.6,4.7,15.87474203,0.277066516,24,11.41666667
26/03/2004,24.23272,2.95,8.47,9.05,7.69,1.206,31.03,10.91,4.02,7.97,8.64,7.2,1.8,316.4,20.19,4.06,9.27,10.0543,8.300393,0.985,343.5,14.08,1.6,9.8,6.5,-98.73016061,-1.723166374,21,10.33333333
27/03/2004,24.23546,3.23,8.7,10.13,7.39,2.01,155.4,14.34,3.51,8.15,9.24,6.903,3,70.3,18.72,2.95,9.26,10.9243,7.760393,2.758,262.4,12.67,1.2,11.5,6.1,-113.7805993,-1.985846083,23,10.29166667
28/03/2004,24.23819,3.22,8.32,10.53,6.559,1.809,56.27,15.55,3.53,7.65,8.91,6.1,2.2,290.2,22.64,3.27,8.84,10.5243,6.958393,2.561,329.5,19.01,10.6,11,4,-110.2310933,-1.923895517,29,13.08695652
29/03/2004,24.24093,4.28,9.15,11.05,7.59,0,173.5,14.93,3.61,8.62,10.6,7.17,0.2,134.6,13.79,3.71,9.7,11.2943,8.060393,0,199.8,15.61,0.4,11.2,4,-145.9436822,-2.547197777,25,11.83333333
30/03/2004,24.24367,3.82,9.12,10.59,8.18,0,162.4,12.77,4.03,8.46,10.34,7.57,0,137.3,15.42,4.63,9.51,10.4543,8.700393,0,176.5,14.21,0,12.5,5.2,153.6130632,2.681053727,17,8.416666667
31/03/2004,24.24641,3.44,9.53,10.69,8.12,0,86.3,9.57,4.28,8.98,10.7,7.2,0,111,9.87,4.11,10.03,11.35821,8.306137,0,158.9,10.68,0,13.7,3.5,117.3179257,2.047584076,25,10.75
01/04/2004,24.24914,2.47,9.75,11.19,8.65,0,67.89,8.23,3.27,9.35,11.91,7.74,0.2,96.2,8.3,2.74,10.36,12.49821,8.906137,0.197,154.8,8.49,0.4,12.8,6,126.661731,2.210664242,27,14.45833333
02/04/2004,24.25188,4.09,9.37,10.27,8.62,0.804,116.8,15.39,5.13,8.72,10.01,7.97,1,123.9,13.95,6.15,9.76,10.53821,8.806137,1.379,170.2,16.99,3.2,11,7.9,136.8542257,2.388556835,25,11.66666667
03/04/2004,24.25462,5.08,8.19,10.01,6.401,6.432,183.3,16.89,4.45,7.61,9.21,5.932,6.2,163.9,16.46,4.99,8.65,9.998214,6.663137,7.68,199.3,16.3,6.2,9.8,5.8,-172.1698052,-3.004929973,30,15.5
04/04/2004,24.25736,3.63,7.58,9.68,5.97,3.819,79.3,15.16,3.29,6.94,8.87,5.337,3.6,314.4,19.6,3.65,8.09,10.53821,6.328137,5.319,306.2,18.2,2.8,10.3,2.6,-132.7783737,-2.317419796,27,10.95833333
05/04/2004,24.26010,2.87,6.5,8.75,4.054,10.25,359.2,16.66,5.51,5.79,7.61,3.321,10,356.7,25.48,5.78,6.96,8.868215,4.293138,10.05,349.8,23.98,11,8.7,3,-73.07512055,-1.275401455,32,12.25
06/04/2004,24.26283,3.46,6.76,9.21,4.087,0.603,7.9,17.41,4.83,6.17,8.54,3.162,0.6,325.7,19.37,5.38,7.33,9.168214,4.293138,0.788,315.2,22.15,17,8.9,3,-17.68914882,-0.308733889,37,17.5
07/04/2004,24.26557,2.89,6.65,8.35,5.48,0.402,26.95,15.22,2.92,6.05,7.7,4.869,0.2,74.8,15.19,2.98,7.27,8.335892,5.935217,0.591,347.4,18.29,3.4,7.5,3,-10.11443821,-0.176530249,28,12.125
08/04/2004,24.26831,2.03,8.92,10.11,7.19,2.211,28.92,9.96,3.85,8.39,9.67,6.602,2.8,354.5,15.16,3.9,9.67,11.24589,7.641218,1.97,349.1,12.84,0.4,10.7,2.2,-92.99924788,-1.623143077,20,9.625
09/04/2004,24.27105,2.32,9.24,11.45,7.26,2.01,22.84,13.23,4.01,8.47,9.77,6.87,2.4,349,13.26,4.82,9.56,11.12589,7.473217,2.364,339.7,17.12,0.8,11.3,6.9,NA,NA,22,NA
10/04/2004,24.27379,1.46,8.27,9.74,6.202,0.603,44.13,8.62,1.94,7.68,9.14,5.538,0.6,302.7,10.06,1.98,8.55,9.775891,5.899218,0.591,327.4,9.6,0,9.9,5.2,NA,NA,NA,NA
11/04/2004,24.27652,1.44,9.14,11.05,8.02,1.809,67.75,6.37,1.79,8.59,10.7,7.71,1.8,320.5,9.8,2.03,9.45,11.33589,8.076218,1.773,341.1,8.89,1.2,11.9,6.2,-92.17362711,-1.608733277,17,6.583333333
12/04/2004,24.27926,2.92,9.1,9.97,7.42,0.804,87.3,13.1,2.73,8.57,9.41,7.1,1.6,262.4,20.29,2.96,9.34,9.835892,7.607217,1.182,322.4,18.78,5,11.3,6.3,-121.4609925,-2.119894231,24,9.708333333
13/04/2004,24.28200,3.62,9.16,9.98,7.65,7.84,121.7,12.67,3.2,8.64,9.68,7.2,12.4,266.5,16.86,3.92,9.33,9.875892,7.776217,10.83,184,16.33,14.6,11,7.4,-134.0100857,-2.338917226,27,13.20833333
14/04/2004,24.28474,5.84,8.6,10.17,7.02,9.25,179.3,20.35,4.42,8.03,9.54,6.535,8.4,150,23.42,4.73,8.74,10.18239,7.439895,8.86,191.8,24.21,19.2,11,7.1,-166.0999941,-2.898991784,37,13.08333333
15/04/2004,24.28747,4.92,7.48,9.11,5.672,1.608,179.8,14.24,3.37,6.82,8.5,4.969,1.8,52.39,17.35,4,7.66,8.98239,5.999895,1.97,203,15.26,0.4,10.6,6.2,-155,-2.705260341,29,14.125
16/04/2004,24.29021,4.22,7.38,9.15,6.161,1.608,157.1,16.5,3.28,6.66,8.18,5.564,2,228.8,17.31,3.52,7.54,8.68239,6.334895,1.97,194.6,15.16,1.2,11.6,4.8,-145.8535603,-2.545624854,27,13.58333333
17/04/2004,24.29295,7.21,6.95,9.31,5.505,20.9,169.7,23.19,6.06,6.33,8.54,4.868,13.6,162.3,23.72,5.37,7.4,9.48239,6.066895,15.17,218,28.45,19.2,7.8,4.1,-165.5803326,-2.88992198,46,20.625
18/04/2004,24.29569,2.32,6.54,8.71,4.452,6.633,16.58,14.18,3.06,5.95,8.17,4.072,5.6,323,15.94,3.25,6.82,8.742391,4.507895,4.334,345.9,19.83,2,8.1,1.2,25.70820418,0.448692808,22,7.5
19/04/2004,24.29843,3.53,7.35,8.65,5.945,9.65,172.8,13.3,3.23,6.79,8.14,5.439,10.2,23.41,15.06,3.19,7.78,9.18239,6.409895,11.62,269.3,13.43,15.2,10.1,4.3,133.2448706,2.325561703,33,14.5
20/04/2004,24.30116,5.72,8.81,10.2,7.55,2.211,154.3,15.16,5.27,8.3,10.11,7,3,125.1,20.16,5.53,9.1,10.08239,8.006895,3.546,183.8,17.8,1.2,12,7.1,164.3612929,2.868645724,30,14.375
21/04/2004,24.30390,7.85,9,9.97,7.42,5.226,128.1,21.76,7.74,8.41,9.64,6.836,9.8,120.1,23.36,7.09,10.13,10.98669,8.400838,12.21,175.7,22.21,10.4,12.7,7.6,141.8002172,2.47488067,32,NA
22/04/2004,24.30664,4.74,9.29,10.5,8.32,1.206,158.3,15.61,3.9,8.76,9.74,7.71,1.6,229.3,15.84,4.24,10.38,11.28669,9.099838,1.576,180.4,18.13,5.2,12.7,7.3,-144.5441966,-2.522772145,33,17.75
23/04/2004,24.30938,7.85,10.02,10.41,8.85,10.25,204.2,16.59,6.14,9.62,10.04,8.34,9.2,117.1,19.5,3.18,10.65,11.01669,9.509838,9.65,205.4,11.66,6,11.1,7.2,NA,NA,31,NA
24/04/2004,24.31211,6.81,10.06,10.97,9.05,2.613,198.2,16.46,5.36,9.48,10.31,8.71,2,105.9,21.82,3.33,10.38,11.18669,9.239838,2.167,201.9,13.33,2.4,12,9.2,-161.2410639,-2.814187455,31,14.54166667
25/04/2004,24.31485,4.97,9.84,11.28,8.85,0,204.1,11.66,3.72,9.27,10.6,8.38,0,130.2,11.14,2.79,9.95,11.20669,8.939837,0,208.6,9.93,0.4,12.7,6,-163.6808297,-2.8567694,19,9.25
26/04/2004,24.31759,3.46,9.62,11.06,8.75,1.608,168.8,11.47,3.14,8.97,10.18,8.04,1.8,118.4,12.51,2.5,9.59,10.48669,8.539838,1.379,278.8,11.24,2,13.3,6.3,-149.2127918,-2.604254502,17,7.458333333
27/04/2004,24.32033,2.57,9.58,12.15,7.95,0.603,358.3,10.36,3.78,8.55,9.93,7.41,0.8,350.3,13.75,3.7,9.29,11.03669,7.864838,1.182,318.1,16.33,0,12.7,4.1,-52.40353648,-0.914614251,19,8
28/04/2004,24.32307,3.15,8.68,10.54,6.697,1.005,28.48,19.6,3.39,7.96,9.77,6.2,0.8,14.19,17.25,3.94,8.65,10.07273,7.108933,0.985,9.74,22.38,1.4,12.2,4.5,-25.16451984,-0.439203726,27,11.29166667
29/04/2004,24.32580,5.84,7.28,8.75,6.141,0.603,30.89,14.67,5.13,6.58,7.81,5.672,0.8,87.4,18.39,5.26,7.54,8.429733,6.506933,0.788,318.6,21.89,2.8,8.9,5.5,12.87473012,0.224706431,34,21.66666667
30/04/2004,24.32854,4.25,8.96,10.92,7.1,0,30.13,15.48,3.43,8.33,10.54,6.502,0,286.3,16.14,3.27,9.29,10.96273,7.644933,0.197,302.6,18.2,0.2,10.6,7.7,47.47613304,0.828614838,27,16.33333333
01/05/2004,24.33128,1.61,8.63,10.11,6.535,0.804,39.64,7.94,2.66,8.13,9.81,6.342,1.2,304.6,11.2,2.17,8.89,10.67273,6.010933,0.788,338.4,9.51,0,13,2.2,-114.1306148,-1.991955006,21,7.208333333
02/05/2004,24.33402,3.31,8.33,9.58,6.128,2.412,53.92,13.56,3.57,7.79,8.88,5.531,3.6,321.5,19.34,3.98,8.99,10.03273,6.840933,3.349,343.6,17.41,2.4,12,6.2,-113.3635963,-1.978568008,32,12.91666667
03/05/2004,24.33676,3.31,6.56,9.24,4.345,9.85,60.38,14.44,4.01,6.41,8.34,4.433,8.8,58.49,17.8,4.32,7.86,9.932734,5.905933,9.26,312.9,16.04,7.8,11.2,4.2,-97.40568569,-1.700049925,31,11.91666667
04/05/2004,24.33949,5.33,6.32,6.998,4.908,10.65,38.75,26.95,4.85,6.76,7.54,5.366,11.2,199.3,22.25,6.16,6.63,7.35,5.203,19.11,359.1,29.07,21,9.2,4.9,63.52276945,1.108681477,32,17.875
05/05/2004,24.34223,5.49,6.53,7.62,5.738,14.67,33.88,28.68,4.77,6.99,8.24,6.174,19.8,155.8,22.87,6.3,7.05,8.18,6.208,33.1,26.37,27.47,4,10.9,6.8,49.10793897,0.857095224,34,15.29166667
06/05/2004,24.34497,1.8,8.32,9.99,6.991,0.201,56.27,9.34,1.67,8.8,10.83,7.67,0.2,89.9,10.22,1.77,9.14,12.69,7.61,0.591,26.7,10.71,0,13.3,NA,106.7519477,1.863172971,21,9.526315789
07/05/2004,24.34771,1.11,8.85,10.95,7.16,0,154,4.181,1.37,9.28,12.17,7.1,0,149.2,4.475,1.34,9.75,12.42,7.05,0,128.1,3.463,NA,13.5,4.5,NA,NA,NA,NA
08/05/2004,24.35044,2.27,8.95,11.32,7.12,0,22.44,10.81,2.04,9.37,11.97,7.51,0,6.774,8.43,2.07,9.98,12.25,7.18,0,27.56,11.96,NA,13,8,NA,NA,NA,NA
09/05/2004,24.35318,5.59,8.33,9.5,7.52,0.201,29.24,13.69,2.94,8.69,9.31,8.01,0.6,13.06,12.94,6.54,9.61,10.49,8.95,0.591,22.65,15.81,NA,12.5,8,NA,NA,NA,NA
10/05/2004,24.35592,3.94,7.58,8.18,7.02,0,39.43,11.79,4.14,8.15,8.87,7.44,0.4,358,10.29,5.8,9.06,9.86,8.38,0,32.64,15.35,NA,13,7.5,NA,NA,NA,NA
11/05/2004,24.35866,2.58,7.99,9.66,7.06,0,37.26,8.26,2.11,8.37,10.08,7.3,0,89.7,8.46,1.95,9.58,11.25,8.75,0.197,14.06,9.73,0.8,11.5,8.4,25.99095833,0.453627799,17,9.25
12/05/2004,24.36140,2.29,8.88,10.79,6.665,0.804,134.2,9.38,2.19,9.14,10.77,7.07,1.4,84.3,12.74,2.33,9.83,11.41,6.509,1.379,178.6,10.32,0,14.5,4,-160.8582495,-2.807506083,17,6.458333333
13/05/2004,24.36413,2.27,9.07,11.12,6.957,0.603,196.8,9.51,2.53,9.32,11.31,7.84,0.6,94.7,8.66,2.7,10.28,12.22,8.75,0.394,261.6,11.47,1.6,13.9,8.6,-87.67725379,-1.530256758,16,7.166666667
14/05/2004,24.36687,3.05,9.6,10.36,8.81,0.402,79.4,13.1,2.84,10.21,10.74,9.44,1,261.2,13.62,3.22,11.19,11.88,10.43,0.788,28.31,17.18,0.4,14.2,5.4,-123.5279954,-2.155970238,29,13.375
15/05/2004,24.36961,2.9,9.68,10.4,9.11,0.804,153.7,13.59,3.05,10.31,10.7,9.71,2.2,280.1,15.68,3.94,11.18,11.53,10.69,0.788,158.6,14.83,0.8,15.6,10.4,-134.243759,-2.342995594,26,11.70833333
16/05/2004,24.37235,6.09,9.42,10.2,8.91,1.005,189.8,14.9,4.92,9.84,10.31,9.24,2.4,93.1,19.8,3.7,10.92,11.36,10.43,1.379,200.7,14.08,0.4,15.3,10.8,-147.5531171,-2.575287715,34,15
17/05/2004,24.37509,4.45,9.36,10.79,8.2,0.402,64.51,18.1,3.42,9.84,11.07,8.9,0.8,233.4,16.24,4.63,10.82,11.89,9.78,0.591,330.4,19.93,4.4,12.7,9.1,-116.8884281,-2.040087928,37,18.16666667
18/05/2004,24.37782,4.73,9.1,9.74,7.99,1.809,117.2,16.4,4.87,9.61,10.24,8.44,4.6,264.3,21.43,5.45,10.63,11.36,9.42,2.364,129.8,19.73,3.8,11.8,8.5,-117.9890406,-2.059297239,32,18.95833333
19/05/2004,24.38056,2.9,8.9,11.12,7.36,1.407,46.93,10.65,3.91,9.12,10.57,7.84,1.8,322.8,18,3.67,10.24,11.92,8.92,1.97,345.3,15.55,3.6,13,6.9,-92.20220426,-1.609232042,NA,13.22222222
20/05/2004,24.38330,2.81,7.95,9.63,6.758,0.804,15.95,14.6,4.1,8.1,9.34,7.07,0.4,356.3,20.71,4.39,9.25,10.93,8.22,0.788,342.3,15.55,7,11.9,4.1,-33.09999648,-0.577703921,25,9.833333333
21/05/2004,24.38604,2.17,7.9,9.66,6.228,0,29.09,8.95,2.53,8.15,9.43,6.736,0,13.01,8.07,2.46,9.32,11.35,7.71,0,334.6,9.02,0,11.4,5.4,-8.661888073,-0.151178466,22,10.33333333
22/05/2004,24.38877,2.03,8.74,11.12,6.434,0,95.1,8.04,1.98,9.09,11.16,7.01,0,289.2,8.59,1.77,10.01,12.59,6.978,0,349.6,8.75,0,13.9,5.4,-63.50134727,-1.108307589,23,9.083333333
23/05/2004,24.39151,2.72,9.36,11.35,7.95,0.603,139,14.18,2.82,9.63,11.14,8.4,0.6,267.4,13.82,3.6,10.63,12.12,9.42,0.394,203.4,13.95,0.4,15.1,4,-85.53449347,-1.492858535,30,13.16666667
24/05/2004,24.39425,1.43,9,10.82,7.45,0,14,7.64,2.57,9.25,11.06,7.94,0.2,13.76,11.53,2.47,10.37,12.65,8.95,0.197,340.9,10.29,0.4,12.1,5.3,-62.28667053,-1.087107481,23,10.5
25/05/2004,24.39699,1.79,8.43,9.79,7.42,0,42.93,6.729,1.81,8.83,9.99,7.87,0,113.8,9.96,1.62,10.08,11.82,9.22,0.197,249.3,6.86,NA,12.9,3.9,NA,NA,NA,NA
26/05/2004,24.39973,3.78,8.65,10.06,6.959,0,68.2,8.79,3.38,9.26,10.89,7.28,0,120.8,12.54,2.96,10.14,11.75,8.59,0.197,178.9,11.89,0,12.2,3,64.39721071,1.123943356,21,9.458333333
27/05/2004,24.40246,2.06,10.74,12.28,8.81,0,74.9,8.1,2.43,11.3,13.27,8.7,0,107.1,10.09,1.99,11.95,14.39,8.72,0,186.1,12.94,0,16.5,7.4,124.0299605,2.164731182,16,8.291666667
28/05/2004,24.40520,4.53,10.51,11.45,9.61,1.005,119.6,16.53,5.16,10.9,13.1,9.84,2.2,130.4,16.37,5.53,11.93,14.09,10.66,2.561,166.8,16.17,2.4,15.3,10.1,NA,NA,25,NA
29/05/2004,24.40794,2.6,10.56,12.35,8.98,0,139.5,9.8,2.51,10.88,12.99,9.54,0,128.1,8.62,2.62,11.64,13.15,10.33,0,169.2,11.01,0.4,17.3,10.3,148.8417006,2.597777739,15,5.833333333
30/05/2004,24.41068,1.98,11.16,13.19,9.81,0,178.1,9.18,1.95,11.23,13.16,9.87,0,131.3,7.19,1.98,12.03,13.59,10.43,0,180.7,9.02,2.4,18,9.3,170.9504199,2.983647686,16,5.458333333
31/05/2004,24.41342,1.23,10.44,12.83,8.98,0,85.3,4.541,1.6,11.64,14.49,9.44,0,109,5.455,1.85,12.08,14.23,10.33,0,106.4,6.533,0,17.5,8.9,35.07548103,0.612182631,12,4.083333333
01/06/2004,24.41615,1.64,11.13,13.42,9.31,0,350.6,9.18,2.69,11.28,12.73,9.49,0,341.3,11.24,3.15,12.18,14.16,10.69,0.197,350.9,10.22,21.2,15.1,10.7,-5.298114321,-0.092469539,19,5.916666667
02/06/2004,24.41889,2.88,10.73,13.36,9.01,8.44,194.1,14.73,3.16,10.99,13.03,9.37,8.4,125.5,14.08,2.98,11.94,14.19,10.53,8.47,204.5,17.12,1.4,15.3,8.6,-118.1421548,-2.061969587,20,7.75
03/06/2004,24.42163,4.18,10.77,11.98,9.54,2.211,79.3,14.73,3.46,11.15,11.86,10.01,3.8,257.5,14.63,4.09,12.18,12.82,10.99,3.152,279.1,16.04,10.2,15.4,9.8,-133.3146277,-2.326779195,32,16.41666667
04/06/2004,24.42437,2.61,10.31,12.11,9.37,0.402,89.6,13,3.53,10.63,12.47,9.81,0.8,68.11,17.9,3.19,11.71,13.62,10.9,0.591,316,18.69,0.8,12.5,10.1,-96.85281926,-1.690400586,27,12.58823529
05/06/2004,24.42710,2.12,10.72,11.52,9.93,5.427,99.4,8.82,2.04,11.3,12.3,10.19,7.8,257,10.06,2.43,12.26,12.85,11.52,7.88,83.7,13.75,5.6,15.2,10.5,-135.4574262,-2.364178084,24,9
06/06/2004,24.42984,3.79,10.37,11.88,8.94,0.603,151.4,13.13,3.25,10.67,11.5,9.31,1.2,269.5,13.88,4,11.71,12.55,10.32,1.182,181.5,14.67,4.2,14.2,10.1,NA,NA,NA,NA
07/06/2004,24.43258,1.87,10.94,13.39,9.38,0.402,87,9.73,1.8,11.01,12.8,10.01,0,16.84,12.71,2,12.25,14.83,10.9,0.394,303.2,10.22,0.2,14.7,9.9,NA,NA,NA,NA
08/06/2004,24.43532,3.39,11.18,12.68,9.94,0.201,69.51,8.95,2.66,11.74,14,10.34,0.4,96.8,10.06,2.39,12.76,15.46,11.46,0.197,235.8,10.03,0,16.2,9.5,NA,NA,NA,NA
09/06/2004,24.43806,3.62,11.55,12.84,10.66,3.417,194.8,14.11,2.6,11.86,12.57,11.03,3.4,111.5,13.65,2.59,12.84,13.66,12.02,3.546,191.9,11.53,4.8,18.1,11.3,NA,NA,NA,NA
10/06/2004,24.44079,4.85,11.86,13.93,10.62,4.422,200.5,13.1,3.76,12.16,13.9,10.96,4.4,133.1,18.49,2.84,13.09,14.09,11.98,3.94,196.7,12.32,12.2,16.1,11.7,NA,NA,NA,NA
11/06/2004,24.44353,1.83,11.73,14,10.53,2.01,42.05,10.26,2.95,11.88,13.5,11,3.4,359.6,13.59,3.27,13.12,15.23,12.02,3.152,351.4,13.33,11.8,15.3,11.1,NA,NA,NA,NA
12/06/2004,24.44627,2.9,11.92,13.47,10.76,0.201,185.1,11.99,2.92,12.18,13.59,11.03,0.2,67.02,15.84,2.43,13.15,14.13,12.06,0.197,261.6,8.33,0.4,16.2,11.1,-94.29221501,-1.645709611,21,8.166666667
13/06/2004,24.44901,3.62,11.78,12.28,11.45,3.015,94.5,13.88,3.59,12.37,12.7,12.06,4.8,251.9,15.88,4.62,13.26,13.62,12.92,3.743,43.35,16.24,1.2,17.1,11.7,-137.7376658,-2.403975772,36,17.79166667
14/06/2004,24.45175,3.64,11.7,12.18,10.82,4.02,50.71,15.84,3.59,12.37,12.9,11.33,6.4,336.8,22.38,4.94,13.3,13.72,12.45,5.516,326.9,20.35,8.6,15.1,13.1,-111.6852345,-1.949275068,36,19.54166667
15/06/2004,24.45448,1.62,11.09,12.94,9.77,0.201,187.2,12.12,2.63,11.23,13.07,9.89,0.4,35.5,14.6,2.77,12.43,14.76,11.15,0.394,332.5,11.24,1.8,13.8,10.4,-65.2551047,-1.138916431,27,13
16/06/2004,24.45722,3.38,10.66,11.75,9.21,8.44,162.6,12.22,2.8,10.98,11.9,9.44,11.2,124.1,13.82,3.36,12.03,13.02,10.66,8.47,197.6,15.81,27.2,13.2,9.5,-169.5612145,-2.959401477,26,9.75
17/06/2004,24.45996,2.5,10.22,11.22,7.65,3.417,9.84,12.48,3.26,10.49,11.73,8.34,3.2,349.9,13.07,3.65,11.55,12.59,9.36,3.152,331.8,16.92,2.4,13,9.2,-3.421662925,-0.059719284,22,9.625
18/06/2004,24.46270,3.13,8.54,11.05,6.924,5.628,24.87,16.07,3.12,8.81,10.68,7.23,4.2,126.5,13.85,3.49,9.84,11.45,8.48,6.895,9.57,15.19,1.6,12.4,6.1,-2.955175286,-0.051577539,26,12
19/06/2004,24.46543,2.81,9.07,11.58,6.692,1.206,4.107,12.41,4.19,8.96,10.36,7.1,1.2,326.5,14.9,4.1,10.07,11.45,8.28,0.985,261.9,16.14,5.2,10.2,7.2,-21.6640881,-0.378109667,32,16.33333333
20/06/2004,24.46817,3.26,8.76,10.1,7.65,2.211,34.79,12.18,2.7,9.01,10.14,7.97,2,133.5,11.17,3.49,10.13,11.16,9.02,2.561,8.79,15.94,2.8,12.7,7.6,-1.55E-14,-2.70E-16,24,13.29166667
21/06/2004,24.47091,2.15,9.57,11.88,7.92,1.608,35,7.81,1.83,9.84,11.63,8.3,2,37.73,9.15,1.97,10.88,13.46,9.39,1.97,353.3,9.51,1.6,14.3,7.9,NA,NA,18,8.5
22/06/2004,24.47365,2.32,10.42,12.34,8.81,0,54.05,11.37,1.97,10.69,12.46,9.04,0.2,66.76,11.76,1.96,11.7,14.03,9.56,0,228.6,12.22,0,14.2,6.1,27.0259341,0.471691533,20,8.125
23/06/2004,24.47639,3.73,10.58,11.42,9.77,0,18.07,15.48,3.33,10.81,11.4,10.07,0,208.2,15.16,3.71,11.91,12.52,11.2,0.394,290.6,14.67,0,13.3,10.7,NA,NA,27,NA
24/06/2004,24.47912,2.66,10.52,12.15,8.02,0.402,20.75,8.75,2.68,10.84,12.7,9.04,0.2,42.46,11.47,2.43,11.84,13.29,10.13,0.591,309.7,10.16,0,13.4,10.2,17.24657766,0.301009565,26,15.75
25/06/2004,24.48186,1.91,11.39,14.15,7.72,0.201,154.9,7.02,2.56,11.4,13.82,8.57,0,139.3,7.97,2.47,12.19,14.46,8.25,0.197,183.7,8.04,0,14.8,5.7,NA,NA,16,6.875
26/06/2004,24.48460,5.33,11.17,11.99,10.17,2.211,98,16.3,6.3,11.35,12,10.44,4.8,122.3,16.86,6.7,12.43,13.16,11.57,6.107,167.6,16.4,11.2,16.6,9.8,NA,NA,26,15
27/06/2004,24.48734,4.43,11.63,13.54,10.07,1.005,153.7,14.9,3.61,11.91,13.3,10.6,1.4,171.7,16.33,3.28,12.96,14.39,11.4,1.379,218.6,15.45,0.8,17.8,11.5,-165.5185026,-2.888842843,23,11.375
28/06/2004,24.49008,3.95,11.41,13.11,9.83,2.01,180.4,14.73,3.3,11.64,13.23,10.39,2.2,152.3,14.86,3.43,12.62,13.56,11.49,1.773,189.8,14.31,0,16,7.7,-78.86261048,-1.37641221,25,11.125
29/06/2004,24.49281,5.6,11.56,12.38,10.56,10.65,198.7,16.66,4.64,11.98,12.73,11.13,8.4,156,15.88,4.35,12.96,13.66,12.19,9.26,195.4,19.44,8.8,13.9,11,NA,NA,NA,NA
30/06/2004,24.49555,3.33,11.62,13.93,10.09,1.407,144.8,10.98,3,11.84,13.3,10.46,2.4,221.1,14.83,2.89,12.93,14.36,11.55,1.576,180.5,13.39,11.6,16.3,11.8,-139.3273237,-2.431720537,28,11.83333333
01/07/2004,24.49829,4.97,11.14,13.01,9.8,2.211,201.9,12.54,4.1,11.43,13.2,10.26,1.8,145.1,14.05,3.24,12.41,13.59,11.22,1.97,203.6,10.85,0,15.5,10.3,-171.2956039,-2.989672282,25,11.125
02/07/2004,24.50103,2.69,11.54,12.99,10.2,2.01,82,8.69,2.74,11.91,13.38,10.43,2.8,127.7,7.68,3.05,13,14.79,11.63,2.758,176,8.59,0.8,16.5,10.7,134.9848025,2.355929244,19,9.166666667
03/07/2004,24.50376,2.54,11.07,13.73,9.34,2.211,27.22,9.47,2.24,11.16,12.89,9.73,2.4,66.71,9.93,2.42,12.4,15.33,10.71,2.561,27.48,11.66,2.4,15,10.9,1.989110853,0.034716534,19,9.916666667
04/07/2004,24.50650,1.63,10.96,13.67,8.28,1.005,18.11,9.64,2.87,10.96,13.1,8.7,0.8,9.36,12.54,2.96,12.19,14.73,9.86,1.182,346.8,11.14,2.2,14.1,9.2,-36.20075634,-0.63182239,20,9.208333333
05/07/2004,24.50924,1.42,11.42,13.76,10.3,5.226,51.43,7.02,2.07,11.53,13.27,10.7,2.4,322,11.11,2,12.7,15.33,11.49,2.561,337.3,7.55,37,14.4,8.2,-139.6653421,-2.437620071,19,5.791666667
06/07/2004,24.51198,1.06,11.6,14.48,9.64,1.608,88.7,4.867,1.37,11.72,13.42,10.31,0.6,67.93,4.835,1.2,12.73,14.76,10.56,0.394,356.8,3.822,3.2,13.5,7,25.12008921,0.438428265,15,5.958333333
07/07/2004,24.51472,2.56,11.39,13.49,9.44,0,45.94,6.599,2,11.66,13.43,9.34,0,63.1,7.61,1.72,12.53,14.83,9.32,0,357.8,8.07,0,14.6,6.4,22.26233929,0.38855112,18,8.958333333
08/07/2004,24.51745,1.37,11.91,13.92,8.95,0,34.49,5.945,1.76,12.21,13.99,9.87,0.2,9.07,6.011,1.46,12.88,15.72,9.96,0,25.17,5.325,0,15.1,6.3,6.224691281,0.108641358,16,6.5
09/07/2004,24.52019,0.91,12,14.65,10.07,0,60.62,2.744,1.36,12.37,14.55,10.44,0,30.44,5.325,1.09,13.22,16.2,10.06,0,53.4,4.377,0,14.3,7.9,12.47526673,0.217734479,16,7.875
10/07/2004,24.52293,1.35,11.68,12.64,10.56,0.201,27.11,5.586,1.36,12.06,13.34,11,0.2,10.37,5.031,1.13,13.06,13.96,12.09,0.197,10.51,4.639,0,13.6,10.3,2.142440881,0.037392647,19,7.708333333
11/07/2004,24.52567,1.89,11.71,13.92,9.54,1.608,338.3,8.53,2.76,11.9,13.62,10.43,1.2,337,11.92,2.61,13.05,15.1,11.46,0.985,321.1,14.99,0.8,14.7,9.8,-20.50619997,-0.357900706,15,5.166666667
12/07/2004,24.52841,1.72,11.83,14.19,10.3,0,359.9,9.15,2.64,12.13,14,10.89,0,357.6,10.65,2.79,13.15,15.63,11.2,0,341.3,13.03,1.2,15.9,11,-43.02569654,-0.750940068,22,11.08333333
13/07/2004,24.53114,3.04,12,14.28,10.46,3.618,181.2,12.54,3.03,12.36,14.22,11.24,4.4,175.2,12.12,2.68,13.1,14.43,10.96,3.94,215.7,15.03,0.8,17,10.6,-124.5733191,-2.174214578,21,9.25
14/07/2004,24.53388,2.81,12.15,13.66,10.88,0.804,53.34,10.58,3.51,12.48,14.2,11.39,2.2,310.3,16.4,3.33,13.56,14.79,12.52,1.97,330.4,13.82,0.4,16.4,11,-97.8567306,-1.707922144,31,14.16666667
15/07/2004,24.53662,2.13,11.61,13.51,10.36,1.407,130.5,8.49,1.98,12.05,14.1,10.76,2.6,259.4,11.3,2.37,13.03,14.86,11.68,1.773,214.7,10.36,3.6,16.3,9.4,-119.7535649,-2.090093998,26,10.04166667
16/07/2004,24.53936,4.07,12.19,13.7,9.8,1.005,178.2,13.75,3.37,12.48,14.13,10.43,0.4,98.1,17.12,3.42,13.44,14.56,11.29,1.182,199,11.24,7.2,15.8,10.3,-163.3422605,-2.850860254,26,10.33333333
17/07/2004,24.54209,5.1,11.95,13.8,10.16,4.221,182.2,14.67,4.41,12.26,13.69,10.99,4,114.7,17.54,3.41,13.3,14.86,11.85,3.743,207.5,15.97,14.8,16.1,11.4,-172.5207292,-3.011054753,30,14.08333333
18/07/2004,24.54483,3.25,11.54,12.94,10.09,6.03,97.1,13.2,2.66,11.92,13.44,10.63,5.8,236.3,14.67,3.32,12.94,14.19,11.55,2.955,317.9,16.17,4.8,16,10.3,-140.0129715,-2.443687348,27,13.75
19/07/2004,24.54757,2.23,11.85,13.63,10.03,4.221,180.9,10.03,1.86,12.25,14.06,10.66,5.8,226.8,8.72,2.11,13.03,14.93,10.13,4.137,260.8,11.24,4,16.3,10.7,-150.4492213,-2.625834269,22,9.916666667
20/07/2004,24.55031,3.65,11.93,13.27,10.47,11.06,89.9,15.22,3.26,12.35,13.84,10.51,16.4,116.2,14.41,3.17,13.11,14.69,9.96,17.53,166.2,16.37,12.4,17.4,9.1,121.1157534,2.113868674,20,5.833333333
21/07/2004,24.55305,5.53,12.73,14.45,11.72,0.603,200.3,15.58,4.63,13.16,15.29,12.13,0.4,145.4,14.31,4.06,14.05,15.23,13.39,0.788,201.7,16.5,2.8,17.5,13.3,177.9612643,3.106010003,25,12.08333333
22/07/2004,24.55578,6.13,12.61,14.1,11.12,0.402,191.7,17.57,5.73,12.93,14.41,11.6,0.4,152.8,18.03,6.32,13.89,14.86,12.75,0.197,186.4,21.49,3.2,17.5,11.3,161.6676398,2.821632609,31,11.29166667
23/07/2004,24.55852,5.22,12.09,13.47,10.82,1.005,117.2,17.22,4.28,12.5,13.67,11.1,1.6,206.4,19.93,4.35,13.55,14.66,12.42,1.182,239.7,21.66,5.8,16.8,11.8,-151.2152285,-2.639203617,35,17.45833333
24/07/2004,24.56126,3.55,11.34,12.94,10.06,2.613,69.59,13.75,3.8,11.6,12.3,10.56,3,299.7,20.97,3.73,12.7,13.86,11.53,2.955,346.9,18.85,8.6,15.3,11.2,NA,NA,34,NA
25/07/2004,24.56400,1.36,11.94,14.35,9.73,0,32.11,5.978,1.99,11.96,13.62,10.44,0,341.4,8.92,2.07,13.01,15.77,10.69,0,346.3,7.02,0.4,15.9,7.4,-86.13340905,-1.503311584,19,8.833333333
26/07/2004,24.56674,1.66,12.13,13.34,10.56,0.402,139.9,7.87,1.99,12.6,14.87,10.86,0.8,228.6,9.44,1.59,13.56,15.67,11.69,0.394,252.5,6.958,0,15.7,11.4,-139.2859134,-2.43099779,18,7.291666667
27/07/2004,24.56947,1.92,12.49,13.14,11.42,0.603,153.5,6.501,1.74,12.99,13.7,11.96,3.2,180.1,7.61,1.68,13.88,14.43,12.95,NA,220.2,6.239,0,17.3,13.7,-144.8101012,-2.527413056,16,8.625
28/07/2004,24.57221,1.95,13.04,14.08,12.01,2.01,167.8,7.74,2.07,13.43,14.29,12.47,4,130,7.64,1.96,14.43,15.83,13.36,NA,193.9,8.13,0.8,18.2,13.3,145.1952182,2.534134616,14,6.708333333
29/07/2004,24.57495,4.12,13.03,14.04,11.52,4.422,180.8,17.08,3.63,13.38,14.13,12.13,4.6,149.9,14.6,4.95,14.34,15.1,12.99,NA,185.7,17.64,1.6,18.3,13.1,-179.8057869,-3.138202995,24,9.041666667
30/07/2004,24.57769,3.53,12.97,14.72,11.28,0,193.3,9.47,2.99,13.21,14.69,11.63,0,143.4,12.38,2.34,14.87,18.54244,13.16867,0.394,207.8,11.34,0,17.4,12.3,-166.8183025,-2.911528632,17,6.791666667
31/07/2004,24.58042,4.18,13.59,15.48,12.44,0,205.1,9.54,3.41,13.67,15.39,12.67,0,137.9,10.81,2.34,15.1,16.55244,14.13867,0,204.1,9.05,0,18.1,11.8,-169.4925117,-2.958202387,17,6.083333333
01/08/2004,24.58316,2.91,14.01,15.97,12.41,0.804,149.6,14.01,2.61,14.27,15.96,12.53,0.6,129.9,9.77,2.53,15.15,16.80244,13.66867,0.591,182.7,14.67,0,20.7,8.1,93.3999331,1.630136354,13,4.291666667
02/08/2004,24.58590,3.22,15.19,16.8,13.7,4.02,126.8,17.97,2.8,15.47,17.06,14,4.4,121.9,13.92,2.19,15.84,16.93245,14.50867,4.728,187.5,15.84,0,24.5,14.5,122.8883707,2.14480668,16,6.208333333
03/08/2004,24.58864,1.86,13.38,15.42,11.42,6.432,295.4,10.71,2.6,13.67,15.93,12.1,8.2,346.9,9.31,2.98,14.17,16.07244,12.46867,7.68,7.26,11.5,6.8,18.6,15.1,NA,NA,NA,NA
04/08/2004,24.59138,3.18,12.87,14.75,10.36,0,29.81,11.43,2.45,13.16,15.06,11.43,0,49.45,12.41,2.29,13.97,15.5459,12.63586,0,349.8,11.37,0.4,15.7,13.2,13.257162,0.231381126,20,11.5
05/08/2004,24.59411,2.03,14.21,16.01,12.68,0.201,69.59,9.34,2.5,14.47,16.49,12.9,0.2,99.2,9.77,2.21,15.16,16.95591,13.68586,0.197,172.4,9.8,0,20.1,12.4,73.86853426,1.289249137,19,6.875
06/08/2004,24.59685,2.83,13.63,14.96,12.38,5.829,180.3,13.16,2.68,13.9,14.86,12.7,5.8,167.1,11.37,2.76,14.49,15.4459,12.85586,5.91,202.3,13.2,0.4,18.2,14,-173.0817008,-3.020845554,30,10.04166667
07/08/2004,24.59959,2.29,13.57,14.95,11.78,0.201,88.6,7.32,3.12,14.19,17.13,12.33,0.4,111.8,11.2,2.95,14.76,16.9859,12.81586,0,162.6,12.12,0,18.5,12.8,79.72422972,1.391450302,16,6.166666667
08/08/2004,24.60233,5.31,16.84,19.25,14.6,6.432,60.49,11.73,6.7,19.57,23.05,15.46,7.6,100.6,21,6.06,19.72,23.28591,16.70586,8.86,158.3,20.87,0,23.2,13,92.48657521,1.614195251,32,16.04166667
09/08/2004,24.60507,1.77,14.65,15.91,13.86,10.45,73.5,9.6,1.78,14.98,16.57,14.3,8.8,95.2,7.38,1.42,15.85,17.0559,15.12586,9.06,144.9,7.32,6.8,20.5,16,101.2825339,1.767713691,30,13.75
10/08/2004,24.60780,2.9,15.92,17.93,14.6,8.44,47.43,11.14,2.56,16.75,18.6,15.23,10.2,52.49,11.63,2.34,17.11,18.6559,15.39586,10.64,35.62,11.96,5.2,22.8,16,79.4100859,1.385967458,32,11.58333333
11/08/2004,24.61054,5.88,16.56,18.49,14.89,1.608,46.82,15.68,3.33,17.05,19.53,15.62,2.4,63.06,16.1,3.86,18.63,20.49891,17.01062,2.364,345.1,16.4,0.8,18,15.6,61.07251754,1.065916514,30,12.08333333
12/08/2004,24.61328,5.97,14.73,16.08,13.67,1.206,23.33,17.35,3.1,14.81,16.76,13.93,1.4,113.3,16.3,3.73,16.24,18.1989,15.07062,1.379,333.4,12.67,0.4,17,14.4,46.25935847,0.807378115,26,16.08333333
13/08/2004,24.61602,5.63,13.63,15.32,12.41,0,40.76,13.65,3.85,13.98,16,12.8,0,53.28,13.13,3.39,15.17,16.2589,13.76062,0.197,21.05,12.97,0.4,15.4,13.5,47.08401181,0.821771031,31,17.91666667
14/08/2004,24.61875,2.24,14.27,16.4,11.95,0,55.08,11.24,2.11,14.52,16.37,12.33,0,77.6,10.29,1.78,15.02,16.8789,13.56062,0,147.2,9.41,0,18,11.1,63.64378827,1.110793654,25,7.416666667
15/08/2004,24.62149,1.78,14.96,16.57,13.94,0.402,190.1,5.945,1.7,15.09,16.13,14.06,0.6,131.2,6.827,1.23,15.34,16.2589,14.50062,0.591,202.8,4.802,44,18.1,11.5,-138.9312598,-2.424807918,16,4.25
16/08/2004,24.62423,1.63,14.2,15.51,12.44,3.819,116,6.011,1.57,14.37,15.69,12.87,11,122.1,4.933,1.52,14.77,16.1189,12.79062,4.728,181.2,6.109,19.6,16,12.9,49.94997096,0.871791455,13,5.333333333
17/08/2004,24.62697,2.84,14.45,16.01,12.84,0,64.37,10.36,2.22,14.5,16.13,13.1,0,99.5,14.28,2.17,14.32,16.0389,12.53062,0,177.8,9.96,3.2,17,13.7,65.55698102,1.144185166,28,13.29166667
18/08/2004,24.62971,7.91,13.18,14.43,11.59,7.04,52.89,23.29,5.71,13.33,14.2,12.03,11.2,203,24.14,5.35,12.86,13.63304,11.55706,7.49,238.1,21.89,16,15.1,12.9,NA,NA,45,NA
19/08/2004,24.63244,6.14,11.91,13.17,10.63,0.402,35.3,22.05,6.19,12.16,12.97,10.86,0.4,111.5,25.28,5.95,12.44,13.23304,11.29706,0,316.9,24.6,18,13.7,11.5,15.44944353,0.269643657,43,25.875
20/08/2004,24.63518,2.28,11.71,14.89,9.8,0.804,16.56,12.74,3.23,11.83,13.73,10.16,0.6,267.2,15.55,3.23,12.38,13.80304,10.82706,0.394,208.3,14.31,1.2,14.9,9,-23.65464286,-0.412851401,26,12.66666667
21/08/2004,24.63792,1.38,11.76,14.71,7.75,2.613,230.9,7.35,1.75,11.92,14.29,8.97,3.8,301.9,8.92,1.58,12.29,15.41304,9.597056,2.561,342.3,9.28,2,15,6.2,-56.21189578,-0.98108266,18,6.916666667
22/08/2004,24.64066,3.36,12.54,13.99,10.7,0,96.9,10.52,2.87,13.03,14.89,10.88,0.4,147.7,13.16,2.64,13.4,15.44304,9.897056,0,197,10.29,0,16.8,7.2,108.2082555,1.888590336,18,6.666666667
23/08/2004,24.64339,4.45,13.16,14.7,11.25,1.407,54.93,10.68,3.13,13.58,14.77,11.63,3,58.76,12.64,3.17,14.83,16.24304,12.85706,2.955,334.5,11.37,1.2,15.4,11.7,97.0855902,1.694463205,25,14.58333333
24/08/2004,24.64613,2.37,13.49,14.91,12.61,0.201,46.02,9.08,2.03,13.91,15.19,13.07,0,69.39,6.925,1.98,15.26,16.58304,14.39706,0,1.23,7.81,0,17.5,13.5,78.06218565,1.362442161,24,14.20833333
25/08/2004,24.64887,2.82,13.08,14.95,11.98,0.402,29.9,9.44,2.59,13.33,16.59,12.27,1,256,10.98,2.36,13.53,15.50784,11.57408,0.788,329.6,8.1,0,15.1,9.2,34.07996952,0.594807677,24,12.125
26/08/2004,24.65161,4.76,12.35,13.37,11.19,26.33,128.2,16.14,4.37,12.78,13.8,11.63,29.4,146.6,25.55,4.32,13.1,14.23784,12.38408,27.97,250.9,20.94,31.6,14.5,8.1,-150.4357209,-2.625598643,39,12.83333333
27/08/2004,24.65435,3.33,12.21,14.23,10.96,1.206,348.5,16.89,6.21,12.45,13.76,11.36,1.8,33.96,26.88,5.51,12.99,14.50784,12.38408,0.985,341,21.85,9.6,14.9,10.6,-80.35140783,-1.402396625,48,23.66666667
28/08/2004,24.65708,4.28,11.71,13.14,10.46,3.417,120.1,16.92,3.51,12.1,13.34,10.99,6,320.9,18.82,3.97,12.69,14.30784,11.88408,4.531,258.6,16.37,3.2,15.6,10.1,-124.2817917,-2.169126466,31,12.54166667
29/08/2004,24.65982,3.68,11.69,13.54,9,13.27,19.85,17.41,5.51,12,13.1,9.53,14,344.9,23,5.77,12.87,14.27784,10.65408,14.58,307,24.5,21,14.4,9.9,-104.8117165,-1.829309547,31,14.875
30/08/2004,24.66256,2.31,11.71,14.1,9.21,0.402,349.5,13.33,3.81,12.01,13.67,10.17,0.2,333.6,20.94,3.68,12.79,14.60784,10.15408,0.197,300.4,20.94,1.8,15.2,8.3,-23.63237241,-0.412462709,26,13.75
31/08/2004,24.66530,3.59,12.04,13.24,9.44,0,214.4,10.09,3.07,12.35,13.34,9.81,0,169.5,10.16,2.21,13.01,14.47784,9.354081,0,219.1,9.31,0,15.3,6,-143.6508213,-2.507179805,16,6.5
01/09/2004,24.66804,4.2,12.48,13.14,10.92,8.84,204.9,11.4,3.57,12.88,13.54,11.5,10.6,163,11.04,3.3,14.12,14.54905,12.75548,9.46,201.8,12.38,0.2,15.4,12.4,167.9159526,2.930686239,23,8.291666667
02/09/2004,24.67077,5.45,12.34,14.07,10.47,0.402,187.4,15.52,4.49,12.7,14.19,11.1,0.6,128.4,15.58,3.86,13.75,16.18905,12.06548,0.394,221.6,17.02,9.8,15.7,11.5,-160.3033825,-2.797821827,28,13.375
03/09/2004,24.67351,6.64,12.82,13.77,11.48,16.08,194.2,22.15,5.38,13.32,14.36,11.86,15.4,133.2,21.17,4.24,14.34,15.04905,13.15548,13.2,209.1,20.06,14.8,15.7,12.6,-172.0965509,-3.003651445,41,20.95833333
04/09/2004,24.67625,3.15,12.74,13.44,11.85,1.005,164.6,12.02,2.57,13.15,13.86,12.4,2.6,292.1,13.1,2.65,14.06,14.44905,13.55548,1.379,194.3,11.69,2.4,15.5,13.3,-147.7083737,-2.577997455,28,10.91666667
05/09/2004,24.67899,2.24,12.56,14.46,9.97,0.201,109,8.82,2.47,12.92,14.55,11.24,0,261.7,11.24,2.13,13.31,15.01905,10.62548,0.197,346.9,10.94,0.4,18.1,8.9,-114.329383,-1.995424165,18,7.583333333
06/09/2004,24.68172,2.3,12.04,13.92,9.84,0,26.37,5.063,2.1,12.37,14.72,10.6,0,22.41,6.435,1.98,12.47,14.57905,10.38548,0,44.5,6.86,0,15,6,0.471480205,0.008228882,15,5.958333333
07/09/2004,24.68446,1.01,13.48,15.77,11.49,0,21.13,4.149,1.36,13.73,15.99,11.74,0,43.15,5.194,1.32,12.7,14.61905,10.38548,0,80.8,5.913,0.4,17.7,7.5,-28.22637836,-0.492643238,11,4.416666667
08/09/2004,24.68720,2.6,13.74,15.81,12.32,0.804,209.2,9.02,2.17,14.08,15.96,12.2,0,164.9,8,1.99,13.62,15.57437,11.4354,0.197,213.9,9.87,0,19,7.9,-170.6686486,-2.978729848,14,4.833333333
09/09/2004,24.68994,3.05,13.86,15.81,11.78,0.201,206.2,9.34,2.04,14.08,16.06,12.53,0,141,11.83,1.91,13.99,15.74437,11.1954,0.197,212.1,9.57,0,19.6,10.7,-164.0952387,-2.864002202,25,8.333333333
10/09/2004,24.69268,2.4,13.49,15.21,11.62,0.201,48.07,6.697,2.28,14.08,16.49,11.86,0,59.73,8.26,2.12,13.86,15.93437,11.1654,0,58.17,8,0,16.5,7.6,5.360903959,0.093565425,15,5.5
11/09/2004,24.69541,2.32,12.82,13.97,10.43,9.25,41.21,18.06,3.55,13.16,14.17,10.96,10,76.2,27.73,3.22,13.68,14.80437,11.8354,9.26,81,23.36,7.4,16,10,-153.8643394,-2.685439324,27,9.25
12/09/2004,24.69815,5.08,11.7,13.41,9.3,3.216,160.3,17.8,4.5,12.04,13.67,9.69,3,139.3,25.45,4.68,12.97,14.70437,10.9854,2.561,211.9,19.18,10,14.9,10.9,-127.9932587,-2.233903784,37,17
13/09/2004,24.70089,3.63,10.95,12.94,8.18,2.01,132.4,11.07,3.19,11.22,13.3,9.04,0.8,137.7,11.99,3.19,12.26,13.93437,10.2954,1.773,200,14.99,3,14.7,8.5,-148.2695463,-2.587791763,25,9.25
14/09/2004,24.70363,3.19,9.9,11.24,8.62,9.85,14.48,18.16,5.08,10.23,11.38,8.9,13,269.2,30.35,5.01,11.7,13.18437,10.4954,12.61,202.4,20.02,9.8,14,5.1,-25.78428486,-0.450020666,39,16.66666667
15/09/2004,24.70637,3.02,10.4,12.94,8.22,4.623,193.1,20.45,3.66,10.7,13.07,9.11,4.2,125.4,18.1,4.48,10.99,12.74952,9.221349,5.122,202.1,20.19,4.6,13.4,5.7,-66.19398838,-1.155303042,27,9.25
16/09/2004,24.70910,10.1,12.57,13.54,10.86,13.47,197.5,24.96,7.55,13,13.97,11.27,7.8,135.4,28.71,6.42,13.3,14.55952,11.16135,6.698,206.6,20.58,18,15.1,10.4,-170.6031818,-2.977587238,46,22.66666667
17/09/2004,24.71184,8.04,11.8,12.84,9.3,21.91,192.1,20.87,6.13,12.17,13.37,9.99,22.8,114.1,21.4,6.03,12.61,13.78952,10.14135,20.49,203.4,23.72,18.4,15.1,11.1,-157.4123779,-2.747364278,43,22.45833333
18/09/2004,24.71458,5.85,10.84,12.64,9.01,8.64,81.2,19.63,4.84,11.25,12.97,9.6,12.6,246.6,26.43,5.77,11.63,13.68952,9.521349,11.03,285.9,21.59,32.2,14.1,9.1,-137.8156596,-2.405337021,45,20.66666667
19/09/2004,24.71732,5.74,10.96,12.11,9.38,13.07,129.9,20.09,4.39,11.36,12.6,9.71,19,303.2,26.17,5.85,11.81,13.28952,9.861349,15.96,218.9,22.41,29.4,13.3,9.1,-137.9017775,-2.406840062,35,18.66666667
20/09/2004,24.72005,4.45,10.89,12.81,9.83,14.87,28.52,19.57,5.41,11.25,12.37,10.13,22.6,47.32,26.2,5.65,11.64,13.08952,9.791348,21.08,334.7,21.04,26.4,15,9.8,-102.0352762,-1.780851523,35,16.04166667
21/09/2004,24.72279,5.13,9.95,11.02,8.62,5.829,22.73,19.67,7.18,10.38,11.4,9,10.6,157.2,28.52,6.87,10.75,12.16952,8.921349,6.895,349.1,26.39,19.2,12.5,8.5,-82.91598819,-1.447156996,44,20.75
22/09/2004,24.72553,2.98,10.09,10.66,9.15,1.005,2.942,13.79,4.9,10.51,11,9.41,1.6,66.62,23.36,4.32,11.06,11.69508,9.785953,1.576,344.7,16.92,1.8,12.6,9.2,-80.83539599,-1.410843812,31,15.33333333
23/09/2004,24.72827,2.74,9.78,11.98,8.18,1.206,10.02,12.9,4.4,10.11,11.8,8.74,1.2,309.7,16.86,4.46,10.73,12.52508,9.145953,0.591,270.9,14.96,5.4,12.6,8.5,NA,NA,31,NA
24/09/2004,24.73101,3.38,9.59,11.88,7.52,3.819,196.3,13.16,3.06,9.99,12.43,8.17,6.4,28.35,15.48,3.02,10.61,12.92508,8.645953,4.925,234,14.37,0,12.5,7.3,-73.96502749,-1.290933261,31,10.91666667
25/09/2004,24.73374,3.76,11.43,11.95,10.62,1.005,63.52,14.7,4.24,11.87,12.53,11.13,2.8,304.1,19.53,4.03,12.43,13.08508,11.45595,1.773,350.4,18.78,7.6,13.8,10.2,-114.1421051,-1.992155549,32,15.41666667
26/09/2004,24.73648,5.46,11.73,12.64,10.27,1.206,87.6,20.22,5.7,12.16,13.13,10.63,4.8,115.6,30.02,6.28,12.64,13.62508,10.82595,1.182,285.3,26.3,2,15,11.1,-119.5851235,-2.087154142,49,21.79166667
27/09/2004,24.73922,1.65,10.62,11.91,9.74,12.46,87.5,9.8,1.69,11.09,12.53,10.14,12.6,154.1,13.23,1.69,11.35,12.72508,10.25595,13.4,264.2,10.26,14.2,12.6,9.3,-110.4815641,-1.928267057,21,7.833333333
28/09/2004,24.74196,2.89,9.7,11.62,8.28,3.819,28.03,12.67,2.68,10.2,12.2,8.54,6.4,85.2,11.6,2.76,10.35,12.29508,7.775952,4.925,298.8,15.71,3,12,9.5,46.55871321,0.812602841,23,13.33333333
29/09/2004,24.74470,3.19,10.5,12.31,7.22,4.02,114.4,14.24,3.81,10.84,12.8,7.7,4.8,129.5,14.01,4.43,11.15,12.94913,8.357849,4.728,182.7,17.08,2,13.2,6.7,122.3225103,2.134930554,18,9.458333333
30/09/2004,24.74743,2.84,11.1,12.28,10.39,2.211,128.6,11.66,2.79,11.42,12.83,10.23,3.6,212.7,14.24,2.58,11.7,12.91913,10.91785,3.152,252.9,13.95,19.6,13.9,8.9,-151.2659975,-2.640089704,20,9.416666667
01/10/2004,24.75017,6.04,11,12.02,9.38,2.613,163.1,19.08,6.07,11.26,12.1,9.77,2.4,142.7,20.12,7.47,11.61,12.38913,10.23785,2.364,180.8,21.23,0.4,13.4,8.1,162.8916019,2.842994777,34,13.54166667
02/10/2004,24.75291,7.17,9.6,10.74,8.12,6.432,155.7,22.51,5.64,9.94,11.01,8.5,12.2,220.9,28.39,6.21,10.5,11.58913,9.05785,8.47,208.1,27.34,14.6,12.3,8.2,-152.8505151,-2.667744751,40,18.54166667
03/10/2004,24.75565,5.18,8.68,9.91,7.02,6.834,165.5,16.2,4.11,9.03,10.21,7.37,7.4,161.3,20.06,3.69,9.77,10.95913,8.12785,7.88,226.1,23.55,37,12,7.1,-158.6911138,-2.769682429,35,14.625
04/10/2004,24.75838,2.83,8.58,10.4,6.362,14.07,110.1,16.82,2.59,8.95,10.8,6.699,18,267.6,19.53,2.84,9.68,11.45913,6.917849,17.93,294.4,16.53,21,11,3.2,-135.4214468,-2.363550124,34,10.66666667
05/10/2004,24.76112,3.79,8.9,10.11,8.02,10.25,20.57,22.93,7.03,9.35,10.21,8.54,14.6,352.4,28,6.96,10.06,10.98913,9.09785,12.21,349.8,28.71,16.8,10.7,7.2,-126.0383318,-2.199783874,32,14.375
06/10/2004,24.76386,3.35,8.98,10.7,7.89,10.25,5.934,18.88,5.87,9.39,10.71,8.2,12,317.1,24.04,5.89,9.81,11.32944,8.654881,8.27,220.3,27.73,21.6,12.1,8.4,-29.54218727,-0.515608436,34,18.83333333
07/10/2004,24.76660,4.12,8.47,10.37,6.826,11.46,29.83,15.58,3.97,8.86,10.4,7.2,12.2,107.8,17.31,4.71,9.27,10.88944,7.644881,15.37,358.6,21.1,4.2,11.9,6.3,-3.316685849,-0.057887088,29,15.79166667
08/10/2004,24.76934,2.33,7.67,9.31,6.632,0.201,25.45,9.15,2.13,8.12,9.11,7.07,0.2,112.8,10.29,2.45,8.48,9.389444,7.814881,0.197,323.9,11.07,0.8,10.7,2.5,-8.287206532,-0.14463904,16,7.666666667
09/10/2004,24.77207,2.31,7.91,8.55,6.957,0,47.37,6.925,1.64,8.33,8.94,7.5,0,147.1,7.58,1.71,8.78,9.589444,7.684881,0,237.3,7.55,0,9.6,6.5,-16.79100898,-0.293058391,11,5.25
10/10/2004,24.77481,1.5,8.79,9.84,7.99,0.201,147.6,6.86,1.46,9.02,10.01,8.24,0,143.3,6.533,2.23,9.78,11.28944,8.254881,0,165.4,8.56,0,9.8,7.7,118.5890776,2.06976986,13,5.25
11/10/2004,24.77755,2.66,9.96,11.75,8.45,0.603,159.9,8.69,3.01,10.16,11.66,8.94,1,144.7,9.41,4.37,11.16,12.14944,9.584881,0.788,178.3,10.42,0,13.8,7.6,150.0878587,2.619527302,18,6.833333333
12/10/2004,24.78029,4.19,9.83,10.37,9.14,0.402,185.1,14.63,4.68,10.1,10.7,9.47,0.4,145.5,17.22,6.54,11.08,11.75944,10.35488,0.394,177.3,16.4,0,12.4,9.4,162.5175992,2.836467199,23,13.04166667
13/10/2004,24.78303,1.79,9.97,11.88,8.52,0.402,159.7,9.77,1.88,10.2,11.71,9.04,0.6,164,8.56,2.52,10.8,12.07545,8.989096,0.394,199.2,9.38,0,12.3,8.5,138.2628687,2.413142291,16,4.666666667
14/10/2004,24.78576,1.76,7.62,8.78,6.563,15.68,328.7,10.13,3.32,8.23,9.24,7.6,21.2,328.8,12.84,3.19,8.75,9.755452,7.989095,14.18,313.9,13.33,14,13,5.7,-121.108963,-2.113750158,11,4.166666667
15/10/2004,24.78850,6.59,9.79,11.19,6.799,4.422,38.88,17.35,5.05,10.25,11.76,7.9,4.8,185.3,21,4.89,10.85,12.35545,8.389095,4.531,195.2,18.72,12.2,13.2,5.3,NA,NA,40,NA
16/10/2004,24.79124,5.63,9.42,10.63,7.29,0.804,38.23,17.71,5.28,9.82,10.77,7.8,1,100.3,22.77,5.18,10.37,11.42545,8.289096,0.788,295,20.29,5.6,11.3,9.2,23.24622104,0.405723096,37,21.83333333
17/10/2004,24.79398,2.45,8.14,9.81,6.891,3.216,12.64,16.99,3.33,8.52,9.71,7.57,3.8,295.6,13.85,3.56,9.08,10.45545,7.989095,3.349,8.16,15.55,2.6,11.3,4.7,-21.96899485,-0.383431293,23,11.08333333
18/10/2004,24.79671,2.57,6.84,8.95,4.842,2.211,52.28,10.09,2.58,7.25,9.44,5.14,1.6,302.5,13.23,2.93,7.79,9.915453,5.610095,2.167,331.6,11.07,7.6,10.3,3.3,-138.9688384,-2.425463788,21,7.541666667
19/10/2004,24.79945,2.77,4.91,6.407,3.822,5.226,255.6,16.01,2.4,5.26,6.712,4.236,6.6,358.1,17.41,2.12,5.98,7.705452,4.585095,6.304,312.8,13.16,16.4,10,5.2,NA,NA,34,NA
20/10/2004,24.80219,4.36,6.9,8.42,4.615,0.804,95.2,15.65,3.37,7.21,9.07,4.939,0.8,156.2,17.44,3.42,7.96,11.97,4.61,0.985,194.8,18.33,10.8,10,2.3,147.5337842,2.574950292,31,11.45833333
21/10/2004,24.80493,4.21,8.28,9.78,6.199,37.19,63.26,22.7,3.71,8.72,10.34,6.806,48.2,222.2,21.76,4.4,9.69,11.13,7.58,48.46,318.1,23.72,42,10.8,7.7,150.7736218,2.631496126,37,16
22/10/2004,24.80767,2.6,9.1,10.11,8.08,2.01,29.08,11.76,2.55,9.58,10.51,8.67,1.8,114.2,11.66,2.97,10.63,11.63,9.56,2.167,344.4,13.65,0.8,11.4,6.2,-55.27123138,-0.964664969,27,8.666666667
23/10/2004,24.81040,3.55,8.26,9.41,7.55,0.603,35.8,11.24,2.85,8.74,10.1,8.1,1.4,96.7,12.38,3.42,9.74,10.56,9.09,0.394,334.1,14.11,4.4,11.3,4.6,-19.03902235,-0.332293626,19,7.5
24/10/2004,24.81314,7.95,8.31,9.4,7.36,7.04,54.11,19.11,5.72,8.74,10.1,7.67,13,190,21.95,5.87,9.76,10.82,8.79,11.23,219.9,23.94,17,9.7,6.5,61.39209606,1.071494211,32,17.45833333
25/10/2004,24.81588,3.49,7.41,8.71,6.335,14.27,28.57,17.31,3.53,7.78,9.04,6.21,15,77.2,18.16,3.42,8.67,10.16,5.98,14.38,300.1,20.91,3,9.7,2.5,10.70683063,0.186869447,34,16.875
26/10/2004,24.81862,2.38,7.59,9.38,5.773,7.04,145.5,11.66,2.22,7.72,9.47,6.01,7.8,128.3,10.45,2.9,8.96,10.93,7.08,9.85,174.1,11.86,5.2,10.4,1.7,178.0935731,3.108319228,23,8.291666667
27/10/2004,24.82136,3.79,9.15,10.07,8.12,8.04,114.5,10.71,3.05,9.45,10.34,8.37,8.6,134.7,13.2,3.41,10.66,11.57,9.72,9.06,189.3,11.07,11.2,11.4,7.5,122.5883933,2.139571088,29,13.79166667
28/10/2004,24.82409,8.87,9.32,9.91,8.32,1.206,56.08,17.48,6.71,9.72,10.31,8.84,3.8,174.6,28.49,5.81,10.82,11.4,9.89,2.955,212.1,19.21,16,10.4,9.4,72.4409282,1.26433271,34,19.45833333
29/10/2004,24.82683,4.41,10.19,10.92,9.25,0.201,30.86,12.77,3.47,10.52,11.36,9.81,0.4,141.2,12.58,3.92,11.62,12.45,10.69,0.197,304.8,17.67,1.2,12.2,8.9,50.36681573,0.879066768,21,10.25
30/10/2004,24.82957,2.5,9.01,10.4,7.85,0,30.22,12.18,2.62,9.33,10.16,8.4,0.8,324.8,11.43,3.17,10.42,11.87,9.32,0.197,352,13.72,0.2,11.6,7.7,-44.35067915,-0.774065377,17,7.083333333
31/10/2004,24.83231,3.63,9.23,10.07,7.75,1.005,97.2,15.06,3.21,9.63,10.57,8.34,2.8,244.8,15.58,3.04,10.64,11.5,9.29,2.167,326.4,16.95,0.6,10.7,7.7,-130.8247943,-2.283323404,21,9.833333333
01/11/2004,24.83504,4.1,8.91,9.74,7.95,1.407,193.9,14.08,3.33,9.27,9.94,8.47,2.2,160.6,13.85,2.91,10.36,11.13,9.42,1.576,216.3,11.56,0.4,12.3,7.9,-145.0454833,-2.531521249,23,7.25
02/11/2004,24.83778,6.24,9.21,10.21,7.89,0,209.4,14.11,5.15,9.53,10.54,8.24,0,166.7,13.82,5.19,10.69,11.67,9.49,0,193,15.88,0.4,11.4,9.3,173.1098009,3.021335993,26,14.54166667
03/11/2004,24.84052,5.4,8.99,10.01,6.66,3.618,187.6,16.14,4.51,9.34,10.34,7.17,3.8,163.1,21.14,4.23,10.44,11.5,8.22,3.743,223,15.32,8,11.4,7.5,-172.463115,-3.010049194,35,13.83333333
04/11/2004,24.84326,4.17,7.52,8.91,6.003,2.211,32.33,19.53,5.75,7.92,9.17,6.437,6.8,359.6,26.95,5.78,8.93,10.29,7.55,5.122,338.7,24.21,16.8,10,5.9,-104.5763173,-1.825201056,45,17.16666667
05/11/2004,24.84600,3.33,9.32,10.37,7.46,20.7,62.2,14.7,3.89,9.83,11.1,8.1,31,293.3,19.57,4.11,10.77,12.03,8.85,29.55,352.3,15.35,3.8,10.9,6.1,-103.8386726,-1.812326727,24,10.91666667
06/11/2004,24.84873,2.62,10.12,10.57,8.71,16.68,69.18,12.61,5.14,10.75,11.43,9.27,13.8,170.1,19.99,3.9,11.77,12.54,10.23,13,318.3,16.53,6.2,11.9,9.2,-108.0736268,-1.886240622,20,8.291666667
07/11/2004,24.85147,3.03,9.32,10.24,7.99,1.608,48.88,13,3.85,9.77,10.74,8.4,4.6,307.1,17.08,4.12,10.78,11.7,9.25,3.152,340.8,16.59,2.6,12,8.7,-103.7978871,-1.811614887,25,11.29166667
08/11/2004,24.85421,2.5,8.77,10.14,7.45,1.809,110.2,13.1,2.73,9.19,10.64,7.93,5,305.3,15.48,2.79,10.17,11.53,8.85,3.546,310.5,16.33,2.2,11,7,-123.8429564,-2.161467345,22,7.916666667
09/11/2004,24.85695,4.22,8.16,9.68,5.666,6.231,36.33,15.94,6.01,8.63,9.91,5.66,8.2,341.1,27.44,6.18,9.6,11.16,6.911,6.698,338.3,26.3,10.4,11.2,6.1,-104.6824929,-1.827054171,37,14.41666667
10/11/2004,24.85969,2.86,8.67,9.98,7.19,0.603,38.83,13.13,3.79,9.16,10.47,7.97,2.2,324.8,14.73,4.41,10.2,11.4,9.05,1.576,324.4,19.5,0.2,9.7,5.9,-62.90640037,-1.097923807,NA,11.125
11/11/2004,24.86242,4.51,9.98,10.4,9.54,0.804,66.3,18.33,3.29,10.45,11,9.93,3,344.8,19.24,4.42,11.48,12,11.03,1.576,277.6,19.18,4.2,12.3,9.3,-114.5860052,-1.999903067,41,19.08333333
12/11/2004,24.86516,3.49,6.01,10.37,4.12,2.01,350.6,22.02,6.5,6.5,10.93,4.2,3.6,346.6,27.6,6.72,7.55,11.97,5.674,2.364,331.4,29.11,12.6,11.9,2.6,-50.72326386,-0.885287962,56,22.41666667
13/11/2004,24.86790,3.08,7.01,9.44,4.883,1.005,31.92,16.59,3.69,7.47,9.91,5.34,0.6,342.3,15.65,4.37,8.52,10.96,6.277,0.591,321.3,17.87,2,8.4,3.2,-77.15027475,-1.346526313,28,11.66666667
14/11/2004,24.87064,6.08,9.79,10.24,9.08,4.02,57.01,24.57,3.98,10.18,10.64,9.64,4.2,255.4,22.54,6.45,11.3,11.83,10.63,4.334,336.3,25.41,8,11.2,7.7,-117.9215585,-2.058119454,43,21.625
15/11/2004,24.87337,2.32,7.17,9.74,5.547,8.64,344.4,18.29,3.1,7.61,10.31,5.976,10.6,341.6,18.23,3.62,8.53,11.33,6.316,9.65,351.7,19.57,21,10.9,3.9,-83.24164232,-1.452840733,35,11.625
16/11/2004,24.87611,1.96,6.68,7.52,5.314,0.804,77.3,6.043,1.35,6.91,7.77,5.441,1.2,114.8,6.991,1.49,7.98,8.99,5.881,1.182,172.7,5.423,0,7.7,3.8,-52.31843061,-0.913128874,7,3.291666667
17/11/2004,24.87885,5.48,6.73,9.11,4.419,2.613,30.18,20.94,6.84,7.18,9.64,4.772,16.6,324.1,33.78,7.47,8.15,10.63,5.909,4.334,350.6,28.22,7.8,9.3,3.8,-88.04919659,-1.536748384,50,17.91666667
18/11/2004,24.88159,3.67,2.74,4.784,-0.644,3.216,37.37,15.06,3.19,3.18,5.307,-0.234,1.4,157.7,16.79,3.49,4.32,6.348,0.871,5.319,287,17.8,2.2,4.9,0.5,-14.08459916,-0.245822629,30,11.875
19/11/2004,24.88433,2.06,1.16,2.57,-0.378,1.608,336.9,11.79,2.96,1.73,2.778,-0.134,1.2,301.6,17.51,2.84,2.86,3.946,1.166,1.97,291.7,15.48,1.2,2.7,-1.7,-35.32145087,-0.616475614,31,12.79166667
20/11/2004,24.88706,3.55,3.64,5.48,1.082,3.417,80.3,9.87,3.31,3.72,5.575,1.908,7.2,117.9,11.07,3.88,5.11,7.51,2.371,0.591,164.7,11.69,1.6,3.8,-1.8,-63.22080834,-1.103411261,23,6.541666667
21/11/2004,24.88980,4.85,8.61,10.54,5.281,21.51,108.5,20.35,4.66,9.02,11.07,5.34,32.6,142.2,19.73,6.12,10.24,12.07,7.11,32.11,184,20.84,56.8,11.2,2.3,179.9762151,3.141177529,32,13.58333333
22/11/2004,24.89254,2.78,8.93,9.78,7.62,2.814,30.86,12.81,3.75,9.37,10.21,8.03,5.2,23.17,21.66,3.15,10.41,11.36,8.65,3.94,1.858,17.87,19,10.7,7,-50.54186018,-0.88212187,34,13.5
23/11/2004,24.89528,5.7,9.22,10.07,7.69,8.04,203.5,15.42,4.03,9.62,10.5,8.03,8.4,132.6,18.42,3.11,10.65,11.67,9.02,7.49,207.5,12.09,7.4,11.2,6.8,160.2130165,2.796244643,34,14
24/11/2004,24.89802,6.8,9.76,10.34,9.35,9.85,194,15.78,4.79,10.17,10.74,9.6,16,62.88,19.04,4.71,11.22,11.87,10.86,11.82,197.9,15.42,9.6,11.6,10.5,-150.4163923,-2.625261294,33,18.70833333
25/11/2004,24.90075,6.33,9.22,10.01,7.42,4.221,214.4,18.55,5.43,9.55,10.3,7.53,4.4,135.7,15.84,4.93,10.65,11.46,8.69,3.94,237.1,16.37,1.8,11.3,10.3,-160.0695938,-2.793741444,31,17.375
26/11/2004,24.90349,2.77,7.46,8.18,6.397,0.603,15.76,10.16,3.99,7.88,8.54,6.897,1.2,346.4,16.14,3.96,8.88,9.79,7.85,0.591,346.8,12.64,3.4,10.5,5.2,-84.1018006,-1.467853327,24,11.20833333
27/11/2004,24.90623,2.34,6.53,7.99,4.983,8.04,31.58,15.97,2.43,6.94,8.47,5.24,8.4,346.4,14.57,2.72,7.97,9.49,5.98,8.86,330.1,19.83,6.6,6.8,2.4,-99.66097196,-1.739412096,26,7.458333333
28/11/2004,24.90897,2.78,6.33,7.82,5.214,0.201,45.94,14.63,2.52,6.69,8.2,5.441,0,273.5,15.94,2.94,7.86,9.32,6.844,0,355.2,17.41,2.2,7,2.6,-52.02566029,-0.908019068,29,9.458333333
29/11/2004,24.91170,6.5,8.26,9.01,7.22,6.432,176.7,19.4,4.99,8.57,9.37,7.57,9.2,99.3,23.98,5.23,9.76,10.53,8.79,7.49,197.7,19.53,2.2,9.5,3.8,-149.1688447,-2.603487481,32,16.66666667
30/11/2004,24.91444,5.57,6.93,8.55,5.067,7.24,162.6,25.06,4.04,7.21,8.97,5.131,5.8,254.8,22.96,4.05,8.38,10.03,6.375,5.516,226,19.57,14.8,8.8,4.2,-151.7004936,-2.647673091,43,15.54166667
01/12/2004,24.91718,1.77,5.38,7.27,3.423,1.407,346.1,9.47,1.91,5.96,7.35,4.169,1.6,315.1,9.05,1.95,6.65,8.42,3.644,1.576,355.7,10.75,0.6,6.3,0.2,-82.7075573,-1.443519191,14,5.708333333
02/12/2004,24.91992,3.64,7.75,9.38,4.817,2.412,149.3,14.11,2.96,8.07,9.74,5.307,4.2,261,18.39,3.44,9.19,10.96,5.788,3.349,195.7,16.01,1.4,9.1,-0.6,-144.6809569,-2.525159063,27,10.5
03/12/2004,24.92266,3.57,8.75,9.81,7.36,1.407,129.7,18.33,3.82,9.16,10.27,7.87,1.2,306.6,17.51,4.35,10.23,11.36,8.72,0.788,212.7,18.39,6,10.3,7.1,-124.2761392,-2.169027811,32,12.08333333
04/12/2004,24.92539,6.44,9.41,9.91,7.82,8.84,165.9,18.33,5.75,9.85,10.4,8.54,17,337.7,24.83,7.2,10.92,11.46,9.36,10.64,178.8,28.35,12.4,11.3,9,-134.8705153,-2.353934556,43,19.91666667
05/12/2004,24.92813,6.39,8.73,10.11,6.825,1.005,173.2,18.98,5.24,9.18,10.5,7.27,1.4,18.56,22.08,5.34,10.22,11.63,8.18,0.591,236.2,20.55,1.8,10.7,4.9,-130.6697951,-2.280618157,38,17.125
06/12/2004,24.93087,6.2,8.31,10.07,5.73,2.814,92.9,21.72,4.93,8.67,10.54,6.228,4.8,253,23.45,5.77,9.79,11.57,7.25,3.349,281.9,27.67,10,11.5,6.2,-129.8832583,-2.2668905,46,20
07/12/2004,24.93361,5.77,8.02,9.08,6.594,0.201,158.2,17.51,4.27,8.4,9.47,7.06,0.2,141,17.35,4.31,9.55,10.53,8.18,0,231.5,16.56,2,8.9,5.2,-127.0159161,-2.216845938,39,13.95454545
08/12/2004,24.93634,7.62,9.47,10.07,8.45,5.226,198.6,20.35,5.61,9.89,10.54,8.94,4.4,102,22.67,4.53,10.98,11.63,9.89,3.743,199.4,16.59,2,11.3,8.2,-162.0842957,-2.828904626,41,20.33333333
09/12/2004,24.93908,11.21,9.07,9.84,8.05,13.87,208.5,24.63,8.73,9.47,10.34,8.5,13.2,132.6,24.37,5.56,10.56,11.33,9.76,11.82,215.4,20.02,1.8,11,9.2,-166.6873886,-2.909243753,48,26.29166667
10/12/2004,24.94182,4.52,7.32,8.62,5.837,4.623,128,15.94,3.47,7.64,8.97,6.207,4.6,214.9,17.15,3.51,8.77,10.19,7.25,4.531,257.1,18.95,23,9.8,3.9,-136.8850214,-2.38909432,39,11.45833333
11/12/2004,24.94456,5.77,8.53,10.07,7.06,0.402,199.2,13.69,4.22,8.95,10.53,7.34,0.8,119.9,18.36,3.75,10.1,11.63,8.48,0.394,208,10.68,0.4,11,3,-156.7347909,-2.735538154,25,11.375
12/12/2004,24.94730,8.26,9.21,9.74,8.81,0.201,211.8,18.06,6.42,9.59,10.24,9.17,0,139.3,17.97,4.1,10.72,11.33,10.29,0,216.8,11.79,0.8,11.1,9.5,-159.1752057,-2.778131426,31,16.125
13/12/2004,24.95003,10,8.49,9.35,6.559,10.25,203.4,26.17,7.39,8.86,9.71,6.897,10.2,134.2,28.09,5.55,9.99,10.83,8.02,8.08,219.4,20.19,4,9.9,8.6,-165.8821715,-2.895190063,43,25.16666667
14/12/2004,24.95277,4.52,7.38,9.78,5.446,13.47,69.66,24.96,3.9,7.82,10.21,5.809,20.4,320,28.94,4.23,8.8,11.33,6.75,14.18,284.9,22.9,28.8,11,5.6,-125.7600788,-2.194927442,53,17
15/12/2004,24.95551,6.61,6.93,8.22,4.881,11.86,131.6,26.3,5.52,7.36,8.6,5.635,16,344.9,30.12,5.64,8.38,9.79,6.342,10.44,270.7,20.32,4.6,8.3,3.5,NA,NA,48,NA
16/12/2004,24.95825,4.72,6.22,8.32,3.423,5.427,51.52,19.21,6.92,6.64,8.67,3.902,7.6,3.251,30.41,6.73,7.71,9.72,4.848,5.713,348.6,23.94,25,8.3,3.7,NA,NA,NA,NA
17/12/2004,24.96099,3.5,3.51,5.082,1.374,7.04,7.76,18.36,5.77,4.05,5.742,1.795,5.4,359.2,25.97,5.8,5.06,6.685,2.874,6.501,341.8,21.43,6.2,4.5,0.9,-68.30212618,-1.192096988,38,14.41666667
18/12/2004,24.96372,4.28,3.7,5.082,0.942,1.809,54.17,14.8,4.53,4.06,5.508,1.362,1.8,98.4,27.28,4.18,5.21,6.681,2.438,1.576,295.9,20.25,13.8,5.3,0.9,53.19411691,0.928412483,32,11.54166667
19/12/2004,24.96646,3.47,4.62,6.634,2.139,2.211,140.8,14.6,2.33,4.84,6.779,1.774,2.8,276.4,13.2,2.89,5.9,7.98,1.97,3.152,235.6,15.52,4.4,4.9,-3.1,-149.6719641,-2.612268571,30,10.25
20/12/2004,24.96920,2.7,5.72,6.905,4.186,6.03,355.6,12.87,3.18,6.29,7.47,4.537,9.6,344,15.78,3.32,7.38,8.45,5.311,8.67,317.5,15.03,6,6.3,0.8,-109.6476576,-1.913712643,27,8.375
21/12/2004,24.97194,5.11,7.25,9.61,5.408,8.84,69.43,22.34,5.1,7.74,10.31,5.97,23,299,27.41,5.53,8.78,11.26,6.88,14.38,338.7,30.28,19.6,9.1,0.3,NA,NA,NA,NA
22/12/2004,24.97467,4.94,8.48,9.81,6.725,4.221,44.32,25.12,6.27,8.97,10.58,7.3,11.2,155.5,28.62,5.74,10.05,11.5,8.18,5.122,353.3,31.33,6.8,10.7,6.1,-101.1263029,-1.764986946,49,18.75
23/12/2004,24.97741,4.24,6.02,9.68,2.266,8.64,24.16,27.11,6.09,6.5,10.24,2.597,31.8,8.48,35.28,6.18,7.48,11.36,3.711,11.03,352,31.23,15.8,10.4,2.6,-94.91224992,-1.656531262,56,17.5
24/12/2004,24.98015,3.58,3.1,4.651,0.877,1.206,26.07,15.06,5.2,3.55,5.407,0.736,3.4,338.7,23.75,5.32,4.56,6.221,1.869,2.167,349.8,23.36,9.6,4.8,0.9,-111.5549584,-1.94700132,40,12.29166667
25/12/2004,24.98289,4.48,2.32,4.817,-0.71,9.85,349.4,26.23,7.96,2.93,5.474,-0.402,15,338.7,32.6,7.97,4.02,6.651,0.732,8.27,303.9,30.25,11.4,4,-1,-47.93891873,-0.836691972,53,23.25
26/12/2004,24.98563,3.39,5.75,8.78,3.758,0.804,40.98,22.05,3.74,6.24,9.14,4.102,3.6,294.1,31.36,4.3,7.38,10.39,5.319,0.985,235.3,20.16,3,6.3,1.7,-73.65446271,-1.285512883,39,15.20833333
27/12/2004,24.98836,6.67,6.87,8.91,2.096,8.04,130.7,25.64,6.26,7.28,9.34,2.295,4,28.57,30.94,6.56,8.38,10.46,3.434,8.27,249.1,23.81,19.8,9.6,3.1,-126.7835112,-2.212789708,47,20.79166667
28/12/2004,24.99110,5.03,3.9,5.911,1.569,4.02,24.23,21.2,7.29,4.43,6.679,1.928,6.2,358.6,27.67,7.28,5.41,7.48,3.108,6.107,352.2,27.8,12.4,4.4,1.2,-87.9159526,-1.534422838,43,17.79166667
29/12/2004,24.99384,6.79,8.7,10.31,5.547,5.628,106.4,21.17,5.97,9.21,10.77,5.842,3.8,232.2,27.21,5.73,10.29,11.97,6.914,8.47,269,26.75,3.8,11.9,2.5,NA,NA,43,NA
30/12/2004,24.99658,3.05,6.63,8.78,3.987,1.809,25.37,13.33,3.51,7.15,9.24,4.905,2.2,0.778,22.02,3.62,8.06,10.39,4.881,1.97,347.7,18.65,5.6,11.6,1,-107.3110307,-1.87293081,37,12.04166667
31/12/2004,24.99932,5.93,6.56,8.02,4.61,1.809,140.4,19.8,4.27,6.94,8.44,5.232,2.4,294.6,22.12,5,8.11,9.59,6.107,2.364,231.8,21.98,4.4,8.1,1.1,-136.2529333,-2.378062302,39,13.91666667
01/01/2005,25.00205,5.71,4.46,7.29,0.843,6.03,63.05,23.1,5.91,4.87,7.7,0.998,4,23.57,32.27,6.05,5.92,8.85,2.17,8.86,311.6,26.59,12.6,8.3,1.1,-121.6979574,-2.124030049,47,16.91666667
02/01/2005,25.00479,5.2,4.13,7.76,0.251,9.65,26.45,21.07,7.07,4.61,8.07,-0.033,3,49.14,37.66,6.77,5.69,9.29,1.668,9.46,346.8,38.12,9.4,5.2,0.7,-80.35802358,-1.402512092,61,22.58333333
03/01/2005,25.00753,7.76,8.87,9.94,7.66,2.01,171.8,23.29,6.28,9.39,10.54,7.9,8.8,76.6,33.22,7.03,10.45,11.53,9.22,1.773,203,27.34,10,10.5,3.1,-135.817282,-2.370458752,52,20.66666667
04/01/2005,25.01027,7.44,5.45,9.41,2.296,9.45,73.6,24.83,6.27,5.82,9.97,2.53,10.2,267.4,38.45,6.57,6.89,10.96,3.778,9.85,300.1,28.26,23.2,10.6,2.7,-121.4497124,-2.119697357,52,23.66666667
05/01/2005,25.01300,7.41,5.84,7.89,2.495,8.44,95.7,27.86,7.16,6.34,8.47,2.63,4.2,329.7,30.18,7.48,7.35,9.56,3.634,7.29,327,27.44,17.2,8.4,3.2,-121.9595725,-2.128596094,59,24
06/01/2005,25.01574,7.32,8.12,10.31,4.551,12.86,172,24.6,6.22,8.63,11.04,4.772,5.6,330.6,31.2,7.76,9.69,12.03,5.916,14.58,188.1,33.25,23.4,11.9,3.3,NA,NA,52,NA
07/01/2005,25.01848,5.18,6.81,8.32,4.71,2.01,81.6,18.39,3.94,7.24,8.9,4.998,0.4,249.2,21.1,4.68,8.31,9.89,5.907,2.561,307.2,26.46,9.4,9.9,5.2,-129.9352989,-2.26779878,39,16.91666667
08/01/2005,25.02122,4.68,4.12,5.48,1.433,2.814,39.02,26.53,4.99,4.55,5.876,1.593,0.8,345.8,29.82,5.72,5.55,6.886,2.537,4.925,338,28.03,15,6,1.3,-88.50249616,-1.544659954,43,15.125
09/01/2005,25.02396,8.09,7.42,10.04,4.253,18.89,190.1,21.98,6.28,7.87,10.57,4.604,1.8,126.3,34.17,4.93,8.93,11.63,5.613,15.17,226.1,19.96,24.4,10.7,2.4,-144.7115576,-2.525693146,45,19.95833333
10/01/2005,25.02669,6.17,6.69,9.25,4.579,4.422,92.7,22.54,5.45,7.13,9.84,5.039,0.4,252.8,28.22,6.27,8.19,10.8,5.773,5.91,272.8,27.8,14,11.2,5.5,-125.2343227,-2.185751268,52,23.04166667
11/01/2005,25.02943,9.82,6.36,8.62,3.755,104.7,166.8,39.49,8.69,6.8,8.97,4.27,57.4,167.2,41.81,9.64,7.94,10.16,4.879,90.2,174.2,52.5,19.4,9.9,4.8,-167.7355846,-2.927538224,88,28.41666667
12/01/2005,25.03217,5.53,4.95,6.11,3.158,21.11,4.64,33.55,8.5,5.52,6.612,3.701,45.4,23.6,40.77,7.7,6.54,7.69,4.671,15.76,98.2,30.45,30.2,6.5,2.8,NA,NA,84,NA
13/01/2005,25.03491,2.59,5.54,7.03,4.286,0.201,75,16.01,3.66,5.94,7.27,4.872,0.2,120.7,15.48,4.11,7.19,8.69,5.715,0.394,10.25,13.62,2.6,6.2,1.6,-102.5753689,-1.790277919,34,9.083333333
14/01/2005,25.03765,7.21,7.97,9.15,6.427,16.68,197.6,22.05,6.53,8.4,9.64,6.831,0.4,146.1,20.02,6.55,9.47,10.59,7.92,15.37,320.8,20.32,3.8,8.9,5.1,170.4152699,2.974307556,37,20.91666667
15/01/2005,25.04038,3.1,6.98,7.79,5.672,8.44,186.6,13.16,2.83,7.44,8.27,6.132,0.2,334.3,15.65,3.13,8.51,9.32,7.15,7.68,13.99,15.35,26.6,10.9,6.3,-165.5047054,-2.888602037,43,11.33333333
16/01/2005,25.04312,7.26,7.07,8.22,3.258,3.216,140.2,22.67,5.1,7.48,8.67,3.969,1.2,296.1,22.51,5.99,8.6,9.72,4.905,4.137,2.989,24.27,6.2,8.8,5.5,-143.3764078,-2.502390385,45,20.375
17/01/2005,25.04586,5.64,2.19,5.414,-1.009,3.819,66.86,20.55,4.16,2.42,5.608,-0.669,0.4,294.1,22.61,5.45,3.51,6.725,0.295,6.304,77.4,23.23,13.4,6.9,-0.5,-122.129119,-2.131555239,39,16.125
18/01/2005,25.04860,4.15,3.81,5.646,0.745,4.623,0.963,20.32,6.86,4.22,6.244,1.071,0.8,0.415,27.6,6.4,5.28,7.22,2.07,6.107,82.5,25.41,12.4,4.4,-1.4,-90.72997414,-1.583536779,52,17.625
19/01/2005,25.05133,5.66,6.16,9.21,3.191,6.231,44.57,24.96,6.69,6.7,9.81,3.366,52.2,348.6,34.17,6.97,7.7,10.93,4.313,9.46,86.1,29.27,7.2,9.8,1.2,-112.3795161,-1.961392568,63,19.625
20/01/2005,25.05407,5.29,4.92,6.708,2.296,4.422,5.039,22.18,8.67,5.45,7.38,2.697,25.8,51.73,42.79,7.46,6.5,8.38,3.672,7.09,102.9,28.75,15.4,6.8,2.1,-74.59979755,-1.302012089,58,26.25
21/01/2005,25.05681,2.01,4.04,5.209,2.9,4.221,4.496,12.84,3.17,4.51,5.575,3.244,NA,330.3,21.59,3.15,5.39,6.811,2.773,5.713,95,15.88,5.4,5.5,-0.2,-41.66383963,-0.727171181,35,11.70833333
22/01/2005,25.05955,2.41,3.49,4.618,1.838,0.603,24.07,9.51,1.94,3.88,5.207,1.967,NA,273.3,11.53,1.94,4.85,6.442,2.237,0.591,48.91,8.36,0.4,4.2,-1.9,-27.91679922,-0.487240063,17,7.125
23/01/2005,25.06229,2.66,5.25,6.659,3.757,2.412,346,13.95,4.37,5.78,6.903,4.437,NA,335.3,16.27,4.16,6.87,7.98,5.587,2.364,77.4,17.8,3.2,6.6,0.4,-36.97493119,-0.64533429,26,9.75
24/01/2005,25.06502,1.97,5.87,7.45,4.12,3.216,333.3,10.19,3.7,6.51,8.1,4.705,NA,333.1,14.54,3.56,7.62,9.22,5.751,2.167,47.85,14.28,7.4,6.3,1.6,-41.96559263,-0.732437764,16,5.75
25/01/2005,25.06776,2.91,7.65,8.25,6.891,2.412,347.3,16.07,5.29,8.2,8.7,7.57,NA,334.2,20.48,4.95,9.28,9.79,8.72,1.379,242.3,19.44,3,8.7,3.7,-32.07720447,-0.559852833,25,11.875
26/01/2005,25.07050,3,6.82,8.08,5.414,2.01,17.47,16.3,3.83,7.27,8.5,5.904,NA,243.8,18.26,4.49,8.39,9.66,6.911,1.773,48.55,20.12,1,8.3,5.5,-16.25139117,-0.283640284,23,11.91666667
27/01/2005,25.07324,2.58,6.19,7.55,5.047,1.809,2.725,14.96,4.44,6.72,7.97,5.809,NA,303,18.39,4.14,7.81,9.02,6.777,1.182,121.9,17.97,2.6,8.2,4,-23.75504942,-0.414603826,25,10.5
28/01/2005,25.07598,2.47,6.28,7.75,5.281,4.02,347.1,13.98,4.76,6.83,8.27,5.802,NA,333.1,18.13,4.44,7.86,9.32,6.844,2.561,266.1,19.63,1.2,7.6,4.7,-27.36235396,-0.477563168,25,12.5
29/01/2005,25.07871,1.98,7.11,7.89,6.263,1.608,28.86,12.61,3.62,7.6,8.2,6.797,NA,9.45,14.28,3.73,8.6,9.29,7.71,0.985,320.7,11.92,0.4,8.3,5.9,-78.62655766,-1.372292311,21,10.20833333
30/01/2005,25.08145,4.61,7.63,8.88,5.936,0.201,33.27,14.9,6.32,8.13,9.44,6.431,NA,217.7,27.54,5.7,9.17,10.53,7.41,0.591,311.8,22.18,1.2,9.2,6.2,-97.75138364,-1.706083493,36,16.33333333
31/01/2005,25.08419,3.06,8.63,9.44,7.52,2.01,349.2,15.16,6.42,9.05,9.84,7.87,NA,2.738,24.89,6.82,10.1,10.96,8.92,1.182,322.7,21.27,3.8,10.1,8.8,NA,NA,33,NA
01/02/2005,25.08693,2.06,6.98,8.65,5.539,1.407,7.77,14.73,4.08,7.38,8.54,5.929,NA,0.485,13,4.06,8.41,9.79,6.911,1.97,322.2,14.5,1.4,8.9,6,-75.85607881,-1.323938333,23,11.625
02/02/2005,25.08966,2.88,8.05,9.18,6.366,2.412,74,11.37,2.78,8.63,9.47,7.13,NA,323.8,18.2,3.04,9.6,10.49,7.95,2.955,290.7,15.42,3.6,9.9,4.3,-114.5572116,-1.999400524,25,10.83333333
03/02/2005,25.09240,5.66,7.68,8.52,5.764,1.809,144.2,19.34,4.04,8.11,9.11,6.128,NA,345.7,24.11,5.4,9.19,10.03,7.35,2.364,180.1,22.31,2.8,9.2,5.8,NA,NA,38,NA
04/02/2005,25.09514,2.24,5.09,6.833,3.092,1.809,41.3,11.79,2,5.55,7.11,3.701,NA,292.3,11.4,2.17,6.56,8.35,4.415,2.167,297.9,13.49,26.2,7.5,3.3,-150.3899223,-2.624799305,23,6.583333333
05/02/2005,25.09788,4.38,4.09,5.646,2.727,7.24,19.85,18.1,4.28,4.62,5.909,3.4,NA,103.8,21.98,4.55,5.72,7.05,4.245,5.516,295.9,22.54,7.8,6.8,1.2,-14.50350253,-0.253133872,33,12.375
06/02/2005,25.10062,3.34,3.08,4.477,1.968,0.402,39.71,17.35,2.86,3.48,4.768,2.265,NA,135.6,19.96,3.25,4.58,5.721,3.142,0.394,284.1,19.37,3.2,5.5,-0.6,-18.76511738,-0.327513083,34,12.625
07/02/2005,25.10335,9.39,5.08,6.269,3.457,12.86,192.3,24.7,7.48,5.48,6.705,3.902,9.2,171.2,24.96,5.65,6.66,7.75,5.185,7.88,191.7,20.38,8.8,6.8,-1,-163.7979409,-2.858813376,52,22.08333333
08/02/2005,25.10609,6.32,6.57,8.02,4.485,2.412,165.6,19.89,4.84,6.98,8.47,4.905,3.6,326,22.7,6.42,8.16,9.59,6.109,2.955,169.3,19.6,4.4,8,3.8,-148.7541667,-2.596249984,38,20.54166667
09/02/2005,25.10883,6.19,5.77,7.46,1.672,3.618,65.7,22.02,5.59,6.21,7.9,2.061,10.2,274.9,26.88,6.31,7.26,9.02,3.075,5.122,318.1,29.99,12.8,8.2,3.5,-122.2563492,-2.133775825,47,19.41666667
10/02/2005,25.11157,4.87,3.77,5.547,1.374,5.427,17.46,21.4,7.35,4.27,6.077,1.736,16.8,354.2,31.49,7.82,5.29,7.19,2.874,6.304,334,27.21,18.2,5.1,0.6,-86.67470741,-1.512759022,45,20.41666667
11/02/2005,25.11431,2.46,5.17,6.099,4.253,1.206,120.4,8.85,2.26,5.58,6.536,4.671,1.6,117.5,10.91,2.77,6.65,7.49,5.009,1.379,174,11.6,2.6,6.9,2.1,-130.0079449,-2.269066692,27,7
12/02/2005,25.11704,3.53,4.64,6.767,1.473,9.45,350.1,20.42,7.02,5.13,7.01,1.794,12.2,2.544,36.82,7,6.18,8.02,2.807,10.83,326.2,29.73,17,7.1,1.7,-57.85402104,-1.009743153,54,17.41666667
13/02/2005,25.11978,4.16,3.1,4.916,0.282,6.432,18.12,24.37,6.33,3.57,5.34,0.602,19.8,281.5,32.47,6.55,4.73,6.652,1.769,5.713,168,37.73,5,4.7,1,-16.13789335,-0.281659373,57,26.16666667
14/02/2005,25.12252,1.81,4.79,6.725,3.191,1.206,352.9,11.04,2.65,5.25,6.872,3.667,0.8,322.7,14.47,2.59,6.19,8.18,4.08,0.985,317.5,15.78,2.4,5.9,0.5,-11.65117885,-0.203351433,31,12.25
15/02/2005,25.12526,3.72,6.03,7.65,4.518,0.603,197.1,12.41,2.75,6.48,8.2,4.905,1.6,179.3,15.26,2.93,7.5,9.02,4.448,0.788,227.9,10.32,0,6.7,0.3,-131.9553944,-2.303056098,25,8.458333333
16/02/2005,25.12799,3.75,6.9,7.99,5.414,0.402,41.08,14.67,3.93,7.36,8.5,5.773,1.6,133.9,16.33,4.38,8.4,9.56,6.811,0.788,355.8,15.35,3.2,9.9,4.2,-126.3184002,-2.204671989,31,13.79166667
17/02/2005,25.13073,3.28,6.66,8.05,5.513,0.804,35.4,13.88,3.23,7.16,8.6,5.943,2,2.7,15.35,4.07,8.21,9.72,7.01,1.576,336.6,18.42,1.6,8.8,2.9,-116.3914854,-2.031414641,33,11.625
18/02/2005,25.13347,3.79,5.49,7.75,2.826,2.814,342.6,18.85,6.94,6,8.4,3.266,5,348.7,26.04,7.33,7.06,9.36,4.544,2.955,343,27.24,11.2,9,1.9,-53.46086098,-0.933068045,47,20.20833333
19/02/2005,25.13621,3.15,3.49,5.215,2.262,0,21.64,13.56,3.92,3.94,5.541,2.831,0,255.9,16.37,4.28,5.05,6.316,3.879,0,262.9,20.94,1.2,3.8,0.4,-7.056467842,-0.123158597,31,15.5
20/02/2005,25.13895,2.9,3.13,4.22,2.428,0.402,21.2,15.48,2.49,3.59,4.671,2.864,0,88.2,12.97,2.88,4.68,5.788,4.013,0.197,21,20.87,1.2,4.2,0.2,-10.74869562,-0.187600129,28,11.45833333
21/02/2005,25.14168,5.81,4.9,7.06,3.489,1.809,52.06,19.14,5.17,5.31,7.47,3.701,1.6,168.1,21.79,4.94,6.46,8.69,4.87,0.985,230.2,20.16,16.4,7,0.6,70.05475173,1.222686074,31,12.83333333
22/02/2005,25.14442,5,3.97,5.465,2.428,1.206,56.78,13.2,3.84,4.32,6.463,2.797,1.6,167.5,19.21,3.48,5.44,7.25,3.979,0.985,242.1,13.62,3.6,6.6,0.9,55.21341797,0.963655935,20,8.375
23/02/2005,25.14716,5.8,3.09,4.419,0.904,0.603,69.28,14.99,4.01,3.34,4.638,1.325,0.6,144.9,21.3,3.9,4.54,5.821,2.338,1.182,213.7,16.07,1.2,5,1.2,82.20384352,1.434727727,31,12.91666667
24/02/2005,25.14990,5.37,2.73,4.551,0.713,0.201,61.47,11.89,3.77,3.01,4.905,1.071,0.8,165.7,15.84,3.48,4.19,6.089,2.338,0.197,230.4,12.38,0.4,5.4,0.3,66.5947435,1.162297539,28,10.5
25/02/2005,25.15264,4.28,4.3,5.746,2.863,0,52.51,10.03,2.88,4.75,6.144,3.232,0,156,14.08,2.8,5.83,7.15,4.515,0,257,11.24,0,6.9,0.2,NA,NA,14,NA
26/02/2005,25.15537,5.5,5.23,6.367,3.987,0.201,51.92,14.31,3.65,5.72,7.3,4.437,0.2,155.1,17.02,3.83,6.8,8.15,5.612,0,254.4,16.69,1.2,7.1,1.6,36.73722101,0.641185465,23,13.125
27/02/2005,25.15811,1.49,4.8,7.16,3.689,3.015,42.95,7.84,1.38,5.1,6.73,3.734,3.4,337.7,10.13,1.46,6.13,8.15,4.214,3.349,342.7,7.09,1.2,6.5,1,-91.03649244,-1.588886532,15,5.625
28/02/2005,25.16085,2.45,4.25,6.725,0.677,6.432,358.3,17.25,3.89,4.7,6.504,0.795,5.8,348.2,17.25,3.82,5.79,7.82,2.17,5.91,359.9,22.51,11.2,7.2,1.4,-74.12049913,-1.293646753,31,9.166666667
01/03/2005,25.16359,5.91,3.1,5.569,0.25,6.432,39.92,26.56,5.61,3.51,5.905,0.602,5.8,152.6,27.28,5.68,4.61,7.15,1.735,7.49,334.1,29.2,5.8,6.2,-0.2,NA,NA,37,NA
02/03/2005,25.16632,5.05,2.66,4.22,0.02,0.603,28.76,20.84,4.98,3.1,4.27,0.534,1.4,124.5,21.95,5.2,4.22,5.545,1.534,0.985,323.9,27.05,14,4.5,0.4,8.095483052,0.141292834,39,19
03/03/2005,25.16906,2.55,5.61,7.82,2.397,1.809,5.804,17.8,4.31,6.07,8.14,2.965,2.4,343.5,25.97,4.26,7.1,9.22,3.711,2.167,352.3,24.01,4.6,7.3,-1,-101.9261242,-1.778946461,31,10.875
04/03/2005,25.17180,3.38,5.57,7.12,3.855,0.402,347.8,16.56,5.77,6.01,7.47,4.437,1,326.4,24.04,5.79,7.1,8.52,5.773,0.394,278.4,24.57,8.6,7.2,1.6,-22.77709735,-0.397535343,40,18.08333333
05/03/2005,25.17454,3.9,4.52,6.096,3.16,0,28.12,19.18,3.52,4.94,6.136,3.405,0,91,18.39,3.93,5.98,7.31,2.773,0,346.2,18.62,0.4,7.3,3.6,-2.100265778,-0.036656553,28,15.625
06/03/2005,25.17728,1.45,5.51,8.45,2.999,1.206,319,8.17,2.3,5.79,8.8,3.14,1.4,325.6,8.17,2.25,6.44,9.69,2.339,1.182,359.7,12.48,0,9.1,-1.2,-86.29165799,-1.506073549,17,6.708333333
07/03/2005,25.18001,2.03,5.85,7.95,4.485,0.402,2.989,8.75,2.75,6.23,7.37,5.138,0.2,327.6,13.49,2.9,7.32,8.35,6.208,0.394,341.5,13.56,2.4,8.8,2.2,-33.99234012,-0.593278256,22,8.833333333
08/03/2005,25.18275,2.02,5.86,7.43,4.518,1.206,359.8,10.19,3.16,6.32,7.51,5.14,1,317,13.85,2.96,7.4,8.65,6.176,1.182,260.6,12.84,2.4,8.9,3.7,-27.94613304,-0.487752035,25,10.25
09/03/2005,25.18549,1.85,6.99,8.45,5.739,0.402,332.3,10.29,3.69,7.53,8.7,6.465,0.6,355.8,22.28,3.46,8.64,9.79,7.75,0.591,338.3,16.76,8.4,9.1,4.1,-68.02905928,-1.187331071,25,8.625
10/03/2005,25.18823,3.85,7.03,8.15,5.609,2.412,13.11,18.85,5.74,7.51,8.2,6.37,3.8,75.8,25.45,5.19,8.58,9.46,7.48,1.576,356,26.62,2,8.7,4.7,-94.47139707,-1.648836928,40,15.83333333
11/03/2005,25.19097,3.39,4.16,7.13,0.738,4.221,353.6,15.68,5.83,4.58,7.73,1.124,6.6,331.7,23,5.84,5.65,8.72,2.271,3.546,295.8,28.65,8.2,7.6,1.3,-37.68115336,-0.657660192,41,21.375
12/03/2005,25.19370,3.45,1.76,3.258,0.345,2.412,13.26,20.45,5.14,2.21,3.467,0.669,3,275.8,21.98,5.16,3.31,4.348,1.568,1.576,241.8,20.71,11,3.7,0.1,-16.66196101,-0.290806079,39,21.08333333
13/03/2005,25.19644,2.47,1.03,2.697,-1.241,1.407,359,11.92,3.9,1.41,2.597,-0.87,0.6,330.1,15.29,3.98,2.51,4.039,0.165,0.591,329.8,15.45,2.8,1.9,-1.9,-49.95760438,-0.871924683,42,17.66666667
14/03/2005,25.19918,2.85,3.57,5.863,1.307,0,75.2,9.34,2.89,3.84,5.87,1.774,0,120.9,12.05,2.7,4.86,6.409,2.74,0,246.5,12.77,4,6.6,0.2,-158.6241012,-2.768512838,25,8.208333333
15/03/2005,25.20192,5.3,6.85,9.08,3.954,11.86,146.6,16.14,4.03,7.4,9.87,4.069,13.4,96.4,18.13,3.87,8.38,10.93,5.316,14.18,202.9,14.37,28.8,9.7,2.6,140.5886665,2.453735121,27,14
16/03/2005,25.20465,6.03,8.65,9.24,8.12,9.25,184.6,21.72,4.57,9.32,9.8,8.77,11.2,47.92,23.52,4.65,10.29,10.76,9.72,10.24,202,24.76,26.4,11.5,9.3,-149.666326,-2.612170168,45,19.375
17/03/2005,25.20739,3.41,8.59,9.21,7.92,15.28,84.1,12.94,3.28,9.35,9.97,8.57,18.6,295.2,18.13,3.91,10.27,10.83,9.19,19.9,26.39,20.65,18.6,11.2,8.5,-132.3675754,-2.310250014,26,12.5
18/03/2005,25.21013,2.08,8.6,9.15,8.15,4.422,56.45,11.92,2.48,9.61,10.1,8.97,6,269.1,17.64,3.11,10.31,10.83,9.62,5.516,21.45,15.48,18.4,12.1,9,-130.9072928,-2.284763275,29,10.25
19/03/2005,25.21287,1.89,7.83,8.98,6.559,0.201,207.9,6.958,1.86,8.56,9.73,7.27,0.4,101.6,9.11,1.47,9.31,10.82,8.05,0.394,215.5,8.79,0.2,13.3,7.5,176.0411047,3.072496896,21,5.708333333
20/03/2005,25.21561,2.28,8.86,10.06,7.82,0,69.24,8.98,2.62,9.23,10.79,8.24,0,113.3,12.38,1.55,10.02,12.05,8.82,0,208.9,9.02,0.4,10.9,3.3,21.18221012,0.369699309,11,3.666666667
21/03/2005,25.21834,3.09,7.96,9.11,7.29,4.221,167.8,17.38,3.43,8.36,9.34,7.83,4.2,130.5,16.04,3.99,9.08,9.86,8.45,4.137,194.5,15.19,21,9.3,3.5,112.9096456,1.970645073,18,4.625
22/03/2005,25.22108,5.55,8.5,9.54,7.42,6.03,118.7,16.89,4.91,8.96,9.57,8.07,8.8,124.1,15.55,3.94,9.75,10.56,8.75,9.85,200.4,15.81,4.2,12.4,8.2,131.2442729,2.290644686,31,10.79166667
23/03/2005,25.22382,6.28,8.87,9.99,7.92,1.809,201.7,16.59,5.28,9.21,10.36,8.4,2,136.6,18.26,3.78,10.12,11.48,9.29,1.576,214.5,14.93,1.2,11.3,7.9,-176.9948878,-3.089143551,30,13.375
24/03/2005,25.22656,3.97,8.74,9.28,8.12,1.809,111.5,13.13,4.85,8.99,9.64,8.44,2.6,127.2,14.8,5.26,9.86,10.29,9.29,2.758,189.4,12.64,2,12.2,8.6,147.065776,2.566782008,24,10
25/03/2005,25.22930,1.36,8.8,11.06,7.66,0.201,210.1,7.91,1.15,9.28,12.3,7.7,0.2,198.8,7.48,1.5,9.84,12.35,7.51,0.197,203.5,8.46,0.8,12.4,7.1,158.1330798,2.759942899,13,4.291666667
26/03/2005,25.23203,4.39,7.74,10.04,5.534,0,41.84,15.94,2.42,8,10.03,5.86,0,60.71,16.17,2.91,8.95,11.13,6.945,0,333.1,13.85,0,9.4,6.9,42.99773467,0.750452041,27,12.54166667
27/03/2005,25.23477,7.12,7.37,8.84,6.427,0,58.53,13.98,3.97,7.76,9.66,6.864,0,161.1,15.26,4,8.86,10.78,7.88,0,246.9,12.9,0,11.2,6.6,68.03996035,1.187521331,28,14.04347826
28/03/2005,25.23751,6.34,7.22,8.15,6.364,0,59.78,13.23,3.23,7.65,8.86,6.897,0,154.3,14.28,3.33,8.63,10.12,7.88,0,268.7,12.12,0,9.6,5.5,66.16181395,1.154741492,31,13.54166667
29/03/2005,25.24025,3.39,6.51,7.19,5.572,0,80.8,9.02,2.41,6.81,7.63,5.905,0.4,112.1,11.24,2.11,7.89,8.55,6.978,0.394,196.7,10.55,0,8.9,4.7,98.43081739,1.717941849,26,13.25
30/03/2005,25.24298,1.13,7.42,9.96,5.547,0,70.2,3.92,1.29,7.65,9.76,5.474,0,89,4.704,1.28,8.31,10.38,5.52,0,123.6,4.181,0,10.9,5.7,129.9996044,2.268921122,15,7.916666667
31/03/2005,25.24572,3.19,7.21,7.89,6.626,1.005,161.5,15.19,4.18,7.48,8.2,6.496,0.8,130.5,15.32,5.75,8.62,9.29,8.08,0.788,191.2,14.73,0,10.5,2.9,139.7847517,2.439704161,16,6.166666667
01/04/2005,25.24846,5.26,8.3,9.28,7.52,3.216,190.8,18.46,4.13,8.68,9.21,7.83,4,120.4,19.5,4.37,9.64,10.26,8.95,2.561,207.4,18.98,1.8,11.1,8.3,-170.8151837,-2.981287369,37,17.33333333
02/04/2005,25.25120,6.6,8.86,10.07,7.59,0,208.4,16.01,4.63,9.29,10.46,7.97,0,147.1,14.67,3.88,10.25,11.13,9.02,0,220,15.58,0.6,13.2,8.6,-168.3784448,-2.938758251,36,13.875
03/04/2005,25.25394,3.56,6.57,8.48,3.814,2.613,140.4,16.24,2.86,6.92,8.74,4.067,4,304.1,21.04,3.59,7.93,9.76,5.203,3.349,241.2,22.57,8.8,11.7,5.6,-150.7418959,-2.630942405,28,9.541666667
04/04/2005,25.25667,5.15,5.4,7.1,2.76,4.422,129.1,20.02,4.63,5.74,7.4,3.366,5.6,297.8,27.96,5.43,6.87,8.25,4.34,4.728,242.5,21.33,9.8,9.4,3.4,-143.8014602,-2.50980895,37,16.95833333
05/04/2005,25.25941,4.76,6.79,8.65,4.352,6.834,186.6,15.09,4.54,7.14,8.83,4.738,9,117.1,19.31,3.38,8.16,9.82,5.685,8.67,255.6,14.24,14.4,10.9,2.6,-136.3591008,-2.379915274,35,14.58333333
06/04/2005,25.26215,2.64,5.83,7.22,4.483,2.613,69.07,16.53,2.49,6.24,8.07,4.772,3.2,317.8,16.33,2.83,7.27,9.12,5.94,3.546,334.6,19.21,12,10,3.4,-133.4879587,-2.329804391,33,12.33333333
07/04/2005,25.26489,5.86,2.72,5.347,-0.378,3.417,39.48,27.08,6.33,3.12,5.775,0.134,6,155.1,27.02,7.03,4.18,6.849,1.199,6.895,63.36,29.27,13,6.1,0.7,-9.994573831,-0.174438221,48,27.375
08/04/2005,25.26762,3.52,2.32,4.983,-1.706,1.005,12.21,20.61,5.16,2.6,5.508,-1.808,1,326.4,22.61,5.33,3.7,6.485,-0.504,0.788,359.2,22.34,2.2,1.8,-1.1,-19.10449514,-0.333436342,42,20.78947368
09/04/2005,25.27036,4.09,7.17,8.78,4.817,3.015,41.9,16.53,5.24,7.6,9,5.374,6.2,343.8,21,5.16,8.65,10.23,6.386,4.728,6.193,20.38,6.8,7,0,NA,NA,NA,NA
10/04/2005,25.27310,4.77,8.55,9.21,6.46,0.201,56.11,17.41,3.37,9.14,9.81,6.964,0.4,337.2,18.29,5.31,10.17,10.8,7.95,0.197,313.1,22.93,5.1,10.9,7,NA,NA,41,NA
11/04/2005,25.27584,5.89,8.27,9.94,5.439,2.211,132.9,19.04,4.62,8.78,10.27,5.903,4.2,357.9,26.53,5.51,9.79,11,6.978,2.758,213.7,23.65,10.2,13.6,6.9,-135.0263855,-2.356655004,44,20.04166667
12/04/2005,25.27858,4.46,5.8,7.29,3.357,4.02,66.25,16.79,3.88,6.08,7.4,3.768,5.2,334.3,19.6,4.61,7.2,8.89,4.837,6.107,321.9,19.83,7.4,8.9,3.9,-112.3241091,-1.960425534,36,16.54166667
13/04/2005,25.28131,2.36,5.32,7.26,3.457,2.613,70.5,12.94,2.06,5.6,7.3,4.035,3.8,271.2,13.88,2.18,6.65,8.02,4.946,4.531,307.9,17.15,11.6,7.1,2.9,-162.7703375,-2.840878314,29,9.708333333
14/04/2005,25.28405,3.99,5.66,7.69,3.713,0.402,35.66,18.75,4.36,5.99,8.2,4.093,0.6,266.5,14.96,3.88,7.01,8.72,5.136,0.394,296,17.67,3,8.7,4.8,33.79003189,0.589747311,29,17.29166667
15/04/2005,25.28679,3.13,4.89,6.858,3.125,0.201,32.41,14.7,3.46,5.29,6.964,3.534,0,251.7,13.88,3.27,6.33,8.05,4.776,0,295.2,15.22,1.4,7.2,3.4,27.47903892,0.479599704,28,16.91666667
16/04/2005,25.28953,4.59,5.18,6.36,3.622,0,75.9,12.67,3.83,5.61,7.2,3.969,0,144.2,17.51,4.11,6.66,8.15,5.047,0,204.2,16.04,0,7.9,3.9,66.05553365,1.152886551,27,14.08333333
17/04/2005,25.29227,6.69,5.85,7.12,4.651,1.206,99.9,19.31,7.82,6.2,7.47,5.106,4.8,128.3,18.69,9.02,7.51,8.62,6.376,6.895,184.9,18.91,16.2,8.5,6.1,131.2202994,2.29022627,29,16.20833333
18/04/2005,25.29500,2.52,7.3,9.34,5.766,9.25,169.7,11.4,2.57,7.68,9.06,6.2,11.6,98.7,11.11,2.76,8.71,10.12,7.21,9.85,224.7,12.22,8.4,10.1,7.1,NA,NA,35,NA
19/04/2005,25.29774,4.6,7.86,9.93,5.339,2.412,157.9,19.14,3.82,8.42,10.59,5.934,2.8,125,19.76,3.17,9.3,10.91,7.01,2.561,208.2,15.35,0.6,12.8,6.5,120.7164171,2.106898939,41,15.375
20/04/2005,25.30048,3.99,7.43,9.13,6.302,0,46.71,15.68,2.78,7.96,10.16,6.634,0,98.9,11.69,3.12,8.99,11.78,7.92,0,300.4,11.27,0,10.7,5.3,64.0661698,1.118165602,26,13.625
21/04/2005,25.30322,2.25,7.4,9.46,6.269,0,78.1,7.25,2.41,7.79,9.41,6.411,0,92.8,7.51,2.24,8.63,9.88,6.684,0,157.5,8.23,0,10.2,3,78.74964297,1.374440555,14,7.875
22/04/2005,25.30595,2.62,7.87,9.16,6.924,0,72.7,6.076,2.97,8.43,9.86,7.17,0,81.7,7.32,2.6,9.43,10.88,8.48,0,134.7,6.566,0,11.7,4.5,91.7177883,1.600777389,17,8.375
23/04/2005,25.30869,1.7,7.77,10.02,6.202,0,71,4.116,2.05,8.35,10.03,6.931,0,59.93,5.194,1.84,9.02,10.58,7.85,0,103,5.945,0,10.4,4.3,90.73107944,1.58355607,17,6.75
24/04/2005,25.31143,2.02,7.54,9.17,5.937,0,105.8,6.337,1.83,7.85,9.87,6.41,0,115.9,8.1,1.72,8.96,10.58,7.41,0,166.3,4.933,0,13.1,4.3,27.78761948,0.484985451,12,4.041666667
25/04/2005,25.31417,2.11,8.23,9.56,6.832,0,90.1,7.87,2.64,8.7,10.71,6.512,0,110.6,8.33,2.83,9.73,11.6,8.42,0,177.8,8.59,0,13.6,2.6,31.85640366,0.555999132,13,4.916666667
26/04/2005,25.31691,2.89,8.53,10.02,7.19,0,71.1,8.36,3.67,9.28,11.28,7.6,0,96.9,12.05,3.3,10.29,12.03,8.75,0,167.2,12.41,0,15.9,4.9,121.4894672,2.120391209,24,9.375
27/04/2005,25.31964,2.23,8.05,10.06,7.19,0.201,132.8,6.827,2.61,8.44,10.09,7.4,0.2,127.3,7.22,2.76,9.45,10.63,8.85,0.197,182.2,7.91,16.4,12.1,7,138.4265518,2.4159991,25,9.041666667
28/04/2005,25.32238,6.7,7.17,8.81,6.399,11.86,72.2,20.58,5.16,7.54,9.41,6.733,25,129.9,27.54,5.28,8.65,10.03,7.85,24.82,227.7,23.52,55.4,9.9,5.4,130.1387341,2.271349394,51,19.91666667
29/04/2005,25.32512,5.02,8.61,10.06,7.06,1.608,82.8,20.97,4,9.05,10.56,7.67,3.8,235.5,21.27,5.16,10.05,11.35,8.59,2.167,3.492,24.63,9.4,12.7,7.7,-127.5047687,-2.225378026,48,23.70833333
30/04/2005,25.32786,2.6,7.8,9.8,6.534,0,49.1,9.31,2.33,8.11,9.56,6.902,0,40.83,13.95,2.3,9.13,10.76,8.02,0,7.07,11.2,4.8,12.1,6.7,-71.73262037,-1.251970407,31,9.5
01/05/2005,25.33060,4.37,7.67,9.01,6.269,6.633,55.24,14.08,2.5,8.18,9.71,6.705,8.4,107.8,12.9,2.85,9.12,10.43,7.71,8.67,305.5,10.29,16,13,6.3,93.96187056,1.639944013,25,11.16666667
02/05/2005,25.33333,2.31,8.9,9.77,8.52,2.01,202,10.36,2.08,9.41,10.1,9,2.6,137.8,9.6,1.69,10.21,11.16,9.72,2.364,201.2,8.72,1.2,14.7,9.3,-173.7558697,-3.03261202,19,9.25
03/05/2005,25.33607,2.57,8.01,10.19,6.297,4.422,0.925,14.01,3.56,8.31,9.79,6.931,2.4,301,18.55,3.57,9.32,10.98,8.05,3.152,312.1,14.96,4,11,7.3,-26.97938102,-0.470879029,27,10.375
04/05/2005,25.33881,2.72,7.62,8.91,5.314,2.211,46.46,13.39,3.55,8.22,9.67,6.176,4.8,307.4,18.46,3.71,9.26,10.76,7.38,3.546,353.2,19.76,1.2,10.6,1.4,-94.18797309,-1.643890246,28,11.16666667
05/05/2005,25.34155,3.28,8.16,9.8,6.692,2.814,24.56,14.67,5.29,8.6,9.9,7.32,5,5.855,21.66,5.13,9.65,11.09,8.35,4.531,2.412,19.99,13.6,11.7,6.8,NA,NA,31,NA
06/05/2005,25.34428,2.28,7.18,9.11,5.672,1.206,358.3,10.58,4.46,7.4,8.9,5.894,2.8,12.28,17.87,4.62,8.41,9.89,6.878,3.152,1.986,16.14,4,11,5.4,NA,NA,33,NA
07/05/2005,25.34702,2.61,6.36,8.62,3.954,5.829,5.807,14.28,5.41,6.52,8.07,4.337,5.6,351.2,18.49,6.24,7.61,9.12,5.476,4.925,358.7,19.7,12,9.7,4,-48.75735035,-0.850976298,35,14.875
08/05/2005,25.34976,3.11,6.12,8.62,3.224,1.407,5.936,14.41,4.7,6.23,7.57,3.701,1.2,318.3,19.63,4.75,7.25,8.65,4.843,0.788,260.6,18.39,8.4,10.2,4.5,-23.04846792,-0.402271653,33,17.2
09/05/2005,25.35250,3.73,5.31,7.19,3.258,1.005,36.61,18.2,3.27,5.78,7.73,3.667,0.4,121.1,14.86,3.7,6.64,8.15,4.782,0.591,352,16.95,0,10.2,3.5,NA,NA,26,NA
10/05/2005,25.35524,2.22,7.36,9.3,3.921,0.201,128,9.96,1.9,7.6,9.69,4.571,0,228.1,8.26,2.29,8.06,9.76,4.281,0.197,312.9,10.55,0,11.8,0.2,-81.66724319,-1.425362285,20,8.291666667
11/05/2005,25.35797,2.47,8.19,10.33,6.593,1.809,158.4,8,2.05,8.63,10.79,6.965,1.6,174.3,9.44,2.25,9.46,11.03,8.28,1.576,242,10.26,6.8,12.5,6.5,-110.7942682,-1.933724772,20,9.5
12/05/2005,25.36071,2.11,8.34,11.19,6.029,0,104.9,6.631,2.14,8.75,10.69,6.362,0,114.2,8.13,2.18,9.82,11.85,7.38,0.197,170,7.02,0,14.3,2.4,39.39081461,0.68749941,15,5.166666667
13/05/2005,25.36345,3.46,9.26,11.91,7.02,0,30.16,11.37,2.82,9.54,12.06,7.77,0,1.192,11.2,2.47,10.43,12.92,8.82,0.197,21.97,11.56,0,11.7,4,30.89375903,0.539197813,21,10.16666667
14/05/2005,25.36619,2.4,9.19,11.48,6.499,0,26.88,9.08,3.51,9.12,10.99,7.37,0,359.8,7.81,3.55,10.26,12.42,8.55,0.197,31.49,9.77,0.4,15,4,-44.12017866,-0.770042384,16,7.625
15/05/2005,25.36893,2.47,8.31,9.91,6.128,1.005,29.66,16.27,3.51,8.65,10.57,6.563,1.4,0.872,18.82,3.48,9.65,11.4,7.51,0.788,353.2,15.29,1.4,12.4,7.9,-54.74655328,-0.955507609,31,12.16666667
16/05/2005,25.37166,4.19,5.31,6.659,4.12,0.201,32.7,17.28,4,5.78,7.23,4.638,0.2,70.3,19.73,4.2,6.69,7.75,5.579,0.394,329.5,18.95,0.6,8.4,4.6,NA,NA,33,NA
17/05/2005,25.37440,1.8,5.38,6.991,3.656,4.221,93.5,9.87,2.15,5.69,7.17,4.236,3.4,139.5,17.02,2.21,6.73,7.95,5.31,2.758,222.3,17.67,0,9.1,0.7,-37.44205146,-0.653487077,27,9.875
18/05/2005,25.37714,4.91,6.28,7.16,5.181,4.623,96.3,10.94,5.13,6.72,7.9,5.441,8.6,113.1,11.83,5.8,7.8,8.69,6.678,10.24,170.4,13.2,0.4,11,-1.6,71.58819416,1.249449694,29,11
19/05/2005,25.37988,4.12,7.96,9.51,6.659,1.206,90,9.57,4.39,8.42,10.48,7.1,2.4,106.8,13.07,4.82,9.45,11.3,8.22,2.364,170,14.14,1.2,14.1,7.3,116.5852343,2.034796198,25,12.58333333
20/05/2005,25.38261,3.72,8.87,10.19,8.05,4.824,121.3,10.22,3.59,9.51,10.74,8.87,6.8,96,14.63,3.48,10.48,11.7,9.69,7.29,187.2,15.55,12.4,15.7,9,136.7611832,2.386932936,22,9.041666667
21/05/2005,25.38535,4.15,9.38,11.02,7.52,0.201,192.4,10,3.64,9.71,11.03,7.97,0.4,131.5,14.05,3.53,10.7,12.02,9.42,0.197,208.4,16.17,0,14.7,8.4,-158.2939245,-2.762750169,26,12.04166667
22/05/2005,25.38809,1.88,9.03,10.69,7.62,0,86.8,5.717,2.24,9.38,11.19,7.8,0,107,6.011,2.25,10.38,12.02,9.15,0,174.2,5.553,0,14.2,4.2,57.11616651,0.996865162,17,5.583333333
23/05/2005,25.39083,2.97,8.41,10.99,7.12,0,32.26,10.19,2.29,8.65,11.13,7.57,0,21.23,9.93,2.44,9.6,11.95,8.08,0,359.9,11.76,0,11.9,6.8,28.63691304,0.49980842,19,10
24/05/2005,25.39357,2.9,7.77,9.44,6.661,0,32.77,9.08,2.31,7.92,9.03,6.797,0.2,69.24,9.77,2.46,9,10.25,7.58,0.197,340.7,10.78,0,11.8,6.3,-27.20712855,-0.474853973,19,8
25/05/2005,25.39630,4.73,8.11,10.01,6.462,2.814,63.76,10.32,2.78,8.51,10.57,6.998,5.6,147.6,14.41,2.73,9.5,11.23,8.12,4.728,241,9.73,4.2,11.9,3.6,51.74332439,0.903091377,19,8.666666667
26/05/2005,25.39904,2.95,8.69,10.36,6.692,0.402,35.14,12.38,3.24,8.95,10.19,7.17,0.8,332.1,16.2,3.27,10.01,11.35,8.32,0.985,10.32,16.2,4.6,12.9,8.1,-89.03973968,-1.554036623,26,13.41666667
27/05/2005,25.40178,4.84,7.1,8.85,5.929,0.603,51.86,17.74,3.78,7.37,8.2,6.362,0.2,219.3,23.13,3.98,8.49,9.56,7.35,0.394,300.3,18.95,1.6,9.9,4.5,NA,NA,NA,NA
28/05/2005,25.40452,10.22,5.89,7.26,4.814,16.08,48.15,25.02,6.96,6.29,7.63,5.273,37.8,167.8,31.75,7.51,7.37,8.72,6.445,33.1,267.6,26.56,NA,8.5,6.7,NA,NA,NA,NA
29/05/2005,25.40726,1.8,6.59,8.08,5.314,5.025,9.24,10.75,2.17,6.86,8.43,5.709,4.6,332.4,9.57,2.22,7.93,9.49,6.811,4.728,359.3,12.58,NA,9,5.5,NA,NA,NA,NA
30/05/2005,25.40999,2.15,7.28,9.06,5.937,0,34.36,6.305,1.71,7.77,9.69,6.203,0,72,7.94,1.69,8.68,10.28,7.25,0.197,5.7,8.98,NA,11.5,4,NA,NA,NA,NA
31/05/2005,25.41273,3.56,7.94,9.33,5.771,0.201,61.8,8.23,2.6,8.4,10.06,5.804,0,99.5,10.03,2.85,9.13,10.81,5.879,0.197,199.3,10.42,NA,11,4,NA,NA,NA,NA
01/06/2005,25.41547,4.87,8.96,10.27,7.72,10.45,107.5,13.36,4.25,9.45,10.81,8.14,18.6,94.6,12.94,5,10.41,11.53,9.12,19.31,173.1,17.08,31.2,11,7.9,126.2425199,2.203347628,23,12.83333333
02/06/2005,25.41821,2.76,9.64,10.4,8.62,21.31,174.9,9.47,2.49,10.22,10.99,9.13,27,111.4,10.22,2.35,10.98,11.77,9.96,27.58,187.6,12.84,49.4,11.1,10,134.7836673,2.352418772,25,12.83333333
03/06/2005,25.42094,3.91,9.93,10.53,9.27,3.417,197.3,11.69,3.03,10.34,10.76,9.83,4.8,123,12.94,2.44,11.16,11.76,10.49,3.94,200.9,10.29,12.6,14.8,10.2,-172.0506165,-3.002849739,19,9.666666667
04/06/2005,25.42368,2.75,9.91,12.14,8.35,0.804,79,13.3,2.19,10.25,12.59,8.64,1,98.5,11.92,2.22,11.18,13.59,9.69,0.788,153.7,11.96,0,11.9,7.5,49.53262767,0.86450744,29,12.16666667
05/06/2005,25.42642,6.27,7.92,9.24,6.692,1.608,54.3,13.88,3.43,8.37,10.03,7.03,2.2,183.4,15.84,3.94,9.39,10.82,8.25,2.561,267.6,15.91,0,10.7,8.2,42.91969935,0.749090068,27,18.625
06/06/2005,25.42916,4.31,8.71,10.26,6.825,0,74.2,12.28,2.97,9.07,10.96,7.2,0,142.2,14.73,3.33,10.07,12.12,8.42,0.197,200.3,12.09,0,11.9,5.9,45.7911047,0.799205545,20,11.04166667
07/06/2005,25.43190,4.2,10.48,11.85,8.78,0.201,200.7,12.81,2.91,10.92,12.37,8.7,0.4,100.7,14.24,2.61,11.83,13.5,9.66,0,211.5,10.16,0,15.5,5,-163.1748344,-2.847938116,28,11.66666667
08/06/2005,25.43463,1.98,10.63,11.22,10.03,0.603,102.6,9.47,1.86,11.16,11.76,10.56,1,276.3,12.09,2.59,12.01,12.62,11.36,0.788,109.4,12.71,0,16.5,11.3,-163.0254662,-2.845331149,24,12.45833333
09/06/2005,25.43737,2.51,10.4,12.84,7.62,0.201,31.9,14.86,3.6,10.57,12.06,8.37,0.6,339.3,17.51,3.73,11.63,13.56,9.32,0.394,18.47,19.01,0.4,14.8,8.9,-82.18965491,-1.434480089,33,14.20833333
10/06/2005,25.44011,1.72,9.03,10.59,7.39,0,13.96,7.22,2.27,9.33,10.99,8.4,0,321.2,10,2.1,10.33,11.72,9.32,0,19.51,8.62,0,12.4,4.4,-44.81335288,-0.782140557,17,7.333333333
11/06/2005,25.44285,1.97,8.6,10.03,7.69,0,6.445,11.04,2.69,8.84,9.86,8.03,0.2,328.4,11.07,2.72,9.86,11.03,9.05,0.197,359.1,13.07,0.6,11.7,8.2,-36.39790465,-0.635263277,20,9.75
12/06/2005,25.44559,3.98,8.52,11.09,6.626,0.603,33.73,16.1,3.79,8.71,10.56,7.06,0.8,97.4,14.01,4.22,9.73,12.08,7.98,0.985,8.53,20.12,1.4,12.8,6.3,1.626283631,0.028384004,33,15.125
13/06/2005,25.44832,3.51,8.22,8.95,7.52,1.206,20.92,15.61,3.91,8.54,9.11,7.93,1.4,199.1,21.53,4.51,9.6,10.19,8.95,1.576,52.61,18.72,9.6,12.2,8.4,2.072557774,0.036172957,33,18
14/06/2005,25.45106,3.89,8.27,8.85,7.59,13.47,92,9.8,3.4,8.65,9.27,8,20,130.2,14.41,3.33,9.68,10.26,8.99,20.88,202.1,12.35,3.8,15,6.3,97.94520162,1.709466255,26,10
15/06/2005,25.45380,1.44,10.02,13.33,7.39,0.804,52.83,7.22,1.65,9.95,12.7,8.1,1.2,37.66,7.19,1.88,10.97,13.12,8.52,1.379,21.43,9.64,7.8,13,8.9,-178.8654332,-3.121790728,20,9.041666667
16/06/2005,25.45654,1.73,10.96,13.67,9.35,0,157.1,6.501,1.74,11.17,14.03,9.67,0,210.2,5.815,1.48,12.05,14.06,10.43,0,247.9,4.998,0,14.5,7.4,-166.1388594,-2.899670112,13,6.125
17/06/2005,25.45927,2.01,11.1,12.34,8.91,2.613,121.7,11.56,2.26,11.52,13.36,9.47,4.6,104.1,11.43,2.36,11.84,13.22,8.75,3.349,164.9,12.05,0.4,14.6,5.9,-174.5386758,-3.046274565,24,7.625
18/06/2005,25.46201,2.98,11.93,13.44,11.22,3.819,216.5,12.41,2.11,12.56,14.2,11.9,4.2,128.6,9.34,2.23,13.21,15.16,12.55,4.137,206.4,13.23,3.8,17.3,12.4,172.5979427,3.012402383,17,7.541666667
19/06/2005,25.46475,5.55,11.7,12.98,10.62,1.005,199.4,14.21,4.47,11.93,13.03,11.06,1.2,107,18.29,3.01,12.98,14.09,12.15,0.985,207.5,12.9,2.6,16.7,12.2,-179.1957033,-3.127555028,24,11.20833333
20/06/2005,25.46749,5.22,11.44,13.07,10.66,1.206,191.5,11.66,3.79,11.52,12.06,11.03,1.8,87.6,16.69,3.34,12.63,13.42,12.12,1.379,209.8,10.71,4.8,15.8,11.7,-162.4920359,-2.836021035,27,13.83333333
21/06/2005,25.47023,3.49,11.55,12.84,10.36,9.65,177.7,13.88,3.13,11.78,13.56,10.83,9.2,162.3,19.34,3.65,12.74,14.09,11.79,9.85,215.3,16.04,4.8,16.1,11.3,-141.0001214,-2.460916363,36,14.5
22/06/2005,25.47296,6.34,11.64,12.05,10.49,15.48,190.6,15.94,4.79,12.03,12.53,10.96,17,84.5,23.39,4,12.97,13.49,11.82,16.55,210.3,12.38,20.2,14.4,10.8,-169.5355033,-2.958952731,37,16.41666667
23/06/2005,25.47570,3.43,11.22,12.05,9.24,2.01,168.9,11.89,2.63,11.49,12,9.63,3.8,344.7,13.79,3.19,12.5,13.12,10.66,2.758,198,12.9,5,15.6,12,-147.8908455,-2.581182187,28,11.95833333
24/06/2005,25.47844,4.02,9.5,10.56,8.18,0,35.43,12.51,2.97,9.81,10.93,8.54,0.2,59.04,12.51,3.18,10.83,11.85,9.59,0.197,0.87,14.24,8.4,12.4,10,30.92215748,0.53969346,18,10.875
25/06/2005,25.48118,1.63,10.32,11.65,9.14,0,21.34,7.87,2.26,10.65,11.43,9.77,0,335,11.11,2.17,11.71,12.72,10.96,0,314,12.67,0,14.4,9.5,-56.99984007,-0.994834882,21,6.5
26/06/2005,25.48392,3.38,10.78,11.32,10,0.402,102.3,13.1,3.23,11.39,12.03,10.56,0.8,260.2,13.3,3.24,12.38,12.89,11.6,0.591,350.3,15.88,0.4,14.5,9.5,-136.2047483,-2.377221314,27,11.83333333
27/06/2005,25.48665,1.43,11.16,11.91,10.1,1.809,126.3,8.17,2.44,11.78,12.79,10.69,2,228.4,11.83,1.83,12.84,14.26,11.96,1.773,315,8.4,1.2,18.3,12,-102.7315563,-1.793003903,17,7.916666667
28/06/2005,25.48939,1.67,11.97,13.92,11.05,0.804,204.1,8.89,1.67,12.42,13.59,11.8,1,100.5,6.958,1.15,13.26,14.83,12.29,0.591,206.4,6.37,0,17.9,11.5,164.3320125,2.868134685,17,6.125
29/06/2005,25.49213,2.8,13.45,15.84,11.29,0,85,11.63,2.92,14.05,16.06,11.9,0,107.3,12.48,2.66,14.73,16.74,12.72,0,178.8,13.72,1,18.8,11.6,61.2623435,1.069229602,16,6.875
30/06/2005,25.49487,2.65,11.85,12.98,11.02,1.608,197.9,14.31,2.37,12.23,13.27,11.26,1.8,138.1,11.69,2.73,13.02,13.69,12.29,1.379,206.1,13.13,8.6,15.7,12.8,146.6078755,2.558790138,11,NA
01/07/2005,25.49760,2.38,11.9,13.8,9.94,0.402,127.4,8.85,2.09,12.3,14.45,11.04,0.2,265.5,12.38,2.41,13.12,15.23,10.46,0.197,237.7,12.35,8.8,16.7,11.3,-144.7445363,-2.526268733,23,10.41666667
02/07/2005,25.50034,4.31,11.41,13.37,9.51,13.67,147.3,27.8,4.14,11.81,13.64,10.11,18,137.5,17.22,4.85,12.44,14.33,9.05,20.29,174.6,20.91,13,16.3,6.5,128.6455309,2.245288083,25,9.916666667
03/07/2005,25.50308,7.92,10.56,12.05,8.83,4.02,181.1,25.38,5.85,10.98,12.17,9.19,8,51.68,28.22,7.94,12.05,13.46,10.46,4.728,204.9,26.2,7.8,15,10.7,-166.1170312,-2.899289139,54,27.54166667
04/07/2005,25.50582,4.3,11.07,12.98,9.3,1.407,190,13.79,3,11.37,12.99,9.99,2.6,86.6,13.95,3.2,12.35,13.62,10.89,2.758,218.4,12.64,0,15.9,10.8,-164.3449763,-2.868360946,26,14.08333333
05/07/2005,25.50856,1.61,11.39,14.95,10,0.201,162.9,6.141,2.1,11.52,13.79,10.53,0.4,103.3,10.29,1.87,12.64,14.66,11.53,0.197,257.4,10.52,0.6,14.6,5.8,-82.65108899,-1.442533633,10,3.291666667
06/07/2005,25.51129,1.67,11.36,13.43,9.57,0.804,76.2,8.1,2.38,11.46,13.63,10.23,0.6,24.36,11.14,2.45,12.5,14.93,11.1,0.985,344.3,9.87,3,14.8,8.2,-119.3933779,-2.083807549,10,4.291666667
07/07/2005,25.51403,2.31,11.23,12.18,10.4,2.01,134.6,8.07,2.04,11.76,12.83,10.83,4,238.3,10.85,2.24,12.77,13.92,11.8,2.955,248.8,11.56,0.8,15.2,7.3,-161.4563659,-2.817945183,18,7.458333333
08/07/2005,25.51677,1.8,11.86,12.41,11.22,3.819,185.2,6.076,1.79,12.58,13.42,11.8,4.4,218,8.07,1.91,13.23,13.89,12.56,3.743,216.3,9.08,2.4,16.5,12,-173.346493,-3.02546705,21,10.375
09/07/2005,25.51951,1.94,12.02,12.64,11.65,1.608,145.8,7.32,2.02,12.61,13.13,12.13,3.4,266.6,10.75,2.33,13.29,13.79,12.85,2.167,177.7,9.77,0,16.4,12.5,-168.2617622,-2.936721755,21,11.5
10/07/2005,25.52225,1.83,12.3,12.88,11.82,1.407,212.2,9.34,2.1,12.86,13.63,12.33,2.2,269.4,10.29,2.19,13.38,14.06,12.85,1.379,180.5,11.01,0,17.1,12.7,NA,NA,23,NA
11/07/2005,25.52498,2.63,11.91,13.17,11.02,0.603,180.1,9.67,2.26,12.16,12.99,11.36,2.4,218.4,10.49,2.84,12.79,13.76,11.79,1.182,216.9,11.37,0,21.1,12.5,-169.4210985,-2.956955991,22,9.458333333
12/07/2005,25.52772,2.15,12.11,12.91,11.32,0.804,76.9,9.7,1.99,12.32,13.5,11.4,1.6,292.1,9.6,2.49,13.37,15.1,12.59,1.182,321.4,13.49,0.4,16.9,12.9,-119.0604293,-2.0779965,21,10.04166667
13/07/2005,25.53046,2.93,12.24,13.59,10.43,0.201,127.6,11.11,2.74,12.37,13.99,10.86,0.6,241.3,13.56,3.06,13.42,14.96,11.79,0.394,226.9,13.75,0.4,17.4,11.6,-127.8052204,-2.230621898,27,12.16666667
14/07/2005,25.53320,3.04,12.05,13.21,10.92,4.221,97.7,13.75,3.13,12.12,13.07,10.96,5.6,287.6,16.2,3.54,13.27,14.79,12.29,4.728,60.53,18.55,16.4,16,12.3,-136.8832859,-2.389064029,29,13.91666667
15/07/2005,25.53593,1.61,11.57,13.27,10.39,0,16.37,12.38,1.88,11.65,13.13,10.39,0,336.2,8.75,1.93,12.71,14.23,11.62,0,353.4,10.06,0,14.7,11.3,-69.54149213,-1.213728004,18,7.25
16/07/2005,25.53867,2.79,12.47,13.94,10.99,1.005,140.5,13.36,4.39,13.24,17.33,11.23,1.6,246.1,15.88,3.25,14.25,17,12.33,1.379,308.9,11.89,0.8,18.5,10.5,-139.1658004,-2.428901423,21,10.41666667
17/07/2005,25.54141,4.37,12.66,13.21,10.92,3.417,163.6,14.86,3.55,12.92,13.69,11.13,5.2,28.79,18.36,3.35,13.84,14.39,12.42,4.531,190.4,14.99,34.6,15.6,13.3,-165.8364629,-2.894392298,26,13.95833333
18/07/2005,25.54415,3.8,12.2,14.16,10.52,2.814,157.3,13.49,3.28,12.1,13.79,10.65,4.4,301.9,16.1,4,13.12,14.23,11.68,3.546,219.5,15.58,10.6,16.9,11.7,-164.6527575,-2.873732742,27,13.25
19/07/2005,25.54689,3.06,11.72,13.51,10.49,5.628,23.65,12.54,4.46,11.9,14,10.83,5.4,45.94,19.34,4.3,13,15,11.93,5.91,357.8,16.86,17,16.1,9.3,-101.2500199,-1.767146215,27,10.5
20/07/2005,25.54962,1.94,12.17,13.57,11.03,0,335.5,9.28,3.91,12.23,13.6,11.46,0,1.142,15.35,4.41,13.46,15.46,12.59,0,0.149,14.28,3,13.9,10.7,-57.91158342,-1.010747806,28,12.20833333
21/07/2005,25.55236,1.49,12.28,12.94,11.42,0.201,28.5,8.95,3.02,12.15,14.17,11.2,0.2,351.6,9.15,2.45,13.37,14.63,12.59,0.394,26.45,10,0.4,16.3,11.7,-26.93988728,-0.470189733,17,8.541666667
22/07/2005,25.55510,2.87,11.45,13.14,9.67,0.201,37.9,10.09,2.36,11.44,13.47,9.82,0.6,40.77,7.25,2.17,12.62,14.36,11.03,0.591,5.726,12.48,0,13.3,11.2,24.34153925,0.424840005,17,9.333333333
23/07/2005,25.55784,3.28,10.88,12.01,9.93,0,43,10.75,2.36,10.99,11.9,10.13,0,318.8,10.29,2.51,12.19,13.22,11.3,0,309.4,10.22,0,14.3,11.1,30.45796972,0.531591855,18,10.79166667
24/07/2005,25.56057,3.51,10.5,11.55,9.1,0.201,42.57,11.96,3.12,10.69,12.06,9.39,0.4,300.3,12.97,2.81,11.85,13.19,10.49,0,302.1,14.08,0,13.6,10,30.56148287,0.5333985,25,13.41666667
25/07/2005,25.56331,2.7,10.19,11.68,8.87,0.201,34.79,12.41,2.54,10.49,12.17,9.36,0.2,118.6,14.47,2.59,11.49,13.09,10.36,0,347,15.35,0.4,13.1,9.9,9.946329221,0.173596193,24,11.33333333
26/07/2005,25.56605,1.86,10.63,11.38,9.71,0.201,74.8,7.02,1.48,10.94,11.63,10.1,0.2,108.4,6.403,1.49,11.95,12.79,10.76,0.591,202.5,5.586,0,14.6,8.4,34.82176376,0.607754429,16,6.333333333
27/07/2005,25.56879,3.54,10.95,12.58,10.36,0,45.28,10.03,2.79,11.2,12.37,10.66,0.8,196.5,12.12,2.71,12.34,13.72,11.73,0,267.7,10.49,0.4,14,10.2,39.676331,0.692482611,23,13.08333333
28/07/2005,25.57153,3.58,11.22,12.48,10.6,0,47.81,14.14,3.39,11.44,12.23,10.76,0,289.2,13.03,3.36,12.57,13.72,11.9,0,302.3,13.56,0,13.5,11.7,47.50476872,0.829114625,27,18.33333333
29/07/2005,25.57426,4.05,11,12.78,9.8,0.201,50.47,13.82,3.42,11.23,12.83,10.23,0.8,287.2,12.67,3.12,12.35,13.82,11.3,0.394,295.9,12.64,0,13.6,11.7,50.41533596,0.879913606,27,18.66666667
30/07/2005,25.57700,4.05,10.41,11.58,8.98,0.201,54.89,13.75,2.93,10.71,11.56,9.36,1.4,263.6,13.23,3,11.82,12.89,10.49,0.985,282.7,12.48,0,13.6,10.1,51.6577231,0.901597352,23,15.45833333
31/07/2005,25.57974,2.12,11.21,12.81,9.96,0,39.07,9.93,1.82,11.52,13.19,10.43,0,203.3,8.98,1.87,12.55,14.13,11.5,0,340.9,9.11,0,13.7,10.9,17.48562069,0.305181653,19,9.916666667
01/08/2005,25.58248,2.88,11.75,13.01,10.63,0,200.8,11.86,2.62,12.16,13.86,10.53,0,159.3,12.28,2.23,12.88,14.13,10.66,1.576,212.5,9.77,0,14.7,9.8,120.0467507,2.095211055,18,5.833333333
02/08/2005,25.58522,4.41,12.67,14.42,10.95,6.633,163.4,15.06,3.62,12.91,14.16,11.36,8.4,192,17.28,3.69,14,15.33,12.69,7.29,202.8,14.73,6.4,17.1,10.5,-148.8211693,-2.597419401,31,14.33333333
03/08/2005,25.58795,3.88,11.93,13.24,10.72,1.407,69.58,14.44,4.97,12.2,12.83,11.23,3.2,311.5,20.48,4.9,13.33,14.19,12.39,2.758,17.47,18.1,10.6,17.1,11,-128.9505779,-2.250612157,25,11.66666667
04/08/2005,25.59069,3.34,12,13.01,10.42,0.804,60.03,11.3,3.39,12.31,12.89,10.79,3.6,345.1,21.1,3.98,13.42,14.09,11.99,3.349,314.8,14.67,12.7,15.6,11,NA,NA,31,NA
05/08/2005,25.59343,2.22,12.13,14.19,10.52,7.64,14.28,10.88,3.9,12.3,14.45,11.06,7.8,56.33,16.5,3.28,13.43,15.33,11.97,6.501,357.5,13.69,6.8,15.5,10.4,-69.90283105,-1.220034558,21,9.875
06/08/2005,25.59617,2.42,11.13,12.31,10.17,0,37.8,8.66,2.43,11.7,13.19,10.63,0,79.6,11.76,2.7,12.46,13.52,11.63,0.197,27.97,9.83,1,14.9,9.5,-33.93841199,-0.592337032,19,10.20833333
07/08/2005,25.59890,1.83,11.76,13.33,10.04,0,60.57,5.161,1.38,12.14,13.62,10.8,0,76.2,7.32,1.54,13.19,14.93,11.6,0,224.7,7.64,0,15.5,10.8,23.4214922,0.408782155,17,9.333333333
08/08/2005,25.60164,2.01,12.38,13.57,11.45,1.407,206.2,5.88,1.7,12.76,14.29,11.6,2.2,168.1,6.141,1.72,13.67,14.93,12.79,1.576,225.8,6.207,0,16.2,9.5,103.5459757,1.807218202,9,3.791666667
09/08/2005,25.60438,1.38,13.04,14.93,11.62,3.015,196.3,6.174,2.19,13.73,15.63,12.13,2.2,255.3,8.69,1.61,14.53,15.97,13.05,1.576,287.2,6.076,2,20.7,12.3,175.8769239,3.069631401,13,4.833333333
10/08/2005,25.60712,1.31,12.22,14.49,10.96,0.201,106.2,7.12,2.06,12.47,14.69,11.26,0.6,305.7,6.991,2.24,13.66,16.3,12.25,0.394,352.4,8.75,0.4,17.5,12.6,-71.41897435,-1.246496251,20,8.75
11/08/2005,25.60986,1.08,12.44,14.45,10.43,0.402,59.47,6.566,1.65,12.64,14.45,10.99,0.2,350,7.71,1.95,13.71,15.6,11.99,0,0.847,7.12,0,15.6,11.8,-68.6041028,-1.197367474,15,6.208333333
12/08/2005,25.61259,3.48,12.43,14.2,10.49,2.613,188.7,12.9,2.97,12.67,13.74,10.96,3.8,65.76,16.99,2.4,13.74,15.13,11.79,3.349,250.1,13.36,3.8,15.8,10.9,-127.349068,-2.222660535,17,7.458333333
13/08/2005,25.61533,2.4,12.78,14.27,11.72,15.08,337.8,11.24,3.1,12.85,13.59,11.76,24.6,331.3,14.28,3.23,14.05,15.36,12.82,21.08,337,15.09,25,17,12.4,129.1313465,2.253767165,23,9.5
14/08/2005,25.61807,2.17,13.09,15.15,11.98,0,99.8,9.83,1.87,13.26,14.8,12.27,0.2,206.3,11.92,2.09,14.38,16.3,13.26,0,324.5,8.69,0,16.9,10.4,-36.00748681,-0.6284492,17,7.458333333
15/08/2005,25.62081,1.9,13.02,14.06,12.01,3.819,100.2,12.12,2.38,13.17,14.1,12.12,6,316.5,11.96,2.38,14.31,15.46,13.29,5.319,328.9,11.89,2.4,15.5,13.3,-119.047449,-2.077769951,25,10.33333333
16/08/2005,25.62355,6.7,13.89,14.93,13.37,14.27,191.2,21.14,5.51,14.04,14.89,13.56,12.6,121.2,25.38,3.81,15.12,15.9,14.59,12.41,216.8,14.44,4,18.4,12.7,-165.4969542,-2.888466753,26,11.75
17/08/2005,25.62628,4.42,13.26,14.04,12.11,9.85,177.7,15.35,3.25,13.38,13.96,11.96,11.6,24.32,23.88,3.32,14.46,15.03,13.26,10.83,202.5,12.05,20.4,15.2,13.1,-162.7306913,-2.840186357,37,15.7826087
18/08/2005,25.62902,3.59,13.24,14.78,11.85,1.608,162.1,12.77,2.74,13.38,14.99,12.37,2,168.2,13.65,2.78,14.52,15.97,13.22,2.364,226.6,9.47,0,18.2,11.1,-153.4067854,-2.677453501,21,10.91666667
19/08/2005,25.63176,1.65,13.13,15.63,10.93,0.603,44.43,8.4,2.07,13.11,15.09,11.73,0.4,327.8,6.991,2.21,14.27,16.77,12.46,0.985,335.3,10.58,2.6,16.7,10.3,162.0952952,2.829096603,20,6.75
20/08/2005,25.63450,4.33,13.35,15.03,10.89,5.226,213.4,12.77,3.15,13.42,14.69,11.63,4.8,138.7,14.31,2.56,14.35,16.17,11.67,4.137,245.5,10.91,1,17,8.2,-152.7321703,-2.665679245,25,7.833333333
21/08/2005,25.63723,1.92,13.29,14.52,12.35,5.025,25.44,11.17,2.44,13.4,14.49,12.26,7.6,46.81,16.37,2.17,14.46,15.8,13.39,5.516,117,12.97,10,15.3,13.2,-169.9184887,-2.965637088,23,11.45833333
22/08/2005,25.63997,4.37,12.93,14.46,11.56,0.804,152.2,15.16,3.7,13.08,14.72,11.7,1.4,35.24,16.46,4.17,14.05,15.53,12.83,0.985,256.7,13.59,0.8,17.3,10.8,-112.7543086,-1.967933932,30,13.20833333
23/08/2005,25.64271,5.82,12.37,13.74,10.82,33.57,170.5,25.22,4.75,12.65,14,11.16,26.8,167.2,29.6,4.37,13.65,15.06,12.22,25.81,221.8,24.4,42.6,15.6,12,-147.5185547,-2.574684487,39,15.33333333
24/08/2005,25.64545,5.88,11.02,13.67,9.33,5.427,67.6,30.05,5.62,11.31,13.97,9.82,18.4,338.3,35.97,5.89,12.48,15.1,10.89,6.895,24.87,32.01,23.6,14.6,10.1,-128.1418835,-2.236497777,57,27.04166667
25/08/2005,25.64819,2.92,10.52,12.97,8.48,2.211,29.78,13.3,4.01,10.67,12.23,9.06,2,333.6,21.63,3.96,11.75,13.59,9.96,1.97,28.67,15.75,5,14.8,7.8,-112.0825847,-1.956210137,28,11.25
26/08/2005,25.65092,2.71,10.57,12.71,8.71,0.201,60.53,13.07,2.99,10.96,13.36,9.41,0.2,307.7,21.36,3.06,11.84,13.92,10.29,0.197,18.33,17.08,4.4,14.7,7.2,NA,NA,31,NA
27/08/2005,25.65366,2.86,11.63,12.98,10.34,1.005,112.9,14.34,2.44,11.96,12.93,10.51,1.4,250.8,12.41,3.28,13.05,13.96,11.8,0.985,342.5,14.63,6.4,14.4,5.5,-129.4934049,-2.260086275,29,10.79166667
28/08/2005,25.65640,5.66,12.51,13.57,10.53,18.09,161.3,22.02,4.65,12.89,14.07,10.86,19.8,214.8,28.58,5.56,13.99,15.2,12.07,17.73,214.6,22.44,26.2,17.5,11.4,-149.9962103,-2.617927736,38,17.375
29/08/2005,25.65914,4.96,11.99,13.24,10.4,0.201,86.2,19.11,3.6,12.44,14,10.83,0.6,354.7,19.11,5.01,13.44,14.59,11.92,0.788,296.7,21.07,1.4,15.4,10.9,-118.6341253,-2.070556092,40,19.70833333
30/08/2005,25.66188,8.04,12.61,13.61,11.88,5.829,208.1,15.68,5.76,12.97,13.93,12.33,5.6,125.9,21.98,3.85,14.02,15,13.39,5.713,245.6,12.81,0,17.9,10.8,NA,NA,32,NA
31/08/2005,25.66461,2.72,11.93,13.99,9.28,14.87,62.05,17.74,2.61,12.21,13.86,10.5,14.6,300.2,15.58,2.33,13.45,15.1,11.6,14.77,342,14.44,21.4,15.5,11.2,-97.01693908,-1.693265017,29,10.08333333
01/09/2005,25.66735,2.4,11.36,13.67,8.58,0,161.1,11.66,2.31,11.68,13.72,9.31,0,253.7,10.09,2.16,12.35,14.76,8.69,0,312.8,11.27,4.6,16.5,9.1,-90.38368343,-1.577492866,19,6.833333333
02/09/2005,25.67009,4.19,12.34,14.27,9.74,2.211,201.5,12.71,3.19,12.62,14.32,10.33,3.2,130.1,11.83,2.7,13.68,15.23,11.13,2.561,238.6,13.79,0,16.4,7.2,-165.0591342,-2.880825353,21,9.625
03/09/2005,25.67283,5.79,13.2,14.04,12.58,1.005,212,15.12,4.38,13.7,15.4,12.9,0.8,146.2,15.55,3.78,14.68,15.67,13.96,0.985,235,19.11,0,16.9,12.3,-176.4708842,-3.079997964,27,13.91666667
04/09/2005,25.67556,1.73,14.5,16.6,13.17,0.402,207.7,7.45,1.41,15.35,17.96,13.9,0.4,162.2,6.795,1.19,15.64,17.97,14.53,0.197,244.2,6.533,0.4,21.7,14.3,172.8162347,3.016212297,23,8.416666667
05/09/2005,25.67830,1.78,14.72,16.37,11.98,0,199.7,7.35,1.49,15.37,17.89,12.39,0,24.52,7.77,1.22,15.9,17.54,13.19,0.197,258.4,8.89,0,19.3,11.8,108.3271838,1.890666026,13,3.208333333
06/09/2005,25.68104,4.54,12.4,12.81,11.65,7.84,185.5,15.39,3.45,12.58,13.17,11.43,9.4,97.4,16.66,3.06,13.6,13.99,12.92,7.88,231.2,17.74,13,16.9,12.9,-163.1745982,-2.847933993,33,14.91666667
07/09/2005,25.68378,2.97,11.4,12.91,9.41,3.417,102.5,11.2,2.77,11.35,12.83,9.5,6.4,332.8,13.98,3.17,12.69,14.13,10.76,5.91,317.4,13.3,5,15.5,12.1,-126.4878487,-2.207629424,33,13.08333333
08/09/2005,25.68652,2.13,9.53,11.52,8.25,0.402,29.7,10.13,2.09,9.89,11.43,8.84,0.6,186.3,10.71,2.43,10.94,12.45,10.06,0.394,87.6,11.2,1.2,13.8,6,-37.78050088,-0.659394133,20,8.375
09/09/2005,25.68925,4.29,10.41,11.88,9.01,0,55.57,11.89,3.02,10.86,12.63,9.51,0,207.4,12.02,3.14,11.83,13.22,10.26,0.197,273.1,13.46,0,13.7,4.1,60.51766978,1.056232593,19,8.75
10/09/2005,25.69199,2.1,11.67,14.12,9.48,0,109.2,11.47,1.87,11.7,13.69,9.17,0.2,259.6,10.71,1.85,12.31,14.56,8.85,0,160.1,10.26,0,16.1,5.6,164.3424985,2.868317699,18,8.125
11/09/2005,25.69473,1.97,12.04,12.35,11.42,0.402,68.37,11.47,1.99,12.37,12.87,11.76,0.8,300.6,10.36,2.37,13.53,13.89,12.79,0.591,334.8,11.83,0.4,15.5,10.4,-120.3988082,-2.101355618,22,9.708333333
12/09/2005,25.69747,6,12.23,12.91,11.45,15.28,200.2,15.91,4.98,12.11,12.83,11.4,12.6,125.1,23.88,3.07,13.59,14.23,12.96,14.58,243.2,13.13,20.6,14.7,12.1,-158.4831483,-2.766052746,36,12.54166667
13/09/2005,25.70021,4.92,12.57,13.37,10.69,38.79,175.9,16.95,4.82,12.44,13.36,10.43,51.4,349.4,22.28,5.11,13.94,14.79,12.23,43.54,215,16.63,77,16.4,11.6,-147.3926402,-2.572486864,39,21.20833333
14/09/2005,25.70294,3.45,10.88,12.18,8.65,1.206,21.41,14.47,5.03,11.02,11.8,8.87,2,309.3,23.75,5.1,12.19,13.09,9.99,1.576,23.79,20.58,3.2,13.7,10.2,-90.83539599,-1.585376737,35,17.20833333
15/09/2005,25.70568,2.7,9.24,11.65,7.99,0.402,24.07,11.24,3.04,9.58,11.7,8.37,0.6,53.85,11.66,3.14,10.66,12.65,9.39,0.394,327.1,15.29,1.2,12.1,6.4,-11.77754785,-0.205556988,23,11.29166667
16/09/2005,25.70842,1.85,9.61,12.15,7.12,1.005,2.689,11.24,3.44,9.77,11.06,7.9,1,350.9,12.84,3.52,10.78,12.32,8.99,0.985,14.22,16.92,1.8,12.4,4.2,-60.33326861,-1.053014186,29,8.916666667
17/09/2005,25.71116,4.28,11.36,12.38,9.58,5.226,56.38,16.37,4.27,11.76,12.63,10.01,12.6,281.2,21.49,4.76,12.85,13.89,10.96,11.43,349.8,19.11,12.2,14.2,7.8,-113.3381753,-1.978124327,35,15.04166667
18/09/2005,25.71389,7.87,12.26,13.21,11.45,6.231,189.7,20.87,6.39,12.61,13.24,11.7,6.6,99.8,29.14,4.9,13.69,14.33,12.89,4.925,244.7,18.42,0,15,12,-145.4285038,-2.538206217,41,20.20833333
19/09/2005,25.71663,5.93,11.67,12.84,10.59,4.623,149.5,20.45,5.22,12,13.1,10.73,7,113.7,27.73,4.47,13.12,14.29,11.99,4.334,264.6,21.72,4.8,14.8,10.6,-142.5558099,-2.488068251,46,20.04166667
20/09/2005,25.71937,3.93,11.33,12.44,9.93,1.608,98,17.12,3.48,11.72,13.06,10.63,3,246.9,19.31,3.78,12.72,13.49,11.6,2.561,338.7,21.76,6,14.5,9.6,-128.1476926,-2.236599164,34,15.45833333
21/09/2005,25.72211,6.99,11.94,13.11,10.23,33.37,205.2,20.61,5.39,12.21,13.4,10.49,30.2,140.6,19.86,4.84,13.35,14.46,11.8,29.75,231.5,19.24,20.2,15,11.1,-176.3110545,-3.077208409,37,15.45833333
22/09/2005,25.72485,5.32,12.15,14,10.53,5.427,187.7,18.33,3.97,12.05,13.69,10.39,5.6,154.8,15.75,3.77,13.41,15.23,11.9,4.925,240.8,19.96,6,15.7,13.8,-167.8598381,-2.929706857,31,16.5
23/09/2005,25.72758,4.55,9.59,13.11,7.19,3.819,8.02,20.09,5.7,9.67,12.93,7.4,4.6,76.2,25.25,5.45,10.9,14.33,8.32,4.137,8.41,24.6,29.8,15.1,6.9,-123.0105703,-2.146939467,42,18.33333333
24/09/2005,25.73032,4.95,9.77,11.99,7.75,7.44,177.7,20.65,5.39,10.08,12.33,8.27,6.4,141.6,18.39,6.38,11.26,13.37,8.99,6.501,220.5,21.49,5,11.5,5.1,-178.5239026,-3.115829894,38,13.91666667
25/09/2005,25.73306,2.77,9.43,11.79,7.02,1.809,56.2,14.34,3.33,9.58,12.06,7.37,1.8,260.2,13.16,3.6,10.58,13.14,7.18,1.379,285.1,17.54,15.4,14.7,7.5,-132.4102009,-2.310993968,34,12.83333333
26/09/2005,25.73580,9.49,11.48,12.94,8.91,18.49,198.4,24.24,7.36,11.88,13.47,9.17,15.2,126.8,28.88,6.44,13,14.43,10.49,13.2,233.5,28.09,23,13.8,7.5,-173.6476392,-3.030723042,47,22.58333333
27/09/2005,25.73854,5.91,9.68,11.59,7.39,3.618,92.6,21.72,4.6,10.1,12.03,7.57,8.4,328.6,26.88,6.27,11.15,13.17,8.75,6.501,278.2,22.8,17,13.5,7.6,NA,NA,43,NA
28/09/2005,25.74127,3.58,8.9,10.67,7.62,19.5,14.33,19.5,4.73,9.3,11.15,8.1,17.8,24.85,18.59,5.03,10.38,12.2,9.12,18.52,356.8,19.76,37.8,11.4,6.9,NA,NA,38,NA
29/09/2005,25.74401,4.07,9.67,12.19,7.89,13.27,152.6,21.4,4.74,10.08,12.8,8.54,11.6,110.5,17.57,4.95,11.14,13.64,9.52,11.62,276.6,20.32,11,12.6,6.8,-114.116889,-1.991715445,33,11.16666667
30/09/2005,25.74675,5.9,11.23,12.58,9.93,3.417,153.9,21.4,5.43,11.71,13.27,10.33,10.4,282.6,27.31,6.68,12.72,14.07,11.49,6.304,210.8,25.51,12.4,14.5,9.7,-145.7605036,-2.544000708,44,20.95833333
01/10/2005,25.74949,3.48,9.4,10.83,8.45,0.804,346.1,18.2,6.34,9.76,10.76,8.9,2.2,354.9,21.92,6.54,10.77,11.9,10.03,1.576,0.6,24.47,6.8,11.1,8,-54.28830194,-0.947509614,41,19.625
02/10/2005,25.75222,3.66,10.69,11.62,8.98,0.402,60.15,13.3,3.25,11.16,11.9,9.31,1,316.2,19.01,4.02,12.19,12.94,10.43,0.591,331.2,17.12,1.6,13.7,7.9,-113.658156,-1.983709044,27,13.125
03/10/2005,25.75496,5.54,11.44,12.54,10.83,0,175.7,13.59,4.23,11.85,12.63,11.4,0.2,84.9,18.72,3.75,12.89,13.72,12.47,0.197,238.8,21.07,0.8,14.3,10.5,-141.3855063,-2.467642599,26,13.79166667
04/10/2005,25.75770,9.09,11.37,11.72,10.92,0.804,207.4,17.51,7.56,11.82,12.2,11.4,0.6,122.7,21.98,3.95,12.8,13.17,12.3,0.394,253.7,12.97,0.8,14.2,12,-164.5822798,-2.872502673,32,17.5
05/10/2005,25.76044,8.89,11.72,12.21,11.35,0,205,16.92,7.8,12.16,12.53,11.83,0.2,112.9,23.94,3.73,13.15,13.49,12.79,0,252.6,10.55,0,13.6,11.8,NA,NA,36,NA
06/10/2005,25.76318,11,11.54,11.98,10.99,4.02,210.8,24.24,8.67,11.98,12.4,11.5,2.6,137.3,27.15,5.17,12.93,13.33,12.43,1.97,249.5,19.57,0,14.1,12.6,-169.5836077,-2.959792313,44,23.16666667
07/10/2005,25.76591,8.56,10.62,11.98,7.89,31.96,192.9,23.52,6.86,10.99,12.4,8.29,25.2,163.6,23.42,6.56,12,13.44,9.22,24.23,235.9,26.53,10,15.7,9.4,-167.2371652,-2.918839164,52,24.91666667
08/10/2005,25.76865,4.38,9.4,10.37,7.65,1.809,155.9,15.32,3.59,9.74,10.58,8.27,2.4,252,19.47,4.37,10.84,11.46,9.22,2.364,225.1,17.87,8.6,12,6.9,-150.8011874,-2.631977236,27,11.45833333
09/10/2005,25.77139,9.58,9.91,11.92,7.12,27.94,194,27.73,7.6,10.36,12.5,7.5,33.2,129.1,33.52,6.36,11.46,13.47,8.65,21.08,242.2,27.24,36.2,12.6,6.7,-164.9354903,-2.87866736,56,24.54166667
10/10/2005,25.77413,4.59,9.44,11.13,7.62,3.417,179.6,14.77,3.74,9.85,11.53,7.93,4.6,125.6,20.35,3.6,10.95,12.67,8.99,4.334,235.1,18.39,28.2,13.1,8.5,-157.2446072,-2.744436127,44,12.66666667
11/10/2005,25.77687,1.42,8.81,11.22,6.766,0,31.59,7.64,1.56,9.28,11.6,7.67,0,304.7,6.893,1.6,9.95,12.55,7.55,0.394,9.25,7.35,2.2,12.5,6.5,-99.87156623,-1.74308766,18,6.125
12/10/2005,25.77960,1.79,8.44,10.27,7.04,0.402,15.61,8,1.72,8.84,10.41,7.17,0.4,312.2,8.17,1.88,9.47,11.53,6.424,0.197,358.3,8.62,3.2,9.9,6.7,50.01798856,0.872978586,24,9.125
13/10/2005,25.78234,1.77,8.92,10.75,7.14,0,106.5,8.26,1.75,9.32,11.33,7.47,0,251.5,7.25,1.75,9.82,12.22,6.257,0.197,352.2,7.28,0.4,12.3,4.3,-95.48056021,-1.666450147,NA,5.666666667
14/10/2005,25.78508,6.43,10.65,11.22,9.78,0,202.4,19.08,5.31,11.05,11.56,10.11,0.2,160.1,14.24,7,12.14,12.7,11.26,0,215.8,17.67,0,12.8,3.2,NA,NA,28,NA
15/10/2005,25.78782,6.05,11.98,12.84,10.99,0.402,178.9,21.3,5.23,12.39,13.5,11.36,0.2,141.8,17.57,7.13,13.26,13.8,12.5,0.197,212.9,19.86,0,16.9,9.6,153.6734569,2.682107795,27,9.166666667
16/10/2005,25.79055,2.68,12.61,13.51,11.72,0,99.6,11.11,2.9,12.76,14.03,11.17,0,116.5,12.71,1.95,13.56,14.49,12.5,0,216.3,8.92,0.4,17.5,7.3,110.8250105,1.934261328,NA,4.875
17/10/2005,25.79329,2.43,11.7,12.35,11.13,0,86.7,8.07,2.66,11.94,12.73,11.23,0,107.7,7.19,2.21,12.94,13.43,12.2,0,198.1,7.19,0,14.7,7,127.48556,2.22504277,17,7.916666667
18/10/2005,25.79603,2.75,11.23,12.35,10.27,0,78.5,9.11,2.74,11.59,12.13,10.97,0,95.9,8.23,2.29,12.63,13.27,12.03,0,193.5,6.991,0,13.7,9.1,119.6428962,2.088162465,17,8.5
19/10/2005,25.79877,1.83,10.25,11.07,9.11,1.206,57.12,8.59,1.55,10.72,11.9,9.57,1.6,77.7,7.77,1.5,11.72,12.97,10.49,1.379,85.4,6.795,0,13.6,10.5,NA,NA,23,NA
20/10/2005,25.80151,1.2,10.36,12.35,8.95,0,90.5,4.737,1.37,10.64,12.29,9.44,0,214.2,5.325,1.47,11.75,14.06,9.62,0.197,299.7,5.194,3.6,12.7,8.1,-161.1201478,-2.812077071,19,7.625
21/10/2005,25.80424,2.35,9.99,11.75,8.91,1.005,48.77,14.5,1.93,10.42,11.56,9.47,2.2,54.03,14.99,1.87,11.45,13.86,10.39,1.773,89.4,11.56,0.4,11.9,7.9,18.17503556,0.317214212,29,6.958333333
22/10/2005,25.80698,7.88,8.1,9.81,6.201,0.402,56.8,16.5,5.22,8.5,10.24,6.534,1.4,178.5,22.34,5.58,9.58,11.23,7.68,1.576,238.1,17.93,14.2,11.1,6,48.85823291,0.852737031,35,19.20833333
23/10/2005,25.80972,6.11,7.04,7.89,5.41,0.201,67.44,13.82,4.18,7.31,8.14,5.8,0.6,149.4,15.97,3.97,8.45,9.22,6.777,0.394,236,14.28,6.2,8.5,3.6,67.69557168,1.181510615,31,12.5
24/10/2005,25.81246,7.87,8.8,10.9,7.36,3.216,81.9,16.89,5.27,9.13,11.47,7.57,8,137.5,21.1,4.74,10.2,12.54,8.79,8.47,243.5,17.15,20.4,9.8,6.9,102.9370472,1.796590397,46,25.20833333
25/10/2005,25.81520,3.49,10.41,12.15,8.62,0,198.4,10.29,2.6,10.97,12.53,9.67,0,60.84,12.67,2.23,11.82,13.56,9.56,0,254.1,8.89,3.2,13.2,5,-137.9142257,-2.407057325,22,6.583333333
26/10/2005,25.81793,6.47,9.91,13.24,7.92,17.89,69.36,20.55,4.82,10.42,13.84,8.34,26.2,143.5,18.78,4.47,11.41,14.73,9.39,27.97,248.3,18.39,35.8,11.4,4.1,93.01428692,1.623405558,37,12.66666667
27/10/2005,25.82067,8.7,12.98,13.67,11.28,10.25,210,24.14,7.66,13.56,14.4,11.83,10,157.8,22.47,7.5,14.43,15.23,12.73,8.08,220.8,25.9,1,17.2,11.4,NA,NA,40,NA
28/10/2005,25.82341,9.31,10.91,12.94,7.69,3.216,197.6,22.64,6.99,11.39,13.47,8.24,3.8,138.3,28.16,6.51,12.43,14.44,9.32,3.349,235.2,23.68,2.8,17.1,9.1,-164.1196186,-2.864427711,46,25.33333333
29/10/2005,25.82615,4.09,9.93,12.45,7.55,13.67,121.6,19.34,3.93,10.34,12.9,8,20,119.6,17.35,4.07,11.21,13.78,7.89,22.65,199.8,18.62,23.4,13.2,6.6,164.8817063,2.877728652,25,11.54166667
30/10/2005,25.82888,8.7,11.89,12.84,10.41,1.005,202.7,23.19,6.84,12.38,13.64,10.96,2.2,151.7,24.04,7.9,13.34,14.2,11.97,0.591,223.2,20.22,16.2,15.1,10.3,173.3941673,3.026299123,51,19.54166667
31/10/2005,25.83162,8.36,10.3,11.66,8.52,2.412,202,21.43,7.11,10.76,12.13,9.04,2.6,136.3,24.43,6.5,11.86,13.11,10.19,1.97,239.1,21.76,6,14.6,10,-178.016307,-3.10697068,39,20
01/11/2005,25.83436,5.48,8.69,9.68,7.29,4.422,115.1,21.56,4.7,9.05,10.01,7.77,4.4,214.8,18,4.96,10.15,11.23,8.75,3.546,337.5,24.83,12,11.4,7.6,-149.8831043,-2.615953664,47,17.20833333
02/11/2005,25.83710,4.78,9.29,10.21,7.92,0,79.2,11.76,3.01,9.61,10.64,8.14,0,158.1,14.6,2.9,10.7,11.7,7.51,0.197,253.6,11.3,0.4,11.1,3.1,110.4134234,1.927077777,27,11
03/11/2005,25.83984,2.08,10.17,11.23,8.02,11.86,63.29,14.05,2.6,10.76,11.76,8.6,14.6,104.3,19.27,2.72,11.68,12.74,9.59,13.2,195.9,18.33,5,13.5,10.2,64.25028818,1.121379074,12,4.75
04/11/2005,25.84257,1.68,7.73,8.58,6.858,0,350.4,11.99,3.24,8.33,9.21,7.47,0,320.4,15.91,3.38,9.3,10.33,7.45,0.197,331.7,14.73,7,11.3,6.4,-44.48842603,-0.776469513,26,12.91666667
05/11/2005,25.84531,4.08,9,10.04,7.33,8.24,164.7,17.38,4.23,9.41,10.41,7.67,10.6,147.8,23.45,4.78,10.58,11.67,8.69,10.83,233.2,18.55,4,11.9,5.3,-147.8237077,-2.580010411,40,10.875
06/11/2005,25.84805,8.87,9.4,10.64,6.394,5.628,187.3,23.39,6.94,9.82,11.18,6.864,9.6,108.7,29.37,7.4,11,12.24,8.02,5.713,235.7,23.03,4.8,12.6,5.8,-172.2788795,-3.006833678,45,23.125
07/11/2005,25.85079,6.06,7.48,9.15,5.71,10.85,145.4,19.37,4.67,7.8,9.31,5.834,18.2,114.4,21.3,5.57,9,10.83,6.911,20.09,228.7,25.45,11.8,9.9,6.6,NA,NA,43,NA
08/11/2005,25.85352,5.61,7.54,9.15,5.04,7.84,122,21.14,4.52,7.92,9.54,5.401,16.4,62.51,30.51,4.67,9.05,10.69,6.379,9.26,276.9,29.76,13.8,10.7,5.4,-147.1301636,-2.567905783,68,20.08333333
09/11/2005,25.85626,6.49,8.55,10.44,7.13,21.31,117.8,21.89,5.05,9,11.01,7.44,25,106.5,28.32,4.8,10.08,11.97,8.35,22.85,282,21.89,25.4,11.2,4.9,-146.6868551,-2.560168591,51,16.29166667
10/11/2005,25.85900,5.11,8.55,9.71,6.46,3.819,78.3,21.63,3.65,9.01,10.21,7.1,6.4,58.09,20.45,4.58,10.08,11.2,8.02,5.319,314.8,24.5,11.8,11.9,6.5,NA,NA,41,NA
11/11/2005,25.86174,8.09,8.38,11.1,5.878,11.46,170.9,29.01,8.26,8.84,11.74,6.409,26,119.2,33.61,6.82,9.9,12.7,7.38,14.18,252.2,32.24,45.4,12.8,7.2,-168.1006626,-2.933910038,65,26.45833333
12/11/2005,25.86448,3.94,6.23,7.5,5.148,5.226,354.3,21.59,7.06,6.84,8.11,5.705,16.4,323.4,29.56,7.22,7.89,9.12,6.677,4.137,304.2,34.17,21,8.3,5.2,NA,NA,NA,NA
13/11/2005,25.86721,3.82,7.37,9.28,4.717,1.005,53.37,23.98,3.44,7.91,9.81,5.541,3,289.3,18.42,4.27,8.96,10.83,6.592,1.773,317.2,19.01,4.4,9.9,2.2,NA,NA,NA,NA
14/11/2005,25.86995,5.44,9.64,10.9,7.55,5.628,46.28,23.45,5.74,10.26,11.8,8.07,11.8,296.7,25.22,6.92,11.2,12.7,8.99,8.67,25.38,27.37,20.4,12.7,8.3,NA,NA,NA,NA
15/11/2005,25.87269,2.39,5.74,8.02,2.926,3.618,355.1,17.54,5.25,6.25,8.64,3.467,3.6,340.9,20.55,5.89,7.24,9.59,4.482,2.758,13.01,22.61,2.4,8.5,4,-53.89159531,-0.940585777,35,14
16/11/2005,25.87543,2,4.29,6.376,2.567,0.201,359.9,17.38,2.25,4.83,6.579,2.898,0.2,305,17.05,2.34,5.78,7.78,4.113,0.394,347.4,14.08,4.4,7.3,0.7,-18.52439535,-0.323311691,40,12.125
17/11/2005,25.87817,1.98,5.37,6.891,3.855,1.206,97.2,7.25,1.72,5.37,7.07,4.069,1.8,103.6,7.61,2.23,6.65,8.51,4.683,0,64.56,9.18,0.8,6.4,0.6,-21.74357525,-0.379496979,14,5
18/11/2005,25.88090,3.71,6.73,8.58,5.248,0,110.6,12.35,3.85,6.87,8.97,5.039,0.2,127.1,11.01,5.55,8.3,10.16,6.659,0,147.1,12.18,0.4,6.9,0,150.5823949,2.628158586,14,5.75
19/11/2005,25.88364,4.32,9.45,10.11,8.48,0,188.9,11.96,3.35,9.9,10.37,8.8,0,121.9,15.32,3.86,10.95,11.36,10.03,0,176,15.12,0,10.9,0.9,-147.9586443,-2.582365499,21,9.041666667
20/11/2005,25.88638,4.28,9.82,10.17,9.51,0.201,165,18.23,3.92,10.31,10.6,10,0,250.4,18.95,4.87,11.34,11.6,11.03,0.197,161.9,15.94,0,10.7,9,-141.6661882,-2.472541423,27,11.58333333
21/11/2005,25.88912,4.82,9.56,10.17,8.22,0,172.7,15.68,4.01,10.03,10.67,8.7,0,187.9,20.02,4.47,11.08,11.67,9.79,0,177.6,17.41,0,10.5,8.4,-145.4246036,-2.538138146,20,11.16666667
22/11/2005,25.89185,4.64,9.31,10.04,8.52,0,181.2,12.84,3.08,9.75,10.48,8.94,0,6.543,13.46,4.05,10.81,11.53,9.99,0,185.2,13.07,0,10.6,6.1,-144.2051396,-2.516854484,24,10
23/11/2005,25.89459,3.63,9.3,10.07,6.991,2.613,71.7,12.54,3.83,9.83,10.58,7.77,3.2,286.7,22.02,4.28,10.78,11.6,8.69,2.758,239.7,21.66,5.8,10.8,8.2,-130.1935824,-2.272306678,27,12.33333333
24/11/2005,25.89733,4.56,3.17,8.25,-0.411,10.25,2.893,21.56,7.8,3.68,8.94,0.026,30.6,326.5,34.63,7.88,4.73,9.86,1.166,8.27,269.3,30.41,15,8.6,1.9,NA,NA,54,NA
25/11/2005,25.90007,9.51,3.84,5.414,1.308,5.226,40.51,34.37,7.83,4.3,5.976,1.807,8,97.1,27.54,9.45,5.47,7.09,2.874,12.61,339.9,35.7,8,7,1,5.385588885,0.093996258,58,36.23076923
26/11/2005,25.90281,6.58,4.23,5.48,1.997,2.814,29.4,22.61,6.09,4.78,6.11,2.429,3.2,93.1,25.94,6.49,5.84,7.23,3.51,4.137,304.2,30.54,5.8,7.1,3.5,7.514281846,0.131148959,49,23.5
27/11/2005,25.90554,3.86,4.59,6.243,2.695,6.03,27.22,15.81,4.2,5.12,6.712,3.266,4.6,129,18.13,4.39,6.17,7.7,4.348,5.122,290.5,23.06,7,7.2,2.5,-3.083074266,-0.053809797,31,14.04166667
28/11/2005,25.90828,4.36,2.94,3.755,1.805,1.005,26.35,19.31,3.79,3.48,4.142,2.142,0.6,68.28,19.47,4.55,4.56,5.319,3.242,1.182,335.1,23.03,4,3.9,0.8,NA,NA,36,15.625
29/11/2005,25.91102,2.06,5.23,7.72,2.999,3.216,137.1,12.74,2.2,5.53,8.24,3.634,4.8,134.7,12.97,2.93,6.62,9.19,3.979,3.743,153.4,12.38,3.8,4.1,0.4,-94.38834061,-1.647387319,16,3.625
30/11/2005,25.91376,2.77,7.58,8.68,5.808,5.628,134.4,11.04,2.59,8.1,9.07,6.504,7.6,289.3,13.07,2.27,9.05,10.19,7.11,6.698,238.2,11.01,14.4,9.7,3.2,-158.7543152,-2.770785501,31,11.83333333
01/12/2005,25.91650,1.73,6.32,7.92,4.916,13.67,104.4,11.11,1.85,6.8,8.27,5.508,16,221,9.38,2.18,7.69,9.66,5.62,16.74,208.3,10.29,3.6,10.4,7.3,143.4551325,2.503764391,33,17.41666667
02/12/2005,25.91923,4.1,6.68,8.52,4.319,0.402,36.06,15.03,3.09,7.21,8.84,5.073,0.8,244.7,16.1,3.1,7.84,9.99,3.887,0.591,288.7,17.51,1.4,8.9,1.7,61.1830549,1.067845755,25,10.08333333
03/12/2005,25.92197,1.11,7.26,9.18,5.347,0,17.59,4.769,1.32,7.5,9.74,6.51,0,336.6,4.41,1.23,7.95,9.99,6.056,0,5.987,4.769,0,8.6,6.3,87.77477695,1.531958858,21,10.45833333
04/12/2005,25.92471,1.98,7.16,8.15,5.877,5.427,346.8,11.5,2.87,7.75,8.64,6.771,4.8,303.5,16.27,2.69,8.87,9.82,7.71,4.334,2.248,19.6,0.2,9.5,5.5,40.22239855,0.702013288,21,9.166666667
05/12/2005,25.92745,3.8,7.13,8.25,5.744,4.422,15.27,13.13,4.29,7.63,8.74,6.475,3.6,314.8,17.22,4.39,8.63,9.69,7.45,4.334,285.4,22.12,1.8,8.7,4.4,34.17473485,0.596461644,24,10.125
06/12/2005,25.93018,2.03,7,8.52,5.58,1.809,55.22,9.28,1.61,7.21,8.64,5.742,1.8,200.1,11.11,1.86,7.98,9.86,5.453,1.576,161.6,9.83,0.2,8.2,1.9,-0.413431765,-0.007215746,15,5.388888889
07/12/2005,25.93292,3.87,7.23,7.95,5.878,4.422,114.4,16.27,4.61,7.37,8.2,5.842,5.2,130.8,14.63,6.46,8.8,9.59,6.424,6.501,161.6,15.26,0.2,8.6,1,NA,NA,26,NA
08/12/2005,25.93566,NA,NA,NA,NA,NA,NA,NA,4.49,7.93,9,6.735,2,155.8,17.67,3.77,8.98,10.19,7.88,1.97,239,18.26,1.4,9,6.9,174.997978,3.054290901,31,15.875
09/12/2005,25.93840,NA,NA,NA,NA,NA,NA,NA,5.19,9.76,10.67,7.7,6.2,129.5,19.86,4.45,10.61,11.46,8.85,4.334,184.5,18.06,9.6,11.6,8.1,-168.7510154,-2.945260834,34,18.91666667
10/12/2005,25.94114,NA,NA,NA,NA,NA,NA,NA,4.62,10.33,10.67,9.94,2.2,35.24,19.11,5.26,11.22,11.56,10.83,0.591,187.6,16.99,0.4,12,10.7,-150.418521,-2.625298448,36,19
11/12/2005,25.94387,NA,NA,NA,NA,NA,NA,NA,5.11,8.82,10.97,6.529,3.2,349.7,24.04,5.8,9.81,11.92,7.82,1.379,283.1,20.91,5.6,12.1,3.9,-92.80823545,-1.619809282,37,18.29166667
12/12/2005,25.94661,NA,NA,NA,NA,NA,NA,NA,2.29,7.38,8.14,6.672,0,306.6,9.54,2.61,8.36,9.25,7.18,0,319.1,15.84,0.4,7.3,2.9,-101.629148,-1.773763248,18,7.416666667
13/12/2005,25.94935,NA,NA,NA,NA,NA,NA,NA,4.74,8.99,10.27,7.6,0.8,339.4,19.47,5.37,10.02,11.26,8.79,0.197,324,19.6,0.8,10.5,6.7,-89.56135052,-1.563140449,31,14.375
14/12/2005,25.95209,NA,NA,NA,NA,NA,NA,NA,5.6,9.19,10.34,7.5,3.4,21.54,26.2,5.01,10.23,11.49,8.52,0.985,328.3,19.01,0.4,10.6,7.1,-85.24005468,-1.487719609,36,13.95833333
15/12/2005,25.95483,NA,NA,NA,NA,NA,NA,NA,6.79,9.19,10.11,8.1,15.2,20.29,31.43,6.38,10.22,11.26,9.22,2.758,331.4,24.37,15,10.5,8.1,-73.32956306,-1.279842314,41,18.66666667
16/12/2005,25.95756,NA,NA,NA,NA,NA,NA,NA,4.54,4.95,8.27,2.396,1.4,295.5,17.54,4.66,6.08,9.39,3.544,1.182,281.4,21.69,1.8,9.6,1,-21.63627259,-0.377624195,43,19.54166667
17/12/2005,25.96030,NA,NA,NA,NA,NA,NA,NA,2.61,4.19,7.24,2.811,0,215.1,16.69,2.51,5.28,8.42,2.505,0,268.8,13.13,1.6,3.1,-0.8,-45.28637593,-0.790396366,30,10.08333333
18/12/2005,25.96304,NA,NA,NA,NA,NA,NA,NA,5.63,7.64,9.24,5.607,7,55.93,25.15,5.55,8.68,10.33,6.61,5.516,253,23.19,16.8,9.4,-0.3,-136.7805483,-2.38727092,45,18.16666667
19/12/2005,25.96578,NA,NA,NA,NA,NA,NA,NA,4,8.12,9,6.931,1.6,272.7,20.68,4.69,9.14,10.19,7.95,1.182,322.1,18.91,3.4,8.1,4.7,-117.0082301,-2.042178868,26,11.29166667
20/12/2005,25.96851,6.46,8.73,9.68,6.662,2.814,204.6,21.3,5.26,9.59,10.14,8.64,3.4,75.8,23.52,4.66,10.64,11.2,9.76,3.152,193.4,17.08,3.4,10.5,5.7,NA,NA,36,NA
21/12/2005,25.97125,4.11,6.86,9.28,4.979,6.432,18.52,24.34,5.1,7.39,9.81,5.407,5.2,280.7,24.66,4.94,8.16,10.66,5.553,5.122,337.4,23.23,14,10.5,2.7,-109.3287621,-1.908146865,50,18.625
22/12/2005,25.97399,6.12,8.72,9.88,6.132,18.49,183.8,17.31,4.97,9.18,10.48,6.468,18.8,151.8,20.55,5.64,10.26,11.5,7.68,18.32,170.1,19.73,38.6,11.2,2,-160.343678,-2.798525115,31,14.91666667
23/12/2005,25.97673,4.67,8.44,9.41,7.29,0.201,47.64,16.66,4.97,8.96,9.94,7.8,0.4,292,21.89,5.29,9.96,10.93,8.79,0.197,337.5,21.43,2.4,11,7.6,-109.8183867,-1.916692427,35,17.04166667
24/12/2005,25.97947,1.68,7.57,8.02,6.792,0,40.89,9.8,2.15,8.03,8.37,7.3,0,263.6,18.03,1.95,8.91,9.49,7.58,0,322.5,11.66,0.2,8.4,3.2,-109.3244586,-1.908071756,14,6.958333333
25/12/2005,25.98220,2.11,7.51,8.48,6.566,0,205.9,8.4,1.59,7.88,8.94,6.797,0,181.4,10.09,1.74,8.99,9.92,6.878,0,199.4,7.91,0,7.3,3.5,-109.5713674,-1.912381127,11,3.458333333
26/12/2005,25.98494,1.87,6.68,8.52,5.845,0,151.6,7.55,1.77,6.87,8.55,5.474,0,192.1,7.32,2.13,7.29,9.8,5.319,0.197,49.75,10.26,0.4,7.1,0.6,-40.63426674,-0.709201744,15,4.125
27/12/2005,25.98768,4.11,5.32,6.54,4.186,0.201,168.7,15.26,4.62,5.53,6.645,4.504,0.2,138.4,14.5,6.9,7.05,8.12,5.92,0,163.3,18.46,0,6.4,1.4,160.1612275,2.795340753,23,11.5
28/12/2005,25.99042,6.9,4.66,5.248,2.959,0.201,195.8,19.08,6.14,4.92,5.508,3.199,0.2,155.4,17.64,8.9,6.38,6.891,4.716,0.197,161.8,21.69,0,5,3.6,166.6619937,2.908800527,27,16.25
29/12/2005,25.99316,6.65,4.81,7.03,3.888,4.422,133.6,21.85,8.57,5.05,7.54,4.169,6.8,129.9,22.12,11.17,6.65,8.69,5.855,9.46,162,20.51,4.2,4.5,0.9,148.7670495,2.596474832,31,18.875
30/12/2005,25.99589,NA,NA,NA,NA,NA,NA,NA,3.04,7.78,8.97,6.663,9.4,181.3,12.61,3.79,8.94,10.13,7.68,11.23,176.3,13.65,18.8,7.6,0.8,152.0557098,2.653872783,29,13
31/12/2005,25.99863,NA,NA,NA,NA,NA,NA,NA,2.95,7.1,8.21,5.842,5.8,320.5,16.79,2.91,7.84,9.72,5.184,5.516,336.9,22.44,2.2,7.8,1.3,-57.24543148,-0.999121261,10,3.166666667
01/01/2006,26.00137,NA,NA,NA,NA,NA,NA,NA,4.81,7.37,8.01,6.704,5,334,18.2,5.23,8.29,9.09,6.852,4.137,316.6,22.15,0.8,8.3,3.5,-59.78138532,-1.043382005,16,6.416666667
02/01/2006,26.00411,NA,NA,NA,NA,NA,NA,NA,5.28,8.86,10.24,7.44,5.8,99.7,23.68,3.98,9.91,11.03,8.55,4.334,208.7,13.95,3,10.1,1.9,-158.6113569,-2.768290408,39,17.33333333
03/01/2006,26.00684,NA,NA,NA,NA,NA,NA,NA,3.87,7.77,8.97,6.101,0.8,119.6,19.01,3.74,8.81,10.09,7.08,0.591,245.8,16.04,3,10.1,2.1,-135.1963179,-2.359620883,29,9.625
04/01/2006,26.00958,NA,NA,NA,NA,NA,NA,NA,6.09,8.15,8.84,6.931,2.2,162,18.06,7.1,9.27,9.99,8.15,1.773,177.7,20.29,0,8.6,7.2,-171.661961,-2.99606642,31,19.16666667
05/01/2006,26.01232,NA,NA,NA,NA,NA,NA,NA,7.14,6.41,7.53,4.504,0,137.5,20.55,10.71,7.83,8.85,6.075,0.197,162.9,23.29,0,8.6,5.4,175.4102217,3.061485911,39,19.54166667
06/01/2006,26.01506,NA,NA,NA,NA,NA,NA,NA,5.44,5.27,6.21,4.404,3.6,150.6,15.19,7.67,6.77,7.68,5.788,2.955,163.3,17.54,0,6.1,4.3,178.7319295,3.119460648,30,16
07/01/2006,26.01780,NA,NA,NA,NA,NA,NA,NA,7.17,6.22,7.05,5.705,0,162.9,17.05,8.03,7.5,8.22,6.878,0,167.6,21.95,0,6.7,5.7,179.1677885,3.127067824,36,20.66666667
08/01/2006,26.02053,NA,NA,NA,NA,NA,NA,NA,6.63,6.33,7.63,5.709,0.4,163.8,18.95,5.57,7.59,8.75,7.01,0.197,182.4,20.35,0,6.6,5.3,-173.7311189,-3.032180037,35,18.83333333
09/01/2006,26.02327,NA,NA,NA,NA,NA,NA,NA,7.43,8.05,9.31,6.931,27.6,148.5,32.47,6.19,9.13,10.26,7.75,18.91,224.7,21.27,18,8,5.4,-157.4828644,-2.7485945,59,27.41666667
10/01/2006,26.02601,NA,NA,NA,NA,NA,NA,NA,6.73,8.06,11.01,5.772,58.6,165.6,37.89,7.13,9.14,11.86,6.978,16.55,185.7,39.95,15.2,11,4.9,-153.2120744,-2.674055152,63,22.875
11/01/2006,26.02875,6.03,6.61,8.28,3.357,3.417,161.4,24.3,5.36,6.45,8.77,3.6,7.6,337.3,31.46,5.61,7.5,9.86,4.612,4.334,277,26.95,16,8.6,3.7,-121.733864,-2.124656738,63,17.625
12/01/2006,26.03149,9.91,7.87,9.15,5.863,24.52,196.7,27.86,8.02,8.32,9.97,6.463,17.2,154.3,27.67,6.61,9.45,10.93,7.55,10.83,189.9,26.13,7.2,10.9,6.1,-160.9633321,-2.80934012,65,28.08333333
13/01/2006,26.03422,6.38,7.46,9.28,4.218,19.3,196.2,23.32,4.94,7.87,9.74,4.637,19.2,159,21.92,5.11,8.97,10.79,5.372,20.09,195.2,18.65,20.8,11,7,-171.4216519,-2.991872235,49,22.08333333
14/01/2006,26.03696,6.24,6.11,7.26,4.485,0.402,195.5,22.67,5.08,6.47,7.54,5.106,0,173.1,17.8,6.66,7.7,8.79,5.553,0.394,177.8,25.02,3.2,7.4,1.5,-161.9488241,-2.8265402,38,14.54166667
15/01/2006,26.03970,6.87,6.22,8.25,3.822,23.12,209.4,23.55,5.75,6.66,8.6,4.27,18.2,167.8,20.12,6.1,7.77,9.76,5.286,21.47,148.9,29.33,10.6,9.1,6.7,NA,NA,43,NA
16/01/2006,26.04244,3.63,4.8,6.401,2.727,5.628,353.4,19.96,4.35,5.28,6.712,2.864,4.4,87.7,20.38,3.91,6.36,8,3.912,4.531,308.7,22.74,33.4,8.6,2.3,-120.6528967,-2.1057903,45,11.875
17/01/2006,26.04517,2.9,4.74,6.376,3.125,1.407,6.155,14.08,5.32,5.22,6.846,3.6,1.8,22.48,22.87,5.18,6.23,7.75,4.415,1.773,335.4,18.85,9.2,4.4,0.8,NA,NA,NA,NA
18/01/2006,26.04791,3.65,8.62,9.71,5.876,4.824,108.2,18.26,3.77,9.31,10.37,6.276,8.6,271.8,18.95,3.98,10.21,11.38,7.38,5.713,160.1,23.65,2.8,11.6,3.5,-146.2596269,-2.552712053,32,12.95833333
19/01/2006,26.05065,6.99,8.42,9.84,4.054,8.84,167.6,20.81,4.99,9.02,10.41,4.437,15.6,28.98,25.48,6.01,9.91,11.42,5.486,11.23,188.3,18.91,22.2,11.7,7.5,-148.691253,-2.595151934,47,21.20833333
20/01/2006,26.05339,3.99,6.13,7.72,2.959,4.02,17.44,20.12,5.78,6.6,8.07,3.5,6.6,353.4,27.24,6.33,7.59,9.25,4.146,5.122,328.7,23.32,12.2,7.9,3,-91.47584988,-1.596554766,45,17.58333333
21/01/2006,26.05613,4.99,8.11,8.78,6.7,0.603,184.7,18.46,4.63,8.6,9.27,7.23,0.6,85.4,25.25,4.03,9.66,10.36,8.22,0.394,241.5,15.97,0.4,10.1,5,-129.1608594,-2.254282261,35,12.375
22/01/2006,26.05886,4.97,8.11,9.05,6.692,5.829,183.7,18.62,3.99,8.59,9.61,6.998,8.4,107.7,24.34,3.09,9.6,10.43,8.08,5.319,204.8,13.2,13.8,9.2,7.9,-162.7597246,-2.840693084,42,16.875
23/01/2006,26.06160,9.29,8.42,9.11,7.75,5.025,199.5,22.54,7.68,8.9,9.64,8.2,5.6,125.9,25.51,4.95,9.91,10.66,9.25,3.94,198.9,16.14,2.2,9.4,8,-163.3295631,-2.850638641,40,21.91666667
24/01/2006,26.06434,3.25,6.8,8.85,5.834,0,54.57,8.17,2.21,7.25,9.57,6.397,0.2,134.8,12.38,2.26,8.28,10.36,7.31,0.197,234.9,9.96,3.6,9.7,5.2,36.14087211,0.630777213,31,10.625
25/01/2006,26.06708,2.42,5.89,6.892,4.518,0,86.2,6.239,1.96,6.07,7.57,4.102,0,113,6.827,2.25,7.38,8.38,5.976,0,154.4,8.49,0,5.9,1.2,98.27401475,1.715205127,14,7.625
26/01/2006,26.06982,1.93,5.13,5.945,4.485,0,160.2,8.82,2.08,5.34,6.11,4.705,0,147.2,7.84,3.21,6.75,7.61,5.812,0,160.9,8.89,0.4,5.1,-1.4,-60.90564826,-1.063004095,9,3.125
27/01/2006,26.07255,0.42,5.25,6.175,4.485,0,307.2,3.561,0.78,5.63,6.645,4.638,0,299.2,5.586,0.7,6.4,7.72,5.353,0,1.545,3.953,0,6.1,3.1,-57.70034522,-1.007061004,13,4
28/01/2006,26.07529,NA,NA,NA,NA,NA,NA,NA,1.36,6.08,6.71,5.407,0,188.4,7.77,1.49,7.04,7.68,6.312,0,191.2,6.468,0,7.5,4.6,-116.1975966,-2.028030643,13,3.333333333
29/01/2006,26.07803,NA,NA,NA,NA,NA,NA,NA,4.21,6.69,7.4,5.876,0,152.8,14.73,3.59,7.89,8.59,7.08,0,205.6,11.34,0,6.9,4,-157.5047687,-2.748976802,23,10.54166667
30/01/2006,26.08077,NA,NA,NA,NA,NA,NA,NA,3.93,7.89,8.9,6.771,0,128.9,15.45,3.51,9.09,9.94,8.18,0,212.9,9.47,0,8.2,3.7,-167.0840118,-2.916166134,28,12.66666667
31/01/2006,26.08350,NA,NA,NA,NA,NA,NA,NA,3.95,6.39,7.17,5.667,0,145.6,16.69,3.24,7.56,8.35,6.844,0,210.4,9.02,0,6.2,1.9,-149.6059192,-2.61111587,27,9.875
01/02/2006,26.08624,NA,NA,NA,NA,NA,NA,NA,3.45,6.31,7.4,5.771,0,153.7,10.85,5.03,7.52,8.59,6.945,0.197,168.3,14.01,0,5.7,4.3,-173.8143746,-3.033633123,19,10.04166667
02/02/2006,26.08898,NA,NA,NA,NA,NA,NA,NA,3.07,8.22,9.04,7.27,1,152.5,11.79,3.29,9.25,9.99,8.42,0.591,175.7,12.25,0.8,8.6,4.3,178.555786,3.116386365,18,8.791666667
03/02/2006,26.09172,NA,NA,NA,NA,NA,NA,NA,2.18,8.93,9.21,8.54,0,325.9,10.91,2.47,9.98,10.26,9.62,0,177.1,11.96,0,9.5,7.6,-153.7725026,-2.683836469,18,9.125
04/02/2006,26.09446,NA,NA,NA,NA,NA,NA,NA,2.81,8.85,9.24,8.3,0.2,42.94,12.94,3.19,9.9,10.33,9.32,0,179.7,10.91,0,9.3,6.1,-147.1014578,-2.567404773,21,8.333333333
05/02/2006,26.09719,NA,NA,NA,NA,NA,NA,NA,4.15,9.15,9.54,8.7,0.8,338.6,22.05,5.5,10.22,10.62,9.86,0,173.5,21.2,0,10.2,6.8,-147.4952313,-2.574277417,27,15.79166667
06/02/2006,26.09993,NA,NA,NA,NA,NA,NA,NA,4.26,9.65,10.07,9.31,8.4,241.6,20.32,5.24,10.59,10.93,10.23,6.895,347.6,22.54,18.4,10.8,9.5,-120.0127247,-2.09461719,33,17.54166667
07/02/2006,26.10267,NA,NA,NA,NA,NA,NA,NA,4.86,7.38,9.91,4.337,19,335.3,17.08,5.19,8.3,10.85,5.442,17.53,339.8,20.51,18.4,10.7,4.2,-83.78286849,-1.462286912,37,14.41666667
08/02/2006,26.10541,NA,NA,NA,NA,NA,NA,NA,4.67,4.59,6.043,2.831,1.2,333.2,20.19,4.84,5.68,7.23,3.845,1.576,275.2,19.83,10.4,5.8,1.4,NA,NA,31,14.33333333
09/02/2006,26.10815,0.92,4.9,6.342,2.466,0,233,13.2,1.83,3.44,5.1,2.075,0,210.3,11.56,1.95,4.13,6.777,1.908,0,351,15.19,0,4.3,1.4,-30.75065632,-0.5367002,24,8.083333333
10/02/2006,26.11088,6.45,5.5,6.733,4.058,2.412,208.8,19.14,5.22,5.82,6.974,4.212,1.6,167.5,15.75,4.58,7.1,8.25,5.587,1.379,183.8,15.91,0,5.6,-0.5,-155.2988041,-2.710475457,34,13.375
11/02/2006,26.11362,4.22,6.58,7.82,5.24,14.67,201.6,20.87,3.34,7.04,8.4,6.171,13,194.6,19.24,2.84,7.94,9.52,6.241,12.21,229,16.79,2,8.1,3.2,-159.3455731,-2.781104898,43,18.875
12/02/2006,26.11636,3.15,7.8,10.07,5.945,3.417,187.7,12.35,3.43,8.27,10.64,6.271,3.6,147.7,16.53,3.49,9.35,11.89,7.32,3.349,201.8,15.58,7.6,9.9,2.3,-158.5820566,-2.767779023,23,9.458333333
13/02/2006,26.11910,7.21,8.17,9.11,6.268,16.88,208.6,17.18,5.11,8.65,9.54,6.63,13.6,146.4,20.91,4,9.65,10.59,7.85,13.99,193.9,14.41,4.8,9.9,4.1,179.2168153,3.127923502,30,15.125
14/02/2006,26.12183,6.16,7.19,8.55,5.379,8.24,198.9,20.51,4.9,7.61,9.04,5.708,7.4,135.4,22.18,4.71,8.73,10.08,7.08,7.49,196.7,21.4,18.8,9.7,6.3,NA,NA,42,NA
15/02/2006,26.12457,5.16,6.36,7.69,5.041,1.809,108,18.42,4.19,6.74,8.17,5.299,2.6,240.6,18.39,4.97,7.86,9.19,6.442,2.955,186.1,19.5,20.6,8.1,4.3,-152.7316069,-2.665669413,43,14.70833333
16/02/2006,26.12731,4.18,5.48,6.898,3.689,11.06,212.9,15.42,4.28,5.92,7.43,4.035,9,96,18.91,4.03,7.03,8.28,5.407,8.86,233.7,17.22,4.6,7.6,4.2,-177.5068746,-3.098079406,38,16.45833333
17/02/2006,26.13005,2.51,5.37,6.957,3.224,2.01,143.2,11.6,2.62,5.75,7.5,3.433,2.4,141.9,14.21,3.1,6.91,8.65,4.214,2.758,193,13.79,0.8,8.7,1.5,-135.2320401,-2.360244355,18,6.666666667
18/02/2006,26.13279,3.2,6.14,6.804,5.281,0,121.2,11.17,3.29,6.34,7.35,5.441,0.2,136.7,10.71,4.72,7.83,8.38,6.978,0,159.7,11.14,0,7.8,0.5,123.6416652,2.157954151,13,7.5
19/02/2006,26.13552,3.8,5.6,6.475,3.855,1.407,72.2,9.24,2.48,5.92,7.27,4.236,1.4,149.9,13.03,3.04,7.16,8.05,5.305,1.97,176.2,11.47,0,7.5,2.1,76.10899012,1.328352468,18,8.875
20/02/2006,26.13826,1.91,6.53,8.22,5.182,0.201,32.38,9.38,1.91,6.99,8.7,5.608,0,263.3,9.83,1.87,7.99,10.06,5.754,0,351,10.45,1.6,9.2,1.4,-6.335983418,-0.110583772,21,8.875
21/02/2006,26.14100,2.39,6.1,7.89,4.883,0,46.81,7.32,1.66,6.46,8.58,4.337,0,145.3,7.94,1.83,7.69,10.09,5.118,0,275.4,8.43,1.2,7.9,0.9,NA,NA,17,NA
22/02/2006,26.14374,1.89,5,6.759,3.689,0,86.3,6.501,1.48,4.95,7.03,3.333,0,114,5.651,1.88,6.2,8.18,3.242,0,155.9,7.61,0.4,7.3,-0.5,85.96058641,1.50029526,10,NA
23/02/2006,26.14648,5.27,5.63,6.994,4.054,0,59.28,16.14,2.96,5.94,7.37,3.835,0,169.6,18.26,3.25,7.07,8.45,4.415,0,206.5,17.84,0,8.1,1.3,48.13349497,0.840087968,31,12.83333333
24/02/2006,26.14921,8.91,6.34,6.924,5.472,0,58.28,15.45,5.38,6.73,7.7,5.67,0,169.2,21.46,5.4,7.83,8.45,6.844,0,202,16.82,0.8,7.7,5.2,60.95666773,1.063894553,30,16.04166667
25/02/2006,26.15195,8.62,4.84,6.825,3.523,0,59.79,16.04,5.86,5.18,7.43,4.002,0,160.6,20.94,5.6,6.3,7.95,5.148,0,192.3,19.44,0,7.1,2.6,65.25446793,1.138905317,32,16.625
26/02/2006,26.15469,4.03,4.55,5.837,3.357,0,39.02,13.26,3.2,4.98,6.272,3.801,0,155.5,17.02,3.36,6.07,7.38,4.85,0,266.3,12.94,0.4,8.2,3.3,6.399063362,0.111684725,25,12.33333333
27/02/2006,26.15743,2.83,4.5,6.805,1.206,4.02,23.82,22.83,4.83,4.93,7.21,1.462,4,334.8,20.87,5.22,5.99,8.25,2.706,3.349,13.9,24.08,6.4,7.3,1.5,-30.79585911,-0.537489138,34,15.29166667
28/02/2006,26.16016,5.29,0.79,2.9,-1.874,0.603,43.96,22.93,5.2,1.2,3.213,-1.239,1.4,153.6,22.96,6.13,2.33,4.448,-0.307,1.182,37.3,27.18,3.6,2.9,-0.8,NA,NA,42,NA
01/03/2006,26.16290,4.54,0.41,1.743,-1.971,2.412,34.44,18.03,3.95,0.87,2.477,-1.473,2.6,138.3,19.37,4.8,2.02,3.479,-0.697,3.546,358.6,20.87,3.4,2.1,NA,-0.591042749,-0.010315642,38,18.58823529
02/03/2006,26.16564,4.22,0.99,2.627,-0.69,3.819,42.82,18.13,3.44,1.51,3.4,-0.201,3.2,151.8,17.64,3.63,2.6,4.567,0.776,4.334,266.1,19.11,9,NA,-2.2,8.299540683,0.144854311,37,13.16666667
03/03/2006,26.16838,3.68,1.58,3.556,-0.976,4.824,38.21,15.88,3.39,2.07,4.537,-0.502,7,213.5,18.36,3.4,3.11,5.451,0.332,2.758,268.3,23.1,16.8,2.7,-2.4,11.86557584,0.207093366,29,11.29166667
04/03/2006,26.17112,2.78,1.87,3.922,0.153,3.417,4.053,17.05,4.11,2.37,4.372,0.402,4.4,304.8,20.58,4.02,3.48,5.42,1.546,3.152,243.3,18.55,13.6,3.2,-2.2,NA,NA,NA,NA
05/03/2006,26.17385,1.96,2.32,4.093,0.119,3.819,350,12.64,3.09,2.84,4.069,0.602,2.2,327,15.97,3,3.94,5.444,1.874,2.167,276.4,19.01,4.4,4,-1.7,NA,NA,NA,NA
06/03/2006,26.17659,3.37,3.93,6.011,1.346,6.432,186.5,18.75,3.21,4.37,6.478,2.51,5.8,163.1,16.5,3.67,5.36,7.61,2.411,5.319,173.7,17.97,0.6,5.7,-1.4,NA,NA,NA,NA
07/03/2006,26.17933,2.11,6.74,8.05,5.837,2.01,175.5,19.18,2.01,7.27,8.3,6.264,1.8,140.1,21.72,2.16,8.1,9.32,6.109,1.576,191.2,12.35,3.6,8.4,2.9,178.8997418,3.122389525,37,13.04166667
08/03/2006,26.18207,1.38,6.85,8.55,5.447,1.005,308.5,10.91,2.49,7.3,8.6,5.876,0.8,349.7,13.88,2.83,8.22,10.28,5.151,0.591,345,13.1,2.6,9.7,2.8,170.009957,2.96723351,22,6.208333333
09/03/2006,26.18480,3.93,6.01,6.561,5.411,0.201,109,10.62,4.11,6.3,6.964,5.675,0.4,129.1,10.42,4.87,7.44,8.12,5.118,0.394,145,11.24,0,8.9,0.6,125.6172218,2.192434117,23,9.958333333
10/03/2006,26.18754,3.1,5.81,7.39,4.452,1.206,60.8,10.65,3.91,6.25,7.78,5.14,1.8,117,15.61,4.2,7.35,8.52,6.143,2.167,154.2,14.77,3.2,7.5,4.5,125.5597069,2.191430294,28,17.04166667
11/03/2006,26.19028,5.26,5.34,7.2,4.186,16.88,204.6,28.16,4.57,5.79,7.4,4.571,8.2,150.6,24.66,6.64,6.68,8.18,4.582,10.05,158.8,27.9,7.4,7,0.7,171.0965193,2.9861976,42,15.41666667
12/03/2006,26.19302,8.15,7.48,8.81,4.419,5.226,200.8,22.15,6.07,8.18,9.61,4.872,4.4,152.3,19.34,5.87,9.07,10.36,6.055,3.349,177.8,24.63,26.2,8.1,2.1,178.4130405,3.113894986,43,25.625
13/03/2006,26.19576,7.53,7.31,8.32,6.659,11.06,196.8,23.45,7.14,7.87,8.9,7.3,8.4,152.6,20.32,9.58,8.9,9.99,8.25,7.88,162.8,26.33,6,7.8,6.5,170.8301019,2.981547739,41,25.33333333
14/03/2006,26.19849,2.66,6.68,7.62,5.797,0.603,70,10.68,1.87,7.33,8.27,6.463,1,110.3,8.2,2.02,8.25,9.15,7.41,0.591,216,8.98,8.4,9.5,4,95.9983968,1.675488101,29,8.291666667
15/03/2006,26.20123,1.57,5.97,6.698,4.618,0,93.6,6.076,1.43,6.38,7.3,4.839,0,119.2,5.978,2.12,7.51,8.18,6.107,0,159.3,6.664,0,7.3,3.8,112.9196993,1.970820544,25,15.95833333
16/03/2006,26.20397,4.7,4.16,5.016,3.025,0.201,76.4,11.47,3.3,4.51,5.865,3.266,0,126.8,13.49,3.33,5.64,6.71,4.448,0.197,169.8,14.93,0,7.6,0.7,91.64265274,1.599466026,21,11.33333333
17/03/2006,26.20671,7.03,4.57,5.896,3.224,0,60.87,15.91,4.4,4.99,6.663,3.6,0.2,159.2,17.41,4.3,6.08,7.75,4.783,0,197.9,16.24,0,5.9,1.3,70.51614857,1.230738968,23,12.33333333
18/03/2006,26.20945,5.54,4.81,6.568,3.622,0,58.59,12.12,3.38,5.21,6.973,4.002,0,172.7,15.52,3.39,6.28,8.05,5.286,0,206.3,13.52,0,8,2.5,8.318214802,0.145180236,17,7.727272727
19/03/2006,26.21218,2.9,6.61,8.45,4.551,0,31.57,13,2.62,6.97,8.3,5.073,0,228,14.37,2.87,8,9.46,6.174,0.197,311.8,14.54,4.4,9.9,4.5,13.47706902,0.235219228,26,11.04166667
20/03/2006,26.21492,5.94,3.85,5.048,1.336,0,58.38,13.49,4.23,4.28,5.642,1.894,0,179.7,16.63,4.44,5.34,6.61,2.941,0,204.6,15.26,1.6,6,2.2,34.63832564,0.60455283,26,15.83333333
21/03/2006,26.21766,2.5,1.53,2.893,0.511,0,37.44,10.58,2.61,2,3.299,1.135,0,154.3,15.55,2.55,2.97,4.515,2.036,0.197,276.3,11.17,0.4,3.7,-2.9,-4.401186249,-0.076815191,28,11.625
22/03/2006,26.22040,2.9,2.09,5.746,-0.279,15.68,71.3,15.12,2.96,2.47,6.311,0.067,20.8,113.2,14.77,3.58,3.81,7.5,1.575,23.64,172.7,14.7,11,1.7,-4,175.2812897,3.059235623,23,8.458333333
23/03/2006,26.22313,4.54,3.84,6.077,1.805,8.44,92.6,10.68,3.72,4.13,6.611,1.741,17.4,127.2,11.63,4.42,5.33,7.16,2.84,14.77,170.3,12.15,9.4,6.9,1.2,105.3780502,1.839193935,21,10.54166667
24/03/2006,26.22587,6.37,5.03,6.163,3.888,0,71.2,13.49,4.12,5.34,6.63,4.136,0.2,141.8,21.46,3.57,6.5,7.61,5.352,0.197,206.9,15.22,0,7.7,2.2,100.4190566,1.75264317,38,19.25
25/03/2006,26.22861,5.43,6.08,8.22,3.921,7.84,92.9,13,4.45,6.45,8.27,4.203,13.2,123.2,17.57,4.69,7.57,9.42,5.319,15.56,167.5,19.7,28.4,7.5,3.8,104.1667461,1.81805269,40,19.66666667
26/03/2006,26.23135,4.64,6.73,8.32,5.898,2.613,61.66,12.54,2.94,7.41,9.07,6.432,7.4,120.2,16.24,2.83,8.3,9.72,7.35,5.713,226.9,10.71,8.4,8.8,5.6,75.53270481,1.318294392,24,11.30434783
27/03/2006,26.23409,9.79,5.32,6.029,4.817,18.09,48.51,21.49,6.68,5.92,6.797,5.372,33.4,175.7,24.83,6.76,6.93,7.71,6.417,28.17,227.4,21.17,19.2,7.4,5.8,42.31722891,0.738574975,35,19.875
28/03/2006,26.23682,4,4.69,5.631,3.191,2.211,30.55,20.58,5.16,5.05,5.775,3.4,3,352.3,21.53,5.77,6.17,6.945,4.415,2.561,334.2,24.43,2.4,8.3,2.8,NA,NA,36,NA
29/03/2006,26.23956,5.33,5.23,7.22,2.13,2.613,136.3,20.74,4.03,5.67,7.8,2.496,2.8,211.4,23.59,4.96,6.79,8.82,3.544,3.743,209.9,24.47,5.2,9.7,1,NA,NA,40,NA
30/03/2006,26.24230,5.25,5.82,6.991,4.784,0,69.39,11.6,3.75,6.12,7.77,4.571,0,168,18.46,3.6,7.18,8.35,4.716,0,193.4,12.51,1.2,7.9,3,87.74227825,1.531391649,24,11.875
31/03/2006,26.24504,5.33,5.95,8.25,4.551,5.226,87.9,13.95,3.97,6.28,8.97,4.939,8.6,133.7,19.6,4,7.44,9.89,5.944,10.05,179.7,17.18,11.2,6.9,4.9,91.99690274,1.605648854,30,17.125
01/04/2006,26.24778,1.35,5.56,6.891,4.518,6.231,76.6,6.631,1.32,5.95,7.27,4.905,7.8,114.3,5.717,1.12,6.88,8.22,5.982,7.68,171.1,6.762,10.8,9.4,4.1,108.3283141,1.890685754,24,10.45833333
02/04/2006,26.25051,2.45,4.67,6.493,2.229,1.005,18.93,13.39,2.99,5.15,7.23,2.831,1,349.6,17.74,3.38,6.19,8.72,3.878,1.379,316.6,17.97,14.4,8.4,3.7,54.92326698,0.958591845,19,10.54166667
03/04/2006,26.25325,3.14,3.41,6.494,0.413,3.618,23.23,15.09,3.52,3.86,6.27,0.761,2.4,76.4,16.56,3.81,4.93,7.08,1.936,3.152,311.6,16.79,19.6,6.9,0.5,-12.75468099,-0.222611178,41,13.75
04/04/2006,26.25599,1.63,4.05,6.169,0.214,1.206,20.26,10.16,2.51,4.38,5.87,0.736,1.2,265.4,12.77,2.37,5.49,7.45,1.601,1.182,328.9,11.3,0.4,7.7,-1.8,-75.87954838,-1.324347954,28,10.04166667
05/04/2006,26.25873,4.38,6.04,6.932,4.485,7.44,51.66,16.01,4.25,6.54,7.54,4.972,11,3.895,21.82,4.62,7.56,8.48,5.914,8.47,308,18.42,17.6,7.9,1.8,-109.9875203,-1.919644365,35,15.79166667
06/04/2006,26.26146,4.27,4.47,6.468,2.196,5.829,2.686,25.84,7.4,4.91,6.88,2.329,10.6,29.78,29.89,7.18,5.97,7.95,3.376,7.09,335.1,26.82,9.6,7.9,1.9,-84.88460689,-1.481515875,56,21.20833333
07/04/2006,26.26420,2.65,2.82,4.287,0.206,9.85,356.3,15.32,5.47,3.24,5.106,0.459,9.6,17.31,19.8,5.32,4.34,6.324,1.735,9.85,331.7,20.97,10.8,5.1,0.3,-88.7911825,-1.549698481,38,13.45833333
08/04/2006,26.26694,4.64,4.55,6.758,2.727,8.24,37.92,22.18,5.23,5.01,7.33,3.065,6.8,163.9,23.42,6.21,6.1,7.78,4.18,7.49,32.42,25.97,6.4,7.9,1.2,-13.53169487,-0.236172629,44,18.375
09/04/2006,26.26968,2.4,2.69,4.12,0.418,8.04,33.7,16.95,3.02,3.17,4.639,0.764,7,260.7,17.28,3.26,4.19,5.42,1.869,9.26,347.2,24.04,3.2,6.6,0.2,-15.17953562,-0.264932876,34,13.79166667
10/04/2006,26.27242,5.7,5.98,7.62,2.398,7.64,183.5,17.44,3.63,6.47,8.34,2.965,12.6,23.18,22.38,4.68,7.42,9.29,2.807,8.47,193.1,21.23,7.2,8.9,1,-145.9672072,-2.547608366,38,15.875
11/04/2006,26.27515,3.26,6.8,8.38,5.561,3.819,39.31,13.59,4.78,7.28,8.37,6.028,5,293.5,19.37,4.78,8.4,9.74,7.08,4.531,339,21.27,20.4,10,5,-108.5449442,-1.894466662,35,15.375
12/04/2006,26.27789,5.58,7.17,8.71,5.034,5.427,74,23.49,4.85,7.79,9.77,5.593,9.4,345,27.47,5.38,8.82,10.8,6.777,6.501,294,27.02,10.2,11.2,4.6,-119.2908106,-2.082017412,49,18.25
13/04/2006,26.28063,4.67,6.37,8.05,4.351,4.422,32.51,20.97,6.48,6.89,8.3,4.8,12.2,314.4,29.04,6.8,7.94,9.62,6.007,5.91,343.1,28.16,14.4,10.1,4.9,-86.81687974,-1.515240398,45,19.20833333
14/04/2006,26.28337,3.17,6.64,8.61,4.584,0.603,53.77,12.41,3.65,7.1,9.6,5.374,0.8,140.4,17.12,3.63,8.12,10.24,6.31,0.985,323.9,16.46,5.2,10.6,4,-101.0752598,-1.764096076,32,13.04166667
15/04/2006,26.28611,3.78,6.81,8.45,4.152,2.01,128.7,14.14,3.81,7.3,8.67,4.631,3.6,315.9,16.04,4.61,8.38,9.66,5.773,3.152,189.2,18.39,5.8,11,5.3,-138.4833193,-2.41698988,26,14.16666667
16/04/2006,26.28884,4.29,6.03,7.79,4.448,1.608,41.06,16.24,5.67,6.39,7.33,4.991,2.4,312.5,23.49,5.99,7.49,8.95,5.974,1.97,344.3,22.08,8.8,9.2,4.1,-104.1155666,-1.81715944,39,16.66666667
17/04/2006,26.29158,3.04,5.9,7.79,4.12,1.809,3.586,15.88,6.1,6.28,8.07,4.4,3.6,53.61,25.25,5.6,7.35,9.24,5.538,2.561,334.7,20.19,17.2,9.6,3.3,-77.61413153,-1.354622141,38,19
18/04/2006,26.29432,1.37,5.43,7.75,3.655,2.01,41.58,9.15,2.68,5.68,7.53,4.069,3.2,321.1,13.2,2.55,6.79,9.44,4.88,4.137,319,13.13,0.2,10.6,3,NA,NA,21,NA
19/04/2006,26.29706,0.51,5.49,8.73,4.021,0.201,147.8,6.011,1.61,5.81,8.1,4.537,0,206,7.38,1.41,6.55,9.11,4.581,0.788,220.3,6.435,6.6,9.3,0.6,-145.1518456,-2.533377622,23,6.25
20/04/2006,26.29979,1.7,5.81,7.52,4.584,22.91,96.4,7.35,2.39,6.4,8.5,5.207,27,122.8,7.06,2.5,7.33,8.85,5.185,30.14,155.4,7.81,2,10.1,5.6,134.7427712,2.351705001,17,6.375
21/04/2006,26.30253,2.51,7.49,9.66,4.983,1.005,178.7,14.18,2.77,7.87,9.92,5.307,1.8,86.8,19.86,2.46,8.63,10.08,5.541,2.167,203.9,12.12,0,13,4.9,-132.2996756,-2.309064938,23,7.375
22/04/2006,26.30527,6.67,7.26,8.42,5.347,8.44,148.6,17.02,6.26,7.92,9.34,6.043,11.6,34.58,24.96,5.39,9,10.16,6.71,8.67,237.4,19.96,6.8,10.4,5.7,NA,NA,46,NA
23/04/2006,26.30801,4.34,7.33,8.87,5.143,0,149.1,13.52,4.06,7.92,9.36,5.802,0.6,45.25,20.87,4.41,8.89,10.13,6.71,0.197,218,17.18,1.8,12.8,4.6,-125.1791998,-2.184789191,29,15.25
24/04/2006,26.31075,8.66,7.42,8.05,5.966,9.05,196.3,25.9,7.08,8.09,8.77,6.596,5.6,140.5,23.26,5.91,9.19,9.82,7.71,5.516,192.6,24.11,3.2,10.8,7.9,-169.1879435,-2.952886669,52,24.625
25/04/2006,26.31348,6.11,6.51,8.22,4.008,3.417,134,19.93,4.86,7.04,8.7,4.356,6.8,275.3,23.03,6.17,8.09,9.56,5.505,5.122,191,27.34,18.6,11,4.8,-140.8864591,-2.458932583,45,21.375
26/04/2006,26.31622,2.96,7.21,9.1,4.452,1.608,66.09,13.85,2.95,7.71,9.3,4.939,2.6,350.8,23.06,3.44,8.74,10.88,5.775,2.561,273.8,18.72,4.4,11.5,4.1,-109.1516682,-1.905055994,38,14.54166667
27/04/2006,26.31896,1.69,8.41,10.62,6.991,0.201,33.86,11.69,3.53,8.9,10.36,7.5,0.2,340.6,14.01,3.55,10.04,11.88,8.69,0.197,332.4,15.97,1.6,13.1,5.1,-89.97643658,-1.570385067,27,12.20833333
28/04/2006,26.32170,1.15,7.73,9.87,6.329,0,5.751,9.02,3.02,8.13,9.86,6.897,0,352.2,13.23,3.19,9.22,11.15,8.05,0,329,10.85,0,11,5.5,-53.39630305,-0.931941297,16,7.583333333
29/04/2006,26.32444,0.88,6.98,8.11,5.705,0,147.4,6.174,1.5,7.64,9.29,6.303,0,220.9,7.22,1.53,8.6,10.38,7.15,0,243.7,8.92,0,11.2,7.6,-76.30368266,-1.331750494,14,5.375
30/04/2006,26.32717,2.93,7.18,7.92,6.128,12.06,205.3,13.59,3.46,8.08,8.77,7.3,13.6,145.4,10.98,3.53,8.98,9.62,8.12,12.8,214.2,15.55,6.4,10.5,6.7,-173.5429967,-3.028896686,21,8.583333333
01/05/2006,26.32991,1.94,6.71,8.51,4.837,0.804,164.6,11.11,3.54,7.15,8.9,5.362,0.6,6.014,13.92,3.75,8.28,10.24,6.241,0.591,313.5,11.86,23.6,10.6,5.3,-111.5835387,-1.947500142,26,10.91666667
02/05/2006,26.33265,6,6.87,8.22,5.477,7.84,171.8,18,6.99,7.42,8.8,5.97,9,146,21.66,7.81,8.6,9.69,7.28,11.82,170.1,22.61,16.6,9.9,5.2,161.7692828,2.823406614,29,15.95833333
03/05/2006,26.33539,8.41,7.75,9.08,5.5,7.44,201.4,21.69,7.97,8.35,9.5,6.195,9.2,126.7,24.4,5.48,9.53,10.81,7.38,6.501,199.8,28.98,2.4,12.9,7.2,-172.4854738,-3.010439429,44,22.75
04/05/2006,26.33812,3.1,8.53,10.06,7.59,6.03,99.1,15.32,5.13,9.33,11.1,7.87,7.4,117,17.67,4.92,10.14,11.69,8.72,8.27,155.8,13.33,6,16.4,8.1,136.2946876,2.378791052,32,10.27272727
05/05/2006,26.34086,4.33,8.5,9.47,7.02,0.402,175,19.89,4.48,9.22,10.63,7.77,0.6,133.3,24.73,5.24,10.01,10.79,8.72,0.591,167.7,19.08,11.8,15.4,7.7,NA,NA,31,NA
06/05/2006,26.34360,2.94,10.75,15,7.52,0.402,74.8,16.1,3.49,10.37,13.69,8.03,1.4,106.8,11.5,3.7,11.34,15.08,9.12,0.394,147.2,12.51,0,15.3,5.8,58.38945989,1.019088324,22,8.125
07/05/2006,26.34634,2.62,11.14,13.16,10.32,0,74.6,10.39,3.3,9.97,12.53,8.94,0,84.1,9.44,2.78,10.97,12.82,10.02,0.197,118.5,9.38,0.4,14.2,10,83.61767152,1.459403681,25,9.125
08/05/2006,26.34908,7.73,15.14,18.56,11.36,0.201,47.94,18.85,4.46,13.73,18.39,9.9,0.2,41.76,18.36,5.12,14.53,19.33,10.61,0,338.5,20.35,0,16.5,9.1,50.69682224,0.884826468,25,13.58333333
09/05/2006,26.35181,4.32,14.97,18.43,11.85,0,51.19,16.01,3.9,14.74,18.11,11.06,0,47.09,15.16,4.04,14.21,17.62,10.38,0,23.43,14.9,0,14.7,8.2,42.70714037,0.745380214,21,10.125
10/05/2006,26.35455,1.01,12.44,16.74,9.05,0,184.6,4.573,0.74,12.3,16.53,7.97,0,138.9,4.769,0.83,11.34,16.68,8.28,0,120.8,7.94,0,17.7,6.9,19.56178088,0.341417484,11,5.375
11/05/2006,26.35729,3.79,9.4,11.03,8.25,0,46.6,13.98,3.09,8.1,9.9,6.897,0,45.79,14.05,3.28,8.77,10.21,7.78,0,32.14,12.22,0,11,7.3,27.97648337,0.488281748,23,10.79166667
12/05/2006,26.36003,4.2,7.67,9.68,5.878,0,35.07,13.82,3.5,6.16,7.37,4.503,0,91.3,13.43,3.53,7.08,8.55,5.505,0,297.5,16.24,5.6,9.6,4,NA,NA,NA,NA
13/05/2006,26.36277,2.66,8.22,10.06,6.276,0.402,51.25,9.73,2.23,6.75,8.63,4.872,0.4,113.7,9.6,1.72,7.7,9.91,5.911,0.394,297,8.62,5.2,9.6,2.3,24.20914113,0.422529222,22,10.625
14/05/2006,26.36550,5.41,8.25,9.68,6.741,0,60.57,12.15,3.56,6.84,8.53,5.34,0,171.1,18.2,3.33,7.78,9.37,5.942,0.197,201.9,13.43,0,9.5,1,29.12607142,0.508345844,27,11.04166667
15/05/2006,26.36824,8.07,9.19,10.21,7.83,NA,54.64,13.56,5.06,7.63,8.64,6.371,12,172.6,18.29,4.76,8.72,9.56,7.58,10.05,205,16.1,2.4,10.8,7.5,68.29338683,1.191944458,23,14.16666667
16/05/2006,26.37098,3.36,11.12,11.93,9.81,NA,202.7,11.2,2.39,9.85,10.6,8.57,7.6,128.7,11.92,1.94,10.59,11.25,9.42,6.304,177.3,9.31,27.4,12.5,7.5,132.4698367,2.31203481,24,11.66666667
17/05/2006,26.37372,4.01,11.25,12.44,10.7,NA,135.1,16.01,2.78,10.17,11.3,9.6,10.2,125.4,18.85,2.61,10.88,12.45,10.12,9.65,195.4,13.62,9.4,15.8,9.9,141.7723536,2.474394358,30,9.875
18/05/2006,26.37645,6.59,10.67,11.24,10.14,NA,129.9,20.22,4.66,9.51,10,9.04,9.8,146.8,22.93,4.33,10.35,10.85,9.95,8.08,192,15.84,28.8,12.8,10,NA,NA,37,16.79166667
19/05/2006,26.37919,3.73,9.72,11.07,7.86,NA,32.2,13,3,8.25,9.34,6.596,1,91.6,13.39,3.03,9.23,10.39,7.58,0.394,298.5,13.07,4.8,11.7,7.7,15.0569124,0.262792697,19,9.458333333
20/05/2006,26.38193,3.32,8.13,10.79,5.248,NA,25.95,12.41,3.7,6.46,8.5,4.067,5.4,19.79,17.67,3.78,7.47,9.27,5.27,5.91,311.8,16.5,0.6,11.6,4,-7.485974633,-0.130654905,22,11.16666667
21/05/2006,26.38467,3.75,6.51,8.58,4.485,NA,35.04,13.26,3.44,5.07,6.764,3.032,0.2,93.5,13.88,3.58,6.08,7.65,4.113,1.182,314.3,18.2,1,10.3,1.6,-21.29350822,-0.371641828,25,10.95833333
22/05/2006,26.38741,3.26,6.73,8.98,4.127,NA,43.12,15.97,3.18,5.15,7.23,2.898,0.6,302,13.23,3.39,6.13,8.69,3.879,1.182,302.6,18.78,2.4,8.8,2.3,-32.62609998,-0.569432867,28,12.25
23/05/2006,26.39014,3.4,7.96,10.5,4.883,NA,164.5,12.32,2.97,6.5,9.24,3.667,4.4,181.6,13.46,2.93,7.26,9.55,4.08,4.531,212,14.93,10.8,10.6,2.1,-157.5018482,-2.748925829,33,12.41666667
24/05/2006,26.39288,2.57,9.11,11.88,7.01,NA,22.48,11.47,3.92,7.49,10,5.508,2.6,3.973,15.94,3.9,8.62,11.01,6.549,2.561,334.1,17.54,6.8,11.9,4.6,NA,NA,29,NA
25/05/2006,26.39562,2.08,9.56,11.65,7.29,NA,56.65,12.45,2.48,7.86,9.42,5.861,2,273.7,12.32,2.46,8.99,11.21,6.844,2.364,334.2,10.49,3.2,12.2,3.3,-95.27778243,-1.662911007,30,10.54166667
26/05/2006,26.39836,3.3,10.07,12.48,7.86,NA,93.1,10.94,3.84,8.67,11.14,6.429,6.6,130.1,17.44,4.36,9.8,12.95,7.61,6.698,145.2,15.55,7.2,12.2,4.5,158.9375198,2.773983026,26,10.29166667
27/05/2006,26.40110,3.44,11.18,12.68,9.94,NA,49.81,11.92,3.94,9.75,11.33,8.64,4.8,181.8,18.69,3.75,10.78,12.22,9.61,4.137,334.1,18.82,15.6,13.6,8.8,-108.589446,-1.895243365,28,12.66666667
28/05/2006,26.40383,3.05,10.12,12.38,6.708,NA,25.64,13.26,4.72,8.58,10.79,4.772,3.6,38.28,18.78,4.34,9.66,11.85,5.573,4.531,338,19.11,6.2,13.7,6.5,-80.37274921,-1.402769103,33,15.91666667
29/05/2006,26.40657,3.88,9.34,11.78,6.873,NA,22.76,15.65,4.24,7.68,9.76,5.34,1,350.1,17.48,4.4,8.63,10.58,6.253,0.788,279.8,18.13,4.8,9.7,3.1,NA,NA,37,NA
30/05/2006,26.40931,2.54,8.45,10.42,6.342,NA,28.4,10.13,2.42,7.19,9.39,5.504,0,316.7,15.29,2.53,7.93,9.81,5.486,0.197,24.5,12.25,0.6,11,5.5,-14.54209636,-0.253807462,23,12.08333333
31/05/2006,26.41205,3,9.65,11.43,6.708,NA,208.6,12.05,2.56,8.4,10.37,5.407,5.6,215.6,11.47,2.65,9.03,11.31,4.917,4.137,248.2,12.71,3.6,11.1,5.2,-148.9296715,-2.599313122,21,7.833333333
01/06/2006,26.41478,3.05,11.68,13.01,11,NA,58.13,13.43,2.49,10.55,11.66,9.83,0,322.2,11.27,3.47,11.42,12.49,10.74,0.197,300.9,16.37,0.4,15.8,10.6,-121.6469952,-2.123140591,27,13.875
02/06/2006,26.41752,2.84,11.68,12.51,11.14,NA,70.9,11.01,2.68,10.5,11.1,9.97,0.6,324.4,14.5,3.08,11.45,12.08,10.95,0.197,292.4,13.36,8,15.1,10.9,-117.4255636,-2.049462711,29,14.625
03/06/2006,26.42026,1.84,11.6,13.01,10.8,NA,151,8.04,2.46,10.41,12.1,9.63,1.8,230.9,14.05,2.12,11.46,13.57,10.71,0.985,266.2,11.01,2.8,13,9.9,-104.6232938,-1.826020952,15,6.791666667
04/06/2006,26.42300,1.6,12.21,14,11.24,NA,196.4,5.227,1.62,11.45,13.82,10.03,0.6,194.4,8.13,1.06,12.21,14.71,10.85,0.591,202.1,6.239,1.2,12.3,6.4,NA,NA,NA,NA
05/06/2006,26.42574,2.7,11.91,12.71,10.57,NA,222.2,8.69,2.14,10.72,11.36,9.3,0.2,157.8,11.11,1.99,11.44,12.28,9.94,0,218.9,6.239,0,19.4,9.9,170.6941224,2.979174449,15,5.916666667
06/06/2006,26.42847,2.11,12.36,14.14,10.84,NA,1.386,7.97,1.75,11.16,12.77,9.3,0.4,281.1,7.55,1.91,12,14.26,10.38,0.197,301.8,10.36,2,17.2,9.4,-152.5346198,-2.662231339,19,8.291666667
07/06/2006,26.43121,1.83,11.41,13.54,9.78,NA,182.5,8.04,1.39,9.99,11.96,8.34,0.2,109.8,8.43,1.21,10.87,12.45,9.38,0.197,200.2,7.06,0,14.5,10.1,125.3766968,2.188236165,12,5.666666667
08/06/2006,26.43395,2.86,12.5,14.7,11.73,NA,203.9,8.79,2.03,11.16,12.46,10.53,0.6,91.5,9.73,2.38,12.03,13.15,11.31,0.197,188.2,10.13,0,15.3,10.4,-168.3658484,-2.938538403,22,10.66666667
09/06/2006,26.43669,2.12,16.3,19.72,12.69,NA,65.04,10.42,2.58,14.84,17.82,11.24,0,103,9.9,1.26,15.25,18.54,12.02,0,193.5,8.17,0,19.5,7.7,103.2250266,1.801616584,14,5.583333333
10/06/2006,26.43943,2.57,16.79,19.35,15.31,NA,36.24,13.1,2.92,15.46,18.16,13.33,0.6,123.5,13.26,1.58,16.09,18.55,14.25,0.591,197,11.11,0,23.6,10.1,83.48278608,1.457049486,21,5.5
11/06/2006,26.44216,5.16,14.69,16.75,13.57,NA,195.9,16.5,3.8,13.54,14.89,11.8,0.2,146.2,14.31,4.56,13.85,14.98,12.65,0.788,165.4,17.87,1.2,20.4,13.7,NA,NA,NA,NA
12/06/2006,26.44490,7.15,13.01,14.17,11.39,NA,185.6,21.4,5.82,11.57,13.24,10.07,3,134.8,25.25,6.69,12.38,13.26,11.08,1.97,171.2,23.68,1.6,16.9,11.4,NA,NA,43,NA
13/06/2006,26.44764,3.03,11.99,13.47,10.57,NA,72.8,20.16,2.82,10.76,12.33,9.66,2.8,302.9,19.47,3.09,11.63,13.76,8.82,1.97,327.4,20.42,2,15.4,10.3,-115.2149716,-2.010880602,33,14.91666667
14/06/2006,26.45038,3.76,12.19,13.57,10.61,NA,200.1,9.6,3.02,10.77,11.83,9.67,0,116.7,15.61,2.51,11.52,12.85,8.62,0,208.3,9.9,0.4,16.6,5.9,-143.2839848,-2.500777301,25,NA
15/06/2006,26.45311,3.41,12.16,12.74,11.23,NA,196.9,11.17,2.39,10.96,11.73,9.93,11.6,336.5,14.24,2.39,11.7,12.25,10.81,7.49,197.2,9.77,4,12.7,11.2,-163.7055039,-2.857200046,26,14.54166667
16/06/2006,26.45585,1.51,12.36,13.9,11.53,NA,117.4,6.337,1.48,11.27,12.72,10.33,3.4,95.3,8.33,1.16,12.04,13.31,11.08,3.152,181.7,7.64,6.2,14.7,11.1,NA,NA,NA,NA
17/06/2006,26.45859,3.99,12.32,13.01,11.33,NA,159.6,12.25,3.31,11.12,11.83,10.07,18.6,60.88,17.67,2.85,11.81,12.45,10.81,16.15,172.8,12.87,17.8,12.8,10.7,-174.1945227,-3.04026796,31,12.95833333
18/06/2006,26.46133,3.62,11.19,11.83,10.64,NA,58.15,13.56,2.33,9.82,10.43,9.27,6.8,132.4,13.75,2.28,10.68,11.45,10.11,6.304,261.8,10.94,5.6,12.6,10.5,22.29804579,0.389174316,27,12.5
19/06/2006,26.46407,3.12,11.65,13.44,10.17,NA,50.36,12.02,2.44,10.19,12.26,8.77,2.6,74.6,13.52,2.38,11.19,13.74,9.59,1.773,295.6,13.85,13.6,12.7,9.9,6.049530351,0.105584223,28,14.83333333
20/06/2006,26.46680,6.79,11.91,12.95,10.56,NA,192.5,22.08,5.37,10.52,11.27,9.09,14.6,161.9,25.28,6.2,11.35,11.95,9.84,12.8,179.7,25.28,15.2,12.3,5.8,NA,NA,39,NA
21/06/2006,26.46954,3.69,12.01,13.97,10.47,NA,38.93,19.14,5.57,10.54,12.1,9.34,19.4,2.359,25.97,5.25,11.36,13.49,10.05,15.76,333.9,24.34,15,15.1,10.1,-100.5574496,-1.755058583,36,18.29166667
22/06/2006,26.47228,2.11,12.16,14.04,11.1,NA,4.863,13.49,4.04,10.51,11.6,9.57,0.8,348.7,16.01,4.54,11.29,12.69,10.34,1.379,318.5,15.81,3.4,15.4,11,-43.32100025,-0.75609409,28,15.04166667
23/06/2006,26.47502,1.6,10.98,12.22,9.94,NA,80.5,9.38,2.09,9.56,11,8.8,8.4,16.97,14.86,1.91,10.34,11.78,9.46,7.29,307.1,11.92,4.4,13.9,9.7,-115.061681,-2.008205176,26,9.291666667
24/06/2006,26.47775,1.56,11.79,14.04,9.88,NA,35.65,6.762,2.04,10.38,12.63,8.74,4,324.2,10.13,2.02,11.21,13.64,9.42,3.546,346.2,7.94,0.4,15.4,9.1,-76.56059956,-1.33623454,19,8.833333333
25/06/2006,26.48049,1.76,12.15,14.5,10.37,NA,39.52,5.39,1.82,10.88,12.79,9.24,0,6.474,6.141,1.54,11.56,13.47,8.82,0,33.08,5.651,0,14.3,6.4,21.48699633,0.375018832,13,6.666666667
26/06/2006,26.48323,1.23,12.32,14.36,9.91,NA,160.3,3.463,1.7,10.92,12.59,8.87,0,31.91,4.345,1.19,11.43,13.37,8.32,0.197,142.5,3.691,0,14.9,5.2,14.47921173,0.252709918,10,3.666666667
27/06/2006,26.48597,1.43,12.67,14.99,10.24,NA,176.6,7.02,1.52,11.31,13.45,9,0,260.2,7.48,1.53,11.78,13.41,8.22,0.197,187.7,7.35,0,12.7,6.8,-156.4333555,-2.730277113,15,4.789473684
28/06/2006,26.48871,4.55,13.19,14.71,11.83,NA,191.7,15.84,4.14,11.88,13.53,10.56,1.4,141.4,19.11,4.22,12.21,13.24,11.28,1.182,174.7,17.12,0.4,17.2,8,NA,NA,NA,NA
29/06/2006,26.49144,3.76,13.37,15.23,12.13,NA,193.6,9.73,3.06,12.11,14.15,10.96,0.6,120.8,11.96,2.91,12.28,13.21,11.48,0.394,173.3,11.92,9.2,17.5,12.1,172.5659696,3.011844347,26,10.75
30/06/2006,26.49418,5.66,13.59,15.23,12.29,NA,205.1,15.42,4.65,12.21,14.19,11.2,0.2,124.8,17.38,3,12.42,13.66,10.81,0.394,188.2,15.88,0.4,16.9,11.5,-174.5640693,-3.046717765,27,11.125
01/07/2006,26.49692,5.13,13.48,14.7,12.09,NA,185.5,18.29,4.4,12.1,13.13,10.83,7.4,135.2,23.94,4.23,12.23,13.46,9.17,6.895,177.2,20.02,0,19.5,12.4,174.9940874,3.054222996,31,12.79166667
02/07/2006,26.49966,1.34,13.15,15.94,10.87,NA,175.8,4.573,1.68,11.54,13.72,9.94,0,323.7,5.096,1.11,12.08,14.48,9.19,0.197,158.2,5.684,0,14.7,11.9,17.459676,0.304728833,23,6.333333333
03/07/2006,26.50240,2.1,13.07,15.01,10.84,NA,31.09,6.468,2.24,11.56,13.89,9.87,0,351.3,7.19,2.14,12.26,14.07,9.56,0,15.41,7.42,0,15.7,11.5,19.04641991,0.332422738,18,10
04/07/2006,26.50513,1.53,13.78,16.5,11.3,NA,86.1,4.965,1.89,12.43,15.17,9.44,0,53.57,5.586,1.48,12.83,15.08,10.64,0.591,126.5,5.423,0,15.6,11.6,85.18796678,1.486810503,17,7.416666667
05/07/2006,26.50787,3.48,14.34,16.5,11.93,NA,215,11.79,2.92,12.86,14.92,10.83,0,138.2,14.8,2.09,12.89,14.71,9.96,0,198.7,9.21,0,19.3,13,179.6357374,3.135235073,20,7.666666667
06/07/2006,26.51061,5.37,14.34,15.92,13.04,NA,195.2,12.84,4.13,12.93,13.46,11.76,2.2,94.5,20.22,3.08,13.36,14.74,12.28,0.591,184,13.3,1,15.4,13.1,-170.8332703,-2.981603038,27,14.375
07/07/2006,26.51335,4.3,12.83,15.1,10.37,NA,133.8,16.69,3.34,11.41,13.33,9.26,2.2,151.1,15.52,3.53,11.89,13.71,9.78,2.955,200.8,16.86,5.8,16.9,11.3,-147.6009348,-2.576122292,29,14.79166667
08/07/2006,26.51608,3.3,12.6,14.2,10.44,NA,162,14.96,2.87,11.19,12.96,9.37,1.8,139.4,14.34,3.35,11.67,12.98,10.21,2.561,193.8,12.84,7.2,15.8,8.8,-154.9031716,-2.703570366,26,12.33333333
09/07/2006,26.51882,3.17,13.76,15.84,11.47,NA,58.84,12.61,2.49,12.14,13.72,10.23,0.2,28.4,12.94,2.26,12.66,14.51,10.71,0.394,272.1,12.15,0,16.9,10.6,18.14421948,0.31667637,18,8.125
10/07/2006,26.52156,5.38,13.7,15.33,11.79,NA,189.9,17.25,4.47,12.24,13.56,10.46,14.6,125.3,19.11,3.89,12.49,13.77,10.58,13.79,190.3,17.31,8.2,14.9,10.8,-166.6704369,-2.90894789,29,14.83333333
11/07/2006,26.52430,4.57,13.44,15.15,12.52,NA,132.6,16.14,4.02,12.08,13.26,11.3,3.8,312.8,18.75,4.76,12.25,14.01,11.28,2.364,209.9,18.72,28.4,17.7,10.8,-129.2056444,-2.255063908,35,19.13043478
12/07/2006,26.52704,4.38,12.92,14,12.25,NA,79.9,18.03,3.38,11.64,12.7,10.96,0,274,16.76,3.9,12.06,13.32,11.28,0.197,274.6,18.91,3,14.7,11,-124.9552287,-2.180880158,35,16.66666667
13/07/2006,26.52977,2.44,12.97,14.53,11.37,NA,69.06,12.25,2.77,11.57,12.83,10.46,0,297.1,14.67,2.53,11.93,13.61,10.08,0,337.6,16.66,0.4,15.4,10.7,-92.07038045,-1.606931282,27,12.33333333
14/07/2006,26.53251,4.73,13.76,15.46,11.77,NA,212.1,11.83,3.77,12.37,13.99,10.34,0,130.9,12.67,2.7,12.28,13.51,10.42,1.182,201.6,9.67,0,17.5,9.9,-164.4540049,-2.870263854,20,8.916666667
15/07/2006,26.53525,3.9,14.04,14.6,13.51,NA,210.1,10.16,2.61,12.72,13.26,12.2,0.2,56.03,11.47,2.61,12.54,13.02,11.45,0,204.7,8.49,0,19.4,10.3,-173.2701499,-3.024134612,23,11.08333333
16/07/2006,26.53799,5.08,14.44,15.26,13.71,NA,206.7,15.06,4.73,13.33,14.47,12.57,8.4,69.01,20.12,3.83,13.11,13.76,12.62,7.09,188.9,18.23,4.8,17.9,12.2,-169.4589764,-2.957617086,35,15.875
17/07/2006,26.54073,2.16,14.36,14.9,14,NA,76.5,10.16,2.01,13.37,14.56,12.96,4.2,269.2,11.34,2.27,13.14,13.85,12.64,3.94,316.4,14.21,0.8,18.7,13.7,-145.5017949,-2.539485389,25,11.08333333
18/07/2006,26.54346,2.06,16.06,18.33,14.37,NA,292.6,7.38,1.76,15.68,17.92,13.59,1.8,203.9,7.12,1.69,14.74,17.86,13.08,1.182,191.2,9.28,0,19.3,13.7,141.6424242,2.472126663,13,7.375
19/07/2006,26.54620,1.77,19.44,21.85,17.38,NA,8.98,7.87,1.55,18.36,20.21,16.49,0,81,6.141,0.7,18.14,21.35,15.41,0.197,189.4,5.847,0.4,23,13.9,45.55896865,0.795154007,13,4.125
20/07/2006,26.54894,2.01,17.9,22.47,14.77,NA,235.2,9.05,1.88,16.92,21.44,13.69,2,201.2,8.66,1.39,17.06,20.33,14.31,2.167,213.1,8.26,0.4,23.5,13.9,-174.5182179,-3.045917507,17,4.625
21/07/2006,26.55168,2.13,15.04,17.03,13.51,NA,140.4,9.38,2.59,13.76,15.92,12.13,0.2,244.1,9.11,1.97,14.32,16.08,12.32,0.197,203.4,7.84,0,20.8,13.6,-177.784124,-3.102918322,15,6.958333333
22/07/2006,26.55441,3.5,15.95,17.83,13.51,NA,59.07,7.84,3.2,15.21,18.31,11.93,0,60.93,8.04,2.62,15.71,18.71,12.95,0,57.39,8.89,0,18,11.1,38.81156791,0.677389648,15,8.208333333
23/07/2006,26.55715,4.5,15.5,17.02,14.63,NA,196.2,12.41,3.76,14.17,17.1,13.29,16.8,124.5,17.67,2.81,14.83,18.02,14.01,15.96,185.7,12.64,0.6,19.1,14.3,-178.7782461,-3.120269026,26,11.66666667
24/07/2006,26.55989,3.77,15.08,15.93,14,NA,192.4,12.81,2.93,13.8,14.7,12.73,5.4,131.2,14.34,2.08,14.39,15.11,13.49,5.122,184.8,10.65,3.2,16.4,14,-172.1185198,-3.004034875,21,11.29166667
25/07/2006,26.56263,3.31,15.64,16.42,15.23,NA,211.3,10.09,2.42,14.5,15.09,14.03,5.6,133,12.38,1.58,15.03,15.65,14.44,6.698,186.7,8.89,3,20.9,14.4,-174.7298618,-3.04961139,21,8.625
26/07/2006,26.56537,1,15.91,18.22,14.9,NA,135.6,5.031,0.92,14.64,15.79,13.79,0,112.3,4.149,0.65,15.11,16.38,13.72,0.394,165.3,3.234,0,17.4,12.8,NA,NA,NA,NA
27/07/2006,26.56810,3.82,16.09,17.67,14.3,NA,203.1,11.73,2.88,14.83,16.65,13.36,3.4,141.2,9.77,2.19,15.3,16.88,14.11,2.364,188.3,10,0.4,20.3,13.2,157.7542276,2.753330681,17,5.666666667
28/07/2006,26.57084,1.52,15.38,18.62,13.8,NA,60.5,4.933,1.74,13.79,15.66,12.57,0,357.7,6.403,1.34,14.6,17.41,12.62,0.197,14.18,7.35,14.6,16.7,14.6,128.9519731,2.250636507,15,5.333333333
29/07/2006,26.57358,4.56,15.93,17.27,14.53,NA,96,16.82,4.67,14.57,16.43,13.26,2.4,110.9,18.29,4.14,15.36,17.15,14.02,2.167,149.5,15.58,20.2,21.3,14.8,119.9939993,2.094290371,27,9.208333333
30/07/2006,26.57632,5.02,15.59,17.27,14.07,NA,203,14.21,4.73,14.2,16.13,12.6,3,148.1,19.08,4.67,14.65,15.65,13.56,2.955,174.2,15.22,0.8,19,13.9,-177.0909067,-3.090819397,31,11.875
31/07/2006,26.57906,3.92,14.42,14.96,13.31,NA,94.5,11.53,3.44,13.02,13.57,11.86,6,122.3,12.48,3.99,13.8,14.52,12.69,5.319,166.8,11.83,1.2,18.3,12.9,147.5973539,2.576059792,21,8.791666667
01/08/2006,26.58179,2.57,14.44,15.79,13.67,NA,11.79,11.69,3.92,12.92,13.53,12.33,0.2,292.7,16.17,3.56,13.74,14.43,13.19,0.197,184.4,15.09,16.4,17.8,12.9,-18.72228266,-0.326765476,27,13.5
02/08/2006,26.58453,2.08,13.99,15.26,12.82,0,15.59,10.75,2.98,12.66,14.65,11.56,0,327.9,14.14,2.59,12.96,14.81,11.82,0.197,0.451,13.43,0.4,15.4,13.1,-17.48562069,-0.305181653,21,12.5
03/08/2006,26.58727,1.73,13.74,15.76,12.15,0,166,7.32,1.91,12.4,14.1,10.76,3.6,307.6,9.08,1.57,12.33,14.11,10.71,3.152,263,8.23,0.8,16.3,12.5,NA,NA,NA,NA
04/08/2006,26.59001,3.1,14.86,15.91,12.92,0,199.3,12.45,2.61,13.66,15.29,11.43,1,207.4,12.28,2.14,13.24,14.48,11.45,0.394,204,9.21,0.8,17.2,12.2,-168.8795706,-2.947504546,21,10.625
05/08/2006,26.59274,5.18,15.76,16.22,14.9,0,192.9,12.87,3.71,14.82,15.26,13.86,11.4,35.73,17.67,3.86,13.99,14.44,13.44,9.06,174.5,12.12,6.4,19.2,14.7,-166.661961,-2.908799957,29,15.45833333
06/08/2006,26.59548,3.06,14.42,15.86,12.88,0,73.4,12.81,2.76,13.12,14.42,11.63,1.2,321.7,14.93,2.67,12.98,14.41,11.55,0.985,267.4,12.67,1.6,17.7,12.9,-114.5606776,-1.999461018,25,11.95833333
07/08/2006,26.59822,2.07,13.75,15.36,12.35,0,31.11,10.58,3.11,12.39,14,10.99,0.6,74.3,14.24,2.27,12.37,14.27,10.85,0.591,332.1,11.66,1.2,17.1,11.4,-88.09340161,-1.537519907,25,10.79166667
08/08/2006,26.60096,5.52,13.83,15.2,12.48,0,177.3,18.42,5.45,12.44,13.74,10.99,7.8,130.9,27.8,4.53,12.35,13.65,11.05,5.713,253.5,19.6,2.2,15.9,11.6,-137.6574271,-2.402575342,33,14.66666667
09/08/2006,26.60370,3.24,13.42,15.16,12.25,0,356,15.45,6.44,11.84,12.73,10.86,3.4,19.41,22.96,5.68,11.85,13.04,10.81,2.561,333.6,21.23,8.4,15.3,11.5,NA,NA,NA,NA
10/08/2006,26.60643,2.37,13.09,14.7,11.62,0,350.5,13.95,4.04,11.52,12.5,10.36,0.8,337.2,14.28,3.63,11.48,12.35,10.18,0.591,288.3,17.64,3.8,14.3,11.1,-38.74781544,-0.676276957,30,16.125
11/08/2006,26.60917,1.54,13.15,15.16,11.93,0,360,9.83,2.18,11.62,12.97,10.56,2.6,340.5,11.43,1.54,11.46,12.85,10.18,2.561,298.9,12.41,1.4,15.1,10.7,-37.11270843,-0.647738956,16,6.708333333
12/08/2006,26.61191,2.82,13.07,15,11.37,0,16.81,15.32,3.07,11.6,13.07,10.13,1.2,348.6,14.83,3.21,11.52,12.85,10.08,0.985,314.8,13.59,1,15.6,11.2,-8.751851723,-0.152748628,20,10.25
13/08/2006,26.61465,2.25,12.44,14.07,11.3,0,37.02,8.95,1.85,11.02,12.47,9.93,1.6,136.6,8.92,1.29,10.92,12.55,9.71,0.985,310.2,9.47,1.2,14,10.5,19.21966697,0.33544647,20,11.70833333
14/08/2006,26.61739,2.21,12.41,12.84,11.96,0,48.93,8.13,1.83,11.01,11.46,10.57,1,333.5,8.85,1.35,10.87,11.38,10.41,0.591,304.2,9.67,0,13.9,10.7,7.17846991,0.125287935,20,8.958333333
15/08/2006,26.62012,3.42,12.29,13.04,10.87,0,35.37,13.13,2.95,10.95,11.6,9.76,3.8,64.05,16.66,2.47,10.74,11.68,9.44,3.546,304.2,15.35,0.2,14.2,9.8,39.43193361,0.688217072,19,7.333333333
16/08/2006,26.62286,4.81,12.13,12.89,11.67,0,37.31,14.34,4.07,10.7,11.53,10.2,9.2,114.8,16.43,4.5,10.5,11.31,9.94,8.67,0.324,18.26,14.4,12.7,11.5,-10.27766356,-0.179379069,24,11.95833333
17/08/2006,26.62560,4.32,13.68,15.13,12.36,16.68,42.89,10,2.94,12.28,13.86,10.93,6,53.59,10.62,3.03,12.06,13.64,10.68,4.925,342.2,16.63,1,16.6,11.8,56.76077326,0.990662379,16,7.916666667
18/08/2006,26.62834,4.72,15.08,17.7,12.68,0,33.48,11.99,3.36,13.98,16.76,11.93,0,11.85,10.26,2.79,13.49,16.57,11.48,0.197,356.6,10.45,0.4,16.9,12.6,42.55257088,0.742682467,20,10.54166667
19/08/2006,26.63107,4.83,14.79,16.22,12.88,0,29.82,15.81,3.31,13.53,15.69,11.7,0,9.2,13.2,3.3,13.1,15.11,11.68,0.197,354,14.01,0,15.5,13.9,37.92896186,0.661985266,23,14.91666667
20/08/2006,26.63381,1.39,13.72,14.7,12.56,4.221,76.9,4.606,1.6,12.42,13.33,11.56,4,103.5,6.141,1.22,12.24,13.17,10.31,3.94,133.5,5.553,0,16,12.2,-13.38613688,-0.233632163,12,5.958333333
21/08/2006,26.63655,1.41,13.26,14.07,12.69,0,46.02,5.619,1.41,11.81,12.43,11.36,0.2,21.08,6.305,0.74,11.82,12.58,11.01,0.197,337.9,6.566,0.8,14.6,9.9,-46.01323221,-0.803082402,16,6.75
22/08/2006,26.63929,2.86,13.91,15.2,12.62,3.417,112.6,11.96,3.15,12.54,13.8,11.2,5.2,124.2,14.54,3.49,12.35,13.21,10.78,5.319,167.9,14.73,0.8,16.2,10.5,177.5029579,3.098011047,15,5.458333333
23/08/2006,26.64203,3.91,14.19,15.56,13.22,0.201,164.1,13.72,3.02,12.8,14.16,11.63,0.8,220.6,14.18,2.92,12.8,14.68,11.88,0.394,180.3,12.05,3.6,17.9,12.4,-164.8729731,-2.877576227,24,11.29166667
24/08/2006,26.64476,2.6,13.75,15.33,12.42,0.804,174,9.11,2.09,12.34,13.34,11.1,0.6,297.5,10.19,2.29,12.34,13.15,11.21,0.591,177.2,12.61,2.2,16.6,11.1,-169.1688935,-2.952554183,19,9.291666667
25/08/2006,26.64750,2.39,14.26,16.26,12.94,0.804,155.1,7.42,2.53,12.91,14.63,11.63,0.4,127.4,7.55,2.29,12.82,14.01,11.72,0.394,165.8,7.84,0.6,15.7,12.3,170.8500651,2.981896164,15,7.041666667
26/08/2006,26.65024,2.55,14.17,15.59,13.07,2.412,88.4,12.45,2.59,12.78,13.76,11.76,3.8,20.92,13.36,2.5,12.79,14.84,11.75,3.546,269.4,11.73,30.8,16.6,11.9,-175.6478331,-3.065633011,25,9.291666667
27/08/2006,26.65298,2.98,13.67,15.1,12.02,3.015,62.78,11.2,2.92,12.27,14.25,11.13,3.8,8.44,14.86,2.89,12.31,14.01,10.98,4.137,274.7,14.57,4.4,16.6,9.9,-117.9155186,-2.058014039,26,10.45833333
28/08/2006,26.65572,3.23,13.53,15.33,11.57,1.608,41.77,13.13,4.19,11.93,12.6,10.33,1.4,308.8,18.91,4.13,12,13.44,10.38,1.379,339.8,16.27,7.4,16.1,9.7,-104.3799984,-1.821774646,29,12.79166667
29/08/2006,26.65845,1.63,13.52,15.33,12.48,3.417,5.405,8.82,3.34,11.94,13.27,10.69,3.8,8.08,13.43,3.12,12.06,14.01,10.85,3.546,338,14.86,4.6,16.2,9.9,-63.26495799,-1.104181818,25,11.66666667
30/08/2006,26.66119,2.63,13.66,15.36,12.36,2.211,109.8,11.96,2.88,12.28,13.56,10.96,3.8,144.3,10.65,2.82,12.21,13.25,11.15,3.743,181.6,11.53,0.4,17.3,7.9,-138.8295547,-2.423032828,18,7.75
31/08/2006,26.66393,4.88,14.98,16.03,14.1,2.01,200.3,11.69,3.55,13.59,14.13,12.73,3.6,107.5,13.88,2.89,13.37,13.97,12.62,2.561,180.6,11.14,4.8,19.1,11.5,-176.1912491,-3.07511741,24,11.16666667
01/09/2006,26.66667,6.26,14.51,15.89,12.71,4.02,194.4,20.16,4.87,13.12,14.56,11.21,3.4,143.4,23.85,4.09,13.08,14.01,11.26,3.349,188.9,19.31,10.8,18.1,12.7,NA,NA,30,NA
02/09/2006,26.66940,5.03,14.3,15.59,13.21,2.613,189,17.08,3.4,12.84,13.93,11.86,2.4,48.59,16.79,3.89,12.87,13.91,11.98,3.152,185,14.6,2.4,16.7,12.5,-175.817282,-3.068590453,34,15.125
03/09/2006,26.67214,3.68,14.07,15.03,12.98,1.407,90,14.34,3.58,12.68,13.54,11.83,1.8,291.3,21.72,3.94,12.66,13.75,11.75,1.97,308,18,14.6,17.1,12.4,-134.8467379,-2.353519562,28,12.41666667
04/09/2006,26.67488,1.28,13.99,15.99,12.48,4.221,113.8,11.69,1.95,12.57,14.73,10.96,6.2,106.2,18.69,1.1,12.49,14.81,10.68,5.91,321,14.41,2.6,16.8,11.4,-48.97180107,-0.854719169,28,8.75
05/09/2006,26.67762,3.38,13.63,14.86,12.68,2.814,82.8,9.44,3.07,12.28,13.6,11.36,5.6,116.6,11.53,2.65,12.13,13.09,11.25,5.91,165.7,11.63,2,14.7,11.8,122.3011316,2.134557425,20,7.833333333
06/09/2006,26.68036,2.17,13.92,16.06,12.09,0.201,13.79,9.15,3.16,12.39,14.1,10.93,0.8,336.7,12.25,2.91,12.41,14.48,11.08,0.591,319.9,12.84,0,16.2,10.9,-65.8203967,-1.148782637,22,10.45833333
07/09/2006,26.68309,1.82,13.76,15.46,11.93,0,43.02,8.98,2.33,12.26,14.12,10.86,0,303.3,10.68,1.77,12.53,14.78,10.81,0,286.5,11.63,1.2,15.1,9.4,-56.66522044,-0.988994668,19,9
08/09/2006,26.68583,4.2,14.17,15.59,13.12,0,202.8,10.36,3.48,12.67,13.96,11.7,0,146,12.58,2.38,12.77,13.94,12.08,0,199.8,8.46,0,16.5,8.5,-150.8417563,-2.632685297,22,9.083333333
09/09/2006,26.68857,4.23,14.86,16.16,14.27,0,211,11.47,3.42,13.53,14.63,12.87,0,153,11.56,2.94,13.41,14.21,12.89,0.197,179.7,12.81,0,17.4,12.1,-174.5527282,-3.046519825,21,10.20833333
10/09/2006,26.69131,4.87,15.14,16.22,14.4,4.221,207.3,15.22,3.75,13.81,15,13.07,4,154,12.09,4.24,13.66,14.88,12.79,3.743,172.3,16.43,4.8,16.3,11.3,164.1845618,2.865561185,20,7.458333333
11/09/2006,26.69405,4.69,15.42,16.06,14.83,1.809,213.8,12.58,3.43,14.27,14.83,13.73,2.2,108.2,15.52,1.77,13.76,14.78,13.1,1.773,188.5,10.03,1.6,16.5,14.8,-165.4219941,-2.887158452,23,10.95833333
12/09/2006,26.69678,2.18,15.07,15.69,14.73,5.829,198.6,9.31,1.99,14.02,14.59,13.59,5.6,136.2,10.03,1.31,13.18,13.61,12.8,6.107,171.7,9.21,0.8,19.1,14.4,NA,NA,NA,NA
13/09/2006,26.69952,5.51,15.31,16.29,14.4,1.005,140.5,17.57,5.53,13.86,15.03,13.19,1.4,137.5,18.16,6.21,13.59,14.68,13.01,1.379,164.2,18.03,0.8,19,14.7,151.4334075,2.643011558,38,13.125
14/09/2006,26.70226,4.4,14.52,15.99,13.51,0,207.9,12.54,3.73,13.05,14.73,12.17,0,140.5,11.56,2.89,13.18,14.34,12.45,0,194.3,13.26,6.8,15.6,12.9,164.2425721,2.866573655,15,5.25
15/09/2006,26.70500,5.11,14.39,15.89,13.24,0.603,208,14.01,4.5,12.92,14.03,12.03,0.6,135.3,16.3,3.29,13.03,14.21,12.05,0.591,194.3,13.72,0.8,16.7,7.5,-165.7733596,-2.893290936,20,8.25
16/09/2006,26.70773,5.7,15.24,16.03,14.17,2.01,210.7,17.74,4.33,13.88,14.93,12.8,1.8,155.3,14.37,6.39,13.81,14.64,12.68,1.773,164.9,19.6,0,18.5,12.4,162.9020441,2.843177028,23,10.79166667
17/09/2006,26.71047,5.51,14.92,16.41,13.97,0.603,202.2,17.77,4.32,13.51,14.55,12.53,0.6,114.3,16.1,3.29,13.43,14.64,12.37,0.394,191.7,16.76,0.4,17.8,11.6,-170.7158881,-2.979554333,23,10.91666667
18/09/2006,26.71321,4.24,14.26,15,12.52,6.231,190.1,15.68,4.96,12.85,13.57,11.43,6.6,148.8,15.16,5.53,12.77,13.22,11.25,6.698,171.9,16.59,13.2,15.9,11.9,161.3311313,2.815759428,25,13.41666667
19/09/2006,26.71595,4.98,13.57,15,12,5.829,129,16.3,5.26,12.23,13.96,10.9,7,160.3,30.18,5.6,12.18,13.81,10.71,6.895,256.6,21.98,6.4,16,11.2,-123.6807306,-2.158635971,39,18.04166667
20/09/2006,26.71869,6.03,14.23,15.4,13.17,7.04,210.3,20.02,4.88,12.86,14,11.8,6.8,151.2,16.24,4.19,12.7,13.79,11.82,7.68,189,20.16,33.4,15.8,12.1,177.7750703,3.102760304,32,12.875
21/09/2006,26.72142,4.08,15.06,17.78,12.91,9.05,147.3,15.55,4.24,14.07,19.89,11.66,11.8,127.7,16.86,4.41,13.82,19.73,11.51,12.8,160.7,19.04,15,19,12.8,126.9122042,2.215035825,21,9.208333333
22/09/2006,26.72416,4.11,15.46,18.64,14.3,0.402,140.5,25.58,5.21,14.12,19.83,12.76,0,114.8,22.93,5.49,13.91,19.62,12.69,0,156.3,23.26,0,20.1,13.9,125.0468995,2.182480115,41,11.75
23/09/2006,26.72690,2.03,15.25,16.21,14.6,0.201,83.3,6.697,3.11,14.24,16.63,12.93,0.4,108.3,8.69,2.95,14.37,17.25,12.91,0.394,141,12.51,4,19.6,11.6,72.53155644,1.265914471,13,5.666666667
24/09/2006,26.72964,3.32,15.58,17.38,14,2.814,52.09,10.16,2.68,14.61,16.63,12.73,3.6,68.81,10,1.74,14.7,17.42,12.55,3.94,32.87,9.41,28.8,15.7,10.5,65.35849198,1.140720879,23,8.833333333
25/09/2006,26.73238,2.17,14.31,14.96,13.57,0.804,200,7.06,1.6,13.06,13.73,12.23,1.8,118.6,8.82,1.05,12.6,13.18,12.05,1.182,185.9,6.991,8,17.3,12.6,-176.1012103,-3.073545936,20,7.875
26/09/2006,26.73511,2.84,14.05,15.2,13.04,1.206,172.5,8.85,2.38,12.6,13.33,11.7,2.6,145.2,9.87,2.16,12.33,13.18,11.45,1.773,187.4,10.81,2.8,16.8,11.6,-155.2989374,-2.710477783,19,8.208333333
27/09/2006,26.73785,6.08,14.79,15.36,13.87,10.65,141.5,21.17,5.7,13.42,14.13,12.5,14.2,122,23.72,5.14,12.93,13.72,12.02,13.99,162,20.42,14.2,16.9,12.8,144.7732258,2.526769459,28,12.20833333
28/09/2006,26.74059,5.52,13.81,15.1,12.42,16.08,177.9,21.2,4.72,12.51,13.93,10.96,19.6,162.4,27.93,4.38,12.31,13.51,10.71,15.56,182,23.81,6.2,16.9,10.9,-150.7506934,-2.631095949,41,17.33333333
29/09/2006,26.74333,2.28,13.57,15.06,12.56,0.603,180.9,7.61,2.1,12.1,13.6,10.99,0.8,144.3,8.13,1.9,12.01,13.1,9.54,0.788,162,7.77,1.8,17.1,10.7,153.0913575,2.671948244,19,6.166666667
30/09/2006,26.74606,2.41,13.47,15.48,12.26,0,40.03,12.22,1.73,11.98,13.62,10.38,0,43.48,8.95,1.05,11.37,14.27,8.25,0,209.5,8.2,0.6,15.8,6.9,-153.0161473,-2.670635578,10,4.041666667
01/10/2006,26.74880,4.7,13,14,11.5,1.407,33.27,14.31,3.92,11.61,12.66,10.17,1,305.3,17.12,3.51,11.58,12.94,10.11,1.182,278.5,17.28,0,14.2,8.9,36.28642313,0.633317557,28,17.75
02/10/2006,26.75154,4.23,11.69,12.63,10.64,1.206,33.87,13.75,4.08,10.35,11.33,9.23,1.2,93.5,17.57,3.86,10.32,11.08,9.31,1.379,352.3,19.73,3.2,12.9,10.6,-1.065901447,-0.01860349,29,16.58333333
03/10/2006,26.75428,2.8,12.63,13.77,11.72,0.804,44.44,10.03,2.07,11.16,11.96,10.43,2.4,238.3,10.32,1.68,11.17,12.18,9.94,1.576,279.5,11.3,8.4,13.8,9.2,NA,NA,NA,NA
04/10/2006,26.75702,1.8,12.11,14.14,10.8,2.211,132,8.95,1.67,10.63,12.42,9.07,6,284.4,9.83,0.91,10.44,11.93,8.71,3.94,212.3,7.25,0.6,12.5,7.4,-113.5048495,-1.981033341,17,5.25
05/10/2006,26.75975,3.24,12.15,13.88,10.01,5.829,110.4,12.38,2.89,10.71,12.57,9.11,11.8,142.3,13.62,3.09,10.57,12.49,7.88,11.43,155.6,15.48,12.6,13.6,6.8,169.5309391,2.958873072,22,8.458333333
06/10/2006,26.76249,2.94,12.35,13.61,11.33,1.407,35,14.99,4.69,10.99,12.23,10.03,1,317.3,20.35,4.78,10.93,12.18,9.91,0.591,296.7,18.29,6.4,14.9,8.3,-116.9004188,-2.040297206,31,11.70833333
07/10/2006,26.76523,4.38,12.47,13.91,10.84,2.814,86.7,20.84,4.13,11.11,12.67,9.57,2.6,221.9,20.19,3.89,11.15,12.59,9.58,2.561,258.7,18.65,7,13.5,8.4,-106.5572681,-1.85977517,37,13.79166667
08/10/2006,26.76797,7.88,13.62,14.5,11.04,5.427,209.8,20.06,6.53,12.24,13.07,9.6,5.2,150.1,23.62,5.3,12.21,12.92,9.67,4.334,185.3,21.43,2.2,15.4,10,-169.6103909,-2.960259767,37,16.5
09/10/2006,26.77070,4.69,13.07,14.24,10.77,3.216,163.8,17.61,3.99,11.69,13.03,9.47,3.6,205.8,16.92,3.77,11.72,13.04,9.18,3.546,204,19.44,9.2,15.1,9.4,-147.4809558,-2.574028262,31,14.04166667
10/10/2006,26.77344,5.17,13.61,15.06,12.88,0.201,158,12.35,5.38,12.12,13.43,11.4,0.4,135.4,16.92,5.34,12.13,12.84,11.58,0.197,165,14.83,0.4,15.1,11.1,150.9360338,2.634330749,23,12.29166667
11/10/2006,26.77618,5.15,13.71,15.2,12.42,6.03,169.3,13.69,4.97,12.21,13.5,11.16,7.2,133.7,13,4.59,12.31,13.76,11.18,9.06,163.9,13.75,10.4,17.6,10.1,141.1059098,2.462762721,32,13.04166667
12/10/2006,26.77892,7.79,13.72,14.67,11.33,1.206,202.6,19.18,6.68,12.31,13.33,9.8,1.6,125.3,23.06,5.02,12.36,13.27,10.14,1.182,193.5,21.2,3.2,15.7,11.4,NA,NA,35,NA
13/10/2006,26.78166,7.49,14.61,15.06,13.21,1.005,212.6,19.01,5.64,13.23,13.83,11.86,0.4,160.6,16.33,6.52,13.14,13.58,11.85,0.591,175.5,18.98,0,16.1,13.8,176.2403133,3.075973742,29,14.70833333
14/10/2006,26.78439,5.27,14.31,15.36,13.61,0,205.9,16.69,5.09,13,14.16,12.3,0,165.8,15.78,5.34,12.93,13.67,12.35,0,166.9,20.97,0,16.1,11.2,-178.8660917,-3.121802221,26,11.25
15/10/2006,26.78713,3.11,13.57,14.53,12.85,0,216.4,11.4,2.46,12.17,12.77,11.26,0,159.3,10.55,1.7,12.18,12.78,11.41,0,188.9,12.64,0,15.8,7.2,-176.8519536,-3.086648878,14,5.166666667
16/10/2006,26.78987,2.93,12.83,13.45,11.37,0.201,205.4,8.75,2.53,11.34,11.96,9.8,0.4,161.2,8.26,2.67,11.51,12.08,9.91,0.394,172.1,10.29,0,13.4,4.7,-123.2209924,-2.150612026,13,3.5
17/10/2006,26.79261,6.27,12.72,13.57,11.6,0,71.8,15.58,3.77,11.28,12.4,10.2,0.2,144.2,20.16,3.31,11.39,12.32,10.14,0,198.2,15.91,0,13.1,9.7,67.88234384,1.184770404,27,10.91666667
18/10/2006,26.79535,7.36,11.44,13.61,9.15,4.623,56.43,17.15,5.81,10.07,12.17,7.87,12.8,200.5,20.78,5.1,10.1,12.25,7.75,9.06,212.3,17.44,33,12.8,8.8,53.33379564,0.930850337,34,22.20833333
19/10/2006,26.79808,4.14,11.83,14,9.15,8.24,58.6,11.79,2.68,10.44,12.63,7.77,15,96.9,15.09,2.27,10.43,12.45,7.78,12.61,259.4,10.49,15.8,14.7,8.7,75.32936397,1.314745425,28,16.375
20/10/2006,26.80082,3.71,14.05,15.72,12.95,0.603,67.83,11.27,2.49,12.69,14.62,11.53,0.8,94.6,10.94,2.12,12.73,15.08,11.62,0.591,339,10.39,1.2,15.3,12.2,72.03186732,1.257193251,25,11.08333333
21/10/2006,26.80356,8.51,12.35,13.48,11.27,2.01,60.24,16.53,5.24,10.96,12.06,9.97,6.2,179,19.6,5.5,11.03,12.12,9.97,4.334,200.3,17.74,2.4,13,11.4,46.25298301,0.807266842,35,21.91666667
22/10/2006,26.80630,4.01,12.1,13.09,11.33,3.015,39.15,15.97,3.58,10.72,11.36,9.97,2.8,82.9,14.9,2.86,10.76,11.48,9.94,2.758,292.5,13.3,3.2,13.7,10.1,-30.11558754,-0.525616159,26,8.375
23/10/2006,26.80903,5.24,11.02,12.69,9.35,19.3,54.71,20.09,4.32,9.69,11.34,8,26.2,265.9,19.7,3.98,9.69,11.41,7.95,21.67,251.6,16.33,45.4,12.1,9.5,62.07102923,1.08334383,34,12.70833333
24/10/2006,26.81177,6.96,9.66,10.8,8.46,3.618,62.64,18.23,5,8.25,9.67,7.1,9.2,239.9,20.02,4.78,8.35,9.71,7.18,6.698,226.1,21.36,32.4,9.8,8,50.01267602,0.872885864,35,21.16666667
25/10/2006,26.81451,8.04,10.09,12,8.16,2.211,67.29,16.1,5.53,8.53,10.47,6.839,3.6,161.5,23.78,5.13,8.73,10.61,6.978,3.349,197.7,19.53,5.6,11,7,62.93147857,1.098361504,33,21.91666667
26/10/2006,26.81725,5.09,9.82,10.87,8.62,18.69,49.25,22.64,4.06,8.43,9.31,7.4,20.4,139.5,21.92,3.88,8.53,9.42,7.45,20.68,267.5,26.79,68.6,11.1,6.6,29.45774936,0.514134717,53,25.91666667
27/10/2006,26.81999,4.32,11.67,13.12,9.91,10.65,149.8,18.59,3.79,10.17,11.8,8.17,10.8,147.4,17.67,4.65,10.47,11.82,8.64,11.23,168.8,15.58,8,12.7,4.3,167.1271233,2.916918571,34,13.04166667
28/10/2006,26.82272,3.9,12.39,13.45,10.8,3.015,154.5,17.44,4.1,11.02,12.03,9.53,4.2,324.5,21.76,3.79,11.06,11.92,9.27,3.546,229.4,27.37,2,13,10,-139.2307383,-2.430034803,37,12.16666667
29/10/2006,26.82546,2.84,11.54,13.42,10.21,6.633,105.7,13.2,3.36,10.15,12.18,8.67,9,134.3,14.24,3.42,10.29,11.95,9.08,9.85,199.4,14.6,15.4,12.4,8.5,-120.0739175,-2.095685206,36,10.58333333
30/10/2006,26.82820,5.94,12.97,13.91,10.54,6.231,161,18.1,4.94,11.71,12.7,9.27,12.4,301.3,21.17,5.88,11.53,12.49,9.41,8.08,165.9,21.17,24.8,14.4,8.8,-146.5201064,-2.557258277,32,16.625
31/10/2006,26.83094,4.69,8.91,11.67,6.641,2.412,35.03,28.39,4.81,7.57,10.37,5.44,1.6,134.5,25.25,5.34,7.68,10.21,5.538,4.531,2.375,30.45,15.4,10.6,3.6,-11.22690643,-0.195946482,49,20.95833333
01/11/2006,26.83368,1.81,8.12,10.07,6.84,0.402,345.9,9.83,2.07,6.83,8.87,5.574,0.2,304.3,10.36,1.25,6.7,8.52,4.848,0.394,344.9,10.62,1.2,7.7,2.2,-38.32363131,-0.668873548,26,9.541666667
02/11/2006,26.83641,2.44,10.18,11.43,8.17,0,144.8,9.34,1.83,8.72,10.08,6.471,0,274.6,12.12,1.48,8.77,10.21,5.27,0,194,10.88,0.4,9.2,2.7,-123.7183521,-2.159292589,15,6.458333333
03/11/2006,26.83915,5.02,11.43,12.36,10.41,4.422,166.1,15.35,4.12,10.05,10.87,8.94,6.2,5.488,21.95,4.36,10.12,11.01,9.31,5.122,188.5,22.57,6,11.7,6.9,-133.6522119,-2.33267115,26,12.08333333
04/11/2006,26.84189,4.81,11.75,12.19,10.97,0.201,64.5,18.75,3.53,10.38,10.8,9.53,0,319.3,16.14,4.92,10.47,10.91,9.57,0,240.5,16.43,0.4,11.5,8,-114.1497618,-1.992289183,32,14.79166667
05/11/2006,26.84463,6.08,12.65,13.21,11.67,0.603,60.45,20.55,3.88,11.32,11.93,10.37,0,298.5,19.4,5.82,11.4,12.05,10.44,0.394,300.3,25.15,0.4,13.1,10.7,-117.9215585,-2.058119454,36,21.66666667
06/11/2006,26.84736,5.99,12.6,13.04,12.22,0,137.3,18.49,4.94,11.24,11.66,10.79,1,263.6,25.22,5.9,11.33,11.72,10.88,0.197,184.1,21.49,0.8,13.3,10.5,-124.5838846,-2.17439898,35,20.45833333
07/11/2006,26.85010,1.55,9.77,12.82,8.07,4.824,328.5,14.47,2.11,8.49,11.43,6.663,6.2,356.4,16.07,1.26,8.27,11.48,5.873,5.516,359.9,17.51,7.6,12.4,6.8,-109.7684478,-1.915820829,31,8.875
08/11/2006,26.85284,2.89,8.78,10.27,6.6,2.01,22.52,16.14,4.06,7.43,8.6,5.493,1.6,338.7,21.63,3.35,7.22,9.19,5.506,1.773,323.8,19.4,5.8,9.4,3.3,-100.4446781,-1.753090349,37,9.875
09/11/2006,26.85558,3.74,8.96,11.1,7.54,0.804,252.3,19.6,4.07,7.57,9.64,6.095,0.6,63.9,20.35,3.33,7.68,9.82,6.107,0.591,290,14.96,3.2,8.9,4.2,-89.77272803,-1.566829683,34,11.08333333
10/11/2006,26.85832,8.58,10.32,12.63,7.2,14.27,136.6,24.11,6.59,8.87,11.24,5.727,11,118.8,29.43,6.03,8.99,11.28,5.873,9.85,226.5,30.25,12.2,11.8,5.9,-140.0410585,-2.444177558,48,22.66666667
11/11/2006,26.86105,4.92,8.11,9.59,6.11,9.65,19.5,22.64,7.79,6.78,7.88,4.671,16.6,3.946,35.08,7.5,6.79,8.25,4.741,10.83,334.9,25.9,NA,11.8,4.5,NA,NA,NA,NA
12/11/2006,26.86379,5.03,10.52,12.83,8.16,11.66,130.1,20.22,4.17,9.15,11.73,6.697,15.2,354.7,26.66,4.56,9.2,11.45,6.811,12.8,231.3,22.8,NA,9.5,5,NA,NA,NA,NA
13/11/2006,26.86653,6.13,9.82,11.43,6.602,5.427,69.28,22.8,5.38,8.4,10.01,5.234,7.6,345.1,24.53,5.43,8.47,10.18,5.27,5.713,295,25.35,NA,12,6.9,NA,NA,NA,NA
14/11/2006,26.86927,5.88,8.05,9.05,5.91,2.01,85.3,23.13,4.56,6.49,7.57,4.297,2.6,245.4,22.18,5.07,6.65,7.78,4.467,2.758,277.4,24.24,10,7.5,2.8,NA,NA,43,NA
15/11/2006,26.87201,3.92,8.98,9.81,7.2,0.804,148.7,20.65,3.34,7.42,8.17,5.333,2.2,259,18.91,3.68,7.66,8.42,5.739,1.576,177.5,20.29,5.8,8.5,4.5,NA,NA,27,NA
16/11/2006,26.87474,6.44,7.04,8.86,4.153,16.68,162.4,29.47,5.72,5.59,7.27,2.664,15.2,168.1,31.78,5.14,5.7,7.41,2.839,9.85,228.4,26.36,23.4,7.2,3,-136.8382573,-2.388278133,46,12.625
17/11/2006,26.87748,4.4,7.59,8.65,5.182,1.005,96.5,18.75,4.14,6.07,7.3,3.6,2.6,305.2,25.15,4.64,6.23,7.35,3.611,1.576,257.3,23.13,1.8,7.4,2.6,-139.2522011,-2.4304094,40,13.66666667
18/11/2006,26.88022,3.47,6.34,7.5,4.651,2.412,43.99,16.66,4.43,4.89,5.775,2.831,4,335.4,16.17,4.61,5,6.108,2.904,3.743,322.5,23.52,15.4,6.1,0.9,-110.2447503,-1.924133876,28,11.16666667
19/11/2006,26.88296,7.64,8.41,11.63,4.584,38.39,192.1,27.05,5.74,6.9,10.24,3.099,21.2,156.8,22.21,6.85,7.14,10.36,3.102,23.64,190.9,30.28,20,9.1,2.3,-159.5791808,-2.785182122,54,20.375
20/11/2006,26.88569,7.76,8.05,9.98,5.182,23.32,60.18,29.6,7.12,6.63,8.84,3.6,21.6,230.9,36.72,7.76,6.7,8.62,3.797,14.18,331.5,39.85,16.2,10.2,3.8,-128.10168,-2.235796094,54,25.5
21/11/2006,26.88843,3.24,8.49,9.81,6.84,2.613,354.7,17.41,5.89,7.2,8.4,5.709,2.8,331.5,24.34,5.69,7.29,8.48,5.84,1.773,290.9,23.26,13.8,8.8,5.6,NA,NA,41,NA
22/11/2006,26.89117,2.72,8.05,9.55,6.475,2.613,105.5,10.06,2.51,6.37,8.1,4.805,4.2,128.3,9.7,2.84,6.56,8.48,3.644,4.728,146.5,11.11,0.4,7,1.7,-82.13889649,-1.433594188,17,6.5
23/11/2006,26.89391,5.79,9.13,9.98,8.28,2.814,64.84,12.54,3.93,7.59,8.17,6.931,4.4,154.1,20.48,3.68,7.73,8.45,7.01,3.94,189.7,13.33,5.4,9.3,4.5,76.49583768,1.335104232,28,13.5
24/11/2006,26.89665,4,8.83,10.14,7.47,8.04,91.6,14.8,2.92,7.32,8.44,6.236,10.2,202.6,18.03,2.73,7.38,8.85,5.94,10.24,220.3,14.54,7.4,9.3,5.7,-139.0210719,-2.426375434,31,12.375
25/11/2006,26.89938,3.25,8.56,10.27,7.3,12.46,142.8,14.37,3.48,7.17,8.97,5.801,15.2,18.85,16.95,3.17,7.22,9.19,5.639,16.55,262.5,22.93,16.8,9.5,5.2,-169.4223833,-2.956978415,34,13.79166667
26/11/2006,26.90212,2.96,9.38,11.77,6.907,0.201,89.6,13.59,3.74,7.85,10.14,5.909,0.6,128.5,15.42,4.13,7.56,10.21,3.644,0.591,123.6,15.81,2.8,9.8,1.9,-146.2964987,-2.553355587,26,9.791666667
27/11/2006,26.90486,9.5,11.44,12.2,10.51,22.51,185.5,26.33,9.29,10.01,10.81,8.9,8.4,138.1,26.75,9.01,10.08,10.71,8.95,10.24,172.5,31.82,4.8,12.8,8.3,156.9757149,2.73974307,54,26.04166667
28/11/2006,26.90760,9.61,10.53,11.43,7.72,9.65,200.9,24.14,7.48,9.17,10.2,6.162,7.6,135.9,27.47,6.4,9.3,10.18,6.275,7.09,190.9,29.53,10,11.3,7.1,-163.3724446,-2.851387065,54,23.83333333
29/11/2006,26.91034,7.19,10.11,12.16,6.792,13.27,185.7,27.15,5.91,8.72,10.88,5.258,15.8,77.1,27.18,6.2,8.89,10.78,5.27,12.8,183.1,32.34,10.2,10.7,5.2,NA,NA,45,NA
30/11/2006,26.91307,8.86,11.14,12.2,9.48,53.06,201.7,27.77,7.17,9.79,10.9,8.17,12.6,136.5,29.99,7.04,9.87,10.81,8.48,15.17,183.2,31.29,23.8,12.2,8.8,-161.6664178,-2.82161128,63,24.66666667
01/12/2006,26.91581,6.04,9.15,10.48,7.07,11.06,150.9,24.7,5.7,7.67,8.91,5.774,16,160.3,28.98,6,7.92,9.19,5.639,11.43,185,25.64,18.4,9.9,5.5,-151.1723133,-2.638454606,49,16.375
02/12/2006,26.91855,4.69,8.66,12.46,7.27,3.819,161.4,28.09,4.56,7.5,9.11,5.767,7.6,169.2,27.51,5.06,7.72,9.36,5.136,5.319,182.9,29.17,14.8,9.4,5.5,NA,NA,49,NA
03/12/2006,26.92129,5.14,8.95,11.1,7.19,20.3,121.5,21.3,4.77,8.42,10.34,6.797,31,176.1,21.72,5.05,8.44,10.18,6.543,28.96,184.9,24.76,39.4,11.4,6,170.5829241,2.977233673,39,19.41666667
04/12/2006,26.92402,4.51,8.61,9.58,7.63,27.74,66.97,17.97,4.75,8.12,9.21,6.936,39.8,266.3,26.82,5.14,8.15,9.05,7.15,33.1,310.4,26.33,27,9.6,6.3,-115.8823979,-2.022529389,47,16.25
05/12/2006,26.92676,3.1,7.42,8.65,6.172,22.51,42.06,16.3,2.86,6.91,8.03,5.667,26.4,338.8,18.49,3.36,6.93,8.22,5.572,26.99,329.5,17.22,35.6,9.3,5.5,-112.5299665,-1.964018423,35,13.45833333
06/12/2006,26.92950,2.33,6.62,8,4.949,6.03,28.02,11.24,2.84,6.01,7.08,4.872,9,18.34,15.55,3.24,6.23,7.68,4.199,10.83,286.4,14.31,2,7.4,1.2,-76.23966233,-1.330633128,27,7.958333333
07/12/2006,26.93224,5.95,6.34,7.43,5.049,7.24,42.33,23.26,5.41,5.82,6.941,4.203,9.6,150.3,21.36,5.65,5.91,6.978,4.482,12.41,228.8,27.08,37.4,7.6,4,74.96715546,1.308423694,37,15.54166667
08/12/2006,26.93498,2.57,6.37,7.34,4.916,4.623,349.6,15.84,4.95,6.07,7.05,4.504,4,342,20.48,5.15,6.14,7.25,4.433,3.349,315.3,18.95,10.8,6.9,2.3,-49.50899578,-0.864094986,31,12.25
09/12/2006,26.93771,4.79,6.89,9.08,4.021,9.05,275.7,23.29,5.77,6.45,8.7,3.467,6.8,30.57,30.22,5.28,6.55,8.72,3.841,5.713,300.4,17.38,4.8,7.1,1.7,-90.0308047,-1.57133397,37,13.79166667
10/12/2006,26.94045,8.62,9.98,11.24,7.22,31.76,176.1,25.48,7.5,9.55,10.97,6.797,31.4,154.6,36.36,7.13,9.51,10.71,6.811,16.94,180.9,27.77,34.6,11.5,7.1,-148.783617,-2.59676399,59,27.375
11/12/2006,26.94319,7.41,6.5,8.39,3.49,6.633,69.44,26.26,5.29,5.88,7.7,2.898,4.6,237.5,26.72,7.08,6.05,8.02,2.94,4.728,299.1,28.35,12.2,10.2,1.9,NA,NA,58,NA
12/12/2006,26.94593,6.54,7.49,9.38,5.711,9.05,85.7,22.15,5.72,6.93,8.84,5.24,9,328.1,31.52,6.05,7.01,8.92,5.17,7.09,279,27.96,20.6,8.6,4.7,-120.2051136,-2.09797501,43,19.83333333
13/12/2006,26.94867,5.6,9.45,11.43,6.565,14.67,153.2,23.1,4.89,8.94,11.2,5.834,19.8,171.8,27.86,6.26,8.99,10.98,6.275,17.34,178.9,23.45,32,12.8,5,-139.9095737,-2.441882717,46,20.25
14/12/2006,26.95140,6.97,7.43,10.04,4.22,5.829,83.2,22.64,5.37,6.87,9.61,3.232,5.2,240.1,28.39,6.79,7.02,9.66,3.563,4.334,280.1,28.52,8.8,12.2,3.9,NA,NA,51,NA
15/12/2006,26.95414,3.38,6.3,8.29,4.612,2.412,41.95,20.91,3.08,5.74,7.64,3.969,2.8,311.7,20.22,3.45,5.42,8.08,2.74,2.955,317.8,18.52,NA,7.1,1.2,NA,NA,NA,NA
16/12/2006,26.95688,3.61,6.37,7.27,4.485,3.216,32.82,15.39,4.56,5.88,6.712,3.969,3.8,346.6,21.79,4.71,5.9,6.825,4.147,4.728,326.5,23.68,13,5.1,0.1,-116.4628599,-2.032660362,36,10.125
17/12/2006,26.95962,2.66,7.48,8.95,5.58,1.407,216.4,11.3,3.28,6.94,8.17,5.073,1.6,127.6,16.24,3.81,7.01,8.69,3.844,1.97,212.7,13.46,1.8,7.1,1.4,-97.91177984,-1.708882935,28,6.583333333
18/12/2006,26.96235,2.26,8.76,9.64,7.56,2.412,165.1,9.34,1.7,8.16,8.9,7.01,2.6,232.3,10.06,2.2,8.12,9.05,5.27,1.576,260.4,11.04,0.4,7.4,2.3,-131.5074564,-2.295238106,14,5.208333333
19/12/2006,26.96509,4.03,8.6,9.51,7.69,0.201,115.9,14.31,3.45,8.07,8.94,7.2,1.4,242.5,17.18,3.46,8.1,9.05,7.21,0.788,211.6,17.48,0,8.7,6.3,-137.0909067,-2.392687696,20,NA
20/12/2006,26.96783,7.22,9.53,10.24,8.78,0.201,197.3,17.84,5.94,9.04,9.87,8.3,0.4,117.5,24.83,4.82,9.14,9.88,8.42,0,195.7,15.94,0.4,9.3,6.9,-150,-2.617993878,35,15.70833333
21/12/2006,26.97057,8.19,9.9,10.74,9.01,5.226,174.8,22.96,6.88,9.44,10.34,8.5,6.4,136.4,29.4,5.54,9.49,10.35,8.55,3.546,201.3,20.87,2.4,11.2,8.6,-147.6221451,-2.576492482,45,21.91666667
22/12/2006,26.97331,5.47,10.11,10.7,9.11,0.402,191.7,17.87,4.27,9.69,10.37,8.84,1.2,42.52,22.44,4.95,9.51,9.91,8.84,0.394,179.5,20.55,0.8,11.4,8.4,-145.4139948,-2.537952989,31,13.625
23/12/2006,26.97604,7.16,9.77,10.41,8.35,0,201.4,18.23,4.91,9.31,9.97,7.83,0,98.1,18.46,4.31,9.35,10.08,7.95,0,199.7,13.79,0,10.4,8.9,-154.9552612,-2.704479502,28,14.70833333
24/12/2006,26.97878,6.51,7.89,8.68,6.831,0,215.8,14.63,5.12,7.34,8.17,6.229,0,166,13.33,4.25,7.48,8.25,6.442,0,188.8,14.31,0,9,5.9,-159.5830776,-2.785250134,27,13.91666667
25/12/2006,26.98152,7.65,8.86,9.68,7.46,0.201,210.5,17.08,5.51,8.36,9.17,6.934,0,133.2,21.07,4.1,8.36,9.18,7.05,0,200.9,13.59,0,8.6,5.9,-163.3422931,-2.850860823,29,15.875
26/12/2006,26.98426,4.39,8.8,9.61,7.75,0,211.6,13.59,3.67,8.27,9.11,7.06,0,157.7,12.64,3.38,8.48,9.18,7.35,0,184.9,15.58,3.2,9.1,6.4,-159.5804064,-2.785203513,20,9.541666667
27/12/2006,26.98700,4.03,8.7,9.25,8.09,2.613,206.1,13.26,3.28,8.17,8.6,7.67,2.2,180.5,10.81,3.28,8.08,8.75,6.442,2.167,180.2,15.22,1.4,8,7.4,-170,-2.967059728,22,12.5
28/12/2006,26.98973,5.21,9.23,10.11,8.12,4.824,190.9,21.63,5.47,8.63,9.61,7.57,3.2,140,21.89,7.6,8.76,9.64,7.58,3.349,168.9,19.89,1.4,10,5.9,177.0532192,3.090161627,39,12.88235294
29/12/2006,26.99247,8.62,9.76,10.87,6.963,17.69,193.9,26.39,8.38,9.26,10.58,6.362,13,136.2,26.72,7.86,9.29,10.38,6.208,14.18,180.9,30.18,6,11.8,8.7,167.9937181,2.932043503,46,23.16666667
30/12/2006,26.99521,5.21,7.25,8.89,4.684,7.44,95,20.06,4.4,6.68,8.34,4.47,6,234.8,20.84,4.94,6.77,8.32,4.239,6.895,326.5,25.15,19.8,10.2,4.6,-132.9641722,-2.320662592,46,17.125
31/12/2006,26.99795,4.51,7.4,9.28,4.319,14.07,161.8,16.33,5.04,6.82,8.57,3.566,15.2,140.8,23.16,5.4,6.96,8.85,3.697,14.58,182.9,23.45,11,8.5,4.4,-154.909735,-2.70368492,39,15.08333333
01/01/2007,27.00068,4.62,6.3,8,4.087,4.422,52.16,17.05,5.11,5.83,7.65,3.633,4.8,330.5,24.53,5.2,5.77,7.38,3.631,4.925,342,20.51,9.6,6.7,3.5,-101.465506,-1.770907157,39,14.79166667
02/01/2007,27.00342,4.23,7.68,9.71,5.441,18.49,326.6,20.16,4.81,7.25,9.37,5.098,14.4,350.6,24.73,4.59,7.34,9.15,5.136,15.17,273,21.85,5.8,7.4,2.6,-104.0716866,-1.816393589,29,9.375
03/01/2007,27.00616,7.46,9.82,10.8,8.48,13.47,185.7,22.67,5.56,9.44,10.33,8.07,15.4,51.19,24.01,6.36,9.2,10.14,7.98,13.4,195.3,25.32,42.8,11.2,7.1,-148.8562213,-2.598031173,54,24.16666667
04/01/2007,27.00890,3.95,8.5,9.48,7.62,3.015,12.02,15.55,5.56,8.01,9.04,7.06,2.8,35.15,25.09,4.96,8.06,9.05,7.08,2.561,315.3,24.21,5,9.1,4.9,-87.20507447,-1.522015674,47,18.45833333
05/01/2007,27.01164,6.16,8.36,10.01,6.929,8.84,79.8,19.93,4.53,7.83,9.54,6.37,9.8,200.4,26.69,5.39,7.88,9.35,6.442,9.06,277.6,20.74,14,10,5.6,NA,NA,39,NA
06/01/2007,27.01437,5.93,8.3,9.25,6.103,2.613,163,17.74,4.34,7.74,8.8,5.802,2,285.3,20.12,5.47,7.9,8.99,5.873,2.364,186.7,18.03,12.8,8.6,4.3,-146.6789344,-2.560030348,33,15.5
07/01/2007,27.01711,3.98,6.87,7.96,4.651,1.608,78.9,16.07,3.13,6.24,7.3,4.169,2.2,268.1,17.87,3.56,6.36,7.35,4.167,1.576,284.7,19.14,25.6,8.6,5,-140,-2.443460953,26,18
08/01/2007,27.01985,4.2,6.98,9.91,4.983,16.28,158,18.49,3.19,6.37,9.51,4.404,19,203.8,28.81,3.39,6.44,9.39,4.501,17.14,195.8,18.75,22.4,7.5,4,NA,NA,29,NA
09/01/2007,27.02259,4.77,6.89,9.61,4.552,6.231,61.57,24.83,4.86,6.41,9.17,3.835,9.4,305.5,27.96,5.1,6.35,9.15,3.576,8.86,311.9,26.92,18.4,9.6,2.9,-120.5666478,-2.104284973,49,18.125
10/01/2007,27.02533,6.93,5.46,7.96,3.063,71,241.8,32.5,5.96,5.01,7.54,2.697,27.2,139.3,40.51,5.05,5.2,7.58,2.84,13.99,228.8,23.59,16.2,6.5,1.3,-116.9711879,-2.041532358,58,16.70833333
11/01/2007,27.02806,7.12,7.59,8.76,5.041,6.633,42.65,26.56,3.16,7.08,8.41,4.429,65,230.5,40.08,8.24,7.2,8.38,4.634,3.546,329.9,37.63,19,7.6,4,NA,NA,67,NA
12/01/2007,27.03080,6.99,8.75,11.24,6.5,16.08,95.7,30.15,NA,8.32,11.05,5.933,17.8,NA,NA,7.17,8.37,10.78,5.873,11.23,282.1,32.05,23,11.8,5.7,NA,NA,NA,NA
13/01/2007,27.03354,3.92,5.5,7.83,3.689,21.31,11.29,19.57,NA,5,7.15,3.165,25,NA,NA,5.13,5.04,7.38,3.142,22.26,325.3,26.62,5,12,4,NA,NA,NA,NA
14/01/2007,27.03628,7.5,7.84,9.81,4.319,13.47,139.9,26.75,NA,7.29,9.47,3.734,14.8,NA,NA,7.02,7.4,9.49,3.711,9.06,204.9,29.47,19.4,10,3.5,NA,NA,NA,NA
15/01/2007,27.03901,6.76,6.78,10.21,3.39,14.27,110.7,26.1,NA,6.27,9.78,2.73,20.6,NA,NA,6.28,6.26,9.82,2.974,13.59,260.7,23.62,36.1,10,4,NA,NA,NA,NA
16/01/2007,27.04175,3.44,5.16,6.342,3.258,1.407,75.7,16.1,NA,4.48,5.642,2.63,3,NA,NA,4.49,4.73,5.985,3.297,3.152,351.4,19.37,0.4,10.5,1,NA,NA,NA,NA
17/01/2007,27.04449,5.88,5.49,6.973,3.457,5.226,94.9,22.05,NA,4.79,6.344,2.898,7,NA,NA,5.6,4.97,6.552,2.871,7.29,200.4,22.08,16.6,5.7,1.3,NA,NA,NA,NA
18/01/2007,27.04723,2.14,5.47,6.708,3.987,1.809,342.8,10.68,NA,4.96,6.01,3.467,2.8,NA,NA,2.81,4.91,6.442,3.41,1.773,335.9,15.06,1,6,0.9,-98.08359855,-1.711881737,26,9.52173913
19/01/2007,27.04997,2.78,5.77,7.7,2.568,17.49,21.09,15.42,NA,5.26,6.813,1.968,16.2,NA,NA,2.62,5.17,7.25,2.103,13.59,331.7,14.86,2.4,7.2,1.8,NA,NA,27,NA
20/01/2007,27.05270,3.4,4.68,6.741,2.07,9.25,38.07,15.68,NA,4.2,6.244,1.229,10.6,NA,NA,4.18,4.1,6.316,1.132,9.06,324.9,24.83,19.8,5.5,1.3,-89.85357713,-1.568240766,38,15.08333333
21/01/2007,27.05544,4.01,4.6,6.111,2.269,8.24,23.06,20.61,NA,4.12,5.675,1.963,8,NA,NA,4.09,4.1,5.576,2.07,9.06,291,23.39,14.2,5.6,1.4,NA,NA,43,NA
22/01/2007,27.05818,4.07,4.51,5.519,2.737,1.608,41.74,18.52,NA,4.01,5.106,2.176,1.6,NA,NA,4.25,4.14,5.185,2.338,1.182,317.4,17.15,9.6,5.2,1,NA,NA,46,NA
23/01/2007,27.06092,3.02,6.03,7.33,4.22,2.211,4.833,15.81,NA,5.6,6.742,3.801,1.8,NA,NA,5.51,5.73,6.945,4.113,1.773,327.1,22.67,7.8,6.4,1.4,-38.40501008,-0.670293875,31,11.375
24/01/2007,27.06366,3.63,5.87,7.04,4.754,0.201,35.84,24.79,NA,5.33,6.445,3.467,0.2,NA,NA,3.56,5.29,6.71,1.936,0.394,316.7,22.02,0.6,6.3,2.4,-3.165809731,-0.055253803,31,12.125
25/01/2007,27.06639,1.88,7.36,8.85,4.524,0.201,355.9,15.06,NA,6.84,8.4,4.004,0.4,NA,NA,4.07,6.41,8.52,1.802,0.591,339.4,16.92,1.2,8.3,0.1,-92.88078993,-1.621075596,30,11.16666667
26/01/2007,27.06913,2.49,8.14,8.68,7.26,3.819,9.63,16.14,NA,7.66,8.27,6.831,4.4,NA,NA,6.27,7.44,8.12,6.543,4.334,333.6,20.22,5.2,8.4,6.3,-46.66192861,-0.81440429,29,12.20833333
27/01/2007,27.07187,3.71,7.7,9.18,6.177,2.01,43.69,16.43,NA,7.26,8.77,5.675,3.6,NA,NA,4.45,7.03,8.62,5.505,2.955,341.1,18.39,4.4,8.1,5,-91.79588415,-1.602140418,32,13.375
28/01/2007,27.07461,4.29,9.51,10.04,8.91,1.005,28.86,16.27,NA,9.12,9.64,8.47,3.4,NA,NA,5.89,8.88,9.38,8.12,1.182,333.8,23.45,5.2,10.3,8,NA,NA,46,NA
29/01/2007,27.07734,3.67,8.56,9.44,7.56,1.005,77.3,15.91,NA,8.11,9.14,7.17,3.2,NA,NA,3.82,7.82,8.92,6.71,1.97,296.2,14.8,1.8,9.9,7.1,-111.7520176,-1.950440653,24,11.70833333
30/01/2007,27.08008,6.26,9.24,10.14,8.05,10.25,134.6,22.34,NA,8.82,9.97,7.43,13.2,NA,NA,6.76,8.47,9.35,7.28,10.24,170.4,29.07,7.2,10.3,6.7,-131.6639241,-2.297968981,45,21.58333333
31/01/2007,27.08282,3.59,9.92,10.21,9.48,4.623,67.69,15.81,NA,9.8,10.11,9.3,10.8,NA,NA,4.34,8.29,8.94,7.73,8.08,285.3,17.8,18.2,11.2,8.6,-100.6728663,-1.757072984,45,16.08333333
01/02/2007,27.08556,4.51,9.07,9.88,6.725,3.015,159.4,15.52,NA,8.85,9.71,6.496,4.2,NA,0,5.22,7.5,8.44,5.103,3.152,166.7,17.64,2.8,11,9.1,-141.3220115,-2.466534405,30,16.54166667
02/02/2007,27.08830,4.04,8.21,9.08,6.965,0.201,51.01,13.1,NA,7.88,8.7,6.735,0,NA,NA,4.47,7.64,8.52,5.84,0.197,293.8,17.64,6,9.6,5,-98.08704105,-1.71194182,29,13.29166667
03/02/2007,27.09103,3.82,8.49,9.78,6.766,1.005,155.8,15.52,NA,8,9.21,6.196,2,NA,NA,4.13,7.77,8.75,5.773,1.182,172,18.23,0.4,9.6,5.1,-140.8247943,-2.45785633,28,13.625
04/02/2007,27.09377,1.74,6.08,7.76,4.651,4.02,339.6,11.04,NA,5.67,6.967,4.136,5.2,NA,NA,3.3,5.32,7.31,4.232,5.122,335.7,12.15,5.4,7.7,2.9,-78.35775232,-1.367600772,34,9.708333333
05/02/2007,27.09651,3.48,3.63,5.215,1.709,3.015,30.6,13.85,NA,3.14,5.14,1.238,2.6,NA,NA,3.57,3.17,4.783,1.166,3.349,331,19.7,2.6,4.4,0.1,-21.98230485,-0.383663597,28,10.41666667
06/02/2007,27.09925,2.97,3.47,5.314,0.75,1.206,30.61,11.27,NA,2.9,4.738,0.167,1.8,NA,NA,2.73,2.86,4.577,-0.299,1.379,316.5,13.92,6.6,5,-1.6,3.218332763,0.056170503,27,9.583333333
07/02/2007,27.10198,3.97,4.43,5.712,3.661,0,78.7,9.18,NA,3.62,4.939,2.536,0,NA,NA,2.68,3.85,5.185,2.974,0,174.9,12.32,2.6,4.8,-1.1,62.46779993,1.090268785,23,6.916666667
08/02/2007,27.10472,8.1,4.49,5.576,2.9,0,79.1,14.5,NA,3.59,4.839,2.008,0,NA,NA,4.91,3.83,4.869,2.271,0.197,178.3,21.76,0,4.5,0.9,NA,NA,32,NA
09/02/2007,27.10746,7.76,5.08,5.812,3.025,0.402,97,15.19,NA,4.29,5.14,2.229,0.8,NA,NA,8.43,4.49,5.404,2.438,0.985,146.4,20.45,0,5.9,3.2,112.0723484,1.956031479,36,19.83333333
10/02/2007,27.11020,9.36,4.98,5.878,4.253,0,81.5,17.48,NA,4.08,4.905,3.467,0.2,NA,NA,6.08,4.25,5.05,3.611,0.197,163.2,22.67,0.4,4.6,3,103.3295631,1.80344109,44,27.75
11/02/2007,27.11294,7.35,6.11,6.733,5.513,0,77.2,16.63,NA,5.32,5.909,4.638,0,NA,NA,4.04,5.33,5.873,4.675,0,190.4,22.05,1.2,6.1,3.6,92.08904488,1.607257038,45,24.375
12/02/2007,27.11567,1.72,6.8,8.48,5.414,2.211,3.268,8.17,NA,6.29,7.61,4.805,2.2,NA,NA,2.05,6.06,8.01,4.569,2.167,331.4,10.22,4.4,7.3,4.3,161.7025419,2.822241765,22,7.666666667
13/02/2007,27.11841,3.59,7.56,8.32,5.745,3.015,154.7,11.96,NA,6.96,7.8,5.039,3.2,NA,NA,4.13,6.88,7.61,5.103,3.546,199.5,13.07,1.6,9.6,4.5,-151.9681759,-2.652345027,21,9.541666667
14/02/2007,27.12115,4.97,7.43,8.62,5.613,6.633,166.2,24.99,NA,6.84,7.9,5.173,7.8,NA,NA,5.49,6.72,7.91,4.601,6.895,188,22.61,8.4,9.1,4.1,-167.7717208,-2.928168919,29,10.75
15/02/2007,27.12389,9.38,8.41,9.44,5.866,18.89,208.8,27.05,NA,7.83,8.87,5.325,9.4,NA,NA,8.58,7.57,8.59,5.136,9.46,180.7,25.12,15,10.7,6,177.8395124,3.103885032,46,23.875
16/02/2007,27.12663,7.83,8.51,10.01,6.627,24.92,197.3,26.26,NA,8.02,9.37,6.295,28,NA,NA,5.66,7.79,9.04,6.207,12.02,179.2,24.73,7.8,9.6,5.6,-170.8545762,-2.981974897,57,25.58333333
17/02/2007,27.12936,2.47,7,8.55,5.082,1.608,14.88,12.81,NA,6.5,8.07,4.772,0.8,NA,NA,3.04,6.29,7.98,4.339,1.182,336.1,12.94,5.6,8.4,2,NA,NA,29,NA
18/02/2007,27.13210,3.23,6.81,7.83,5.746,1.407,113.6,15.42,NA,6.04,7.4,5.14,1.8,NA,NA,5.29,5.7,7.08,3.008,2.167,149.3,15.19,0,7.8,1,-170.9216112,-2.983144878,23,7.458333333
19/02/2007,27.13484,6.37,7.25,7.86,6.442,6.03,118.2,16.43,NA,6.66,7.33,5.742,12.2,NA,NA,8.09,5.46,6.342,4.668,13.4,150.8,18.88,1.4,8.2,5.8,127.3077552,2.221939492,24,13.75
20/02/2007,27.13758,6.4,8.26,9.18,7.36,2.814,169.7,20.61,NA,7.84,8.87,6.998,2.4,NA,NA,6.23,6.81,8.05,5.404,2.561,174.4,21.23,9.4,9.2,6.9,162.5018228,2.836191848,35,17.08333333
21/02/2007,27.14031,4.18,7.58,8.18,6.899,0.201,105.9,12.12,NA,6.95,7.8,6.165,0.4,NA,NA,5.12,6.32,7.05,5.17,0.394,146,13.52,0,9.1,4.9,120.9887359,2.1116518,23,8.708333333
22/02/2007,27.14305,4.26,8.04,9.54,6.37,2.613,120.3,14.67,NA,7.51,8.77,5.708,5,NA,NA,5.64,6.22,7.15,4.869,5.713,152.3,17.48,16.4,8,6.5,125.0323118,2.182225512,28,13.04166667
23/02/2007,27.14579,3.69,8.33,8.71,7.66,1.005,127,12.45,NA,7.86,8.3,7.2,1.4,NA,NA,4.79,6.49,6.744,6.04,1.182,153.7,12.05,2.8,9.6,7.4,125.7999632,2.195623556,18,9.666666667
24/02/2007,27.14853,3.19,7.61,8.19,6.896,15.68,54.52,7.15,NA,7.2,7.9,6.596,18.4,NA,NA,2.04,5.94,6.71,5.17,15.37,260.3,9.57,3,9.8,6.5,NA,NA,11,NA
25/02/2007,27.15127,2.59,6.51,7.89,4.153,4.02,9.38,14.37,NA,6.22,7.67,3.902,3.8,NA,NA,4.26,5.44,6.576,3.7,3.546,177.7,21.79,28.6,9.8,4.8,-40.44992668,-0.705984403,33,10.875
26/02/2007,27.15400,2.08,5.35,7.07,3.397,0.804,78.3,9.77,NA,4.85,6.396,3.4,1,NA,NA,3.34,4.98,6.606,3.44,0.985,180,11.96,2,6.4,0.8,-66.08831466,-1.153458688,28,8.916666667
27/02/2007,27.15674,4.86,8.13,9.54,5.049,25.73,157.7,15.97,NA,7.72,9.31,4.47,30.8,NA,NA,4.84,6.56,7.65,4.438,30.14,162,14.9,46.8,10.9,2.5,165.6401928,2.890966738,28,14.70833333
28/02/2007,27.15948,3.95,5.81,8.35,4.419,25.73,14.43,22.83,NA,5.47,8.27,4.035,36.6,NA,NA,7.03,4.72,6.643,3.574,25.61,291.3,35.05,7.6,8.7,4.7,NA,NA,39,NA
01/03/2007,27.16222,2.49,5.29,6.671,3.76,0.804,14.12,18.16,NA,4.74,5.973,3.099,0.6,NA,NA,3.69,4.64,5.974,2.74,0.394,202.7,21.72,11.6,6.3,2,NA,NA,46,NA
02/03/2007,27.16496,3.54,6.25,7.89,3.888,6.834,197.5,13.03,NA,5.54,7.38,2.697,6.2,NA,NA,3.94,5.42,7.11,2.338,6.698,180.7,13.95,3.6,7.5,0.2,174.9508801,3.053468886,26,9.75
03/03/2007,27.16769,3.28,7.29,8.82,6.204,1.407,128.1,12.45,NA,6.73,8.4,5.708,1.8,NA,NA,2.86,6.56,8.24,5.639,2.561,204.4,14.5,8.4,10.1,3.6,-151.127975,-2.637680755,25,10.79166667
04/03/2007,27.17043,6.96,7.31,9.08,6.142,5.025,128.6,28.49,NA,6.58,8.3,5.474,10.2,NA,NA,8.72,6.62,8.12,5.505,9.06,160,26.98,4,8.1,2.9,147.0241357,2.566055249,41,16.95833333
05/03/2007,27.17317,9.21,7.51,9.54,5.58,30.75,187.7,28.09,NA,6.98,9.17,4.861,23.2,NA,NA,8.8,6.74,8.22,4.902,22.26,175.7,29.3,28.4,9.1,5.3,NA,NA,64,NA
06/03/2007,27.17591,6.6,7.12,8.32,5.08,9.65,135,22.67,NA,6.59,7.94,4.59,12,NA,NA,5.14,6.31,7.48,4.366,5.319,207,26.36,29,9.3,4.5,-152.4232537,-2.660287634,52,20.54166667
07/03/2007,27.17864,4.03,7.79,9.41,6.143,1.005,64.79,14.7,NA,7.32,9.23,5.742,0.8,NA,NA,4.03,7.16,9.24,5.438,0.591,264.1,16.3,3.2,10.1,4.2,-131.1603336,-2.289179668,26,11.75
08/03/2007,27.18138,7.14,7.74,9.08,4.352,20.5,147.3,25.09,NA,7.21,8.67,3.935,9,NA,NA,5.16,7.1,8.32,3.663,8.86,210.4,23.36,15.2,8.9,3.4,-142.1223454,-2.480502868,52,18.20833333
09/03/2007,27.18412,5.79,6.72,9.12,3.954,3.618,84.2,22.83,NA,6.16,8.67,3.132,7.4,NA,NA,6.11,6.13,8.45,3.161,5.122,265,25.45,5,8.1,3,NA,NA,44,NA
10/03/2007,27.18686,7.13,9.72,10.11,8.98,7.84,174.7,22.74,NA,9.44,9.91,8.5,17.4,NA,NA,6.49,8.36,8.99,7.87,6.895,159.1,27.41,15.6,12.4,6.7,NA,NA,44,NA
11/03/2007,27.18960,6.79,8.14,9.98,6.493,8.64,187.3,20.09,NA,7.77,9.81,6.195,17.2,NA,NA,5.15,7.27,8.27,4.898,7.49,191.8,22.74,6.8,11.2,6.5,-142.9452274,-2.494864868,49,20.91666667
12/03/2007,27.19233,6.44,7.55,8.65,5.446,6.231,164.9,21.04,NA,7.05,8.17,4.905,8,NA,NA,5.78,7.04,8.18,4.668,6.107,175,23.49,8,9.6,4.9,NA,NA,44,NA
13/03/2007,27.19507,4.29,8.33,9.5,5.876,1.206,86.6,14.96,NA,7.9,9.16,5.507,1.2,NA,NA,4.5,7.68,9.1,5.337,1.182,247.1,18.42,7.2,10.8,5.2,-120.7686244,-2.107810129,37,15.95833333
14/03/2007,27.19781,7.41,9.39,9.84,8.95,5.025,190.1,17.93,NA,9.02,9.41,8.54,6.4,NA,NA,6.47,8.49,8.81,7.98,3.94,177.6,17.74,3.6,11.2,7.3,-144.9744859,-2.530282111,32,19.125
15/03/2007,27.20055,5.43,7.11,9.54,3.985,3.417,76.3,22.96,NA,6.64,9.24,3.659,6.2,NA,NA,5.28,6.34,8.41,3.295,4.925,316.9,23.98,17.2,9.9,3.7,-122.2790145,-2.13417141,41,19.375
16/03/2007,27.20329,5.61,7.83,8.95,6.342,2.211,47.84,22.57,NA,7.33,8.5,5.675,4.8,NA,NA,6.14,7.19,8.32,5.438,2.167,330.8,28.09,20.4,8.6,4.2,-100.3058518,-1.750667373,45,22.54166667
17/03/2007,27.20602,5.9,7.72,9.64,2.335,7.84,69.09,28.52,NA,7.32,9.37,1.86,30.8,NA,NA,6.52,6.91,8.58,1.635,7.09,344.8,35.02,12.6,10.7,4.6,NA,NA,NA,NA
18/03/2007,27.20876,4.85,3.5,5.023,0.909,15.88,0.593,26,NA,3.04,4.61,0.234,30,NA,NA,8.01,2.99,4.616,0.06,11.43,327.5,33.58,19.4,5.7,0.3,-58.62542672,-1.023206722,63,22.79166667
19/03/2007,27.21150,5.01,3.49,4.684,1.744,13.27,24.56,23.19,NA,2.99,4.069,1.439,26.2,NA,NA,7.33,3.05,4.145,1.501,11.62,132.5,29.01,10,5.9,0.7,-13.95889185,-0.243628623,48,26.33333333
20/03/2007,27.21424,3.16,3.31,4.717,0.916,1.005,37.14,18.65,NA,2.84,4.604,0.301,0.6,NA,NA,3.5,2.77,4.314,0.395,0.985,33.63,20.38,0.8,4.9,-0.1,-14.41708006,-0.251625516,40,16.04166667
21/03/2007,27.21697,4.88,7.59,9.18,4.423,7.24,168.3,14.31,NA,7.25,8.94,3.969,11.4,NA,NA,4.08,6.18,7.78,4.247,9.46,210.3,18.2,9.8,9.2,-1,-152.1965153,-2.656330301,39,17.33333333
22/03/2007,27.21971,1.72,7.41,8.82,6.041,0.201,87.1,11.3,NA,6.93,9.11,5.508,0.2,NA,NA,2.44,6.66,8.62,4.668,0,173.7,17.44,2.6,9.8,1.9,20.46624528,0.357203366,20,7.333333333
23/03/2007,27.22245,5.7,7.78,8.81,7.04,0.402,212.5,16.43,NA,7.28,8.3,6.545,0.4,NA,NA,4.07,6.68,7.35,5.806,0.197,195.6,17.9,0,11.3,4.9,-176.7139089,-3.084239544,23,11.41666667
24/03/2007,27.22519,5.48,8.11,8.88,7.59,0,210.1,14.24,NA,7.64,8.64,7.13,0,NA,NA,4.42,6.8,7.35,6.241,0,175.7,15.88,0,10.8,5.5,-166.3024882,-2.902525973,25,12.91666667
25/03/2007,27.22793,2.63,8.44,10.33,6.74,0,199.4,9.83,0.88,7.79,9.89,5.575,0,172,5.945,2.18,7.08,8.5,4.701,0,178.5,12.02,0,10.9,2.4,112.5006921,1.963507487,12,4.869565217
26/03/2007,27.23066,3.96,7.78,8.75,7.01,0,204,11.69,3.11,7.14,8.07,5.709,0,159.6,9.54,3.99,6.62,7.08,4.634,0,172.2,14.31,0.4,11.7,1.7,148.0143512,2.583337768,15,4.416666667
27/03/2007,27.23340,2.85,8.52,10.07,7.76,0,205.2,9.47,1.94,7.94,9.43,7.03,0,145.6,6.468,2.36,7.27,8.5,6.677,0,171.9,9.08,0,13.2,2.9,139.9641426,2.442835122,12,4.125
28/03/2007,27.23614,2.16,6.05,8.62,3.595,1.809,355.4,11.69,2.8,5.6,8.1,3.567,1.4,332.7,10.71,2.85,5.28,8.44,2.807,2.364,327,16.63,0.4,8.8,1.3,-89.73406451,-1.566154877,23,6.375
29/03/2007,27.23888,3.58,6.11,8.12,3.696,1.005,22.64,17.08,3.57,5.59,7.33,3.4,0.2,241.9,15.48,3.54,5.42,7.38,2.405,0.591,285.8,13.92,0.4,9.5,-0.8,-6.719803553,-0.117282697,26,13.91666667
30/03/2007,27.24162,4.18,7.13,8.42,6.343,0,47.43,13.07,3.27,6.61,8.14,5.842,0,279.8,15.55,3.36,6.42,7.93,5.672,0,261,13.26,0,8.5,6.8,43.73924064,0.763393761,28,16.5
31/03/2007,27.24435,1.99,7.63,9.76,5.945,0,34.28,5.88,2.2,7.19,9.46,5.642,0,20.16,6.762,2.15,NA,NA,NA,0,25.57,6.991,0,10.5,1.1,24.8236346,0.433254156,12,4.916666667
01/04/2007,27.24709,1,8.28,10.46,5.712,0,37.76,4.769,1.35,7.78,10.26,5.474,0,350.3,5.455,1.22,NA,NA,NA,0,330.6,5.651,0,10.3,0.8,14.28601554,0.249338008,10,5.416666667
02/04/2007,27.24983,2.45,8.88,10.4,7.75,0,19.56,12.64,2.3,8.25,9.34,6.964,0.2,338.1,12.67,2.27,NA,NA,NA,0,328.4,11.66,0.4,11.9,5.8,-42.67650519,-0.744845529,19,7.708333333
03/04/2007,27.25257,2.77,8.22,9.9,6.998,0,49.48,11.76,2.42,7.61,9.56,6.475,0,6.413,9.87,2.37,NA,NA,NA,0,345.1,9.31,0,11.9,3.7,5.89869032,0.102951568,18,8.25
04/04/2007,27.25530,2.83,8.61,13.7,7.09,0.603,235.3,10.65,3.73,8.36,12.76,6.797,0.2,283.6,11.99,4.06,NA,NA,NA,0,323.1,10,0.8,15.7,6.3,-91.65762578,-1.599727354,21,9.958333333
05/04/2007,27.25804,2.53,8.42,9.61,7.42,0.603,43.3,10,3.79,7.94,8.87,6.861,0.8,286.4,15.29,3.46,NA,NA,NA,0.788,331.6,12.38,0.4,10.6,7.4,-102.3539473,-1.786413383,26,11.25
06/04/2007,27.26078,1.98,9.31,10.96,8.45,0,59.7,8.13,3.4,8.71,9.63,8.07,0,38.17,14.28,2.9,NA,NA,NA,0,328.9,13.1,3.2,11.7,6.5,-91.60894583,-1.598877729,24,10.375
07/04/2007,27.26352,2.54,9.27,11.02,7.83,0,85,11.69,2.57,8.9,10.49,7.97,0,251.9,12.97,2.8,NA,NA,NA,0,324,20.32,0,13.5,4.8,-121.2538152,-2.116278306,25,11.91666667
08/04/2007,27.26626,4.48,9.35,10.5,8.22,0.603,57.81,17.67,3.93,9.08,10.06,7.9,1.6,327.5,18.62,5.01,NA,NA,NA,0.985,331.1,19.27,1.2,12.4,8.1,-112.1387957,-1.957191203,39,19.66666667
09/04/2007,27.26899,3.32,9.12,10.24,7.82,1.005,71.7,14.47,3.93,8.89,9.67,7.5,2.6,310.7,22.44,3.93,NA,NA,NA,1.773,318.7,16.07,2.4,12,7.5,NA,NA,37,NA
10/04/2007,27.27173,3.35,9.27,9.78,8.81,0.201,58.78,12.15,2.86,9.06,9.41,8.54,0.2,327.4,13.69,3.92,NA,NA,NA,0,261.7,13.49,1.4,11.3,7.8,NA,NA,35,NA
11/04/2007,27.27447,3.95,9.55,10.4,9.05,0,162.2,11.83,3.44,9.34,10,8.84,0.2,279.1,16.24,4.17,9.44,10.38,9.01,0.197,159.7,17.08,0.2,14.2,9.7,-130.083793,-2.270390491,28,13.83333333
12/04/2007,27.27721,7.14,9.57,10.8,8.55,0,208.7,14.8,5.97,9.28,10.49,8.44,0,102.6,19.5,3.14,9.38,10.38,8.52,0,193.3,10.49,0,14.4,9,-163.3465581,-2.850935261,35,14.83333333
13/04/2007,27.27995,5.13,10.02,11.45,8.91,0,210.3,12.22,3.78,9.85,11.72,8.5,0,140.3,11.43,2.78,9.76,11.1,8.72,0,186.8,11.04,0,16.5,7.2,-177.5048664,-3.098044358,21,8.541666667
14/04/2007,27.28268,5.01,10.08,11.49,9.41,0,205.9,14.11,3.57,9.64,11.37,8.93,0.6,117.8,19.6,2.58,9.84,11.31,9.15,0,177.4,12.05,0,14.6,8.1,174.480943,3.045266938,26,8.625
15/04/2007,27.28542,4.9,9.47,11.33,8.12,5.226,182.8,14.63,4.45,9.13,10.97,7.8,5.4,72.7,19.7,3.1,9.41,11.38,8.12,4.728,229.4,11.66,4,14.1,6.5,-150.3523539,-2.624143614,31,13.375
16/04/2007,27.28816,3.45,8.3,9.83,6.866,1.407,78.1,14.93,2.6,7.84,9.86,6.202,1.6,349.6,12.87,3.57,7.94,9.51,6.442,1.576,260.2,14.31,4.2,11.9,5.3,-119.1273311,-2.079164157,34,13.375
17/04/2007,27.29090,2.59,7.85,9.73,6.269,1.608,26.23,11.17,3.89,7.18,9,5.931,2.8,33.04,15.48,3.68,7.41,9.28,6.141,3.546,336.2,14.67,7,10.7,4.2,-88.17734159,-1.538984936,29,11.83333333
18/04/2007,27.29363,3.69,8.94,10.93,6.7,3.216,70.9,18,3.45,8.5,10.13,6.403,4.4,312.3,18.23,4.38,8.65,9.98,6.275,3.546,309,18.62,7.6,12.8,4.9,-117.4095259,-2.0491828,38,16.29166667
19/04/2007,27.29637,3.3,6.92,9.44,4.256,2.814,49.5,11.47,3.43,6.38,9.14,3.366,2.8,183.4,16.59,3.42,6.66,9.32,4.046,2.364,249.7,14.96,13.2,9.6,4.1,-10.60100702,-0.185022477,33,13.875
20/04/2007,27.29911,3.74,7.06,9.71,4.222,0.603,137.6,13.07,3.18,6.48,9.41,3.4,0.8,128.8,11.17,3.3,6.58,9.42,3.845,0.394,168.6,13.49,2.4,10,2.5,120.5184008,2.103442904,18,10
21/04/2007,27.30185,5.41,9.61,9.91,9.18,6.03,197.7,16.07,4,9.43,9.93,8.7,6.4,103,22.28,3.72,9.41,9.78,8.91,4.728,170.7,13.3,11,11,8.2,-166.6662044,-2.908874018,34,15.16666667
22/04/2007,27.30459,3.72,9.4,9.88,8.58,4.02,191.8,9.41,2.71,9.59,10,8.97,6,40.04,13.59,2.98,9.31,9.74,8.88,3.94,163.8,13.46,5.4,11.3,9.8,-171.7194502,-2.997069796,25,13.16666667
23/04/2007,27.30732,6.47,9.51,10.07,8.35,8.84,206.3,18.65,5.16,9.86,10.43,8.6,6.6,129.5,20.91,4.43,9.56,10.21,8.64,6.107,178,18.52,7.2,12.4,9.3,179.2512781,3.128524991,33,14.20833333
24/04/2007,27.31006,3.52,9.19,11.19,7.82,0,196.3,12.94,2.81,9.57,11.16,8.2,0.2,116.7,14.24,2.82,9.37,10.64,8.07,0,171.4,15.55,1.8,13.2,9.6,-178.3949391,-3.113579057,32,11.58333333
25/04/2007,27.31280,2.33,7.62,8.71,6.7,11.06,24.02,10.52,2.93,8.09,9,7.14,11.4,342.2,15.48,3,7.99,9.18,6.844,10.05,345.1,12.28,33.8,12.6,8.2,-120.5438767,-2.103887541,26,10.04166667
26/04/2007,27.31554,4.25,9.13,11.02,6.899,0,200.9,9.73,3.8,9.1,10.83,7.17,0,107.5,14.86,2.29,9.33,11.03,7.38,0,196.3,7.81,0,13.6,3.7,-150.7085627,-2.630360631,22,9.083333333
27/04/2007,27.31828,2.54,9.6,11.62,7.82,0,133.2,7.77,2.23,9.54,11.41,7.8,0,89.7,7.97,2.18,9.59,11.72,8.08,0,177.5,7.38,0,14,1.9,37.93515247,0.662093313,17,5.625
28/04/2007,27.32101,2.14,11.11,12.96,9.48,0,45.24,9.02,2.21,11.29,13.18,9.07,0,106.4,8.2,1.51,11.47,13.92,9.02,0,113.4,7.64,0,14.8,6.7,57.77281362,1.008325816,17,6.166666667
29/04/2007,27.32375,1.66,11.68,12.89,10.37,0,39.38,5.913,1.8,11.53,12.92,9.84,0,118,6.991,1.47,11.35,13.17,9.62,0,97.3,5.259,0,15.7,7.8,83.74486845,1.461623686,21,8.916666667
30/04/2007,27.32649,1.82,12.47,14.32,10.8,0,51.76,8.53,1.97,12.3,16.12,9.94,0,73.1,7.68,1.69,11.95,14.97,8.91,0,0.278,9.51,0,16.5,5.2,74.69917281,1.303746514,21,6.541666667
01/05/2007,27.32923,1.85,12.19,14.35,10.24,0,57.32,7.09,2.36,11.94,13.98,9.51,0,73.9,7.15,1.99,11.47,14.34,9.25,0,83.7,7.12,0,15.9,5.6,70.99687655,1.239129254,16,5.708333333
02/05/2007,27.33196,1.06,12.93,15.71,9.84,0,259.8,5.227,2.17,13.63,16.7,10.6,0,13.97,6.011,1.75,11.79,15.04,7.48,0,74.1,6.435,0,15.7,5.9,93.28162572,1.6280715,12,5.25
03/05/2007,27.33470,3.48,10.24,12.45,8.75,0,38.69,12.97,5.42,9.62,12.07,8.4,0,353.6,12.18,4.6,9.61,12.92,8.14,0,29.86,11.99,0.4,10.9,5.8,15.17742612,0.264896058,22,11.25
04/05/2007,27.33744,3.56,8.85,10.4,7.92,0,64.21,9.57,2.74,8.51,9.8,7.57,0,199,10.36,2.77,8.64,9.94,7.88,0,224,11.96,0.4,9.4,8,44.57908258,0.778051768,21,14.33333333
05/05/2007,27.34018,5.24,9.48,10.74,7.33,10.65,206.7,22.54,4.36,9.13,10.74,6.665,8.2,129,23.85,3.14,9.18,10.85,5.672,8.47,197.6,19.34,13.4,13.3,7.9,NA,NA,35,NA
06/05/2007,27.34292,6.25,9.2,10.7,7.82,6.231,76.1,25.35,5.39,8.83,10.59,7.63,8.2,344.6,30.8,5.86,9.06,10.64,7.75,6.304,278.6,31.29,19.6,11.7,8.2,-116.6578491,-2.036063566,51,27.20833333
07/05/2007,27.34565,2.26,9.42,11.38,7.92,0.804,85.7,12.32,2.09,9.01,10.79,7.57,1,256.3,11.2,2.29,9.17,11.31,7.78,1.182,304.4,11.92,11.4,12.1,6.4,-95.42364458,-1.665456782,27,10.70833333
08/05/2007,27.34839,1.95,9.37,11.82,7.29,0,22.67,8.79,1.89,8.7,10.63,6.831,0,335.7,7.94,2.24,8.83,11.28,6.71,0.394,332.5,9.34,30.6,12.5,4.9,-55.97282701,-0.976910123,18,5.75
09/05/2007,27.35113,3.08,9.83,12.44,8.05,0.603,153,11.27,2.74,9.15,11.22,7.4,1.8,142.8,15.65,2.35,9.29,11.18,7.21,0.985,184.7,9.7,4.2,12.4,7.2,123.4852557,2.155224289,18,7.833333333
10/05/2007,27.35387,5.65,7.6,9.21,6.041,0.804,56.86,19.89,4.85,7.15,8.74,5.708,1.4,264.2,23.78,4.6,7.35,8.98,5.773,1.182,245.4,18.16,8,9.3,6.8,52.08108227,0.908986364,39,23
11/05/2007,27.35661,3.91,6.62,8.22,5.646,0.603,51.39,11.43,3.03,6.13,7.87,4.422,0.8,269.1,13.1,3.17,6.26,7.71,5.337,0.394,251.3,11.01,2.4,9.2,4.6,41.7510815,0.728693838,23,13.70833333
12/05/2007,27.35934,2.71,7.32,9.64,5.114,0.402,30.91,10.06,2.57,6.75,8.82,5.406,0.2,262,12.87,2.37,6.87,9.04,4.537,0.394,306,14.24,0.8,9.6,5.9,32.79232106,0.572333972,22,13.125
13/05/2007,27.36208,2.12,7.79,9.9,5.381,0,12.18,6.697,2.28,7.36,9.49,5.24,0,0.321,8,1.94,7.44,9.54,5.419,0.394,5.7,7.97,0,11.6,1.1,-8.884415294,-0.155062299,18,6.083333333
14/05/2007,27.36482,1.62,7.64,9.9,5.978,1.206,18.59,6.37,1.77,7.18,9.31,5.441,1.2,340.9,7.81,1.59,7.16,9.32,5.081,1.773,353.3,7.35,9.2,9.8,2.5,-69.5338033,-1.213593809,18,5.375
15/05/2007,27.36756,1.65,8.36,10.09,6.077,0.201,74.9,5.553,1.59,7.8,9.66,6.143,0,140.7,6.729,1.55,8.01,9.97,5.706,0,151,6.729,0.4,11.3,2.8,-41.03690689,-0.71622914,22,6.416666667
16/05/2007,27.37029,2.11,8.99,10.8,6.608,3.216,128.8,12.12,2.31,8.36,10.03,5.837,5,180.9,10.78,2.81,8.71,10.54,6.543,4.334,218.2,11.92,11.6,11.1,3.8,171.0847973,2.985993013,21,7.958333333
17/05/2007,27.37303,3.2,9.8,11.16,8.62,1.407,167.7,14.63,2.79,9.64,10.96,8.27,2.2,197.6,17.41,2.9,9.7,11.41,8.42,1.773,189.2,17.93,1.6,13.9,6.3,-150.4530824,-2.625901657,28,9.958333333
18/05/2007,27.37577,8.5,9.17,10.43,7.22,10.25,187.2,22.47,7.05,9.02,10.16,7.13,10.6,134.8,27.86,5.67,9.2,10.14,7.2,8.86,201.3,21.17,9.4,12.8,7.9,-157.6417459,-2.751367505,43,22.41666667
19/05/2007,27.37851,3.84,9.19,11.16,7.82,5.628,61.29,15.22,4.19,8.85,10.14,7.77,6,337.1,25.68,4.49,9.1,10.55,7.85,5.319,328.1,23.91,8.2,12.3,7.5,-114.1114037,-1.991619709,34,18.66666667
20/05/2007,27.38125,2.6,9.46,11.55,8.01,2.412,106.5,9.57,2.31,9.06,11.33,7.67,3.8,243.5,9.9,2.59,9.27,11.41,7.8,3.349,217.6,11.14,1.6,14.1,7.4,-134.403224,-2.345778785,27,NA
21/05/2007,27.38398,6.55,8.98,10.83,7.23,9.05,172.2,21.72,5.64,8.51,10.07,6.731,10.6,96.8,26.92,4.61,8.74,10.18,6.978,7.29,200.3,18.69,15.6,13.6,5.4,-153.003764,-2.670419449,45,18.16666667
22/05/2007,27.38672,4.34,8.76,10.51,6.074,1.809,96.8,18.52,3.21,8.35,10.07,5.805,2,261.1,15.03,4.04,8.5,9.94,5.907,1.773,252.1,17.84,9.8,12.6,5.3,-119.8477414,-2.091737688,43,16.5
23/05/2007,27.38946,3.68,9.81,10.99,8.88,0.603,85,13.1,3.14,9.61,10.63,8.44,1,238.5,14.08,3.51,9.78,10.78,8.59,0.591,268.1,16.37,1.4,14.1,8.2,-124.6881149,-2.176218143,33,16.16666667
24/05/2007,27.39220,2.99,8.76,10.44,6.997,5.829,76.8,11.89,3.05,8.57,9.57,6.697,8.6,304.5,18,2.98,8.81,10.34,6.777,8.47,331.5,14.7,13.4,12.6,8.1,-117.1363283,-2.044414602,31,11.29166667
25/05/2007,27.39493,3.32,7.61,9.51,5.812,2.412,59.7,13.98,3.13,7.18,9.44,5.307,3.4,334,17.93,3.38,7.36,9.81,5.572,4.334,317.9,17.22,6.2,11.7,5.3,NA,NA,34,NA
26/05/2007,27.39767,2.03,7.28,9.8,4.651,0.603,17.35,9.47,2.56,6.68,8.8,4.939,0.6,356.3,13.52,2.38,6.95,9.31,4.672,0.591,336.5,11.43,4,11.7,3.2,-96.56169342,-1.685319481,26,8.791666667
27/05/2007,27.40041,2.81,8,10.33,5.598,0.402,34.44,12.35,2.79,7.42,9.19,5.091,0.4,178.4,13.13,2.84,7.59,9.37,5.404,0.197,321.3,15.09,0,11.8,1.4,-16.4858754,-0.287732806,24,9.291666667
28/05/2007,27.40315,3.43,8.23,10.49,6.343,0.201,38.74,12.38,3.16,7.67,9.89,5.87,0,119.4,14.41,3.09,7.8,10.18,6.308,0.197,297.8,15.65,0.4,11,4.2,16.72323289,0.291875475,29,14.20833333
29/05/2007,27.40589,3.65,8.13,9.08,6.831,4.422,35.84,13.26,3.29,7.59,8.64,6.265,5.6,120.6,12.28,3.64,7.82,8.75,6.576,4.925,306,15.19,14,10.5,7.1,14.10877359,0.246244553,24,14.625
30/05/2007,27.40862,3.15,8.93,9.74,8.58,33.97,79,14.28,2.47,8.72,9.44,8.34,42,209,17.48,2.23,8.85,9.68,8.48,38.22,247.6,11.6,86.2,10.9,9.3,32.84753391,0.573297618,44,12.83333333
31/05/2007,27.41136,3.2,10.56,12.25,8.48,1.206,125.5,16.63,3.65,10.39,12.76,8.27,1,123.1,14.18,3.44,10.61,12.3,8.72,1.182,165,15.78,2.2,17.9,9.1,NA,NA,NA,NA
01/06/2007,27.41410,2.19,12.26,13.57,10.87,0,103,13.2,2.63,11.78,13.35,10.24,0,112.8,11.2,1.56,11.94,13.84,10.08,0,176.4,8.04,0,19.7,7.2,NA,NA,15,NA
02/06/2007,27.41684,5.39,11.08,12.45,9.94,15.28,181.7,19.6,5.59,10.98,11.96,10.03,12.8,130,17.64,6.14,10.97,11.82,10.11,12.02,170.5,19.53,10.8,14.9,12.5,158.259409,2.76214776,28,14.875
03/06/2007,27.41958,2.18,10.36,11.91,9.35,0,165.9,10.13,2.22,10.88,12.52,9.3,0,227,11.92,1.87,11.02,12.4,9.25,0.394,220.9,9.77,4,15,11,-119.1585545,-2.079709107,20,7.25
04/06/2007,27.42231,2.65,10.63,12.21,8.42,0,40.29,13.1,2.81,10.68,12.72,8.64,0,13.06,7.64,2.24,10.65,12.33,8.28,0,20.84,7.94,0.4,13.7,6.5,16.49958319,0.287972052,23,9
05/06/2007,27.42505,3.67,11.04,13.14,9.05,0,53.71,8.82,3.57,11.25,13.45,9.07,0,44.57,8.4,3.45,10.9,12.52,9.32,0,36.59,8.3,0,13,9.1,51.66196101,0.901671318,23,15.16666667
06/06/2007,27.42779,2.24,10.98,12.93,9.48,0,55.76,5.227,2.35,11.31,13.99,9.47,0,76.5,6.239,2.96,10.98,13.71,9.58,0,40.51,6.076,0,13.1,9.6,51.19269555,0.89348109,17,9.583333333
07/06/2007,27.43053,3.12,9.84,11.58,8.48,0,48.64,7.32,3.62,9.75,11.29,8.6,0,29.81,11.69,3.22,9.89,11.71,8.65,0,33.18,9.54,0,12.9,9.1,37.09252167,0.647386631,21,11.375
08/06/2007,27.43326,1.7,11.7,15.21,9.05,0,81.1,7.19,1.9,12.89,16.81,9.14,0,89.8,9.83,2.19,11.63,15.67,9.35,0,117.1,8.75,0,16.5,10.9,43.32956306,0.756243539,15,8.875
09/06/2007,27.43600,2.11,13.69,17.23,10.34,0,49.8,9.54,2.89,15.75,19.54,11.93,0,43.96,11.07,2.93,12.48,16.85,9.02,0,50.76,8.75,0,14.5,11.2,37.26860582,0.650459879,25,11.04166667
10/06/2007,27.43874,4.15,11.38,13.93,9.61,0,52.77,9.41,5.45,14.29,18.77,11.14,0,44.47,11.96,6.34,11.19,15.14,9.44,0,45.15,12.41,0,14.3,10.2,37.93596433,0.662107483,21,13.70833333
11/06/2007,27.44148,2.97,13.54,15.74,11.65,0,42.55,9.31,3.58,15.36,18.95,12.66,0,44.65,10,4.75,13.5,16.99,11.98,0.197,48.57,11.3,0,15.2,12.5,40.4768705,0.706454661,24,13.14285714
12/06/2007,27.44422,5.93,10.76,13.31,8.68,0.201,48.06,18.16,4.3,10.86,14.73,8.57,0.2,20.55,19.31,4.03,10.8,13.15,8.68,0.197,352,17.15,0.4,13.1,10,NA,NA,30,NA
13/06/2007,27.44695,4.34,9.26,10.79,8.38,0,57.49,16.04,3.8,8.92,10.86,7.9,0,281.8,15.39,3.6,9.17,10.61,8.25,0,263.3,13.79,0,11.7,8.7,NA,NA,29,NA
14/06/2007,27.44969,6.16,9.95,11.45,8.35,0,54.44,13.46,4.35,9.61,11.83,7.93,0,192.6,16.86,4.44,9.69,11.38,8.22,0,203,13.1,0,12.7,7.9,64.40803095,1.124132205,27,16.75
15/06/2007,27.45243,5.8,11.15,13.11,9.61,0,59.95,14.99,3.65,10.81,13.26,9.34,0,175.3,17.67,3.64,10.86,12.94,9.42,0,223.6,10.85,0,14.9,8.5,72.90294969,1.272396506,28,17.875
16/06/2007,27.45517,6.58,10.27,11.12,9.28,0,60.57,11.2,4.4,9.84,10.63,8.8,0,179.8,15.78,4.32,10.09,10.78,9.22,0,197.9,13.75,0,11.7,9,59.55263354,1.039389533,30,18.33333333
17/06/2007,27.45791,4.39,10.74,12.81,10.04,0,56.3,12.05,2.73,10.36,11.83,9.7,0,175.3,12.81,2.84,10.57,11.68,9.94,0,219.2,10.13,0,12.3,10.4,49.98729159,0.872442822,22,15.625
18/06/2007,27.46064,3.24,12.09,14.45,10.11,0,55.97,10.55,3.03,12.14,15.01,9.87,0,42.66,8.56,2.8,11.82,14.68,10.08,0,31.74,9.11,0,16.7,7.4,37.93730562,0.662130892,19,9.625
19/06/2007,27.46338,2.55,13.69,15.33,11.76,0,55.74,9.9,2.59,14.1,15.98,12.43,0,70.4,7.81,2.58,13.9,15.71,11.82,0,74.1,8.13,0,17.8,10.6,64.89388257,1.132611915,25,9.416666667
20/06/2007,27.46612,5.92,12.23,14.63,11.06,0.402,44.15,17.87,3.23,11.74,13.96,10.87,0.8,165.6,14.6,3.66,11.99,14.09,11.11,0.591,294,13.52,3.2,14.6,11.5,55.32161211,0.965544279,30,18.95833333
21/06/2007,27.46886,4.18,10.87,11.88,10.23,0.603,45.87,9.93,3.26,10.96,11.63,10.46,0.8,34.22,10.71,3.94,11.05,11.95,10.28,0.985,24.09,13.75,0.6,14.9,10.8,39.00425664,0.680752701,20,9.458333333
22/06/2007,27.47159,3.41,10.58,11.65,9.8,0.201,33.42,11.92,2.17,11.03,11.82,10.26,0.4,26.55,10.32,2.74,11.05,11.82,10.38,0.591,344.8,10.36,3,15.1,11.7,35.11470174,0.612867161,24,12.33333333
23/06/2007,27.47433,2.19,9.4,11.05,8.02,3.417,39.86,11.5,2.06,9.68,11.2,8.47,5.6,19.34,10.19,2.39,9.86,10.98,8.61,4.137,299,12.18,4.4,12.8,9.9,32.13019183,0.560777637,20,8.333333333
24/06/2007,27.47707,4.03,10.25,11.55,9.01,1.206,42.55,16.04,4.22,10.05,10.83,9.21,1.8,282,17.64,3.85,10.34,11.38,9.32,1.773,267.5,16.04,0.6,13.3,10.5,38.32314917,0.668865133,28,19.79166667
25/06/2007,27.47981,4.64,9.61,11.55,8.65,0,38.41,15.94,3.91,9.29,11.2,8.34,0,120.3,16.86,4.42,9.4,10.58,8.68,0,344.3,18.88,0.6,12.9,8.7,9.159274741,0.159859501,30,18.875
26/06/2007,27.48255,2.43,9.55,11.43,8.29,2.814,33.09,12.48,2.05,9.17,11,7.83,3.4,120.2,12.09,2.22,9.39,10.74,8.12,3.349,250.1,13,0,14.6,5.4,12.34238669,0.215415285,19,8.208333333
27/06/2007,27.48528,2.22,8.93,11.78,6.998,11.46,3.951,12.77,4.08,8.29,10.23,6.262,10.6,347.2,16.3,4.36,8.58,10.88,6.677,10.64,329.7,14.73,6,11.9,5.8,-54.45115746,-0.950351979,NA,9.791666667
28/06/2007,27.48802,1.59,9.43,11.92,7.89,10.05,47.71,7.51,2.06,9.04,11.1,7.57,12.6,118.9,10.75,1.81,9.34,11.08,7.75,9.85,300,9.77,18,12.4,7.6,-167.253468,-2.919123702,18,6.458333333
29/06/2007,27.49076,2,11.22,13.74,9.51,0,42.23,8.23,1.8,10.66,13.02,9.03,0,347.9,6.501,2.05,10.92,13.61,8.15,0,352.7,10,16,15.5,5.9,-2.404701327,-0.041969956,20,9.166666667
30/06/2007,27.49350,4.19,11.32,12.32,9.94,2.412,76.6,9.9,3.3,10.92,12.1,9.04,4,90.6,11.01,3.36,11.11,12.28,8.22,3.349,146.9,13.65,2.4,15.5,6.1,63.68977742,1.111596316,18,7.875
01/07/2007,27.49624,3.74,13.14,16.64,11.66,10.65,50.79,10.09,3.24,13.09,16.22,11.26,12,66.23,11.5,3.02,13.26,16.31,11.55,10.64,38.32,12.9,4,16.6,11.8,62.58785751,1.092364185,25,10.25
02/07/2007,27.49897,4.61,11.39,11.79,10.93,33.77,206,15.42,4.05,11.48,11.8,11.03,38,149.8,16.89,3.32,11.62,11.98,11.25,36.44,196.5,12.15,37.6,14.5,12.7,149.705525,2.61285432,20,10.79166667
03/07/2007,27.50171,1.64,11.16,12.25,10.5,1.206,156.8,9.54,1.78,12.09,12.9,11.33,2.2,123.7,7.64,2.08,12.21,13.32,11.35,1.773,155.8,11.2,0,18.2,12,138.7853514,2.422261336,14,7
04/07/2007,27.50445,1.72,10.59,12.24,9.1,0,29.59,7.22,2.53,11.79,13.17,10.53,0,357.3,9.41,2.56,12.09,14.68,10.48,0,5.149,9.8,0,16.6,12.2,-17.12821753,-0.298943791,18,8.375
05/07/2007,27.50719,1.3,10.76,11.98,9.8,1.809,116.3,5.194,1.5,11.94,12.87,11.23,3.8,108,5.717,1.36,12.04,13.17,11.31,2.561,192.4,4.933,0.2,16.4,10.3,179.8785018,3.13947211,18,6.541666667
06/07/2007,27.50992,1.42,11.88,13.79,10.6,2.211,5.015,7.48,2.54,12.31,13.89,11.4,3,355.3,8,3.12,12.73,15.14,11.65,2.758,351.1,9.96,1.4,16.9,12.8,3.097745344,0.054065856,17,10.20833333
07/07/2007,27.51266,1.87,11.72,12.91,10.83,1.005,15.59,11.34,3.64,11.91,13.09,11.03,1.8,37.65,13.62,3.25,12.22,13.81,11.28,1.773,335.5,13.49,7.6,15.1,12,-73.77420889,-1.287602848,23,11.08333333
08/07/2007,27.51540,3.48,11.22,12.21,9.98,5.226,70.8,15.71,3.55,11.19,12.06,9.97,9.4,312.1,16.76,3.91,11.47,12.35,10.18,6.895,312.2,17.22,21.6,13.4,10.7,-109.2764907,-1.907234558,26,13.45833333
09/07/2007,27.51814,2.32,11.54,15.14,9.84,0.804,39.62,9.9,2.35,11.5,14.96,9.83,1.2,32.9,9.34,2.62,11.75,15.21,10.01,1.379,335,13.79,0,19.6,10.7,-143.8048996,-2.509868979,20,10.16666667
10/07/2007,27.52088,1.64,11,12.41,9.71,0.402,28.21,9.34,3.56,10.76,11.93,9.6,0.6,351.9,13.85,4.08,11.1,13.09,9.81,0.394,336.8,11.47,0,13.5,10.7,NA,NA,NA,NA
11/07/2007,27.52361,1.3,11.21,13.24,9.84,1.407,197.9,6.403,1.69,11.04,12.73,9.73,1.4,332,6.664,1.77,11.31,13.05,10.05,1.182,266.6,8.04,0,15.6,10.7,-53.70074517,-0.937254814,20,9.041666667
12/07/2007,27.52635,2.04,12.07,13.34,11.19,2.01,136,8.62,2.09,12.1,13.4,10.93,3,150.6,12.22,2.44,12.3,13.76,11.31,1.773,179.8,12.18,1,15,10.5,-144.9858119,-2.530479787,19,6
13/07/2007,27.52909,1.33,12.61,15.28,11.58,0,130.2,6.435,1.73,12.94,15.42,12,0,212.5,7.02,1.8,13.04,15.18,12.12,0,187.8,7.19,7.4,16.4,12.2,NA,NA,17,NA
14/07/2007,27.53183,1.38,11.6,12.48,10.8,6.231,5.486,6.664,2.18,11.82,12.57,10.83,7.8,339.2,7.91,2.52,12.07,12.85,11.08,7.29,340.3,9.08,24.4,15.1,12.3,5.139857986,0.089707445,17,8.375
15/07/2007,27.53457,1.54,12.9,14.75,11.33,0,95.4,10.09,1.54,13.06,15.56,11.8,0.2,112.1,10.06,1.33,13.28,15.21,11.41,0,187.5,8.23,5.2,16.6,10.8,56.7712327,0.990844931,19,6
16/07/2007,27.53730,5.58,12.28,14.67,10.97,6.231,49.01,17.8,3.26,12.3,14.99,11.06,11.2,263.3,15.75,3.8,12.47,14.88,11.18,10.05,276.4,15.52,11.2,16.1,12,55.81309624,0.974122295,32,16.5
17/07/2007,27.54004,5.67,11.73,12.35,11.3,4.422,57.12,15.39,3.65,11.86,12.5,11.33,10.4,206.2,15.29,3.59,12.08,12.59,11.51,9.06,226.6,14.11,1.2,14.5,12.3,47.0909067,0.82189137,25,12.5
18/07/2007,27.54278,3.34,11.22,12.81,10.14,0.201,43.09,11.04,2.78,11.32,12.89,9.97,1.2,271.2,11.4,2.66,11.54,13.12,10.24,0.591,271.8,10.68,0,13.7,10.3,30.09005052,0.525170454,20,12.95833333
19/07/2007,27.54552,3.84,11.03,12.21,9.91,0.201,54.51,13.43,3.06,10.77,12.16,9.53,0,262.2,14.47,3,11.01,12.41,9.84,0,256.8,11.83,0,13.6,8.9,42.06470048,0.734167522,27,15.66666667
20/07/2007,27.54825,3.74,12.21,14.07,10.51,0,55.12,10.98,2.6,11.87,13.86,10.21,0,50.42,10.98,2.48,12.17,14.21,10.48,0.197,22.44,8.75,0,14.8,10.9,57.06911033,0.996043876,24,13.54166667
21/07/2007,27.55099,4.61,11.84,13.44,10.69,0,58.08,13,2.71,11.59,13.69,10.39,0,165.6,10.52,2.79,11.78,13.51,10.58,0.197,216.9,10.09,0,14.8,10.5,62.93088967,1.098351226,22,12.83333333
22/07/2007,27.55373,2.79,11.98,13.41,11.06,0,48.72,8,2.11,11.57,13.09,10.69,0,158.3,8.49,2.2,11.79,13.4,10.88,0,229.9,9.41,0,15.1,11.3,19.56510597,0.341475518,15,8.666666667
23/07/2007,27.55647,2.89,12.2,14.7,10.6,0.804,32.03,8.4,2.59,11.69,13.43,10.23,0.8,71,10.88,2.88,12.06,14.68,10.51,0.788,4.512,12.67,7.2,17.1,12,18.52178039,0.323266051,20,8.041666667
24/07/2007,27.55921,1.99,12.55,14.35,9.71,2.01,80.1,6.599,2.2,12.34,14.39,9.87,2.8,93.9,6.991,2.16,12.56,14.54,9.61,2.955,116.6,8.53,0,17,11.9,32.35175614,0.564644663,13,7.416666667
25/07/2007,27.56194,4.11,13.08,15.45,11.16,2.613,178.9,11.07,3.82,12.9,15.86,10.99,4.6,133.4,12.64,3.76,13.1,15.11,11.35,4.334,173.7,12.51,11,18.3,11.8,146.4375566,2.55581751,27,10.29166667
26/07/2007,27.56468,1.86,13.06,15.51,11.33,6.633,147.9,8.46,1.89,12.95,15.29,11.26,5.2,250.7,12.32,1.96,12.97,15.58,10.34,6.698,227.1,9.34,11.2,17.7,12.4,-175.4294728,-3.061821906,21,7.583333333
27/07/2007,27.56742,2.36,12.23,13.84,10.47,0.804,12.85,12.51,4.51,12,13.96,10.07,3,34.75,21.27,4.18,12.25,14.21,10.31,3.152,334.9,14.6,3.4,16.4,11,-94.35159965,-1.646746068,27,12.54166667
28/07/2007,27.57016,2.61,11.34,13.87,9.88,1.608,353.3,11.63,4.04,10.85,12.4,9.47,1.6,342.9,14.9,3.96,11.15,12.99,9.75,1.576,300.6,16.95,3.2,13.6,10.2,-41.53285817,-0.724885123,31,13.875
29/07/2007,27.57290,2.09,12.44,14.73,10.04,0.402,357.3,10.85,3.46,11.77,13.33,9.87,0.4,359.5,10.32,3.45,12.05,14.38,9.72,3.743,325.5,11.99,0.8,15.6,7.4,-42.01621803,-0.733321344,28,12.91666667
30/07/2007,27.57563,2.28,12.95,14.89,10.94,0.201,69.83,10.16,2.91,12.4,14.33,10.66,0,344.5,13.23,3.14,12.69,14.28,10.95,0.197,314.2,10.19,0.4,16.6,7.4,-63.64727111,-1.110854441,23,9.875
31/07/2007,27.57837,5.33,13.28,14.1,12.21,6.231,170.9,15.39,3.99,13.1,14.06,12.37,10.2,25.05,21.43,4.37,13.3,14.16,12.42,6.895,195.6,17.48,10.8,16,11.4,-145.4226256,-2.538103624,33,14.70833333
01/08/2007,27.58111,3.41,12.83,14.3,12.05,0.201,68.25,12.48,2.83,12.69,14.13,11.76,0.8,347.4,14.34,3.49,12.91,14.54,12.02,0.394,264,13.52,2,16.8,11.1,-113.3379739,-1.978120813,32,13.54166667
02/08/2007,27.58385,2.39,12.94,14.89,10.84,1.407,70.1,9.08,3.13,12.38,15.37,10.76,1.6,232.1,14.96,2.8,12.85,14.84,10.95,1.379,320.1,13.88,10.4,17.3,10.6,-90.61887307,-1.581597699,23,10.70833333
03/08/2007,27.58658,7.21,13.34,13.97,11.32,29.15,206,16.24,5.68,NA,NA,NA,29.4,115.1,22.31,3.94,13.77,14.32,12.69,24.43,192,19.04,23.4,16.2,9.4,-164.1731069,-2.865361259,42,19.08333333
04/08/2007,27.58932,7.41,12.57,13.7,10.89,2.814,190.7,18.78,5,NA,NA,NA,3.4,37.87,22.25,6.17,13.45,14.34,11.88,2.561,182,19.5,15.4,15.9,12.4,NA,NA,43,NA
05/08/2007,27.59206,2.56,12.9,15.28,11.16,0,158.2,14.7,2.44,NA,NA,NA,0,193.6,17.67,2.82,13.15,15.18,11.78,0.394,156.7,17.02,2,16.7,12.2,-154.8253823,-2.702212686,37,11.75
06/08/2007,27.59480,4.02,10.78,12.16,8.71,2.211,34.68,17.41,4.14,NA,NA,NA,2.2,128,23.81,4.37,10.98,12.45,8.72,2.364,332.1,21.92,74.8,13.4,9.8,9.188147325,0.160363423,36,19.125
07/08/2007,27.59754,2.34,12.3,14.27,10.61,0,18.15,13.3,4.87,NA,NA,NA,0,356.2,18.06,5.25,12.13,13.87,10.78,0.197,321.5,19.83,38.4,12.9,8.9,-41.54354865,-0.725071707,54,23.16666667
08/08/2007,27.60027,2.06,12.98,15.69,11.2,1.206,176.1,9.87,2,NA,NA,NA,1.2,180.8,7.19,2.05,12.82,14.98,9.85,1.182,189.1,10.55,0.4,17.1,6.4,-137.0296887,-2.391619241,16,6.625
09/08/2007,27.60301,4.11,12.99,14.07,12.25,2.01,168.4,14.83,4.14,NA,NA,NA,2.4,137,16.01,5.2,13,13.62,12.28,2.167,162.2,14.86,0,19.5,11.9,147.4479136,2.573451568,15,7.083333333
10/08/2007,27.60575,3.65,12.94,14.37,11.98,2.613,198.9,9.41,2.84,NA,NA,NA,2.8,150.5,10.85,2.63,13.36,14.71,12.59,1.97,185.9,11.86,4.8,17.8,12.9,-174.9834749,-3.054037774,21,9.416666667
11/08/2007,27.60849,2.35,12.28,14.46,10.85,3.618,179.3,9.15,2.18,NA,NA,NA,3.8,123.2,12.25,1.64,12.82,13.95,11.68,3.349,180,7.09,2.4,18.4,11.2,159.6974904,2.787247014,15,6.208333333
12/08/2007,27.61123,1.91,11.21,11.95,10.41,9.85,348.9,14.57,3.67,NA,NA,NA,11,342.9,23.29,3.57,11.97,12.59,11.11,9.26,338.9,15.52,12.4,17.1,12,-129.1007908,-2.253233866,28,10.875
13/08/2007,27.61396,2.94,10.39,11.14,9.68,25.73,0.978,14.41,5.09,NA,NA,NA,26.6,1.979,25.81,5.18,11.02,11.72,10.38,21.67,325.4,19.04,14.4,19.6,8.2,-100.1826006,-1.748516233,24,9.375
14/08/2007,27.61670,3.14,11.41,13.27,10.07,1.608,67.38,13.56,2.66,NA,NA,NA,2.4,223,12.18,3.06,11.81,13.64,10.44,2.364,351.1,14.47,0.4,16.3,NA,-144.4601849,-2.521305865,23,10.83333333
15/08/2007,27.61944,3.22,10.23,11.76,8.68,8.04,357.9,14.05,5.57,NA,NA,NA,7.4,334.8,21.36,5.68,10.46,11.65,8.85,5.122,284.1,20.35,3.4,NA,NA,-38.8467444,-0.678003594,30,15.04166667
16/08/2007,27.62218,1.97,11.01,12.58,9.21,2.211,28.45,17.74,5,NA,NA,NA,2,354.8,16.99,5.3,10.92,12.28,9.35,0.394,342.6,12.12,6.2,13.9,9.8,-54.98727534,-0.959709001,35,17.875
17/08/2007,27.62491,2.49,12.3,14.22,10.77,1.809,92,6.795,NA,NA,NA,NA,3,NA,NA,1.95,11.82,14.41,9.66,2.561,183.2,8.23,0.4,15.5,7.9,-118.6594049,-2.070997303,21,7.333333333
18/08/2007,27.62765,4.86,10.39,11.48,9.31,11.46,46.47,17.08,NA,NA,NA,NA,18.6,NA,NA,4.03,10.66,11.78,9.58,14.18,263.3,19.76,25.6,11.9,10.7,54.44542797,0.950251981,27,15.41666667
19/08/2007,27.63039,2.01,10.85,13.32,9.25,6.231,112.6,9.47,NA,NA,NA,NA,6.2,NA,NA,2.36,10.75,12.4,9.32,6.107,175.8,10.32,0,13.7,9.6,48.5442827,0.847257566,21,8.833333333
20/08/2007,27.63313,3.76,11.4,13.08,9.92,3.618,51.37,12.51,NA,NA,NA,NA,0,NA,NA,3.17,11.27,13,10.58,0.197,341.6,15.48,0,13.8,9.9,31.53285283,0.550352104,32,15.25
21/08/2007,27.63587,3.48,11.57,13.38,10.17,0,31.85,12.58,NA,NA,NA,NA,0.2,NA,NA,4.34,11.39,12.78,10.18,0,23.46,14.37,0,14.7,11.3,26.17911362,0.456911728,28,12.125
22/08/2007,27.63860,1.58,NA,NA,NA,0.201,153.9,6.958,NA,NA,NA,NA,0.2,NA,NA,1.49,11.58,14.11,9.48,0.394,294.3,7.45,0.4,16,9.8,152.2694766,2.657603717,11,3.5
23/08/2007,27.64134,1.79,NA,NA,NA,1.809,57.56,7.61,NA,NA,NA,NA,3.6,NA,NA,1.71,12.91,14.39,10.31,2.167,266.3,10.22,3.6,16.5,10.9,-169.3124047,-2.955058926,16,7.583333333
24/08/2007,27.64408,2.99,NA,NA,NA,0.402,153,16.59,NA,NA,NA,NA,0.8,NA,NA,3.18,12.7,14.22,9.99,0.591,242.4,18.26,0.4,17.1,10.8,-113.0673938,-1.973398299,32,11.08333333
25/08/2007,27.64682,2.86,NA,NA,NA,0.201,64.93,12.05,NA,NA,NA,NA,0.6,NA,NA,3.36,12.84,14.52,11.72,0.197,321.2,16.82,2.4,16,11.6,-103.9950992,-1.815056887,35,11.66666667
26/08/2007,27.64956,2.68,NA,NA,NA,0,48.08,9.15,NA,NA,NA,NA,0.2,NA,NA,3.53,12.73,14.61,11.82,0.591,337.9,13.23,1.6,14.9,11.1,-83.64890966,-1.459948889,26,13.41666667
27/08/2007,27.65229,1.78,NA,NA,NA,1.005,19.43,10.36,NA,NA,NA,NA,0.4,NA,NA,2.89,12.68,14.81,11.55,0.394,336,15.58,6.8,14.2,8.8,32.06130247,0.559575291,29,8.625
28/08/2007,27.65503,1.55,NA,NA,NA,0,2.514,6.566,NA,NA,NA,NA,0,NA,NA,2.64,12.49,14.44,11.05,0,317.2,11.11,0.8,14.9,6.5,-93.88521762,-1.638606166,20,7.666666667
29/08/2007,27.65777,2.32,NA,NA,NA,3.417,10.27,14.05,NA,NA,NA,NA,6,NA,NA,3.98,12.61,14.16,9.82,5.122,325,17.51,3,15,6.9,-95.99386317,-1.675408974,30,11.58333333
30/08/2007,27.66051,3,NA,NA,NA,1.407,36.66,13.3,NA,NA,NA,NA,2.8,NA,NA,4.64,13.26,14.18,12.65,2.561,333.3,21.76,8.8,15.9,12.9,NA,NA,31,NA
31/08/2007,27.66324,2.78,NA,NA,NA,1.005,21.87,12.61,NA,NA,NA,NA,1,NA,NA,4.33,12.7,14.08,11.82,0.985,330.1,17.84,2.6,15.2,11.7,-77.0594408,-1.344940962,31,14.45833333
01/09/2007,27.66598,3.4,NA,NA,NA,2.211,46.23,15.45,NA,NA,NA,NA,2.6,NA,NA,4.32,12.99,13.62,11.72,2.364,328.6,22.74,9.6,15.6,11.6,-108.0165464,-1.885244381,35,15.33333333
02/09/2007,27.66872,2.37,NA,NA,NA,0.402,16.08,11.2,NA,NA,NA,NA,1.2,NA,NA,3.18,12.03,13.97,10.64,0.788,322.2,12.09,0.4,15.6,9.8,-79.72155983,-1.391403704,27,10.91666667
03/09/2007,27.67146,2.22,NA,NA,NA,0,116.2,9.67,NA,NA,NA,NA,0,NA,NA,1.86,11.62,12.92,10.22,0.197,160.5,7.38,0.8,13.2,7,-36.54263782,-0.637789347,18,6.583333333
04/09/2007,27.67420,3.02,NA,NA,NA,3.015,93.9,11.47,NA,NA,NA,NA,4.8,NA,NA,2.67,13.55,15.61,12.45,2.955,273.5,13.62,2.4,17.7,9.4,-149.8975866,-2.616206426,27,13.45833333
05/09/2007,27.67693,2.57,NA,NA,NA,2.01,87.4,9.47,NA,NA,NA,NA,5.4,NA,NA,2.6,13.75,14.45,12.42,3.546,317.2,11.99,7.2,16.4,14.3,NA,NA,NA,NA
06/09/2007,27.67967,2.33,NA,NA,NA,0.201,103.6,12.58,NA,NA,NA,NA,0.6,NA,NA,2.65,13.81,15.38,12.95,0.394,243,15.65,0,17.8,12.8,-115.3144074,-2.012616084,24,11.54166667
07/09/2007,27.68241,2.68,NA,NA,NA,0.402,149.8,10.88,NA,NA,NA,NA,2,NA,NA,3.28,13.24,14.09,11.95,1.182,302.1,15.94,0.4,17.3,13.9,-112.8922733,-1.970341869,23,12.54166667
08/09/2007,27.68515,1.62,NA,NA,NA,0.804,46,7.91,NA,NA,NA,NA,0.4,NA,NA,2.74,13.06,15.16,11.85,0.394,318.9,10,0.8,16.9,12.9,-83.66807829,-1.460283445,22,10.45833333
09/09/2007,27.68789,3.38,NA,NA,NA,0.201,54.61,15.09,NA,NA,NA,NA,1.2,NA,NA,4.27,13.36,13.99,12.22,0.788,336,18.69,3.2,15,12.5,-102.9547281,-1.796898985,33,14.5
10/09/2007,27.69062,2.18,NA,NA,NA,0,36.23,10.98,NA,NA,NA,NA,0.2,NA,NA,3.45,12.48,14.04,11.11,0.197,323,16.46,0,14.5,10.2,-49.42002378,-0.862542131,27,12.29166667
11/09/2007,27.69336,2.1,NA,NA,NA,0.603,79.8,9.57,NA,NA,NA,NA,0.8,NA,NA,2.83,13.56,14.32,11.78,0.591,331.7,12.77,2.4,15.7,7.9,-109.9211922,-1.918486722,27,12.25
12/09/2007,27.69610,1.47,NA,NA,NA,2.01,160.8,9.47,NA,NA,NA,NA,1.2,NA,NA,1.7,12.57,13.92,10.85,0.788,199.6,9.18,0,16.7,10.6,-120.3297837,-2.100150914,18,6.166666667
13/09/2007,27.69884,6.26,NA,NA,NA,8.44,158,19.99,NA,NA,NA,NA,12,NA,NA,5.19,12.9,14.06,10.54,8.27,212.4,20.51,16.8,15.1,10.6,-138.6466095,-2.419839833,41,17.70833333
14/09/2007,27.70157,2.34,NA,NA,NA,0.804,348.9,12.48,NA,NA,NA,NA,0.8,NA,NA,3.42,10.03,12.12,5.71,0.985,330.5,18.62,3.6,12.2,5.1,NA,NA,33,NA
15/09/2007,27.70431,5.3,NA,NA,NA,28.74,188.4,18.75,NA,NA,NA,NA,34.8,NA,NA,4.87,12.6,14.39,9.46,25.81,176.3,21.56,68.2,16.2,5.4,-148.9804572,-2.600199498,35,15.33333333
16/09/2007,27.70705,3.18,NA,NA,NA,3.015,42.06,21.72,NA,NA,NA,NA,4,NA,NA,4.54,10.66,12.92,7.78,1.97,328.3,23.91,5.2,16.2,8.9,-93.80304428,-1.637171971,46,14.125
17/09/2007,27.70979,2.83,NA,NA,NA,2.01,14.87,21.17,NA,NA,NA,NA,2,NA,NA,4.26,7.72,9.21,5.573,2.167,67.74,23.59,8.8,10.1,3.7,NA,NA,41,NA
18/09/2007,27.71253,3.66,NA,NA,NA,10.05,108.3,18.42,NA,NA,NA,NA,12.4,NA,NA,4.3,10.81,12.59,8.09,10.05,265.7,22.83,18.2,12.4,2.5,-127.375487,-2.223121635,33,12.08333333
19/09/2007,27.71526,4.06,NA,NA,NA,2.613,119.5,15.35,NA,NA,NA,NA,4.2,NA,NA,3.96,11.61,13.09,9.81,3.349,215.6,17.05,6.2,13.9,8.9,NA,NA,30,NA
20/09/2007,27.71800,4.88,NA,NA,NA,1.809,81.3,17.93,NA,NA,NA,NA,2.8,NA,NA,4.61,10.41,11.58,8.11,2.561,287.6,18.36,7.4,13.5,7.5,-117.0829829,-2.043483549,39,15.29166667
21/09/2007,27.72074,4.58,NA,NA,NA,2.814,72.8,16.2,NA,NA,NA,NA,5.4,NA,NA,4.54,10.77,12.72,8.89,3.94,282.9,20.09,13,12.8,6.9,-122.8473886,-2.144091408,36,13.79166667
22/09/2007,27.72348,8.37,NA,NA,NA,8.24,202.6,22.02,NA,NA,NA,NA,4,NA,NA,4.65,12.4,13.19,10.08,3.546,193,18.1,7,14,8.3,NA,NA,45,NA
23/09/2007,27.72621,7.02,NA,NA,NA,3.417,190.8,21.92,NA,NA,NA,NA,3.8,NA,NA,6.1,12.18,13.15,11.01,2.561,182.6,25.22,12.2,15,9.2,NA,NA,52,NA
24/09/2007,27.72895,4.02,NA,NA,NA,2.01,283.8,14.63,NA,NA,NA,NA,2,NA,NA,4.09,11.06,12.15,10.11,1.97,258.6,16.27,12.6,12.4,7.1,163.2180614,2.84869257,28,12.16666667
25/09/2007,27.73169,3.19,NA,NA,NA,0.402,23.62,16.92,NA,NA,NA,NA,0.6,NA,NA,4.9,8.71,10.48,7.15,0.197,209.4,20.74,7.2,10.9,6.5,-21.55843603,-0.37626569,40,19.54166667
26/09/2007,27.73443,3.3,NA,NA,NA,0,42.15,14.21,NA,NA,NA,NA,0,NA,NA,2.89,7.77,9.64,5.407,0,307.4,16.59,2,9.5,5.4,7.098891025,0.123899022,28,13.04166667
27/09/2007,27.73717,2.23,NA,NA,NA,0,94.7,6.174,NA,NA,NA,NA,0,NA,NA,2.52,8.05,9.21,4.782,0,151.7,7.28,0,10.5,5.1,88.13665607,1.53827484,16,6.833333333
28/09/2007,27.73990,2.19,NA,NA,NA,0,103.5,6.174,NA,NA,NA,NA,0,NA,NA,2.81,9.45,10.26,8.52,0,146,7.87,0,11.6,4.7,136.5212337,2.382745027,16,6.833333333
29/09/2007,27.74264,1.56,NA,NA,NA,0,115.8,5.357,NA,NA,NA,NA,0,NA,NA,1.61,10.04,12.45,7.45,0,123.8,5.749,0,13.3,4.7,-69.20986029,-1.207939937,10,3.208333333
30/09/2007,27.74538,1.6,NA,NA,NA,0,211,3.887,NA,NA,NA,NA,0,NA,NA,1.32,9.85,12.7,7.15,0,323.2,3.985,0,12.9,3.3,-117.0352384,-2.04265025,11,4.208333333
01/10/2007,27.74812,3.08,NA,NA,NA,0,212.8,9.9,NA,NA,NA,NA,0,NA,NA,1.88,10.83,11.95,7.68,0.197,217.6,6.141,0.4,14.9,3,-125.019904,-2.182008956,20,5.833333333
02/10/2007,27.75086,5.8,NA,NA,NA,3.216,207.5,11.83,NA,NA,NA,NA,2.8,NA,NA,2.7,12.06,13.4,11.25,2.364,189.4,8.3,0,14.5,9.2,NA,NA,27,NA
03/10/2007,27.75359,2.7,NA,NA,NA,14.87,176.7,10.55,NA,NA,NA,NA,17.8,NA,NA,2.88,11.73,12.25,10.14,13.79,163.8,11.27,4.8,14.4,11.7,154.9311697,2.704059025,19,9.166666667
04/10/2007,27.75633,3.91,NA,NA,NA,0.804,218.8,15.29,NA,NA,NA,NA,0.6,NA,NA,3.38,11.37,12.94,9.71,0.591,226.1,16.27,0.4,14.1,9.2,-139.9701405,-2.442939807,25,9.208333333
05/10/2007,27.75907,9.33,NA,NA,NA,5.628,212.5,21.23,NA,NA,NA,NA,5.8,NA,NA,4.98,12.44,13.55,10.24,4.334,201.5,16.24,0,14.3,11.7,-170.8151837,-2.981287369,35,18.16666667
06/10/2007,27.76181,2.76,NA,NA,NA,0,66.88,10.71,NA,NA,NA,NA,0,NA,NA,2.73,11.35,12.75,9.92,0.394,283.7,12.74,10,14.2,6.8,-113.9074515,-1.988060071,30,10.04166667
07/10/2007,27.76454,2.52,NA,NA,NA,0,41.13,8.66,NA,NA,NA,NA,0,NA,NA,2.22,9.81,10.66,8.79,0,276.8,9.47,0.8,10.8,5.8,-25.5421972,-0.445795439,18,7.083333333
08/10/2007,27.76728,3.61,NA,NA,NA,5.226,130.9,14.63,NA,NA,NA,NA,5.8,NA,NA,4.16,10.88,12.15,8.32,4.925,168.1,13.75,0,12.9,6.2,132.4501613,2.311691409,15,8.416666667
09/10/2007,27.77002,1.42,NA,NA,NA,1.005,148.7,8.82,NA,NA,NA,NA,1.4,NA,NA,1.09,11.29,13.52,9.61,0.985,169.1,9.08,4.4,12.7,10.7,112.8986491,1.970453149,17,4.708333333
10/10/2007,27.77276,5.14,NA,NA,NA,2.01,210.1,15.42,NA,NA,NA,NA,2.4,NA,NA,3.24,11.72,13.22,10.01,1.379,191.3,17.15,0.4,13.9,11.1,-161.4831438,-2.818412546,38,12.375
11/10/2007,27.77550,2.48,NA,NA,NA,3.819,157.4,12.09,NA,NA,NA,NA,6,NA,NA,2.58,11.64,13.26,10.64,3.94,252,14.83,3.6,14.5,11.8,-118.7879061,-2.073240072,36,12.45833333
12/10/2007,27.77823,5.8,NA,NA,NA,0.201,202.2,14.11,NA,NA,NA,NA,0.6,NA,NA,2.91,12.6,12.92,11.88,13.59,185.7,12.87,9.2,14.6,12,-150.9358315,-2.63432722,32,13.29166667
13/10/2007,27.78097,6.96,NA,NA,NA,19.9,204.6,16.27,NA,NA,NA,NA,17.8,NA,NA,3.54,12.26,12.69,11.55,16.35,181.4,13.33,2.6,14.1,13,-155.3641919,-2.711616688,33,17.79166667
14/10/2007,27.78371,5.81,NA,NA,NA,0,196.9,13.72,NA,NA,NA,NA,0.2,NA,NA,3.63,12.13,13.2,11.18,0.197,186.1,11.04,2.2,14.7,10.5,-144.9978109,-2.530689209,29,13.16666667
15/10/2007,27.78645,6.22,NA,NA,NA,11.26,164.5,21.95,NA,NA,NA,NA,6.8,NA,NA,4.67,11.14,12.12,8.82,6.895,173.6,20.45,10.8,13.3,8.5,-148.3248503,-2.588757001,43,17.125
16/10/2007,27.78919,3.7,NA,NA,NA,2.211,33.39,13.85,NA,NA,NA,NA,3.8,NA,NA,5.08,9.05,10.75,7.21,3.152,341.2,17.74,9,11.3,6,-106.4539035,-1.857971117,31,13.08333333
17/10/2007,27.79192,1.98,NA,NA,NA,1.407,336.9,13.59,NA,NA,NA,NA,1,NA,NA,3.13,8.31,10.95,5.516,0.591,333.3,16.37,4.6,10.6,5.7,-49.94567012,-0.871716391,25,8.666666667
18/10/2007,27.79466,4.8,NA,NA,NA,2.412,217.4,16.1,NA,NA,NA,NA,2.4,NA,NA,2.98,10.34,11.55,6.677,1.773,194.9,12.61,0,11.9,2.4,-128.6422564,-2.245230931,21,7.041666667
19/10/2007,27.79740,8.07,NA,NA,NA,7.04,213.7,16.04,NA,NA,NA,NA,5.8,NA,NA,3.74,11.66,12.15,10.88,4.334,195.2,13.75,0.8,12.7,10.4,-160.8269092,-2.806959091,29,16.16666667
20/10/2007,27.80014,8.06,NA,NA,NA,0,215.7,15.22,NA,NA,NA,NA,0,NA,NA,3.58,11.8,12.15,11.51,0,196.2,12.48,0,13.3,11.5,NA,NA,NA,NA
21/10/2007,27.80287,9.16,NA,NA,NA,12.06,218.1,20.12,NA,NA,NA,NA,7.8,NA,NA,4.94,11.44,11.88,10.01,6.501,204.1,17.44,0.2,12.6,11.5,-159.1667297,-2.777983493,37,19.625
22/10/2007,27.80561,1.42,NA,NA,NA,3.819,174.7,7.25,NA,NA,NA,NA,4,NA,NA,1.24,10.26,11.95,9.29,3.349,21.64,6.239,14.6,13,11.4,-164.5822798,-2.872502673,34,18.5
23/10/2007,27.80835,6.22,NA,NA,NA,0,208.5,12.94,NA,NA,NA,NA,0,NA,NA,3.1,11.56,12.59,10.18,0,203.2,10.85,5.6,12.8,11.9,-161.2505907,-2.814353728,33,18.91666667
24/10/2007,27.81109,7.12,NA,NA,NA,0,216.8,14.5,NA,NA,NA,NA,0,NA,NA,3.62,11.44,11.95,10.95,0,195.2,11.24,0,12.5,10.9,-159.1667297,-2.777983493,29,16.58333333
25/10/2007,27.81383,10.93,NA,NA,NA,8.04,219.3,23.1,NA,NA,NA,NA,0,NA,NA,5.92,11.18,11.68,10.54,0.197,200.3,20.12,0,11.7,10.2,-166.252983,-2.901661945,48,24
26/10/2007,27.81656,5.57,NA,NA,NA,31.96,130.2,24.53,4.7,NA,NA,NA,17.6,218.2,26.99,4.28,10.66,11.68,9.61,16.74,197.2,22.25,22.4,12.6,8.4,NA,NA,54,NA
27/10/2007,27.81930,3.99,NA,NA,NA,20.1,167.7,14.21,3.49,NA,NA,NA,19.6,16.95,19.72,3.68,9.84,11.45,8.65,17.14,220.4,23.91,25,13.7,8.8,-138.1188581,-2.410628833,42,13.95833333
28/10/2007,27.82204,3.45,NA,NA,NA,12.26,66.11,13.56,3.29,NA,NA,NA,14.4,272.8,18.21,3.44,8.39,9.96,6.609,14.38,298.9,16.07,14.6,10.9,5.6,-130.5378919,-2.278316012,27,8.916666667
29/10/2007,27.82478,3.38,NA,NA,NA,5.025,21.45,14.01,5.24,NA,NA,NA,6.6,353.8,27.67,4.75,7.69,8.95,6.442,3.349,342.1,20.81,4,8.6,4.7,-93.3721147,-1.629650831,33,11.75
30/10/2007,27.82752,3.72,NA,NA,NA,1.809,55.66,14.83,3.4,NA,NA,NA,3,244,14.23,3.78,10.56,12.02,7.98,4.137,329.4,20.12,10.8,11.8,3.7,-120.2324508,-2.098452134,29,10.25
31/10/2007,27.83025,5.51,NA,NA,NA,10.05,95.5,18.62,5.75,NA,NA,NA,18.2,244.2,23.48,5.5,12.18,12.55,11.65,13.99,67.3,23.59,4.6,13.9,10.9,-120.4195936,-2.101718392,37,19.54166667
01/11/2007,27.83299,2.1,NA,NA,NA,10.25,70.8,13.72,2.68,NA,NA,NA,11.8,321.1,14.45,2.51,11.6,12.69,9.51,12.02,24.88,15.12,19,13.6,9.2,-178.4860164,-3.115168654,23,10.125
02/11/2007,27.83573,3.67,NA,NA,NA,2.412,85.5,13.46,4.01,NA,NA,NA,4.2,306.5,20.18,4.34,11.35,12.35,9.82,2.758,173.5,19.47,2.8,14.3,9.7,-128.2890875,-2.239066971,29,12.75
03/11/2007,27.83847,1.83,NA,NA,NA,0.201,17.4,11.34,3.21,NA,NA,NA,0.2,10.26,14.26,2.84,8.99,10.12,7.58,0.197,346.4,16.66,0.8,10.4,5.3,-85.33728222,-1.489416549,27,9.833333333
04/11/2007,27.84120,4.89,NA,NA,NA,3.819,195.2,13.39,3.93,NA,NA,NA,4.8,144.8,16.74,4.01,10.76,12.08,8.32,3.94,187.1,18.52,5.6,12.1,4.7,-141.3076639,-2.466283993,27,10.75
05/11/2007,27.84394,3.17,NA,NA,NA,3.015,3.003,13.98,6.02,NA,NA,NA,3.6,4.378,22.03,5.83,8.74,10.46,7.28,3.546,336.7,19.34,26.8,12.3,6.4,-69.76903822,-1.217699433,45,17.83333333
06/11/2007,27.84668,4.17,NA,NA,NA,0.402,51.91,16.53,5.19,NA,NA,NA,1.6,339.7,22.23,5.26,10.12,11.32,8.28,0.985,320.8,24.14,4.2,11,5.8,-89.90909592,-1.569209751,37,15.83333333
07/11/2007,27.84942,4.22,NA,NA,NA,1.608,36.73,16.89,6.27,NA,NA,NA,1.6,56.08,25.62,5.65,11.09,11.65,9.61,2.167,334.7,23.85,1.4,11.5,9.5,NA,NA,38,NA
08/11/2007,27.85216,5.56,NA,NA,NA,5.628,2.013,24.08,8.06,NA,NA,NA,12,341,29.76,8.55,7.36,11.35,5.069,5.516,314.1,29.53,8.8,11.5,2.3,-57.67267622,-1.006578089,59,30.75
09/11/2007,27.85489,3.26,NA,NA,NA,14.47,4.621,18.46,6.28,NA,NA,NA,15,356.3,23.67,6.07,8.83,11.42,5.84,12.8,331.8,24.17,5,10.9,4.3,-54.58328042,-0.95265796,36,14.79166667
10/11/2007,27.85763,3.86,NA,NA,NA,2.211,17.92,17.02,7.17,NA,NA,NA,5,16.83,29.82,6.4,10.82,11.95,9.15,1.773,332.9,22.67,17,11.7,7.6,-74.19259485,-1.294905061,45,17.04166667
11/11/2007,27.86037,3.23,NA,NA,NA,0.804,20.6,14.5,3.4,NA,NA,NA,0.8,95.2,16.93,3.45,6.1,9.32,3.745,0.591,300.8,18.13,6.8,9.8,4,NA,NA,NA,NA
12/11/2007,27.86311,4.2,NA,NA,NA,8.04,246.7,18,4.74,NA,NA,NA,7.2,104.2,23.7,3.78,7.64,9.96,3.845,6.107,277.1,15.35,4,8.9,1.4,-118.7399546,-2.072403161,34,10.04166667
13/11/2007,27.86585,3.12,NA,NA,NA,0.603,350.4,17.84,6.06,NA,NA,NA,0.8,350.2,23.9,6.25,8.58,9.39,7.25,0.591,324.2,22.96,6.6,9.2,5.8,-48.16365186,-0.840614305,34,13.66666667
14/11/2007,27.86858,1.85,NA,NA,NA,7.84,16.65,10.03,2.12,NA,NA,NA,7.2,13.32,14.68,2.24,8.95,10.49,7.82,6.304,351.1,17.57,3.2,9.1,6.2,-52.00808255,-0.907712278,17,4
15/11/2007,27.87132,2.81,NA,NA,NA,3.216,207.6,8.69,1.55,NA,NA,NA,9.2,86.4,10.54,1.86,8.95,9.89,7.68,4.334,211.1,6.566,0,9.6,3.4,-123.3096597,-2.152159561,16,5.5
16/11/2007,27.87406,7.52,NA,NA,NA,3.417,208.1,20.12,7.11,NA,NA,NA,3,116.3,28.24,3.6,10.44,11.48,9.15,2.167,203.2,14.37,0,12,7,NA,NA,37,NA
17/11/2007,27.87680,3.27,NA,NA,NA,11.26,47.56,20.25,3.13,NA,NA,NA,12,316.8,27.52,3.01,8.67,11.25,5.574,11.23,297.7,14.96,19.6,11.9,4.6,-135.8802515,-2.371557777,46,11.95833333
18/11/2007,27.87953,5.98,NA,NA,NA,1.608,32.97,22.25,5.92,NA,NA,NA,1.6,94.1,23.03,5.7,7.02,7.98,5.773,1.182,299.3,24.37,6.6,8,2.3,-1.478222616,-0.025799852,42,19.375
19/11/2007,27.88227,8.74,NA,NA,NA,0.201,56.81,19.14,6.61,NA,NA,NA,0.4,187.3,24.35,5.94,8.62,9.71,6.844,0.197,205.8,19.5,6.4,9.7,7.1,69.72734673,1.216971779,39,17.66666667
20/11/2007,27.88501,5.77,NA,NA,NA,0,62.94,14.83,4.26,NA,NA,NA,0.4,147.3,23.38,3.67,8.37,9.09,6.141,0.394,190.9,17.41,0,9.1,6.5,85.36681451,1.489931985,30,12.25
21/11/2007,27.88775,3.26,NA,NA,NA,1.608,41.13,14.63,3.02,NA,NA,NA,2,340.4,14.56,3.35,7.87,9.19,6.476,2.167,327.2,18.85,0,8.6,4.9,26.75765958,0.46700926,27,12.625
22/11/2007,27.89049,6.52,NA,NA,NA,2.412,40.78,20.48,5.36,NA,NA,NA,2.2,92.5,20.5,6,4.33,7.85,1.635,3.152,328.5,27.21,2.8,8.5,1.5,5.842807712,0.101976232,42,23.25
23/11/2007,27.89322,5.73,NA,NA,NA,12.46,209,22.7,4.38,NA,NA,NA,12.6,23.35,27.54,4.14,6.06,9.79,1.333,10.83,223.1,23.88,3.8,7.6,-0.5,NA,NA,49,NA
24/11/2007,27.89596,4.69,NA,NA,NA,5.628,27.96,19.24,7.31,NA,NA,NA,10.6,347.2,32.67,7.35,7.96,9.56,5.84,5.122,339.5,29.79,27.8,8.8,5.1,NA,NA,52,NA
25/11/2007,27.89870,2.05,NA,NA,NA,0,55.52,9.83,2.69,NA,NA,NA,0.2,53.29,11.51,2.81,6.99,7.98,5.639,0.394,283,11.56,1.2,6.2,3.7,-8.006990801,-0.139748353,31,8.833333333
26/11/2007,27.90144,1.92,NA,NA,NA,1.809,106.9,7.97,1.95,NA,NA,NA,3.2,279.1,9.81,2.39,9.55,11.32,5.907,2.167,213.8,11.66,5.6,8.8,3.5,-154.0753557,-2.689122253,19,5.041666667
27/11/2007,27.90418,3.94,NA,NA,NA,16.08,176.5,16.07,3.55,NA,NA,NA,24.6,358.9,16.25,3.53,9.89,10.91,7.48,21.08,147.8,16.43,23.8,11.6,7.3,-147.3043088,-2.57094519,24,12.16666667
28/11/2007,27.90691,2.55,NA,NA,NA,4.824,213.2,15.42,2.43,NA,NA,NA,6,250.7,22.11,2.29,7.39,8.69,5.352,5.516,221,20.48,3.6,11.3,3.3,-88.52001265,-1.544965675,27,5.791666667
29/11/2007,27.90965,3.7,7.22,11.01,5.293,14.07,13.13,17.87,NA,NA,NA,NA,NA,NA,NA,5.19,7.09,10.9,5.037,13,306.1,21.2,11,7.9,3.1,NA,NA,36,NA
30/11/2007,27.91239,4.41,8.99,11.17,5.422,3.216,101.8,15.65,NA,NA,NA,NA,NA,NA,NA,4.31,8.81,11.16,5.17,3.546,199,17.97,13.6,10.4,5.8,-144.870429,-2.528465974,36,13.75
01/12/2007,27.91513,3.27,6.94,8.07,4.958,6.231,204.5,15.78,NA,NA,NA,NA,NA,NA,NA,3.17,6.64,8.02,4.147,6.895,268.6,15.16,24.6,8.2,2.1,-142.9168001,-2.494368718,29,10.16666667
02/12/2007,27.91786,2.42,6.46,7.97,4.523,1.809,353.3,14.7,NA,NA,NA,NA,NA,NA,NA,3.28,6.04,7.56,4.415,1.576,345.5,20.58,2.2,7.3,1,-61.39430159,-1.071532705,30,9.25
03/12/2007,27.92060,2.52,6.33,7.67,4.288,0.603,323.9,12.64,NA,NA,NA,NA,NA,NA,NA,4.37,6.08,7.45,3.343,0.985,324.8,16.46,2.2,6.6,2.2,-55.86981332,-0.975112195,36,14
04/12/2007,27.92334,8.44,10.13,11.88,5.829,32.36,194.1,22.25,NA,NA,NA,NA,NA,NA,NA,6.74,10.05,11.75,6.079,25.81,179.8,19.93,55.6,12.4,1.9,-160.1160321,-2.794551946,50,21.54166667
05/12/2007,27.92608,7.26,9.45,11.17,7.23,5.427,114.9,21.17,NA,NA,NA,NA,NA,NA,NA,7.44,9.33,11.18,7.05,7.29,263.4,27.96,21.4,12.3,7.3,-124.945263,-2.180706224,49,24.04166667
06/12/2007,27.92882,5.31,8.13,10.17,6.03,8.64,66.19,24.63,NA,NA,NA,NA,NA,NA,NA,6.44,7.98,10.09,5.907,7.88,293.7,34.53,5.6,9.4,5.5,-116.1089277,-2.02648308,55,20.54166667
07/12/2007,27.93155,2.99,6.5,7.37,4.858,1.407,332.5,15.81,NA,NA,NA,NA,NA,NA,NA,5.94,6.31,7.21,4.482,1.182,333.6,23.72,27,7,3.4,-50.70794176,-0.885020541,49,17.875
08/12/2007,27.93429,7.06,5.57,6.868,4.69,2.814,78.1,19.08,NA,NA,NA,NA,NA,NA,NA,5.74,5.26,6.712,3.812,7.29,170.4,21.33,2.6,5.6,0.8,131.8370361,2.300990356,40,14.58333333
09/12/2007,27.93703,6.5,6.32,7.4,4.389,4.422,43.73,25.55,NA,NA,NA,NA,NA,NA,NA,6.06,6.16,7.13,4.147,7.29,282.4,24.89,6.4,7.6,3.8,NA,NA,45,NA
10/12/2007,27.93977,1.9,6.31,8.17,4.525,0.402,327.2,8.53,NA,NA,NA,NA,0.4,NA,NA,2.05,5.84,8.05,3.075,0.394,325.4,10.36,1,4.9,0.3,-77.16504274,-1.346784063,17,6.75
11/12/2007,27.94251,8.49,9.38,10.2,8.04,0.201,217.3,21.14,NA,NA,NA,NA,7.8,NA,NA,5.26,9.2,10.02,7.88,0.197,185.2,20.25,0,9.7,0.7,-168.0907406,-2.933736866,36,14.91666667
12/12/2007,27.94524,7.2,9.92,10.84,9.23,10.65,213,21.23,NA,NA,NA,NA,1.6,NA,NA,5.26,9.73,10.89,8.48,5.91,181.3,23.32,1.6,10.9,9.5,-170.4158634,-2.974317915,40,21.33333333
13/12/2007,27.94798,10.27,10.35,10.84,9.73,17.29,212.6,26.23,NA,NA,NA,NA,4.8,NA,NA,5.79,10.16,10.62,9.49,1.379,186.4,23.81,1.6,11.1,9,-166.2625706,-2.90182928,54,27.83333333
14/12/2007,27.95072,8.99,9.48,10.07,8.5,5.427,213.8,21.2,NA,NA,NA,NA,0,NA,NA,6.83,9.29,9.92,8.32,2.364,173.5,21.43,0,9.8,9,-169.1677885,-2.952534898,42,24.41666667
15/12/2007,27.95346,8.9,9.13,10.07,8.29,0,215.7,19.37,NA,NA,NA,NA,NA,NA,NA,5.82,8.97,9.89,8.15,0,179.2,23.55,0,9.8,7.6,-162.9122864,-2.84335579,41,24.125
16/12/2007,27.95619,8.22,7.56,8.56,6.633,0,212.3,18.91,NA,NA,NA,NA,NA,NA,NA,7.04,7.45,8.42,6.576,0,171.5,20.78,0,7.8,6.3,-171.661961,-2.99606642,39,23.04166667
17/12/2007,27.95893,5.91,7.34,8.27,5.896,0.402,204.7,17.18,NA,NA,NA,NA,NA,NA,NA,6.51,7.28,8.22,5.739,0,169.1,19.5,0,7,1.9,162.1852524,2.830666652,34,12.75
18/12/2007,27.96167,5.34,7.62,8.13,7.14,0,211.6,12.71,NA,NA,NA,NA,NA,NA,NA,3.96,7.51,8.02,7.01,0,198.5,12.38,0.2,7.6,-1,-97.27431929,-1.697757149,10,3.458333333
19/12/2007,27.96441,3.68,6.77,7.64,6.064,0,209.1,9.41,NA,NA,NA,NA,NA,NA,NA,3.13,6.68,7.51,5.974,0,191.6,9.54,0,6.3,1,-132.9559673,-2.320519389,13,4.583333333
20/12/2007,27.96715,4.6,7.52,8.87,5.93,2.412,199.8,15.78,NA,NA,NA,NA,NA,NA,NA,5.24,7.49,8.72,5.907,1.97,168.3,14.9,0.2,7.2,-0.9,-158.6356865,-2.768715041,24,7.833333333
21/12/2007,27.96988,7.5,8,8.87,7.23,0.201,214.6,17.08,NA,NA,NA,NA,NA,NA,NA,5.26,7.88,8.79,7.15,0,187,19.47,0,8.8,3.7,-154.5769238,-2.697876267,27,12.29166667
22/12/2007,27.97262,4.9,7.22,8.33,5.795,3.015,94.4,17.41,NA,NA,NA,NA,16.6,NA,NA,5.41,6.97,8.22,5.612,2.561,286.1,19.18,4.4,8,2.5,-132.5306079,-2.313095468,40,13.91666667
23/12/2007,27.97536,12.24,9.3,10.13,7.62,46.03,202.5,28.49,NA,NA,NA,NA,NA,NA,NA,6.78,9.18,9.99,7.31,15.96,206.6,24.04,9.4,8.9,2.7,-155.0127247,-2.705482428,59,28.875
24/12/2007,27.97810,4.2,7.38,8.27,6.03,0.603,89.2,14.11,NA,NA,NA,NA,40.8,NA,NA,4.02,7.2,8.08,5.806,0.985,224.4,19.73,9.8,9.5,2.7,-125.8340674,-2.196218788,36,11.16666667
25/12/2007,27.98084,7.84,7.07,8.74,3.886,6.834,181.8,20.78,NA,NA,NA,NA,9.8,NA,NA,5.32,6.93,8.62,3.477,7.88,210.4,20.45,23,7.6,3.5,-151.4941785,-2.644072213,46,20.66666667
26/12/2007,27.98357,9.06,9.81,10.97,6.633,8.24,186.5,23.81,NA,NA,NA,NA,NA,NA,NA,7.2,9.7,10.88,5.806,6.107,189,25.38,18,10.7,2.7,-136.3510061,-2.379773996,53,24.16666667
27/12/2007,27.98631,4.78,7.56,9.8,5.884,9.25,75,22.7,NA,NA,NA,NA,0.2,NA,NA,4.65,7.37,9.79,5.074,8.47,246.5,23.75,21.8,10.7,4,-119.4176198,-2.084230651,54,18.29166667
28/12/2007,27.98905,3.65,7.19,8.58,6.064,8.44,110.5,12.67,NA,NA,NA,NA,NA,NA,NA,3.39,6.79,8.28,4.381,9.65,156.3,13,6.6,8.5,1.6,159.6835406,2.787003544,24,8.333333333
29/12/2007,27.99179,2.26,6.92,8.57,5.729,1.608,24.88,10.09,NA,NA,NA,NA,NA,NA,NA,2.59,6.7,8.62,5.342,0.985,300.1,11.5,3.8,7.9,2.4,-67.47406467,-1.177644588,25,9.375
30/12/2007,27.99452,4.71,7.63,9.03,5.997,1.809,154.2,22.74,NA,NA,NA,NA,NA,NA,NA,5.08,7.27,8.89,3.976,0.788,153.4,25.97,0,7.7,-0.1,-145.3385371,-2.536636002,33,9.5
31/12/2007,27.99726,3.24,7.74,9.56,6.6,8.84,51.83,22.12,NA,NA,NA,NA,0.2,NA,NA,2.97,7.11,9.56,4.247,9.26,340.6,18.29,4.8,8.9,1.1,-129.6683417,-2.263139499,38,10.04166667
01/01/2008,28.00000,5.32,9.57,10.7,7.24,0.201,193.9,14.44,NA,NA,NA,NA,0,NA,NA,4.7,9.35,10.38,6.844,0,173.2,15.52,0.8,10.1,1.5,157.121858,2.74229375,22,10
02/01/2008,28.00274,5.26,8.26,9.73,5.796,0,139.5,18.39,NA,NA,NA,NA,0.2,NA,NA,8.36,8.21,9.59,5.773,0.197,159.6,17.51,2.2,9.7,5.4,145.2778065,2.535576054,31,13.70833333
03/01/2008,28.00548,6.49,5.2,6.03,3.92,0,90.1,14.47,NA,NA,NA,NA,0,NA,NA,6.19,5.01,6.245,3.544,0,152.3,18.03,0,5.5,3.1,110,1.919862177,31,18.5
04/01/2008,28.00821,6.26,4.5,8.17,1.944,1.809,112.5,18.36,NA,NA,NA,NA,NA,NA,NA,7.12,4.45,8.13,1.836,2.955,152,19.99,0.8,6.3,2.1,128.9731699,2.251006462,36,20.04166667
05/01/2008,28.01095,4.66,7.02,8.24,5.561,6.03,59.26,15.52,NA,NA,NA,NA,NA,NA,NA,5.72,6.82,7.95,5.109,6.698,321.1,22.57,18.6,7.1,4.3,-158.2896135,-2.762674927,34,17.08333333
06/01/2008,28.01369,2.81,6.1,8.01,4.456,1.407,26.23,15.81,NA,NA,NA,NA,NA,NA,NA,3.64,5.46,7.71,2.272,1.773,349.3,19.47,8.6,7.1,1.1,NA,NA,33,NA
07/01/2008,28.01643,3.33,5.29,7.44,2.68,2.814,129.4,17.84,NA,NA,NA,NA,NA,NA,NA,2.86,4.82,7.18,2.438,4.531,222.7,18.52,3.6,5.1,-0.8,-110.914526,-1.935823667,23,5.916666667
08/01/2008,28.01916,5.01,4.39,5.963,2.284,13.07,90.7,19.99,NA,NA,NA,NA,NA,NA,NA,3.8,4.15,5.721,2.036,17.14,191.1,20.87,8.8,5.6,1.6,179.3755817,3.130694499,34,14.16666667
09/01/2008,28.02190,4.05,5.4,6.734,2.217,20.7,29.21,22.61,NA,NA,NA,NA,NA,NA,NA,6.21,5.22,6.491,1.936,16.74,325.4,32.18,26.8,5.8,0.9,-89.898993,-1.569033422,58,17.75
10/01/2008,28.02464,4.01,6.32,7.27,5.427,4.221,106.6,12.58,NA,NA,NA,NA,NA,NA,NA,3.98,6.05,6.911,4.08,6.304,153.5,15.81,1.8,6.7,0.5,166.0661917,2.898401821,17,7.291666667
11/01/2008,28.02738,3.77,5.82,6.533,4.623,0.804,97,15.52,NA,NA,NA,NA,NA,NA,NA,3.41,5.58,6.353,3.81,0.788,228.1,16.82,2,6,0.6,-129.90069,-2.267194741,24,8.545454545
12/01/2008,28.03012,3.18,5.93,7.17,5.092,0.201,75.4,12.12,NA,NA,NA,NA,NA,NA,NA,3.33,5.06,6.812,2.639,0.394,115,15.65,0.2,4,-0.2,NA,NA,NA,NA
13/01/2008,28.03285,4.93,6.98,9.4,3.551,16.28,118.8,19.44,NA,NA,NA,NA,NA,NA,NA,3.27,6.52,9.25,3.008,20.88,182,21.95,30.8,7.8,2.7,NA,NA,NA,NA
14/01/2008,28.03559,4.35,6.62,7.97,5.494,3.417,16.62,15.03,NA,NA,NA,NA,NA,NA,NA,3.53,6,7.45,4.81,8.86,10.68,19.24,9.6,7.8,2.5,NA,NA,NA,NA
15/01/2008,28.03833,11.23,5.38,6.164,3.819,0.201,61.79,20.55,NA,NA,NA,NA,NA,NA,NA,8.02,5.12,5.815,3.745,1.576,190.3,24.47,9.6,5.8,3.4,NA,NA,NA,NA
16/01/2008,28.04107,4.15,4.71,6.633,2.814,0.804,83.3,18.03,NA,NA,NA,NA,11.8,NA,NA,4.38,4.59,6.744,2.74,1.379,192.7,19.67,1,5.2,-0.2,NA,NA,NA,NA
17/01/2008,28.04381,4.41,7.41,9.26,4.389,10.45,134,18,NA,NA,NA,NA,7.6,NA,NA,5.21,7.33,8.99,4.567,9.46,167.3,18.78,2.2,7.1,2.8,NA,NA,NA,NA
18/01/2008,28.04654,3.9,6.23,10.82,3.518,11.26,40.48,25.25,NA,NA,NA,NA,10.4,NA,NA,5.59,6.01,10.9,3.309,14.18,336.3,34.79,22.2,10.7,3.1,-126.927055,-2.215295019,52,15.125
19/01/2008,28.04928,4.54,6.61,7.81,4.925,1.206,57.77,18.82,NA,NA,NA,NA,2.2,NA,NA,4.84,6.4,7.65,4.682,1.773,303.2,19.57,8.4,7.2,2.5,-105.7778307,-1.846171421,38,14.95833333
20/01/2008,28.05202,2.85,6.78,8.2,4.858,1.809,18.78,12.22,NA,NA,NA,NA,0.4,NA,NA,4.22,6.57,8.05,4.536,1.773,340.1,14.44,8.6,7.2,3,-100.1186132,-1.747399444,33,11.08333333
21/01/2008,28.05476,2.03,5.4,6.597,3.685,1.407,39.67,8.13,NA,NA,NA,NA,0.6,NA,NA,1.61,4.88,6.878,2.74,0.394,297.3,7.45,2.4,5.9,0.2,-38.6358601,-0.674322968,17,5.083333333
22/01/2008,28.05749,5.58,8.07,9.73,5.595,11.26,191.8,22.34,NA,NA,NA,NA,11,NA,NA,5.34,8,9.66,5.783,5.91,173.5,20.81,6,8.9,-0.4,NA,NA,NA,NA
23/01/2008,28.06023,5.76,7.5,9.46,3.417,11.06,170.3,25.06,NA,NA,NA,NA,11.8,NA,NA,4.39,7.35,9.39,3.138,8.27,208,37.24,7,9.5,6,NA,NA,NA,NA
24/01/2008,28.06297,6.94,5.58,9.87,1.547,22.71,91.7,27.8,NA,NA,NA,NA,45.2,NA,NA,6.92,5.39,9.99,1.333,14.38,227.9,33.03,18.4,9.2,0.7,NA,NA,NA,NA
25/01/2008,28.06571,5.76,8.38,9.44,6.651,3.618,64.99,19.24,NA,NA,NA,NA,5.6,NA,NA,5.55,8.24,9.49,6.476,4.925,263.2,24.3,18.2,10.6,6,-104.1635371,-1.817996682,69,21
26/01/2008,28.06845,5.72,7.57,10.47,4.757,16.68,64.52,21.89,NA,NA,NA,NA,17,NA,NA,6.5,7.39,10.56,4.548,17.34,306.4,27.34,29.2,10.7,3.3,-104.4270391,-1.822595661,48,18.625
27/01/2008,28.07118,5.08,10.11,10.44,9.6,0.402,116.4,16.14,NA,NA,NA,NA,1.6,NA,NA,5.68,10.07,10.52,9.38,0.197,198.4,19.37,1.6,11,9.6,NA,NA,46,NA
28/01/2008,28.07392,6.72,9.21,10.54,5.762,4.623,196.9,20.25,NA,NA,NA,NA,5.2,NA,NA,6.08,9.07,10.42,5.572,4.531,204.8,19.63,7.6,10.9,7.4,NA,NA,37,NA
29/01/2008,28.07666,2.35,5.19,6.499,3.384,4.623,7.23,13.92,NA,NA,NA,NA,11,NA,NA,3.23,4.66,6.147,2.941,8.67,335.1,15.45,6,7.5,1.6,-107.0200935,-1.867852998,26,7.291666667
30/01/2008,28.07940,6.9,6.47,8.51,3.653,25.93,92.3,31.62,NA,NA,NA,NA,40,NA,NA,6.29,6.27,8.12,3.745,13.59,266.8,28.19,20,7,1.3,NA,NA,45,NA
31/01/2008,28.08214,6.05,4.48,6.7,2.446,18.09,21.81,25.45,NA,NA,NA,NA,78.6,NA,NA,8.94,4.27,6.643,2.17,15.37,320.3,35.41,17.2,7.2,1.8,-87.79289871,-1.532275142,62,27.83333333
01/02/2008,28.08487,3.97,1.22,4.027,-1.897,3.216,357.1,23.68,NA,NA,NA,NA,0,NA,NA,6.48,1.16,4.013,-1.803,1.773,252.7,32.11,14.4,4.9,-1.9,NA,NA,63,NA
02/02/2008,28.08761,4.83,3.15,8.9,-1.361,13.27,153.3,20.16,NA,NA,NA,NA,14,NA,NA,4.26,2.95,8.69,-2.104,10.83,245.5,16.01,21.4,4.9,-5.1,NA,NA,NA,NA
03/02/2008,28.09035,3.58,6.41,8.33,4.355,10.45,196.5,14.54,NA,NA,NA,NA,10.4,NA,NA,2.99,6.23,8.38,3.845,11.23,187.4,19.01,21.6,9.1,4.3,-166.081162,-2.898663102,53,22.375
04/02/2008,28.09309,5.3,6.17,7.5,4.69,3.216,103.2,20.65,NA,NA,NA,NA,2.2,NA,NA,5.92,6.06,7.28,4.649,5.516,190.6,18.2,12.8,6.6,2.9,-166.1187024,-2.899318306,45,19.375
05/02/2008,28.09582,1.96,5.62,7.17,3.384,3.618,316.7,11.27,NA,NA,NA,NA,5.6,NA,NA,2.46,4.91,6.96,2.578,3.743,338.7,13.43,2.4,6.9,-1.6,-94.49111872,-1.649181136,25,5.375
06/02/2008,28.09856,5.07,6.31,7.89,3.819,7.84,122.3,23.49,NA,NA,NA,NA,9.4,NA,NA,6.05,6.2,7.92,3.51,5.713,264.8,25.74,1.4,7.5,1.6,-118.4719184,-2.067725047,35,12.375
07/02/2008,28.10130,6.12,8.33,10.67,5.896,17.69,127.9,28.81,NA,NA,NA,NA,9.6,NA,NA,5.17,8.16,10.56,5.74,9.65,187.3,31.88,14.4,11,3.9,-155.4083076,-2.712386652,49,18.08333333
08/02/2008,28.10404,9.24,8.88,10.6,6.885,23.72,211.2,25.87,NA,NA,NA,NA,3.6,NA,NA,5.83,8.69,10.49,6.643,4.925,202.3,22.8,1.4,10.9,6.1,-153.8720051,-2.685573115,59,25.45833333
09/02/2008,28.10678,7.62,8.35,10.54,6.163,9.65,177.1,24.4,NA,NA,NA,NA,1.4,NA,NA,4.91,8.1,10.22,5.773,2.758,229.7,19.63,0,11.1,4.9,-149.1781398,-2.603649712,46,19.04166667
10/02/2008,28.10951,2.63,7.64,8.5,6.598,0,161.2,12.97,NA,NA,NA,NA,0,NA,NA,3.09,7.43,8.15,5.739,0,166.8,11.99,0,8.7,2.5,179.1394557,3.126573322,13,5.166666667
11/02/2008,28.11225,7.32,7.97,9.2,6.96,0,213,14.44,4.84,NA,NA,NA,0,122.7,19.29,4.45,7.74,9.05,6.71,0,201.9,14.99,0,9.7,4.7,-157.0709225,-2.741404757,37,15.25
12/02/2008,28.11499,4.05,9.22,9.7,8.39,0,198.9,12.94,1.9,NA,NA,NA,0,141.1,10.05,3.11,9.06,9.49,8.15,0,198.3,10.81,0,10.4,5.3,-151.0139554,-2.635690738,27,10.91666667
13/02/2008,28.11773,1.38,7.83,9.7,6.968,0,89,6.141,1.19,NA,NA,NA,0,341.6,4.207,1.36,7.33,9.14,4.884,0,153.2,6.991,0.8,8.4,-0.5,-9.26759963,-0.161750127,6,2.375
14/02/2008,28.12047,1.83,8.11,10.54,6.767,0,276.1,6.925,2.3,NA,NA,NA,0,162.6,9.22,1.44,6.76,10.38,3.51,0,282.4,6.174,0.2,8.9,0.8,92.61334769,1.616407849,12,3.708333333
15/02/2008,28.12320,4.56,6.97,7.43,6.531,0,209.6,10.91,3.75,NA,NA,NA,0,118.8,13.84,2.99,6.78,7.18,6.342,0,194.9,10.03,0.4,7.6,-1.8,-125.3146249,-2.187152806,18,5.833333333
16/02/2008,28.12594,4.3,7.57,8.33,6.862,0,180,14.73,3.06,NA,NA,NA,0,264,13.08,3.36,7.29,8.15,6.643,0,191.6,12.97,0,6.7,3.9,-142.3934777,-2.48523502,22,12.38095238
17/02/2008,28.12868,2.27,8.72,9.27,8.06,0,72.5,11.56,1.52,NA,NA,NA,0,286.2,9.92,2.06,8.53,9.19,7.55,0,302.4,12.58,0,9.6,6.5,NA,NA,NA,NA
18/02/2008,28.13142,1.82,7.68,8.87,6.131,0,173.7,6.272,2.74,NA,NA,NA,0,173.6,10.37,1.72,7.52,8.75,6.308,0,220.4,6.239,0.8,9,5.4,-121.7484285,-2.124910936,14,5.333333333
19/02/2008,28.13415,5.16,6.73,7.57,6.097,0,202.9,14.86,5.46,NA,NA,NA,5.8,153.3,17.65,4.16,6.52,7.38,5.873,0,183.4,11.47,0,7.3,-0.2,-135.0924882,-2.357808714,25,8.833333333
20/02/2008,28.13689,6.78,7.12,10.17,4.657,8.64,167.6,23.68,6.42,NA,NA,NA,14.2,236.2,27.84,5.82,6.84,9.96,4.348,7.88,214.5,25.58,6.4,6.9,4.8,-137.3583901,-2.397356163,41,18.875
21/02/2008,28.13963,7.58,8.99,10.47,5.821,9.65,81.8,28.22,6.23,NA,NA,NA,13.8,319.4,32.87,6.67,8.77,10.29,5.404,10.44,0.261,30.28,16.6,11.6,4.4,-111.7219447,-1.949915783,59,27.95833333
22/02/2008,28.14237,6.44,6.2,7.64,3.987,9.45,63.15,23.78,6.65,NA,NA,NA,30.2,292.7,33.23,7.41,5.89,7.41,3.477,7.88,329.9,30.61,18,7.1,2.7,-94.97435438,-1.657615189,61,23.95833333
23/02/2008,28.14511,5.76,8.78,10.5,6.868,11.26,123.3,24.57,4.02,NA,NA,NA,12.8,280,26.62,6.15,8.53,10.39,6.544,10.05,191.4,26,22.4,11.3,5.1,-130.631975,-2.279958072,44,19.58333333
24/02/2008,28.14784,4.35,5.35,7.83,3.35,8.04,62.77,18.62,4.72,NA,NA,NA,8,172.1,25.91,4.43,5,7.65,2.874,12.61,298.5,19.31,12.4,7,2.4,-107.2304544,-1.871524488,41,12.625
25/02/2008,28.15058,8.72,7.41,9.6,3.953,38.39,193.5,27.47,7.76,NA,NA,NA,24.8,205.4,30.6,7.68,7.25,9.52,3.51,20.09,182.6,30.51,23.2,8.6,1.9,-152.3539909,-2.65907877,53,21.41666667
26/02/2008,28.15332,6.12,7.67,9.43,5.26,7.04,44.21,26.17,7.87,NA,NA,NA,10.8,69.66,30.8,7.75,7.45,9.25,4.802,7.68,339.1,33.32,13.8,10,5.8,-104.1947872,-1.8185421,47,24.375
27/02/2008,28.15606,3.81,6.08,7.37,3.92,3.417,35.04,16.27,3.83,NA,NA,NA,6,298.8,17.78,4.73,5.86,6.98,3.531,3.94,330.1,18.85,4.6,7.1,3,-96.14291554,-1.678010429,36,14.70833333
28/02/2008,28.15880,4.44,6.57,7.84,5.118,4.824,59.5,18.13,6.07,NA,NA,NA,22.6,348.7,32.74,4.97,6.33,7.55,4.768,5.516,317.9,22.51,6,7.6,3,-118.0283822,-2.059983879,31,12.25
29/02/2008,28.16153,8.32,8,9.57,6.398,21.31,120.9,28.35,8.37,NA,NA,NA,43.2,343.5,39.13,8.56,7.87,9.42,6.241,15.96,246.5,33.48,32.2,9.6,4.4,-123.2804804,-2.151650286,53,25.54166667
01/03/2008,28.16427,3.55,5.23,7.2,3.417,9.25,38.93,21.76,3.11,NA,NA,NA,12.2,39.89,19.05,4.97,4.95,7.08,3.041,11.03,335.7,30.31,7,8.2,2.7,-66.72129957,-1.164506359,54,20.125
02/03/2008,28.16701,3.17,4.22,6.265,1.179,6.03,28.09,13.33,4.65,NA,NA,NA,5.2,342.5,24.66,4.03,3.97,6.05,1.071,8.08,329.4,20.38,11,5.3,1.2,-80.26917889,-1.400961459,36,8.65
03/03/2008,28.16975,3.47,3.64,5.93,1.112,6.432,18.5,18.49,4.01,NA,NA,NA,4.6,315.7,23.95,4.97,3.42,5.955,0.875,5.319,329.4,24.66,18.6,5.9,0.3,NA,NA,NA,NA
04/03/2008,28.17248,3.32,5.59,7.5,3.451,1.005,120,12.51,3.36,NA,NA,NA,0.2,134.9,14.33,2.72,5.25,7.38,2.639,0.394,201.3,15.06,1.2,6.3,0.6,-39.78350027,-0.694353068,24,7.958333333
05/03/2008,28.17522,5.93,9.2,9.8,7.3,3.819,61.39,21.85,4.38,NA,NA,NA,13.2,352.9,20.41,5.82,9.14,9.85,7.15,5.713,303.4,24.04,9.6,10.2,2.3,NA,NA,42,NA
06/03/2008,28.17796,6.28,8.72,9.8,5.789,7.84,149.5,19.27,5.84,NA,NA,NA,5.8,145.3,24.72,4.72,8.55,9.62,5.371,9.26,206.1,19.27,16,10.8,8.1,-124.887177,-2.179692433,47,18.70833333
07/03/2008,28.18070,5.25,6.42,8.01,3.953,6.633,91.3,20.91,5.03,NA,NA,NA,13.2,296.6,25.65,5.52,6.2,7.92,3.778,6.501,210.6,22.93,13.2,8.5,3.3,-124.6240946,-2.175100778,48,17.54166667
08/03/2008,28.18344,5.41,6.9,8.84,5.193,6.834,82.4,22.54,4.93,NA,NA,NA,2.8,303.2,22.48,5.99,6.64,8.89,4.87,8.08,336.6,21.76,26.4,8.5,4.2,-129.1220194,-2.253604375,37,16
09/03/2008,28.18617,4.52,4.78,6.466,2.446,1.005,107.9,15.78,5.14,NA,NA,NA,2.2,146.5,22.72,4.12,4.56,6.156,1.968,1.379,247.1,16.95,6.4,6.6,1.7,-136.3683357,-2.380076453,33,12.875
10/03/2008,28.18891,5.35,5.51,6.432,4.02,13.67,50.58,15.65,4.02,NA,NA,NA,8.8,347.1,18.28,5.2,5.29,6.29,3.845,10.24,218.4,17.44,7.2,7.5,2.5,91.22920688,1.592250034,33,17.95652174
11/03/2008,28.19165,2.85,5.71,7.92,4.054,2.01,51.44,16.4,5.14,NA,NA,NA,9.4,80.9,30.58,3.91,5.39,7.08,3.611,2.758,318.9,16.82,11.6,8.5,3.6,179.1069014,3.126005142,22,10.41666667
12/03/2008,28.19439,4.86,6.17,7.07,4.02,3.618,25.5,19.5,5.95,NA,NA,NA,7,331.8,24.81,7.04,5.96,6.822,3.767,3.94,337.3,23.81,8,8.1,2.1,-73.9270954,-1.290271221,45,20
13/03/2008,28.19713,3.84,6.04,7.54,3.585,5.025,57.64,16.33,4.18,NA,NA,NA,6,342.4,20.64,4.27,5.79,7.21,3.309,7.29,338.9,20.32,7.8,8.8,2.4,-113.7661927,-1.98559464,33,11.875
14/03/2008,28.19986,2.33,7.34,9.26,5.595,3.216,14.13,11.5,2.62,NA,NA,NA,0.8,290.7,13.93,3.16,7.17,9.29,5.386,1.773,332.4,13.39,7.6,9.6,0.7,-101.1339531,-1.765120468,22,7.666666667
15/03/2008,28.20260,4.91,7.14,8.06,6.164,0,60.96,16.56,4.21,NA,NA,NA,0,248.4,18.42,3.52,6.92,8.08,6.007,0,242.5,15.81,0.6,8.1,1.2,15.71177198,0.274222152,29,10.95833333
16/03/2008,28.20534,5.82,6.27,7.92,4.657,0.201,63.5,16.95,3.65,NA,NA,NA,0.2,200.3,15.17,4.2,6.03,7.55,4.549,0.197,227.5,15.94,2.6,7.6,4,40.5623306,0.707946221,29,17.875
17/03/2008,28.20808,3.25,5.45,6.926,4.456,1.206,51.68,10.91,2.17,NA,NA,NA,0.8,251.3,11.7,2.49,5.25,6.779,4.348,0.985,227.9,13.72,1.2,8,0.2,-4.739210708,-0.082714831,24,10.58333333
18/03/2008,28.21081,1.76,6.07,9.13,4.523,2.814,8.6,8.62,3.06,NA,NA,NA,2.2,346.3,11.79,2.2,5.79,8.44,3.209,2.364,310.1,11.07,0.4,7.5,2.1,-18.48339308,-0.322596066,23,7.125
19/03/2008,28.21355,2.88,7.46,9,4.824,0.201,21.8,15.03,5.51,NA,NA,NA,7,347.3,31.29,3.81,7.3,8.65,5.319,0.197,315.4,15.84,2.6,8.5,0.2,-89.55773641,-1.563077371,23,9.25
20/03/2008,28.21629,4.76,7.87,10.07,2.284,6.231,18.85,23.29,8.22,NA,NA,NA,8.2,354.1,31.7,8.12,7.68,9.76,2.405,7.88,331.6,30.77,17.4,10.1,2.3,-73.07339204,-1.275371287,50,26.75
21/03/2008,28.21903,6.08,4.87,6.566,2.718,4.623,20.96,23.29,6.42,NA,NA,NA,1.8,126.9,26.79,6.65,4.72,6.29,2.539,3.349,268.2,26.56,4.2,5.9,1.5,7.813699555,0.136374784,55,28.125
22/03/2008,28.22177,4.26,4.74,7.03,1.244,9.45,19.79,21.49,5.29,NA,NA,NA,7.6,326.6,22.39,5.79,4.49,6.878,1.132,6.895,318.2,24.47,11,6.1,1.2,-17.29558607,-0.301864923,41,15.58333333
23/03/2008,28.22450,2.98,4.17,5.528,3.116,0.804,29.94,20.32,3.36,NA,NA,NA,0.2,200.6,17.62,4.28,3.98,5.654,2.941,0.591,62.74,23.42,6.2,4.4,0.7,0.814877142,0.014222289,33,14.08333333
24/03/2008,28.22724,3.23,3.25,4.355,2.516,0.402,27.36,16.24,3.8,NA,NA,NA,0.2,290.1,22.43,4.15,3,3.778,2.338,0,282.3,15.84,4.4,3.6,-0.3,-7.495231278,-0.130816464,42,17.20833333
25/03/2008,28.22998,2.46,3.7,4.925,2.654,0.402,64.61,9.54,3.75,NA,NA,NA,0.6,111.4,9.32,2.89,3.51,4.803,2.606,0.788,155,12.18,0.2,4.5,0.5,-12.33202814,-0.215234495,27,10.54166667
26/03/2008,28.23272,3.51,4.54,5.394,3.853,0.603,89.9,10.32,2.14,NA,NA,NA,1.8,92.1,7.16,3.36,4.23,5.175,3.443,0.591,141.1,12.45,0,5.8,-0.6,90.83677482,1.585400802,18,6.5
27/03/2008,28.23546,2.71,5.98,8.43,3.017,0.603,92.5,13.16,4.55,NA,NA,NA,0.2,124.8,15.11,3.35,5.63,7.51,3.008,0.985,151.8,14.86,0,7.3,-1.4,82.99357552,1.448511151,19,6.708333333
28/03/2008,28.23819,6.1,6.56,8.43,3.484,7.24,87.5,18.78,6.34,NA,NA,NA,13,126.4,24.62,6.84,6.4,8.18,3.242,18.12,177.7,23.45,15.6,9.1,3.3,170.2996508,2.972289621,35,18.29166667
29/03/2008,28.24093,4.3,6.59,8.93,4.623,2.412,192.4,15.06,3.67,NA,NA,NA,2,193.7,18.27,4.05,6.23,8.77,3.544,1.97,177.8,18.85,5.2,8.5,3.2,-163.3186685,-2.850448495,38,14.83333333
30/03/2008,28.24367,2.28,6.37,8.56,4.054,1.809,19.02,14.67,3.67,NA,NA,NA,3.6,338,17.46,3.43,5.89,7.85,3.946,4.137,334.8,18.06,0.4,9,1.3,-101.6721474,-1.774513731,27,10.30434783
31/03/2008,28.24641,3.79,6.98,9.1,5.327,2.613,177,15.09,4.8,NA,NA,NA,3.2,122.8,16.22,4.98,6.61,8.22,4.984,4.137,192.1,15.68,16.2,10.4,2.9,-140.9973544,-2.460868072,33,12.41666667
01/04/2008,28.24914,3.01,8.62,10.7,7.1,0.402,25.02,13.65,3.75,NA,NA,NA,1.2,357.6,17.46,3.24,8.2,9.64,6.71,0.985,301,16.04,10.6,10.9,5.5,-102.7438718,-1.793218849,32,13.20833333
02/04/2008,28.25188,1.81,7.79,9.87,5.997,1.407,83.8,8.43,2.22,NA,NA,NA,2.4,110,34.85,2.34,7.54,9.59,5.873,1.97,161,9.6,0,10.3,3.1,-32.40703773,-0.565609509,14,7.166666667
03/04/2008,28.25462,2.96,9.71,10.84,7.86,2.01,65.56,14.44,3.19,NA,NA,NA,3.4,279.7,18.24,4.02,9.48,10.45,7.35,2.758,15.53,18,0.6,14.8,7.1,-129.7702793,-2.264918644,30,14.83333333
04/04/2008,28.25736,3.47,7.02,9,3.618,1.608,30.39,19.67,4.64,NA,NA,NA,1.6,339.5,17.77,4.82,6.68,8.82,3.343,1.576,346.8,21.85,8,11,4.8,NA,NA,NA,NA
05/04/2008,28.26010,4.72,3.43,4.965,0.938,4.422,36.34,21.82,5.74,NA,NA,NA,4.2,215.2,29.68,5.89,3.17,4.884,0.663,4.728,67.59,28.75,7.4,4.9,0.6,-5.834331777,-0.101828299,41,19.875
06/04/2008,28.26283,6.71,3.5,5.496,1.145,1.809,35.63,23.29,6.32,NA,NA,NA,2,107.2,26.83,6.48,3.28,5.52,0.864,2.364,305.1,31.1,12.4,5.1,0.2,7.089304042,0.123731697,52,25.70833333
07/04/2008,28.26557,7.16,5.18,6.935,2.613,6.633,36.48,24.66,6.47,NA,NA,NA,5.4,92.8,26.79,7.03,4.9,6.625,2.371,6.895,306.5,28.94,15.6,7.3,2.2,18.1232824,0.316310949,45,23.75
08/04/2008,28.26831,3.72,5.45,6.801,3.853,0.201,36.18,16.3,3.21,NA,NA,NA,0.2,113.6,18.03,3.38,5.2,6.485,3.577,0.394,317.5,17.8,11.2,6.7,2.9,9.6853863,0.16904188,31,14.25
09/04/2008,28.27105,2.08,5.25,7.32,3.752,4.02,128.2,11.27,2.44,NA,NA,NA,5,143.4,9.97,2.69,4.86,6.241,3.041,5.713,170,13,0.4,7.9,-0.9,-141.8266409,-2.47534185,21,7.375
10/04/2008,28.27379,2.88,5.08,7.14,3.653,0.804,109.8,8.56,2.72,NA,NA,NA,1.4,127.7,8.18,2.89,4.8,6.911,2.74,1.182,163.6,9.73,11.6,7.9,2.8,104.8474549,1.8299333,21,8.458333333
11/04/2008,28.27652,2.3,5.42,7.62,3.685,4.824,69.52,7.06,1.91,NA,NA,NA,6,121.5,7.9,1.96,5.06,7.58,3.276,6.304,291.7,8.04,0.8,7.7,0.1,63.22317324,1.103452537,14,4.583333333
12/04/2008,28.27926,2.99,6.67,8.26,4.724,0.201,40.68,10.58,2.42,NA,NA,NA,0.2,275.4,10.93,2.41,6.26,8.3,3.108,0,277,10.29,0,8.4,3.9,54.54638679,0.952014045,20,11.20833333
13/04/2008,28.28200,2.77,6.16,8.63,3.551,5.226,25.4,13.88,3.04,NA,NA,NA,2.4,208.1,14.47,3.07,5.89,7.65,3.372,3.94,358.1,16.01,2.8,8.4,1.5,NA,NA,31,NA
14/04/2008,28.28474,2.43,6.13,8.59,4.087,1.407,17.97,13.23,3.09,NA,NA,NA,1.4,345.2,15.3,2.99,5.93,8.28,4.482,1.576,315.9,12.67,3.6,9.1,0,-69.91640468,-1.220271463,31,9.333333333
15/04/2008,28.28747,2.15,6.77,8.83,4.556,0.402,61.25,10.58,2.45,NA,NA,NA,0.2,91.1,12.8,2.44,6.54,8.57,4.649,0.197,158.1,14.77,0.8,8.5,0.5,56.93456643,0.993695642,14,6.75
16/04/2008,28.29021,3.53,7.09,7.9,6.231,0,107.4,10.39,4.42,NA,NA,NA,0,124.6,12.66,5.12,6.97,8.04,5.986,0,152.6,10.55,0,10.3,2,120.8620607,2.1094409,22,9.6
17/04/2008,28.29295,5,6.46,7.44,5.226,0,86,10.68,4.61,NA,NA,NA,0,137.2,13.34,4.81,6.4,7.61,5.05,0,166.4,11.01,0,9.2,3.1,111.2713193,1.942050884,29,14.66666667
18/04/2008,28.29569,8.43,6.79,8.16,5.226,0,58.81,14.31,5.36,NA,NA,NA,0,174.9,21.98,4.92,6.56,8.2,4.884,0,201.9,16.17,0,8.9,3.9,69.14652075,1.206834453,31,16.20833333
19/04/2008,28.29843,7.68,6.97,8.16,5.628,0,60.25,13.49,5.21,NA,NA,NA,0,174.6,18.85,4.74,6.69,8.1,5.352,0,199,14.14,0,9.6,4,73.29504673,1.279239891,25,13.625
20/04/2008,28.30116,4.18,7.48,8.86,6.164,0,56.36,11.11,2.51,NA,NA,NA,0,95.8,11.72,2.61,7.2,9.14,5.877,0,259.3,8.26,0,10.8,3.8,80.4617713,1.404322831,23,12.16666667
21/04/2008,28.30390,2.7,8.37,10.5,6.767,0,72.4,7.12,2.67,NA,NA,NA,0,76.4,10.39,2.51,7.88,9.61,5.451,0,66.66,9.51,0,13.2,4.2,97.70497368,1.705273486,24,10.75
22/04/2008,28.30664,2.88,9.08,10.13,7.93,0.201,92.2,8.1,4.13,NA,NA,NA,0.2,110.8,9.89,3.72,9.16,10.95,7.71,0.197,143.6,9.31,0,14.1,5.2,120.406837,2.101495747,21,11.70833333
23/04/2008,28.30938,4.17,9.72,11.21,8.69,0.201,165.8,12.94,4.36,NA,NA,NA,0.4,138.9,15.65,4.24,9.12,9.85,8.45,0.788,163.5,13.72,9.6,12.3,7.2,144.8235225,2.527647302,26,11.66666667
24/04/2008,28.31211,4.11,9.16,10.74,7.86,1.005,135.6,13.26,4.23,NA,NA,NA,1.4,134,13.39,4.76,8.92,10.11,7.68,1.379,153.1,13.62,3.2,12,6.8,160.2260996,2.796472986,25,11.08333333
25/04/2008,28.31485,5.05,9.57,11.07,8.39,3.819,189,19.14,4.63,NA,NA,NA,4.6,115.3,22.03,4.19,9.17,10.48,8.08,4.728,175.2,15.75,14.8,12.4,6.5,-167.598982,-2.925154058,29,13.33333333
26/04/2008,28.31759,4.96,9.52,10.4,8.56,2.412,172.8,17.25,4.82,NA,NA,NA,3.4,218.5,31.59,4.97,9.32,10.21,8.48,2.364,165.6,22.34,8.4,12.7,8.9,-142.0755602,-2.479686312,38,21.75
27/04/2008,28.32033,4.56,9.57,11.61,7.92,1.608,197.2,14.83,4.27,NA,NA,NA,2,106,20.4,2.53,9.15,10.54,7.68,1.773,208.5,9.67,0,13.7,7.9,-157.3391223,-2.746085726,30,13.08333333
28/04/2008,28.32307,3.3,8.09,9.53,7.37,1.005,31.5,11.24,3.18,NA,NA,NA,1.2,101.2,11.62,3.05,7.86,9.14,7.08,1.182,315.3,12.22,1.2,9.5,4,-2.497795842,-0.043594761,21,8.166666667
29/04/2008,28.32580,2.35,NA,NA,NA,1.206,16.11,9.73,2.71,NA,NA,NA,1.2,325.5,12.15,2.48,7.71,9.64,6.509,1.182,297.4,12.38,1.2,11.3,4.5,-50.40074563,-0.879658957,18,6.5
30/04/2008,28.32854,2.22,NA,NA,NA,2.412,19.82,10.06,2.42,NA,NA,NA,2.4,3.271,10.89,2.14,7.59,9.71,5.386,2.167,353.7,11.56,2,10.6,1.3,NA,NA,27,NA
01/05/2008,28.33128,2.63,NA,NA,NA,0,109.6,8.2,2.68,NA,NA,NA,0,117.5,10.63,2.31,8.8,10.21,7.55,0,165.2,8.89,3.2,12.5,7.6,NA,NA,NA,NA
02/05/2008,28.33402,4.36,NA,NA,NA,0,204.7,13.62,3.68,NA,NA,NA,0.2,142.2,13.65,3.04,9.12,10.41,8.05,0,185.3,11.69,2,13.7,5.3,-162.7861209,-2.841153786,22,10.375
03/05/2008,28.33676,4.23,NA,NA,NA,1.206,100,15.32,5.31,NA,NA,NA,1.6,125.7,15.49,5.31,9.59,11.11,8.62,1.576,159.1,13.79,2.8,13.7,8.1,139.1486731,2.428602496,20,9.875
04/05/2008,28.33949,4.98,NA,NA,NA,0.402,185.8,17.05,4.4,NA,NA,NA,0.6,131.8,18.98,3.58,10.53,11.51,9.45,0.985,175,15.32,3.2,14.2,9.6,165.4612924,2.887844336,23,11.45833333
05/05/2008,28.34223,3.34,NA,NA,NA,0,207,10.85,3.07,NA,NA,NA,0,142.1,10.21,2.32,10.47,11.65,9.49,0,190.2,12.15,0.2,17.5,6.2,150.6257656,2.628915548,15,6.166666667
06/05/2008,28.34497,2.19,NA,NA,NA,0,103.1,11.96,2.76,NA,NA,NA,0,110.7,11.89,1.75,11.72,13.87,9.32,0,201.2,13.59,0,17.3,5.9,52.51266559,0.916518914,9,3.291666667
07/05/2008,28.34771,2.44,NA,NA,NA,0,233,11.89,2.16,NA,NA,NA,0,125.8,9.28,1.94,13.04,16.1,11.25,0.394,167.6,11.47,0,20.4,7,71.75659739,1.252388884,13,4.541666667
08/05/2008,28.35044,2.35,NA,NA,NA,0.201,49.71,10.29,2.65,NA,NA,NA,0,106.8,10.94,1.93,15.29,19.06,11.75,0,237.9,10.22,0,18.4,8.5,47.95521114,0.836976328,17,5.583333333
09/05/2008,28.35318,2.08,NA,NA,NA,0.201,257.9,11.27,2.93,NA,NA,NA,0.2,132.1,10.16,2.5,12.83,18.96,9.94,0,245.4,10.16,0.8,20.3,8.5,86.12892285,1.503233285,12,3.416666667
10/05/2008,28.35592,1.32,NA,NA,NA,0,81.3,5.913,1.96,NA,NA,NA,0,23.06,7.87,1.5,10.95,13.26,8.91,0,346.4,9.6,0,14.6,10.7,7.94564534,0.138677672,15,6.208333333
11/05/2008,28.35866,3.88,NA,NA,NA,0,35.73,11.2,3.03,NA,NA,NA,0,0.055,9.76,2.42,10.98,12.94,9.72,0,353.7,9.96,0,13,10,43.38067126,0.757135545,17,10.33333333
12/05/2008,28.36140,2.05,NA,NA,NA,0.603,55.84,5.945,2.07,NA,NA,NA,1,65.87,7.04,2.14,12.74,14.58,10.78,0.788,54.65,8.1,0,16.9,10.1,86.79203765,1.514806822,21,9.5
13/05/2008,28.36413,1.23,NA,NA,NA,0,32.14,4.279,1.94,NA,NA,NA,0,34.12,7.46,1.53,13.52,15.55,11.72,0,69.1,6.729,0,15.5,9.7,79.4721866,1.38705132,18,10.29166667
14/05/2008,28.36687,2.29,NA,NA,NA,0,39.5,6.109,3.65,NA,NA,NA,0,23.53,8.13,2.97,10.93,12.79,9.36,0,45.65,7.94,0,12.5,7.5,71.28040602,1.244077777,20,9.458333333
15/05/2008,28.36961,3.17,NA,NA,NA,0,47.15,8.82,2.57,NA,NA,NA,0,52.99,7.01,2.28,10.52,12.64,9.15,0,7.38,7.71,0,12.5,7.7,53.87110846,0.940228214,18,10.41666667
16/05/2008,28.37235,3.27,NA,NA,NA,0,49.69,11.4,2.22,NA,NA,NA,0,2.539,13.34,2.23,9.92,11.95,8.59,0,309.9,11.69,0,11.3,5.7,11.97923737,0.209077134,22,10.16666667
17/05/2008,28.37509,7.91,NA,NA,NA,0,59.53,13.62,5.58,NA,NA,NA,0,189.1,20.59,5.19,8.96,9.94,8.18,0,199.4,15.45,0,10.6,8.1,59.58094336,1.039883633,30,19.875
18/05/2008,28.37782,4.89,NA,NA,NA,0,69.87,9.67,3.38,NA,NA,NA,0,146.3,12.18,3.24,8.84,10.78,7.68,0,190.4,11.17,0,11.1,4.5,64.51030382,1.125917203,23,12.70833333
19/05/2008,28.38056,2.87,NA,NA,NA,0,90.1,7.64,3.12,NA,NA,NA,0,108.2,10.5,2.7,9.69,11.28,6.911,0,168.3,10.75,0,12.1,5.7,72.08114804,1.258053362,20,11.66666667
20/05/2008,28.38330,2.8,NA,NA,NA,0,109.8,8.72,3.99,NA,NA,NA,0,117.5,10.98,4.47,10.5,11.41,9.72,0,155.1,10.81,0,14.8,6.3,120.0758773,2.09571941,15,7.458333333
21/05/2008,28.38604,3.62,NA,NA,NA,0,91.4,9.96,4.13,NA,NA,NA,0,104.2,9.67,3.72,10.7,11.88,9.95,0,144.4,8.92,0,15.3,9.2,90.03265533,1.57136627,19,10.20833333
22/05/2008,28.38877,4.74,NA,NA,NA,0,64.18,10.98,3.87,NA,NA,NA,0,85.6,15.02,3.1,11.61,13.26,10.18,0.197,265.1,12.71,0,13,7.8,108.3721791,1.891451342,23,13.08333333
23/05/2008,28.39151,3.5,NA,NA,NA,0,62.47,10,2.81,NA,NA,NA,0,80.7,9.72,2.79,11.19,12.82,10.18,0,3.049,10.32,0,12.9,8.8,96.25935847,1.680042741,27,16.875
24/05/2008,28.39425,6.19,NA,NA,NA,0,53.96,16.37,4.05,NA,NA,NA,0,171.7,21.03,4.26,9.97,11.31,8.99,0,238.6,16.07,0,12.5,8.1,NA,NA,29,NA
25/05/2008,28.39699,5.91,NA,NA,NA,0,40.48,18.69,3.87,NA,NA,NA,0,225.1,15.27,4.03,10.2,11.91,9.09,0,265.8,13.92,0,12.2,9.1,49.58307758,0.865387957,28,18.95833333
26/05/2008,28.39973,5.43,NA,NA,NA,0,45.02,16.2,3.2,NA,NA,NA,0,152.3,13.89,3.36,9.85,11.72,8.85,0,287.6,14.7,0,12.3,8.1,56.65765814,0.988862681,30,15.83333333
27/05/2008,28.40246,4.6,NA,NA,NA,0,51.82,14.24,2.66,NA,NA,NA,0,72.1,9.41,2.86,11.01,13.94,9.09,0,315.6,9.21,0,14.8,7,72.89227329,1.272210168,25,12.125
28/05/2008,28.40520,4.27,NA,NA,NA,0.201,55.54,11.63,2.08,NA,NA,NA,0.4,53.09,9.87,2.3,11,13.24,9.61,0.394,309.4,9.51,13.2,14.1,9.9,77.62568893,1.354823856,32,14.375
29/05/2008,28.40794,2.47,NA,NA,NA,5.226,175.7,7.28,2.19,NA,NA,NA,6.4,150.5,8.95,1.84,11.32,12.25,10.01,5.713,180.9,8.98,0,17.6,11.2,-172.1855139,-3.005204142,21,8.375
30/05/2008,28.41068,1.55,NA,NA,NA,0,198.9,6.174,2.26,NA,NA,NA,0,98,8.64,1.8,12.5,15.14,11.31,0,153.8,5.619,0,16.8,6.8,36.11598381,0.63034283,13,5.583333333
31/05/2008,28.41342,1.36,NA,NA,NA,0,64.79,4.998,1.91,NA,NA,NA,0.2,31.69,5.64,1.87,11.85,13.44,9.64,0.197,48.71,5.978,0.2,14.1,9.8,28.68846161,0.500708112,17,8.916666667
01/06/2008,28.41615,3.11,NA,NA,NA,0.201,51.67,9.96,3.59,NA,NA,NA,0,45.83,8.32,3.8,12.36,15.01,10.55,0,45.51,8.66,0,14.5,11,44.20178351,0.771466657,22,12.04166667
02/06/2008,28.41889,1.65,NA,NA,NA,0,74.1,5.782,1.57,NA,NA,NA,0,106.4,5.767,1.49,13.38,15.01,12.05,0,155.2,5.063,0.8,15.3,10.6,87.94780428,1.534978755,18,7.333333333
03/06/2008,28.42163,4.86,NA,NA,NA,1.608,192.9,13,4.22,NA,NA,NA,1.6,127.5,16.15,3.47,12.06,13.36,10.39,1.379,191.8,12.77,0.4,17,7.7,-169.523801,-2.958748489,27,8.833333333
04/06/2008,28.42437,3.34,NA,NA,NA,6.432,183.4,13.88,3.36,NA,NA,NA,7,137.9,13.86,4.55,10.93,11.82,8.87,5.122,163.7,16.46,0,18.3,7.8,170.4495912,2.974906575,25,9.291666667
05/06/2008,28.42710,2.51,NA,NA,NA,0.402,191.5,9.64,2.41,NA,NA,NA,0.4,142.1,10.91,1.84,11.88,13.84,8.22,0.394,184.8,8.36,2,15.9,10.5,147.2519305,2.570031017,16,8.25
06/06/2008,28.42984,1.32,NA,NA,NA,0.201,7.96,5.586,1.79,NA,NA,NA,0.6,348.6,5.843,1.65,11.58,14.11,8.55,0.591,6.43,6.272,0.4,17,11.4,45.24332696,0.78964502,14,6
07/06/2008,28.43258,5.01,NA,NA,NA,2.412,211.9,18.13,4.49,NA,NA,NA,1,162.6,21.26,3.58,11.81,13.54,8.45,0.985,186,13.3,0,17.7,9.9,175.6616689,3.065874491,32,8.083333333
08/06/2008,28.43532,3.97,NA,NA,NA,0,157.3,13.92,3.5,NA,NA,NA,0,148.1,18.92,3.16,12.44,13.44,10.95,0,215.1,10.45,0,18,11.1,-131.0450203,-2.287167072,35,14.125
09/06/2008,28.43806,4.91,NA,NA,NA,0.402,109.6,15.12,5.17,NA,NA,NA,1.4,293.2,18.66,5.53,12.24,13.26,11.11,0.394,49.1,23.06,1.6,15.9,11.6,-126.9213962,-2.215196255,35,18.625
10/06/2008,28.44079,3.8,NA,NA,NA,2.613,41.09,18.29,5.58,NA,NA,NA,3.2,328.1,22.46,5.31,11.22,12.18,9.71,2.561,341.9,19.31,4.8,14.8,10.6,NA,NA,34,NA
11/06/2008,28.44353,2.26,NA,NA,NA,2.613,30.98,11.43,2.89,NA,NA,NA,2.8,338.5,11.85,2.95,10.31,12.52,8.42,1.576,11.54,14.24,3.6,13.3,8.4,NA,NA,NA,NA
12/06/2008,28.44627,2.31,NA,NA,NA,1.206,27.34,13.1,3.07,NA,NA,NA,2,304.8,14.39,2.82,9.43,11.15,7.61,1.379,112.5,12.51,1.2,11.6,5.8,-19.17748955,-0.334710335,23,11.625
13/06/2008,28.44901,2.69,NA,NA,NA,1.005,38.2,10.88,2.94,NA,NA,NA,1,27.51,10.74,3.29,10.14,13.34,8.55,0.788,353.9,12.09,2.4,13.9,6.8,NA,NA,27,NA
14/06/2008,28.45175,2.22,NA,NA,NA,1.206,33.98,11.6,2.57,NA,NA,NA,0.8,208.2,11.49,2.46,8.89,10.31,7.55,0.788,354.5,10.09,0.8,12.8,3.9,-16.89536173,-0.294879691,25,11.125
15/06/2008,28.45448,2.17,NA,NA,NA,1.206,20.36,10,2.55,NA,NA,NA,1.4,300.5,10.53,2.36,8.89,10.91,7.31,1.182,325.6,10.78,1.6,12.5,7.2,-21.14434295,-0.369038403,20,8.583333333
16/06/2008,28.45722,4.16,NA,NA,NA,14.87,140.4,16.82,3.67,NA,NA,NA,23.2,256.8,20.34,3.76,10.31,11.19,8.55,19.7,187.2,19.6,5.8,13.2,4.6,-145.6139774,-2.541443343,30,11.91666667
17/06/2008,28.45996,4.3,NA,NA,NA,1.206,199.6,13.36,3.77,NA,NA,NA,1.4,125.5,14.86,2.87,11.34,12.9,9.75,1.773,196.3,15.84,7.4,13.6,9.7,NA,NA,35,NA
18/06/2008,28.46270,2.35,NA,NA,NA,5.025,92.9,9.34,2,NA,NA,NA,5.2,118.7,8.72,2.05,10.35,12.32,7.88,5.516,152.4,11.11,6.8,14,8.3,-178.7545116,-3.11985478,24,10.79166667
19/06/2008,28.46543,2.35,NA,NA,NA,4.824,358,13.1,4.44,NA,NA,NA,4,332.8,17.69,4.45,10.21,12.12,8.85,2.758,288.3,17.57,8.8,13.5,8.7,-50.88485796,-0.888108311,28,11.29166667
20/06/2008,28.46817,2.73,NA,NA,NA,0.402,45.62,11.79,3.21,NA,NA,NA,0.8,355.8,14.07,3.1,10.33,12.42,8.65,0.591,329,11.4,2,14.4,7.4,-80.81862904,-1.410551174,34,11.66666667
21/06/2008,28.47091,3.89,NA,NA,NA,0,49.14,17.67,3.21,NA,NA,NA,0.2,244.3,16.93,3.33,10.13,11.35,8.94,0,251.3,13.82,0,13.6,5.3,47.87027359,0.835493888,27,9.958333333
22/06/2008,28.47365,6.48,NA,NA,NA,2.814,48.82,21.69,5.25,NA,NA,NA,4.2,199.1,21.84,5.44,9.52,11.05,8.02,2.561,253.2,21.59,29,12.2,8.6,42.40137682,0.740043633,47,24.04166667
23/06/2008,28.47639,1.88,NA,NA,NA,2.814,1.578,8.17,2.15,NA,NA,NA,2.2,319.8,9.33,2.06,9.59,12.12,6.375,2.364,326.6,11.07,1.8,13.4,6.1,-47.51697632,-0.829327687,25,9.833333333
24/06/2008,28.47912,4.56,NA,NA,NA,2.412,72,12.15,3.99,NA,NA,NA,5,105,12.59,3.84,9.7,11.45,6.21,4.925,144.3,18.13,1.4,14,3.3,111.3289564,1.943056843,21,8.25
25/06/2008,28.48186,6.8,NA,NA,NA,3.216,110.7,16.43,4.94,NA,NA,NA,9.6,119.1,21.25,4.4,10.94,12.15,9.76,8.67,188.9,16.56,27.2,13.6,10.1,125.3829253,2.188344872,31,17.70833333
26/06/2008,28.48460,4.58,NA,NA,NA,8.04,183.3,16.73,3.85,NA,NA,NA,12.8,350.5,16.22,4.61,11.1,11.85,10.51,9.06,185.2,16.43,33.6,11.9,10.6,NA,NA,37,NA
27/06/2008,28.48734,2.51,NA,NA,NA,5.226,55.2,9.02,2.16,NA,NA,NA,6.2,109.2,10.4,2.08,10.45,11.81,9.29,5.516,33.73,10.91,2.8,13.9,10.5,-62.31257017,-1.087559515,16,6.625
28/06/2008,28.49008,3.51,NA,NA,NA,4.422,146.4,13.59,2.77,NA,NA,NA,7.6,98.8,17.63,3.12,11.36,12.35,10.28,5.713,170,14.96,7.4,15.2,10.9,151.1334077,2.637775574,24,9.958333333
29/06/2008,28.49281,4.25,NA,NA,NA,5.829,74.1,15.55,4.66,NA,NA,NA,8,72.6,18.79,4.67,11.16,12.69,10.05,6.107,285,17.8,10,14.3,11.2,-128.8448347,-2.248766591,33,17.20833333
30/06/2008,28.49555,4.88,NA,NA,NA,4.02,192.1,16.24,4.04,NA,NA,NA,3.4,142.4,17.4,3.43,11.3,12.38,9.59,2.561,191.9,16.69,5.8,14.6,7.2,-152.49218,-2.661490625,27,12.29166667
01/07/2008,28.49829,5.37,NA,NA,NA,15.48,181.9,21.82,4.86,NA,NA,NA,14.4,139.3,19.71,5.5,12.14,13.45,11.21,14.58,165.3,21.2,14.6,14.7,11.8,172.9814071,3.019095099,32,12.54166667
02/07/2008,28.50103,4.4,NA,NA,NA,0.804,184,16.17,4.63,NA,NA,NA,0.6,147.9,14.9,4.7,12.35,13.77,11.25,0.394,168.6,17.28,29.2,15.4,11.6,175.5488224,3.063904949,26,10.375
03/07/2008,28.50376,1.88,NA,NA,NA,0,136.2,7.74,2.48,NA,NA,NA,0,118.1,6.517,1.96,12.53,14.14,11.48,0,155,9.83,1,16.7,10.8,75.11349606,1.310977819,16,5.458333333
04/07/2008,28.50650,1.63,NA,NA,NA,2.211,32.87,6.076,2.32,NA,NA,NA,2.4,23.81,6.717,2.61,12.65,14.61,11.65,1.576,27.2,9.02,0,17.7,11.9,106.427412,1.857508753,15,5.416666667
05/07/2008,28.50924,4.24,NA,NA,NA,0.201,30.92,12.32,3.65,NA,NA,NA,0,2.212,11.32,3.41,12.53,15.65,10.51,0.197,6.529,11.86,0,18.2,10.3,43.33954191,0.756417703,26,10.25
06/07/2008,28.51198,5.58,NA,NA,NA,1.005,35.38,18.98,3.82,NA,NA,NA,1,335.5,19.37,4.15,11.57,12.38,10.98,0.197,306.3,18.78,1.6,13.7,10.7,45.4177202,0.792688756,30,19.29166667
07/07/2008,28.51472,4.69,NA,NA,NA,4.02,34.29,19.7,4.68,NA,NA,NA,3.8,173.3,19.09,4.98,11.07,12.35,10.05,0.197,314.8,21.1,6.6,13.9,10.9,19.25886263,0.336130563,31,19.66666667
08/07/2008,28.51745,3.65,NA,NA,NA,5.829,36.6,13.13,3.14,NA,NA,NA,6.8,84.8,12.48,3.28,12.18,14.44,11.01,0.197,4.021,14.41,9.6,15.6,11.9,46.21682364,0.806635742,21,11.625
09/07/2008,28.52019,5.18,NA,NA,NA,0,36.03,16.07,3.35,NA,NA,NA,0.2,355.2,17.25,3.79,11.7,13.18,10.91,0.197,303.8,17.28,0,13.9,11.6,50,0.872664626,29,18.58333333
10/07/2008,28.52293,4.79,NA,NA,NA,0,42.4,16.27,4.31,NA,NA,NA,0,256,15.69,3.97,10.83,12.08,9.48,3.94,271.4,15.32,0.8,13.2,10.3,43.41110599,0.757666731,28,18.75
11/07/2008,28.52567,3.18,NA,NA,NA,0.201,33.43,14.31,3.62,NA,NA,NA,0.2,311.6,15.15,3.71,10.13,11.75,9.09,0.394,287.3,17.18,0.4,14,9.3,-11.24573536,-0.196275109,28,15.91666667
12/07/2008,28.52841,2.04,NA,NA,NA,0,21.79,8.62,2.49,NA,NA,NA,0.2,340.7,12.67,2.3,11.03,12.8,9.19,0,302.2,11.66,1.2,14.9,9.1,-16.29391385,-0.284382445,24,11.04166667
13/07/2008,28.53114,4.28,NA,NA,NA,1.005,184,12.51,3.83,NA,NA,NA,2.2,117.6,16.5,3.02,12.08,12.69,11.08,0.197,211.3,11.56,2,15.7,8.5,-148.218655,-2.586903542,30,12.16666667
14/07/2008,28.53388,3.72,NA,NA,NA,2.412,120.9,19.04,3.74,NA,NA,NA,4.8,275.6,21.37,3.6,12.43,13.39,11.15,0.197,227.4,20.58,1.2,17.7,12.7,-127.1460527,-2.219117251,35,13.75
15/07/2008,28.53662,4.26,NA,NA,NA,3.216,58.05,19.67,4.74,NA,NA,NA,6,329.2,21.58,4.9,11.82,13.15,10.51,0.197,320.5,20.16,11.6,15.8,10.8,NA,NA,NA,NA
16/07/2008,28.53936,2.44,NA,NA,NA,2.814,49.17,12.87,3.96,NA,NA,NA,3.6,22.66,22.2,3.52,11.5,13.46,10.44,8.67,328.2,17.64,4.4,15.1,10.7,-85.84438936,-1.498267239,34,13.625
17/07/2008,28.54209,1.52,NA,NA,NA,7.84,70.8,5.749,1.55,NA,NA,NA,9.6,76.3,5.923,1.61,11.6,13.81,10.21,0.197,38.97,5.88,2,15.3,10.4,105.4228856,1.839976461,10,3.833333333
18/07/2008,28.54483,2.37,NA,NA,NA,4.221,90.2,14.86,2.43,NA,NA,NA,8,329.3,13.92,2.71,11.71,12.28,10.52,14.18,253,18.23,6.4,14.4,10.3,-149.0790389,-2.601920075,20,8.708333333
19/07/2008,28.54757,3.35,NA,NA,NA,0.804,9.41,15.97,4.35,NA,NA,NA,0.8,338.3,15.24,4.3,11.08,12.32,10.08,0.394,285.7,21,2.4,14.4,10,-20.88902001,-0.364582177,28,16.70833333
20/07/2008,28.55031,2.25,NA,NA,NA,0.603,13.82,10.65,3.59,NA,NA,NA,0.6,327.1,17.01,3.31,10.86,12.91,8.38,0.394,297,13.95,2.6,14.5,8.9,-26.61561343,-0.464530087,30,15.08333333
21/07/2008,28.55305,4.81,NA,NA,NA,1.005,199.5,14.44,3.89,NA,NA,NA,2.4,119.2,16.82,3.3,11.77,12.99,8.05,0.788,210.1,15.94,0,14.6,5.9,-146.6705991,-2.55988487,27,11.29166667
22/07/2008,28.55578,3.32,NA,NA,NA,1.206,155.2,14.21,3.17,NA,NA,NA,3.4,293.5,15.92,3.44,12.44,13.29,11.58,0.591,183.6,13.88,0.2,17.1,12.7,-140.9664597,-2.460328857,30,14.33333333
23/07/2008,28.55852,5.22,NA,NA,NA,1.005,214.6,13.39,4.08,NA,NA,NA,0.8,123.5,14.51,2.73,13.12,13.94,12.42,0.591,188.7,9.57,0,17.4,13.3,-177.6797576,-3.101096784,28,11.04166667
24/07/2008,28.56126,1.49,NA,NA,NA,4.02,39.38,8.75,1.75,NA,NA,NA,4.6,107.5,7.76,1.23,14.58,16.39,13.42,0.394,164.7,7.19,0,20.5,12.5,53.14307266,0.927521592,17,5
25/07/2008,28.56400,2.37,NA,NA,NA,0,127.1,11.5,2.46,NA,NA,NA,0,138.1,8.8,1.47,15.11,17.45,13.49,0.591,212.7,11.66,0,24,12.6,110.6300089,1.930857907,16,6.125
26/07/2008,28.56674,1.13,NA,NA,NA,0,235.5,5.292,1.84,NA,NA,NA,0.2,324.4,6.217,1.19,13.8,15.31,11.38,0,178.6,6.174,0,21.5,14.6,-158.7904553,-2.771416266,16,4.916666667
27/07/2008,28.56947,1.08,NA,NA,NA,0.201,69.48,4.998,1.19,NA,NA,NA,0,90.1,5.137,0.9,13.55,16.36,10.31,0,152.6,3.593,0,19.1,12,55.32475504,0.965599133,13,4.875
28/07/2008,28.57221,2.02,NA,NA,NA,0,50.45,7.97,2.64,NA,NA,NA,0,36.97,7.79,3.61,13.73,17.82,9.92,0.197,38.41,9.21,0.4,16.8,12.2,44.75676157,0.781152852,16,6.583333333
29/07/2008,28.57495,3.79,NA,NA,NA,5.829,51.5,13.33,3.47,NA,NA,NA,6.2,71.1,15.28,3.25,17.15,20.59,14.85,6.107,29.81,13.72,2.8,22.6,14,65.07513589,1.135775382,23,8.208333333
30/07/2008,28.57769,4.02,NA,NA,NA,0.603,118.2,12.97,4.18,NA,NA,NA,1,120.6,14.09,3.77,14.44,15.56,12.49,0.788,151.8,11.43,7.2,22.6,12.4,141.3010003,2.466167691,15,5.75
31/07/2008,28.58042,3.76,NA,NA,NA,13.87,52.58,14.86,NA,NA,NA,NA,NA,NA,NA,2.98,14.77,17.42,12.52,15.96,99.7,12.28,9,21.1,12.9,84.43387897,1.473649188,24,10.41666667
01/08/2008,28.58316,4.01,NA,NA,NA,10.45,76.7,14.54,NA,NA,NA,NA,NA,NA,NA,3.18,14.77,18.42,13.29,15.56,202.6,16.37,27.4,17.5,14.3,NA,NA,27,NA
02/08/2008,28.58590,1.75,NA,NA,NA,12.66,83.1,8.26,NA,NA,NA,NA,NA,NA,NA,1.94,13.26,14.39,12.69,13.4,287.5,8.23,49.2,17.3,12.9,-163.6977296,-2.85706436,20,8.208333333
03/08/2008,28.58864,1.84,NA,NA,NA,1.608,60.64,6.533,NA,NA,NA,NA,NA,NA,NA,1.99,13.4,16.42,12.15,3.349,345.1,7.48,18,15.6,12.7,-109.9900691,-1.919688851,16,6.291666667
04/08/2008,28.59138,2.66,NA,NA,NA,0.402,34.59,8.33,2.54,12.59,14.79,11.61,0.2,65.34,8.53,2.39,12.67,14.48,11.55,0,318.8,8.1,0.4,15.7,11.5,NA,NA,19,9.083333333
05/08/2008,28.59411,3.9,NA,NA,NA,0.201,39.24,14.6,2.68,12.41,14.4,12.09,0,242.5,13.7,3,12.48,14.4,11.01,0,247.1,12.67,0,16,12.1,28.54238264,0.498158553,25,11.875
06/08/2008,28.59685,4.68,12.97,14.81,12,0,56.42,16.24,3.69,12.4,14.15,11.45,0,299.9,14.21,3.75,12.45,14.46,11.4,0.197,276.5,14.21,0,14.9,12.5,50,0.872664626,26,19.375
07/08/2008,28.59959,3.09,12.75,14.53,11.54,0,32.06,9.38,3.39,12.19,13.75,11.06,0,241.5,15.78,3.21,12.23,14.2,11.04,0,269,12.81,0,14.9,11.3,36.58163657,0.638470004,24,15.83333333
08/08/2008,28.60233,1.5,12.17,14.15,10.78,0,105.5,8.04,1.89,11.59,13.19,10.37,0,137.5,8.45,2.05,12.15,14.28,10.41,0,165.3,8.89,1.2,13.6,10.4,10.24693478,0.17884275,16,6.125
09/08/2008,28.60507,4.89,13.64,16.18,12,9.05,153.6,12.9,4.61,12.97,14.74,11.27,14.4,117.3,16.73,5.4,13.01,14.6,11.3,16.74,162.6,15.12,16.2,17.3,10,162.4578461,2.83542431,25,11.41666667
10/08/2008,28.60780,3.32,13.69,16.32,11.88,2.211,189.4,9.83,2.73,12.96,15.09,11.43,1.8,116.6,13.24,2.33,13.19,15.4,11.4,1.97,191,8,18,17.3,12.5,-165.4086579,-2.886925691,19,9.125
11/08/2008,28.61054,3.84,14.01,15.79,12.61,2.412,183.9,14.57,3.35,13.29,15.1,12.02,3,119.9,16.69,3.95,13.39,14.76,11.97,2.561,174.2,15.61,4.2,18.1,11.7,-167.9987194,-2.932130792,29,12.95833333
12/08/2008,28.61328,3.23,15.31,18.25,12.57,1.608,43.55,10.09,2.17,14.81,17.99,12.22,2.6,66.59,9.68,2.08,14.71,18.03,11.97,2.167,8.22,8.66,0,19.4,12.3,72.70313892,1.268909151,20,8.458333333
13/08/2008,28.61602,3.65,14.56,17.06,12.4,0,41.69,12.25,2.45,13.9,15.99,11.98,0,237.4,11.65,2.52,13.99,16.37,12.27,0,303.3,10.55,0,16.5,11.1,38.56466274,0.67308034,20,12.75
14/08/2008,28.61875,3.68,13.1,14.86,12.07,0,68.77,10.52,2.16,12.59,14.45,11.55,0,122.4,10.9,2.14,13.24,15.63,12.07,0,258.9,9.83,0,15.3,9.8,NA,NA,16,NA
15/08/2008,28.62149,2.11,13.84,16.03,12.26,0,144.7,8.4,1.86,13.14,15.41,11.48,0,146.8,9.72,2.06,13.49,14.86,11.81,0,167.4,8.89,12.4,17.3,7.7,-179.8161379,-3.138383654,17,6.583333333
16/08/2008,28.62423,5.05,14.66,16.92,12.51,0.402,69.75,10.26,3.45,14.37,16.94,12.24,0.8,122,13.07,2.77,14.72,17.44,12.58,0.591,208.4,12.94,0,19.4,10.1,105.6943533,1.844714465,22,10.29166667
17/08/2008,28.62697,3.44,15.03,16.04,14.29,0,88.9,9.28,4.26,15.02,16.77,13.53,0,119,14.24,3.58,15.19,17.1,14.1,0,152.6,14.18,0,19.8,13.2,112.9128193,1.970700465,26,16.83333333
18/08/2008,28.62971,3.32,15.61,17.69,13.84,0,59.47,10.88,2.76,15.12,18.07,13.36,0,95.1,9.36,2.65,15.39,18.29,13.63,0,40.6,10.16,0,19.9,13.8,94.15605764,1.643333216,26,15.875
19/08/2008,28.63244,4.42,14.25,16.27,13.47,0,52.22,13.1,3.06,13.59,14.47,12.97,0,253.7,14.63,3.32,13.6,15,12.84,0,255.3,12.41,0,15.8,13.6,47.38404271,0.827007558,26,16.41666667
20/08/2008,28.63518,2.7,13.99,16.24,12.71,0.804,41.15,9.05,2.33,13.43,14.9,12.17,1.6,320.7,9.93,2.53,13.4,15.57,12.04,0.591,295.5,11.96,0.2,16.1,12.5,43.34229314,0.756465721,23,13.5
21/08/2008,28.63792,2.33,13.24,15.32,11.97,2.01,31.5,7.42,2.14,12.63,13.89,11.48,2.2,77.5,8.71,2.26,12.86,14.73,11.56,2.758,340.7,11.07,4.6,15.3,11.6,44.67961847,0.779806451,20,10.20833333
22/08/2008,28.64066,1.96,13.41,16.13,11.1,0,176.4,9.24,2.01,12.91,15.33,11.01,0,198.9,11.29,1.94,12.99,14.63,10.54,0,181,7.12,0,13.8,8.1,8.647466036,0.150926754,13,5.6875
23/08/2008,28.64339,8.04,14.09,14.94,13.17,5.628,212.1,19.57,6.79,13.54,14.28,12.66,4.4,173.4,18.85,6.15,13.37,14.18,12.41,3.743,184.8,23.13,4.4,15.5,10,NA,NA,NA,NA
24/08/2008,28.64613,7.38,13.93,15.38,11.78,6.834,182,18.95,6.41,13.38,14.49,11.63,7.2,136.3,27.04,5.15,13.19,14.3,11.34,5.91,192.8,22.8,2,17.4,12.5,-157.929489,-2.756389569,48,23.28571429
25/08/2008,28.64887,5.7,12.99,14.64,10.44,7.84,109.9,17.84,4.65,12.48,14.26,9.91,11.6,252.6,22.74,5.43,12.78,14.5,10.17,10.05,248.6,24.24,43.2,15.3,10.5,NA,NA,NA,NA
26/08/2008,28.65161,3.44,13.49,14.95,11.31,3.618,178.5,11.66,2.74,12.85,14,10.8,5.4,344.2,12.72,3.43,12.87,13.75,10.87,4.334,176.8,15.84,2.4,16.1,9.9,NA,NA,NA,NA
27/08/2008,28.65435,2.74,13.85,15.73,12.42,14.07,105.1,11.24,2.87,13.18,14.38,12.03,7.2,338.8,14.37,2.94,13.32,15.6,11.71,5.713,300.6,12.58,7.6,16.7,12.4,-107.9896796,-1.884775467,24,11.125
28/08/2008,28.65708,3.56,13.73,14.43,12.73,1.005,97.3,12.97,3.92,13.21,13.99,12.3,2.6,298.6,18.06,3.67,13.13,13.78,12.04,1.379,303.4,16.07,5.2,16.5,12.3,NA,NA,29,NA
29/08/2008,28.65982,6.14,14.39,14.84,14.07,1.005,208,12.87,4.86,14.03,14.46,13.69,1.4,110.1,17,3.04,13.82,14.31,13.34,0.591,189.3,9.38,0.2,15.8,12.5,NA,NA,28,NA
30/08/2008,28.66256,3.77,13.91,15.04,11.58,7.44,217.1,12.97,3.38,13.46,14.39,11.13,7,160.6,12.01,3.01,13.27,14.21,10.94,6.107,190.3,11.34,1,17.7,14.3,-177.4856207,-3.097708456,21,9.208333333
31/08/2008,28.66530,1.42,13.33,16.13,11.25,0.603,172.6,5.031,1.77,12.47,14.62,10.78,0.4,170.4,7.06,1.7,12.55,14.73,9.77,0.591,177.6,5.847,7.6,15.2,11.3,-106.3175193,-1.855590765,11,3.791666667
01/09/2008,28.66804,2.95,12.67,14.95,11.31,2.613,155.4,9.05,2.79,11.94,13.95,10.5,3.6,140.1,9.99,2.93,12.23,13.83,9.54,3.743,168.3,12.25,2.4,15,5.7,-165.3916781,-2.886629338,17,5.791666667
02/09/2008,28.67077,1.53,12.18,14.44,10.66,2.613,236.1,6.076,1.6,11.47,13.6,10.28,4,289.5,7.85,1.73,11.13,14.13,8.68,3.94,12.99,6.762,3.6,15,9,-160.5480739,-2.802092497,19,9.083333333
03/09/2008,28.67351,2.65,11.66,14.75,10.29,14.07,44.48,12.02,2.26,11.09,14.14,9.5,12.2,84.7,13.32,2.21,11.31,14.5,9.54,14.97,307.3,13,11.4,15.2,5.3,-32.22252191,-0.562389101,15,4.333333333
04/09/2008,28.67625,3.08,11.61,13.33,10.07,7.64,39.68,9.7,2.6,11.08,12.95,9.7,5.8,129.4,10.58,3.13,11.46,12.94,10,4.728,8.09,13.39,13.4,13.8,6.6,-39.02043329,-0.681035036,25,9.75
05/09/2008,28.67899,5.03,13.25,14.74,11.5,0.201,57.48,15.91,3.46,12.74,14.62,11.31,0,205.2,16.94,3.57,13.06,14.76,11.51,0.591,239.4,19.63,0.2,15.4,6.6,67.89197496,1.184938499,29,12.66666667
06/09/2008,28.68172,3.37,12.23,13.62,11.01,0.201,41.16,13.52,3.98,11.66,12.8,10.32,0,283.3,17.58,3.52,12.2,13.51,10.9,0,257,13.95,0.4,13.6,10.9,NA,NA,28,NA
07/09/2008,28.68446,3.29,11.79,12.73,10.84,0,62.11,10.16,2.4,11.23,12.17,10.32,0,210,9.96,2.38,11.87,12.81,10.94,0,214.5,9.96,0,13.7,10.3,54.94179072,0.958915145,22,13.45833333
08/09/2008,28.68720,3.15,13.32,14.39,12.02,0.201,145.5,11.2,3.17,12.68,14.21,10.99,0.2,150.5,10.85,4.32,13.11,13.97,11.14,0,161.9,12.02,0,15.1,8.9,130.6395106,2.280089593,15,7.208333333
09/09/2008,28.68994,4.63,13.7,14.94,12.25,3.819,90.4,12.05,4.16,13.19,14.97,11.79,6.6,142.2,12.68,4.62,13.47,15.23,11.87,5.91,181.5,10.94,3.6,17.2,11,122.7054292,2.141613749,27,12.58333333
10/09/2008,28.69268,4.13,13.15,14.57,11.55,9.45,107.8,20.87,4.23,12.65,13.82,11.1,12.2,133.5,17.82,4.31,12.78,14.35,11.04,12.21,161.5,16.14,2.2,14.4,9.5,142.5071403,2.487218805,NA,11.29166667
11/09/2008,28.69541,5.53,13.86,15.2,13.21,4.221,195.5,18.62,4.7,13.22,14.61,12.67,3.2,162.6,18.33,5.76,13.33,14.45,12.58,2.561,172.2,18.72,2.2,16.7,12.5,171.0438709,2.985278713,36,16.70833333
12/09/2008,28.69815,2.53,14.09,16.25,12.56,0,186.8,8.2,2.17,13.32,15.12,12.06,0.4,174.3,9.36,2.17,13.63,15.22,12.11,0.197,187,8.85,0,16.9,11,-177.7512408,-3.102344401,17,8.375
13/09/2008,28.70089,4.09,13.42,15.23,12.51,0.402,210.6,10.42,3.48,12.82,15,11.67,0.4,172.5,10.96,3.41,13.17,14.3,12.41,0,182.7,11.63,3.6,14,9.7,-173.0717943,-3.020672653,13,3.75
14/09/2008,28.70363,1.57,13.35,14.58,12.59,7.84,213.1,8.59,2.05,12.87,13.77,12.4,7.8,113,8.66,1.7,12.89,13.94,12.33,7.09,165.3,9.64,0.6,15.5,10.2,176.341672,3.077742784,14,5.75
15/09/2008,28.70637,1.85,12.58,14,10.8,0,2.269,7.35,1.96,12.15,13.3,10.69,0,332.7,9.1,2.69,12.65,13.74,11.67,2.167,30.16,8.33,10,14.1,11.1,-93.66544638,-1.634770435,14,6.916666667
16/09/2008,28.70910,2.04,12.11,14.2,10.52,0,35.24,7.32,2.03,11.52,13.77,9.32,0,78.7,8.29,2.01,11.96,14.1,8.78,0,1.288,9.08,0.2,13.9,9.5,2.368385786,0.04133613,17,9
17/09/2008,28.71184,5.43,12.38,14.06,10.19,2.211,216.6,15.97,5.34,11.68,13.38,9.46,1.4,146.6,24.46,3.29,11.76,13.79,7.81,1.576,221.3,12.67,0,15.1,7.1,NA,NA,NA,NA
18/09/2008,28.71458,5.76,12.38,13.52,9.63,7.64,229.3,17.25,4.69,11.93,13.11,9.85,10.8,42.06,24.49,4.1,12.22,13.14,9.77,6.501,217.5,14.34,8.4,13.3,11.8,-149.3369447,-2.606421379,32,17.79166667
19/09/2008,28.71732,1.88,11.83,13.34,10.18,0,215.4,9.38,1.97,11.27,12.95,9.93,0,173.4,8.26,1.9,11.86,13.34,9.58,0,240.9,7.64,0.2,14.9,6.5,-110.6707434,-1.931568858,18,5.25
20/09/2008,28.72005,7.65,13.98,15.49,11.77,1.206,202.3,17.64,6.12,13.42,14.07,11.22,1.8,117.1,22.37,4.16,13.65,14.53,11.74,0.985,196.5,13.2,0,16.5,7.3,-159.9872753,-2.792304716,35,17.5
21/09/2008,28.72279,3.95,12.36,13.94,10.24,3.417,15.13,17.77,4.7,11.81,13.33,9.62,4.4,99.3,26.81,3.35,12.34,14.01,10.1,3.546,318.1,13.75,0.4,14.6,6.3,-115.3665162,-2.013525554,36,13.29166667
22/09/2008,28.72553,1.95,12.52,14.31,10.78,0,77.7,8.17,1.87,11.99,13.7,10.21,0.8,275,9.28,1.94,12.44,14.4,9.68,0.788,293.3,8.13,0.4,15.2,5,-116.2274974,-2.028552512,17,7.166666667
23/09/2008,28.72827,1.25,13.02,14.62,11.46,0.201,140.6,5.423,1.16,12.49,13.77,11.62,0,209.2,5.557,1.32,13.1,14.44,11.67,0,205.4,5.945,0,15.2,9.4,-149.8325798,-2.615071845,13,5.125
24/09/2008,28.73101,5.38,13.13,14.63,12.21,0,211.4,12.51,4.43,12.55,14.13,11.15,0,170.7,14.73,3.68,13.21,14.3,12.61,0,191.8,11.34,0,13.1,9.4,174.4158179,3.044130291,19,9.25
25/09/2008,28.73374,5.28,13.38,14.34,13.05,0,207.1,11.83,3.98,12.8,13.41,12.53,0.2,137.6,14.35,2.82,13.22,13.77,12.74,0,200.5,9.96,0,13.5,12.6,-159.4392615,-2.78274007,24,12.61111111
26/09/2008,28.73648,7.36,13.59,14.48,12.9,0,202.1,17.41,5.63,13.05,13.65,12.44,0,117.4,19.71,4.38,13.58,14.2,12.74,0.197,199.9,13.95,0,15,11,-151.4272308,-2.642903754,37,20.35714286
27/09/2008,28.73922,3.19,11.75,13.86,10.2,3.819,25.86,17.74,4.01,11.16,13.32,9.83,6.2,73.5,19.82,3.55,11.77,13.94,10.18,5.319,324.2,15.35,6.8,14.1,7.1,-97.71223514,-1.705400223,33,12.91666667
28/09/2008,28.74196,3.37,11.38,12.88,9.43,3.417,58.52,13.62,3.08,10.82,12.47,9.17,4.6,334.9,14.86,3.47,11.44,13.18,9.61,3.94,313,14.86,6.2,13,6.2,-111.6726024,-1.949054596,26,10.83333333
29/09/2008,28.74470,4.14,11.28,12.89,9.76,6.231,35.94,14.24,5.24,10.72,11.68,9.43,8.6,282.4,23.97,5.17,11.38,13.04,10.01,7.88,331.3,21.66,18.8,12.2,7.7,-106.5865945,-1.860287012,29,11.58333333
30/09/2008,28.74743,2.41,10.39,12.81,8.27,3.618,355.3,13.39,4.63,9.76,11.3,8.08,2.8,33.82,17.86,4.46,10.52,12.31,8.84,2.561,327.2,16.04,20,12.7,7.5,-76.72663376,-1.339132383,27,11.5
01/10/2008,28.75017,3.1,8.8,9.84,7.33,3.216,19.16,18.55,5.24,8.26,9.53,6.17,3.2,350.8,20.96,5.48,8.95,10.22,7.11,3.546,343.9,24.53,21.6,9,4.8,-35.77000807,-0.624304414,32,11.58333333
02/10/2008,28.75291,4.97,8.69,10.62,5.399,5.628,39.69,25.51,6.1,8.15,9.81,5.045,6.4,322,27.03,7.03,8.91,10.48,5.835,6.501,7.8,28.26,13.8,9.8,3.4,-27.5942634,-0.481610751,55,20.625
03/10/2008,28.75565,3.03,7.6,9.97,5.832,3.618,50.95,13.3,3.52,6.92,8.39,5.114,5.2,320.2,18.19,3.66,7.71,9.47,6.102,4.728,261.5,17.44,13.8,9.1,3.7,-53.1678242,-0.927953588,39,15
04/10/2008,28.75838,4.38,8.31,11.32,6.509,14.87,46.79,18.23,4.88,7.76,11.15,6.079,24,20.86,25.83,4.98,8.4,11.37,6.398,24.03,259.1,20.68,27.8,10.4,3.3,-73.03294954,-1.274665432,37,14.875
05/10/2008,28.76112,3.22,8.98,10.71,7.01,5.226,40.14,16.46,3.75,8.37,9.7,6.762,6.2,187.1,27.01,4,9.16,11.05,7.61,5.91,226.9,19.08,3.2,12.6,5.4,-15.06336685,-0.262905348,43,12.70833333
06/10/2008,28.76386,5.62,11.41,13.12,9.17,1.407,202.9,21.2,5.32,10.76,12.61,8.62,1.4,168.6,18.56,6.24,11.48,13.01,9.54,0.788,173.1,17.71,2,12.3,4.3,165.364386,2.886153002,32,15.58333333
07/10/2008,28.76660,2.64,11.91,13.13,10.45,17.29,267.2,13.13,3.64,11.45,12.64,10.02,18,82.6,14.16,3.43,11.88,13.08,10.74,15.17,298.6,15.65,22,13.1,10.7,-174.1355198,-3.039238166,22,10.83333333
08/10/2008,28.76934,3.48,11.92,13.41,10.25,0.603,109.4,12.02,3.16,11.46,13.03,10,0.4,312.2,16.66,3.15,12.02,13.39,10.64,0.197,255.4,13.1,0,13.5,6.3,-108.0244818,-1.88538288,22,10.29166667
09/10/2008,28.77207,9.54,12.3,12.85,11.33,14.87,205.7,25.77,7.55,11.81,12.35,10.74,9.4,136.6,31.78,5.17,12.27,12.81,11.54,7.29,196.9,20.38,5.6,12.6,10.1,-160.4163923,-2.799794219,46,21.29166667
10/10/2008,28.77481,6.55,12.49,13.79,11.59,0.201,168.2,18.59,6.05,11.99,13.14,10.89,0.8,191.3,24.13,5.32,12.53,13.7,11.77,0.197,174.5,26.2,0.2,15,9.7,-134.3519361,-2.344883641,35,18.625
11/10/2008,28.77755,5.49,11.41,12.55,9.31,1.407,104.7,20.02,4.18,10.84,12.06,8.78,1.8,254.1,21.45,5.24,11.52,12.5,9.4,1.773,290.6,22.31,7.6,12.8,8.6,-126.1873438,-2.202384624,38,18.375
12/10/2008,28.78029,8.05,11.53,12.32,9.95,15.68,194.2,19.7,6.8,11,11.86,9.51,16,119.2,27.39,5.15,11.65,12.47,10.23,12.8,196.5,20.48,18.4,12,7,-149.1879435,-2.603820818,42,19.375
13/10/2008,28.78303,3.8,10.92,12.24,8.91,2.01,65.38,15.35,3.13,10.4,11.96,9.01,1.2,325.9,14.1,3.74,11.01,12.24,9.36,1.576,294.4,16.5,8.8,12.4,7.7,NA,NA,30,NA
14/10/2008,28.78576,3.2,10.52,12.42,9.15,0.402,180.3,12.81,2.65,9.94,11.49,8.57,0.4,37.94,13.74,2.61,10.57,11.87,9.17,0.394,218.2,13.62,0.6,11.1,7,-132.9870832,-2.321062464,19,7.5
15/10/2008,28.78850,4.49,9.75,10.96,7.33,5.226,48.33,18.23,4.77,9.19,10.37,6.911,7.6,51.55,24.63,5.3,9.86,11.15,7.78,6.501,303.4,20.09,19,10.8,5.9,-119.6564288,-2.088398654,37,15.20833333
16/10/2008,28.79124,2.17,9.56,11.16,7.99,2.01,355.7,11.34,4.04,8.94,9.8,7.66,2.2,18.06,20.45,4.05,9.63,10.81,8.41,2.167,327.8,16.92,4.2,10.9,5.8,NA,NA,NA,NA
17/10/2008,28.79398,4.27,10.75,12.16,9.27,3.819,108.1,15.32,3.64,10.16,11.41,8.84,5.6,264.5,20.47,4.39,10.88,12.04,9.47,4.531,227.5,19.6,5.4,12.4,6.4,-136.3023436,-2.378924673,30,12.66666667
18/10/2008,28.79671,4.16,9.91,11.25,8.08,1.407,67.21,15.78,4.2,9.27,10.1,7.6,1.8,332.4,24.76,4.56,9.99,11.14,8.24,1.576,319.5,19.96,10,10.8,6,-104.1905098,-1.818467445,36,12.75
19/10/2008,28.79945,8.88,11.69,13.07,9.42,34.17,197.2,25.19,7.02,11.16,12.28,8.96,25.4,153.6,27.05,7.4,11.82,12.98,9.63,20.88,181.8,27.31,17.8,13.1,4.9,-160.7656416,-2.80588977,60,23.75
20/10/2008,28.80219,4.56,9.11,11.31,6.148,4.422,59.3,24.6,5.51,8.57,10.83,5.546,5.8,311.8,24.67,5.45,9.27,11.67,6.47,4.531,347.7,22.31,16,12.4,6.3,-117.2083659,-2.045671896,45,18.04166667
21/10/2008,28.80493,4.53,6.73,8.3,4.014,4.623,29.35,15.42,5.94,6.16,7.36,3.512,4.2,21.79,27.3,5.87,6.88,8.21,4.337,3.152,338.9,22.96,15.8,7.7,2.7,-98.78438802,-1.724112821,42,15.45833333
22/10/2008,28.80767,6.47,9.58,11.36,6.524,14.87,150.8,25.32,6.1,8.97,10.81,6.006,15,159.4,31.74,4.8,9.71,11.41,6.639,8.67,228.1,17.61,4.2,11,2.2,-133.2540774,-2.325722392,48,14.54166667
23/10/2008,28.81040,9.65,10.83,12.95,5.316,24.12,177.2,26,7.79,10.37,12.54,4.808,29.2,113.8,34.89,6.64,10.75,12.68,5.634,18.52,208.5,29.14,31.6,13.5,7.2,-149.5727004,-2.610536093,66,29.20833333
24/10/2008,28.81314,6.65,8.5,10.38,5.632,7.64,87.6,23.59,5.31,7.84,9.72,5.444,12.6,262.9,30.5,6.71,8.68,10.61,6.27,9.06,271.2,27.28,22,8.8,4.1,NA,NA,56,NA
25/10/2008,28.81588,8.88,9.99,13.22,7.43,26.13,131.7,28.35,7.27,9.52,13.14,6.899,48.2,85,40.61,7.07,10.22,13.55,7.74,16.55,219.5,36.42,35,13.8,6.5,-128.9222212,-2.25011724,68,27.70833333
26/10/2008,28.81862,4.3,7.01,8.86,5.287,5.226,37.84,20.61,5.02,6.42,8.16,4.921,6.4,14.23,25.17,5.55,7.21,9.05,5.868,5.319,319.8,20.97,16.8,7.4,3.4,-103.7940159,-1.811547321,39,15.33333333
27/10/2008,28.82136,2.8,6.2,8.76,2.745,5.025,13.65,15.48,4.17,5.69,7.77,2.163,3.4,314.5,21.1,4.28,6.5,8.44,3.106,3.743,263.9,19.83,11.6,7.4,3.5,-26.71414566,-0.466249799,41,17.83333333
28/10/2008,28.82409,3.19,3.62,4.985,1.208,3.819,0.425,15.91,5.25,3.16,4.639,0.385,2.2,336.8,25.82,5.36,4.01,5.448,1.466,2.167,278,20.19,8.8,4.5,0.1,-31.66182992,-0.552603179,43,19.875
29/10/2008,28.82683,4.42,5.78,7.57,3.726,4.02,78.8,12.81,3.9,5.03,7.11,2.992,5.4,156.4,17.59,3.93,5.97,7.61,4.043,5.91,199.4,15.61,3.2,7.4,2.6,8.081273342,0.141044828,28,8.625
30/10/2008,28.82957,3.9,7.23,8.86,5.948,4.02,38.97,15.09,3.55,6.72,8.06,5.429,4.8,255.8,17.75,3.39,7.45,8.98,6.136,3.743,273.9,20.02,14.8,8.2,3.6,26.2623422,0.458364341,28,9.625
31/10/2008,28.83231,3.57,6.49,8.02,5.141,3.417,20.74,16.66,3.69,6.04,7.18,4.71,2.2,128.6,21.02,3.56,6.8,8.21,5.48,2.167,305.5,19.27,8,8.1,2.1,-5.716066195,-0.099764175,32,11.20833333
01/11/2008,28.83504,2.46,8.35,10.06,5.755,0.804,52.58,12.28,2.25,7.81,9.57,5.33,1.8,299.7,10.67,2.55,8.34,9.98,5.309,1.182,326.7,12.87,2.8,8.2,2.5,-134.7945632,-2.352608942,21,9.041666667
02/11/2008,28.83778,2.74,9.91,11.19,8.29,1.206,195.5,9.11,2.22,9.32,10.4,7.9,3,286.4,11.27,2.5,9.75,10.81,7.61,1.773,210.3,11.24,2,10.3,4.7,-127.7478403,-2.229620426,17,6.25
03/11/2008,28.84052,2.05,10.36,11.16,8.7,6.432,75.8,8.53,2.28,9.99,11.41,8.24,11.2,292.4,9.22,2.41,10.25,11.14,8.8,7.49,297,10.75,9.8,12.2,8.7,-131.8041969,-2.300417203,21,10.25
04/11/2008,28.84326,4.08,9.66,10.7,8.74,0.402,170.5,10.75,3.24,9.06,10.02,8.34,1.8,169.1,9.89,3.12,9.65,10.54,8.67,0.985,192.2,12.12,0.2,12.3,7.2,91.39990859,1.595229341,17,6.25
05/11/2008,28.84600,2.78,9.81,10.31,9.27,0,184.8,10.19,2.79,9.19,9.61,8.67,0.2,162,12.29,3.13,9.93,10.37,9.44,0,178,8.2,0,10.7,NA,-8.86998658,-0.15481047,7,2.166666667
06/11/2008,28.84873,3.46,9.35,10.01,8.54,0,109.4,8.95,3.96,8.67,9.42,7.98,0,145,9.56,5.17,9.54,10.17,8.77,0,156.2,9.57,0,11,4.9,126.4826662,2.207538971,15,7.733333333
07/11/2008,28.85147,4.53,9.69,10.45,8.29,0.201,97.5,10.32,4.69,8.95,10.03,7.42,0.6,131.4,11.9,5.18,9.8,10.54,8.07,0.591,146.9,13.92,4.2,10.7,8,126.8110917,2.213271078,28,11.375
08/11/2008,28.85421,5.99,9.15,10.06,6.707,0.603,175.2,23.65,5.73,8.52,9.31,6.151,1,159,30.86,5.78,9.36,10.31,7.21,0.394,179.9,21.89,9.4,10.9,7,-179.0430906,-3.124891434,39,17
09/11/2008,28.85695,9.36,6.23,7.28,4.606,8.64,182.5,27.44,7.49,5.51,6.595,3.81,29.2,82.4,35.55,8.6,6.52,7.47,4.879,5.516,184.4,32.63,7.4,9.3,2.8,-152.0763209,-2.654232514,43,21.83333333
10/11/2008,28.85969,5.63,8.06,9.45,5.792,19.7,139,26.53,5.95,7.48,8.9,5.17,28.8,323.4,32.54,6.62,8.27,9.78,6.276,18.71,200.6,31.07,22.6,8.7,3.7,-155.1413626,-2.707727584,47,18.41666667
11/11/2008,28.86242,3.66,8.31,9.03,6.545,7.84,4.528,23.26,6.36,7.82,8.5,6.115,18.2,315.8,32.2,6.11,8.63,9.38,6.905,6.304,208,28.52,16.4,9,6,-8.328103092,-0.145352819,34,15.25
12/11/2008,28.86516,3.03,8.47,10.21,6.745,4.623,201.7,13.92,3.01,7.95,9.72,6.153,5.4,341.1,14.89,3.02,8.69,10.24,6.939,3.94,224.3,13.46,1.4,8.9,5.8,-93.19150308,-1.626498564,25,9.875
13/11/2008,28.86790,3.82,10.44,11.34,8.44,5.025,66.7,14.44,3.29,10.07,11.16,7.78,8.4,13.26,18.96,4.1,10.45,11.51,8.47,5.91,257.8,17.97,8.6,11.6,7.7,-133.0275766,-2.321769208,28,12.95833333
14/11/2008,28.87064,5.31,10.82,11.55,9.22,11.46,89.5,19.24,4.84,10.48,11.29,8.86,19,299.2,26.13,6.26,10.84,11.57,9.4,14.18,249.5,26.1,29.6,12.4,8.7,-117.6042023,-2.052580544,43,19.41666667
15/11/2008,28.87337,4.52,8.56,10.08,6.189,1.206,30.01,19.01,6.13,8.06,9.56,5.521,1.6,60.28,24.22,6.19,8.77,10.42,6.337,1.182,338.1,19.31,7.6,9.1,5.2,-94.56706671,-1.650506678,42,17.625
16/11/2008,28.87611,1.96,7.39,8.1,6.476,0.201,313.1,12.09,3.01,6.85,7.62,5.8,0.2,341.2,20.57,2.96,7.47,8.48,5.243,0,306.4,18.23,1.2,7.5,2,-79.41738594,-1.386094868,37,9.083333333
17/11/2008,28.87885,3.88,9.32,10.86,7.77,12.66,208.8,17.12,4.67,8.81,10.62,7.01,11,142.7,18.09,5.53,9.45,10.9,8.14,10.24,246.4,17.54,13.6,11.1,1.8,-131.2053871,-2.289966001,34,15.95833333
18/11/2008,28.88159,2.92,9.76,10.79,8.32,1.005,2.79,14.86,6.21,9.31,11.13,7.76,1,37.52,24.38,5.73,10.02,11.57,8.51,0.591,329.8,22.34,3.4,10.4,7.4,-67.73173389,-1.182141764,32,12.91304348
19/11/2008,28.88433,4.19,10.31,11.09,9.49,1.608,29.4,18.29,7.11,9.9,10.75,9.04,5.8,353.9,24.94,6.47,10.51,11.44,9.61,2.167,336.2,25.74,5.2,11.1,8.8,-78.72521781,-1.374014255,42,23.08333333
20/11/2008,28.88706,3.33,8.8,9.78,6.035,0.402,343.2,17.97,6.72,8.3,9.2,5.586,0.4,16.33,24.76,6.83,9.02,9.91,6.47,0.197,329.3,24.24,10.4,9,4.7,-55.41984626,-0.967258788,48,20.91666667
21/11/2008,28.88980,3.64,5.89,7.05,4.28,0.804,346,17.93,6.12,5.41,6.615,3.645,1.4,350.8,24.21,NA,NA,NA,NA,NA,NA,NA,6.8,5.9,1.7,-23.32103306,-0.407028812,39,17.75
22/11/2008,28.89254,3.24,4.94,8.11,3.786,9.85,11.64,19.5,3.36,4.34,7.45,3.289,6.8,210.4,18.42,3.32,5.23,8.08,3.976,6.698,198.4,15.88,0.4,4.3,1.2,-24.81034646,-0.433022234,37,12.58333333
23/11/2008,28.89528,5.21,7.43,9.99,6.168,7.64,26.94,30.22,8.74,6.91,9.57,5.428,12,17.74,32.37,9.8,7.66,10.08,6.403,7.49,346.4,33.74,38.2,8,2.8,-54.76571995,-0.95584213,48,25.33333333
24/11/2008,28.89802,3.83,7.09,8.93,5.448,3.417,35.1,19.37,4.79,6.54,8.05,5.119,2,235.3,20.09,4.57,7.33,9.01,5.739,2.364,332.4,22.96,4.4,8,4.4,12.17405068,0.212477268,40,18.41666667
25/11/2008,28.90075,2.48,9.01,12.41,6.061,2.814,36.82,10.06,4.65,8.77,13.1,5.587,5,308.9,20.97,3.95,9.42,13.31,6.437,3.152,317,19.89,1.6,10.2,1.3,-83.77699122,-1.462184334,26,11.66666667
26/11/2008,28.90349,5.69,10.32,10.96,7.97,4.623,89.8,18.98,4.82,9.93,11.35,8.27,7.8,303.8,27.08,6.12,10.6,12.07,8.84,5.122,263.2,25.68,1.6,11.1,9.3,-110.4424527,-1.927584433,45,21.79166667
27/11/2008,28.90623,4.03,5.19,8.94,1.919,10.65,45.39,17.12,4.3,4.64,8.29,1.185,9.8,11.3,23.72,4.78,5.39,9.11,2.236,12.02,328.2,22.38,25.4,10.7,0.7,-113.3075409,-1.977589657,39,12.58333333
28/11/2008,28.90897,2.96,2.94,4.698,0.924,8.44,24.76,15.32,3.08,2.38,4.274,0.536,11.6,303.1,18.62,3.08,3.08,4.781,1.245,9.46,313.6,19.44,13,2.9,-0.9,-76.61165833,-1.337125683,27,7.75
29/11/2008,28.91170,4.72,4.14,5.301,2.423,6.231,35.85,21.23,4.8,3.64,4.835,2.024,4.4,155.3,22.72,5.1,4.54,5.515,2.838,4.925,335.8,29.33,9.4,4.9,-0.1,-7.466276435,-0.130311107,26,11.66666667
30/11/2008,28.91444,3.63,5.48,7.07,3.935,3.819,35.13,20.71,3.71,4.9,6.565,3.468,3.2,216,18.91,3.98,5.87,7.37,4.708,3.349,12.81,21.85,35,6.8,0.5,NA,NA,40,NA
01/12/2008,28.91718,3.03,4.97,6.628,2.64,6.432,26.11,18.06,4.02,4.48,6.118,1.882,7.6,341.5,24,NA,NA,NA,NA,NA,NA,NA,6.6,6.6,0.3,-67.32710106,-1.175079589,30,10.70833333
02/12/2008,28.91992,3.95,5.04,6.433,3.383,3.618,45.22,24.57,4.79,4.43,5.685,3.01,3.2,352.1,27.67,4.87,5.24,6.545,2.336,2.364,278.5,29.04,10.2,5.3,0.8,-3.811956001,-0.066531183,27,10.375
03/12/2008,28.92266,4.75,5.26,7.02,3.792,14.87,224.5,24.86,4,4.62,5.998,2.89,10.8,219.2,23.75,4.07,4.93,6.918,1.446,12.8,200.7,27.15,1.4,5.6,-1.6,-131.5239689,-2.295526303,41,12.91666667
04/12/2008,28.92539,1.86,6.13,8.05,4.393,3.417,323.2,11.14,2.17,5.74,7.33,4.318,5,316.5,13.03,1.88,5.83,8.15,3.106,5.122,342.5,10.78,11.8,6.3,0.6,-130.5243956,-2.278080457,39,9.916666667
05/12/2008,28.92813,3.05,7.08,8.03,4.862,0.603,13.56,10.13,2.61,6.61,7.5,5.404,0.2,312.1,14.16,2.34,6.87,8.31,3.909,0.394,295.5,10.06,2.8,7.7,0.5,35.98062439,0.627980362,26,10
06/12/2008,28.93087,2.31,8.06,9.37,6.761,0.402,63.45,12.97,2.35,7.42,8.16,5.819,0.6,289.7,12.35,2.27,7.87,9.65,4.177,0.394,335,16.17,4.4,7.4,0.1,-118.5040167,-2.068285268,15,6.833333333
07/12/2008,28.93361,5.41,9.01,10.11,6.495,6.633,143.7,20.19,5.31,8.51,9.65,6.208,9,300.4,26.52,6.44,9.24,10.44,7.01,7.29,180.9,26.2,30.4,9.6,4.2,-132.6205827,-2.314665825,41,17.20833333
08/12/2008,28.93634,2.99,6.19,7.3,4.862,2.211,3.338,14.77,5.07,5.72,6.558,4.059,2.6,34.58,25.4,4.71,6.43,7.38,4.844,2.955,336.7,16.95,12.6,7.3,2.1,-89.98712818,-1.570571671,37,11.08333333
09/12/2008,28.93908,2.79,5.97,7.07,3.706,2.814,338,21.95,5.13,5.62,6.416,3.127,2.2,350,22.48,5.13,6.47,7.27,4.076,1.773,287.4,24.92,10.4,5.3,1.5,-35.82058686,-0.625187181,37,13.25
10/12/2008,28.94182,1.61,6.08,8.75,4.775,0,248.1,8.3,2.11,5.34,7.02,4.338,0,256.6,8.85,2.41,6.47,8.04,4.477,0,191.8,11.34,0.2,5.6,0.1,NA,NA,NA,NA
11/12/2008,28.94456,3.41,7.17,7.93,6.242,6.03,206.6,10.78,3.59,6.57,7.3,5.484,8.6,171.6,12.91,4.67,7.41,8.21,6.437,6.895,170.6,14.67,3.4,5.6,-0.8,-179.9599181,-3.140893093,24,9.958333333
12/12/2008,28.94730,5.59,7.11,8.3,5.867,25.93,195,23.19,4.98,6.52,7.7,5.55,18.6,195,18.71,4.88,7.32,8.34,6.008,18.32,206.9,24.63,24.2,7.8,3.6,NA,NA,NA,NA
13/12/2008,28.95003,2.09,5.45,6.741,4.144,0.201,0.355,11.37,3.41,5.05,6.248,3.579,0.2,338.4,14.68,3.39,5.79,6.75,4.277,0.197,317.7,14.31,0,7.1,1.8,-92.59786192,-1.616137571,15,5.583333333
14/12/2008,28.95277,2.43,6.32,7.49,5.521,0.201,355.8,14.5,3.75,5.84,6.871,5.232,0.2,347.9,16.72,3.89,6.62,7.82,5.415,0.197,315.1,15.97,8.4,5.4,1.6,-77.65480611,-1.355332047,11,3.958333333
15/12/2008,28.95551,8.63,9.3,10.89,7.21,10.65,195.8,22.96,6.79,8.84,10.52,6.641,16.6,80.1,31.33,6.57,9.48,11.2,7.61,7.68,188.3,19.34,6.4,11,1.2,-153.7708093,-2.683806916,45,20.83333333
16/12/2008,28.95825,5.61,7.07,10.39,3.459,10.45,90.4,24.37,4.76,6.49,10.04,2.591,13.2,282,26.32,5.09,7.22,10.5,3.775,10.24,271.6,27.73,13.4,11,2.9,NA,NA,47,NA
17/12/2008,28.96099,6.93,8.39,10.72,4.833,11.86,101.8,23.62,5.8,7.87,10.49,4.249,16.8,284.5,29.33,6.46,8.68,11.11,5.177,11.43,243.2,28.94,13.8,9.5,2.9,-122.4357927,-2.136907705,49,21.5
18/12/2008,28.96372,6.31,6.09,10.58,3.583,3.417,62.42,24.57,5.16,5.5,10.18,2.861,5.2,1.444,29.4,6.69,6.34,11.01,3.809,4.137,266.8,26.43,3.8,10.8,2.5,-112.4984185,-1.963467806,58,20.45833333
19/12/2008,28.96646,8.89,7.42,11.08,4.373,25.53,97.9,30.35,8.59,6.99,11.12,3.996,56,241.1,34.17,8.73,7.77,11.61,4.779,15.37,278.9,37.76,9.2,11.5,2.6,-119.321155,-2.082547022,67,29.41666667
20/12/2008,28.96920,3.9,7.33,10.78,5.983,3.819,45.18,20.78,4.9,6.7,10.48,5.178,5.8,137.7,24.05,5.15,7.51,11.05,5.012,3.94,337.1,26.43,0,8,2.7,-109.0041873,-1.902481967,53,16.25
21/12/2008,28.97194,7.13,9.16,11.3,6.006,1.809,83.9,25.81,6.18,8.77,11.03,5.994,5.6,355.9,27.26,7.79,9.52,11.57,6.705,2.561,243.1,28.68,8,11.7,4.9,-115.2074632,-2.010749556,59,26.45833333
22/12/2008,28.97467,4.9,9.49,10.45,8.52,0.603,185.5,14.37,4.05,9.02,10.29,8.12,1.2,23.42,20.59,4.52,9.7,11,8.78,0.394,193.2,16.24,0,10.8,5.4,-135.126192,-2.358396956,34,13.75
23/12/2008,28.97741,5.13,8.62,10.03,6.812,2.01,173.8,16.73,4.72,8.11,9.55,6.607,2,138.4,23.65,3.88,8.78,10.28,6.303,1.773,244,14.5,0,9.5,1.8,-134.2476769,-2.343063975,37,15.625
24/12/2008,28.98015,5.58,9.08,9.95,7.62,0.603,203.1,14.96,4.06,8.59,9.53,7.17,0.4,119.2,16.26,3.56,9.32,10.24,8.01,0.197,192.6,11.73,2,9.9,1.9,-156.7585295,-2.735952471,23,10.25
25/12/2008,28.98289,6.08,8.5,9.11,7.67,0,215.9,15.26,4.69,7.94,8.58,7.06,0.2,168.3,14.03,3.4,8.74,9.31,7.94,0.197,200.2,14.41,0,9.2,7.2,-155.012627,-2.705480724,23,10.79166667
26/12/2008,28.98563,3.33,7.93,8.82,6.521,0.201,200.4,9.93,2.86,7.22,8.31,5.128,0,165.3,13.52,2.95,8.27,9.18,6.905,0,184,10.36,0,7.9,4.6,-113.3811281,-1.978873995,13,3.708333333
27/12/2008,28.98836,2.1,6.02,8.42,4.746,0,106.5,5.619,1.72,4.88,6.523,3.255,0,142,5.843,2.65,6.22,7.45,3.942,0,145.6,7.02,0,6.8,2.1,-63.37162295,-1.106043473,10,3.291666667
28/12/2008,28.99110,1.13,5.22,5.933,4.393,0,131.8,6.762,1.09,4.3,5.044,3.474,0,193.7,5.967,1.64,5.28,6.285,3.842,0,144.7,6.272,0,4.7,-0.5,-113.844122,-1.986954762,8,2.708333333
29/12/2008,28.99384,3.06,5.99,6.675,5.396,0,167.7,12.48,3.4,5.25,5.953,4.772,0,158.2,10.94,4.61,6.38,7.11,5.734,0,165.6,12.77,0,5,-0.2,-118.6574499,-2.070963183,10,3.541666667
30/12/2008,28.99658,3.77,6.05,6.791,5.273,0,195.2,11.17,3.69,5.36,6.11,4.509,0.2,166.4,10.44,5.42,6.45,7.07,5.701,0,164.8,13.82,0,4.8,0.4,-138.4346523,-2.416140481,17,6.333333333
31/12/2008,28.99932,2.96,7.15,7.72,6.663,2.412,170.7,9.08,2.9,6.4,6.978,5.879,2.4,158.8,7.71,4.15,7.45,7.98,6.838,2.167,159.6,11.27,0,6,1.9,139.9693751,2.442926447,13,5.875
01/01/2009,29.00205,3.71,6.44,7.27,5.732,0,86.8,8.95,3,5.56,6.418,4.856,0,125.7,9.9,2.81,6.62,7.38,5.869,0,147.7,9.9,0.2,7.6,2,92.4728068,1.613954947,18,6.375
02/01/2009,29.00479,3.91,5.82,6.81,4.775,0.603,131.4,10.26,3.01,5.06,5.956,3.958,0.4,165.1,13.95,2.89,6.11,7.01,5.013,0.591,181.2,11.04,0,5.5,1.3,151.5773483,2.645523799,16,7.375
03/01/2009,29.00753,3.7,6.64,7.41,5.993,0.201,175.8,11.14,2.81,5.98,6.747,5.231,1.2,184.1,12.85,2.88,6.84,7.61,5.773,0.985,207.2,11.89,1.2,5.9,0.9,-122.0890449,-2.130855814,17,8.75
04/01/2009,29.01027,3.28,7.76,8.78,6.763,1.809,79.2,9.77,2.55,7.15,8.29,6.196,2.4,252,12.8,2.59,7.93,8.95,6.972,2.364,264.7,9.73,6,6.3,4.1,NA,NA,20,NA
05/01/2009,29.01300,5.53,6.59,8.41,5.589,3.216,173.6,15.16,4.54,5.9,7.88,4.968,2.4,157.4,16.72,4.78,6.83,8.61,5.969,1.97,180.1,15.91,0,4.9,2.3,174.8321666,3.051396945,28,13.25
06/01/2009,29.01574,2.34,8.12,8.98,6.387,6.834,41.27,15.84,2.76,7.64,8.46,5.156,7.2,320.4,13.51,2.79,8.33,9.14,5.902,7.09,343.2,17.22,22,8.7,4.5,-83.35727668,-1.454858934,29,10.875
07/01/2009,29.01848,2.54,7.66,8.91,5.866,1.005,113.4,14.18,2.36,7.08,8.46,4.969,2.2,284.9,19.82,2.57,7.53,9.18,4.411,1.773,325.3,15.71,0.4,6.9,0.3,-114.19676,-1.993109458,22,6.5
08/01/2009,29.02122,6.43,9.3,9.97,8.33,0.201,191.8,17.25,4.79,8.75,9.61,7.67,0.6,56.42,24.2,5.55,9.56,10.31,8.5,0,187,17.28,0.6,8.8,5.7,-144.1752057,-2.516332039,28,15.70833333
09/01/2009,29.02396,12.65,8.71,9.57,8.15,0.201,213.3,25.32,10.55,8.22,9.21,7.61,4.8,146.6,31.81,6.18,8.96,10.01,8.41,0,208.2,20.58,0.6,8.7,6.6,-156.2482196,-2.727045882,45,23.33333333
10/01/2009,29.02669,10.73,8.75,9.96,5.505,27.14,179.3,30.8,9.67,8.26,9.51,4.941,90.4,185.4,43.68,7.67,9.06,10.28,5.966,13.4,184.3,29.82,32,8.7,5.6,-151.3318302,-2.6412387,65,31.25
11/01/2009,29.02943,10.33,10.28,11.34,8.02,24.52,197.2,26.1,7.59,9.9,11.03,7.55,32,97.3,31.91,7.36,10.57,11.57,8.16,21.87,192.5,24.83,90,11.6,6,-149.9872595,-2.617771515,55,29.45833333
12/01/2009,29.03217,4.98,7.59,9.6,4.966,1.608,53.17,19.34,4.08,7.09,9.36,4.294,2.6,328.9,21.11,5.24,7.85,10.14,5.176,1.97,319.1,22.57,1.4,10.5,4.9,NA,NA,47,NA
13/01/2009,29.03491,1.42,4.92,6.896,3.098,2.814,337,6.076,2.04,4.39,5.873,2.539,3.4,339,8.15,1.82,4.81,6.75,2.202,3.743,352.8,9.7,7.8,5.5,1.7,-44.6878112,-0.779949441,23,7.583333333
14/01/2009,29.03765,6.39,5.49,7.06,3.878,2.814,91.9,18.1,6.31,4.6,6.304,3.201,8,119.5,18.26,6.99,5.6,7.34,3.875,11.82,138.7,22.41,2,5.5,2.4,100.1066734,1.747191054,33,12.375
15/01/2009,29.04038,7.95,9.18,10.11,6.925,3.819,179.1,26.56,7.63,8.57,9.53,6.181,3.2,162.4,22.61,9.84,9.34,10.28,7.18,3.546,165.7,26.69,10.4,10,4.2,155.7900834,2.719049896,56,24.70833333
16/01/2009,29.04312,7.28,7.74,8.64,5.369,8.44,200.4,21.23,6.02,7.17,8.16,4.892,6.8,165.3,21.92,6.25,8.1,9.01,5.835,6.501,182.2,26.95,13.6,8.9,4.9,-162.0623979,-2.828522437,43,20.33333333
17/01/2009,29.04586,7.78,5.69,7.54,2.974,21.31,146.5,39.27,7.24,5.06,6.861,2.39,30.6,158.2,34,7.94,6.02,7.78,3.307,25.02,181,42.86,14.2,7.9,3.8,-178.7545658,-3.119855727,65,22.04545455
18/01/2009,29.04860,6.11,5.12,7.07,2.727,6.432,109.7,26.66,4.65,4.39,6.379,2.046,8,268.7,30.22,5.57,5.3,7.34,2.938,6.895,253.2,28.55,28,8,3,NA,NA,NA,NA
19/01/2009,29.05133,4.6,4.21,6.097,1.209,23.92,163.9,15.42,4.48,3.52,5.58,0.272,21.2,151.7,25.74,4.75,4.63,6.516,1.332,24.63,209.5,23.26,7,6.5,1.5,-153.3295631,-2.676105716,NA,13
20/01/2009,29.05407,4.12,5.75,6.953,4.412,6.633,305.8,19.6,5.15,5.22,6.674,3.697,5.2,18.4,33.23,5.16,6.06,7.35,4.539,4.728,315,27.18,4,6.3,1.2,-163.4393401,-2.852554612,35,15.54166667
21/01/2009,29.05681,4.89,6.13,7.68,3.983,2.613,138.6,18.39,5.03,5.49,7.07,3.379,3,166.5,17.1,5.94,6.47,8.08,3.775,3.743,195.9,17.25,4,5.9,1.4,-164.3920545,-2.869182614,31,12.66666667
22/01/2009,29.05955,7.55,6.68,8.91,3.544,16.28,170.1,24.76,6.6,6.08,8.42,3.2,16.2,178,27.55,7.53,6.99,9.08,4.262,14.77,191.4,27.83,25.2,7.4,3.7,-169.77331,-2.963103242,47,20.83333333
23/01/2009,29.06229,6.53,6.5,8.32,3.973,9.65,103.4,22.05,4.94,5.94,7.9,3.126,12.2,50.49,26.44,5.37,6.78,8.44,4.175,11.03,243.5,24.01,20.6,7.1,2.9,-152.9979047,-2.670317185,48,19.79166667
24/01/2009,29.06502,3.94,5.6,6.935,3.088,4.422,120.5,17.64,3.14,4.87,6.373,2.939,4,221,16.9,4.04,5.89,7.05,3.433,5.122,233.2,17.84,7.8,6.1,1.4,-141.6895793,-2.472949675,29,11.16666667
25/01/2009,29.06776,5.99,5.15,6.491,3.668,2.613,50.4,16.1,4.79,4.51,5.975,3.276,2.4,181.1,26.1,4.47,5.29,6.854,3.574,2.758,211.7,19.24,10.4,5.9,2.5,126.6592055,2.210620164,39,17.45833333
26/01/2009,29.07050,5.18,7.37,8.43,6.02,7.64,228.2,21.98,5.31,6.9,7.77,5.777,5.8,183.6,22.8,4.82,7.64,8.61,5.549,5.91,233.5,24.01,1.6,7.7,2.9,-154.550524,-2.697415505,41,13.79166667
27/01/2009,29.07324,4.57,6.81,8.16,5.148,2.412,124.2,18.03,3.34,6.18,7.51,4.687,3,321.7,19.24,3.84,7.11,8.41,5.433,2.955,240,19.89,4,7.6,2.8,-142.6450993,-2.489626644,46,13.79166667
28/01/2009,29.07598,4.87,6.94,8.87,4.316,14.07,197.1,21.4,4.4,6.32,8.31,3.676,12.6,178.4,25.15,4.55,7.29,9.25,4.544,12.21,198.6,22.08,3.8,8.2,1.5,-163.798364,-2.858820761,42,18.625
29/01/2009,29.07871,8.44,8.19,8.99,7.07,6.03,193.4,26.2,8.31,7.55,8.42,6.426,6,162.4,23.18,11.08,8.5,9.28,7.47,9.65,181.8,25.81,0.2,8.5,5.9,176.7342946,3.084595342,49,20.41666667
30/01/2009,29.08145,7.02,8.61,9.63,7.37,1.809,186.3,23.16,8.44,8.01,9.09,6.69,1.8,161.3,27.92,9.82,8.85,9.87,7.67,2.364,181.6,25.09,7.4,10.1,7.8,167.1590284,2.91747542,41,15.33333333
31/01/2009,29.08419,5.19,7.28,8.71,6.375,12.46,149.6,17.74,5.85,6.61,8.13,5.645,13,153,16.31,7.87,7.65,8.98,6.771,15.37,179.7,18.03,10,9.2,5.5,158.8476534,2.77241456,29,10.5
01/02/2009,29.08693,3.14,6.3,7.56,5.216,0.402,168.5,14.9,3.15,5.4,6.748,4.023,0.4,162.5,13.94,4.85,6.69,7.91,5.768,0.394,180.1,16.63,0,7.9,3.3,136.6577069,2.385126933,23,10.91666667
02/02/2009,29.08966,4.97,3.94,5.953,3.211,0.201,85.9,14.57,3.96,3.11,4.895,2.289,0.6,168.5,23.62,3.9,4.25,6.276,3.507,0.591,192,16.24,0,4.4,0.4,101.7542207,1.775946179,28,13.54166667
03/02/2009,29.09240,12.13,5.1,6.039,3.316,0.201,57.96,19.76,9.04,4.44,5.27,2.683,1.8,187,29.37,8.58,5.38,6.111,3.775,0.197,207.4,22.18,2.8,5.5,2.5,63.74701699,1.112595335,33,21.625
04/02/2009,29.09514,6.78,3.4,5.694,0.091,6.03,42.97,24.89,6.42,2.87,4.904,-0.571,6.8,189.2,24.21,6.07,3.74,5.816,0.599,4.728,263.3,25.19,6.4,5.1,0.4,30.95080202,0.540193401,49,22.25
05/02/2009,29.09788,5.01,3.31,5.608,-1.332,2.412,37.57,21.85,5.2,2.77,5.045,-1.446,1.2,154.8,27.74,5.52,3.7,6.051,-0.502,2.167,354.5,27.41,5.4,3.5,-0.2,NA,NA,NA,NA
06/02/2009,29.10062,4.77,2.95,4.585,1.095,3.417,36.6,20.32,5.14,2.38,4.041,0.647,3.4,162.7,28.24,5.42,3.3,5.013,1.633,2.758,352.3,28.94,10,4.7,0.7,-5.441342752,-0.094969347,43,20.79166667
07/02/2009,29.10335,4.08,2.46,4.479,1.047,0,30.64,21.46,3.71,1.93,3.481,0.183,0.2,146.5,23.99,3.88,2.72,4.444,0.442,0.591,331.1,25.58,1,3.7,-1.6,-2.775285412,-0.048437868,40,16.66666667
08/02/2009,29.10609,3.07,3.62,4.785,1.323,1.005,120.1,10.09,3.71,2.73,4.36,0.601,1.2,154.2,9.81,5.16,4.06,5.247,0.509,1.379,173.4,12.9,0,2.8,-4.2,-30.07732941,-0.524948428,15,4.291666667
09/02/2009,29.10883,1.66,3.94,6.732,2.319,3.618,249,9.83,2.09,3.22,5.439,1.624,4.4,267.8,10.36,2.25,3.61,6.444,1.982,4.925,357.1,10.62,0,3.6,-0.7,132.1042198,2.305653591,14,7.5
10/02/2009,29.11157,2.45,4.74,7.84,2.527,5.226,31.93,11.92,2.21,4.19,6.757,2.118,2.6,274.4,19.15,2.24,4.59,7.82,2.116,5.516,321.9,13.13,2.4,4.7,0.5,154.1368669,2.690195826,26,8.833333333
11/02/2009,29.11431,3.17,4.57,5.991,3.155,0,101.6,12.45,2.68,3.93,5.659,2.575,0,194.9,11.83,2.59,4.9,6.872,3.273,0,217.1,10.36,0.2,5.6,-3.4,-53.73888444,-0.93792047,22,6.125
12/02/2009,29.11704,4.11,7.32,10.35,4.679,9.05,72.9,16.07,4.34,6.83,9.89,4.126,9.6,115.3,21.32,3.62,7.59,10.64,5.211,7.88,335,19.5,18.6,6.1,0.5,118.3777041,2.066080698,31,12.125
13/02/2009,29.11978,2.39,7.84,10.27,5.253,0.603,165.4,9.8,1.73,7.19,8.7,4.669,2,104.1,41.41,1.9,7.89,9.67,5.439,0.788,183.9,7.28,1.6,6.4,2.5,147.0346779,2.566239244,18,8.541666667
14/02/2009,29.12252,4.39,8.62,9.29,7.85,2.613,182.6,14.31,3.96,8.14,8.81,7.38,6.4,104.8,20.16,3.14,8.77,9.44,7.88,3.349,245.3,10.91,1.6,8,6.3,NA,NA,NA,NA
15/02/2009,29.12526,3.19,9.13,9.68,7.72,1.005,106.5,13.52,3.36,8.67,9.21,7.38,2,281.3,17.06,3.42,9.3,9.97,8.04,2.167,180.6,18.23,0.2,9.5,5.2,-138.3613547,-2.414861198,21,9.458333333
16/02/2009,29.12799,3.56,9.76,10.02,9.34,0.603,62.39,12.9,2.75,9.47,9.89,9.01,1,330.2,12.25,4.06,9.99,10.37,9.37,0.985,319.2,18,6.4,9.9,9.1,-112.0635972,-1.955878742,31,16.58333333
17/02/2009,29.13073,2.84,9.46,9.87,8.86,0.804,124.6,11.92,2.86,9.3,9.86,8.6,1.6,342.7,13.22,2.77,9.71,10.17,9.17,0.788,206.6,12.32,0.4,11.3,8.3,-124.5569721,-2.17392927,20,9.625
18/02/2009,29.13347,6.44,8.76,9.31,7.75,1.206,208.8,14.41,5.65,8.28,8.85,7.38,1,130.3,17.87,3.36,8.98,9.61,7.98,0.788,217.9,16.63,0,9.6,7.4,-162.0784415,-2.828802451,24,12.625
19/02/2009,29.13621,1.84,7.28,9.16,6.222,1.608,38.02,10.22,3.04,6.69,7.92,5.582,2,3.426,15.85,3.06,7.46,9.08,6.37,1.773,337.6,12.67,1.2,8.2,3.2,-76.457164,-1.334429248,30,10.83333333
20/02/2009,29.13895,4.36,8.9,9.77,7.65,6.432,123.1,14.41,3.76,8.5,9.64,6.893,9.4,316.1,18.84,4.58,9.08,9.94,7.88,7.49,223.3,20.65,9.8,9.9,2.4,-139.3263203,-2.431703024,27,13.25
21/02/2009,29.14168,4.89,9.24,10.7,8.5,0.603,72.4,18.75,5.18,8.82,10.37,7.95,1.8,266.1,25.8,5.25,9.43,10.91,8.61,1.379,16.66,22.12,3,10.4,8.1,-121.2589268,-2.116367519,34,18.41666667
22/02/2009,29.14442,3.4,8.56,9.2,7.72,1.005,40.4,11.6,4.65,8.06,8.81,7.27,2.2,36.06,16.81,4.2,8.8,9.48,8.04,1.773,346.6,17.44,5.2,8.9,6.7,-88.56494268,-1.545749852,26,12.375
23/02/2009,29.14716,2.57,8.88,9.6,8.34,1.608,36.46,12.32,4.37,8.48,9.05,7.91,2,193,18.02,3.66,9.13,9.71,8.6,1.182,338.8,14.86,4.2,10.6,7.2,-88.67241699,-1.547625632,25,11.83333333
24/02/2009,29.14990,3.79,8.94,9.42,7.55,1.608,153.5,18.55,2.98,8.6,9.32,7.1,2.2,35.24,20.28,3.17,9.24,9.77,7.81,2.167,212.4,20.45,2,9.5,6.4,-136.7222117,-2.386252754,30,10.5
25/02/2009,29.15264,5.85,7.65,8.81,5.512,0.201,56.37,20.38,6.11,7.08,8.49,4.943,4.8,346.9,31.32,6.75,7.89,9.27,5.902,0.197,335.1,27.57,13,8.4,2.9,-104.3243752,-1.820803838,52,22.20833333
26/02/2009,29.15537,2.53,8.21,9.41,7.31,15.08,83.4,16.37,3.48,7.78,9.29,6.948,14.4,65.42,19.95,3.33,8.45,9.68,7.67,14.58,354.1,18.36,7,7.4,5.9,-90.23920906,-1.574971313,36,8.958333333
27/02/2009,29.15811,3.66,9.18,10.31,8.55,1.608,153.2,14.6,3.58,8.82,9.91,8.16,3.2,326.8,16.32,4.12,9.35,10.14,8.58,1.97,192.3,16.73,5.6,9.9,6.8,-150.7863554,-2.631718368,26,10.91666667
28/02/2009,29.16085,1.8,7.27,8.96,6.097,3.819,132.1,9.24,1.59,6.74,8.54,5.431,4.6,185.6,7.63,1.53,7.4,9.21,6.203,4.137,231.5,9.51,27.6,8.5,6.3,-156.959028,-2.73945183,25,10.70833333
01/03/2009,29.16359,2.21,6.98,9.15,5.445,1.608,24.54,10.98,3.32,6.37,7.86,5.001,1.8,354.6,13.6,3.05,7.09,8.81,5.601,2.364,346.4,13,6.2,8.8,2.6,-119.2602001,-2.081483158,23,10.375
02/03/2009,29.16632,5.25,6.37,9.57,1.379,7.04,85.8,19.24,5.07,5.78,8.91,0.841,9.4,281.7,24.74,5.6,6.58,9.61,1.734,8.27,348.3,28.91,13.8,9,1.6,-128.5119379,-2.242956445,45,15.75
03/03/2009,29.16906,3.13,3.35,5.454,0.763,1.206,106.9,15.19,2.65,2.65,4.733,0.209,1.8,301,17.41,2.77,3.26,5.335,1.064,1.773,296.7,16.01,11.8,4.6,0.3,NA,NA,31,NA
04/03/2009,29.17180,1.9,4.03,6.943,1.228,6.231,19.03,18.23,2.59,3.47,6.221,0.983,6.2,349.4,22.41,2.58,4.37,7.17,1.512,7.09,335.3,20.22,1.6,5.6,-0.2,-108.8202224,-1.899271173,22,11.7826087
05/03/2009,29.17454,3.14,4.84,6.231,2.603,7.64,16.71,17.57,5.27,4.31,5.763,1.872,5,2.37,23.62,5.56,5.13,6.413,2.836,6.501,346.8,29.6,18,6.7,0.7,-116.2234365,-2.028481635,38,14.83333333
06/03/2009,29.17728,4.13,7.12,9.23,5.425,3.216,116,15.03,3.45,6.53,9.08,4.581,2.6,154.7,20.68,3.68,7.36,9.65,5.513,2.955,233.9,16.66,6,7.1,1.6,-151.5925018,-2.645788278,33,14
07/03/2009,29.18001,4.74,6.86,8.31,1.91,16.08,127.6,22.02,4.54,6.28,7.84,1.329,16.6,285.1,25.98,5.16,7.15,9.03,2.302,17.73,251.1,28,11.6,7.5,5.9,-130.7741329,-2.282439196,30,12.77777778
08/03/2009,29.18275,5.68,5.37,7.8,2.119,8.84,38.58,25.12,6.66,4.77,7.05,1.79,11.8,20.27,30.09,7.17,5.61,8.04,2.738,9.26,343.1,24.89,17.4,8.5,3,NA,NA,NA,NA
09/03/2009,29.18549,3.95,6.39,7.85,4.822,1.005,9.7,18.29,6.53,5.82,6.968,4.252,2,50.82,28.68,6.15,6.64,7.91,5.315,1.576,354.7,22.25,11.2,8.4,2.5,NA,NA,38,NA
10/03/2009,29.18823,1.79,6.96,9.3,4.613,0.603,55.45,8.2,2.18,6.32,8.79,4.801,0.4,195.6,9.63,2.36,7.2,9.26,4.98,0.394,171.8,10.09,7,8.8,1,-60.08013406,-1.048596154,23,7.833333333
11/03/2009,29.19097,6.47,8.81,9.78,6.857,10.65,188.8,17.22,5.71,8.34,9.5,6.241,10.4,146.5,23.51,5.63,9,9.94,7.07,9.26,187.1,21.23,15.4,9.6,0.3,-167.305632,-2.920034135,39,17
12/03/2009,29.19370,4.92,8.5,10.18,7.19,1.005,55.21,23.91,5.18,7.92,8.93,6.722,0.8,318.4,22.01,5.85,8.73,10.17,7.51,0.985,344.9,24.11,4.6,10.1,6.1,-109.9103047,-1.9182967,43,20.25
13/03/2009,29.19644,3.97,7.96,8.71,7.4,2.814,161,16.86,4.49,7.35,8.21,6.713,3.2,160.5,17.37,5.57,8.13,8.78,7.61,3.546,184.9,15.03,0.8,8.5,4.8,-178.6997212,-3.118898507,20,10.16666667
14/03/2009,29.19918,5.43,8.79,9.72,7.65,3.216,49.92,20.68,6.46,8.3,9.47,7.1,17.2,175.5,40.21,6.22,9.03,10.08,7.91,3.349,350.4,28.26,16.4,9.7,7,NA,NA,50,NA
15/03/2009,29.20192,4.32,9.01,10.08,7.35,3.819,152.9,17.15,3.45,8.6,9.43,6.912,5.8,325,16.37,3.95,9.25,10.14,7.51,5.713,200.3,16.27,3.2,10.9,8,-141.6900297,-2.472957536,28,13.41666667
16/03/2009,29.20465,1.52,7.48,9.85,6.174,1.005,358.2,8.49,2.36,6.92,8.81,5.51,0.6,342.7,10.17,1.98,7.44,9.54,5.314,0.591,355.8,10.75,3.6,9.2,3,-106.8905046,-1.865591244,22,7.375
17/03/2009,29.20739,3.71,7.61,9.01,5.627,0,196.6,13.26,3.58,6.91,8.49,4.836,0,181.3,13.33,4.26,7.35,9.21,4.043,0,174.9,14.83,0.2,8.8,0.8,-161.4017989,-2.816992809,20,7.173913043
18/03/2009,29.21013,2.06,9.41,10.04,8.61,0,210.6,11.37,2.13,9.2,10.05,8.28,0,328.7,14.3,1.63,9.63,10.57,8.57,0,192,9.44,1.6,9.2,7.5,-167.820058,-2.929012562,25,9.434782609
19/03/2009,29.21287,2.73,8.84,10.28,7.29,0,181.2,9.7,2.63,8.3,9.8,6.835,0,155.1,9.13,2.47,8.78,9.73,7.31,0,176.5,10.71,0,11,5.3,141.6107014,2.471572996,11,5.208333333
20/03/2009,29.21561,4.31,9.2,10.62,8.47,0,206.6,11.34,3.3,8.67,10.42,7.74,0,166.8,11.8,2.85,9.29,10.4,8.68,0,200,13.13,0,11.9,3.4,-171.7402113,-2.997432146,19,7.5
21/03/2009,29.21834,3.09,8.93,10.69,7.39,3.417,56.72,12.35,3.27,8.35,9.63,6.787,4,4.35,20.16,3.74,9.03,10.27,7.4,3.546,339.8,15.55,1.6,10.8,5.1,-110.0501928,-1.920738207,28,11.70833333
22/03/2009,29.22108,4.92,8.98,10.48,7.98,8.24,57.11,18.55,5.87,8.42,8.97,7.12,13.2,337.3,26.1,6.48,9.16,9.72,8.24,11.43,354.3,26.59,12.2,9.9,6.7,-94.09388299,-1.642248064,43,20.20833333
23/03/2009,29.22382,3.15,6.5,8.44,4.402,4.422,352.7,16.76,6.08,5.94,7.96,3.653,4,354.4,25.53,6.38,6.74,8.75,4.664,3.152,324.6,25.41,12.6,8.9,3,-40.76465785,-0.711477498,47,22.58333333
24/03/2009,29.22656,4.22,7.18,9.68,5.062,8.24,41.24,18.23,4.87,6.63,9.19,4.343,9.4,332.3,27.76,5.09,7.33,9.84,4.043,7.09,338.3,22.9,7.2,9.6,0.6,-110.9599946,-1.936617244,37,14.29166667
25/03/2009,29.22930,3.74,7.75,9.6,6.231,9.65,34.49,20.97,5.75,7.05,8.77,5.62,10,11.65,24.8,6.33,7.87,9.45,6.638,9.26,340.1,21.2,4.6,10.4,4.1,-67.46341597,-1.177458733,27,13.58333333
26/03/2009,29.23203,5.51,6.6,8.93,4.412,7.04,23.25,21.36,8.54,6.03,8.58,3.578,14.6,18.17,30.98,7.87,6.84,9.28,4.846,8.27,348.3,29.99,28,8.7,4.1,NA,NA,NA,25.33333333
27/03/2009,29.23477,6.97,5.19,6.799,3.098,6.432,42.6,33.19,7.96,4.64,5.949,2.691,8.2,45.05,28.25,9.89,5.47,6.816,3.507,10.05,21.62,33.42,30.8,7.9,4.2,-14.90046322,-0.260062143,47,26.54166667
28/03/2009,29.23751,3.47,3.7,6.357,0.754,4.02,74.6,20.35,3.51,3.01,5.693,0.332,6.4,219,22.11,3.85,3.83,6.519,1.165,5.319,122.4,23.68,1.8,5.3,-0.2,-22.07502176,-0.385281812,46,16.41666667
29/03/2009,29.24025,6.07,7.54,9.2,5.674,7.84,150.9,21.23,5.56,6.99,8.56,5.035,5.2,181.4,24.51,4.78,7.73,9.44,5.85,4.925,254.2,15.65,8,8.1,1.5,-147.4702861,-2.573842042,43,17.95652174
30/03/2009,29.24298,3.57,8.83,9.77,7.9,0,84.1,14.96,3.6,8.31,9.19,7.19,0,314.1,17.24,3.75,9.05,9.97,8.08,0,19.38,16.2,1.2,9.7,5.5,NA,NA,NA,NA
31/03/2009,29.24572,3.84,9.84,12.15,9.22,0,150.2,14.73,3.5,9.29,10.17,8.89,0,311.3,20.2,3.77,9.95,10.87,9.47,0,151.7,17.48,1.2,13.5,8.6,-139.497967,-2.434698824,27,14.125
01/04/2009,29.24846,7.13,9.2,10.64,8.56,0.201,214.1,13.88,5.33,8.69,10.06,8.01,0,146.5,16.19,3.38,9.35,10.3,8.71,0,211.5,11.69,0,12.3,8,NA,NA,NA,NA
02/04/2009,29.25120,6.78,9.34,10.4,8.97,0,215.1,15.71,4.86,8.96,10.14,8.48,0,172.7,13.41,3.92,9.49,10.03,9.14,0,214.3,13.26,0,12.5,7.6,-165.8662664,-2.894912467,26,11.66666667
03/04/2009,29.25394,4.54,8.75,9.4,8.06,6.834,204.4,15.22,4.12,8.31,8.98,7.52,6.4,184.9,12.06,4.07,8.96,9.77,8.21,6.304,192.4,16.89,0.6,13.1,6.7,-174.5366436,-3.046239096,28,12.29166667
04/04/2009,29.25667,2.48,7.98,9.95,6.221,5.829,12.55,11.34,3.25,7.44,8.89,5.648,4.8,350.1,12.97,3.53,8.26,9.81,6.437,4.728,336,15.16,29,9,4.3,-78.71093176,-1.373764917,31,11.66666667
05/04/2009,29.25941,4.69,8.98,11.14,7.22,8.04,194.3,16.76,3.77,8.39,10.39,6.683,7.4,119.3,16.92,3.81,9.11,10.63,7.51,6.895,196.9,17.48,33.2,8.5,4,-150.432317,-2.625539234,42,NA
06/04/2009,29.26215,4.8,7.64,8.62,6.693,1.206,122.9,12.94,5.3,7.01,8,6.099,2.4,147.8,13.6,6.29,7.92,8.95,7.01,2.561,170.9,13.79,2.2,10.1,4.6,136.6065939,2.384234843,21,9.625
07/04/2009,29.26489,5.72,8,9.99,6.365,6.231,182.3,16.73,4.73,7.41,9.57,5.591,4.6,142.9,19.74,4.78,8.22,9.74,6.437,5.713,197.7,18.46,5.4,10.3,6.9,178.8603797,3.121702526,35,17.5
08/04/2009,29.26762,2.24,7.94,10.62,6.202,1.407,138.6,10.98,2.74,7.25,9.13,5.448,1.2,331.9,13.98,2.51,7.98,10.28,5.214,1.182,333.8,11.86,6.4,11.1,4.1,-89.53372649,-1.562658319,30,9.916666667
09/04/2009,29.27036,5.6,8.32,10.49,6.442,2.814,158.2,22.51,5.5,7.66,9.72,5.836,5,150.6,18.83,5.45,8.47,10.24,6.838,6.107,186.1,19.99,5.6,10.9,3.2,149.0769441,2.601883514,33,15.79166667
10/04/2009,29.27310,5.19,8.1,10.19,6.24,0.402,200,15.16,4.22,7.55,9.72,5.742,0.4,150.3,17.9,3.4,8.29,9.57,6.705,0.197,219.5,15.78,3.2,11.1,6.4,-175.8342652,-3.068886865,31,13.625
11/04/2009,29.27584,5.38,8.41,10.44,5.587,3.216,148.8,17.15,4.04,7.83,10.17,5.114,3.8,186.6,22.92,4.22,8.62,10.64,6.203,2.955,239.2,17.57,2.8,10.7,4.8,-156.6661719,-2.734340526,40,18.45833333
12/04/2009,29.27858,3.18,8.88,10.82,7.08,0.804,155.6,10.68,3.1,8.18,10.41,6.648,0.8,155.7,10.19,3.11,8.85,10.5,7.37,0.788,190,11.01,0.8,12,5.3,-172.2703722,-3.006685198,20,8.833333333
13/04/2009,29.28131,3.64,8.9,10.13,7.83,0,102.1,10.16,4.82,8.41,9.92,6.996,0,134.8,10.7,5.27,9.18,10.87,8.11,0,164.6,10.85,0,14.5,4.9,124.5842306,2.17440502,27,9.625
14/04/2009,29.28405,3.11,8.55,9.63,7.7,3.618,88.4,8.46,3.62,8,9.13,7.04,4.2,116.9,11.14,3.32,8.8,10.14,7.97,3.94,155,9.8,0,12.2,5.3,89.88862088,1.568852394,25,9.416666667
15/04/2009,29.28679,4.26,9.96,13.23,8.14,0,45.3,15.29,2.9,9.34,12.43,7.46,0,47.31,9.65,2.74,9.97,12.66,8.18,0,30.39,13.56,0,11.7,3.1,44.74100943,0.780877925,20,6.458333333
16/04/2009,29.28953,6.61,8.76,10.62,7.31,0,48.36,18.29,4,7.99,9.24,6.864,0,217.1,22.47,4.21,8.82,10.33,7.57,0,302.5,15.84,0,9.5,7.6,55.39433346,0.966813506,31,16.66666667
17/04/2009,29.29227,5.95,8.48,9.99,6.857,0,54.58,12.58,3.7,7.87,9.77,6.383,0,111.4,19.65,3.59,8.66,10.56,7.14,0,286.7,14.28,0,11.4,6.2,83.6501541,1.459970609,27,15.45833333
18/04/2009,29.29500,1.98,8.93,10.9,7.35,0,211.5,6.043,1.91,8.24,10.27,6.595,0,163.2,7.15,1.5,8.45,10.27,6.206,0,256,5.586,0,10.9,3.6,104.7849337,1.8288421,17,5.75
19/04/2009,29.29774,3.12,9.62,11.84,7.45,0,167.2,12.18,2.64,8.99,11.76,6.386,0,157,10.27,2.64,9.41,11.4,6.38,0,187,9.7,0,14.1,2,-147.6193002,-2.576442829,17,6.375
20/04/2009,29.30048,3.37,10.19,12.4,8.27,3.819,148.1,12.81,3.55,9.58,11.67,7.88,3.2,121.5,18.45,3.35,10.26,12.24,8.84,2.955,184.3,13.65,0,12.4,8.4,161.2716738,2.814721698,19,8.208333333
21/04/2009,29.30322,3.12,9.42,11.65,7.38,5.427,57.53,12.54,3.6,8.73,10.14,7.1,7.2,309.8,15.64,3.22,9.5,11.4,6.37,5.516,350.2,16.99,8,12.2,5.7,-112.887012,-1.970250042,27,13.70833333
22/04/2009,29.30595,6.9,9.31,10.28,8.29,9.85,204.9,20.42,5.65,8.78,10.16,7.72,6.2,174.4,16.76,6.37,9.45,10.28,8.71,6.304,190.2,22.41,0.2,12.9,2.8,-174.045141,-3.037660757,35,14.34782609
23/04/2009,29.30869,5.41,9.24,10.55,8.11,1.206,194.2,14.7,4.23,8.68,10.12,7.57,0.8,121.8,19.36,3.52,9.36,10.27,8.36,6.107,221.9,12.58,4,12,6.8,-163.5650026,-2.854747837,33,13.54166667
24/04/2009,29.31143,2.79,8.84,11.04,7.41,1.206,194.6,8.75,2.53,8.11,10.06,6.856,1.2,174.1,10.31,1.97,8.9,10.3,7.21,0.985,205.4,7.25,18,9.2,7,164.4009889,2.869338549,14,6
25/04/2009,29.31417,1.99,8.97,11.22,6.568,0,20.11,8.3,2.22,8.36,10.68,6.067,0,331.1,8.62,2.08,8.6,11.07,5.616,0,35.07,10.29,0.2,8.9,2.9,2.604790938,0.045462178,15,6.666666667
26/04/2009,29.31691,4.37,7.82,8.97,6.76,9.65,197.9,18.65,3.34,7.26,8.43,6.419,8.8,181.8,17.16,2.74,8.01,9.18,6.972,8.67,217.8,15.61,6.6,NA,NA,-30,-0.523598776,7,4
27/04/2009,29.31964,2.56,8.65,10.11,6.462,0.201,34.3,11.76,2.53,8.05,9.76,6.242,0,34.9,12.48,3.34,8.65,10.03,6.739,0,15.03,16.37,5,8.3,7,NA,NA,NA,NA
28/04/2009,29.32238,3.25,10.2,11.88,8.73,0,39.68,9.54,2.28,9.65,11.94,8.33,0,98.5,12.49,2.16,10.43,12.86,8.74,0.197,335.8,9.87,0,NA,NA,NA,NA,NA,NA
29/04/2009,29.32512,3.08,9.88,11.31,8.43,0.603,95.1,15.29,3.56,9.26,11.54,7.88,1.2,129.7,15.58,3.55,9.99,11.6,8.67,0.788,169.6,12.25,0,NA,NA,NA,NA,NA,NA
30/04/2009,29.32786,4.44,9.77,11.26,8.59,0.804,173.1,16.63,4.21,9.21,10.95,8.07,0.4,181.4,16.91,4.98,9.93,11.37,8.74,0.591,196.3,16.01,6,NA,NA,-141.2801979,-2.465804622,20,11.1
01/05/2009,29.33060,7.97,9.69,11.61,7.27,13.87,193,21.89,6.83,9.12,10.96,6.901,11.6,161.4,24.25,6.59,9.85,11.24,7.78,10.83,195.2,24.21,7.4,13,7.8,-167.7614233,-2.927989195,43,21.66666667
02/05/2009,29.33333,4.24,8,9.7,5.147,6.231,96.8,18.62,3.88,7.47,9.16,4.537,6.4,253.2,17.86,3.92,8.16,9.83,5.266,6.501,321,22.57,14.2,11.6,5,-131.718294,-2.298917915,36,14.66666667
03/05/2009,29.33607,3.46,7.93,10.36,5.252,6.432,80.5,16.17,3.46,7.37,10,4.693,6.4,254.3,16.65,3.88,8,9.94,5.536,6.304,322.9,21.72,8,11,3.3,-109.6728584,-1.91415248,28,11.20833333
04/05/2009,29.33881,4.88,9.38,10.81,8.28,2.01,71.3,17.8,5.06,8.81,9.53,7.73,4.4,322.3,24.54,5.73,9.54,10.41,8.5,3.152,352.4,19.73,9.2,12.2,7.1,-118.5626989,-2.069309466,38,17.20833333
05/05/2009,29.34155,2.82,8.26,10.37,6.51,1.608,51.24,11.56,3.28,7.67,9.68,5.863,2.2,25.41,16.11,3.21,8.43,9.83,6.705,2.167,329.8,16.82,3.8,11.1,5.4,-97.57122713,-1.702939169,25,12.04166667
06/05/2009,29.34428,4.77,8.38,11.06,5.52,3.417,138.2,21.53,4.72,7.84,10.48,5.254,4.8,210.7,28.59,5.1,8.6,11.1,6.136,3.94,186.1,25.09,13,11.9,2.9,-133.9557404,-2.337968722,39,14.29166667
07/05/2009,29.34702,7.93,7.62,9.67,4.412,12.86,172,25.09,7.26,7.09,9.37,4.089,22.2,197.4,29.26,6.72,7.93,9.74,4.974,12.02,195.6,37.04,20.4,12.4,4.5,-142.8750175,-2.493639474,53,27.08333333
08/05/2009,29.34976,3.26,8.41,10.78,4.966,5.226,53.97,17.15,4.02,7.68,9.85,4.164,4.8,4.561,19.13,4.11,8.52,10.94,4.946,5.122,333.2,18.72,13.8,11.6,3.7,-109.5656695,-1.912281679,37,16.70833333
09/05/2009,29.35250,2.56,8.41,11.04,6.5,6.231,64.15,11.99,2.64,7.72,10.01,5.945,7.2,249,11.57,2.37,8.54,10.87,6.671,6.698,325,12.25,14,12,4.5,-107.0305604,-1.868035679,27,10.875
10/05/2009,29.35524,1.65,9.2,11.83,6.683,0,65.1,7.68,1.92,8.5,11.23,5.917,0,198.8,7.91,1.69,8.89,11.4,6.443,0,306.8,8.72,0.2,11.1,4.1,-149.2383211,-2.604700073,13,4.708333333
11/05/2009,29.35797,1.77,9.66,11.35,7.54,0,65.76,4.475,1.98,9.01,10.92,6.818,0,109.3,5.843,1.79,9.32,11.49,5.817,7.09,117.4,4.802,0,13.3,2.6,62.81339566,1.096300569,14,5.458333333
12/05/2009,29.36071,1.65,10.95,13.24,8.84,0,74.2,6.043,2.19,10.31,12.76,8.1,0,108.7,7.89,1.72,10.66,13.03,8.28,0,133.2,7.32,0,14.2,4.1,80.12870164,1.398509669,25,6.958333333
13/05/2009,29.36345,3.55,11.22,14.14,9.45,0,75.1,9.34,3.98,10.92,13.85,8.4,0,122.7,12.97,4.08,11.35,14.43,9.17,0,151.2,10.78,0,16.2,7,109.585959,1.912635799,31,14.66666667
14/05/2009,29.36619,3.93,11.86,14.83,9.23,0,59.92,11.37,3.78,12.17,15.49,9.17,0,99.5,14.62,3.01,12.52,15.89,9.77,0,142.1,13.75,0,17.1,7,105.4798777,1.840971161,34,16.66666667
15/05/2009,29.36893,7.91,9.88,11.34,7.91,0.402,64.84,17.25,5.73,9.48,11.55,7.25,1,165.7,24.94,4.96,10.05,11.81,8.17,0.788,211.9,20.42,6,11.2,7.9,90.83539599,1.585376737,42,19.375
16/05/2009,29.37166,6.92,10.32,12.18,8.1,0.402,62.82,17.54,4.55,9.81,11.46,7.52,1.6,132,24.71,4.64,10.65,12.83,8.38,1.576,234.7,19.34,12.6,10.5,8,89.17730973,1.556437673,43,22.79166667
17/05/2009,29.37440,3.91,10.2,11.77,8.7,0,74.6,12.58,4.05,9.66,11.79,8.19,0.2,116.3,11.53,4.04,10.42,12.36,8.94,0.394,156.9,11.56,0.2,14.1,7.3,94.40755212,1.647722623,26,10.41666667
18/05/2009,29.37714,3.08,9.8,12.18,8.3,0.201,41.57,12.48,2.31,9.03,10.82,7.88,0,344,13.31,2.21,9.81,11.53,7.34,0,343.5,11.53,0,12.7,7.9,61.52116106,1.07374682,20,9.875
19/05/2009,29.37988,1.83,10.46,13.17,8.31,0.603,177.7,8,2.35,9.69,11.9,7.87,0.6,148.3,7.71,2.31,10.17,11.96,7.21,0.394,178.5,8.07,1.6,15.4,8.2,-159.6456152,-2.786341621,20,9.416666667
20/05/2009,29.38261,2.21,10.54,12.73,8.84,3.618,135.9,7.25,2.09,9.88,12.11,8.39,5.6,245.8,9.81,2.37,10.46,11.93,9,4.334,198.4,9.96,14.2,12.9,9.2,-171.2346477,-2.988608397,27,12.75
21/05/2009,29.38535,2.56,10.07,12.44,8.57,3.216,85.5,9.05,2.42,9.48,12.28,8.04,5.4,301.6,12.69,2.61,10.15,11.96,8.75,4.531,293.3,14.5,17,13,8.7,-152.2131528,-2.656620681,21,9.583333333
22/05/2009,29.38809,2.29,10.94,13.73,9.03,2.613,115.1,7.97,2.81,10.18,13.09,8.61,2.6,189.8,11.47,2.79,10.9,13.36,9.24,2.561,238,9.87,4,15.5,7.4,-119.6347648,-2.088020546,19,7.625
23/05/2009,29.39083,3.54,10.11,11.79,7.75,11.86,162.9,13.95,3.69,9.56,11.86,7.26,12,167.1,16,3.61,10.22,11.84,7.88,9.26,208,13.3,29.6,11.5,7.6,-167.9298966,-2.930929609,24,10.66666667
24/05/2009,29.39357,6.43,10.8,12.45,9.99,3.819,192.2,18.59,5.58,10.21,11.56,9.56,2.8,140.3,23.05,4.36,10.86,11.84,10.04,2.561,196.8,15.88,4.4,13.7,6.4,-158.5612501,-2.76741588,36,16.58333333
25/05/2009,29.39630,2.76,10.38,12.65,8.7,0.201,126.4,16.14,2.64,9.88,12.1,8.12,1,239.5,18.29,2.67,10.57,12.36,8.93,0.197,187.7,14.77,2.4,13.9,9.3,-146.9085075,-2.564037155,26,11.95833333
26/05/2009,29.39904,4.11,9.37,11.21,7.2,2.01,130.8,17.54,3.67,8.8,10.75,6.655,3.4,251.9,18.42,4.26,9.46,10.9,7.44,2.758,277,20.58,3,13.3,4.9,-128.1646769,-2.236895597,35,13
27/05/2009,29.40178,2.48,10.4,12.8,8.41,1.608,88.6,11.53,2.25,9.6,11.29,7.95,2,300.8,12.67,2.52,10.56,12.83,8.6,1.773,312.7,15.03,2.2,14.3,6.8,-105.1083677,-1.834487088,33,12.375
28/05/2009,29.40452,3.92,11.26,11.68,10.3,2.211,188.6,12.84,3.38,10.86,11.22,9.86,3.2,49.15,17.2,3.75,11.33,11.77,10.37,2.364,185.3,17.41,2.8,14.7,8.1,-165.9133038,-2.895733423,27,11.04166667
29/05/2009,29.40726,5.16,11.5,12.92,10.76,0,208.9,14.41,4.39,11.09,12.74,10.32,0.2,155.9,19.04,3.41,11.53,13.14,10.57,0,196.4,14.11,0,19.5,11.1,-174.960198,-3.053631516,28,10.70833333
30/05/2009,29.40999,3.52,12.39,13.78,10.68,0,215.2,12.84,2.69,12.09,13.48,10.16,0,164.1,10.4,2.31,12.43,13.57,10.54,0,195.5,12.28,0,20.8,10.9,-167.8258471,-2.929113602,29,9.958333333
31/05/2009,29.41273,3.07,11.17,13.22,9.53,0.201,37.59,7.32,3.01,11.59,15.6,9.56,0.2,67.31,9.14,3.73,10.83,12.69,9.63,0,46.67,10.71,0,15.9,10.2,39.27136746,0.685414664,17,6.625
01/06/2009,29.41547,1.43,11.23,14.46,9.22,0,165.3,7.51,1.61,13.04,16.82,9.39,0,116.3,10.3,1.78,10.85,14.13,8.84,0,156.7,9.64,0,13.7,7.6,29.18607648,0.50939313,13,5.416666667
02/06/2009,29.41821,4.23,10.52,12.76,9.27,0,41.45,11.17,3.46,10.17,12.35,8.95,0.2,34.86,12.4,3.46,10.52,12.42,9.14,0,40.56,11.66,0,13.8,9.4,31.7320865,0.553829388,19,12.04166667
03/06/2009,29.42094,3.18,10.04,12.33,8.54,0,38.5,10.49,2.97,9.48,11.65,8.17,0,98.6,10.45,2.61,10.13,11.92,8.84,0,302.3,10.88,0,12.1,4.9,26.62766985,0.464740511,18,9.708333333
04/06/2009,29.42368,2.91,10.01,13.19,8.18,0.201,40.79,11.53,2.74,9.4,11.47,7.87,0,64.13,9.88,2.7,10.02,12.32,8.41,0,324.4,12.71,0,12.6,6,2.263123664,0.039498959,21,10.625
05/06/2009,29.42642,3.67,9.01,10.94,6.957,0.603,42.04,16.59,4.73,8.36,9.85,6.38,1.2,289.6,22.54,3.82,9.11,10.9,7.6,0.788,275.7,19.34,3.2,11.8,6.1,27.99937132,0.488681218,35,18.875
06/06/2009,29.42916,3.38,8.49,9.92,7.33,1.206,37.96,14.54,3.81,7.92,9.53,6.817,0.8,286,15.6,3.44,8.7,9.97,7.61,0.591,278.2,16.66,2.4,11,7.2,42.90699156,0.748868275,31,16.20833333
07/06/2009,29.43190,4.38,9.33,11.35,7.31,1.005,54.65,13.59,3.25,8.82,11,6.921,0.6,213.2,16.04,3.34,9.52,11.46,7.64,0.788,247.1,13.36,0.4,11.7,7.4,51.24583333,0.89440852,26,13.04166667
08/06/2009,29.43463,4.92,9.95,11.71,8.63,0,53.9,10.81,3.73,9.52,11.56,8.08,0,199.2,15.43,3.62,10.1,11.69,9.01,0,244.6,11.6,0,12.7,7.9,52.46927436,0.915761594,20,12.375
09/06/2009,29.43737,2.53,9.48,12.07,7.23,1.206,40.39,8.49,2.5,8.9,11.21,6.987,1,115,9.17,2.27,9.52,11.59,7.64,1.379,312.9,10,0.8,11.4,7.3,33.70022739,0.588179927,19,10.04166667
10/06/2009,29.44011,2.8,9.05,11.07,6.992,0.603,45.62,9.02,2.29,8.57,11.3,6.572,0.6,98.6,9.18,2.34,9.16,11.62,7.31,0.394,355.1,10.98,0,12.4,3,16.20993407,0.282916721,19,9.458333333
11/06/2009,29.44285,2.34,9.92,13.03,7.47,0.603,26.81,8.79,2.63,9.19,11.57,7.28,0.4,305.3,10.04,2.69,9.86,12,8.24,0.394,297.7,11.92,0.4,13.6,2.5,-39.0094136,-0.680842707,27,11.54166667
12/06/2009,29.44559,3.62,10.53,12.76,8.76,0,66.6,8.53,2.63,10.18,12.47,8.37,0,157.4,11.63,2.63,10.77,12.36,8.98,0,211.1,9.73,0.4,13.3,5.8,29.65852713,0.51763895,21,7.958333333
13/06/2009,29.44832,2.38,11.21,12.37,10.1,6.231,80.4,6.501,2.48,10.74,11.83,9.45,6.6,112.5,8.06,2.46,11.39,12.44,10.27,6.698,149.2,8.07,1.2,14.8,10.2,77.59607397,1.354306977,18,6.583333333
14/06/2009,29.45106,2.55,12.14,14.23,10.85,0.201,56.48,8.1,2.6,11.93,14.59,10.23,0.4,82.6,7.23,2.4,12.32,15.27,11.24,0.197,80.8,6.827,0,14.5,8.7,53.48193113,0.933435789,19,8.458333333
15/06/2009,29.45380,2.85,12.64,14.81,10.76,0,36.84,10.81,2.57,12.31,14.6,11.01,0,59.31,6.827,2.67,12.49,14.4,10.9,0,40.41,8.26,0.2,14.9,9.7,65.28324125,1.139407506,22,11.33333333
16/06/2009,29.45654,3.7,13.08,15.25,11.18,7.84,207.3,17.15,3.33,12.55,15.06,10.65,5.6,172.8,13.63,3.39,12.41,13.93,9.31,5.516,173.4,14.44,2,17.1,9.8,155.0851008,2.706745629,19,9.375
17/06/2009,29.45927,3.88,11.56,13.27,10.08,5.025,110.6,16.24,3.18,11.07,12.78,9.66,4,233.2,14.34,3.42,11.64,13.01,10.37,3.743,249,20.45,22.4,15.1,10.3,-130.9511912,-2.285529446,32,13.95833333
18/06/2009,29.46201,4.62,11.13,12.77,9.34,9.45,96.2,17.44,5.22,10.57,12.15,9,9.2,315.9,23.86,5.36,11.26,12.37,9.77,8.27,340,22.61,28.4,14.5,8.7,-124.787153,-2.177946684,33,14.375
19/06/2009,29.46475,2.7,11.25,13.26,10.15,2.412,19.66,11.76,4.76,10.64,12.41,9.65,4,62.3,20.38,4.35,11.4,13.64,10.33,3.94,346.5,15.45,4.4,14.2,9.1,-74.5620354,-1.301353015,31,15.95833333
20/06/2009,29.46749,1.52,11.89,14.7,10.53,0.804,72.5,7.38,2.19,11.26,13.57,9.73,0.6,47.04,11.77,2.04,12.04,14.4,10.57,0.788,342.1,8.89,0,15.3,8.5,-68.91807123,-1.202847257,20,9
21/06/2009,29.47023,2.42,11.89,12.98,10.25,1.407,152.5,9.51,2.7,11.48,12.89,9.7,2.8,249,12.13,2.12,11.96,13.04,10.33,1.576,253.8,9.02,2.8,15.6,8.7,-165.4678284,-2.887958412,21,8.458333333
22/06/2009,29.47296,1.83,12.28,13.13,11.7,2.01,121,8.17,2.52,11.95,12.71,11.41,3.4,271.1,10.24,2.2,12.37,13.86,11.64,2.167,252.7,11.27,1.8,16.2,12.1,-117.5142638,-2.051010822,19,8.5
23/06/2009,29.47570,2.5,13.48,16.33,11.18,0.201,203.1,7.81,2.03,12.82,15.48,10.85,0,108.4,11.63,1.87,13.25,15.74,11.71,0,205.8,9.44,0,17.7,11.3,168.2078503,2.935780815,19,8.043478261
24/06/2009,29.47844,2.16,16.06,17.42,14.41,0,249.9,9.6,1.76,16,17.44,14.06,0,145.4,8.89,1.47,16.03,17.75,14.23,0,197.8,8.4,0,22.3,10.5,108.4921933,1.893545985,14,5.25
25/06/2009,29.48118,2.58,15.53,17.4,13.7,0,167.8,12.18,2.92,15.45,17.67,13.73,0,109.3,10.14,2.13,15.69,18.38,13.96,0,191.8,11.63,0,19.8,12.8,90.13370436,1.573129908,15,6.291666667
26/06/2009,29.48392,3.88,17.89,21.13,14.43,0,43.68,12.51,3.6,18.31,21.26,14.1,0,95.6,13.02,3.59,18.64,21.69,14.57,0,68.8,12.32,0,21.1,12.4,70.99863782,1.239159994,23,9.916666667
27/06/2009,29.48665,1.74,15.95,18.02,14.97,0.201,49.95,11.27,1.93,16,19.36,14.45,0.4,102,13.12,1.51,16.39,19.79,14.63,0.197,166.1,10.91,0.4,23.2,14.9,110.7487415,1.932930182,25,14.33333333
28/06/2009,29.48939,1.78,16.94,19.12,15.18,0,113.2,6.305,2.35,16.83,18.75,15.73,0,93.3,6.947,1.9,16.75,18.22,14.36,0,118.2,8.17,0,20.2,13,97.67991754,1.704836174,17,7.875
29/06/2009,29.49213,1.58,16.74,18.69,15.28,0.201,63.81,7.02,1.77,16.65,19.46,14.81,0,114.4,10.28,1.17,17.07,19.8,15.45,0.197,214.9,13.79,0.4,21,13.8,122.3292656,2.135048456,13,5.416666667
30/06/2009,29.49487,2.3,16.59,18.25,14.95,1.608,182.9,9.87,2.5,16.27,19.09,14.64,2.8,134.5,10.73,2.52,16.68,20.14,14.9,2.955,181.2,12.64,0,22.6,15.7,90.78500138,1.584497185,15,5.166666667
01/07/2009,29.49760,1.7,15.43,17.89,14.14,4.824,163.9,7.12,1.83,14.97,16.78,13.63,5,166.1,41.55,1.51,15.41,16.95,14.53,3.743,220.5,7.55,15.6,22.1,15.3,126.1146885,2.20111655,18,5.625
02/07/2009,29.50034,1.9,15.39,16.22,14.74,6.834,77.4,9.02,2.09,15.07,15.96,14.27,7.6,109.5,10.61,1.69,15.25,16.1,14.56,7.68,170.9,8.89,8.8,20.4,15.5,55.50507537,0.968746317,14,5.833333333
03/07/2009,29.50308,2.05,15.81,17.17,14.37,15.08,97.3,9.96,1.88,15.33,16.86,13.81,17.2,144.6,8.37,1.91,15.68,17.71,14.3,15.17,178,9.02,1.6,22.7,16.6,93.29709415,1.628341476,21,4.458333333
04/07/2009,29.50582,1.97,14.66,16.35,13.74,0.804,93.8,6.893,2.56,14.19,16.09,13.3,0.8,121.9,8.68,2.5,14.65,15.96,13.63,0.591,164.6,9.7,0.4,20.8,12.3,117.5615139,2.05183549,15,5.291666667
05/07/2009,29.50856,2.33,14.78,16.92,13.65,3.216,98.1,10.09,2.7,14.27,15.99,12.87,4.2,131,7.68,2.8,14.78,15.66,13.59,3.546,169.1,7.71,4.4,19.9,13.2,128.7996984,2.247978813,18,7.458333333
06/07/2009,29.51129,4.27,14.68,16.99,12.48,8.64,35.93,14.24,3.21,14.02,15.73,12.05,9.2,110.9,12.01,3.59,14.66,16.39,12.58,7.88,339,16.79,0,17.7,14.6,38.54826621,0.672794166,24,13.25
07/07/2009,29.51403,4.1,12.93,14.97,11.46,1.608,38.18,13.62,3.74,12.28,13.83,10.98,1.4,125.6,14.37,4.22,12.97,14.26,11.7,2.167,355.5,18.33,0.4,15.9,12.2,9.108960149,0.158981346,27,16.29166667
08/07/2009,29.51677,2.59,12.43,13.9,10.82,0.201,35.47,11.34,2.64,11.89,13.7,10.45,0.2,152.6,12.32,2.7,12.53,13.76,11.24,0,9.46,14.93,1.6,14.7,10.6,0.063880353,0.001114922,28,14.20833333
09/07/2009,29.51951,2.57,11.78,13.74,10.23,0.201,40.63,11.01,2.42,11.29,13.29,9.86,0,136.6,11.53,2.58,11.84,13.59,10.57,0.197,12.15,12.9,0.4,16,9.7,-5.768395703,-0.100677498,22,12.875
10/07/2009,29.52225,2.5,11.79,13.28,10.98,0,56.16,9.05,1.86,11.3,12.65,10.5,0,175,11.13,1.67,12,13.56,11.2,0,271.3,8.07,0,13.3,10.2,26.89100758,0.469336621,18,8.708333333
11/07/2009,29.52498,5.61,13.37,14.87,11.19,0,67.83,16.53,3.75,12.88,15.1,10.7,0,143.9,12.64,3.71,13.55,15.93,11.44,0,212,15.26,0,15.5,9.5,72.4467824,1.264434885,27,13.41666667
12/07/2009,29.52772,5.14,14.03,16.22,12.97,1.809,166.9,12.71,3.94,13.62,14.9,12.58,4.2,124.3,19.86,3.03,14.22,15.36,12.84,3.349,216.7,15.71,8.4,15.5,11.7,137.7419737,2.40405096,29,12.91666667
13/07/2009,29.53046,2.31,14.27,16.05,12.7,0,93.3,10.75,2.07,13.81,15.8,12.25,0,117,9.23,1.83,14.13,16.38,11.47,0,92.4,10.42,0,18,8.9,-178.958821,-3.123420652,18,6.666666667
14/07/2009,29.53320,4.19,13.44,15.38,12.22,0.201,45.52,12.05,2.65,12.95,14.8,11.99,0.2,69.37,11.63,3.06,13.57,15.22,12.74,0.197,323.3,11.43,0,15.8,12.4,36.69311537,0.640415676,25,12.45833333
15/07/2009,29.53593,1.53,13.5,15.76,11.9,0,179.3,6.435,1.64,12.91,15.61,11.48,0,324.7,6.897,1.82,13.52,15.89,11.57,0,340.1,8.89,0,17.5,12.1,28.22321053,0.492587949,10,4
16/07/2009,29.53867,1.67,14.17,16.77,11.52,0.201,135.7,6.305,2.03,13.58,16.04,11.74,0,286.7,6.173,1.87,14.06,16.26,12.41,0,273.6,6.305,33.6,18.3,11,-130.8578437,-2.283900225,19,8.333333333
17/07/2009,29.54141,2.42,13.92,16.1,11.23,0,30,7.91,2.27,13.44,15.69,11.67,0,9.72,9.61,2.3,14.05,16.18,12.27,0,28.85,8.98,0,16.7,9,13.95326336,0.243530387,20,10.20833333
18/07/2009,29.54415,2.98,13.38,16.23,11.23,5.025,36.11,13.33,2.88,12.8,15.12,10.79,5.6,149.4,14.41,3.24,13.39,15,11.37,4.531,19.42,14.63,25.8,15,11.6,-4.52655311,-0.079003256,24,11.83333333
19/07/2009,29.54689,2.76,11.67,12.82,10.85,38.99,22.72,12.64,4.06,11.12,12.25,10.32,36,352,18.31,4.31,11.76,12.94,10.94,31.72,314,16.63,24.6,14.5,11,-66.16948613,-1.154875397,23,7.916666667
20/07/2009,29.54962,4.74,12.76,14.2,11.35,4.221,106.3,16.4,4.58,12.15,13.18,10.88,9,245.6,22.96,4.42,12.82,13.9,11.47,6.304,82.5,18.62,3.4,14.5,10.9,-155.0063543,-2.705371243,34,15.20833333
21/07/2009,29.55236,3.82,13.97,15.73,12.4,4.221,104.7,17.54,2.96,13.43,15.5,11.9,5.6,149.4,15.45,2.75,14.02,16.35,12.54,4.925,204.4,16.07,7,19.1,11.6,141.1664351,2.463819086,31,12.20833333
22/07/2009,29.55510,2.52,13.29,14.32,11.87,4.422,43.62,12.67,2.28,12.76,13.89,11.72,3.6,61.95,11.76,2.15,13.33,14.43,12.01,3.152,66.44,11.73,18.8,17.4,11.9,124.1619046,2.16703404,24,7.208333333
23/07/2009,29.55784,3.27,13.02,15.93,11.64,5.025,25.44,12.58,2.74,12.36,14.83,11.27,8,85.9,11.81,2.91,12.97,15.36,10.74,3.546,357.5,17.54,40.4,17,12.5,153.5174529,2.679385012,18,4.625
24/07/2009,29.56057,2.21,12.52,14.96,10.11,0,18.22,10.26,2.54,11.76,13.73,9.91,0,21.06,10.5,2.66,12.49,14.53,9.24,0,357.7,9.38,9.2,14.5,10.1,19.6790004,0.343463351,20,8.5
25/07/2009,29.56331,2.63,13.7,16.12,10.5,0,165.5,9.57,2.93,13.06,15.53,10.49,0,160.7,8.63,2.8,13.27,15.72,9.71,0,178.3,9.08,0.8,15.7,9.5,-172.0672426,-3.003139918,19,7
26/07/2009,29.56605,5.49,14.04,15.41,12.69,13.27,127.7,16.43,5.7,13.38,14.92,12.04,17,144.7,14.92,6.38,13.94,14.96,12.77,17.14,169.6,17.22,12,17.2,11.8,132.3974852,2.310772038,27,13.08333333
27/07/2009,29.56879,5.84,13.71,14.68,12.51,2.01,185.8,15.48,4.49,13.13,13.8,12.12,2.4,94.6,20.99,4.4,13.79,14.37,12.8,1.773,198.6,20.55,9.2,17.6,13,-158.1825,-2.760805445,29,13.75
28/07/2009,29.57153,7.87,13.64,15.41,10.58,12.66,207.9,19.04,6.54,13.15,15.57,9.82,10,152.4,24.89,4.72,13.7,15.06,10.99,9.06,210.1,19.53,9,16.4,12.1,-176.2833487,-3.076724851,32,17.25
29/07/2009,29.57426,5.47,13.63,15.45,12.3,0.603,148.9,19.67,4.71,13.06,15.16,11.86,0.2,209.2,23.51,3.97,13.68,14.83,12.5,0.788,203.8,19.73,8.6,17.9,11.7,-150.6074735,-2.62859629,37,16.04166667
30/07/2009,29.57700,2.98,13.64,15.85,11.35,2.211,91.1,14.24,2.33,13.1,14.97,11.32,1.4,335.2,11.62,3.18,13.67,15.19,11.67,1.379,279.4,12.18,5.2,16.8,8.7,-114.4389224,-1.997335988,33,11.45833333
31/07/2009,29.57974,4.49,13.2,14.53,12.42,13.07,132.8,13.52,5.28,12.58,13.66,11.8,17.8,148.2,16.73,6.16,13.28,14.17,12.61,18.32,176.3,14.41,15,14.9,8.9,162.3983136,2.834385272,21,8.375
01/08/2009,29.58248,3.14,13.62,14.55,12.86,5.025,124.5,13.23,4.38,13.11,13.89,12.4,7.2,138.1,25.74,4.72,13.58,14.46,12.74,6.501,188.2,13.43,6.4,16.8,12.4,161.1191641,2.812059902,29,11.375
02/08/2009,29.58522,2.07,13.16,14.68,11.84,14.27,37.22,10,3.14,12.61,13.52,11.53,11.8,303.1,15.53,2.96,13.16,14.24,10.87,10.24,338.6,13.16,1.6,17.8,12.5,-96.67790166,-1.687347698,21,8.916666667
03/08/2009,29.58795,4.41,13.73,14.33,12.77,2.211,97.1,13.03,4.75,13.01,13.68,11.7,3.8,132.3,12.04,5.09,13.71,14.31,12.64,3.152,162.6,12.05,0.4,18.5,9.9,136.4613691,2.381700193,20,8.875
04/08/2009,29.59069,3.88,14.17,15.24,13.01,3.015,191.1,14.96,3.8,13.61,14.42,12.5,3,161.7,14.13,4.17,13.97,14.77,12.93,2.561,179.7,13.59,3.2,19.6,13.7,167.1407051,2.917155618,21,8.833333333
05/08/2009,29.59343,8.2,14.35,15.25,13.59,0.603,209.8,19.21,6.56,13.79,14.55,13.06,0.6,172.8,17.18,6.52,14.42,15.28,13.67,0.197,190.2,22.8,8.4,17.7,12.9,176.329187,3.07752488,33,14.66666667
06/08/2009,29.59617,NA,NA,NA,NA,NA,NA,NA,5.7,13.6,15.27,12.42,0,159.5,15.44,3.85,14.12,15.26,13.13,0,211.7,12.74,0,18.7,13.4,-175.4267675,-3.061774688,28,12.75
07/08/2009,29.59890,NA,NA,NA,NA,NA,NA,NA,3.27,13.4,15.42,11.85,4.6,151.3,13.67,2.51,13.85,15.36,12.24,1.379,200.7,10.16,0,18.1,11.4,-179.2093897,-3.1277939,17,8.25
08/08/2009,29.60164,NA,NA,NA,NA,NA,NA,NA,3.25,12.92,13.91,12.3,3.2,182.4,12.55,3.27,13.57,14.4,12.9,3.94,220.2,11.24,1.8,16.5,11.7,-178.9942157,-3.124038406,26,11.83333333
09/08/2009,29.60438,2.2,13.2,14.24,12.54,0.603,199.5,8.92,2.19,12.64,13.74,11.77,1.4,157.3,8.99,1.91,13.25,14.07,12.47,1.182,203.5,8.59,4.6,16.4,12.1,-172.8940421,-3.017570291,18,7.583333333
10/08/2009,29.60712,2.04,13.93,15.76,12.56,0.402,35.99,8.49,1.91,13.18,14.79,11.91,0.2,16.33,9.51,1.88,13.8,15.62,12.17,0.197,21.22,9.96,6.6,17.6,11,-14.08314543,-0.245797257,18,6.958333333
11/08/2009,29.60986,3.7,13.78,15.57,12.68,2.01,133.5,12.67,3.87,13.27,14.16,12.12,3,353.3,17.11,3.16,13.9,14.9,12.77,2.167,254.2,12.51,3.2,16.6,10.3,-127.9055571,-2.232373104,28,11.66666667
12/08/2009,29.61259,2.01,13.6,16.11,11.53,1.809,35,10.03,2.91,13.03,15.11,11.52,3.6,355,13.66,2.74,13.78,16.03,12.07,2.955,344.2,13.36,4.2,17.3,12.1,-81.21206596,-1.417417943,23,11.5
13/08/2009,29.61533,1.53,13.77,16.6,11.51,0.804,208,4.933,1.5,13.19,15.5,11.63,0.4,169.4,5.753,1.38,13.77,15.98,11.5,0.394,221.3,4.998,2.2,16.1,10.4,NA,NA,NA,NA
14/08/2009,29.61807,4.4,13.12,14.57,11.66,9.25,152.4,14.11,3.84,12.54,14.1,10.98,13.8,140,15.85,4.07,13.25,14.67,11.94,14.97,184.7,19.47,17.6,15,11.4,161.6938459,2.822089992,27,10.16666667
15/08/2009,29.62081,6.36,13.44,14.15,12.32,2.211,161.4,19.14,5.37,12.91,13.72,12,5,38.33,22.84,5.18,13.55,14.37,12.51,3.743,205.5,23.03,5.2,15.7,12.9,-150.7032515,-2.630267932,43,18.83333333
16/08/2009,29.62355,2.26,13.28,15.49,12.17,4.02,42.74,12.77,3.18,12.48,13.72,11.77,5,7.29,12.75,3.23,13.24,14.9,12.27,4.531,330.2,13.39,5.2,17.1,12.2,-99.41324204,-1.735088394,32,13.04166667
17/08/2009,29.62628,2.69,13.04,14.91,12.29,6.633,54.76,11.92,2.38,12.45,13.69,11.77,6.2,253,13.95,2.32,13.17,14.26,12.34,7.68,259.6,10.98,7.6,14.5,12,41.70941535,0.727966627,25,12.08333333
18/08/2009,29.62902,3.81,13.83,14.73,12.41,2.01,183.1,15.78,3.76,13.28,14.34,12.05,2.6,154.9,14.05,4.07,13.84,14.64,12.8,1.379,190,14.01,2.6,16.4,9.7,168.2513475,2.936539985,20,10.16666667
19/08/2009,29.63176,7.04,14.58,15.82,13.18,3.015,202.2,18.1,5.84,14.05,15.43,12.65,2.4,133.9,23.64,4.79,14.57,15.57,13.2,1.379,205.4,20.84,12.6,18,13.9,-170.3621932,-2.973381192,35,16.125
20/08/2009,29.63450,4.95,13.84,15.71,12.23,2.814,184.6,13.03,4.19,13.25,14.76,11.82,3.2,184.3,18.11,3.83,13.89,15.1,12.51,3.152,200.1,17.28,14.8,16.3,11.4,-165,-2.879793266,28,10.95833333
21/08/2009,29.63723,5.02,12.94,14.53,10.39,3.216,125,16.76,4.37,12.38,13.96,9.99,3.8,326.9,21.35,4.75,13.01,14.1,10.83,3.152,211.7,18.72,13.6,15.9,10.2,-143.8052325,-2.509874788,37,14.33333333
22/08/2009,29.63997,2.89,13.04,15.77,11.09,2.01,132.4,13.65,4.3,12.29,15.04,10.63,2.6,121.6,13.72,4.65,12.96,15.4,11.4,2.758,204,15.52,4.2,15.6,10.3,-135.4775711,-2.364529678,21,10.375
23/08/2009,29.64271,4.03,13.68,14.46,11.42,11.46,166.9,17.9,3.63,13.23,14.1,11.08,13,158.5,13,3.88,13.66,14.5,11.54,12.02,183.5,16.82,39.4,16,11.4,156.0438505,2.723478969,26,13.25
24/08/2009,29.64545,5.25,13.35,14.97,11.88,2.412,178.4,14.18,5.29,12.84,15.09,11.44,2.8,158.8,14.75,5.9,13.29,14.36,12.24,2.758,183.7,17.54,0.2,16.4,10.2,179.2952308,3.129292111,24,12.58333333
25/08/2009,29.64819,4.15,13.44,15.38,11.75,3.819,166,14.5,3.88,12.78,14.21,11.25,4.2,161,15.89,4.64,13.48,14.56,12.14,4.728,198.3,17.71,9.8,16.8,11.6,-172.3154648,-3.007472213,38,15.91666667
26/08/2009,29.65092,1.98,12.94,14.39,11.69,11.86,71.1,9.73,2.31,12.39,13.59,11.19,12.2,126.3,13.09,2.27,13.02,14.47,11.77,12.61,36.4,9.77,9.6,16.5,12.1,120.4343296,2.101975584,18,7.958333333
27/08/2009,29.65366,2.18,12.14,13.83,10.31,9.25,98.9,8.89,2.16,11.59,13.14,9.89,9,147.3,10.79,2.25,12.17,13.34,10.41,10.05,241.9,8.56,8.6,13.4,9.9,-154.5067104,-2.696650812,24,8.666666667
28/08/2009,29.65640,2.91,12.63,15.26,9.94,4.623,352.5,14.37,5.11,12,13.97,9.99,5.6,16.94,23.48,4.35,12.72,14.6,10.51,4.531,328.7,20.12,23.8,15.4,10.1,-44.16521412,-0.770828401,34,17.91666667
29/08/2009,29.65914,4.29,12.85,14.38,11.36,1.608,43.48,15.29,6.04,12.2,13.01,10.72,3.6,314.5,22.36,6.16,12.89,13.9,11.6,2.955,359.5,18.59,19.6,15.3,10.5,-86.25139117,-1.50537076,34,17.41666667
30/08/2009,29.66188,3.78,13.01,14.05,11.21,2.613,170.2,14.11,3.56,12.48,13.72,10.72,2.2,171.2,15.83,3.86,13.05,14.04,11.44,1.773,196.7,14.77,1.8,15.7,9.9,-150.7302369,-2.630738917,25,10.54166667
31/08/2009,29.66461,1.95,13.27,15.59,12.03,0,154.6,11.92,1.95,12.6,14.87,11.43,0.4,173.4,12.81,1.91,13.13,14.4,11.77,0.197,179.2,13.07,3.6,14.5,11.1,-149.0613898,-2.601612039,21,7.791666667
01/09/2009,29.66735,1.38,12.38,14.87,11,11.06,90.1,6.435,1.59,11.7,13.23,10.4,14.4,51.51,7.45,1.74,12.36,14.36,11.07,11.62,340.4,8.26,21.6,15.2,9.2,-122.7178725,-2.141830926,25,6.041666667
02/09/2009,29.67009,3.08,12.96,14.81,11.76,2.211,201.7,9.93,2.75,12.35,13.58,11.37,1.4,158.5,11.22,2.04,13.01,14.36,11.54,2.758,220.2,8.33,4,15.2,7.6,-160.2593161,-2.797052723,21,7.833333333
03/09/2009,29.67283,1.81,12.89,15.26,11.42,2.412,9.38,9.47,2.75,12.19,14.27,11.15,1,50.08,12.72,2.4,12.79,15.27,11.04,0.985,338.1,10.49,3,14.9,9.5,-38.96903138,-0.680137904,15,5.208333333
04/09/2009,29.67556,1.94,12.97,15.02,11.66,3.216,17.36,9.41,3.23,12.32,13.83,11.2,1,32.69,14.49,3.13,13.01,14.7,11.87,1.182,347.8,11.47,11.4,14.3,11,-45.16333781,-0.788248946,17,6.666666667
05/09/2009,29.67830,4.08,13.09,14.68,12.06,9.85,92.9,14.05,3.12,12.58,13.68,11.47,16.2,214,14.33,3.83,13.23,14.27,12.17,13.2,287.4,16.07,9.2,16.6,8.6,-133.0845881,-2.322764245,31,12.70833333
06/09/2009,29.68104,4.38,13.42,14.95,12.42,2.814,168.2,15.52,4.1,12.8,13.92,11.81,5.2,166.1,15.6,4.2,13.44,14.66,12.47,4.334,184.2,15.35,22.4,16.4,11.9,-148.2407605,-2.587289356,27,12.75
07/09/2009,29.68378,4.41,12.9,14.24,11.09,1.608,127.1,15.48,3.84,12.31,13.41,10.47,4.2,154.7,14.45,4.58,13.04,14.07,11.39,3.546,214.6,15.03,6.6,15.1,11.5,-137.1207771,-2.393209033,35,15.375
08/09/2009,29.68652,9.22,13.18,15.07,11.46,9.25,148.1,31.36,7.72,12.75,14.75,11.25,19.8,123.4,34.26,7.33,13.39,15.24,11.97,7.88,208.9,31.59,20.2,16.1,11.5,-153.7634968,-2.683679288,63,26.70833333
09/09/2009,29.68925,3.88,12.97,14.81,11.05,0.201,95.6,14.67,3.27,12.38,13.78,10.41,0.4,300.5,15.67,3.89,13.02,14.7,11.17,0.197,254.6,17.97,2.8,16.3,10.6,-116.9045655,-2.040369578,29,14.91666667
10/09/2009,29.69199,2.98,13.17,14.23,11.98,0,84.2,11.14,2.56,12.55,13.14,11.6,0.6,273.4,12.33,2.77,13.25,13.9,12.13,0.394,287.5,14.21,0.8,16.7,11.7,-120.2500626,-2.098759519,22,11.29166667
11/09/2009,29.69473,3.12,13.19,14.22,12.7,0.201,149.4,13.2,2.88,12.56,13.59,12.12,0,257.4,11.81,3.09,13.17,13.83,12.8,0,197.3,12.35,0,15.8,11.4,-142.9090933,-2.494234209,19,9.708333333
12/09/2009,29.69747,2.38,12.33,13.83,10.4,0,50.94,10.62,2.91,11.86,13.26,9.89,0,318.1,12.83,2.59,12.49,14.47,10.43,0,325.8,9.38,0,15.5,9.7,-98.92919293,-1.726640143,23,11
13/09/2009,29.70021,1.99,11.23,12.86,9.88,0,49.64,7.02,1.54,10.66,12.1,9.64,0,73.9,6.753,1.06,11.34,13.35,9.94,0.197,21.67,6.076,0.2,14.5,11.5,8.359293785,0.1458972,13,5.708333333
14/09/2009,29.70294,1.18,12.41,15.27,10.43,0.402,74.1,6.697,1.25,12.04,14.6,10.05,0.4,140.9,7.21,1.06,12.27,14.59,9.43,0.197,280.6,5.325,0,15.2,10.4,105.6623031,1.844155084,11,4.083333333
15/09/2009,29.70568,1.58,12.23,14.75,10.15,0.804,15.15,9.9,2.94,11.59,13.36,9.9,0.8,14.79,9.97,2.87,12.21,13.77,10.4,0.394,341,12.54,4.8,14,10,-67.95889018,-1.18610639,29,7.791666667
16/09/2009,29.70842,1.4,12.6,15.26,11.44,0,65.12,6.533,1.98,11.89,13.78,10.97,0,13.95,8.98,2.16,12.66,14.8,11.37,0,340.5,8.53,0,15.4,9.2,-65.78327399,-1.148134724,16,6.458333333
17/09/2009,29.71116,4.69,12.48,13.04,11.87,0,193.1,13,3.26,11.9,12.42,11.27,0,106.3,16.76,3.76,12.6,13.01,12.07,0,218.1,10.19,0,15.5,8.4,-145.4060226,-2.537813846,27,11.125
18/09/2009,29.71389,8.25,13.08,13.99,12.46,0.201,214.2,16.33,6.52,12.55,12.94,12,0.2,159.2,18.67,4.36,13.21,13.57,12.6,0.197,218.1,13.56,0,15.6,12.3,-163.7517804,-2.858007724,34,17.83333333
19/09/2009,29.71663,5.85,12.15,13.52,10.35,4.422,140.3,17.48,4.52,11.56,12.92,10.06,3.4,127.7,20.54,4.68,12.27,13.4,10.7,2.758,220.9,17.9,0.8,14.6,8.2,-143.2732339,-2.500589661,38,17.41666667
20/09/2009,29.71937,6.33,12.3,13.34,10.44,1.809,165.8,18.85,5.03,11.72,12.63,10.03,2.4,190.1,21.26,4.76,12.4,13.31,10.64,NA,220.9,19.14,4.4,13.8,7.5,-141.7264148,-2.473592576,38,15.75
21/09/2009,29.72211,6.52,13.14,14.22,11.46,1.809,173.3,21.89,4.96,12.71,14.03,11.06,3.8,67.13,25.44,5.82,13.3,14.61,11.7,NA,199.7,29.53,6.2,15,11,-140.0259097,-2.443913163,48,18.375
22/09/2009,29.72485,5.67,12.19,13.99,10.04,2.412,64.68,23.36,4,11.64,13.08,9.78,4,271.2,24.41,5.48,12.28,13.54,10.37,NA,299.3,27.18,16.8,14.9,9.8,-118.3551208,-2.065686545,47,19.75
23/09/2009,29.72758,5.01,12.09,13.21,10.08,2.412,74,18.69,3.87,11.53,12.73,9.76,1.2,263.5,18.63,5.08,12.24,13.27,10.23,NA,303.7,24.08,7.8,14.3,8.8,-117.0840118,-2.043501508,34,16.04166667
24/09/2009,29.73032,5.01,12.63,13.02,11.95,0.402,67.63,17.87,3.94,12.14,12.51,11.5,0.4,252.5,17.23,5.3,12.81,13.27,12.11,NA,336.8,22.54,4.4,13.8,10.9,-119.1869038,-2.080203896,30,15.41666667
25/09/2009,29.73306,5.2,12.72,13.06,12.01,0,96.1,16.04,4.5,12.2,12.58,11.53,0.2,248.7,17.7,4.41,12.87,13.37,12.14,NA,5.229,18.91,0.2,14.3,12.7,-133.3507851,-2.327410259,34,17.125
26/09/2009,29.73580,4.41,13.11,13.63,12.3,0.201,143.9,16.76,4.6,12.62,13.16,11.72,1,270,20.48,4.95,13.24,13.87,12.44,NA,155.5,19.11,0,16,12.6,-144.1635371,-2.516128383,35,16.20833333
27/09/2009,29.73854,4.24,12.69,13.3,11.06,3.618,62.04,20.09,4.17,12.3,12.94,10.82,6.8,255,18.62,4.25,12.86,13.57,11.3,NA,354,19.83,16,15,11,-107.1127265,-1.869469748,36,15.16666667
28/09/2009,29.74127,2.77,12.57,13.02,11.22,11.86,58.9,12.15,3.36,12.17,12.74,10.66,11.4,349,16.49,3.51,12.76,13.37,11.3,NA,309.8,14.96,16.2,14.1,10.2,-100.7106187,-1.757731888,27,10.375
29/09/2009,29.74401,3.45,11.17,12.62,10.31,6.03,48.04,9.64,2.42,10.6,12.38,9.52,7.6,152.5,11.73,2.17,11.16,12.94,9.41,NA,241.7,9.73,2.2,12.4,6.4,40.3406952,0.704077954,20,8.666666667
30/09/2009,29.74675,1.95,10.39,12.71,8.42,0.402,339.3,12.81,3.35,9.81,11.73,8.21,0.6,350.4,12.57,3.44,10.26,12.61,7.71,NA,357.2,16.63,0.8,12.5,3.6,-68.98489912,-1.204013624,28,8.708333333
01/10/2009,29.74949,1.44,10.09,12.42,8.42,1.608,339.8,7.58,2.95,9.48,11.27,7.93,2,3.587,13.9,2.79,10.2,12.23,8.34,NA,348.9,10.88,5.2,11,3.1,-52.30989983,-0.912979983,23,8.375
02/10/2009,29.75222,4.57,10.48,12.1,7.79,10.85,78.4,22.31,3.37,9.9,11.64,7.16,18.4,111,24.93,4.21,10.59,12.27,7.88,NA,294.8,23.72,28.6,11.7,5.8,-111.3807667,-1.943961103,38,10.83333333
03/10/2009,29.75496,5.09,9.69,11.33,8.12,4.221,23.46,24.5,7.61,9.11,11.05,7.79,9.6,3.653,31.58,8.27,9.82,11.37,8.63,NA,341.2,28.49,31.2,11.6,6.3,-71.82839829,-1.253642047,56,29.16666667
04/10/2009,29.75770,1.43,8.24,10.17,6.828,4.422,7.49,9.47,1.98,7.72,9.37,6.22,3.8,341.2,10.6,1.95,8.14,10.48,6.176,NA,2.636,13.72,3.4,10.1,3.5,-58.47355657,-1.020556087,33,8.208333333
05/10/2009,29.76044,4.57,9.81,12.06,7.71,9.45,154.6,20.32,3.48,9.16,11.49,7.08,7,205.1,19.88,3.75,9.87,12.24,7.44,NA,236.2,18.33,15.4,12,2.5,-142.0332852,-2.478948474,38,11.70833333
06/10/2009,29.76318,4.2,9.17,11.05,7.02,1.005,30.25,15.58,5.17,8.53,9.75,6.499,0.8,81.3,22.58,4.72,9.24,10.47,7.24,27.97,347.4,20.45,4.8,11.1,6.4,-98.63174715,-1.721448735,37,15.83333333
07/10/2009,29.76591,4.06,8.93,10.79,7.3,3.417,48.8,16.37,4.09,8.4,10.4,7.03,2.8,329.2,19.74,4.27,9,10.9,7.61,3.152,344.8,18.46,5.6,10.9,2.2,-111.719572,-1.949874371,36,11.66666667
08/10/2009,29.76865,2.81,9.47,10.9,7.26,2.211,70.2,12.02,3.39,8.83,10.44,6.924,2.2,134.4,23.52,3.76,9.71,11.2,7.71,4.531,181.5,14.83,1.6,10.6,4.1,32.70622535,0.570831318,27,8.958333333
09/10/2009,29.77139,5.37,11.22,12.53,10.25,6.03,152.7,18.82,6.52,10.6,12.02,9.49,9.2,149.9,19.69,7.83,11.48,12.71,10.3,10.44,179.4,18.75,5.4,11.2,7.4,139.3505713,2.432126284,35,19.20833333
10/10/2009,29.77413,4.36,10.75,11.95,9.22,2.814,86.2,17.31,3.03,10.18,11.42,8.83,2.2,271.2,17.31,3.88,10.87,12.14,9.53,2.561,278.7,18.1,9,12.6,7.8,-142.2850935,-2.483343358,26,12.66666667
11/10/2009,29.77687,2.67,10.45,12.43,8.5,1.608,2.634,15.06,4.03,9.95,11.36,8.38,1.8,321.2,24.55,4.03,10.48,11.77,8.04,1.773,329.2,18.72,9.6,11.7,4.3,-47.87954772,-0.835655752,30,12.5
12/10/2009,29.77960,3.88,11.35,12.73,9.78,6.834,215,13.85,3.21,10.81,12.44,8.95,9,217.2,19.27,2.71,11.26,12.81,8.51,9.26,250.6,15.12,13.8,11.4,3.7,-126.6771256,-2.210932928,29,7.791666667
13/10/2009,29.78234,2.72,12.75,12.98,12.39,1.206,79.6,11.79,2.75,12.45,12.75,12.05,2.4,302.3,12.57,3.34,12.71,13.07,12.27,1.379,4.394,15.29,14.8,14.5,10.9,-145.8825983,-2.546131662,20,9.625
14/10/2009,29.78508,3.27,12.3,12.72,11.89,0.402,185.6,11.3,2.73,11.85,12.51,11.42,1.2,244.4,13.58,3.16,12.38,12.81,11.97,0.394,198.9,14.93,0,14.8,10.9,-141.7403678,-2.473836101,22,8.208333333
15/10/2009,29.78782,2.84,10.99,12.53,9.24,3.216,41.09,11.99,2.44,10.63,12.38,8.44,2.8,47.3,11.88,2.69,11.26,12.94,9.08,2.561,357.6,16.24,0.8,13.2,5.8,-76.64952913,-1.337786654,27,6.833333333
16/10/2009,29.79055,1.59,9.98,12.24,8.14,0,23.39,5.488,1.71,9.33,11.76,7.66,0,4.196,5.95,1.63,9.69,12.36,6.973,0,28.11,8.04,0.2,12.5,3.1,-31.59031609,-0.551355028,14,5.083333333
17/10/2009,29.79329,5.37,11.09,12.39,9.17,1.407,212.8,16.14,4.6,10.44,12.09,7.89,1.2,166.3,23.46,2.96,11.04,12.37,7.18,0.788,219.4,10.94,0.2,12.6,2.3,-135.4297492,-2.363695029,31,9.5
18/10/2009,29.79603,2.66,9.81,12.29,7.77,6.231,358.7,16.89,3.45,9.21,11.81,7.41,7,359.8,21.2,3.11,9.7,12.54,6.939,6.501,351.4,15.68,12,12.1,4.5,-96.51708807,-1.684540971,36,12.75
19/10/2009,29.79877,3.76,10.15,12.49,7.82,1.005,111,11.92,4.24,9.36,11.68,6.681,2.4,148.1,12.77,4.99,10.03,12.54,6.035,2.758,158.7,14.7,0.4,10.9,3.5,132.073462,2.305116767,22,8.833333333
20/10/2009,29.80151,5.73,11.5,12.07,10.69,0.201,98.2,12.61,6.09,10.73,11.22,9.78,0.4,130.8,13.89,6.66,11.64,12.21,10.84,0.394,158.5,13.59,0.4,12,10.2,119.5841366,2.087136916,34,17.75
21/10/2009,29.80424,3.99,12.1,13,11.31,0.402,88.7,9.64,4.46,11.46,13.02,10.63,0.6,119.1,10.71,4.59,12.33,13.13,11.4,0.591,154.4,12.64,3.2,14.5,10.2,110.8120565,1.934035237,30,15.375
22/10/2009,29.80698,2.62,12.26,13.09,11.66,0,75.6,6.37,3.2,11.87,12.78,10.69,0,112.4,9.01,3.03,12.7,13.46,11.77,0,151.8,9.34,0,14.1,9.7,125.5487317,2.19123874,22,7.875
23/10/2009,29.80972,2.46,11.81,12.85,11.1,6.633,97,7.32,2.73,11.18,12.63,10.47,5,125.1,7.95,2.89,11.99,13.11,10.77,3.94,157.2,7.55,0.2,14.7,6.4,116.5577333,2.034316215,13,4.833333333
24/10/2009,29.81246,5.67,11.54,12.85,10.66,10.25,57.57,16.43,4.44,10.98,12.23,10.12,14.8,157.4,20.07,4.26,11.73,12.61,10.9,14.18,201.4,16.01,25.2,12.3,7.5,108.7150164,1.897434982,36,15.83333333
25/10/2009,29.81520,4.18,11.31,12.22,10.2,7.84,17.89,16.33,4.39,10.79,11.79,9.64,8.8,110.3,17.98,4.24,11.45,12.54,10.34,7.88,312.9,18.85,4.2,12.7,10.2,33.31248132,0.581412481,33,17.16666667
26/10/2009,29.81793,4.43,10.76,11.89,9.78,0,69.15,11.5,3.85,10.15,11.23,9.2,0,145.5,13.63,3.74,10.88,11.64,9.91,0,203.9,14.41,2.8,11.5,7.7,61.20287727,1.06819172,24,11
27/10/2009,29.82067,6.19,11.68,13.52,9.86,17.89,127.8,19.11,5.89,11.08,13.06,9.18,20.6,133.8,16.64,6.41,11.73,13.48,9.94,20.29,166.4,17.77,32,12.9,8.7,124.049906,2.165079296,27,13.58333333
28/10/2009,29.82341,6.19,12.66,12.94,12.32,2.814,203.6,13.88,4.64,12.21,12.44,11.94,2.6,113.5,21.5,3.19,12.8,13.14,12.51,2.364,195.4,10.88,7.6,14.9,12.3,-159.1063906,-2.776930378,24,12.70833333
29/10/2009,29.82615,5.35,13.06,13.58,12.6,3.417,194.8,16.79,4.23,12.52,13.19,11.81,2.2,157.8,14.51,5.65,13.02,13.61,12.41,1.773,179,15.94,0.4,14.6,12.4,173.063469,3.02052735,23,10.125
30/10/2009,29.82888,6.06,13.29,13.86,12.76,13.27,180.1,19.99,7.09,12.83,13.45,12.33,12,149.5,23.27,6.34,13.23,13.91,12.91,13.99,187.3,19.96,17,15.5,13.2,175.0829193,3.055773405,34,15.83333333
31/10/2009,29.83162,7.88,12.4,13.48,10.78,5.226,205.6,18.16,6.23,11.91,12.74,10.19,8.2,138,21.11,3.94,12.56,13.34,11.07,5.319,207.5,13.92,7.8,14.2,10.3,-157.5079641,-2.749032571,33,16.625
01/11/2009,29.83436,2.53,10.19,11.84,9.18,4.623,265.8,13.43,3.3,9.69,11.33,8.62,5.2,0.783,15.78,3.42,10.35,12.07,9.27,4.728,332.3,13.3,39.6,12.1,9.1,-136.7519915,-2.38677251,30,13.45833333
02/11/2009,29.83710,2.88,9.17,10.31,7.76,4.824,354,11.27,3.84,8.6,9.23,7.28,6.4,19.66,14.95,3.99,9.35,10.21,8.04,5.319,334.5,13.33,11.4,10.4,6.7,-79.02949535,-1.3793249,30,13.33333333
03/11/2009,29.83984,2.47,9.04,10.33,8.01,8.64,22.67,13.92,3.39,8.55,9.78,7.62,7.4,45.12,15.87,3.05,9.19,10.55,8.18,9.46,353,14.28,17,9.6,6.2,-149.6512744,-2.611907469,33,13.33333333
04/11/2009,29.84257,2.51,9.48,10.47,8.19,7.44,46.1,13.79,3.61,8.96,9.98,7.63,5.8,350.2,22.55,3.59,9.62,10.64,8.41,4.925,331.7,15.16,7,10.4,4.5,-163.7611039,-2.85817045,27,10.83333333
05/11/2009,29.84531,2.72,9.8,11.77,7.9,1.407,357.3,15.26,2.86,9.36,11.09,7.97,0.8,261.9,18.34,2.55,9.74,12.44,7.04,1.182,334.2,16.66,0,10.8,3.1,71.79517935,1.253062267,20,7.333333333
06/11/2009,29.84805,4.84,9.07,10.57,6.992,8.04,173.2,19.24,4.11,8.46,9.92,6.765,6.2,191.2,16.93,4.21,9.29,10.88,7.31,4.334,231.1,19.93,16.8,9.8,2.3,-146.5151911,-2.557172488,38,11.54166667
07/11/2009,29.85079,3.36,8.57,9.72,6.944,1.809,73.4,11.17,3.04,7.92,9.36,6.36,2,157.9,12.65,3.06,8.88,10.05,7.01,0.591,219.4,12.18,0.8,10.4,1.2,-129.7853151,-2.26518107,21,6.916666667
08/11/2009,29.85352,2.14,10.28,11.86,8.95,0.201,32.29,11.14,2.92,9.61,11.13,8.09,0.2,81.5,14.84,3.43,10.38,11.64,8.21,0.197,30.87,11.92,2.8,10.2,3.1,173.32792,3.025142889,17,7.333333333
09/11/2009,29.85626,6.07,10.42,11.29,9.35,17.69,199.3,18.75,5.42,9.81,10.67,8.64,14,185.3,15.72,5.74,10.64,11.47,9.17,14.97,186.6,22.93,18.2,10.1,2.9,177.4984185,3.09793182,38,17.70833333
10/11/2009,29.85900,1.72,9.13,10.45,7.84,0.201,15.74,9.28,2.25,8.62,9.82,7.3,0.6,317.1,11.64,2.25,8.76,10.77,5.582,0.788,3.503,8.69,7.8,10.3,2.9,-112.8813005,-1.970150358,36,6
11/11/2009,29.86174,4.12,8.95,9.59,7.68,0,104.2,11.47,4.26,8.01,9.24,6.871,0,147.8,12.7,5.09,8.89,9.87,6.185,0.197,154,14.11,0.2,9.2,0.2,106.9383779,1.866426791,21,7.666666667
12/11/2009,29.86448,6.62,9.23,10.52,8.2,4.623,105.5,18.33,6.41,8.45,9.83,7.63,9.4,140.8,22.99,7.3,9.47,10.81,8.58,10.05,166.5,19.6,5.2,10.9,7.1,124.3019629,2.169478518,38,18.08333333
13/11/2009,29.86721,4.68,8.73,10.07,7.29,11.86,207.7,15.52,3.75,8.03,9.47,6.587,9.6,151.3,19.33,2.9,8.77,10.35,6.069,10.05,218,12.74,4.8,10.7,6.9,-177.086152,-3.090736412,38,17
14/11/2009,29.86995,3.41,8.33,9.72,6.019,13.87,40.78,16.43,3.45,7.81,9.01,5.635,13.6,333.7,18.23,3.57,8.52,9.82,6.403,12.8,308.6,19.67,13.8,8.7,4.8,0.383225519,0.006688547,34,13
15/11/2009,29.87269,4.37,9.26,10.54,7.62,11.06,185.5,17.41,3.23,8.65,9.97,7.03,10,157.4,18.23,3.46,9.55,10.78,8.08,10.05,222.2,22.25,27.8,10.8,6.3,-146.0960403,-2.549856928,39,15.58333333
16/11/2009,29.87543,3.03,8.89,9.94,7.78,22.91,251.1,13.1,2.58,8.38,9.24,7.3,21,172.6,13.14,2.51,9.16,10.18,7.78,20.09,228.5,11.86,17.2,10.5,6.8,133.1648756,2.324165527,33,11.20833333
17/11/2009,29.87817,2.63,8.37,9.71,6.744,7.64,47.42,11.92,3,7.81,9.43,5.945,10.4,329.2,12.41,3.12,8.57,9.87,6.872,8.27,307.1,12.94,2.4,10.3,3,-94.08292157,-1.642056751,23,8.833333333
18/11/2009,29.88090,5.29,9.46,11.93,7.69,9.05,148.8,18.85,4.78,8.87,11.56,7.23,8.2,170.7,32.12,4.5,9.66,12.24,7.24,8.86,218,19.27,10.2,11.1,3.3,-151.7664008,-2.648823388,39,12.75
19/11/2009,29.88364,8.46,11.17,11.99,9.16,8.44,199.7,22.08,7.06,10.72,11.63,8.74,11.2,113.7,28.49,4.99,11.48,12.27,9.5,7.68,211.9,15.22,15.2,12.3,10.4,-155,-2.705260341,40,20.5
20/11/2009,29.88638,4.47,10,11.15,8.18,1.005,125.1,15.61,3.64,9.41,10.58,7.55,1.4,274.4,20.43,4.47,10.24,11.44,8.47,1.379,244.2,19.63,7,11.5,5.9,-136.6358758,-2.384745909,26,10.91666667
21/11/2009,29.88912,6.79,10.27,11.71,8.06,6.633,163.9,18.62,6.75,9.58,11.23,7.52,9.4,146.8,24.48,7.37,10.57,11.95,8.63,12.41,179.3,20.71,5.8,11.6,6.1,164.079965,2.863735626,39,17.5
22/11/2009,29.89185,5.16,8.64,10.7,7.43,5.226,161.3,20.02,4.95,8.06,10,7.03,3.8,146.1,23.63,5.2,8.98,11.11,7.78,3.94,202,20.29,12,11.4,5.3,159.0332993,2.775654692,41,17.25
23/11/2009,29.89459,2.47,8.33,9.38,7.15,2.814,0.307,11.4,4.02,7.91,8.41,7.13,2,354.4,22.66,3.81,8.56,9.35,7.38,2.167,345.4,17.02,12.2,8.4,2.8,-83.91590019,-1.464608753,32,10.91666667
24/11/2009,29.89733,6.09,8.54,10.75,6.067,7.04,165.9,21.76,5.14,7.92,10.25,5.484,8.6,139.1,28.41,5.81,8.87,10.89,6.47,7.68,191.9,30.97,22.2,11.8,4.1,-153.9328703,-2.686635413,41,15.375
25/11/2009,29.90007,7.4,8.12,9.1,5.982,27.34,54.03,27.47,7.82,7.6,8.68,5.164,25.4,229.5,35.01,6.9,8.36,9.18,6.705,19.5,332.7,27.08,20.4,8.5,5.4,-134.6037162,-2.349278033,54,22.75
26/11/2009,29.90281,3.98,8.12,9.3,6.781,6.432,18.12,16.17,5.63,7.65,8.55,6.313,6.4,358.5,22.2,5.63,8.35,9.38,7.04,6.304,346,22.7,19.4,8.6,5.5,-110.3626513,-1.926191637,31,12.66666667
27/11/2009,29.90554,2.48,7.09,8.09,5.678,5.025,29.94,12.9,3.1,6.47,7.57,5.54,5,20.66,22.18,3.05,7.18,8.24,5.713,4.531,347.3,14.83,13.4,7.8,3,-21.15494029,-0.369223361,23,6.541666667
28/11/2009,29.90828,5.09,7.5,8.35,6.324,1.005,76.2,16.76,3.81,6.71,8.08,5.391,1.6,164.4,26.13,3.63,7.68,8.64,6.445,1.773,199.3,16.99,3.8,8.1,3.3,77.06437629,1.345027102,32,11.29166667
29/11/2009,29.91102,5.45,4.58,7.25,1.984,7.04,46.38,16.73,5.32,4.03,6.492,1.3,6.4,200.1,22.33,5.15,4.9,7.47,2.39,7.49,278.1,21.23,22,7.2,1.9,28.04645951,0.489503062,36,18.875
30/11/2009,29.91376,3.23,5.02,6.504,3.304,2.613,340.5,13.39,2.87,4.44,5.928,2.744,1.2,180.2,16.02,3.01,5.26,6.914,2.57,1.379,318.3,15.35,0.4,5.2,-0.1,-45.88472125,-0.800839462,28,9
01/12/2009,29.91650,8.04,7.45,9.84,5.316,14.67,209.7,24.89,6.56,6.8,9.36,4.679,6.2,172.4,23.88,7.81,7.89,10.28,5.95,7.88,190.3,27.41,6.8,7.6,-0.3,-173.0740699,-3.020712369,46,23.25
02/12/2009,29.91923,3.57,7.78,9.14,4.481,15.88,204.1,12.84,3.27,7.21,8.5,4.023,13.8,172,15.22,2.99,8.1,9.47,4.743,14.58,220.3,14.7,35.8,9.4,6.9,-179.2001845,-3.127633241,36,18.75
03/12/2009,29.92197,2.16,6.09,8.11,3.546,1.809,28.35,10.88,2.61,5.45,7.39,2.81,2,352.2,13.35,2.57,6.3,8.39,3.641,2.955,336.6,13.13,16.6,8,1.4,-97.55173851,-1.702599028,21,7.041666667
04/12/2009,29.92471,4.49,8.44,9.95,7.06,1.407,154.2,17.35,4.98,7.75,9.3,6.38,1.8,160.5,15.87,6.24,8.81,10.24,7.44,1.773,181,15.84,0.6,7.7,-0.7,-170.8683971,-2.982216116,22,8.583333333
05/12/2009,29.92745,4.09,8.45,9.48,7.46,3.417,84.1,15.71,4.38,7.79,8.65,7.02,6,119.2,16.12,4.89,8.66,9.82,7.54,7.29,151.5,16.07,5.2,8.9,5.9,132.9271501,2.320016434,29,15.08333333
06/12/2009,29.93018,9.53,9.16,10.12,6.962,13.47,198.5,25.94,7.37,8.53,9.42,6.497,8.8,153.6,30.78,9.21,9.58,10.55,7.57,12.02,187.1,30.48,19.4,10,7.1,175.727433,3.067022292,46,24.29166667
07/12/2009,29.93292,7.3,8.62,9.7,6.438,5.025,180.4,25.94,5.21,8.05,8.95,5.936,4.2,44.28,28.08,5.34,8.97,9.85,6.939,2.758,216.6,22.67,1.4,8.9,6.1,-154.5684955,-2.697729167,45,19.20833333
08/12/2009,29.93566,7.53,9.6,10.95,7.96,6.432,209.2,20.55,6.58,9.06,10.53,7.33,3.8,161.1,27.32,6.19,9.97,11.25,8.4,4.925,200.6,23.55,8.4,10.3,7,-175.5974904,-3.064754366,41,18.41666667
09/12/2009,29.93840,5.47,8.87,10.03,6.58,4.422,184.6,21.76,4.67,8.3,9.48,5.973,3.6,187.3,22.89,4.5,9.21,10.38,5.801,4.728,193.7,22.47,23,10.5,5,-152.0666883,-2.654064394,45,15.875
10/12/2009,29.94114,3.43,9.23,10.41,7.17,0.201,187.9,10.26,2.98,8.61,9.49,6.777,0.6,190.5,12.96,3.33,9.59,10.51,7.52,0.394,195.2,13.65,0.4,9,2.7,-139.0043901,-2.426084282,23,7.083333333
11/12/2009,29.94387,4.77,9.61,9.91,9.39,0.201,192.6,16.46,5.14,8.97,9.3,8.67,0,151.2,15.49,7.57,9.93,10.18,9.67,0,178,15.39,0,9.6,7.3,168.3189114,2.937719197,19,10.16666667
12/12/2009,29.94661,4.84,9.18,10.1,8.17,0,207.8,15.03,4.05,8.56,9.71,7.58,0,182.4,10.62,5.31,9.49,10.21,8.58,0,181.2,15.48,0,9.6,1.4,-142.8302881,-2.492858799,11,4.166666667
13/12/2009,29.94935,1.91,7.95,8.7,7.37,0,237.2,8.4,1.79,7.4,8.1,6.723,0,272.7,9.59,1.65,8.19,9.08,7.24,0,260.3,6.827,0.4,5.9,-0.8,-76.49682993,-1.33512155,10,3.5
14/12/2009,29.95209,3.02,8.59,9.83,7.01,0.603,14.91,13.36,3.6,8.11,9.09,6.646,0.4,316.8,16.25,3.62,8.91,10.11,7.37,0.197,277.7,17.08,1.8,9.6,4.9,-18.32639702,-0.319855968,22,11.66666667
15/12/2009,29.95483,4.22,7.52,8.27,6.467,0.201,38.44,14.41,3.95,7.01,7.76,6.037,0,311.2,14.18,3.76,7.78,8.51,6.838,0.197,290.8,16.56,1.2,8.2,6.2,18.32100025,0.319761777,29,15.95833333
16/12/2009,29.95756,4.86,7.9,9.14,6.781,2.01,47.25,20.16,4.32,7.34,8.48,6.236,2.8,174.9,21.78,4.89,8.15,9.41,6.972,1.97,331.8,22.7,3.4,8.4,6.4,16.49770077,0.287939197,31,16.58333333
17/12/2009,29.96030,4.34,6.28,8.2,4.823,2.211,58.58,13.95,3.17,5.68,7.47,4.295,2.4,279.1,16.44,3.13,6.51,8.11,5.113,1.773,258.3,16.3,3.8,7.4,4,60.05335941,1.048128849,30,12.58333333
18/12/2009,29.96304,2.57,5.42,6.812,3.886,5.226,30.16,16.59,2.48,4.91,6.192,3.509,2.2,264.9,12.17,2.76,5.7,7.12,3.909,4.334,357.4,18,4.6,5.6,1.5,-39.29913384,-0.685899279,24,8
19/12/2009,29.96578,3.66,3.3,6.658,-0.197,1.608,15,21.89,5.14,2.84,6.097,-0.731,1.6,3.847,26.72,5.17,3.71,6.888,0.436,2.561,333.3,25.58,7.2,4.6,-0.7,-39.11165129,-0.682627091,40,15.66666667
20/12/2009,29.96851,4.6,4.12,5.934,1.071,12.06,16.26,29.37,6.65,3.68,5.544,0.465,8.2,344.3,32.52,6.95,4.64,6.553,1.399,7.49,307.7,30.05,28.2,4.4,-1.7,-34.32521928,-0.599088093,48,18.91666667
21/12/2009,29.97125,5.35,4.51,5.696,1.691,6.834,42.22,19.86,5.36,4.01,5.167,1.311,5.6,235.6,26.33,5.1,4.85,5.95,2.236,6.304,282.2,23.23,7.8,5.4,1.7,36.9548229,0.644983334,42,20.83333333
22/12/2009,29.97399,3.86,4.01,5.402,1.588,7.04,24.49,18.46,4.18,3.53,5.13,1.024,4.2,171.7,25.7,4.94,4.46,5.783,1.934,6.304,15.61,23.13,7.4,4.4,-0.5,-12.67153679,-0.221160038,26,7.333333333
23/12/2009,29.97673,1.86,4.46,5.649,3.274,6.633,86.9,7.71,1.64,3.64,4.699,2.783,4.8,141.2,7.09,2.09,4.5,5.884,2.739,4.137,110.3,9.28,1,3,-2,-63.76263198,-1.112867868,15,3.75
24/12/2009,29.97947,1.78,4.97,6.211,2.981,5.226,107.8,8.23,1.41,3.88,5.017,2.485,5.8,238.3,7.89,1.76,4.91,6.718,3.105,5.713,119.4,8.72,0,4.1,-2.6,-43.48319011,-0.758924837,11,4.333333333
25/12/2009,29.98220,5.01,5.82,6.716,4.652,0,74.3,10.52,3.42,4.94,5.693,3.213,0,159.1,14.38,2.86,6.08,6.812,4.344,0.197,214.3,12.9,0.2,7.1,-1.9,-0.722987514,-0.012618513,20,5.375
26/12/2009,29.98494,4.53,5.89,6.63,4.681,0.804,55.52,11.63,3.53,5.27,6.032,4.407,1.8,222.6,16.47,3.38,6.17,6.873,5.075,1.97,239.5,12.97,2.4,5.3,-0.6,23.35526891,0.40762634,20,6.333333333
27/12/2009,29.98768,2.64,5.62,6.907,3.5,3.819,47.38,9.6,2.23,4.82,6.004,3.042,8.4,78.3,12.17,2.72,5.77,7.34,3.909,7.09,66.14,10.03,0.8,6.3,-0.1,-7.440879289,-0.129867843,18,6
28/12/2009,29.99042,4.55,4.59,6.477,0.198,0.201,66.28,15.84,3.76,3.82,5.487,-0.13,0.2,196.1,22.75,3.56,4.83,6.652,0.83,0.394,231.5,17.54,3.6,3.8,-2.3,-16.66453731,-0.290851044,33,10.45833333
29/12/2009,29.99316,5.83,2.98,4.861,0.874,4.422,55.01,16.27,4.67,2.37,4.044,0.513,5.8,239.6,24.75,4.51,3.3,4.846,1.467,5.319,240.2,18.52,10.8,4.3,-2.2,41.76002801,0.728849985,30,12.29166667
30/12/2009,29.99589,9.79,4.79,5.848,2.378,0,61.66,20.19,8.43,4.01,4.997,1.647,3,188.3,32.55,7.09,5.07,6.017,2.47,0,210.7,22.8,2.6,5.6,1.4,69.37413005,1.210806985,44,20
31/12/2009,29.99863,5.23,2.85,4.454,0.31,5.427,36.7,17.08,5.13,2.32,3.939,-0.279,3.6,159,22.11,5.09,3.26,4.679,0.863,7.29,285.8,22.15,16.4,4.2,0.7,24.4175658,0.426166919,35,17.16666667
01/01/2010,30.00137,3.75,3.72,5.307,1.381,9.05,33.56,13.79,3.54,3.22,4.895,0.839,11,251.1,16.89,3.53,4.08,5.85,1.869,8.27,276.2,17.41,17.6,4.2,0.8,2.078281414,0.036272853,32,12.83333333
02/01/2010,30.00411,6.43,5.06,6.497,3.405,2.01,56.26,18.62,5.03,4.42,5.872,2.931,1.4,178.9,29.81,4.77,5.45,6.653,3.942,1.182,216.5,23.45,3.2,5.8,0.5,71.15296924,1.241853586,37,14
03/01/2010,30.00684,2.01,4.45,6.201,3.293,2.01,33.38,7.06,1.7,3.75,5.016,2.01,1.8,224.6,7.8,1.73,4.56,6.648,1.706,1.379,337.4,8.69,0.4,4.2,-1.7,-45.41338181,-0.792613037,16,6.041666667
04/01/2010,30.00958,3.41,3.59,5.782,-0.563,3.216,16.36,18.69,3.55,3.15,5.233,-0.853,2.6,11.95,21.5,3.99,4.07,6.051,-0.13,2.364,348.6,24.83,10.4,3.5,-0.1,-35.30103377,-0.616119269,32,11.70833333
05/01/2010,30.01232,5.01,3.34,5.488,0.367,3.819,42.18,21.98,5.28,2.83,5.019,-0.138,3.6,248.9,29.42,4.94,3.72,5.683,0.863,3.349,294.1,24.7,6.8,5.3,-1.4,33.01317028,0.576188518,50,23.25
06/01/2010,30.01506,2.99,2.36,4.256,0.706,4.824,28.29,15.78,3.11,1.89,3.623,0.219,6.6,286,21.64,3.01,2.73,4.679,1.178,5.122,301.4,15.81,3.4,3.3,-2.2,-7.510491191,-0.1310828,29,10.58333333
07/01/2010,30.01780,2.73,3.51,4.805,1.288,2.01,56.64,8.95,2.23,2.73,3.997,1.341,2.4,170.9,11.03,2.29,3.63,5.013,1.48,1.97,174.1,9.47,0.2,2.8,-2.9,-64.87295568,-1.132246672,20,4.916666667
08/01/2010,30.02053,1.27,4.96,6.898,3.576,0,352.6,4.704,1.82,4.12,5.649,2.197,0,301.8,5.687,1.41,3.78,7.42,1.446,0,1.529,5.129,0.8,2,-3.1,-108.7032628,-1.897229843,13,6
09/01/2010,30.02327,1.67,5.48,9.09,3.754,3.417,332.1,8.33,2.1,4.64,6.371,3.183,2.6,308.3,6.423,1.74,4.64,7.08,2.579,4.137,349.8,7.58,6.4,4.4,1.1,-75.07316262,-1.310273868,15,5.041666667
10/01/2010,30.02601,4.9,4.11,5.411,2.708,0.603,105,13.07,3.69,3.14,4.418,1.779,0.8,151,17.27,3.92,4.48,5.582,2.972,0.197,178.9,15.29,2.6,3.9,-1.5,115.0799769,2.008524499,21,9.458333333
11/01/2010,30.02875,7.89,4.89,5.639,3.377,0.402,83.7,16.2,6.68,3.98,4.669,2.568,0.8,138.5,24.26,6.45,5.09,5.749,3.708,0.985,173.8,18.65,0,4.7,2.8,105.8516913,1.847460533,37,20.125
12/01/2010,30.03149,7.39,5.54,6.869,2.99,0.804,101.6,17.02,8.34,4.75,5.908,2.326,1.4,132.1,19.98,8.78,5.89,7.11,3.307,1.97,157.3,19.14,2,5.5,3,117.0840118,2.043501508,35,19.54166667
13/01/2010,30.03422,6.12,4.3,5.478,3.16,0.603,112.8,16.14,7.32,3.64,4.772,2.577,1.4,147.9,17.15,9.03,5.07,6.009,4.076,1.576,166.8,16.4,0,5.2,3.7,131.2202994,2.29022627,41,20.04166667
14/01/2010,30.03696,4.8,5.88,7.83,3.462,5.427,162.2,16.63,5.02,5.18,7.09,2.876,5.6,161.6,13.94,6.6,6.4,8.24,4.177,5.319,174.4,17.71,2.4,5.9,3.6,158.6477068,2.768924834,28,12.45833333
15/01/2010,30.03970,6.38,8.26,9.43,6.782,10.05,169.8,27.9,7.08,7.64,8.79,6.156,7.2,143.9,28.12,7.87,8.61,9.68,7.31,10.24,184.9,25.38,6.4,8.4,5.5,162.5929627,2.83778254,46,21.83333333
16/01/2010,30.04244,7.58,7.86,9.56,3.82,7.24,195,22.67,7.51,7.32,9.05,3.095,3.8,144.4,25.97,7.59,8.2,9.85,4.43,5.713,194.1,24.76,20,9.5,4.2,-176.9797027,-3.088878521,47,21
17/01/2010,30.04517,5.16,7.99,9.05,4.605,10.25,126.6,17.51,4.16,7.44,8.59,4.434,10,112.6,20.05,4.52,8.35,9.41,5.299,10.64,228.3,18.26,9.4,8.6,3.3,-154.1848163,-2.6910327,38,15.41666667
18/01/2010,30.04791,3.35,8.21,8.87,6.381,1.005,136.1,11.27,3.37,7.79,8.29,6.222,1.4,274,14.53,3.41,8.54,9.28,6.872,1.379,227.8,14.86,0.8,8.5,2.9,-132.8665855,-2.318959383,19,7.666666667
19/01/2010,30.05065,5.39,7.87,8.77,6.62,0.201,142.6,17.64,6.53,7.21,8.19,5.886,0.4,156.8,18.81,8.15,8.22,9.11,7.01,0.197,173.2,18.52,0.2,8.3,5.4,152.744686,2.665897686,28,13.75
20/01/2010,30.05339,5.3,6.16,6.926,5.411,1.608,138,17.9,7.56,5.45,6.226,4.753,2.2,146.2,21.83,9.56,6.68,7.37,6.046,2.758,172.8,18.65,14,6.9,3.6,146.2816479,2.553096391,35,19.375
21/01/2010,30.05613,7.06,7.02,8.76,5.972,10.05,117.3,22.54,8.88,6.36,8.2,5.269,7.4,149.7,24.14,10.72,7.47,9.01,6.437,12.02,172.5,23.19,16.6,7.3,3.9,148.3252926,2.58876472,34,18.70833333
22/01/2010,30.05886,2.74,8.04,8.99,5.915,0.402,177.8,12.02,2.58,7.52,8.5,5.448,0.2,323,15.12,2.92,8.06,9.34,5.013,0.788,205.8,13.52,15,8.9,1.4,-149.7562685,-2.61373996,30,9.666666667
23/01/2010,30.06160,1.76,7.04,8.62,5.535,0,17.89,5.978,2.08,6.36,8.91,4.735,0,338.7,5.863,1.5,6.12,9.9,4.277,0,24.91,4.149,0.2,7,0,-11.51480682,-0.200971292,16,5.166666667
24/01/2010,30.06434,2.25,5.46,6.945,4.454,0,77.8,6.337,1.72,4.73,6.379,3.454,0,172.7,8.8,1.86,5.6,7.35,3.005,0,193.7,7.19,0,5.9,1.8,105.8187501,1.846885599,14,7.041666667
25/01/2010,30.06708,7.57,6.73,7.64,5.402,2.814,215.5,17.97,6,6.08,7.04,4.342,1.6,179.4,22.71,4.95,7.14,8.04,6.211,1.379,201.5,15.61,0.2,5.5,2.2,-173.2900636,-3.02448217,34,15.875
26/01/2010,30.06982,4.63,9.1,9.6,7.64,1.005,130.7,16.53,3.69,8.69,9.25,7.04,2,339.3,19.41,4.15,9.32,9.87,7.84,0.591,237.3,16.92,4.2,9.1,4.8,-148.3890873,-2.589878147,34,18.16666667
27/01/2010,30.07255,3.32,8.23,9.96,6.248,2.814,23.8,15.71,5.98,7.83,9.78,5.715,4,359.2,22.63,6.8,8.56,10.44,6.571,3.94,337.1,21.46,5.8,10,3.9,-62.42893963,-1.089590545,34,14.83333333
28/01/2010,30.07529,2.66,7.15,8.09,4.738,2.613,358.1,14.44,4.89,6.68,7.48,4.248,1.8,9.03,18.61,5.2,7.49,8.28,5.111,1.773,338.9,18.36,13.8,7,2.4,-47.98833744,-0.837554491,26,8.666666667
29/01/2010,30.07803,3.7,2.85,5.544,0.255,2.412,32.06,19.7,4.98,2.31,4.998,-0.26,1.8,237,25.7,5.02,3.22,5.917,0.743,2.955,122.1,19.93,2.2,4.1,-0.9,-10,-0.174532925,38,17.95833333
30/01/2010,30.08077,2.43,2.83,4.114,0.669,5.226,7.08,12.9,3.62,2.4,3.558,0.223,2.8,299.3,18.12,3.47,3.36,4.411,1.266,2.758,249.8,20.02,5.8,3.2,-2.1,-18.26949528,-0.318862845,27,11.20833333
31/01/2010,30.08350,3.01,3.54,5.089,1.157,5.829,19.64,19.14,4.59,2.98,4.267,0.456,4,282.7,23.15,4.5,3.96,5.248,1.467,4.531,191.3,19.83,11.2,3.3,0.7,-14.59394347,-0.254712364,35,15.20833333
01/02/2010,30.08624,1.81,5.38,7.47,2.2,7.44,341,8.89,2.69,4.83,6.927,1.962,6.8,317.4,14.86,2.37,5.61,7.74,2.738,6.895,325.6,11.04,5.6,3.8,0.4,-87.22619044,-1.522384217,29,8.166666667
02/02/2010,30.08898,2.68,4.32,6.163,2.709,3.015,36.16,12.71,2.41,3.82,5.693,2.103,2.6,265,10.99,2.39,4.62,6.586,2.704,1.576,298,12.51,4.4,4.8,-0.8,-24.10764146,-0.420757718,25,8.333333333
03/02/2010,30.09172,3.91,3.73,8.21,1.477,4.221,85.3,15.32,3.81,2.73,7.5,0.642,7.2,138.5,18.74,4.35,3.7,8.26,1.446,8.47,149,17.35,3.2,3.6,-3.3,-139.6726659,-2.437747894,26,7.375
04/02/2010,30.09446,4.59,7.19,8.97,5.868,2.211,76.5,16.4,3.84,6.53,8.37,5.213,6,132.3,17.14,3.81,7.34,9.01,6.11,6.895,201.9,16.07,14.4,6.3,0.8,75.56536823,1.318864476,22,7.375
05/02/2010,30.09719,4.92,7.23,7.9,6.22,1.206,76.6,12.84,3.84,6.59,7.19,5.579,3,127.8,15.29,3.4,7.45,8.11,6.312,3.152,181,17.02,5.6,7.4,4.7,101.266731,1.767437879,29,15.41666667
06/02/2010,30.09993,5.68,6.69,7.5,6.239,0.201,71.4,10.88,3.97,6.09,7.31,5.607,0,162.1,22.45,3.4,6.95,7.74,6.437,0,206.8,12.54,0,7.5,5.6,88.30182425,1.541157569,23,13.54166667
07/02/2010,30.10267,4.47,6.62,6.974,6.267,0,90.2,9.57,4.17,5.86,6.375,5.475,0,122.9,10.57,4.13,6.8,7.21,6.403,0.197,160.4,12.97,0,6.7,5,101.2458333,1.767073146,25,14.54166667
08/02/2010,30.10541,4.59,5.66,6.534,4.672,0,80.1,9.51,3.63,4.97,5.945,4.033,0,142.8,13.36,3.43,5.91,6.74,5.012,0,180,11.24,0.4,5.4,1.9,85.33684038,1.489408838,24,11.5
09/02/2010,30.10815,2.05,4.65,6.03,2.322,0.804,36.08,9.6,1.7,4.15,5.729,1.813,1.2,237.6,8.81,1.71,4.96,6.638,2.871,0.788,327.4,11.07,2,6.2,1.3,-0.006131965,-0.000107023,27,8.541666667
10/02/2010,30.11088,2.11,5.1,6.572,3.113,0.603,21.41,10.19,1.93,4.68,6.193,3.276,0.4,316.9,10.76,1.74,5.12,6.805,3.206,0.197,342.8,9.93,0.4,7.3,0.3,-77.18729546,-1.347172446,17,4.25
11/02/2010,30.11362,1.38,5.91,7.7,4.283,1.407,332,6.501,1.88,5.5,6.987,4.324,1,318.6,8.19,1.47,5.94,7.78,3.742,0.788,346.3,7.12,1.6,8,0.1,-67.22827117,-1.173354682,16,7.125
12/02/2010,30.11636,1.39,6.54,8.93,3.897,0,323.5,4.639,1.89,6.11,8.47,4.557,0,324,5.803,1.44,6.24,9.47,3.608,0,354.8,4.737,1,8.4,0.3,-52.21434845,-0.911312297,12,4.791666667
13/02/2010,30.11910,1.64,7.57,8.74,6.601,2.211,5.319,8.26,2.72,7.09,8.38,6.083,2.2,358.9,11.78,2.41,7.8,9.15,6.476,1.97,337.4,9.18,4,7.1,2.6,-107.7556703,-1.880691234,17,7.208333333
14/02/2010,30.12183,2.28,7.99,9.27,7.17,5.427,17.69,10.19,4.19,7.49,8.21,6.734,6.4,79.7,19.14,3.64,8.25,9.11,7.34,5.91,343.9,13.69,6.6,9.1,4,-112.5079968,-1.963634979,21,8.125
15/02/2010,30.12457,2.45,5.12,7.94,2.812,5.628,0.271,12.25,4.72,4.56,7.51,1.915,4.4,24.36,23.21,4.64,5.34,8.08,2.838,5.713,349.2,15.97,16.8,5.9,1.4,-117.1357796,-2.044405026,24,10
16/02/2010,30.12731,7.38,4.32,5.744,3.114,4.623,68.49,18.52,6.39,3.64,5.004,2.28,7.4,179.3,34.53,5.39,4.57,5.448,3.373,6.895,201.1,24.6,0.8,4.7,1.3,89.81906874,1.567638481,38,16.66666667
17/02/2010,30.13005,6.23,3.94,5.488,1.298,2.814,55.66,19.21,5.61,3.34,4.726,0.827,5.4,272,29.6,5.16,4.21,5.649,2.068,3.743,256.7,22.61,4.4,5.2,2.3,51.30066888,0.89536558,39,22.39130435
18/02/2010,30.13279,3.79,2.61,4.543,0.651,9.25,26.7,14.05,3.55,2.11,3.988,0.243,8.6,146.4,19.75,3.67,2.96,4.846,0.869,10.05,332,18.88,10.8,4.9,1,10.89275949,0.190114518,28,11.58333333
19/02/2010,30.13552,2.02,3.04,4.843,1.824,3.819,357.4,11.92,2.26,2.6,4.736,1.406,2,300.6,11.06,2.04,3.26,6.376,1.011,3.743,332.1,14.24,1.4,3.4,-0.3,-40.46132114,-0.706183274,21,7.25
20/02/2010,30.13826,3.32,1.97,3.172,0.407,8.84,27.1,16.27,2.95,1.38,2.637,-0.09,5.6,317.6,18.61,2.68,1.97,3.144,0.642,14.97,323.8,13.85,5.8,2.1,-1.7,56.56864615,0.987309129,16,5.5
21/02/2010,30.14100,2.04,3.19,5.468,1.045,1.206,354.6,9.51,2.06,2.56,5.167,0.793,8.4,253.7,11.05,2.41,3.39,5.75,1.641,1.379,332,11.86,1.4,3.6,-3.8,52.04462783,0.908350114,16,3.708333333
22/02/2010,30.14374,2.92,3.65,4.587,2.851,0,99.2,9.31,2.76,2.75,3.847,1.433,0.6,138.9,9.7,3.32,4.06,5.181,3.206,0,164.1,11.07,0.2,3.8,-4.2,53.87560419,0.94030668,20,5.666666667
23/02/2010,30.14648,4.38,3.32,4.463,2.699,0,79.3,10.58,3.44,2.45,3.921,1.257,0,143.8,19.71,3.22,3.57,4.644,2.337,0,173.9,12.67,5.8,4.7,-1.9,80.37074167,1.402734064,21,5.416666667
24/02/2010,30.14921,9.34,3.44,4.416,1.946,0.201,60.93,19.01,7.22,2.78,3.846,1.926,0.2,185.4,29.55,6.75,3.76,4.813,2.805,0,198.5,20.81,0.4,3.7,-2.5,66.88526306,1.167368061,34,16.95833333
25/02/2010,30.15195,8.62,3.17,4.36,1.017,4.623,62.57,28.68,8.83,2.53,3.623,0.68,6.2,280.1,33.42,7.27,3.46,4.645,1.735,4.334,254.5,29.96,5.8,4.2,1.3,50.35857164,0.878922882,50,31.125
26/02/2010,30.15469,8.2,3.82,4.728,3.038,0.201,62.69,22.15,7.55,3.17,4.061,2.392,0.8,227.9,31.41,6.43,4.1,4.913,3.24,0,230.1,25.38,2.6,5,1.5,NA,NA,48,NA
27/02/2010,30.15743,8.76,3.86,4.833,2.963,0,73.7,14.57,6.76,3.05,4.286,2.103,0,163.4,24.55,5.26,4.04,5.047,3.173,0,209.3,18.62,0,5.1,1.2,84.99362958,1.483418679,28,16.125
28/02/2010,30.16016,6.9,4.47,5.525,3.65,0,70.9,13.3,5,3.75,5.043,3.053,0,170.8,22.65,4.3,4.73,5.434,4.043,0,208.3,16.46,0,6.4,1.9,68.37793123,1.193420036,27,13.41666667
01/03/2010,30.16290,2.59,4.16,6.153,2.434,0.201,51.03,9.02,2.12,3.34,5.592,1.387,0.2,224.3,11.27,1.74,3.91,6.697,0.978,0.788,303.9,12.35,0.4,5.6,-1.5,-31.34064961,-0.546997525,20,6.875
02/03/2010,30.16564,2.43,4.61,5.915,2.401,0,98.4,10.85,3.27,3.83,5.689,1.713,0,173.6,10.61,4.14,4.22,6.136,0.609,0,153.4,11.37,0,7.8,-1.4,-133.1052402,-2.323124693,18,4.916666667
03/03/2010,30.16838,3.89,6.36,7.9,5.212,0,201.5,12.51,3.87,5.74,7.44,4.38,0,172.3,11.68,4.8,6.65,7.44,5.676,0,179.1,14.9,0,7.5,0.1,148.4956247,2.591737576,14,6.5
04/03/2010,30.17112,2.42,6.96,9.19,4.388,5.025,20.89,10.29,2.61,6.36,8.38,4.245,4.6,37.69,11.27,2.75,7.09,8.96,4.597,4.531,341,14.44,0.6,8.7,-1.2,-79.93209301,-1.395078201,23,6.125
05/03/2010,30.17385,2.04,7.12,8.18,6.221,1.206,347.3,11.47,4.51,6.61,7.54,5.708,1.2,40.83,15.06,4.16,7.42,8.48,6.671,1.379,345.6,15.03,2.8,9.3,3.6,-69.96177862,-1.221063388,28,12.95833333
06/03/2010,30.17659,1.64,7.34,9.91,5.478,1.206,170.2,6.762,1.92,6.83,8.52,5.674,1.6,299.6,12.31,1.79,7.48,8.84,6.015,1.576,352.2,10.71,2.6,9.9,3.7,-112.7956727,-1.968655871,20,8.583333333
07/03/2010,30.17933,5.22,7.17,8.8,5.953,0,212.5,12.02,4.19,6.63,8.18,5.288,0,149,14.6,2.73,7.53,8.81,6.438,0,213.5,9.41,0,8.9,1.2,-147.6691185,-2.577312321,21,9.583333333
08/03/2010,30.18207,2.49,6.14,8.68,4.416,0,199,8.43,2.44,5.31,7.48,3.259,0,175,7.9,2.66,6.35,7.24,5.515,0,193,6.631,0.2,7.8,-1.3,-149.6244369,-2.611439065,13,5.25
09/03/2010,30.18480,4.09,6.63,8.17,4.975,0,204.9,9.7,3.4,5.99,7.35,3.96,0,161.9,11.13,2.42,6.93,8.07,5.582,0,213.6,7.58,0.2,9.3,-1.7,-119.0730401,-2.0782166,16,5.291666667
10/03/2010,30.18754,2.86,7.78,9.27,6.821,0.402,141.4,11.66,2.6,7.29,8.35,5.99,0.4,329,12.69,2.98,8.11,9,7.27,0.394,191.8,14.86,0.2,9.5,0,-135.8857767,-2.371654211,23,10.83333333
11/03/2010,30.19028,2.78,8.09,9.67,6.83,2.211,39.74,12.87,3.92,7.56,8.69,6.313,3.2,0.213,17.36,4.02,8.38,9.84,7.24,2.561,330.9,17.67,6.8,9.5,5.6,-86.61398811,-1.511699271,30,14.70833333
12/03/2010,30.19302,2.49,7.37,9.42,6.401,0,40.04,15.68,3.06,6.74,8.64,5.682,0,43,13.72,3.34,7.58,9.44,6.771,0,14.39,15.42,1.2,9,2.3,-33.9730135,-0.592940942,19,9.291666667
13/03/2010,30.19576,2.15,8.34,10.73,6.277,2.01,344.6,12.38,4.83,7.7,9.77,5.448,2.4,31.13,19,4.49,8.48,10.74,6.311,2.167,345.2,15.12,2,9.6,5,-72.43423554,-1.264215901,29,13.54166667
14/03/2010,30.19849,2.61,8.79,10.5,8.03,2.01,16.86,12.38,4.65,8.27,9.15,7.21,3,22.72,21.23,4.06,9.06,9.81,8.11,2.758,344.2,19.27,4.6,10.7,6.1,-74.41585684,-1.298801717,30,14.33333333
15/03/2010,30.20123,1.77,8.07,10.02,6.763,2.211,35.21,13.23,3.4,7.46,8.73,6.147,6.2,360,24.09,3.44,8.16,9.61,6.337,4.925,352.9,19.4,13.8,9.3,4.5,-76.85069452,-1.341297652,34,13.125
16/03/2010,30.20397,5.1,7.38,9.03,6.668,0.402,208.1,15.91,4.02,6.83,8.31,6.166,0.4,160.2,14.4,4.26,7.62,8.67,6.939,0.197,190.6,17.08,0,10,4.5,-152.7877835,-2.666649879,29,11.63636364
17/03/2010,30.20671,6.95,8.72,9.83,6.859,9.45,203.9,16.56,6.06,8.33,9.51,6.235,9,125.1,27.56,4.43,9.01,9.71,7.07,8.08,196.8,18.95,3.2,10.6,6.5,-169.5537829,-2.959271771,38,17.66666667
18/03/2010,30.20945,7.98,9.06,9.64,8.53,11.46,206.4,22.8,6.83,8.63,9.43,8.07,9.4,167.1,28.26,7.14,9.22,9.97,8.64,8.47,186.6,23.62,12.8,9.8,7.9,-178.8308195,-3.121186603,43,19.54166667
19/03/2010,30.21218,5.95,8.47,10.21,6.572,2.814,64.48,26.82,5.45,8.07,9.87,6.372,7.8,302.1,29.58,6.22,8.7,10.17,7.04,5.516,295.3,30.05,9.4,11.2,6.1,-128.229057,-2.238019241,52,24.91666667
20/03/2010,30.21492,1.59,8.13,10.73,6.258,0.201,355.8,9.51,2.98,7.42,9.28,6.153,0,17.07,15.03,2.73,8.08,10.47,5.28,0,353.6,12.61,0,10.5,3.1,-95.02737104,-1.658540504,31,12.20833333
21/03/2010,30.21766,3.82,8.21,10.06,6.955,1.407,183.5,16.07,3.77,7.53,9.47,6.228,1.4,157.1,15.67,4.53,8.36,9.67,7.37,1.576,184.5,16.66,0.4,10.1,2.3,-163.8411758,-2.859567968,25,10
22/03/2010,30.22040,5.5,7.9,9.64,6.391,3.618,146.2,20.91,5.13,7.32,9.11,5.918,4.2,153.1,21.86,5.21,8.05,9.34,6.663,5.516,192.7,19.34,15.2,10.9,3.1,175.2552638,3.058781385,40,14.30434783
23/03/2010,30.22313,6.97,8.15,9.16,6.486,5.226,209,19.73,5.98,7.57,8.36,5.836,4,165.1,18.21,5.08,8.39,9.15,6.671,3.94,197.4,21.49,1.2,10.1,2.9,-173.393145,-3.02628128,38,17.08333333
24/03/2010,30.22587,3.85,7.49,9.3,5.868,5.427,123.6,13.46,3.69,6.83,8.23,5.231,7.2,154.5,11.82,4.32,7.66,8.91,5.94,7.29,181.4,13.16,9.6,8.6,5.8,150.5693365,2.627930674,20,10.33333333
25/03/2010,30.22861,4.01,7.64,9.18,6.334,0,57.17,11.34,2.69,7.13,8.81,5.42,0,200.6,15.86,2.68,7.68,9.26,5.415,0,244.1,11.11,0.4,9.5,2.3,85.18174206,1.486701862,24,10.125
26/03/2010,30.23135,4.14,7.42,8.81,6.191,1.206,35.55,18.42,5.07,6.86,7.76,5.621,0.8,345.8,19.43,5.06,7.52,8.3,6.405,0.788,317,18.98,10.4,7.6,6.4,NA,NA,35,NA
27/03/2010,30.23409,3.26,6.92,8.96,5.26,2.211,1.5,16.1,5.47,6.19,7.41,4.856,2,6.006,18.61,5.51,6.93,8.44,5.802,1.97,325.4,22.74,4,9.1,5.4,-78.38215734,-1.36802672,29,15.20833333
28/03/2010,30.23682,4.16,5.81,8.04,3.51,2.613,40.39,18.39,4.56,5.25,6.654,3.305,2.6,302.6,18.01,4.06,6.01,7.54,4.043,1.97,278,18.42,4.8,6.8,1.7,-0.13555902,-0.002365951,34,19.13043478
29/03/2010,30.23956,5.53,4.65,6.286,3.398,0,50.01,16.07,4.36,4.1,5.881,2.96,0,188.9,23.75,4.41,4.83,5.868,3.775,0,240.9,16.99,2.8,6,-2.6,10.66789768,0.186189939,29,13.29166667
30/03/2010,30.24230,8.4,4.62,5.877,2.267,0.402,53.6,22.74,6.69,4.06,5.313,1.618,0.2,195.2,31.4,6.57,4.9,6.037,2.503,0.394,237.6,22.64,0,5.7,3.1,44.31957098,0.773522437,41,24.41666667
31/03/2010,30.24504,4.54,3.88,5.84,1.759,2.613,32.86,20.68,5.28,3.34,5.128,0.809,2.4,177.9,24.82,5.66,4.19,5.81,1.934,3.152,294.9,24.5,7.6,6.1,0.7,-3.729335288,-0.06508918,37,20.25
01/04/2010,30.24778,2.03,4.24,7.03,1.696,2.814,356.3,11.37,3.44,3.64,5.948,1.386,2.8,7.09,15.65,3.45,4.5,7.01,2.403,1.773,331.3,16.14,2.2,8.1,0.5,-60.7007747,-1.059428377,30,12.83333333
02/04/2010,30.25051,2.83,5.37,7.84,3.088,0.603,13.06,14.7,3.02,4.74,6.721,2.569,0.4,9.88,14.86,2.99,5.44,7.94,3.173,0.591,335,14.73,4.8,7.9,0.9,-120.4014089,-2.10140101,29,11.20833333
03/04/2010,30.25325,3.26,5.52,7.56,3.934,0.402,31.59,14.28,3.45,5.09,7.41,3.706,0,175.8,14.17,3.68,5.72,7.14,4.779,0,348.7,14.93,3.6,7.6,1.4,17.70902051,0.309080715,17,8.958333333
04/04/2010,30.25599,3.57,5.93,8.22,2.908,5.427,218,23.45,4.43,5.3,7.4,2.726,4.2,154,21.4,5.03,5.83,7.93,2.309,6.501,193.6,20.38,0,9.6,0.5,-111.5652696,-1.947181285,28,9.666666667
05/04/2010,30.25873,11.1,9.17,10.29,5.972,19.5,210.4,24.37,9.67,8.75,9.88,5.297,12.8,151.5,33.69,6.82,9.32,10.28,6.445,12.21,204,23.91,18.4,11.5,5.4,176.8409488,3.086456809,50,25.08333333
06/04/2010,30.26146,4.36,8.35,10.68,5.031,2.211,136.7,19.89,3.7,7.81,10.21,4.339,2.2,34.91,33.08,3.62,8.57,10.64,5.299,2.364,234.5,16.37,2,9.3,4.3,-156.8426455,-2.737420572,42,17.29166667
07/04/2010,30.26420,4.39,8.27,10.04,6.249,2.613,154.2,14.7,3.67,7.65,9.18,5.279,3.6,301.5,19.51,3.86,8.34,9.71,6.445,3.152,223.6,14.57,2.6,11.3,1.8,-154.7060805,-2.700130478,29,12.5
08/04/2010,30.26694,2.24,8.95,10.99,7.4,0.402,78.3,10.85,2.44,8.39,9.79,6.952,0.6,324.5,12.74,2.57,9.15,10.94,7.61,0.788,320.9,13,1.2,11.5,5.4,-113.7313893,-1.984987205,29,12.16666667
09/04/2010,30.26968,4.95,8.83,10.31,7.74,1.206,210.9,13.03,3.59,8.29,9.25,7.32,1.2,162.5,13.4,3.05,8.92,9.65,7.91,1.182,201.3,11.76,1.6,10.6,5.1,-172.0214005,-3.002339823,21,8.083333333
10/04/2010,30.27242,5.57,9.56,10.89,8.65,0,220.2,12.81,3.82,9.21,10.53,8.44,0,129.7,14.55,2.83,9.74,10.96,9.01,0,212.3,10.19,0,14.1,6.8,-173.6755751,-3.031210615,25,10.16666667
11/04/2010,30.27515,2.28,10.34,12.65,8.28,0,231.8,7.35,1.78,10.47,12.71,8.26,0,250.2,9.7,1.48,10.28,12.12,8.24,0,246.1,6.141,0,15,4.5,151.6851511,2.647405313,13,5.5
12/04/2010,30.27789,2.62,9.07,10.5,7.85,0.402,6.9,10.06,2.39,8.6,9.8,7.48,0.8,35.46,9.83,2.1,9,10.48,7.31,0.394,338.3,11.79,0,11.6,3.5,-24.78272603,-0.432540167,16,6.541666667
13/04/2010,30.28063,3.4,8.51,10.53,6.936,0,43.67,11.53,2.58,7.95,9.9,6.549,0,74,11.43,2.35,8.48,10.09,7.31,0,307.8,9.7,0,10,5.1,28.91685256,0.504694287,19,9.875
14/04/2010,30.28337,2.64,8.11,10.02,6.277,0,39.99,7.77,2.35,7.57,9.7,5.796,0,37.37,9.51,2.04,8.09,10.1,6.778,0,27.2,10.68,0,10,1.5,25.74065129,0.449259117,16,6.333333333
15/04/2010,30.28611,1.71,8.58,10.26,7.55,0,357.3,8.66,2.79,7.91,8.8,7.08,0,335.3,10,2.55,8.58,9.5,7.88,0,261.4,11.14,0,10.8,4.2,-56.66615551,-0.989010988,22,9.625
16/04/2010,30.28884,2.79,7.96,8.68,7.06,0.201,70.7,12.48,2.54,7.43,8.05,6.372,0.6,337.5,13.62,2.97,8.09,8.74,7.4,0.197,296.7,15.03,1,9.5,2.3,-110.5929277,-1.930210718,26,11.5
17/04/2010,30.29158,2.64,7.29,9.89,4.795,5.226,62.18,13.95,2.78,6.65,9.14,4.192,6.6,19.26,17.79,3.46,7.32,9.24,4.813,6.698,310.2,15.84,10.6,9.4,4.1,-90.44401052,-1.578545772,30,13.29166667
18/04/2010,30.29432,2.5,4.8,6.725,3.011,0.402,32.14,13.36,2.41,4.29,6.08,2.484,0.4,286.8,11.37,2.36,4.94,6.27,3.24,0.197,302.4,10.16,0.4,6.3,1.5,1.226602834,0.021408258,25,9.041666667
19/04/2010,30.29706,3.65,5.86,8.32,4.265,0.804,33.3,19.24,4.43,5.31,7.91,3.696,1.4,359.2,24.85,4.84,6.03,7.78,4.411,1.773,317.1,24.99,5.2,8.9,-0.3,-121.3466787,-2.11789908,50,15.04166667
20/04/2010,30.29979,3.2,4.7,7.49,3.161,0.402,356.6,16.27,4.85,4.02,5.461,2.604,0.2,345.3,24.54,4.86,4.77,6.169,3.507,0.197,282.8,25.84,6.8,6.2,1.2,-38.66120803,-0.674765373,47,19.5
21/04/2010,30.30253,2.29,6.11,9.49,2.287,0.402,358.6,11.17,2.74,5.46,8.03,2.531,0.6,350.3,15.1,2.61,6.11,8.87,3.641,0.394,319.6,13.13,1.6,9,1.8,-99.12500491,-1.730057707,27,9.291666667
22/04/2010,30.30527,2.52,6.27,8.27,4.378,5.025,56.93,9.8,2.37,5.67,7.24,4.272,4,107.9,13.76,2.08,6.44,7.67,4.831,3.349,11.37,11.3,7.2,8.1,2.9,-56.23757889,-0.981530915,19,8.333333333
23/04/2010,30.30801,4.85,5.98,9.48,3.595,16.08,99.3,11.5,4.2,5.29,9.16,2.792,25,122.8,12.33,4.12,6.04,9.58,3.641,24.03,168.9,16.46,11,5.2,-1.4,99.35400684,1.734054544,23,9.291666667
24/04/2010,30.31075,3.94,9.21,10.37,8.61,4.422,212.7,11.73,3.11,8.65,9.7,8.21,5.2,157,13.72,2.62,8.95,9.74,8.57,4.531,195.3,8.75,13.4,12.8,4.7,159.2139468,2.778807587,25,9.375
25/04/2010,30.31348,3.06,9.26,10.17,8.38,1.005,150.1,10.68,2.83,8.78,9.66,7.76,1.4,146.6,10.94,3.57,9.05,9.81,8.24,1.182,186,12.84,1.6,12,6.7,172.8670273,3.017098795,19,6.958333333
26/04/2010,30.31622,2.68,9.64,10.8,8.59,0.603,106,11.76,2.38,9.16,10.47,8.15,1,320.5,13.44,2.68,9.41,10.77,8.27,0.591,237.5,11.4,9.2,12.2,8.7,-120.2390506,-2.098567322,27,14.125
27/04/2010,30.31896,6.48,9.79,10.28,9.33,13.27,206.7,18.72,5.2,9.43,10.01,8.9,9.8,154,21.86,4.59,9.52,10.08,8.97,10.83,190.7,22.28,23,10.3,8.1,174.1454238,3.039411022,30,10.70833333
28/04/2010,30.32170,5.6,9.93,10.28,9.49,13.27,197.8,15.55,4.98,9.62,9.93,9.21,11.8,129.6,19.42,3.12,9.68,10.11,9.11,11.23,203.3,11.92,8.4,11.7,8.7,-161.2917227,-2.815071618,36,18.25
29/04/2010,30.32444,2.3,9.49,11.44,8.11,0.201,88.4,14.77,2.28,9.17,11.52,7.82,0.6,248.6,11.94,2.61,9.24,11.53,8,0.394,351.7,14.99,0.2,13.6,8.6,-124.1315039,-2.166503448,23,11.16666667
30/04/2010,30.32717,2.31,8.94,12.1,5.762,2.01,85,12.45,2.41,8.23,10.5,5.288,5.2,262.9,16.01,2.23,8.54,11.53,5.541,3.349,314.2,12.41,2.2,13.6,5,-78.53507316,-1.370695605,25,10.125
01/05/2010,30.32991,5.99,6.43,8.26,4.852,1.608,54.61,16.73,4.38,5.9,7.64,4.547,2.2,205.7,19.64,4.33,6.46,8.24,5.173,2.758,238.2,18.13,1,8.2,4.1,35.43816163,0.618512601,26,15.70833333
02/05/2010,30.33265,2.92,6.57,9.68,3.548,4.02,33.2,16.86,3.3,5.99,9,3.809,2.6,130.4,20.87,3.09,6.6,8.81,3.775,2.561,343.6,17.51,2.6,10.1,3.2,-13.64547737,-0.238158508,26,8.166666667
03/05/2010,30.33539,2.29,7.92,10.37,6.172,0.603,44.66,10.81,2.63,7.28,9.6,5.608,0.4,73.2,11.82,2.57,7.98,10.1,6.37,0.394,359.4,14.9,0.2,10.7,0.5,-30.16605881,-0.526497049,24,9.375
04/05/2010,30.33812,2.05,9.49,10.62,8.55,3.417,11.92,10.36,4.05,8.99,10.17,8.06,3.6,25.56,18.01,3.77,9.53,10.71,8.75,2.561,348.2,14.86,1.6,11.6,6.8,-79.54692177,-1.388355695,24,11
05/05/2010,30.34086,2.12,9.61,10.63,8.51,4.824,355.8,10.98,3.39,8.93,9.56,8.15,5,356.7,13.27,3.86,9.1,9.7,8.11,3.94,350.8,12.61,1.8,11.4,8.4,-46.95716006,-0.81955705,16,9.416666667
06/05/2010,30.34360,4.18,8.18,9.36,7.05,0,40.52,13.82,3.8,7.62,8.93,6.4,0.2,115.9,13.36,3.46,7.98,9.37,6.805,0.197,293.7,17.28,0.4,10.3,7,19.34128056,0.337569027,26,14.20833333
07/05/2010,30.34634,4.43,8.22,9.57,7.35,0,50.57,12.77,3.22,7.76,9.56,6.779,0,210.6,14.5,3.27,8.23,10.17,7.47,0,251.2,11.92,0,10.3,7.3,49.05712178,0.856208297,23,14.08333333
08/05/2010,30.34908,3.6,8.44,10.22,7.06,0,41.14,10.39,2.54,7.88,9.63,6.311,0,114.5,10.59,2.59,8.31,9.73,7.21,0,331,10.94,0,10.7,3.1,36.27343115,0.633090805,16,8.791666667
09/05/2010,30.35181,3.55,8.09,10.8,4.341,1.005,43.35,14.8,3.15,7.47,9.62,3.88,0.8,127.1,14.21,3.43,7.9,9.93,4.64,0.591,7.9,17.61,1.6,11.9,4.4,-9.079609619,-0.158469083,30,12.20833333
10/05/2010,30.35455,2.95,5.51,8.52,3.603,4.824,34.65,14.9,3.61,4.94,8.02,3.136,2.8,216.7,19.86,3.6,5.57,7.97,3.831,3.546,257.7,15.52,5.6,8,1.9,-23.75815596,-0.414658046,31,12.91666667
11/05/2010,30.35729,2.66,5.17,7.21,3.717,1.608,31.58,13.75,3.11,4.69,6.806,3.351,0.8,234.2,11.75,3.22,5.28,6.47,3.909,1.773,288.2,14.99,7.2,7.5,1.2,-25.82855356,-0.450793301,29,10.29166667
12/05/2010,30.36003,4.62,6.66,8.95,3.557,5.226,192.4,18.2,4.24,5.93,8.25,3.174,3.6,126.8,22.78,3.17,6.3,7.97,2.805,4.137,223.5,13.2,2.4,10.2,2,-159.3620744,-2.781392901,26,10.29166667
13/05/2010,30.36277,2.71,8.81,10.47,7.43,2.814,89.5,16.1,2.55,8.4,9.95,6.837,3,265.3,19.85,2.5,8.77,10.5,7.44,2.561,302,15.75,5.6,10.2,5.7,-164.3866025,-2.86908746,37,17.95833333
14/05/2010,30.36550,2.33,8.94,11.52,5.439,3.819,61.19,13.85,2.83,8.37,10.57,5.516,3.6,306.8,18.89,2.62,8.79,11.1,6.37,4.137,327.4,12.71,0.4,14.3,4.9,-150.7094464,-2.630376054,22,8.916666667
15/05/2010,30.36824,4.1,8.27,10.15,5.982,4.623,62.87,15.88,3.07,7.77,9.71,5.588,6.6,280.2,15.02,4.12,8.14,9.93,6.107,5.91,317.8,18.75,6.4,12.3,5,-138.7446155,-2.42155036,33,15.54166667
16/05/2010,30.37098,1.97,9.46,11.66,7.83,0.603,51.6,7.84,2.85,8.99,11.57,7.31,0.2,26.21,10.6,2.52,9.43,11.6,7.78,0.591,329.8,11.43,1.6,13.1,4.5,-112.2331176,-1.958837431,20,9.666666667
17/05/2010,30.37372,2.96,10.23,12.28,7.65,0.201,175.7,10,2.73,9.62,12.07,7.46,0.2,149.5,12.83,2.18,9.77,11.1,8.08,0,207.5,8.2,0.8,14.8,4.2,-126.4337002,-2.206684354,21,8.916666667
18/05/2010,30.37645,5.18,10.66,12.12,9.63,10.45,205.7,16.53,3.8,10.31,11.96,9.13,10.8,170.5,11.23,4.55,10.24,11.44,9.47,10.83,185.4,15.84,0,16.1,6.6,165.4560301,2.887752493,19,8.5
19/05/2010,30.37919,2.07,10.13,12.04,8.86,1.608,197.7,10.03,1.75,9.78,11.47,8.49,1.8,143.4,10,1.71,9.7,10.74,8.47,1.379,182.6,9.6,8,14.5,9.6,177.8606931,3.104254704,19,8.458333333
20/05/2010,30.38193,2.58,10.63,11.34,9.7,1.005,216.1,8.1,2.12,10.39,11.24,9.23,1.2,112.5,9.73,1.57,10.32,10.97,9.21,0.591,215.6,7.55,0.8,13.7,9,176.8406596,3.086451761,20,9.416666667
21/05/2010,30.38467,2.24,10.97,12.03,10.04,14.87,230.8,6.795,1.42,10.88,12.39,9.71,15.2,93.5,10.1,1.38,10.61,11.47,9.7,13.2,231.6,5.945,30.2,15.8,10.3,142.9084642,2.494223229,21,6.583333333
22/05/2010,30.38741,1.54,11.82,13.79,10.2,0,235,4.9,1.96,12.15,15.02,10.11,0,251,8.37,1.69,11.53,13.59,9.9,0.197,208.9,6.762,0.2,18.5,10.6,153.7255159,2.683016397,12,4.083333333
23/05/2010,30.39014,1.6,11.75,13.63,10.48,0.201,256,9.87,2.28,11.46,13.58,9.9,0.2,338.5,9.58,1.99,11.47,13.16,10.23,0,350.7,9.08,0,15.5,9.9,-111.7877938,-1.951065065,19,6.583333333
24/05/2010,30.39288,3.68,9.22,11.09,6.506,0.603,46.35,12.81,3.03,8.72,10.44,5.942,1,111.7,11.81,3.53,9.08,10.74,6.805,0.394,29.59,14.28,1.8,11.6,5.8,-18.21013741,-0.317826855,26,12.91666667
25/05/2010,30.39562,2.69,7.22,8.97,5.927,0.804,47.31,10.88,2.58,6.77,8.92,5.251,0.2,159.7,10.1,2.86,7.27,8.6,6.171,0.394,63.94,11.5,1.8,10.1,3.4,-25.22240871,-0.440214077,20,9.25
26/05/2010,30.39836,2.32,7.52,10.35,5.82,3.618,19.46,12.15,3.05,6.76,8.81,5.231,3,350.2,12.13,2.98,7.49,9.43,5.835,3.743,327.4,13.98,6.2,10.8,3,-48.2679135,-0.842434014,26,11.125
27/05/2010,30.40110,2.51,8.23,10.59,4.948,5.628,29.57,10.49,2.89,7.71,10.2,4.435,6.2,50.98,12.2,2.8,8.25,9.8,5.175,5.713,326,12.51,3.8,10.7,4.8,-10.86189511,-0.189575833,22,10.41666667
28/05/2010,30.40383,1.67,8.49,10.78,6.706,3.618,60.92,11.14,2.11,7.83,9.13,6.344,4,335,10.25,2.13,8.55,10.5,6.905,3.743,335.2,11.27,19.2,10.3,3.1,-95.21388191,-1.661795733,22,6.041666667
29/05/2010,30.40657,1.76,8.85,10.69,7.73,0.201,62.07,8.95,1.85,8.34,10.51,7.03,0.6,68.61,14.71,1.63,8.91,10.4,7.67,0.591,348.5,11.56,18.2,11.1,6.9,-159.4242671,-2.782478368,12,4.166666667
30/05/2010,30.40931,3.98,9.79,11.89,7.45,0.603,43.96,16.66,3.27,9.31,11.56,7.12,0.4,108.8,15.43,3.86,9.95,12.09,7.91,0.197,336.2,18.16,0.4,12.6,6.5,18.08372981,0.315620626,19,10.29166667
31/05/2010,30.41205,3.11,11.39,13.34,9.26,0,153.5,12.97,3.75,10.94,12.86,8.77,0,134.1,13.25,3.85,10.98,12.03,9.21,0,175.3,13.16,0,15.8,6.6,115.4071252,2.014234315,13,6.125
01/06/2010,30.41478,2.94,11.41,13.32,9.86,8.04,180.7,11.86,2.76,10.79,12.3,9.38,7,190.1,11.8,3.8,11.17,12.8,9.81,7.49,187.2,14.05,6.4,16.1,10.2,-162.658412,-2.838924845,24,9.791666667
02/06/2010,30.41752,2.76,11.48,12.73,10.87,0,112.6,17.84,3.24,11.14,12.38,10.55,0.2,262.6,17.61,3.38,11.46,12.44,10.8,0.197,95.5,18.33,0.8,15.8,11,-133.557004,-2.331009458,33,13.875
03/06/2010,30.42026,2.01,12.22,14.57,9.97,0,78.1,7.48,2.6,12.39,15.72,9.55,0,138.3,13.37,2.35,12.9,16.2,9.99,0,181.6,12.94,0,17.9,9.2,125.2515523,2.18605198,18,7.5
04/06/2010,30.42300,2.22,12.76,14.78,11.38,0,232.7,10,2.45,12.55,14.05,11.28,0,125.7,11.38,1.99,12.63,14.56,11.4,0,204.8,9.44,2.4,19.2,10.4,127.1187582,2.218640872,19,5.416666667
05/06/2010,30.42574,2.32,12.38,14.64,10.74,0,189.4,7.94,2.13,11.67,13.12,10.23,0,154.1,9.65,1.74,11.94,13.59,9.6,0,205.9,7.19,0.2,15.4,8.2,96.15122921,1.678155529,13,5.083333333
06/06/2010,30.42847,1.31,12.38,15.32,10.33,0,89,4.998,1.61,11.52,14.23,9.47,0,344.3,5.65,1.38,11.81,15.09,9.44,0,39.52,5.684,0,15.5,9.2,20.1088651,0.350965905,14,6.5
07/06/2010,30.43121,3.04,11.64,13.62,9.98,0,42.26,8.59,2.34,11.06,12.94,9.24,0,79.8,8.22,2.01,11.49,13.26,9.94,0,343,10.26,0,14.5,7.2,18.02759299,0.314640854,19,8.375
08/06/2010,30.43395,3.58,11.79,13.97,10.17,0,36.83,12.87,2.89,11.17,12.99,9.92,0.2,108,11.66,2.98,11.52,13.06,10.28,0,321.1,12.71,0,14.6,8.4,31.74028212,0.553972428,22,11
09/06/2010,30.43669,7.37,11.25,12.27,10.03,0,59.23,16.63,4.62,10.8,12.35,9.56,0.2,208.6,23.23,4.82,11.28,12.59,10.1,0,237.5,15.75,1.6,12.9,10.8,50.83753259,0.887282327,28,18.29166667
10/06/2010,30.43943,3.06,10.73,12.35,9.59,0,73.3,10.52,2.3,10.22,11.77,8.94,0,153.1,16.73,2.14,10.65,12.2,9.41,0.197,268.2,11.76,0,12.8,9.9,43.43772657,0.758131348,21,8.875
11/06/2010,30.44216,2.82,11.74,14.15,10.18,1.608,21.16,13.95,4.64,10.83,12.4,9.58,2.6,350.9,15.41,5.3,11.27,13.2,10.13,2.167,330.7,17.9,2.8,14.3,8.3,-74.56930138,-1.30147983,30,13.91666667
12/06/2010,30.44490,2.43,11.55,14.13,9.73,1.608,77.8,8.46,2.81,10.84,12.97,9.47,1.8,350.3,12.1,2.42,11.23,13.56,9.97,1.576,286.5,14.18,0.2,13.6,8.7,-61.79398003,-1.078508409,25,11.29166667
13/06/2010,30.44764,2.96,11.48,13.88,10.2,8.44,34.12,11.5,3.51,10.78,12.31,9.79,8.4,27.38,12.64,3.24,11.23,13.63,10.13,8.27,311.9,14.7,12.4,12.7,9.7,98.75387173,1.723580211,25,11.66666667
14/06/2010,30.45038,1.68,11.24,13.63,9.85,0,69.65,7.91,1.74,10.63,12.6,9.41,0,141.2,8.29,1.59,11.14,13.06,9.93,0,337.3,10.49,0,13,9.8,41.15471252,0.718285236,21,8.75
15/06/2010,30.45311,1.93,12.35,13.03,11.63,3.015,156.9,8.17,2.15,12.01,12.71,10.98,5.6,276.5,7.25,2.22,12.18,12.93,11.54,4.531,232.4,12.77,1.6,15.5,5.2,-152.4250479,-2.660318948,19,7.958333333
16/06/2010,30.45585,1.96,12.87,14.43,12.17,1.005,193.2,7.28,1.98,12.53,13.18,12.03,2.8,313.4,9.52,2.03,12.59,13.26,11.9,1.182,188.8,7.87,2.8,17.9,11.9,-151.2304682,-2.6394696,17,6.375
17/06/2010,30.45859,1.35,12.82,15.31,11.62,1.206,82.2,6.337,2.16,12.23,13.95,11.18,1.8,338.4,10.76,1.92,12.71,14.93,11.3,1.97,353.4,8.75,0.8,16.9,11.2,-105.6511223,-1.843959943,21,8.625
18/06/2010,30.46133,3.79,11.88,14.2,10.12,0,37.86,10.98,3.28,11.36,13.84,9.8,0,89.3,12.46,3.58,11.97,13.59,10.43,0,340.8,13,0,15.1,8.8,16.6062481,0.289833706,23,11.20833333
19/06/2010,30.46407,2.97,10.35,11.6,9.06,0,35.95,9.31,2.87,10.03,11.73,8.87,0,46.13,10.5,2.82,10.57,11.66,9.54,0,8.12,14.67,0,13.8,8.7,-6.230561553,-0.108743813,21,11.875
20/06/2010,30.46680,1.23,12.73,14.54,10.94,0.603,97.7,5.619,2.27,12.43,14.74,10.87,1.4,79.7,8.99,1.77,13.17,15.53,11.51,0.788,331.6,8,0,16.6,7,-88.55810151,-1.545630451,16,7.791666667
21/06/2010,30.46954,1.45,13.21,15.46,11.79,0.201,186.6,5.913,1.71,12.64,14.44,11.47,0.6,170,7.3,1.31,13.18,14.5,12.07,0.197,196.6,5.488,8.4,14.8,11,168.0888268,2.933703463,10,4.375
22/06/2010,30.47228,4.93,13.67,15.1,12.49,0.603,208,13.39,3.92,13.05,13.98,11.87,0.4,150.5,15.96,2.9,13.56,14.36,12.2,0.197,201.1,12.41,0.4,17.1,9.3,171.2512119,2.988897495,26,9.416666667
23/06/2010,30.47502,4.91,13.89,15.67,12.08,2.01,184.6,17.08,3.78,13.18,14.63,12.02,1.6,160.4,19.17,3.66,13.76,14.7,12.37,1.576,194,13.07,3,16,12.4,-169.6900932,-2.961650834,25,12.625
24/06/2010,30.47775,2.5,13.37,14.73,12.38,0,76.9,11.01,2.79,12.74,13.92,11.79,1.2,320.7,13.96,2.76,13.54,15.3,12.56,0.788,342.5,13.69,0.8,16.1,11.4,-113.4778842,-1.980562708,27,12.95833333
25/06/2010,30.48049,1.1,13.51,15.14,12.46,0.201,92.3,5.39,1.72,13.1,14.66,12.18,0,122,7.23,1.5,13.84,15.39,12.54,0.394,152.2,7.94,0,15.1,12.2,-178.2196594,-3.110519848,16,6.333333333
26/06/2010,30.48323,2.76,13.75,15.45,12.64,0,92.2,9.9,3.08,13.33,14.41,12.24,0,122.3,11.17,2.54,13.79,14.74,12.86,0,164.5,10.39,5.2,19.3,12,119.7469596,2.089978715,18,6.708333333
27/06/2010,30.48597,5.91,14.36,15.81,13.36,3.216,201.3,16.69,4.9,13.76,15.22,12.88,3,152.4,20.48,4.45,14.24,15.13,13.44,2.758,188.4,18.42,4.8,18.2,12.7,167.2083014,2.918335397,27,10.41666667
28/06/2010,30.48871,3.7,13.77,15.04,12.8,4.221,108.8,15.97,3.49,13.2,13.75,12.56,7,285.3,17.32,3.52,13.87,14.46,13.1,4.925,358.1,17.87,1.4,18.6,12.5,-146.0277841,-2.548665633,33,14.625
29/06/2010,30.49144,1.59,14.12,16.26,12.75,0.201,155.1,5.847,1.97,13.42,14.98,12.42,0.2,193.4,9.55,1.8,14.31,16.53,13.07,0.394,294.4,7.55,0,19.4,10.8,-93.771381,-1.636619343,18,7.166666667
30/06/2010,30.49418,3.16,13.96,14.98,13.07,1.809,139.8,12.77,3.54,13.36,14.49,12.6,3,145.4,10.6,3.59,13.84,14.56,13.2,2.758,183.7,10.39,0,18.9,11.2,136.2900776,2.378710591,16,6.875
01/07/2010,30.49692,6.22,14.44,16.14,13.32,8.24,189.3,20.81,5.97,13.92,15.99,12.66,10.6,161.9,22.78,5.74,14.27,15.59,13.13,12.21,190.4,19.63,10.8,16.7,13.1,152.2177176,2.656700351,27,10.41666667
02/07/2010,30.49966,7.25,14.15,15.96,12.74,1.608,208.3,19.01,6.25,13.6,15.47,12.27,2.4,161.7,22.02,4.99,14.1,15.1,12.93,0.788,197.1,19.86,6,17.6,10.9,174.7867386,3.050604077,38,15.375
03/07/2010,30.50240,5.9,13.05,14.7,11.28,8.24,184.3,19.76,4.37,12.51,14,10.81,7.6,54.61,18.5,5.49,13.13,14.23,11.6,8.27,192.9,19.6,7.8,16.6,11.7,-160.4306783,-2.800043557,36,19.54166667
04/07/2010,30.50513,5.47,12.95,15.01,11.9,14.47,150.1,19.6,5.79,12.42,14.15,11.51,18.4,116.4,22.37,5.56,13.11,14.67,12.21,19.7,224.6,22.96,28.8,16.7,11.2,-163.4850572,-2.853352525,54,20.08333333
05/07/2010,30.50787,3.41,12.77,14.57,11.38,1.206,73.3,12.18,3.95,12.1,12.91,11,2.2,333.7,21.48,4.23,12.89,14.07,11.76,2.167,339.8,15.65,5.4,16.1,10.4,-106.9693658,-1.866967632,33,14.875
06/07/2010,30.51061,5.34,12.74,14.2,11.47,11.26,177.9,22.7,4.82,12.24,13.46,10.84,8.6,175.1,24.17,5.37,12.92,14.14,11.71,8.67,192.5,23.13,15.8,14.7,10.5,-164.2056875,-2.865929898,38,13.91666667
07/07/2010,30.51335,9.35,12.94,14.13,11.64,2.412,193.1,25.48,6.96,12.43,13.46,11.39,1.8,85.8,33.45,7.39,13.15,13.83,12.06,1.576,203.6,21.92,6,16.1,11.6,-160,-2.792526803,49,25.41666667
08/07/2010,30.51608,5.25,12.94,14.29,10.82,4.422,177.6,20.35,4.78,12.35,13.87,10.58,4.2,356.9,27.01,6.57,12.97,13.86,11.34,4.728,181.1,23.1,15.4,17.3,11.5,-148.7541667,-2.596249984,35,19.5
09/07/2010,30.51882,2.43,12.34,14.15,10.34,7.04,142.9,9.83,2.43,11.82,13.21,10.12,5.4,258.9,13.1,2.66,12.45,13.6,10.67,7.09,182.2,12.22,18.8,15.5,11,-149.606985,-2.611134472,22,10.16666667
10/07/2010,30.52156,2.19,13.14,15.78,10.92,0,106.7,9.47,2.07,12.46,15.28,10.89,0,136.7,9.8,1.79,12.95,14.79,10.94,0.197,234.2,11.5,0,17.2,8.3,149.4293824,2.608034722,18,7.916666667
11/07/2010,30.52430,2.22,12.52,14.43,10.64,12.06,34.04,12.9,2.87,11.93,14.41,10.31,13.2,296.7,13.48,3.23,12.66,15.17,11,11.82,353.1,16.76,20,15.5,10.5,-35.49125456,-0.619439248,43,15.58333333
12/07/2010,30.52704,1.28,13,15.93,11.37,3.216,198.7,4.965,1.55,12.33,14.76,10.69,3.4,150.1,6.267,1.16,12.76,15.22,10.67,3.349,203.6,5.815,0.4,14.9,8.3,160.5984202,2.802971206,16,6.5
13/07/2010,30.52977,2.29,13.45,15.2,11.28,0,53.33,10.65,2.38,12.95,15,10.38,0,67.49,6.627,2.03,13.3,15.56,9.8,0,66.88,9.21,0.2,17.6,9.2,47.77109976,0.833762978,22,6.583333333
14/07/2010,30.53251,8.71,12.64,14.4,11.72,0.804,62.44,16.59,5.91,12.16,13.79,11.18,1.4,179,24.84,5.65,12.83,13.97,11.91,0.985,219.5,20.55,2.8,16,10.9,71.26498426,1.243808617,31,17.70833333
15/07/2010,30.53525,4.8,11.76,13.38,10.65,1.809,43.94,17.02,4.46,11.15,11.89,10.18,2.6,260.1,21.38,4.43,11.87,12.88,10.9,1.97,270.6,20.25,15.4,12.7,10.6,4.772896165,0.083302753,31,17.91666667
16/07/2010,30.53799,2.95,11.51,13.67,9.57,3.417,19.54,11.79,5.09,10.97,12.53,9.15,2.6,51.03,23.53,4.38,11.75,13.6,9.94,2.561,342.2,20.55,1,14.7,7.1,-140.1495889,-2.446071771,28,10
17/07/2010,30.54073,3.86,12.01,14.02,10.55,2.01,69.81,15.42,4.45,11.52,13.09,10.16,3.2,247.6,23.64,4.2,12.25,13.66,10.8,3.349,336.9,17.25,6.6,14.5,11,-123.3168173,-2.152284484,30,14.375
18/07/2010,30.54346,3.67,13.29,14.73,12.11,0.402,185,12.58,3.23,12.68,13.85,11.62,0.6,181.3,16.18,3.28,13.28,14.2,12.27,0.197,187.1,16.46,0,17.8,10.9,-153.7441659,-2.683341901,29,12.75
19/07/2010,30.54620,2.1,13.6,14.87,12.7,1.809,192.3,7.91,2.17,12.98,13.89,12.21,2,145.4,7.06,1.76,13.51,14.4,12.77,2.364,186.9,6.599,1.2,17.3,12.2,168.8371413,2.946764015,16,6.833333333
20/07/2010,30.54894,2.29,13.46,15.56,12.04,0,51.03,12.22,1.98,12.98,15.25,11.63,0.2,49.71,11.67,1.87,13.33,14.89,11.44,0.394,21.05,11.99,9.6,17.9,12,110.8633172,1.934929905,24,7.583333333
21/07/2010,30.55168,5.68,11.92,13.76,10.96,0,35.34,15.19,4.98,11.16,12.3,10.34,0,103.3,18.22,4.85,11.84,12.58,10.97,0,317.6,24.4,1.2,13.3,10.7,18.80028154,0.328126813,32,19.08333333
22/07/2010,30.55441,2.34,11.65,13.34,9.8,0,30.74,9.6,2.48,11.01,12.91,8.98,0,93.7,9.93,1.91,11.55,13.43,8.61,0,16.91,10.39,0,14.2,6.6,16.97040142,0.29618938,17,8.708333333
23/07/2010,30.55715,3.58,12.64,14.75,9.69,0.402,221.9,13.52,3.04,11.98,14.08,9.16,0.2,174.4,12.43,2.33,12.14,14.5,7.74,0.197,212.6,9.38,0,15.9,6.9,-174.9738918,-3.053870516,20,8.75
24/07/2010,30.55989,4.07,13.32,14.5,12.76,3.819,169.3,14.31,3.48,12.93,14.48,12.32,3.4,215.6,14.79,2.89,13.41,14.5,12.83,2.758,198.6,13.16,2.8,16.1,12.6,-171.219075,-2.988336601,26,11.95833333
25/07/2010,30.56263,2.35,13.21,15.06,12.53,0.603,67.47,11.14,2.84,12.66,13.55,12.23,1.8,268.7,15.21,2.81,13.42,14.33,12.81,1.773,329.1,13.2,7.4,16.6,12.4,-104.3552366,-1.82134247,20,10.625
26/07/2010,30.56537,2.17,13.53,14.18,12.6,5.427,105.9,9.11,2.21,13.24,13.95,12.45,6,290.6,11.68,2.33,13.57,14.1,12.63,4.925,267.3,12.64,11.4,16.9,12.3,-149.1954598,-2.603952003,22,8.916666667
27/07/2010,30.56810,3.63,13.15,15.09,11.6,3.216,120.3,14.6,3.21,12.58,13.87,11.11,6.6,272.4,16.06,3.65,13.2,14.43,11.9,5.319,193.1,14.01,5.4,17.1,12,-146.2383605,-2.552340884,26,10.83333333
28/07/2010,30.57084,2.23,13.21,13.96,12.5,0.804,18.64,9.15,3.28,12.8,13.9,12.27,2.4,1.813,16.24,2.87,13.47,14.6,12.9,1.773,330.2,14.7,4.6,18.2,12.7,-93.74568722,-1.636170902,18,9
29/07/2010,30.57358,1.44,13.64,15.88,12.19,0,188.7,7.09,1.67,12.99,14.86,11.84,0,156.9,6.86,1.5,13.59,15.39,12.01,0,204.1,7.38,0,15.4,11.6,-9.814287425,-0.171291629,13,5.208333333
30/07/2010,30.57632,3.19,13.38,14.61,12.66,10.85,132.4,11.69,3.02,12.83,13.75,12.19,12.8,192.2,15.48,3.8,13.43,14.24,12.71,10.83,212.6,13.46,8,14.7,11,171.4030323,2.991547261,21,8.125
31/07/2010,30.57906,2.16,13.27,15.7,12.1,2.01,37.83,9.7,3.03,12.64,15.28,11.57,2.2,351.8,12.72,3.36,13.39,15.86,12.24,1.576,329.4,15.48,5.6,16.4,11.7,-117.7488839,-2.055105714,23,10.625
01/08/2010,30.58179,1.86,12.56,14.24,11.6,0.402,19.9,8.72,2.26,12.05,14.08,10.89,0.4,340.2,8.92,2.4,12.66,13.97,11.64,0.591,21.53,10.42,0.6,14.8,11.5,-26.90009866,-0.469495291,19,9.916666667
02/08/2010,30.58453,3.07,13.22,14.62,11.81,2.613,215.2,12.45,2.81,12.61,14.01,11.38,2,141.4,15.4,2.1,13.08,14.23,10.97,1.379,222.8,10.75,0.6,14.8,10.5,-150.52098,-2.627086694,19,7.375
03/08/2010,30.58727,2.78,12.97,14.41,11.79,1.809,62.65,12.15,2.94,12.45,13.53,11.56,1.8,281,14.65,3.45,13.06,13.83,12.07,1.773,332.9,12.18,2.4,15.6,12.1,-128.87438,-2.249282253,24,11.625
04/08/2010,30.59001,2.69,13.31,15.45,12.03,2.211,32.78,11.01,4.15,12.82,15.12,11.72,1.6,95,18,3.3,13.49,14.96,12.27,1.773,345.9,13.72,2.2,17.1,10.8,-111.0544585,-1.93826595,28,11.75
05/08/2010,30.59274,1.58,13.7,15.93,12.39,1.407,100.9,7.48,2.24,13.11,15.7,11.81,1.4,135.6,12.21,1.99,13.87,16.03,12.61,0.788,316.3,11.53,0.8,16.5,11.4,-97.83407578,-1.707526743,20,8.291666667
06/08/2010,30.59548,4.32,12.78,13.94,11.96,1.608,71.1,10.39,3.25,12.21,13.25,11.48,6.4,159.1,13.28,3.47,12.92,13.81,12.14,5.122,206.8,12.18,0,16.3,12.3,71.59567731,1.249580299,18,6.958333333
07/08/2010,30.59822,1.92,13.49,16.04,12.06,0.402,37.57,12.58,2.28,12.82,14.47,11.75,0.4,4.057,9.37,2.73,13.49,15.57,11.61,0.197,15.98,12.58,0,16.5,13,-32.20757003,-0.562128141,20,10.625
08/08/2010,30.60096,5.67,13.46,14.19,12.95,17.89,208.1,17.74,5.49,12.95,13.61,12.49,13.8,179.5,13.35,4.21,13.61,14.2,12.71,13.2,204.4,18.72,3.6,16.4,9.2,-168.6060168,-2.942730131,23,9.375
09/08/2010,30.60370,2.12,13.63,15.81,12.09,5.025,159.1,11.56,2.38,12.86,14.87,11.15,4.6,133.9,11.78,2.25,13.45,15.09,11.44,0,223,5.847,15,18,11.9,179.7455752,3.137152103,25,9.458333333
10/08/2010,30.60643,2.27,13.36,15.71,11.41,4.623,43.25,11.73,2.72,12.61,14.6,11.07,5,332.8,19.64,2.42,13.33,15.23,11.84,5.319,318.6,15.12,1.2,17.2,6.2,-40.77823421,-0.71171445,19,5.25
11/08/2010,30.60917,2.48,13.43,15.57,12.6,2.01,24.22,13.33,3.64,12.66,13.61,12.15,1.4,294.7,13.55,3.58,13.38,14.93,12.74,0,195.3,14.05,5.8,14.5,12,-22.87121845,-0.399178066,28,16.375
12/08/2010,30.61191,2.26,12.26,13.88,10.84,1.005,29.57,12.22,2.74,11.71,13.27,10.28,0.6,244.8,12.75,2.88,12.33,13.33,11.04,0.591,77.9,13.16,0.6,14.4,11.3,-10.85132686,-0.189391382,24,12.66666667
13/08/2010,30.61465,1.51,13.26,14.9,12.08,0,41.86,7.12,1.82,12.65,13.8,11.58,0,20.1,8.16,1.8,13.41,14.93,12.14,0,342.2,8.56,0,15.6,11,-10.02415563,-0.17495452,18,8.375
14/08/2010,30.61739,1.89,13.73,15.86,12.19,3.015,82.8,7.58,2,13.1,14.33,11.73,8.2,7.78,8.07,1.74,13.72,15.53,12.34,3.94,236.7,7.45,0,16.4,10,-165.4706568,-2.888007777,17,7.708333333
15/08/2010,30.62012,1.08,13.81,16.33,12.7,1.005,201.8,5.357,1.25,13.27,15.32,12.29,1.6,144.9,5.86,0.86,13.65,15.06,12.7,0.394,188.7,5.619,0.4,16.5,13,145.0239749,2.531145857,13,5.791666667
16/08/2010,30.62286,2.39,13.51,14.47,12.3,4.623,186.8,12.18,2.29,13.12,14.36,11.97,8.4,67.11,10.05,2.35,13.49,14.56,12.3,6.698,206.8,12.35,24.8,15.3,11.7,-179.3069201,-3.129496127,17,8.791666667
17/08/2010,30.62560,2.15,13.66,16.02,12.36,0,199.7,8.26,2.56,13.16,15.45,12.08,0,90.4,9.26,2.68,13.99,15.56,12.47,0,288.9,13,15.2,17,12.4,-75.62584891,-1.319920063,19,8.166666667
18/08/2010,30.62834,1.21,13.73,16.76,11.87,0.804,189.3,5.717,1.49,13.05,16.01,11.42,0.8,164.4,6.773,1.32,13.49,15.72,10.87,0,186.1,4.9,0,16.7,9.9,-118.1949396,-2.062890855,14,3.875
19/08/2010,30.63107,1.35,14.01,16.43,12.25,0.402,120.8,4.541,1.68,13.29,16.18,11.49,0,154.6,6.287,1.59,13.73,15.82,10.61,0,167.7,4.835,0,17,7.6,-169.168406,-2.952545675,17,5.541666667
20/08/2010,30.63381,8.25,13.77,15.85,12.3,14.87,118.3,25.87,6.23,13.33,15.44,12.01,14.6,149.5,27.18,6.15,13.97,15.71,12.54,12.41,214.2,32.08,7,17.3,9,126.1485715,2.20170792,58,18.70833333
21/08/2010,30.63655,4.13,13.52,15.33,12.54,1.608,81,19.83,3.81,12.91,14.37,12.16,2.2,251,20.61,4.11,13.58,14.76,12.77,2.561,347.8,25.97,7,16.9,12.3,-132.4792871,-2.312199751,45,19.79166667
22/08/2010,30.63929,2.92,11.92,13.41,10.45,2.613,61.39,7.55,2.18,11.34,12.52,9.98,5.4,103.5,8.13,1.96,12.04,13.6,10.74,4.531,281.1,8.95,1.8,14.1,11.1,9.964874023,0.173919861,15,6.666666667
23/08/2010,30.64203,5.37,12.2,13.02,10.68,10.05,61.71,15.26,3.82,11.67,12.61,10.16,20.4,167,20.5,3.49,12.33,13.31,10.8,17.73,217.5,15.19,2.8,13.8,11.1,64.15389365,1.119696672,25,13.33333333
24/08/2010,30.64476,2.79,12.08,14.85,10.1,4.221,11.49,18.49,3.72,11.42,13.44,9.56,5.4,356,16.85,3.68,12.11,14.3,10.1,3.546,317.1,17.44,2.8,15.2,10,-20.0230868,-0.349468791,26,13.41666667
25/08/2010,30.64750,1.23,12.7,15.4,10.12,0,166.2,4.181,1.42,11.96,14.8,9.8,1.4,241,6.073,1.48,12.12,14.76,8.94,0.985,91.7,5.782,0.2,15.3,8.4,-44.60844823,-0.778564296,18,5.666666667
26/08/2010,30.65024,1.31,13.15,15.93,11.15,0.402,40.98,5.357,1.78,12.38,15.41,10.91,0.6,353.5,5.313,1.84,12.93,16.13,10.27,0.197,7.59,6.239,6,15.1,4.9,-81.94972157,-1.430292463,12,3.625
27/08/2010,30.65298,1.66,12.59,14.55,10.95,10.45,12.18,9.21,2.82,12.03,13.89,10.51,7,40.34,14.43,2.44,12.72,14.54,10.87,7.49,344.4,12.05,2.8,15.3,7.5,-85.46214352,-1.49159579,19,6.416666667
28/08/2010,30.65572,2.22,12.78,13.73,11.46,8.44,4.714,10.75,4.69,12.35,13.26,11.16,6.8,48.52,16.33,4.17,13.05,14.04,11.84,6.304,344.9,17.8,9.2,15,9.3,-87.05791531,-1.519447262,21,9.125
29/08/2010,30.65845,2.53,11.4,13.25,9.69,0.804,38.3,14.8,3.61,10.88,12.82,9.13,0.8,216,21.16,3.78,11.42,12.91,10.03,0.394,82.6,16.63,0.4,14.1,8.2,-17.8516615,-0.31157027,34,16.95833333
30/08/2010,30.66119,1.81,12.19,14.59,9.04,0,86.3,6.697,2.05,11.68,14.22,9.12,0,287.2,7.01,1.88,12.03,14.36,8.75,0,324.7,7.74,0,15.7,8.5,-79.54315643,-1.388289977,19,7.25
31/08/2010,30.66393,2.68,13.05,14.89,11.66,0,198,7.81,2.43,12.37,13.97,10.94,0,161.9,7.42,2.13,12.99,13.9,11.81,0,202.7,7.58,0,15.4,6.6,-163.2322842,-2.848940805,19,5.833333333
01/09/2010,30.66667,1.99,13.56,14.82,12.54,1.407,173.9,6.664,1.89,13,14.4,11.45,1.4,152.5,6.41,1.81,13.66,15.07,12.47,1.182,183.7,7.06,1.6,15.2,8.1,163.9908077,2.862179538,15,5.208333333
02/09/2010,30.66940,1.69,14.54,15.71,13.18,0.201,94.5,7.28,2.05,13.79,16.03,12.17,0.2,129.5,7.4,1.24,14.18,15.69,12.74,0.394,207.6,4.443,0,18.6,8.2,103.1289832,1.799940312,10,3.958333333
03/09/2010,30.67214,2.22,14.76,16.51,13.9,0.201,156.6,9.21,2.59,13.97,15.42,13.17,0,135.4,11.54,2.95,14.44,15.3,13.55,0,177.7,12.18,0,17.9,8.5,103.0345076,1.7982914,11,4.208333333
04/09/2010,30.67488,4.15,14.43,15.48,14,3.216,163.8,16.04,3.9,13.77,15.55,13.08,3.2,150.9,14.26,4.9,14.29,15.1,13.87,1.97,173,15.29,0,20.5,11.7,156.9556105,2.739392184,19,7.958333333
05/09/2010,30.67762,3.91,14.96,16.33,13.85,0.402,101.8,11.83,5.06,14.22,15.36,13.25,0.4,126.4,14.61,4.38,14.88,16.14,13.67,0.394,163.3,12.9,0.8,19.9,13.2,118.8199997,2.073800212,29,10.875
06/09/2010,30.68036,5.13,14.86,15.53,13.74,2.412,80.2,13.62,6.55,14.43,15.33,13.37,3.4,114.5,15.02,6.02,15.31,16,14.27,3.743,155,13.79,0,18.6,13.7,108.3443878,1.890966293,41,23.33333333
07/09/2010,30.68309,7.32,14.08,14.74,13.46,0.603,73.3,16.01,6.12,13.86,14.72,12.94,0.6,146.4,25.09,5.37,14.56,15.17,13.84,0.788,192.7,17.61,1.2,14.8,12.4,94.5673974,1.65051245,41,23.79166667
08/09/2010,30.68583,5.02,13.74,14.29,13,4.02,133.3,13.98,5.53,13.1,13.58,12.39,5.2,149.4,13.61,5.76,13.74,14.14,13.03,5.319,170.8,12.58,0,19,12.8,120.226956,2.098356232,26,11.95833333
09/09/2010,30.68857,2.63,13.88,15.5,12.96,3.819,192.9,8.85,2.28,13.18,14.09,12.6,0.4,154.5,9.57,2.18,13.73,14.46,13,3.152,189.3,7.94,4,16.8,12.6,176.9664777,3.088647701,17,8.291666667
10/09/2010,30.69131,3.66,13.6,15.15,12.96,2.613,125.1,12.77,3.81,13.01,13.67,12.35,3.6,142.9,18.1,3.98,13.55,14.23,12.97,3.546,168,16.66,10,16.2,12.2,175.5271687,3.063527021,38,13.25
11/09/2010,30.69405,2.72,13.73,15.8,12.04,1.005,94.6,10.32,3.47,12.91,13.9,11.98,4.2,89.9,14.51,3.29,13.59,14.6,12.37,3.152,268.7,12.94,22.4,15.1,11,-157.9942912,-2.757520581,18,8.458333333
12/09/2010,30.69678,4.46,13.33,14.69,12.07,5.427,142.5,17.61,4.29,12.77,14.26,11.39,5,340.1,24.53,4.02,13.42,14.77,12.11,4.531,222.8,14.28,8.2,15.2,10.6,-124.5846318,-2.174412022,32,12.08333333
13/09/2010,30.69952,3.25,13.48,14.44,10.75,11.26,108.5,16.69,3.1,13.14,14.27,10.54,14.8,313,16.67,3.59,13.56,14.47,11.07,12.8,316.1,18.95,17.6,15.4,12.3,-140.1090231,-2.445363766,37,13.125
14/09/2010,30.70226,5.16,11.32,12.67,8.8,8.04,45.87,16.82,6.18,10.73,12.16,7.38,12.8,328.2,26.81,6.3,11.46,12.81,9.07,7.88,345.6,23.78,28,12.5,7.6,-105.8149692,-1.84681961,43,18.75
15/09/2010,30.70500,3.27,12.2,14.12,10.57,5.829,8.87,16.04,6.09,11.51,12.87,9.99,5.8,349.8,24.77,5.64,12.3,13.73,10.8,4.334,286.8,26.46,22.8,14.3,9.1,-48.66772106,-0.849411972,47,19.625
16/09/2010,30.70773,3.06,11.12,13.75,9.72,2.01,358.8,13.69,5.03,10.46,12,9.2,2,332.4,18.56,4.96,11.19,12.3,10.3,1.576,244,20.06,6,12.8,8.6,-32.50476872,-0.567315237,40,19.83333333
17/09/2010,30.71047,2.54,11,12.59,9.57,3.015,25.31,12.58,4.08,10.38,11.57,9.13,3.2,350.5,19.45,3.83,11.13,12.24,10.01,2.955,313.8,15.88,1.8,12.5,8.4,-48.11804738,-0.839818356,31,14.45833333
18/09/2010,30.71321,1.72,12.31,14.65,10.79,0.804,127.9,8.36,1.95,11.71,13.86,10.24,2,148.2,12.18,2.03,12.45,14.1,10.94,1.379,194.2,9.15,12,11.5,8.5,92.16333561,1.608553656,11,4.666666667
19/09/2010,30.71595,3.1,12.19,13.2,10.88,15.08,141.4,7.64,2.96,11.7,12.66,10.27,18.4,138.7,9.47,3.34,12.27,13.21,11,18.32,170.6,12.18,32.8,12.3,9.8,95.46245822,1.666134208,15,7.541666667
20/09/2010,30.71869,4.88,12.32,13.64,11.36,4.221,64.85,11.63,3.49,11.72,13.1,10.94,6,170.3,17.12,3.31,12.34,13.14,11.74,4.925,218.5,12.74,8.6,13,11.4,50.74027422,0.885584848,25,13.25
21/09/2010,30.72142,5.4,13.72,14.51,12.26,15.88,203.9,15.42,4.19,13.28,14.01,11.74,15.6,161.2,20,3.44,13.84,14.51,12.47,15.37,192.3,13.98,12.2,15.8,11,166.9847276,2.914433297,30,13.25
22/09/2010,30.72416,4.22,11.35,13.78,9.62,37.59,22.11,19.47,4.28,10.88,13.44,9.02,38.2,265.1,21.78,4.15,11.34,13.74,9.81,31.52,273.2,21.59,49.8,14.9,10.4,72.7822833,1.270290481,36,16.41666667
23/09/2010,30.72690,5.05,10.38,12.2,8.36,2.211,37.67,20.97,5.87,9.83,11.28,7.95,1.4,281.9,23.88,5.26,10.54,12.14,8.61,1.182,277.5,24.47,1.8,12.1,8.5,27.91836937,0.487267467,38,24.25
24/09/2010,30.72964,3.41,8.47,10.21,6.66,0,33.39,13.69,3.41,7.96,9.42,6.296,0.2,134,24.67,3.32,8.69,9.7,7.17,0.197,313.5,16.37,0.8,10.9,6.4,5.019111248,0.087600017,30,15.5
25/09/2010,30.73238,1.05,8.84,9.73,8.01,0,31.92,6.109,1.19,8.24,9.14,7.58,0,313.1,6.827,1.17,8.97,9.91,8.04,0,18.83,8.89,0,10.2,7.4,-12.27090116,-0.214167627,14,6.333333333
26/09/2010,30.73511,2.82,9.74,11.32,8.56,0,166.8,11.27,2.79,9.07,10.6,7.69,0,158.5,9.65,3.78,10,11.71,8.64,0,170.6,12.41,0,11.8,4.6,123.2574613,2.151248528,15,6.041666667
27/09/2010,30.73785,3.53,11.7,12.71,10.97,0,140.5,13.03,4.4,11.08,12.23,10.14,0,147.9,14.43,5.97,12.01,13.08,11.24,0,175.9,12.41,0,13.1,3,108.8309718,1.899458786,11,4.625
28/09/2010,30.74059,4.7,12.62,13.52,11.9,2.01,186.9,18.95,4.9,12.05,12.96,11.24,1.6,155.7,22.87,5.64,12.81,13.47,11.94,1.773,182.2,19.57,0.4,14.5,10.6,154.0027281,2.687854663,26,10.20833333
29/09/2010,30.74333,2.32,12.49,15.31,11.28,0.201,200.6,8.95,1.92,11.77,13.8,10.42,0,188,9.26,1.76,12.25,14.13,10.11,0,207.9,5.815,15.2,14.2,8,-154.0911172,-2.689397343,11,4.125
30/09/2010,30.74606,4.95,12.44,13.21,11.85,0.402,188.6,13.56,5.06,11.84,12.64,11.33,0.6,167,13.64,5.85,12.53,12.9,12.07,0.394,180.9,17.48,0,14.5,7,167.0588367,2.915726745,22,10.95833333
01/10/2010,30.74880,6.71,11.92,13.18,10.39,4.221,161.1,18.65,6.55,11.33,12.97,9.77,6.6,143.1,18.51,6.13,12.1,13.24,10.69,8.27,185.8,16.66,6.8,13.6,10.2,142.5532414,2.488023421,35,17.91666667
02/10/2010,30.75154,7.5,12.27,13.44,9.85,6.432,208.5,20.81,6.69,11.7,13.13,9.39,4.8,179.9,19.41,7.4,12.49,13.21,10.37,4.728,182.9,21.85,9.4,14.2,8.4,163.8386259,2.859523463,36,17.41666667
03/10/2010,30.75428,5.54,12.21,13.43,10.88,2.613,197.2,15.65,4.59,11.65,12.99,10.48,3.2,170.2,17.85,5.74,12.41,12.84,11.14,2.758,184.4,17.51,5.4,13.3,11.1,168.8752378,2.947428924,29,15.375
04/10/2010,30.75702,9.08,12,13.19,10.72,14.07,206.3,26,7.12,11.47,12.59,10.26,7,165.2,23.31,7.22,12.23,13.11,11.04,8.08,197,28,10.4,14.1,10.9,-177.916929,-3.105236206,42,22.04166667
05/10/2010,30.75975,13.47,11.98,12.92,9.89,16.28,212.4,27.11,11.46,11.55,12.33,9.41,6.4,148,33.62,6.7,12.25,13.03,10.54,1.97,219.3,23,6.4,13.5,9.4,-174.1698981,-3.03983818,50,28.75
06/10/2010,30.76249,6.8,12.14,13.86,11.01,3.618,190.1,23.1,6.39,11.67,12.66,10.52,3.6,141.6,30.66,4.03,12.38,13.46,11.43,3.349,207.7,15.32,6,13.5,9.6,-163.9757206,-2.861916218,47,20.95833333
07/10/2010,30.76523,6.29,12.88,13.88,12.03,0.201,198.1,15.61,5.5,12.36,13.84,11.54,0,160.1,22.28,4.62,12.95,13.79,12.27,0,192.2,19.01,4.4,15.6,10,177.2622395,3.093809719,31,14.16666667
08/10/2010,30.76797,2.83,13.78,15.77,12.07,0.201,51.17,8.2,3.83,13.53,16.83,11.38,0.2,115,12.27,3.41,14.45,17.67,12.64,0,154.3,12.45,0,17.2,10.5,110.0128718,1.920086833,21,10.70833333
09/10/2010,30.77070,3.07,15.35,18.47,12.93,0,46.74,11.73,3.26,15.77,17.96,12.67,0,99.4,10,3.25,16.34,17.82,13.67,0,103.3,10.45,0,16.6,10.9,98.40029368,1.71740911,27,10.33333333
10/10/2010,30.77344,2.5,12.06,13.31,11.05,0,54.81,6.566,2.3,11.6,13.3,10.16,0,95.9,8.23,2.1,11.83,13.8,8.91,0.197,101.9,9.38,0,13.9,9.8,96.99613992,1.692902003,27,14.41666667
11/10/2010,30.77618,1.21,11.9,15.09,10.18,0,338.7,3.397,2.37,11.52,14.49,9.32,0,342.2,5.057,1.75,11.15,14.92,8.91,0,41.59,4.247,0,13,4.9,-174.6724376,-3.048609149,12,3.708333333
12/10/2010,30.77892,1.34,11.01,12.69,9.57,0,343.6,5.063,2.05,10.38,11.62,9.03,0,349.8,5.89,1.42,10.92,12.77,8.85,0,1.486,6.37,0,11.5,4,-50.51621834,-0.881674336,8,3.25
13/10/2010,30.78166,1.25,10.72,11.46,9.93,0.804,4.938,5.488,1.5,10.22,10.77,9.19,1.2,333.9,6.247,1.61,10.93,11.61,10.07,0.788,348.5,7.94,0,11.6,8.4,-45.07297001,-0.78667173,11,4.125
14/10/2010,30.78439,1.63,11.33,13,10.5,1.005,12.14,9.02,2.65,10.81,11.45,10.17,2.6,339.8,13.33,2.78,11.5,12.61,10.64,1.576,354.9,9.67,2.4,13.4,9.6,-80.94522567,-1.412760702,18,6.708333333
15/10/2010,30.78713,1.93,10.99,11.6,9.82,1.005,18.91,11.37,3.33,10.49,10.92,9.5,0.4,359.6,13.8,3.7,11.25,11.71,10.3,0.197,344.7,13.92,4,12.2,6.6,-50.10581924,-0.87451152,26,9.666666667
16/10/2010,30.78987,3.08,11.09,12.47,9.07,0.201,211.5,12.02,2.38,10.52,11.58,8.61,0.2,327.9,13.19,2.33,10.94,12.31,7.91,0.197,233.5,9.57,0,13,3.9,-124.6784995,-2.176050323,26,6.708333333
17/10/2010,30.79261,4.39,11.53,12.78,10.06,4.221,94.5,15.94,4.04,11.05,12.41,9.74,5.8,348.5,20.23,4.48,11.72,12.71,10.4,5.319,230.9,18.62,3.2,13.2,9.1,-134.5402117,-2.34816967,31,15.58333333
18/10/2010,30.79535,3.45,10.36,12.16,8.35,2.613,16.47,18.46,5.93,9.84,11.17,7.77,4,356.4,23.76,5.75,10.57,11.74,8.67,2.561,340,24.6,22.2,10.9,6.3,-76.20912447,-1.330100142,40,16.16666667
19/10/2010,30.79808,3.29,6.68,8.98,4.309,3.618,36.24,16.89,3.72,6.13,8.58,3.719,2.6,212,15.9,4.12,6.98,9.41,4.678,3.743,52.16,18.46,10.2,7.1,1.9,-13.70852036,-0.239258816,33,15.20833333
20/10/2010,30.80082,1.92,7.33,10.04,3.421,2.01,347.7,12.15,3.82,6.84,8.77,3.396,1.8,12.84,17.18,3.64,7.62,9.78,4.444,1.773,339.9,14.7,6.4,7.4,0.4,-82.8696238,-1.446347785,27,9.25
21/10/2010,30.80356,3.3,7.58,10.63,3.78,25.73,38.89,13.88,3.77,7.04,10.19,3.157,23.8,89.4,21.68,3.59,7.83,10.98,3.909,24.43,8.55,17.67,12.4,7.7,2.4,-71.38691389,-1.24593669,30,8.666666667
22/10/2010,30.80630,5.7,6.94,8.22,4.678,2.412,73.5,13.26,4.21,6.17,7.29,3.986,7.8,157.9,19.11,3.58,7.06,8.21,4.913,7.09,203,13.49,1.2,7.8,4,85.52739086,1.492734571,22,9.083333333
23/10/2010,30.80903,4.41,7.96,9.25,6.213,1.407,47.73,13.59,3.84,7.39,8.76,5.84,1,230.2,24.29,3.7,8.18,9.31,6.771,1.182,261.8,14.01,2,10.3,5,20.5920907,0.359399783,28,12.04166667
24/10/2010,30.81177,2.17,7.7,11.01,6.404,0,56.66,8.69,2.13,7.08,8.8,5.927,0,200.1,10.13,2.05,7.71,10.2,5.114,0,300.4,11.07,0.8,8.8,2.7,-33.24829165,-0.58029216,23,8.416666667
25/10/2010,30.81451,6.18,9.67,11.04,8.04,13.47,201.5,21.46,5.35,9.07,10.45,7.58,11,185.6,17.29,5.2,9.98,10.91,8.38,10.83,195.4,26.1,2,10.4,1.8,-158.5355193,-2.766966793,37,13.95833333
26/10/2010,30.81725,3.64,11.63,12.38,9.92,22.11,180,15.19,3.19,11.29,12.09,9.36,22.2,159.9,14.06,2.8,11.7,12.41,10.31,20.88,214.3,23.29,19.6,13.3,8.8,-174.9935806,-3.054214152,38,17.125
27/10/2010,30.81999,3.71,9.96,11.57,7.94,14.47,84.4,16.37,3.38,9.51,11.34,7.48,18,296.4,17.46,3.89,10.17,11.84,8.19,16.55,303.6,17.51,28.2,13.4,8.1,-133.1593404,-2.32406892,32,13.54166667
28/10/2010,30.82272,4.92,10.5,12.53,8.45,23.72,168.3,20.51,4.64,9.96,11.99,8.04,21.4,161.9,25.9,4.93,10.78,12.68,8.75,25.22,180.7,24.14,42.8,11.4,6.3,-166.4889859,-2.905780973,29,13.04166667
29/10/2010,30.82546,7.3,10.34,12.14,8.96,13.47,165.5,21.95,6,9.83,11.6,8.63,8.6,120,28.48,5.79,10.59,12.27,9.21,10.83,219,23.98,22.6,12.9,8.5,-158.5421572,-2.767082646,52,23.70833333
30/10/2010,30.82820,5.15,9.49,10.73,7.95,5.427,58.75,23.62,4.14,9.01,10.51,7.52,7,7.09,28.29,5.2,9.73,11,8.28,7.68,302.4,25.94,11,11,7.3,-129.1667297,-2.254384718,40,20.125
31/10/2010,30.83094,1.67,8.76,10.53,7.23,0,325.2,9.05,2.36,8.19,9.87,6.745,0,303.6,11.88,2.15,8.76,10.64,5.878,0,295.5,10.75,3,10,2.2,-78.75611275,-1.374553474,17,6.416666667
01/11/2010,30.83368,6.22,10.1,11.2,8.47,20.1,190.7,22.96,4.98,9.51,10.74,8.05,18,187.7,20.57,6.8,10.43,11.57,8.74,18.12,182.2,23.32,15.8,10.8,1,-170.620811,-2.977894924,45,15.66666667
02/11/2010,30.83641,5.99,9.95,11.54,7.05,5.628,77.4,21.07,5.19,9.45,11.21,6.639,7.6,307.6,26.07,6.1,10.21,11.74,7.71,8.47,311.1,27.05,16,11.4,6.7,-131.2360364,-2.290500933,40,19.41666667
03/11/2010,30.83915,4.11,7.91,9.21,6.099,1.809,27.43,19.31,5.39,7.42,8.92,5.553,2,341,25.82,6,8.12,9.38,6.37,1.773,359,27.96,10.8,8.8,4.1,-104.09536,-1.816806768,46,15.91666667
04/11/2010,30.84189,2.55,7.04,8.45,5.956,1.809,40.69,12.32,2.1,6.29,7.58,5.208,4.4,8.94,10.23,1.99,6.91,8.91,5.281,4.137,50.57,13.98,3.2,8.2,2,-116.4693639,-2.032773878,20,6.75
05/11/2010,30.84463,1.81,7.85,10.07,6.578,1.608,2.111,10.19,2.87,7.36,8.78,6.311,1.4,8.34,15.04,2.92,8.19,10.04,7.21,1.379,334.6,13.07,1.4,9.6,2.1,-88.82020677,-1.55020505,19,5.791666667
06/11/2010,30.84736,2.56,7.17,8.3,5.257,1.005,35.09,9.7,2.08,6.7,8.05,5.083,0.8,253.9,10.88,2.12,7.45,8.71,5.644,0.788,278.7,11.56,2.2,7.3,2.2,23.40668389,0.408523701,19,8.833333333
07/11/2010,30.85010,7.51,6.7,8.58,4.915,53.06,223.5,29.76,6.26,6.07,7.97,4.173,18.6,190.7,25.11,6.86,6.75,8.88,3.307,27.78,193.2,32.86,4.4,6.8,-0.5,-155.9853059,-2.722457173,57,18.125
08/11/2010,30.85284,6.76,8.16,9.4,6.414,1.809,95.5,15.39,5.61,7.4,8.69,5.562,2.6,162.3,25.62,5.54,8.4,9.62,6.47,2.561,186.9,19.5,11.4,8.3,5,113.1671123,1.975138715,51,26
09/11/2010,30.85558,5.79,7.76,8.9,5.979,0,58.06,14.7,4.27,7.12,8.31,4.84,0,195.6,24.22,4.03,7.84,9.28,3.942,0,212.4,15.91,0,8.3,0.7,62.27534321,1.086909782,31,11.5
10/11/2010,30.85832,5.06,7.53,9.17,5.702,9.65,218.1,19.57,4.27,6.96,8.41,5.177,6.4,173.3,17.6,3.54,7.49,9.35,3.675,7.49,219.7,22.77,0.6,8,0.3,-143.7636758,-2.509149488,40,11.125
11/11/2010,30.86105,4.89,8.24,9.5,7.07,28.94,151.9,25.71,5.06,7.69,8.99,6.513,18.4,137.4,25.74,5.91,8.59,9.65,7.41,23.25,204.5,28.75,31.8,8.7,5.1,161.4956194,2.818630286,50,18.66666667
12/11/2010,30.86379,1.82,7.68,9.58,6.026,16.28,348.8,11.66,3.07,7.26,9.04,5.559,15.4,338.4,17.11,2.9,7.95,9.78,6.01,13.59,339.7,14.96,7.2,9.1,3.9,-51.28661805,-0.895120347,26,10
13/11/2010,30.86653,5.86,7.15,8.07,5.309,6.231,59.7,15.32,4.09,6.55,7.6,5.103,6.6,205.4,24.55,4.15,7.4,8.34,6.069,8.27,220.4,16.1,7.6,7.9,4.1,33.67427425,0.587726959,25,10.20833333
14/11/2010,30.86927,4.95,7.35,8.24,6.109,0.603,47.03,14.34,3.65,6.75,7.87,5.176,0.8,220.9,18.28,3.72,7.21,8.61,4.177,0.788,221.6,16.5,1.6,7.8,1.1,14.34390005,0.250348284,22,9.75
15/11/2010,30.87201,2.01,6.6,8.2,4.44,4.824,79.1,10.36,2.22,5.85,7.5,3.791,5.6,244.2,11.44,2.74,6.85,8.71,4.679,5.91,273.6,9.02,8.6,7.3,-0.6,-136.4540857,-2.381573073,26,6.916666667
16/11/2010,30.87474,6.13,9.43,10.74,7.26,1.608,185.1,17.67,6.12,8.78,10.09,6.309,1.4,166.9,18.4,6.67,9.75,10.98,7.45,1.379,187.4,18.33,0.2,9.6,-0.9,-179.270736,-3.128864596,29,13.08333333
17/11/2010,30.87748,8.5,8.7,9.26,8.13,0,102.4,18.49,9.47,7.98,8.51,7.53,0.8,136.6,18.92,9.95,8.98,9.55,8.41,0.985,158.4,18.65,0,10,7.2,122.0943872,2.130949055,45,23.70833333
18/11/2010,30.88022,7.9,9.04,10.38,8.15,2.412,106.1,17.44,8.32,8.27,9.71,7.42,3.6,130,20.8,9.7,9.24,10.61,8.31,5.516,156.9,21.89,0,9.6,8.2,114.5822798,1.999838047,40,25.625
19/11/2010,30.88296,3.53,9.41,10.48,8,3.216,197.6,10.94,3.14,8.7,9.86,6.908,2.6,171.5,11.82,4.08,9.77,10.44,8.11,3.743,181.5,15.61,0,10,7.4,139.8809249,2.4413827,30,13.45833333
20/11/2010,30.88569,1.67,8.86,10.18,7.57,1.005,72.3,5.913,2.05,7.85,9.69,6.377,1,123.9,5.94,2.47,8.64,10.27,5.716,0.788,133.1,7.81,0,9.2,1.5,54.22517927,0.946407916,11,4.166666667
21/11/2010,30.88843,2.63,7.64,8.76,5.997,3.216,46.26,8.72,1.86,7.06,8.04,5.522,2.6,310.8,9.82,1.9,7.8,8.85,6.077,2.364,286.3,12.15,2.2,8.2,1.2,-23.35935433,-0.407697644,17,4.5
22/11/2010,30.89117,2.73,7.29,8.14,6.083,0,58.91,8.23,1.7,6.51,7.35,5.013,0,178.1,9.1,1.48,7.23,8.28,4.478,0,254.9,9.11,0.2,8,0.2,32.33246177,0.564307913,15,5.458333333
23/11/2010,30.89391,2.72,6.52,7.6,4.186,5.025,30.85,12.32,2.29,5.99,7.35,3.667,5,293,11.89,2.37,6.74,8.91,4.811,4.334,306.1,10.81,10.4,6.6,2.1,7.077292332,0.123522053,25,9.208333333
24/11/2010,30.89665,4.14,5.09,6.76,3.251,5.226,34.78,18.55,4.14,4.59,6.241,2.839,3.8,217,26.11,4.13,5.53,7.19,3.775,3.349,288.6,21.3,10.4,5.6,2.1,14.82170648,0.258687579,40,17.04166667
25/11/2010,30.89938,4.63,4.98,6.246,2.826,9.45,35.05,19.01,4.61,4.44,5.691,2.363,4.8,147.8,22.6,5.07,5.49,6.653,3.507,7.49,0.774,24.43,8.4,5.1,1.3,-8.272702549,-0.144385898,36,13.83333333
26/11/2010,30.90212,6.13,3.83,5.228,1.208,5.025,46.32,23.23,5.33,3.23,4.706,0.76,5,191.2,29.34,5.93,4.29,5.683,1.767,4.728,313.2,23.19,5.8,5.5,0.9,5.857252458,0.102228341,48,20.375
27/11/2010,30.90486,6.17,2.84,5.218,-0.737,2.814,46.03,22.77,5.73,2.35,4.734,-0.614,2.8,205.7,31.1,5.73,3.34,5.683,0.208,4.531,278.4,26.04,14.2,4.5,-1.6,22.2224714,0.387855294,45,19.66666667
28/11/2010,30.90760,7.91,2.69,4.327,-0.445,5.427,61.63,17.18,6.43,1.96,3.714,-0.727,4.4,181,27.88,5.38,3.12,4.578,0.375,4.728,212.5,18.82,1.8,3.4,-1.5,72.93300753,1.272921115,32,15.625
29/11/2010,30.91034,6.46,3.46,5.037,2.545,0,64.65,13.39,4.82,2.67,4.009,1.908,0.6,178.5,24.91,4.42,3.9,5.214,3.005,0.394,202.8,15.06,0.8,3.7,0.9,77.91260488,1.359831484,24,11.79166667
30/11/2010,30.91307,2.8,3.74,5.066,1.227,0.603,44.36,10.03,2.11,3.04,4.2,0.6,0.6,334.9,9.53,1.97,3.92,5.281,0.944,0.591,301.2,11.01,2,3.1,-3.7,-39.01087022,-0.680868129,17,5.5
01/12/2010,30.91581,2.55,2.98,4.412,1.689,0,91.1,6.697,1.91,1.76,3.676,-0.205,0.2,118.4,6.993,2.52,3.24,4.679,1.379,0.197,149.7,8.26,0.2,1.8,-2.2,110.4365206,1.9274809,15,7.75
02/12/2010,30.91855,3.38,3.3,5.774,0.646,1.005,200.9,15.71,2.55,2.39,4.964,-0.091,0.6,272.4,21.28,2.7,3.07,6.151,-0.683,0.591,229.7,13.03,0,2.9,-6.7,-126.0255385,-2.199560589,25,6.958333333
03/12/2010,30.92129,3.19,4.73,6.349,2.29,16.88,1.996,18.42,3.63,4.26,6.095,1.842,13.2,18.07,22.5,3.55,5.15,6.754,2.871,16.74,348.6,19.89,31.8,4.3,0.7,-115.0491265,-2.007986059,32,12.16666667
04/12/2010,30.92402,3.89,4.06,5.812,2.524,1.608,33.7,17.84,3.82,3.53,5.309,1.832,1.2,157.4,18.55,4.3,4.62,6.478,2.972,2.561,15.45,21.36,4.8,5.3,1.5,-13.29958937,-0.232121624,31,15.16666667
05/12/2010,30.92676,2.12,3.69,5.028,2.317,9.85,1.93,11.34,2.78,3.23,4.487,1.52,7,329.8,12.89,2.58,4.17,5.482,2.537,8.67,333.9,14.77,2.6,3,-2.1,-74.21296042,-1.295260507,27,7.958333333
06/12/2010,30.92950,3.36,2.83,4.687,1.019,6.834,39.64,14.77,3.2,2.35,4.172,0.562,4.8,216.6,14.21,3.35,3.22,5.08,1.533,7.68,298.5,17.93,1,4.6,-1.8,-14.16242957,-0.247181026,34,12.29166667
07/12/2010,30.93224,2.39,2.29,3.573,-0.22,1.206,18.87,11.47,2.43,1.8,3.124,-0.651,0.8,240.8,12.42,2.48,2.84,4.079,0.006,1.379,0.311,14.77,0.4,2.9,-3.5,-51.0723306,-0.891380326,21,7.25
08/12/2010,30.93498,1.77,3.81,6.053,1.294,3.417,321,9.38,2.74,3.56,5.691,1.16,3.6,322.6,12.75,2.59,4.59,6.754,2.14,2.364,319,12.45,4.8,3.8,-3.5,-58.97419911,-1.029293948,26,8.583333333
09/12/2010,30.93771,2.99,8.07,9.17,5.53,1.206,8.59,12.02,4.84,7.61,8.65,5.136,1,88.1,19.13,4.35,8.48,9.51,6.15,0.985,344,15.65,0.4,7,1.8,-90.38639297,-1.577540156,21,9.958333333
10/12/2010,30.94045,3.89,9.12,9.66,8.6,3.015,18.22,15.29,6.5,8.69,9.32,8.18,2.2,124.6,27.52,5.85,9.44,10.05,8.78,1.773,339.9,21.36,8,9.3,6.1,-96.68326468,-1.6874413,33,15.04166667
11/12/2010,30.94319,2.5,8.71,9.46,7.44,0,9.8,13.49,4.58,8.28,8.83,7,0,7.09,21.71,4.87,9.11,9.64,8.18,0,350.8,16.56,0,8.9,1.8,-52.99226126,-0.924889437,26,10.04166667
12/12/2010,30.94593,2.55,7.01,7.93,6.144,0,70.9,6.109,1.72,6.09,7.39,4.62,0,122.3,8.43,1.89,7.25,8.38,5.649,0,180.8,9.18,0.2,6.4,0.4,-25.17744745,-0.439429355,14,4.583333333
13/12/2010,30.94867,1.64,6.73,7.73,5.868,0,138.5,6.272,1.39,5.75,6.913,4.448,0,174.7,5.623,2.17,7.03,7.78,5.207,0,162.7,8.04,0,5.5,-1.5,-35.65683386,-0.622329152,11,3.666666667
14/12/2010,30.95140,1.27,6.99,7.7,5.243,0,355.9,5.521,1.47,6.48,7.22,4.916,0,299.2,7.01,1.52,7.27,8.18,5.046,0,359.5,7.35,0.4,6.4,3.1,-47.86035806,-0.835320829,13,5.458333333
15/12/2010,30.95414,3.24,8.61,10,7.3,0.402,10.98,15.58,5.41,8.12,9.5,6.807,0.8,49.8,24.36,4.81,8.92,10.38,7.57,0.591,344.6,25.06,0.8,9.1,4.9,-93.04090726,-1.623870171,35,11.875
16/12/2010,30.95688,4.41,1.74,8.82,-2.459,3.417,14.76,25.15,6.62,1.35,8.42,-2.779,6,312.6,28.78,6.82,2.31,9.11,-1.734,3.152,298.7,26.43,4.4,8.3,-2.6,-17.37320367,-0.303219606,50,23
17/12/2010,30.95962,4.05,-0.16,1.774,-2.016,0,22.6,21.2,5.32,-0.38,1.663,-2.255,0,295.1,28.15,5.22,0.65,2.484,-1.165,0,255.6,24.89,2,0.4,-4.1,-37.42990325,-0.65327505,44,14
18/12/2010,30.96235,5.08,2.14,3.43,0.383,3.216,74,15.48,4.24,1.23,2.365,0.089,0,140.2,24.72,3.49,2.41,3.544,0.944,1.379,188,16.95,3,1.8,-4.6,84.06464899,1.467204909,25,9.75
19/12/2010,30.96509,4.34,3.05,3.496,2.159,6.03,70.3,9.34,2.96,2.25,2.725,1.415,0.8,165.1,11.69,2.39,3.41,3.809,2.944,2.561,214.7,10.98,0.2,2.5,-0.9,79.14939903,1.381417614,23,9.041666667
20/12/2010,30.96783,2.58,3.53,4.59,1.745,3.015,30.23,9.64,2.15,3.06,4.086,1.396,0.8,321.6,9.83,2.18,3.91,4.98,2.269,0.394,305.7,9.7,0.2,3,-3.9,-51.17442498,-0.893162209,23,5.958333333
21/12/2010,30.97057,2.79,3.29,4.847,1.677,5.025,34.4,11.56,2.09,2.88,4.296,1.235,5.6,321.4,11.93,2.24,3.61,5.283,2.036,5.319,308,11.5,0,2.7,-2.7,-39.04798007,-0.681515818,20,5.083333333
22/12/2010,30.97331,1.8,3.31,4.267,1.848,0.603,54.62,6.403,1.4,2.32,3.476,0.989,0.8,20.62,5.94,1.4,2.97,4.814,1.312,1.379,26.39,6.468,0,0.5,-5,-53.33397423,-0.930853454,8,3.5
23/12/2010,30.97604,0.99,3.79,5.901,2.452,0,296.5,3.789,1.65,2.69,5.299,1.236,0.4,294.5,4.22,1.7,2.16,4.956,0.107,0.197,9.44,3.724,1,0.4,-5.7,-66.05280532,-1.152838933,17,5.291666667
24/12/2010,30.97878,2.09,5.65,7.31,3.106,3.417,349.2,12.58,2.39,5.24,6.479,2.658,3.2,322.3,12.71,2.37,5.76,7.66,3.005,1.773,350.5,11.79,0.5,3.3,-1.8,-96.2061241,-1.679113626,16,4.791666667
25/12/2010,30.98152,3.73,6.35,8.06,4.722,1.206,248.9,15.42,3.35,5.83,7.29,4.267,1.6,242.5,22.7,3.03,6.56,8.51,4.177,1.773,302.4,14.57,0.5,3.2,-0.5,-123.7906585,-2.160554574,18,6.5
26/12/2010,30.98426,8.3,6.35,7.64,5.687,16.68,205.4,22.44,7.63,5.67,6.981,5.088,10,183.1,21.93,8.9,6.81,7.88,6.178,10.24,177.1,24.76,3.6,5.9,0.9,176.2482196,3.076111733,39,21.875
27/12/2010,30.98700,4.72,7.2,7.98,6.389,1.809,124.7,16.69,5.02,6.53,7.28,5.78,1.8,145.8,13.35,6.12,7.3,8.04,6.437,1.379,164.9,16.5,0.8,7.2,3.2,142.5158086,2.487370097,34,12.20833333
28/12/2010,30.98973,4.52,7.61,8.74,6.85,0.603,105.7,12.18,5.32,6.98,8.21,6.181,1.4,144.3,12.83,6.45,7.52,8.31,6.805,0.985,167.6,11.96,0,8.1,3.5,124.1240759,2.166373805,16,7.458333333
29/12/2010,30.99247,2.02,8.69,9.23,8.1,1.005,126.3,12.84,2.63,8.17,8.57,7.6,1.8,138.8,12.65,3.23,7.59,8.57,6.47,1.182,163.8,11.89,0.2,8.9,6.6,121.8549856,2.126770708,11,3.583333333
30/12/2010,30.99521,1.12,8.1,8.64,7.46,3.819,28.18,5.586,0.95,7.65,8.16,7.02,3.8,334.3,3.893,1.1,6.03,6.805,5.065,5.516,41.39,5.357,3.6,7.7,4.3,-69.34427277,-1.210285877,11,2.791666667
31/12/2010,30.99795,2.38,8.36,9.17,6.546,2.613,49.14,9.34,3.53,7.85,8.65,5.96,2.6,319.6,14.64,3.33,6.82,7.91,5.299,2.364,328.3,14.14,2,8.3,5.2,-100.4963481,-1.753992161,24,9.375
01/01/2011,31.00068,2.79,4.38,6.603,2.598,0.603,27.26,10.91,2.83,3.89,6.009,2.25,0.6,170.4,13.47,2.84,4.17,5.768,2.637,0.197,292,14.77,0,6.8,2.1,-8.293093415,-0.144741785,21,10.5
02/01/2011,31.00342,1.8,4.51,7.05,2.853,1.206,357,12.9,1.78,3.97,6.431,2.373,2.2,293.4,12.47,1.68,4.19,6.745,2.236,1.576,348.7,12.81,0,4.1,0.7,-88.17636717,-1.53896793,14,5.291666667
03/01/2011,31.00616,3.2,8.1,9.09,7.03,7.44,55.97,17.22,4.16,7.63,8.85,6.402,14.2,286.7,20.22,3.84,7.75,8.68,6.678,12.8,349.3,17.97,12.4,7.9,2.7,-132.5439123,-2.313327673,27,10.95833333
04/01/2011,31.00890,3.74,5.99,7.93,3.937,1.005,71.9,12.15,3.77,5.4,7.39,3.21,1.6,24.57,20.15,4.01,5.89,7.54,4.21,1.576,286.8,16.46,4,6.3,1.2,-140.9141316,-2.459415558,24,9.208333333
05/01/2011,31.01164,4.53,5.47,7.19,3.351,3.417,45.68,22.9,3.7,4.86,6.539,2.963,2.2,151.2,19.44,4.51,5.54,7.18,3.541,3.349,351.5,26.92,10.2,5.7,-1.2,-49.63017368,-0.866209939,36,9.458333333
06/01/2011,31.01437,3.23,0.91,4.599,-1.432,0.402,3.605,27.8,4.6,0.45,3.924,-1.903,0.2,340.5,24.32,4.74,1.23,4.645,-0.864,0,325,23.68,1.4,5.6,-3.7,-44.92663452,-0.784117694,42,14.16666667
07/01/2011,31.01711,1.98,1.98,4.395,0.336,11.86,0.056,14.9,2.65,1.44,3.753,-0.176,9.8,330,14.71,2.93,2.01,4.119,0.007,14.38,351.3,15.84,8.4,2.1,-3.5,-135.7909748,-2.369999605,20,6.958333333
08/01/2011,31.01985,2.48,2.28,4.263,0.391,11.66,359.9,16.53,3.13,1.69,3.877,-0.432,11.8,327.4,18.49,3.11,2.09,4.481,-0.884,11.62,2.668,19.63,2.8,1.9,-2.8,-103.3049516,-1.803011538,16,5.708333333
09/01/2011,31.02259,2.7,4.11,5.871,2.249,11.26,323.9,16.56,3.3,3.63,5.118,1.947,8.6,296.9,27.53,3.26,4.46,5.95,2.436,7.68,241,23.62,14.6,4.1,-3,-88.4689041,-1.544073662,30,10.16666667
10/01/2011,31.02533,2.02,4.81,5.652,3.311,0.402,34.83,12.77,2.17,4.19,5.013,2.84,1,315.4,11.49,1.9,4.54,5.549,2.436,0.788,342.1,12.35,13.6,3.9,-0.6,-114.4709736,-1.997895387,20,5.833333333
11/01/2011,31.02806,2.75,4.86,7.46,3.342,1.005,72.2,14.18,3.07,3.89,4.907,1.994,1.6,182,15.81,3.79,4.76,6.28,1.714,2.167,162.1,17.41,0.2,4.8,-1.4,-51.48289576,-0.89854604,21,6.916666667
12/01/2011,31.03080,4.63,8.31,10.23,2.955,4.422,107.1,14.57,4.24,7.84,10.03,2.232,8,131.4,16.17,4.69,8.33,10.3,3.173,10.44,186.6,17.54,9.6,8.2,1,-173.8148393,-3.033641235,32,12.875
13/01/2011,31.03354,2.45,8.77,9.92,7.55,4.02,182.4,8.49,2.02,8.29,9.15,7,5.2,123.9,9.82,2.19,7.96,8.9,6.838,4.531,173.5,11.2,16,8.6,4.5,175.914581,3.07028864,15,7.458333333
14/01/2011,31.03628,5.27,8,9.12,6.009,16.48,175.3,17.15,4.08,7.47,8.65,5.625,15.4,170.6,18.78,4.21,7.42,8.68,6.035,13.79,205,19.83,21.2,8.8,4.2,-162.5567837,-2.837151096,30,13.29166667
15/01/2011,31.03901,8.02,9.48,10.65,6.466,10.05,191.5,23,6.56,9.07,10.38,5.875,9,92.2,32.76,7.76,9.4,10.48,6.571,7.68,188.3,23.98,15.6,10.7,4.9,-157.7439483,-2.753151273,47,23.125
16/01/2011,31.04175,4.89,8.59,9.67,6.655,4.02,153.5,15.61,4.1,8.12,9.34,6.105,6.2,312.6,21.91,4.75,8.48,9.67,6.604,5.516,190.4,17.93,13.8,10.1,6,-148.3870098,-2.589841888,34,17.45833333
17/01/2011,31.04449,3.4,6.23,7.4,3.916,4.02,55.58,13.75,3.23,5.73,6.923,3.153,5,337.9,20.05,3.55,6.23,7.28,4.106,4.925,320.7,16.86,7.6,6.9,2.1,-126.2262502,-2.203063669,30,10.41666667
18/01/2011,31.04723,3.18,6.85,8.58,5.1,4.623,38.84,12.9,4.01,6.4,7.99,4.544,4,329.2,24.27,4.41,6.97,8.78,5.415,4.137,350.4,18.52,5.6,5.6,1.8,-118.7812458,-2.073123829,28,9.583333333
19/01/2011,31.04997,5.72,8.17,8.84,7.44,0,187.3,15.19,4.65,7.61,8.18,6.903,0.2,123.1,22.59,3.97,8.33,8.88,7.57,0,208.8,15.94,0.6,8.1,3.6,-146.0463584,-2.548989815,23,9.958333333
20/01/2011,31.05270,5.16,8.69,9.35,8.26,0,182,14.99,4.01,8.19,8.85,7.69,0,17.55,15.05,4.81,8.82,9.31,8.34,0.197,191.9,16.33,0,7.3,6,-162.9090933,-2.843300059,28,16.41666667
21/01/2011,31.05544,2.49,8.98,9.9,7.85,0,56.29,10.39,2.22,8.61,9.64,7.8,0,309.1,12.39,2.76,9.14,9.87,8.31,0,302.6,15.19,2,9.7,5.9,-126.5632061,-2.208944658,22,10.66666667
22/01/2011,31.05818,1.11,8.89,9.62,8.2,0,353,5.913,1.79,8.48,9.29,7.78,0,313.1,8.83,1.6,8.9,9.57,8.18,0,323.4,6.305,0,8.7,3,-105.3987263,-1.839554801,14,6.75
23/01/2011,31.06092,2.01,7.99,8.76,6.694,0.402,20.03,9.38,2.63,7.55,8.68,6.318,0.2,314.8,14.75,2.53,8.11,8.95,6.905,0.197,349.9,11.11,1.2,8.4,5.1,-95.68418806,-1.670004124,25,8.875
24/01/2011,31.06366,3.02,9,9.52,8.14,3.015,16.69,12.58,5.66,8.53,9.15,7.72,3,51.28,22,4.91,9.12,9.84,8.31,2.561,342.4,19.7,9.4,9.3,4,-86.57934913,-1.511094707,34,14.91666667
25/01/2011,31.06639,3.2,8.51,9.21,7.54,2.211,22.29,17.35,5.54,8,8.77,7.04,2.2,7.91,18.59,6.12,8.53,9.28,7.81,1.773,346.6,20.87,5,8.2,5.5,-44.76784006,-0.781346208,29,12.83333333
26/01/2011,31.06913,4.16,6.41,8.22,5.215,0,47.9,15.91,3.58,5.87,7.64,4.143,0,223.3,19.99,3.56,6.65,8.44,5.474,0,269.3,17.67,0,6.2,3.8,23.32959915,0.407178318,25,13.33333333
27/01/2011,31.07187,2.36,5.98,7.39,4.815,0,155.4,8.59,1.64,5.21,6.528,3.848,0,120.4,11.41,1.75,6.11,7.41,4.143,0,199.2,7.91,0,6.2,-0.7,-153.6828794,-2.68227225,12,4.375
28/01/2011,31.07461,5.09,6.77,8.26,5.609,1.809,185.3,14.5,3.91,6.17,7.71,5.022,1.8,141.6,18.9,3.6,7.01,8.38,6.036,1.379,209.4,12.15,0.4,6,3.9,-151.2505907,-2.639820803,25,12.20833333
29/01/2011,31.07734,2.97,6.94,8.2,5.847,0.603,66.45,13.39,2.49,6.4,7.88,5.289,0.6,157.1,12.63,2.47,7.11,8.47,4.739,0.788,287.1,14.18,1.2,9.2,1.5,-85.94410231,-1.500007558,18,4.708333333
30/01/2011,31.08008,6.17,7.71,8.7,6.285,3.819,155.3,19.63,5.17,7.16,8.19,5.749,3.6,103.2,27.69,4.5,7.86,8.81,6.604,3.546,222.4,21.85,8,7.1,2.1,-152.2100679,-2.656566839,38,17.04166667
31/01/2011,31.08282,7.4,9.22,9.96,5.96,13.27,186.5,20.12,5.72,8.79,9.62,6.02,13.4,99,23.46,5.34,9.14,9.97,6.363,10.44,201.8,27.11,23.4,10.3,4.5,-155.5186872,-2.71431314,43,19.45833333
01/02/2011,31.08556,6.24,7.04,8.88,4.095,2.613,84.7,22.47,4.86,6.44,8.29,3.448,3.2,183.1,24.88,5.55,7.12,8.81,4.143,3.349,252.3,25.06,3.8,9.9,3.3,-127.3834173,-2.223260044,43,18.20833333
02/02/2011,31.08830,7.08,7.53,10.44,2.265,14.67,102.2,22.08,5.78,7.01,10.17,1.596,11.4,223.9,26.46,6.16,7.61,10.24,2.5,11.82,254.8,24.76,15,10.5,1.6,-144.5457294,-2.522798899,43,18.20833333
03/02/2011,31.09103,9.03,4.82,8.24,1.086,63.72,106,36.95,8.62,4.29,7.98,0.534,58.4,260.7,40.71,8.93,5.1,8.56,1.466,29.55,244.7,38.91,21,7.1,0.7,-133.869282,-2.336459738,77,27.625
04/02/2011,31.09377,4.23,4.5,8.82,1.61,6.633,60.88,23.06,4.36,3.9,8.3,0.847,10.4,339.2,28.97,4.83,4.6,8.96,1.601,8.27,358.4,28.42,10.8,7.1,1.7,-134.2226702,-2.342627526,57,16.25
05/02/2011,31.09651,4.49,5.44,6.656,3.105,1.809,65.31,14.99,3.5,4.86,6.269,2.592,3.6,314.2,27.71,4.32,5.65,6.772,3.706,2.758,295.9,24.53,5.2,7.3,1.5,-118.17013,-2.062457846,45,15.04166667
06/02/2011,31.09925,3.83,6.51,7.77,4.635,1.407,89.8,15.42,3.18,5.9,7.15,4.077,1.6,272.3,17.07,3.42,6.69,7.98,4.909,1.773,311.1,18.65,5.6,7.5,1.6,-144.5866303,-2.523512753,27,10.70833333
07/02/2011,31.10198,2.73,5.7,6.671,3.599,2.412,10.06,13.59,4.03,5.23,6.134,2.906,1.6,355.6,25.35,4.05,5.91,6.888,3.942,1.97,348.8,17.93,3.6,5.5,1.2,-93.69248669,-1.635242377,30,8.583333333
08/02/2011,31.10472,6.51,7.06,8.2,4.929,1.608,197.4,20.87,5.14,6.46,7.66,3.991,1,180.6,17.57,5.67,7.34,8.41,5.214,1.182,196.6,20.51,1.8,7.3,1.4,-156.7756188,-2.736250735,32,13.41666667
09/02/2011,31.10746,4.55,7.95,9.41,5.4,5.829,164.6,19.63,3.51,7.46,8.95,5.012,4.8,184.5,16.38,4.58,8.07,9.48,5.667,5.319,194.3,17.97,2.4,9.1,5.3,-171.6487836,-2.995836431,30,13.04166667
10/02/2011,31.11020,2.66,6.73,9.51,4.998,0.201,118.3,9.77,3.19,6.03,7.58,4.754,0.6,159.9,13.08,3.98,6.61,8.01,4.11,0.591,153.8,11.07,0,8.4,-0.1,-138.1169743,-2.410595955,19,6.583333333
11/02/2011,31.11294,4.6,7.3,8.71,6.096,2.211,129.4,15.71,5.35,6.65,8.2,5.376,2.4,147.1,14.17,6.68,7.44,8.61,6.303,2.167,172.6,14.77,9.4,6.5,1.2,120.4108457,2.101565713,23,13.125
12/02/2011,31.11567,5.6,7.05,8.27,5.982,3.216,181.2,20.09,5.83,6.47,7.83,5.156,4,153,18.29,6.48,7.27,8.34,6.37,5.713,191.8,18.49,15.6,7.6,5.6,165.0954471,2.881459132,31,14.91666667
13/02/2011,31.11841,1.99,6.38,8.67,3.55,3.618,329.3,16.53,3.26,5.86,7.68,3.638,4.2,0.708,16.48,3.33,6.35,9.15,3.44,3.743,0.837,16.01,2.4,7.7,3.8,-124.2274353,-2.168177767,34,12.16666667
14/02/2011,31.12115,2.75,5.76,7.29,3.6,0,40.82,8.69,2.16,5.27,6.942,3.81,0.2,251.8,11.34,2.28,5.75,7.61,3.474,0,252,8.85,5.8,7.3,0.1,-64.3558677,-1.123221784,21,5.5
15/02/2011,31.12389,5.24,5.61,6.507,4.399,0.201,124.3,12.51,4.42,4.93,5.874,3.915,0,153.7,14.33,4.43,5.88,6.687,3.507,0.197,194.4,15.16,2.2,6.4,2.9,140.7540374,2.456621388,30,16.04166667
16/02/2011,31.12663,4.92,6.71,7.69,5.63,0.603,93.7,11.89,4.01,5.99,6.99,4.907,0.8,141.7,12.31,4.16,6.88,7.91,5.808,0.591,177,13.69,0.8,6.5,4.7,103.3338445,1.803515815,29,16.29166667
17/02/2011,31.12936,4.4,7.66,9.23,6.598,0.603,202.1,11.83,3.84,7.07,8.84,5.644,0.2,168.9,12.16,3.69,7.84,9,6.905,0.394,193.7,11.79,0,8.1,1.8,171.9704711,3.001450937,13,5.708333333
18/02/2011,31.13210,4.99,6.85,7.83,5.886,1.809,107.6,13.56,5.73,6.13,7.26,5.136,3,143.8,14.06,6.8,7.05,7.67,6.073,4.137,168,14.9,0,8.6,2.1,123.6449025,2.158010652,26,10.625
19/02/2011,31.13484,5.86,7.54,10.16,5.269,3.417,160.4,17.51,6.07,6.93,9.68,4.659,5,152.8,15.89,7.19,7.52,9.9,5.61,6.698,182.9,16.37,7.6,7.3,4.7,148.6307364,2.594095719,29,15.75
20/02/2011,31.13758,4.74,7.47,7.89,6.314,0.201,146.1,19.44,8.42,6.79,7.19,5.673,0.8,141.3,25.03,10.08,7.32,7.71,6.403,0.591,177.8,19.34,0,8.5,6,146.6874529,2.560179024,27,14.625
21/02/2011,31.14031,5.36,7.49,8.9,6.539,2.412,198.1,20.45,5.55,6.83,8.25,5.874,1.4,165.2,21.23,7.31,7.18,8.41,6.437,1.97,183,19.99,0.4,7,5.3,164.8016153,2.876330799,24,13.79166667
22/02/2011,31.14305,5.08,8.73,10,7.15,27.34,205.9,13.88,4.18,8.21,9.4,5.864,23.2,170.5,13.7,4.28,8.02,9.06,6.738,23.05,191.1,16.17,1,7.9,5.7,179.6054136,3.134705821,24,13.625
23/02/2011,31.14579,7.08,9.86,10.83,9.35,5.829,196,18.03,5.5,9.51,10.43,8.98,5.6,82.5,24.92,5.13,8.38,9.37,6.964,3.94,195.4,18.42,18.6,11.1,7.5,-169.973625,-2.966599399,33,17.375
24/02/2011,31.14853,8.52,10.25,10.69,9.6,4.221,199.5,19.27,7.33,9.92,10.39,9.23,4.4,97.5,28.05,5.63,9.35,9.83,8.84,3.152,203,20.02,10,11.7,9,-164.2144225,-2.866082351,44,22
25/02/2011,31.15127,6.89,9.19,10.61,6.318,5.829,164.7,22.25,5.95,8.73,10.2,6.002,7.8,221.2,32.09,6.05,8.7,9.77,6.522,4.334,189.8,25.25,14,11.3,6.9,-150.7947117,-2.631864214,47,22.5
26/02/2011,31.15400,3.52,7.03,8.74,4.264,3.417,67.49,15.29,3.15,6.49,8.03,3.904,3.2,315.7,14.66,3.6,6.97,9.01,4.731,4.531,316.9,19.34,1.6,8.9,2.1,-130.2018534,-2.272451034,24,9.708333333
27/02/2011,31.15674,2.21,7.04,9.09,4.268,0.804,343.9,14.08,3.85,6.4,8.15,3.534,1.4,350.9,21.33,4.01,6.73,9.26,4.143,1.379,345.1,18.55,5.6,8.7,1.4,-83.69518473,-1.460756542,33,10.375
28/02/2011,31.15948,5.21,8.23,9.4,7.17,0.603,193.2,13.69,4.3,7.72,8.75,6.365,1,112.9,17.77,3.27,8.31,9.01,7.49,0.394,218.4,13.98,0.2,8.8,0.1,-156.1924898,-2.726073213,27,10.54166667
01/03/2011,31.16222,5.95,8.58,9.49,7.44,0.402,182.8,21.33,5.14,8.07,8.87,6.865,0.4,140.2,25.62,3.59,8.52,9.27,7.07,0,231.9,14.31,0,10.1,3.4,-155.5293002,-2.714498371,38,12.54166667
02/03/2011,31.16496,5.24,8.01,9.53,5.848,9.05,248.6,23.49,4.99,7.56,8.89,5.366,11.4,29.32,31.8,3.79,7.91,9.37,5.541,7.49,304.5,16.01,10,8.1,5.4,-149.6235633,-2.611423818,48,18.33333333
03/03/2011,31.16769,1.38,7.66,10.86,4.902,0,91.5,5.847,1.46,7.06,9.35,5.261,0,280.8,6,1.42,6.92,9.28,3.942,0,7.41,6.272,0.2,9.6,-0.1,-125.5054353,-2.190483075,9,3.041666667
04/03/2011,31.17043,2.26,7.92,9.31,6.733,4.02,63.06,7.94,2.42,7.45,8.96,6.278,7.2,294.2,9.04,2.14,7.8,9.21,6.905,5.319,299,8.79,0,9.7,0.8,-106.8682592,-1.865202989,20,7.958333333
05/03/2011,31.17317,2.58,6.76,8.6,6.142,0.804,75.6,8.75,1.94,6.17,8.15,5.529,1,142.2,10.27,1.8,6.53,7.74,5.801,0.591,199.1,7.81,0,7.9,3.3,82.75700374,1.444382194,15,6.791666667
06/03/2011,31.17591,5.53,8.73,9.7,7.96,1.608,189.6,14.57,3.89,8.17,8.89,7.42,1.8,71.8,18.76,4.17,8.11,8.77,7.21,1.379,200,14.05,0,7.6,6.5,-158.7367716,-2.770479309,33,18
07/03/2011,31.17864,4.07,8.06,9.07,7.09,2.01,133.3,16.27,3.67,7.52,8.51,6.518,3.4,258.8,22.91,4.15,7.38,8.57,6.537,2.561,185.8,22.18,17,8.9,7,-156.2973667,-2.727903661,34,19.25
08/03/2011,31.18138,6.42,5.04,8.54,1.115,15.68,87.5,24.7,6.35,4.41,7.97,0.146,18.2,338.4,27.35,7.3,4.78,8.31,1.212,18.32,338.6,28.71,27.4,8.4,0.6,-130.5015198,-2.277681199,49,23.20833333
09/03/2011,31.18412,4.23,3.21,8.01,0.213,10.65,34.35,19.53,5.61,2.53,7.33,-0.83,12.6,76.3,29.91,5.74,3.23,7.93,0.71,11.62,356.4,25.35,11,4.7,-0.1,-104.3478183,-1.821212996,43,15.875
10/03/2011,31.18686,5.56,4.38,7.77,1.547,9.45,38.04,25.61,7.04,3.77,6.991,0.989,23.4,7.35,35.42,3.9,4.41,7.72,1.968,8.47,337.7,34.99,19.4,5.2,0.7,-118.1146706,-2.061489897,39,15.375
11/03/2011,31.18960,3,3.6,5.211,0.984,3.819,28.93,17.8,3.43,3.01,4.514,0.212,3.6,356.3,23.55,0.01,3.77,5.802,1.534,3.743,317,1.307,9.2,5.1,-0.1,-103.7540594,-1.810849949,33,10.41666667
12/03/2011,31.19233,2.76,3.41,5.138,1.097,0.402,19.49,13.46,2.8,2.97,5.07,1.094,0.2,293.3,15.41,1.74,3.44,5.701,0.576,0.197,275.7,16.46,0.6,4.5,-3.6,0.160620811,0.002803362,27,7.333333333
13/03/2011,31.19507,6.3,3.79,5.69,2.015,4.824,34.32,24.89,7.32,3.28,4.831,1.492,2.8,198.1,30.37,6.32,4.06,5.649,2.336,2.561,280.4,28.58,13,4.9,1.1,24.5673974,0.428781973,55,26.375
14/03/2011,31.19781,4.59,4.67,6.104,3.016,0.201,85.4,16.92,3.74,4.07,5.797,2.64,0.4,167.4,22.83,4,4.98,6.437,3.44,0.197,191.1,19.8,0,6.8,3.2,82.43681332,1.438793817,32,14.5
15/03/2011,31.20055,5.13,6.88,8.49,3.934,3.417,206.1,13.69,4.1,6.25,7.92,3.553,2,152.5,16.81,3.55,7.15,8.4,4.541,2.364,210.4,13.95,0,8.3,3.2,177.8501951,3.10407148,23,11.5
16/03/2011,31.20329,9.02,7.92,8.61,6.2,4.824,207.9,20.12,7.03,7.39,8.08,5.827,4.4,162.7,22.83,5.04,8.09,8.74,6.403,4.137,223.4,18.98,0,8.4,4.6,-174.1698981,-3.03983818,37,18.58333333
17/03/2011,31.20602,2.92,5.6,7.75,3.967,0.804,73.9,15.81,2.82,4.88,7.16,2.706,2.4,298.7,14.3,3.13,5.78,7.78,4.043,1.97,330.7,16.01,9.2,7.3,0.5,-112.4948693,-1.963405862,34,9.041666667
18/03/2011,31.20876,5.09,6.33,8.03,4.217,3.015,98.8,22.96,4.66,5.65,7.25,3.457,3.2,358.8,26.02,4.76,6.53,8.08,4.509,2.364,276.7,22.12,9.6,8.1,-0.1,-137.4991559,-2.399812989,39,14.25
19/03/2011,31.21150,6,7.94,9.41,5.383,1.005,185,16.37,4.31,7.35,8.62,4.907,1.4,38.43,20.69,5.11,8.15,9.17,5.776,0.985,198.7,17.18,6,8.8,1.5,-156.7796233,-2.736320627,32,15.83333333
20/03/2011,31.21424,6.01,9.24,10.17,7.86,0,182.3,18.95,5.01,8.71,9.8,7.26,0.8,49.86,22.37,5.75,9.29,10.24,8.01,0.197,188.3,24.34,0,10.1,6.1,-157.9364028,-2.756510238,33,18.58333333
21/03/2011,31.21697,5.06,10.07,10.48,9.45,0.603,149.7,18.46,5.63,9.68,10,9.07,2.4,278.6,23.98,6.52,9.92,10.4,9.04,1.182,160.5,25.58,0,12.2,9,-143.7708093,-2.50927399,35,20.58333333
22/03/2011,31.21971,2.6,9.27,10.51,8.05,0,150.4,11.37,2.89,8.72,10.26,7.5,0.2,75.9,16.59,2.87,9.03,10.27,7.81,0.197,279.9,13.33,1,11.3,6.6,-110.2395532,-1.924043169,29,11.29166667
23/03/2011,31.22245,1.87,9.83,12.14,8.38,0,83.7,8.98,2.23,9.39,11.55,7.9,0.2,279,10.56,2.5,9.13,10.9,7.81,0,310.6,14.54,0.8,14,6.7,-128.6367456,-2.24513475,27,12.375
24/03/2011,31.22519,1.43,8.71,9.78,6.887,0,86.9,8.89,1.73,8.31,9.26,6.566,0,284.5,10.17,1.69,8.44,9.53,6.604,0,319.2,7.48,0,11.8,5,-117.8257782,-2.056447773,21,9.208333333
25/03/2011,31.22793,1.34,8.82,10.36,7.77,0.402,6.339,7.97,2.76,8.15,9.1,7.33,0.2,5.133,9.79,2.84,8.65,10.03,7.74,0.197,332.2,11.43,1.2,10.7,6.6,-68.10528898,-1.188661531,17,7.25
26/03/2011,31.23066,1.47,7.78,9.73,6.448,0.804,18.76,9.93,2.21,7.2,8.95,6.037,1.4,7.53,7.72,2.48,7.65,9.5,6.47,0.985,347.9,9.31,0.8,10.6,4.6,-101.2758904,-1.767597741,14,6.75
27/03/2011,31.23340,1.22,8.06,10.08,6.257,0.201,355.7,8.04,2.32,7.45,9.13,5.835,0.2,2.967,9.49,2.12,7.99,9.81,6.337,0.197,332.8,9.87,0.4,10.3,1.7,-69.63546933,-1.215368216,19,7.565217391
28/03/2011,31.23614,0.93,7.9,8.67,6.24,2.613,38.16,4.018,1.21,7.37,8.18,5.423,2.2,298.1,6.093,1.04,7.83,8.81,6.143,2.364,344.8,4.769,0.6,9.3,1.2,-128.2065226,-2.237625942,16,6.958333333
29/03/2011,31.23888,2.14,7.05,8.23,6.05,3.618,111.6,8.49,2.83,6.43,7.64,5.596,4.6,145.2,9.29,3.24,6.79,8.08,4.813,4.334,154.9,9.83,11,8.9,5.3,94.43765421,1.648248004,13,6.041666667
30/03/2011,31.24162,3.82,8.64,9.58,8.01,1.206,163.5,14.8,3.98,8.07,8.99,7.42,2,148.5,13.38,5.11,8.07,8.8,7.51,1.773,179.8,15.19,11.6,8.7,5.5,145.5027128,2.53950141,24,11.79166667
31/03/2011,31.24435,4.15,8.88,10.29,7.58,9.25,136.8,15.75,4.38,8.32,9.92,6.932,11.2,119.9,19.52,4.18,8.44,9.93,7.01,12.41,189.7,20.45,22,10.5,6.8,178.7767391,3.120242724,39,12.83333333
01/04/2011,31.24709,7.51,9.73,10.55,8.52,11.26,195.8,19.21,5.7,9.29,10.23,7.86,7,143.2,26.57,4.91,9.02,9.77,7.94,6.501,201,18.88,15.4,11.7,7.9,-167.9481771,-2.931248663,49,20.16666667
02/04/2011,31.24983,3.63,8.52,10.92,6.686,1.608,149.6,12.97,3.16,7.87,10.82,6.095,1.6,236.4,19.03,3.19,8.08,9.63,6.403,1.379,202,15.55,2.2,12.6,6.8,-156.3877404,-2.72948098,28,12.75
03/04/2011,31.25257,5.83,7.43,8.84,5.041,4.02,133,21.89,4.69,6.81,8.12,4.878,3.4,263,21.19,5.29,7.3,8.38,5.701,3.546,204.8,24.92,9.2,9.9,5.4,-149.180641,-2.603693366,41,17.08333333
04/04/2011,31.25530,7.16,8.92,11.03,6.113,22.31,192,21.14,5.8,8.44,10.45,5.558,14.2,166.4,27.39,5.42,8.85,10.67,6.303,13.79,205.3,22.87,9,11.1,4.5,-154.1689776,-2.690756264,38,18.5
05/04/2011,31.25804,4.56,9.7,11.19,8.05,3.618,129.4,17.57,4.67,9.24,10.64,7.47,5.2,261.1,24.84,5.19,9.45,10.68,7.8,4.137,143.8,20.45,20.8,12.5,8.6,-132.6037619,-2.314372246,44,19.375
06/04/2011,31.26078,2.71,8.69,10.27,7.47,7.04,95.2,12.9,3.23,8.24,9.97,7.02,7.4,302,20.18,3.51,8.26,9.74,7.23,6.501,358.6,16.79,21.8,12.1,6.1,-140.196671,-2.446893509,35,11.125
07/04/2011,31.26352,4.64,8.9,10.11,7.56,0,66.8,16.69,3.73,8.42,9.51,7.12,0,319.9,16.39,4.33,8.77,9.9,7.31,0,278.1,15.65,1,10.5,5.1,-118.7510154,-2.072596208,37,17.29166667
08/04/2011,31.26626,2.81,9.43,10.93,8.64,0,203.7,12.09,2.98,9.58,14.58,8.36,0.2,184.1,15.8,2.61,9.36,13.77,7.93,0,264.3,14.18,0,12.4,7.7,-117.2218844,-2.045907838,33,11.58333333
09/04/2011,31.26899,3.39,10.05,11.46,8.01,0.201,191.2,16.04,2.82,9.75,11.42,7.61,0.2,139,12.84,2.57,8.92,10.67,6.738,0,199.7,12.9,0.4,14.6,5.2,160.6977889,2.804705516,24,5.625
10/04/2011,31.27173,3.9,9.77,10.31,8.26,1.005,196.2,12.18,3.14,9.36,9.99,7.74,1.8,108.2,27.64,2.44,7.95,9.81,6.425,0.985,201.9,11.37,0,14.5,9.4,-167.9104351,-2.930589942,29,12.5
11/04/2011,31.27447,3.7,8.31,10.13,6.515,0.402,64.41,18.26,3.18,7.71,9.07,6.008,0,347.1,16.42,4,7.65,9.37,6.27,0.197,302.1,15.03,4.8,10.7,5.1,-106.4101321,-1.857207163,35,13.125
12/04/2011,31.27721,4.36,8.19,9.98,5.992,2.01,107.4,15.97,3.83,7.67,9.68,5.461,2.6,55.65,22.73,3.9,7.98,9.4,5.801,1.773,252.1,17.74,2.4,11.1,4.1,-123.9431012,-2.163215201,33,13.29166667
13/04/2011,31.27995,4.53,8.85,10.01,7.1,10.65,179.1,17.35,3.92,8.37,9.59,6.537,8,197.8,20.38,3.22,7.87,8.91,6.801,7.09,217.5,13,4.8,9.6,6.5,-170.8300694,-2.981547173,33,15.91666667
14/04/2011,31.28268,3.61,9.81,11.28,8.57,0,161.7,11.14,3.07,9.28,10.97,8.08,0,287.9,13.86,3.61,9.12,10.3,7.44,0,203.1,13.69,0.4,13.5,7.5,-135.2933668,-2.361314706,25,10.20833333
15/04/2011,31.28542,4.23,8.95,9.93,7.61,1.809,189.7,12.84,3.46,8.39,9.45,6.961,2.2,40.38,15.13,3.72,8.54,9.51,6.836,1.576,224.7,12.05,0.4,13.3,7.6,-154.2143252,-2.691547728,29,13.54166667
16/04/2011,31.28816,3.98,9.37,10.76,7.67,0.201,139.7,11.99,4.01,8.81,10.15,7.09,0,268.4,17.89,4.65,9.13,10,7.54,0.197,195.1,16.27,0,12.1,5.7,-139.2855009,-2.430990591,28,14.33333333
17/04/2011,31.29090,3.83,10.04,11.34,9.26,0.201,186.7,13.3,3.22,9.48,10.32,8.72,0.8,66.64,15.26,3.38,9.46,10.27,8.57,0.197,184.3,14.63,0,14,8.7,-162.9196993,-2.84348517,25,13.58333333
18/04/2011,31.29363,4.03,9.92,11.17,9.09,0,205.6,12.02,3.09,9.51,11.27,8.53,0,162.5,15.3,3.57,9.2,10.07,8.47,0.197,188.1,13.23,0.2,13,6.6,167.856624,2.929650759,21,6.833333333
19/04/2011,31.29637,2.09,7.98,9.63,5.29,1.407,327.3,9.6,2.63,7.41,9.26,4.85,1.2,344.7,9.97,2.21,7.43,9.17,3.875,1.182,44.57,10.49,1.6,12,6.3,-53.42770733,-0.932489405,18,7.166666667
20/04/2011,31.29911,3.38,8.71,10.91,6.121,0,197.8,9.77,2.78,8.01,9.78,5.481,0.2,173.2,12.42,2.48,8.34,9.8,5.047,0,212.8,8.89,0,11.3,1.5,-132.112369,-2.305795822,17,5.333333333
21/04/2011,31.30185,2.33,10.12,12.18,9.25,0,123.4,7.68,2.38,9.68,11.91,8.7,0,131.6,7.44,1.9,9.9,12.02,8.97,0,173.8,8,0.8,13,7.4,139.9252226,2.442155842,19,7.041666667
22/04/2011,31.30459,3.17,12.59,14.4,10.93,0.402,108.3,13.2,2.64,12.09,14.85,10.31,0.4,137.4,12.71,1.78,12,13.69,10.08,0.394,226.9,11.37,0,20.2,7.6,132.3074597,2.309200797,17,6.583333333
23/04/2011,31.30732,5.35,9.95,11.45,7.95,0.402,187.8,16.73,4.64,9.39,10.93,7.43,0.8,155.3,25.07,3.97,9.69,11.17,7.67,0.591,215.7,14.67,3.2,14.1,8.1,-161.5626616,-2.819800394,33,13.875
24/04/2011,31.31006,4.15,9.12,10.88,5.64,4.623,135.2,17.22,3.85,8.63,10.49,5.643,2.6,223,23,3.41,9.03,10.57,6.437,2.758,216.2,19.11,4,12.5,6.4,-133.0958373,-2.322960582,33,13.33333333
25/04/2011,31.31280,3.5,9.29,11.22,6.974,0.804,113.8,14.83,3.22,8.81,10.98,6.508,0.2,297.8,16.3,3.73,9.36,10.94,7.34,0.591,229.4,15.75,0,13.5,5.9,-131.6376344,-2.29751014,33,13.04166667
26/04/2011,31.31554,2.16,9.44,12.38,7.39,0,81.9,6.991,2.37,8.8,11.09,7.28,0,127.7,9.92,2.21,9.2,10.79,6.679,0,151,11.76,0,12.1,2.9,172.5955277,3.012360232,15,7.333333333
27/04/2011,31.31828,4.12,9.6,10.64,8.47,3.417,180.7,17.22,3.46,9.03,10.68,7.7,2.4,168.9,14.14,4.01,9.39,10.35,8.24,1.97,186.9,18,1.2,14.2,5.6,171.7842669,2.99820106,25,10.91666667
28/04/2011,31.32101,2.23,9.8,11.39,8.32,0.804,215.9,7.64,1.85,9.3,11.1,7.69,1.2,170.3,8.08,1.5,8.7,9.77,6.905,0.591,223.5,6.337,0,12.6,9,175.9864973,3.071543816,18,7.5
29/04/2011,31.32375,2.15,12.37,15.54,10.01,0,50.24,9.9,2.24,12.19,15.79,9.57,0,93,15.14,2.02,11.63,16.01,8.77,0,96.6,11.2,0,17.1,6.7,73.88458407,1.289529259,25,9.75
30/04/2011,31.32649,2.62,12.73,14.51,11.55,0,55.9,9.57,3.56,13.83,16.04,12.08,0,109.5,12.9,3.26,13.86,15.89,11.71,0.197,134.2,15.58,0,18.1,9.4,90.76845381,1.584208376,25,13.91666667
01/05/2011,31.32923,3.74,12.73,14.67,10.54,0,54,14.54,3.88,12.63,14.92,10.09,0,90.9,11.12,3.02,12.61,15.26,9.85,0.197,64.37,11.01,0,14.2,7.1,52.35165591,0.913708765,21,7.666666667
02/05/2011,31.33196,1.16,11.6,14.02,9.18,0,80.6,5.88,1.63,12.22,15.29,9.76,0,194.9,5.75,1.34,11.33,14.9,8.18,0,7.5,5.651,0,12.7,4.7,25.10129388,0.438100225,15,6.458333333
03/05/2011,31.33470,2.72,9.75,11.73,8.64,0,133.3,9.41,2.61,9.14,11.18,7.66,0,152.6,7.95,2.62,9.67,11.15,8.71,0,191.1,10.22,0,13.9,6.5,87.24229267,1.522665254,21,7.541666667
04/05/2011,31.33744,3.36,10.41,11.55,8.62,0,91.8,7.74,4.22,10.12,11.92,7.99,0,120.5,8.74,3.86,10.71,12.06,9.15,0,152.1,9.6,0,14.5,3.6,103.8017431,1.811682186,16,5.916666667
05/05/2011,31.34018,4.08,10.14,10.79,9.22,1.407,106,11.96,5.09,9.51,11.14,8.52,2.8,136.6,13.34,5.73,10.08,11.47,9.27,2.955,164.5,11.69,3,12.8,5.7,108.0636296,1.886066139,16,7.625
06/05/2011,31.34292,3.3,11.16,13.33,10.08,0.603,140.7,10.39,3.75,10.49,12.51,9.47,0.8,141.6,14,3.97,10.24,11.23,9.51,0.788,169,11.86,10.4,15.9,9.4,130.7714501,2.282392372,25,9.791666667
07/05/2011,31.34565,3.04,11.62,14.68,10.5,6.432,82.3,10.62,2.9,11.28,14.9,9.8,7,121.2,13.52,2.75,10.9,13.8,9.6,6.304,163.3,11.47,3,18.4,10,130.2902983,2.273994689,22,7.416666667
08/05/2011,31.34839,4.24,11.64,12.67,11,3.216,92.5,13.3,4.82,11.64,14,10.08,3.4,131.7,13.61,4.7,11.47,13.97,10.07,3.743,166.9,13.95,5.6,16.3,10.1,129.8678449,2.266621486,29,9.5
09/05/2011,31.35113,4.84,11.27,12.62,10.34,0.201,106.6,15.84,6.23,10.64,12.52,9.41,0.6,141.4,18.34,6.24,10.46,11.3,9.61,0.591,171.9,13.72,0,15.9,9,137.9863214,2.408315631,25,12
10/05/2011,31.35387,6.15,10.86,12.36,9.42,0.804,162.8,16.59,5.34,10.12,11.16,8.8,1.4,121.1,20.02,4.93,10.1,10.94,8.9,1.576,187.3,15.29,10.8,13.9,9.9,158.8317475,2.77213695,38,16.25
11/05/2011,31.35661,4.46,10.51,12.72,9.12,9.05,198.6,14.37,3.55,9.8,11.75,8.58,10,125.4,18.01,2.72,9.76,11.04,8.57,8.67,206.9,11.2,1.4,13.5,9.6,-174.5822798,-3.047035598,29,15.45833333
12/05/2011,31.35934,2.92,9.93,12.36,8.5,4.221,65.41,13.49,3.57,9.22,11.24,7.91,6,346.8,18.87,3.65,9.38,11.04,8.24,4.925,344.3,14.93,10.8,13.6,8.7,-117.7370917,-2.054899901,26,12.04166667
13/05/2011,31.36208,2.71,9.14,10.81,7.76,11.06,52.28,12.28,3.57,8.48,10.3,7.34,11.8,347.9,19.2,4.15,8.88,10.43,7.37,10.64,317.6,13.65,12.8,13.1,5.3,-113.9115824,-1.98813217,30,13.41666667
14/05/2011,31.36482,2.5,9.38,11.47,8.14,6.834,355.2,12.18,4.97,8.68,10.17,7.28,6.4,28.4,19.17,4.86,9.29,11,7.94,5.319,345.2,17.48,10.2,12.8,7.3,-67.03625394,-1.170003349,31,16.66666667
15/05/2011,31.36756,3.01,9.95,11.61,8.11,8.84,93.2,15.09,2.78,9.44,10.49,7.56,11.2,341.4,16.92,3.44,9.72,10.94,8.14,9.85,272.8,20.61,15.8,11.8,6.9,-133.9215303,-2.337371643,23,9.291666667
16/05/2011,31.37029,2.7,10.28,11.92,8.44,2.211,33.03,13.65,3.4,9.76,11.34,8.22,5.6,348.7,17.82,3.12,9.74,11.6,8.37,4.334,331.2,17.71,9.8,14.2,9.2,-83.83395037,-1.463178459,29,14.875
17/05/2011,31.37303,4.09,9.93,11.69,8.4,3.618,137,17.05,3.7,9.37,10.83,7.75,3.8,211.3,19.43,3.1,9.59,10.43,8.38,2.758,236.9,21.14,4,12.6,6.1,-141.2351818,-2.465018942,32,11.75
18/05/2011,31.37577,5.58,9.38,11.18,7.29,5.025,67.99,17.57,5.78,8.8,10.34,6.759,6.4,276.7,25.89,6.19,9.24,10.67,7.17,5.713,354.9,23.13,8.6,12,7.5,-128.4582421,-2.242019275,40,20.58333333
19/05/2011,31.37851,5.94,8.94,10.99,6.163,3.216,138.9,18.59,5.53,8.37,10.36,5.836,3.8,97,28.44,4.86,8.83,10.67,6.504,3.546,243.3,18.36,8.6,13.3,6.6,-136.8569119,-2.388603716,38,18.79166667
20/05/2011,31.38125,5.47,8.62,10.44,5.428,2.814,162.7,19.11,4.85,7.96,9.91,4.763,3.8,286.9,22.68,5.87,8.58,10.08,6.203,2.364,182.6,21.85,13.2,11.7,5.5,-148.3573963,-2.589325035,38,16.16666667
21/05/2011,31.38398,5.12,9.71,11.58,8.21,20.3,187.3,18.26,4.53,9.1,10.56,7.7,19.2,143.6,21.6,3.64,9.58,10.84,8.07,16.15,194.3,18.59,23,10.9,6.7,-169.6036707,-2.960142477,36,16.79166667
22/05/2011,31.38672,4.41,9.05,10.95,7.43,4.02,77.8,17.41,5.03,8.37,10.07,6.922,6.2,13.83,30.98,5.08,9.01,10.41,7.27,4.531,286.8,23.19,7.4,11.8,7.3,-128.454936,-2.241961574,45,17.79166667
23/05/2011,31.38946,5.27,8.91,11.59,7.36,12.66,173.3,20.71,7.09,8.28,10.64,6.72,13.4,124.9,26.19,6.86,8.84,10.51,7.33,12.8,249.4,28.29,31.6,12.2,6.8,-152.0186319,-2.653225651,49,22.54166667
24/05/2011,31.39220,5.03,8.35,9.84,6.094,3.015,46.76,17.48,6.49,7.64,8.55,5.404,4.8,320.2,25.54,6.86,8.34,9.38,6.303,2.758,359.3,21.82,7.2,11.2,6.1,-95.83221146,-1.672587619,48,23.375
25/05/2011,31.39493,4.29,8.6,9.66,7,23.72,96.3,14.86,4.13,8.01,9.15,6.325,35,143.2,17.3,4.32,8.53,9.47,7.17,33.69,173.5,14.44,23,9.1,6.3,112.9077776,1.97061247,21,10.625
26/05/2011,31.39767,3.76,8.4,9.62,7.45,1.005,21.55,19.37,5.08,7.77,8.61,7.13,1.4,321.2,23.51,5.22,8.22,8.87,7.61,0.985,281.7,21.43,2.2,10.5,8.3,-10.45036954,-0.182393357,33,19.04166667
27/05/2011,31.40041,4.16,8.74,10.3,7.11,5.628,122.9,15.94,3.61,8.18,9.87,6.604,6.8,29.96,16.09,3.59,8.6,9.98,7.17,5.319,262.1,15.55,9.6,10.9,5.9,-115.8091893,-2.021251657,31,12.5
28/05/2011,31.40315,5.01,8.74,10.61,6.629,2.211,69.86,17.67,3.65,8.09,9.53,5.893,3.2,22.34,24.43,4.63,8.67,10.18,6.504,2.955,255.7,19.57,16.8,11,5.3,-118.338039,-2.065388411,46,18
29/05/2011,31.40589,3.3,8.44,10.26,6.867,7.84,76.5,13.07,3.16,7.78,9.07,6.45,9.8,315.9,20.75,3.49,8.46,9.84,6.638,7.68,307,17.74,14.4,11.6,6.1,-118.8527076,-2.074371073,31,12.83333333
30/05/2011,31.40862,3.02,8.47,10.71,6.522,2.412,157,12.54,2.42,7.84,10.38,6.162,2,274.9,11.61,2.71,8.38,10.04,6.477,2.167,245.6,16.07,6.4,12.7,5.5,-137.0914214,-2.39269668,28,10.45833333
31/05/2011,31.41136,4.84,9.77,11.98,6.724,15.68,197.1,19.76,4,9.22,11.66,6.412,12.4,158.6,25.17,3.33,9.53,11.34,6.378,10.44,220.7,16.04,2.8,14.4,6.2,-151.8497755,-2.650278552,39,10.95833333
01/06/2011,31.41410,4.76,10.92,11.36,10.5,13.27,138.7,18.2,4.91,10.58,10.95,10.16,18,272.5,25.46,6.02,10.4,10.78,9.81,14.38,132,26.92,41.2,14,8.4,-138.6400607,-2.419725535,41,20.66666667
02/06/2011,31.41684,3.28,10.68,11.07,10.01,0.603,126.9,13.85,3.49,10.33,10.73,9.64,1.6,267.4,17.3,3.5,9.49,10.27,8.37,0.591,148.8,19.5,0,14.7,11.4,-150.3756223,-2.624549723,30,17.04166667
03/06/2011,31.41958,3.44,10.13,11.25,8.6,0.603,204.4,11.86,3.25,9.7,10.89,8.26,1.6,2.981,13.12,3.64,7.25,8.47,5.819,0.394,228.7,15.16,0.4,18.8,9.8,-149.0711501,-2.601782389,33,14.95833333
04/06/2011,31.42231,2.22,9.69,11.82,8.05,0,36.09,7.68,2.35,9.12,10.8,7.58,0,119.9,9.04,1.93,9.12,10.93,7.91,0,335.3,8.92,0,11.9,7.7,23.08874531,0.402974626,21,9.25
05/06/2011,31.42505,2.08,8.95,10.81,6.925,0,33.93,6.272,1.82,8.51,10.6,7.09,0,18.93,6.89,1.97,8.6,10.07,7.37,0,26.72,8.59,0,12.3,8.3,55.80801491,0.974033609,18,9.791666667
06/06/2011,31.42779,3.25,9.31,12.15,7.25,2.613,112.4,12.54,3.3,8.7,11.13,7.11,12,137.1,15.25,2.94,8.88,10.87,7.14,11.23,196.5,14.54,15.6,12,7.3,55.54451538,0.969434675,16,7.833333333
07/06/2011,31.43053,7.08,8.95,9.48,8.45,24.72,58.49,22.18,6.06,8.38,8.83,7.84,42,236.5,21.93,5.47,8.44,9.01,7.84,31.13,241.7,24.73,15.4,10.3,9,49.58254607,0.86537868,37,18.25
08/06/2011,31.43326,3.71,8.1,9.15,7.32,25.73,20.3,23.26,5.08,7.54,8.68,6.7,29.2,326.6,20.23,5.24,7.72,8.85,6.838,27.78,313.4,25.35,7.4,13.3,8.7,28.42922054,0.496183502,36,11
09/06/2011,31.43600,3.83,7.95,9.7,6.61,1.809,105.9,13.39,4.3,7.32,9.47,6.037,1.4,358.8,16.83,4.68,7.78,9.21,6.309,0.985,304.9,17.35,1.6,12.5,6.8,-112.7158408,-1.967262541,29,12.25
10/06/2011,31.43874,4.9,9.17,11.27,7.15,0.201,202.1,15.09,4.52,8.79,11.4,6.555,0.4,184.7,14.56,5,8.84,10.33,6.672,0.394,185.1,16.76,0.4,14.1,5.1,169.5507787,2.959219337,25,11.04166667
11/06/2011,31.44148,1.12,10.31,13.3,8.09,0,128.2,3.626,1.66,9.52,12.35,7.68,0,127.7,5.523,1.4,9.31,11.89,6.247,0,87.7,3.789,0,14.9,3.9,18.27130775,0.318894479,15,5.666666667
12/06/2011,31.44422,3.07,10.67,12.51,8.07,0.201,29.75,13.46,2.6,10.05,12.22,7.6,0.2,80.6,10.74,2.63,10.2,12.23,7.05,0.197,6.367,12.02,0,13.4,6,30.63748705,0.534725024,25,10.79166667
13/06/2011,31.44695,2.5,11.25,13.42,9.83,0.201,35.5,13.46,2.47,10.57,12.75,9.49,0,12.15,11.98,2.59,10.88,13.63,9.64,0.197,350,11.99,23.6,12.3,8.8,4.245480159,0.074097607,23,12
14/06/2011,31.44969,2.3,11.66,13.87,9.59,0,115,6.631,3.08,11.04,13.06,9.14,0,144.3,10.79,2.57,11.25,12.83,8.88,0,182.9,10.39,0,14.7,6.1,-125.5450749,-2.191174916,17,7.708333333
15/06/2011,31.45243,5.26,11.96,13.63,10.75,0.603,190.1,13.98,4.85,11.31,13.01,10.32,1.4,146.1,14.02,3.82,11.47,12.59,10.54,0.985,196.6,10.85,1.2,15.8,9.8,153.9339981,2.686655098,21,10.375
16/06/2011,31.45517,4.62,11.58,13.32,10.54,0.201,205.4,11.92,4.11,11.15,13.14,9.92,0,176.5,11.17,4.08,11.1,12.13,10.41,0,186.3,13.26,0,15.6,9.3,176.22036,3.07562549,18,8.75
17/06/2011,31.45791,4.35,10.83,12.85,9.78,2.412,101.5,11.89,3.9,10.35,13,9.1,4.6,151.1,14,4.21,10.68,12.67,9.77,3.743,180.6,13.82,0.6,15.9,9.4,119.6155557,2.087685284,21,9.333333333
18/06/2011,31.46064,3.26,12.59,15.74,10.49,2.211,48.77,10.45,2.33,12.14,15.22,9.71,2.6,78.8,8.99,2.55,11.98,14.76,10.04,2.364,10.7,9.18,0.6,15.9,11.1,53.17647011,0.928104488,23,11.45833333
19/06/2011,31.46338,2.26,10.98,12.42,9.33,0,41.06,9.41,1.98,10.37,11.92,8.74,0.2,43.97,7.49,2.41,10.71,12.11,9.37,0,8.04,11.34,0.8,13.8,7.3,-31.28035065,-0.54594511,18,7.666666667
20/06/2011,31.46612,1.51,10.59,11.87,9.21,0.402,35.63,6.37,1.51,9.94,11.02,8.68,0.8,12.58,6.037,1.51,10.37,11.44,9.14,0.394,3.783,7.58,2.4,12.4,9.6,-98.6148715,-1.721154199,11,4.75
21/06/2011,31.46886,3.59,11.67,13.42,10.77,1.005,44.2,14.37,2.62,10.99,12.26,10.24,1,267.6,13.14,2.71,11.18,12.24,10.37,0.591,301.6,12.71,0.2,14.1,9.3,50.787946,0.886416878,21,11.04166667
22/06/2011,31.47159,3.52,10.96,12.83,9.14,0.603,47.69,11.6,3.04,10.42,12.02,8.68,0.6,244,13.06,2.96,10.79,12.3,9.14,0.591,288.7,13.13,2.2,12.9,9.8,37.55151712,0.655397613,27,12.58333333
23/06/2011,31.47433,1.63,9.75,12.27,8.21,1.206,8.91,7.87,2.01,9.1,11.74,7.82,1.4,349.9,9.04,2.09,9.72,12.14,8.28,2.364,360,7.35,3.2,12.2,6.8,14.17652281,0.247427,15,5.875
24/06/2011,31.47707,2.27,10.85,13.21,7.55,0.804,112.3,9.15,2.89,10.21,12.41,7.14,0.4,114.3,9.26,2.7,10.64,12.2,7.44,0.197,168.7,12.28,2.8,13.4,4.6,-172.6651076,-3.013574631,14,5.708333333
25/06/2011,31.47981,5.05,11.46,13.32,9.48,0.201,154,12.64,4.48,10.77,11.94,8.81,1,125.2,16.1,4.95,11.02,12.01,9.37,0.394,180.8,14.67,0.4,14.9,9.3,150.112074,2.619949939,26,13.08333333
26/06/2011,31.48255,6.41,12.05,13.48,11.11,4.221,197.4,18.78,5.06,11.53,12.71,10.49,3.2,146.8,27.46,4.11,11.37,11.97,10.17,2.758,204,20.51,12,14.3,11.2,-172.2275179,-3.00593725,38,14.125
27/06/2011,31.48528,4.98,11.84,13.41,10.89,0.201,184.2,15.03,3.61,11.22,12.98,10.28,0,47.37,15.01,4.83,11.32,12.27,10.61,0,197.7,15.68,0,15.7,9.4,-166.661896,-2.908798822,26,13.20833333
28/06/2011,31.48802,3.93,11.67,13.55,10.58,1.407,172.1,12.97,2.91,10.99,12.71,10.16,0.6,22.49,13.95,3.6,11.24,12.6,10.1,1.576,200.3,11.73,1.6,14.9,9.5,-163.3253251,-2.850564675,28,12.75
29/06/2011,31.49076,2.62,11.29,12.84,9.75,0,99,10.49,2.43,10.79,12.75,9.33,0.2,257.1,10.38,2.56,11.11,12.93,9.71,0.394,323.2,10.36,0.8,15.7,9.8,-144.2385393,-2.51743742,21,8.75
30/06/2011,31.49350,2.41,10.91,12.49,9.43,0.804,33.54,8.26,2.92,10.32,11.72,8.98,1.6,255.1,12.04,2.87,10.82,12.07,9.37,1.182,340.6,10.52,6.4,14.9,8.4,-92.42403515,-1.613103721,20,7.958333333
01/07/2011,31.49624,3.38,11.73,13.95,10.13,0.402,204,9.83,2.9,11.06,12.56,9.49,0.2,176.5,9.18,2.41,11.21,12.37,9.87,0.197,216.5,9.73,0,15.6,9,-151.4659945,-2.643580308,17,6.125
02/07/2011,31.49897,3.71,12.81,14.59,11.55,0.402,189.7,12.58,3.19,12.41,14.61,10.91,0.4,165.4,10.14,4.09,12.01,13.29,11.04,1.97,175.5,11.6,0,17.7,10.9,142.0699757,2.479588844,12,5.75
03/07/2011,31.50171,3.68,12.9,15.23,10.31,0.402,203.6,10.39,3.39,12.18,13.87,10.06,0.4,151.5,11.44,2.32,12.09,13.59,10,0.394,198.3,8.43,0,16.7,10,158.8360189,2.772211501,19,6.708333333
04/07/2011,31.50445,1.43,13.09,14.82,11.83,0.603,82.3,7.19,2.38,12.71,14.62,11.13,0.4,124.2,10.44,1.97,12.35,14.31,10.77,0.591,165.8,10.26,0,19.9,11.5,81.65978902,1.425232185,13,4.208333333
05/07/2011,31.50719,3.43,13.32,15.02,12.4,2.412,93.3,11.89,4.23,12.6,14.06,11.75,3.6,128.2,17.19,3.75,12.5,14.14,11.57,3.152,164.9,14.9,1.6,16.9,14,103.6426399,1.808905312,29,15.41666667
06/07/2011,31.50992,3.93,13.54,15.95,12.44,1.809,49.56,15.97,2.82,12.96,14.73,11.84,2.4,122.6,14.86,2.7,12.77,14.97,11.61,1.97,326.8,11.79,2.4,15,13,59.66107549,1.041282203,26,12.33333333
07/07/2011,31.51266,3.46,13.48,16.47,10.9,8.04,52.68,12.71,2.56,12.96,15.84,10.41,7.2,129.8,11.59,2.38,12.69,14.93,10,6.698,299,9.57,2.6,18.9,11.2,78.24330962,1.365603371,32,10.66666667
08/07/2011,31.51540,1.65,13.97,16.79,12.11,0,47.7,6.435,2.28,13.34,16.2,11.61,0,54.91,7.03,2,13.57,16.43,11.61,0.197,40.49,8.89,0,18.3,7.8,40.45874047,0.706138232,11,3.958333333
09/07/2011,31.51814,1.84,12.98,14.43,12.19,0.603,5.645,7.91,2.56,12.15,13.08,11.63,1,352.9,8.06,2.9,12.35,13.48,11.34,0.788,356.2,11.01,0.2,16.2,10.2,-15.85959308,-0.276802117,14,6.666666667
10/07/2011,31.52088,1.72,12.2,15.04,9.84,0.201,356.8,7.71,2.38,11.6,13.82,9.63,0.2,355.5,7.52,2.84,11.61,14,8.78,0.394,349.7,8.89,17.6,15.1,12.5,-39.55673764,-0.690395313,14,5.666666667
11/07/2011,31.52361,2.34,12.32,14.36,10.14,0.804,41.95,8.92,2.12,11.86,14.89,10.16,1.8,320,9.32,2.19,12.03,13.87,10.22,0.788,317,7.38,4.6,14.7,11.4,36.74716996,0.641359107,19,10.91666667
12/07/2011,31.52635,3.67,12.28,13.88,11.09,0,57.15,9.83,2.34,11.79,13.97,10.59,0,128.1,11.03,2.36,12.28,14.06,10.24,0,277.3,9.64,0,14.8,10.4,41.26322836,0.720179195,19,12.125
13/07/2011,31.52909,2.28,14.13,16.42,11.73,0,197,7.97,2.38,13.3,15.17,11.02,0,139,13.11,1.73,13.2,15.02,10.04,0,200.6,5.978,0,17.6,6.3,-161.4708034,-2.818197165,18,6.875
14/07/2011,31.53183,2.93,13.12,14.23,11.8,0.201,131.5,10.65,2.48,12.63,13.87,11.42,1.2,290.3,11.28,2.71,12.76,13.6,11.47,0.394,241.2,9.44,0.8,17.6,11.3,-143.9082925,-2.511673524,22,8.833333333
15/07/2011,31.53457,4.42,12.74,13.76,12,8.84,196.7,17.05,3.78,12.22,13.28,11.52,8.8,180.5,15.96,4.2,12.22,12.88,11.37,7.68,193.2,19.5,2.8,15.6,9.4,178.1460991,3.109235978,27,10.54166667
16/07/2011,31.53730,2.77,13.24,15.74,11.88,1.005,114.8,11.89,2.56,12.59,14.43,11.34,2.4,146.6,14.48,2.96,12.28,14.22,10.9,0.788,165.3,15.16,3.8,18.4,12.2,136.2908683,2.378724393,25,11.70833333
17/07/2011,31.54004,4.05,12.74,13.64,11.63,1.407,37.26,19.47,4.81,12.08,12.67,11.09,1.4,219.4,20.24,6.05,11.95,12.71,11.2,0.788,69.35,23.52,29,14.2,12.4,2.517599234,0.043940396,33,21.08333333
18/07/2011,31.54278,4.67,11.6,12.18,11.06,15.88,39.02,20.91,4.89,11,11.51,10.53,12.8,197.9,20.26,6.11,10.96,11.44,10.47,13.79,52.8,23.52,8.8,15.1,11.7,6.958175629,0.121443075,31,12.41666667
19/07/2011,31.54552,2.71,11.1,12.14,10.24,0.402,40.64,12.97,2.7,10.55,11.8,9.59,0.4,141.1,14.27,3.08,10.74,11.51,9.77,0,40.96,15.16,0.6,13.4,10.9,-9.166729731,-0.159989615,26,15.125
20/07/2011,31.54825,2.58,10.67,12.33,9.23,0.402,39.43,9.38,2.34,10.14,11.78,8.61,0.2,129.9,9.31,2.49,10.44,11.77,9.01,0.197,4.362,9.87,0,13.8,9.9,8.593080625,0.14997755,18,9.583333333
21/07/2011,31.55099,2.29,11.84,14.61,10.4,0.201,26.68,9.57,2.88,10.98,12.78,9.84,0,359.3,14.66,2.73,11.49,13.64,10.38,0,330.1,14.54,0,14.4,9.7,34.74915692,0.606487201,17,6
22/07/2011,31.55373,2.57,11.5,13.31,10.23,0,60.08,8.3,2.03,10.94,12.92,9.29,0,78,9.56,1.84,11.32,12.8,9.05,0,287.3,9.64,1.6,13.9,10,33.0819452,0.577388867,21,10.33333333
23/07/2011,31.55647,2.46,11.52,13.66,10.12,0,56.24,8.95,1.98,10.95,12.75,9.33,0,141.5,7.48,1.68,11.47,13.57,9.35,0.197,296.5,7.74,0,14.2,7.3,13.65151508,0.238263886,18,10
24/07/2011,31.55921,2.2,11.26,13.18,9.94,0,43.77,6.664,1.92,10.66,12.71,9.33,0,95.4,9,1.54,11.24,13.43,9.71,0.197,16.05,7.77,0,14.7,10.4,-13.59582284,-0.237291873,20,10.95833333
25/07/2011,31.56194,1.03,11.99,13.49,10.78,0,95.2,3.136,1.14,11.4,12.82,10.3,0.2,114,3.65,1,11.87,13.07,10.78,0.197,129.3,3.332,0,14.7,7.7,6.317100925,0.11025421,15,7.125
26/07/2011,31.56468,2,12.41,13.62,11.57,0,93.5,6.925,1.62,11.94,13.44,10.92,0,100.4,8.35,1.5,12.33,13.69,11.34,0,145.8,5.619,0,14.1,10.1,21.31700669,0.372051953,15,7.083333333
27/07/2011,31.56742,3.99,13.29,13.97,12.43,1.608,212.5,11.27,4.02,12.81,13.48,11.93,1.8,153.7,13.2,3.36,12.87,13.78,11.97,0.985,252.1,9.6,4.4,20.3,6.3,-163.0082197,-2.845030141,21,7.833333333
28/07/2011,31.57016,1.45,12.99,15.56,11.77,0.201,27.35,8.98,2.91,12.41,14.84,11.27,0.2,33.25,12.77,2.83,12.75,15.07,11.47,0.394,347.8,9.28,0.8,16.4,11.9,-59.12028552,-1.031843637,20,9.125
29/07/2011,31.57290,1.15,12.7,14.63,11.02,0.201,60.31,4.312,1.45,12.14,14.02,10.84,0,53.79,5.57,1.17,12.53,14.1,11.07,0.197,18.42,4.639,0,14.5,11.2,-87.63277941,-1.529480533,12,4.75
30/07/2011,31.57563,2.04,13.62,14.86,12.2,1.407,100,9.8,2.57,13.04,14.39,11.68,2.2,125,8.79,2.37,13.3,14.44,12.07,1.773,165.6,9.77,0,16.7,10.2,101.309829,1.768190081,15,5.958333333
31/07/2011,31.57837,4.5,13.4,14.42,12.24,5.226,160,16.46,4.47,12.86,13.63,11.72,5,166,17.21,4.75,12.32,13.58,11,4.334,192.6,15.61,7.2,15.1,13.5,145.7811827,2.544361626,25,13.16666667
01/08/2011,31.58111,1.61,13.35,15.56,11.82,0.402,180.5,5.619,1.85,12.71,14.85,11.59,0.6,160.1,5.883,1.41,12.37,14.13,10.5,0.394,200.2,5.815,0.4,17.5,12.8,164.6431969,2.873565878,13,6.291666667
02/08/2011,31.58385,1.92,13.88,16.25,11.64,2.211,189.1,7.45,1.93,13.22,15.23,11.22,1.6,156.5,7.33,1.53,13.12,14.89,11.24,1.576,201,6.501,0,17.2,9,152.1046991,2.654727807,13,5.041666667
03/08/2011,31.58658,1.93,13.92,16.43,12.48,0,138.3,8.59,1.89,13.31,15.53,11.93,0,127.7,6.117,1.8,13.43,15.02,11.44,0,195.1,6.925,0,16.9,12.5,-164.8407334,-2.877013539,12,5.416666667
04/08/2011,31.58932,2.19,13.91,16.01,12.61,1.809,39.83,9.28,2.51,13.37,15.53,12.4,1.6,32.87,9.26,2.83,13.37,15.47,12.31,1.182,21.52,10.71,18.4,15.9,13.5,35.62897881,0.621842989,13,5.083333333
05/08/2011,31.59206,2.08,13.53,15.17,12.48,0.201,137,7.35,2.31,12.94,14.81,11.96,0.2,233.6,10.49,2.31,13.09,14.76,11.81,0.197,291.7,10.85,0,17.4,12.8,-83.34221195,-1.454596004,20,10.16666667
06/08/2011,31.59480,1.71,13.09,14.58,11.4,0.804,58.52,5.553,1.6,12.55,14.12,11.03,0.8,98.3,6.197,1.64,12.71,14.39,10.48,0,320.9,6.533,0,16.6,8.5,24.6984968,0.43107009,16,5.875
07/08/2011,31.59754,2.27,12.92,15.7,10.47,0.804,8.88,14.73,2.88,12.05,13.23,10.91,0.8,12.34,13.95,2.65,12.64,14.73,10.33,0.394,343.6,16.3,0,15.3,11.4,-26.75091391,-0.466891526,20,9.916666667
08/08/2011,31.60027,3.61,11.65,13.67,9.59,0.603,24.88,10.19,4.4,11.08,12.72,9.2,0.4,31.9,16.5,4.44,11.5,13.02,9.7,0.394,356.7,14.44,1.6,14.5,10.7,-16.5976757,-0.289684089,36,17.58333333
09/08/2011,31.60301,1.82,11.05,12.83,9.43,7.24,340.2,11.37,2.36,10.44,12.18,9.07,7.2,1.141,12.13,2.33,11.02,12.67,9.57,5.122,249.3,6.991,0,13.3,9,-55.95843313,-0.976658902,22,9.5
10/08/2011,31.60575,7.87,11.26,12.25,10.23,11.06,71.6,15.35,5.61,10.62,11.65,9.41,29.6,171,24.54,5.65,10.9,11.85,10.03,26.6,195.6,18.13,34.4,12.4,9.7,91.36158632,1.594560491,33,14.79166667
11/08/2011,31.60849,7.39,12.87,14.87,11.64,0,58.25,15.26,4.82,12.43,14.93,11.08,0,164.9,21.88,4.63,12.75,15.09,11.39,0,228.5,17.02,0,15.8,11.5,65.39180231,1.141302254,33,18.16666667
12/08/2011,31.61123,4.11,13.16,14.13,11.89,8.24,142.3,16.27,4.3,12.67,13.73,11.45,8.6,140,16.98,4.54,12.59,13.2,11.87,6.501,170.2,14.93,11.8,15.8,12,123.7197437,2.159316877,25,9.625
13/08/2011,31.61396,5.9,12.98,14.52,11.54,1.608,179.9,14.99,4.73,12.35,13.23,11.12,1.6,151.4,18.48,4.05,11.85,12.84,10.89,1.182,216.8,19.63,2.6,16.5,12.7,-172.2327371,-3.006028342,31,15.375
14/08/2011,31.61670,4.1,12.64,14.04,10.98,0.402,120.4,13.98,3.99,12.01,13.57,10.65,3.4,249.6,18.66,4.12,12.17,13.23,10.72,1.379,155,20.45,0.4,16.7,10.3,-153.7277934,-2.683056146,29,14.29166667
15/08/2011,31.61944,2.74,12.81,14.94,11.15,1.206,137.2,10.42,2.44,12.29,14.28,10.6,1.6,202.4,11.98,2.51,12.6,14.33,10.95,1.182,243.1,12.9,2.8,16.8,10.3,-141.3487523,-2.467001122,22,9.458333333
16/08/2011,31.62218,1.93,12.15,14.68,10.06,2.412,42.57,8.69,2.22,11.48,13.93,9.48,2.2,31.32,9.4,2.11,11.89,14.23,9.73,1.773,336.9,9.8,20.8,13.6,9.3,162.8983466,2.843112495,26,8.166666667
17/08/2011,31.62491,1.46,12.59,15.36,11.4,0.603,35.04,7.45,2.15,11.87,13.73,10.76,0.6,328.6,12.32,2,12.47,14.94,11.08,0.591,341.5,8.53,0.4,15.8,6,-106.2029021,-1.853590317,17,5.333333333
18/08/2011,31.62765,1.31,12.44,15.94,10,2.613,202.6,7.19,1.67,11.88,14.81,9.45,4,200.3,6.01,1.4,12.3,14.25,9.6,4.334,172,5.717,0,15.2,8.3,-4.295798999,-0.074975837,10,3.666666667
19/08/2011,31.63039,5.44,12.65,13.4,10.94,8.84,191.2,18.88,5.08,12.05,12.88,10.31,8,160.2,21.65,6.01,12.59,13.33,10.89,9.06,183.8,24.7,14.8,14.9,5.4,-174.1240005,-3.039037116,33,10.25
20/08/2011,31.63313,6.22,13.55,14.91,12.13,0.603,185.8,17.41,4.36,12.95,14.29,11.66,0.6,44.73,22.68,5.58,13.27,14.13,11.91,0.788,194.4,20.71,6,16.2,11.6,-163.747017,-2.857924587,37,17.25
21/08/2011,31.63587,2.58,12.9,14.46,11.82,0.402,53.27,10.19,3.56,12.27,13.08,11.39,0.6,2.998,14.99,3.34,12.6,13.4,11.64,0.394,329.8,14.24,7.4,15.8,11.9,-123.521794,-2.155862004,27,13.33333333
22/08/2011,31.63860,1.77,12.96,15.36,11.37,0.402,194.5,7.71,2.02,12.38,14.74,10.93,0.2,170.8,9.17,1.96,12.8,14.99,11.22,0,244.3,7.22,12.6,16.9,9.9,-95.15949221,-1.660846454,17,5.666666667
23/08/2011,31.64134,2.84,13.11,14.03,12.37,0,121,8.36,3.17,12.59,13.94,11.85,0,146.2,8.26,3.64,13.01,13.8,12.24,0.197,167.9,7.42,0.8,18,5.9,104.9695286,1.832063888,16,5.333333333
24/08/2011,31.64408,1.97,12.64,15.13,11.29,7.04,168.9,8.62,2.05,11.99,13.94,10.99,7.6,185.7,8.88,2.04,12.04,14.05,9.7,7.49,188.8,8.98,2.8,16.9,11.5,121.8287083,2.126312083,15,6.5
25/08/2011,31.64682,1.99,13.25,15.9,11.21,0,193.4,7.81,1.92,12.46,14.45,10.71,0,152.6,8.65,1.79,12.31,14.54,9.17,1.379,202.2,7.87,1,16.4,6.3,-163.2056639,-2.848476193,15,6.583333333
26/08/2011,31.64956,2.8,12.32,14.96,10.64,4.824,149.7,8.95,2.41,11.71,14.16,9.99,5.6,156.2,10.83,2.28,12.1,13.92,10.39,4.728,206.6,8.69,1.6,16.5,8.3,153.9716266,2.687311838,16,6.583333333
27/08/2011,31.65229,3.12,12.49,14.68,10.2,0.201,21.54,13.36,3.51,11.92,13.51,9.66,0.2,42.37,16.88,3.54,12.32,14.3,10.26,0.197,304.6,16.69,1.4,15.2,10.4,-12.46930388,-0.217630408,29,14.16666667
28/08/2011,31.65503,3.26,10.58,13.22,9.29,1.407,349.8,15.03,5.36,9.97,11.71,8.8,1,340.5,18.74,5.33,10.54,11.91,9.47,0.788,274.8,21.27,3.4,11.7,9.2,-35.83539599,-0.625445649,36,21.66666667
29/08/2011,31.65777,2.04,11.6,13.39,10.05,3.819,359.9,14.24,4.43,10.97,12.03,9.45,4.2,7.48,17.43,4.86,11.51,12.87,10.22,3.743,345.6,17.12,3.8,13.3,9,-49.50053997,-0.863947404,26,13.41666667
30/08/2011,31.66051,1.37,12.26,14.63,11.43,0,357.1,7.38,2.23,11.58,13.89,10.73,0,12.03,11.23,2.19,12.15,14.06,11.22,0,348.9,9.44,3.2,13.9,10.3,-46.00373501,-0.802916644,26,9.166666667
31/08/2011,31.66324,1.12,12.24,14.12,10.93,0.201,182.4,4.933,1.29,11.65,13.22,10.52,0,157.9,5.587,1.2,12.08,13.67,10.99,0.197,241.8,5.292,2.4,14.4,9.4,-117.1238516,-2.044196843,13,4.041666667
01/09/2011,31.66598,5.21,12.95,13.88,12.01,7.44,202.8,18.03,4.32,12.35,13.15,11.42,5.8,170.8,15.92,5.48,12.92,13.63,12.18,5.122,186.5,18.95,1,15.1,10.3,175.631705,3.065351523,21,9.291666667
02/09/2011,31.66872,5.98,12.9,13.54,11.85,2.814,189,15.29,4.12,12.32,13.1,11.23,2.8,58.47,15.76,4.68,12.68,13.43,11.61,2.561,199,15.61,15.4,15.8,11.3,-167.108585,-2.916595017,29,16.20833333
03/09/2011,31.67146,3.98,13.12,14.89,11.17,0.201,188.3,11.43,3.04,12.54,14.61,10.8,0.4,88.3,17.45,3.34,12.81,13.85,11.34,0.197,203.5,13.82,6.6,16.5,11.4,-174.9186238,-3.052905909,28,9.916666667
04/09/2011,31.67420,2.65,12.92,15.71,11.1,0.201,201.3,9.21,2.6,12.24,14.68,10.53,0.2,142.3,10.18,2.27,12.52,14.35,9.79,0.197,191.6,7.28,1.2,15.4,10.9,169.5680505,2.959520787,19,8.541666667
05/09/2011,31.67693,2.88,12.7,15.33,10.42,2.01,157.1,11.69,3.31,11.96,14.73,9.94,3.6,141.5,13.75,3.15,12.11,14.15,9.3,4.137,155.8,15.06,4,15,10.6,44.52465842,0.777101888,19,5.458333333
06/09/2011,31.67967,3.51,12.5,15.17,11.36,5.427,359.6,14.86,4.48,11.81,13.45,10.78,6.2,5.725,19.92,4.28,12.08,13.7,11.01,6.107,276.5,17.22,23.6,14.8,10.6,-118.9871574,-2.076717663,35,18.625
07/09/2011,31.68241,3.69,11.97,14.31,10.15,6.633,58.05,14.24,3.97,11.41,13.22,9.68,8.2,348.9,21.24,4.08,11.85,13.76,10.31,7.68,334.3,19.37,14,14.3,9.7,-107.4973561,-1.876182801,35,13.16666667
08/09/2011,31.68515,2.9,12.08,13.86,10.46,0.603,61.68,11.66,3.11,11.48,13.63,10.3,1,310.7,15.53,3.35,12.06,14.06,10.75,1.773,324.8,14.57,11.2,14.7,8.8,-111.8564682,-1.95226366,27,11.58333333
09/09/2011,31.68789,3.28,11.36,13.65,9.9,5.628,112.2,9.24,2.42,10.77,13.23,9.36,11.2,147,12.24,2.24,11.24,13.2,9.83,9.06,195.2,10.55,3.6,12.4,8.9,133.790914,2.335091958,18,7.041666667
10/09/2011,31.69062,4.42,14.22,14.89,13.25,6.231,143.1,17.9,4.45,13.5,14.3,12.73,7,146.2,14.16,4.85,12.93,13.63,12.37,7.29,169.7,19.93,11,17.5,11,128.9559136,2.250705282,26,11.83333333
11/09/2011,31.69336,4.42,12.75,13.84,11.98,4.824,182.1,16.24,4.83,12.18,13.01,11.41,5.8,144.4,17.89,5.01,11.58,12.87,10.71,4.334,192.8,16.59,6.6,14.7,11.9,169.8709281,2.964806999,32,15.70833333
12/09/2011,31.69610,3.63,12.55,14.42,11.39,15.88,58.19,12.35,3.66,12.05,14.27,10.9,25,98.9,17.35,3.36,11.25,12.63,10.39,22.26,270.5,14.08,32.4,16.4,11.9,168.1182318,2.934216678,21,10.41666667
13/09/2011,31.69884,1.92,12.11,14.32,10.7,7.44,357.8,12.81,3.42,11.56,13.39,10.16,7.4,348.1,13.85,3.75,11.15,12.93,10.16,6.501,321.9,16.95,20,14.3,11.1,-79.22334859,-1.382708277,25,10.58333333
14/09/2011,31.70157,1.78,10.89,13.15,8.73,0,344.6,14.67,4.05,10.16,11.91,8.72,0.2,0.904,21,4.17,10.29,12.57,7.45,0.197,359.5,15.68,5.2,12.9,7.4,-59.94783737,-1.046287142,39,14.70833333
15/09/2011,31.70431,2.48,11.64,12.77,9.68,0,105.6,8.33,2.93,10.94,11.99,8.9,0,157.6,9.85,3.78,10.94,12.47,7.52,0,160.1,8.53,0,13.6,6.5,169.2095484,2.953263745,12,5.666666667
16/09/2011,31.70705,4.53,12.23,12.85,11.44,4.824,103.3,11.66,5.05,11.51,12.08,10.76,7,132.9,10.93,5.61,11.87,12.54,11.19,7.49,160.6,11.76,3,13.3,9.3,112.9383976,1.97114689,29,12.5
17/09/2011,31.70979,2.94,12.5,14.05,10.76,7.24,40.51,15.68,2.67,11.96,13.53,10.49,6.4,298.2,17.72,2.61,11.95,13.36,10.32,5.516,316.8,16.2,4.4,15.8,11.6,81.52821428,1.422935772,33,13.83333333
18/09/2011,31.71253,3.57,11.91,12.68,11.43,0.603,41.68,17.54,2.96,11.26,11.77,10.84,0.6,115.4,15.67,3.78,11.54,12.01,11.12,0.394,353.3,19.99,1.4,14.4,10.1,17.35404783,0.302885273,31,12.125
19/09/2011,31.71526,4.46,12.09,14.07,10.02,7.04,141.3,13.65,3.68,11.53,13.27,9.54,6.6,212.7,12.92,3.65,11.71,13.3,10.18,5.516,250,16.33,3.6,15.2,6.7,-149.3704212,-2.607005656,31,11.41666667
20/09/2011,31.71800,6.49,11.9,13.02,10.21,1.608,174.9,19.4,4.8,11.3,12.5,9.62,2.6,10.83,20.69,5.87,11.75,12.54,10.22,1.97,195.1,19.08,7.4,13.7,8.1,-148.7462175,-2.596111245,34,15.91666667
21/09/2011,31.72074,6.69,11.27,12.54,9.38,18.89,95.9,21.53,5.75,10.8,12,8.99,20.2,314.3,24.27,6.07,11.24,12.44,9.56,18.71,278.1,25.35,29.4,13.2,9.1,-140.1051701,-2.445296517,44,21.54166667
22/09/2011,31.72348,4.28,11.6,13.04,9.76,3.216,96.8,14.14,4.16,11.07,12.56,9.68,3.8,348.1,21.57,4.34,11.56,12.76,10.12,3.349,318.8,18,5.2,13.8,8.2,-116.7775391,-2.03815255,37,13.58333333
23/09/2011,31.72621,8.01,12.72,13.38,11.19,10.65,205,19.96,6.36,12.29,12.83,10.74,10.6,137.1,21.1,4.36,11.97,12.34,11.05,7.88,204.6,16.56,9.2,15.1,10,-167.8849068,-2.930144388,33,15.20833333
24/09/2011,31.72895,8.11,12.39,13.47,10.25,2.814,200.8,19.24,6.47,11.89,13.03,9.89,1.8,126.5,23.61,4.92,11.92,12.6,10.21,2.167,212.7,19.96,16.2,15,10.9,-160.3971028,-2.799457555,40,19.04166667
25/09/2011,31.73169,2.73,11.15,13.05,9.86,18.69,198.5,16.63,2.57,10.64,13.14,9.41,20.2,158.8,17.39,2.11,10.66,11.97,9.23,14.97,214,19.08,15.8,14.3,11.5,-178.7205357,-3.119261788,36,16.83333333
26/09/2011,31.73443,4.57,11.65,13.22,8.91,12.26,162.4,12.64,3.82,11.11,12.66,8.54,10.4,157,19.95,3.84,11.35,12.56,8.33,8.86,224.2,16.56,15.6,14.8,8.6,-138.3615297,-2.414864251,34,13.45833333
27/09/2011,31.73717,7.16,13.04,13.88,11.36,9.25,205.9,17.08,5.58,12.7,13.77,10.9,8.8,128.5,23.81,4.13,12.27,12.94,11.12,6.107,205.1,16.69,14.8,15.3,11.3,-168.2843022,-2.937115152,37,17.75
28/09/2011,31.73990,8.48,14.26,16.31,13.43,22.91,216,21,6.99,13.94,15.98,13.02,16.2,166.9,20.15,4.89,13.11,14.98,12,17.93,205.3,24.24,2.4,19.2,14.3,-173.716862,-3.031931209,40,19.41666667
29/09/2011,31.74264,4.05,13.32,14.17,12.77,6.03,217.5,15.58,3.16,13.09,14.03,12.41,4.4,161.1,10.97,2.51,11.55,12.79,10.65,4.334,205.4,11.99,0,18.1,13.7,-173.656744,-3.030881951,32,11.29166667
30/09/2011,31.74538,4.48,13.54,15.31,12.02,2.01,182.3,21.63,3.71,13.02,15.05,11.63,2.4,193.9,18.99,4.31,11.68,13.39,10.85,1.576,186.2,20.35,2,17.7,12.5,-166.134856,-2.89960024,28,10.95833333
01/10/2011,31.74812,1.54,11.97,13.81,10.46,0,104.7,7.45,1.49,11.49,13.22,10.33,0,255.9,9.28,1.26,11.16,12.59,9.23,0,254.4,6.141,0.2,13.7,7.1,-66.41168803,-1.159102618,8,2.75
02/10/2011,31.75086,5.39,11.71,12.96,10.35,0.804,198.5,17.57,4.23,11.08,12.01,9.76,1.4,134.4,21.51,3.27,11.03,12.21,9.1,0.985,225.2,15.22,0,14.7,3.7,-148.2514765,-2.587476386,31,8.916666667
03/10/2011,31.75359,9.02,11.41,12.73,9.3,23.32,143.7,26.82,7.43,10.93,12.41,8.94,17.6,152.2,35.3,6.9,10.98,11.95,9.13,14.77,243.7,30.25,14.8,13.4,8.9,-144.1434343,-2.515777523,52,26.20833333
04/10/2011,31.75633,5.35,10.71,11.73,9.47,2.412,87.3,21.43,4.06,10.09,11.07,8.93,5,300.2,20.78,5.43,10.51,11.42,9.26,3.94,256.9,23.75,14,11.7,8.8,-123.6943051,-2.15887289,40,18.875
05/10/2011,31.75907,4.68,10.67,12.48,6.907,5.829,102.9,18.42,4.15,10.11,12.11,6.744,7.2,302.9,20.92,4.88,10.31,12.15,7.15,5.713,239.7,20.78,5.8,13.5,7.2,-137.1342965,-2.393444991,36,15.70833333
06/10/2011,31.76181,4.02,9.28,10.93,7.04,7.24,25.95,18.85,6.03,8.73,10.44,6.618,8.8,356.8,23.53,6.6,9.16,10.92,7.15,7.49,340.6,22.31,17.2,9.9,5.8,-87.47081601,-1.526653739,33,13.5
07/10/2011,31.76454,2.28,10.09,11.87,8.91,3.819,6.556,11.07,4.15,9.48,10.79,8.46,4.2,18.66,16.24,4.1,10.07,11.88,8.96,3.349,340,15.29,4.4,11.7,6.8,-61.97716008,-1.081705504,29,12.54166667
08/10/2011,31.76728,2.38,11.71,12.74,9.43,17.69,78.7,9.08,2.42,11.39,12.61,8.98,20.6,285.6,16.19,2.54,11.01,11.94,9.26,17.93,256.2,12.54,14.6,13.6,8,-151.9497155,-2.652022832,24,10.58333333
09/10/2011,31.77002,3.92,11.05,11.97,9.67,1.809,67.63,15.35,2.92,10.51,11.64,9.14,2.4,344.9,15.42,3.95,10.28,10.85,9.23,2.364,262.8,16.66,5,13.2,8.9,-121.6852345,-2.123807993,28,13.58333333
10/10/2011,31.77276,3.76,10.43,11.81,8.98,1.005,65.55,14.11,3.22,9.88,11.42,8.54,2.2,11.43,15.28,3.7,10.16,11.48,8.66,2.364,278,14.7,5.8,12.3,7.3,-115.006403,-2.007240393,30,11.91666667
11/10/2011,31.77550,2.46,9.83,11.74,7.17,0.804,24.98,12.81,3.49,9.18,10.63,7.27,1.8,22.21,20.23,3.24,9.6,11.31,7.3,1.576,356.3,14.28,5.6,11.5,4.2,-89.52265016,-1.562465,29,10.33333333
12/10/2011,31.77823,2.75,10.51,11.73,9.36,0,100.2,7.84,2.7,9.84,11.4,8.61,0,138.7,7.56,3.09,10.52,11.77,9.36,0,165,9.7,0,12,2.9,60.64740383,1.05849688,18,6.458333333
13/10/2011,31.78097,6.2,11.48,12.49,9.93,1.206,213.7,15.94,4.54,10.95,12.12,9.42,1,166,14.47,3.84,11.15,11.94,9.63,0.591,214.4,12.74,0.4,13,5.3,-168.9518865,-2.948766696,31,13.16666667
14/10/2011,31.78371,9.71,12.77,13.47,12.22,4.02,216,18.36,6.98,12.31,12.9,11.79,2,149.1,22.55,4.6,11.96,12.43,11.28,1.576,208.4,17.44,2.4,14,12.4,-174.5822798,-3.047035598,34,18.33333333
15/10/2011,31.78645,6.35,11.1,12.59,9.13,6.633,191.4,20.19,5.02,10.51,12.02,8.62,5,127.1,22.99,4.19,10.43,11.87,8.27,3.94,208,15.65,2.4,13.9,10.4,-159.0350467,-2.775685191,36,17.25
16/10/2011,31.78919,7.45,10.12,11.34,7.12,4.623,184.7,20.29,5.71,9.49,10.81,6.787,5.8,94.4,27.77,6.01,9.93,10.98,7.41,5.122,201.6,24.86,13.2,12.5,8,-154.1603526,-2.690605728,45,18.91666667
17/10/2011,31.79192,5.63,8.79,10.78,4.813,4.02,80.2,22.28,5.18,8.19,10.21,4.154,4.6,325.1,25.09,5.39,8.7,10.75,5.381,3.94,333.4,23.52,28.2,10.4,3.6,-133.3167022,-2.326815401,42,15.54166667
18/10/2011,31.79466,3.99,7.8,9.15,6.229,2.613,2.314,22.44,7.16,7.28,8.45,5.786,2,357.7,24.18,7.86,7.88,8.94,6.557,2.364,332.7,27.8,21,8.4,5.1,-64.83043388,-1.131504527,53,26.04166667
19/10/2011,31.79740,2.29,7,9.01,5.839,3.417,1.999,12.12,4.2,6.47,7.8,4.977,3,355.7,20.8,4.18,7.17,8.54,5.96,2.758,315.8,15.65,6.4,7.3,1.9,-53.46282555,-0.933102333,34,13.29166667
20/10/2011,31.80014,4.77,10,11.54,7.43,10.85,159.3,18.23,4.04,9.49,11.17,6.952,11.4,188.6,21.12,3.52,9.94,11.38,7.72,9.06,219.1,15.39,10.4,11.4,2.9,-154.185914,-2.691051859,36,12.33333333
21/10/2011,31.80287,5.43,10.64,12.46,8.87,9.05,179.3,21.2,4.36,10.09,12.1,8.25,10.8,145.7,38.2,3.84,10.29,11.88,8.8,7.49,215.1,23.1,7,12.9,9.6,-148.4107519,-2.590256265,45,14.625
22/10/2011,31.80561,4.87,10.02,11.37,8.52,31.36,191.8,21.17,4.07,9.45,10.91,7.99,22.6,145.3,21.11,3.03,9.8,11.02,8.17,24.03,216.9,17.35,42.2,12.5,8.3,-164.4666857,-2.870485175,49,15.54166667
23/10/2011,31.80835,5.08,9.95,12.49,8.57,22.71,172.2,17.77,3.9,9.34,12.09,8.12,26.2,154.2,19.24,4.29,9.86,12.05,8.37,22.65,198.2,18.52,25.6,12.1,7.2,154.6740282,2.69957106,37,14.75
24/10/2011,31.81109,5.3,12.78,14.06,10.97,3.618,114.9,17.61,6.7,12.07,13.47,10.44,4.4,136,21.31,6.92,12.29,13.36,10.66,4.728,168.2,19.5,8.8,15.7,11.4,112.071523,1.956017075,41,20.625
25/10/2011,31.81383,3.81,11.61,12.63,9.7,0,107.8,10.85,4.46,10.92,12.03,9.22,0,128.6,13.72,4.51,11.4,12.57,9.89,0,165.7,11.79,0.8,14.6,10.7,108.7246329,1.897602822,33,16.54166667
26/10/2011,31.81656,3.12,9.82,10.81,8.74,1.608,154.4,11.2,3.05,9.03,10.59,7.89,2.6,159.3,14.69,4.13,9.83,10.75,8.8,3.349,175.7,11.6,0,11.7,6.8,172.0999514,3.003710795,23,9.083333333
27/10/2011,31.81930,3.72,8.77,10.96,6.668,23.12,81.7,13.43,3.29,8.15,10.34,6.307,28.4,265.7,18.73,3.82,8.72,10.82,6.922,24.03,277,15.78,4,12.6,5.4,-172.502108,-3.010729751,50,15.75
28/10/2011,31.82204,9.5,10.52,12.08,7.42,27.54,201.6,25.19,7.44,9.97,11.74,6.712,8.8,167.1,25.58,5.25,10.5,11.92,7.61,8.86,214.5,24.99,5,11.9,3.7,-161.3539962,-2.816158494,48,19.91666667
29/10/2011,31.82478,8.51,11.74,12.33,10.48,9.45,204,20.09,6.64,11.21,11.72,9.96,5.4,145.5,21.12,4.88,11.26,11.91,10.12,6.304,202.8,19.83,4.4,13.1,11.3,-167.5430638,-2.924178103,43,21.70833333
30/10/2011,31.82752,5.13,11.22,12.57,9.78,11.26,188.3,16.56,4.44,10.75,12.31,9.21,10.8,141.5,23.14,3.87,10.74,11.75,9.46,9.26,191.9,19.11,10,12.9,9.2,-156.7089695,-2.735087485,35,17.33333333
31/10/2011,31.83025,8.38,11.99,13.55,10.27,3.819,208.1,21.07,6.46,11.55,13.18,9.67,2.4,156.9,23.57,5.44,11.24,12.59,9.99,2.561,206.9,22.67,16,15.2,10.7,176.9883872,3.089030095,36,18.66666667
01/11/2011,31.83299,7.19,10.43,11.52,8.69,1.005,197.4,18.91,5.51,9.89,10.99,7.87,0.8,120.5,27.16,5.36,10.27,11.05,8.66,0.788,208.2,17.12,5.4,11.7,8.8,-160.405797,-2.799609298,33,15.95833333
02/11/2011,31.83573,6.74,11.87,12.59,10.56,10.65,123.1,25.15,8.42,11.23,12.02,9.75,9.6,148.8,21.52,9.98,11.45,12.15,10.52,12.8,177.1,21.69,6.6,13.5,9.9,149.1884392,2.603829471,45,19.08333333
03/11/2011,31.83847,4.98,12.49,13.26,10.69,5.829,112.9,16.4,5.72,11.76,12.73,9.99,6.2,149.3,14.83,6.41,11.57,12.13,9.99,5.91,172.7,18.26,1,15,12.5,126.1220488,2.201245011,25,13.66666667
04/11/2011,31.84120,6.54,10.5,12.03,9.11,1.005,201,15.52,5.22,9.96,11.55,8.46,0.8,167.3,19.99,4.34,10.21,11.48,9.06,0.985,208.3,16.63,13.4,13.6,8.5,-172.4494529,-3.009810747,24,11.95833333
05/11/2011,31.84394,4,9.31,10.53,6.906,0.201,145.4,13.82,3.08,8.7,9.94,6.509,0,273.1,16.39,3.41,9.23,10.59,6.756,0,223.1,14.5,0.4,11.1,3.5,-141.7754989,-2.474449254,16,6.625
06/11/2011,31.84668,9.2,11.31,11.86,10.36,1.608,205.4,18.98,7.94,10.82,11.39,9.83,1.4,127.5,28.3,4.69,11.24,11.78,10.36,0.985,220.4,14.08,0,12.4,5.1,-166.252983,-2.901661945,38,18.54166667
07/11/2011,31.84942,7.32,11.03,11.75,9.81,0,207.4,16.79,6.12,10.47,11.28,9.24,0,154.5,21.94,5.52,10.94,11.62,9.76,0,204.5,16.63,0,12.4,10.2,-175.6933758,-3.066427881,38,15.45833333
08/11/2011,31.85216,4.71,10.53,11.45,9.4,0.201,128.2,15.35,5.75,9.85,10.73,8.71,0.2,153,14.68,7.37,10.41,11.22,9.39,0.197,173.5,17.05,0.2,11.9,3,148.2611469,2.587645167,13,4.333333333
09/11/2011,31.85489,4.99,11.25,12.02,10.53,1.206,131.1,16.07,5.52,10.63,11.49,9.9,2,157.3,14.72,7.24,10.91,11.65,10.36,1.97,173.5,15.68,1.8,12.7,6,132.0110063,2.304026709,19,9.875
10/11/2011,31.85763,5.79,11.45,11.89,11.09,0,199.2,17.71,5.52,10.92,11.62,10.47,0,176.8,14.4,7.06,11.18,11.65,10.82,0,175.2,21.27,1.8,12.9,11.1,163.8502634,2.859726577,29,14.875
11/11/2011,31.86037,5.29,11.94,13.11,10.97,0,91.1,14.67,6.5,11.41,12.77,10.22,0,123.8,16.57,6.22,11.77,13.13,10.69,0,158.3,16.24,0,13,9.3,110.0127247,1.920084264,34,18.375
12/11/2011,31.86311,5.39,10.98,12.32,9.47,0.402,185.9,19.21,5.32,10.41,11.68,8.75,0.6,159.6,19.33,5.87,10.88,11.95,9.56,0.394,189.6,21.69,1.6,12.8,8,-179.3758354,-3.130698925,42,17.16666667
13/11/2011,31.86585,3.59,11.44,12.72,10.42,0,68.54,8.72,3.73,11.12,12.7,9.15,0.2,109.1,12.83,2.88,11.67,13.14,10.36,0.197,156.5,12.94,0,12.9,8.3,95.41348429,1.665279452,15,6.583333333
14/11/2011,31.86858,2.86,12.03,13.38,10.51,0.201,114.5,11.37,3.65,11.14,12.37,9.91,0,135.9,13.53,3.6,11.91,12.84,10.69,0,171.8,10.52,0.2,12.9,6.1,107.4779079,1.875843365,14,6.083333333
15/11/2011,31.87132,3.45,10.48,10.92,9.93,0,107.9,11.76,4.49,9.73,10.27,9,0,148.6,11.65,6.04,10.59,11.09,10.06,0,175.4,11.47,0.2,10.9,3.6,106.5896407,1.860340179,14,4.958333333
16/11/2011,31.87406,3.81,9.93,10.89,9.06,0.201,136.1,14.93,4.58,9.27,10.24,8.44,0.4,148.7,13.23,6.45,10.06,10.99,9.23,0.394,174.9,15.61,0.2,10,1.8,-55.83086904,-0.974432489,15,3.083333333
17/11/2011,31.87680,4.26,10.03,11.79,8.17,11.66,181.3,14.21,4.08,9.47,11.48,7.67,13,154.9,12.83,4.31,10,11.58,8.27,10.64,187.3,14.57,30,10.6,8.2,153.2692956,2.675053851,31,12.41666667
18/11/2011,31.87953,5.79,11.59,11.98,11.04,2.412,207.6,13.82,4.75,11.13,11.61,10.58,1.6,145.2,22.05,3.17,11.01,11.62,10.29,1.576,203.7,12.54,10,12.6,8.8,-169.593163,-2.959959083,32,14.375
19/11/2011,31.88227,3.52,11.07,12.07,10.62,2.814,193.3,14.83,3.17,10.55,11.56,10.18,2.8,153.1,16.23,2.76,10.39,11.38,9.93,2.364,206.8,19.31,4.4,12.7,9.7,-176.7997002,-3.085736885,35,12.83333333
20/11/2011,31.88501,7.53,10.96,11.51,10.34,5.427,212.8,17.38,6.03,10.45,11,9.85,4.2,153,18.99,3.91,10.44,11.05,9.83,4.531,219,14.7,0.4,11.7,8.5,-172.92342,-3.018083032,31,14.25
21/11/2011,31.88775,2.66,9.01,11.23,7.35,2.01,142.4,13.56,2.9,8.45,10.79,6.875,1.8,267.6,19.39,2.5,8.77,10.85,7.52,1.379,293.1,11.76,12,11.9,5,-131.9429595,-2.302839067,28,8.291666667
22/11/2011,31.89049,8.44,9.38,11.27,6.993,20.1,197.5,23.26,6.93,8.83,10.82,6.153,19.6,140,35.2,5.37,9.41,11.22,6.818,15.17,213,23.16,19.2,10.8,3.3,-159.773044,-2.788565673,47,17.29166667
23/11/2011,31.89322,5.71,8.82,10.98,6.935,1.608,103.7,21.76,4.59,8.23,10.51,6.201,1.4,298.4,22.88,5.54,8.77,10.92,6.723,0.788,294,26.46,31.8,11.7,5.5,-129.8971606,-2.267133141,45,18.125
24/11/2011,31.89596,9.34,9.18,11.7,5.546,58.69,178.5,27.9,7.79,8.67,11.33,4.774,27.4,161,38.04,7.77,9.36,11.68,5.595,24.43,208.7,33.94,24.8,11.5,2.5,-163.4493693,-2.852729654,57,23.29166667
25/11/2011,31.89870,5.67,6.21,7.81,2.849,8.64,62.61,26.39,4.63,5.5,7.07,2.099,8.4,4.998,23.99,5.86,6.32,7.95,2.973,8.67,292,26.72,10.6,7.6,2.7,-112.5366809,-1.96413561,48,19.45833333
26/11/2011,31.90144,8.19,10.89,12.01,7.35,14.07,152.2,28.35,7.33,10.48,11.67,6.644,24.4,252.6,32.63,8,10.93,11.98,7.52,14.77,182.5,34.99,21.4,13,4.3,-136.2273825,-2.377616356,51,24.875
27/11/2011,31.90418,5.35,7.75,9.98,5.782,2.814,41.32,25.09,6.82,7.12,9.53,5.29,15.8,43.18,35.4,6.63,7.79,9.99,5.827,5.91,342.4,31.78,14.4,13.1,4.3,-102.5695724,-1.790176751,62,22.58333333
28/11/2011,31.90691,8.43,9.52,11.1,7.96,11.66,186.3,27.47,7.03,8.95,10.61,7.43,9,129.7,33.27,6.36,9.69,11.19,8.32,6.304,200.7,24.11,6.6,10.7,5.8,-151.3050785,-2.640771795,49,22.375
29/11/2011,31.90965,4.91,6.49,8.95,3.471,5.829,84.6,18.06,4.2,5.83,8.34,2.897,5.6,178,20.9,4.59,6.65,9.2,3.836,5.713,263.8,20.09,29.2,8.3,2,-140.3924588,-2.450310651,31,11.375
30/11/2011,31.91239,8.46,8.01,10.8,5.061,12.06,184.8,25.71,7.45,7.4,10.39,4.449,8.8,152,35.33,6.26,8.23,11.09,5.263,2.561,223.7,25.32,25,9.8,2.9,-151.8380535,-2.650073963,57,23.54166667
01/12/2011,31.91513,3.06,5.33,6.65,3.372,8.04,33.71,15.65,3.41,4.72,6.115,2.412,6.2,241,21.29,3.66,5.53,6.856,3.318,7.29,332.6,20.02,13,9.5,0.6,-81.93257945,-1.429993276,42,10.25
02/12/2011,31.91786,6.18,7.55,10.28,5.023,4.221,92.8,28.94,5.48,6.95,9.63,4.382,9.8,329.9,31.39,6.35,7.73,10.46,5.163,5.122,263.3,33.42,12.4,9,-0.3,-139.2206881,-2.429859394,59,17.20833333
03/12/2011,31.92060,5.55,5.44,7.89,2.175,4.824,19.41,23.13,8.35,4.91,7.58,1.444,17.8,97.5,34.96,8,5.68,8.08,2.423,5.122,348.8,32.37,25.8,7.8,1.7,-89.18064104,-1.556495815,60,25.91666667
04/12/2011,31.92334,3.29,3.25,5.215,1.122,6.231,4.125,19.83,5.25,2.79,4.831,0.648,4.2,17.9,27.35,5.3,3.52,5.44,1.692,5.516,348.9,25.87,4.2,4.4,-0.8,-91.24399176,-1.592508079,35,13.08333333
05/12/2011,31.92608,3.06,3.64,5.349,1.292,13.07,356.6,15.94,4.82,3.23,4.908,0.838,8.8,359.5,23.53,4.96,3.94,5.406,1.826,7.29,346.1,21.82,0.4,3,-3.2,-102.6116655,-1.790911414,26,7.416666667
06/12/2011,31.92882,2.93,4.51,6.364,2.315,5.829,343.5,17.84,3.39,3.93,5.664,1.672,7.6,341.8,22.29,3.73,4.7,6.53,2.822,7.09,334.4,17.54,11.2,4.3,-1,-106.9773314,-1.867106658,36,12.5
07/12/2011,31.93155,3.62,5.14,6.527,3.104,7.84,18.5,21.46,5.7,4.66,5.923,2.593,6.8,358.9,29.96,5.94,5.39,6.661,3.411,8.47,348.1,36.98,19.6,5,0.5,-98.41657609,-1.717693291,56,14.20833333
08/12/2011,31.93429,5,6.25,9.98,4.135,20.7,54.08,21.72,6.51,5.73,9.54,3.982,21.8,344.3,33.01,7.25,6.66,10.34,4.732,25.02,235.1,40.7,37.2,9.9,1.4,-120.4536356,-2.102312537,74,23.04166667
09/12/2011,31.93703,2.45,3.54,5.024,2.096,1.608,3.214,12.61,2.66,3.13,4.583,1.624,1,300.1,13.2,2.65,3.84,5.495,1.195,1.379,333.7,16.59,0.8,4.6,0.3,-43.13294836,-0.752811965,33,14.58333333
10/12/2011,31.93977,3.77,5.36,8.78,1.346,8.64,235.9,18.59,3.02,4.67,8.24,0.867,7.8,241.3,18.84,3.22,5.14,8.91,0.606,7.49,315.1,18.36,10,8.2,-1.3,-128.7190473,-2.246571185,35,11.08333333
11/12/2011,31.94251,5.72,6.11,7.53,3.585,6.03,154.4,19.14,4.52,5.37,6.788,2.934,8.4,287.8,25.69,5.19,6.33,7.88,3.77,7.88,212.9,23.59,11,7.7,2.4,-149.193723,-2.603921689,41,14.95833333
12/12/2011,31.94524,5.18,6.12,7.42,3.651,6.03,108.1,20.45,5.19,5.52,6.826,2.848,7.8,117.5,23.54,5.96,6.44,7.98,4.168,9.65,210.8,22.61,18.4,6.9,2.6,-155.330103,-2.711021724,37,15.66666667
13/12/2011,31.94798,5.12,6.22,7.54,4.577,8.84,233.4,20.35,6.01,5.67,7.15,3.981,7,92.1,26.21,5.51,6.56,7.75,5.064,6.698,270.1,25.15,26.2,7.3,2.4,-143.9062046,-2.511637084,38,15.5
14/12/2011,31.95072,3.86,6.72,8,5.203,3.417,6.626,18.29,5.54,6.31,7.37,4.84,3.2,331.8,27.3,5.71,7.04,8.22,5.628,2.561,348,21.72,21.4,7.3,4.3,-100.9195308,-1.761378092,41,17.54166667
15/12/2011,31.95346,1.86,6.06,7.25,4.341,1.809,359,9.7,2.48,5.46,6.615,3.581,0.4,345.7,12.91,2.4,6.15,7.39,4.104,0.394,348.2,12.22,4.2,5.1,-0.8,-99.7443006,-1.740866455,17,5.375
16/12/2011,31.95619,3.35,5.17,6.545,2.737,11.26,29.56,13.98,3.59,4.63,5.951,2.336,9.4,335.2,16.82,3.37,5.47,6.723,3.215,9.46,297.2,13.72,1.6,5.5,-0.5,14.08798162,0.245881664,22,7.291666667
17/12/2011,31.95893,2.09,4.23,5.603,2.616,5.226,347.6,14.05,3.77,3.9,5.041,2.488,3.2,343.5,16.27,3.79,4.72,5.83,3.353,3.152,312.8,16.59,7.2,3.8,0.1,-65.99193466,-1.15177654,29,8.166666667
18/12/2011,31.96167,1.59,5,6.345,3.578,3.015,312.8,9.05,2.79,4.6,5.577,3.03,2,346.2,11.57,2.67,5.25,6.789,3.851,1.97,342,12.9,5.2,3.5,-0.8,-84.63936741,-1.477235638,26,6.875
19/12/2011,31.96441,3.88,7.41,9.36,3.622,13.07,315.7,15.39,5.62,6.92,8.94,3.095,11.6,96.8,23.65,5.46,7.68,9.49,4.068,11.82,330.7,19.89,27.6,7.9,0.6,-134.9929972,-2.356072268,37,14.95833333
20/12/2011,31.96715,1.99,5.68,7.4,4.057,3.417,20.58,12.97,3.15,5.12,6.422,3.2,3,8.14,19.38,3.21,5.82,7.75,4.035,2.955,1.486,16.46,3.6,5.1,2.2,-106.7108173,-1.86245511,36,9
21/12/2011,31.96988,4.63,10.07,11.12,7.27,5.829,68.56,17.48,3.8,9.7,10.92,6.364,8.2,172,18.03,5.57,10.38,11.48,7.52,7.49,322.4,22.18,15,11.2,2.6,-147.7724593,-2.579115959,34,13.625
22/12/2011,31.97262,6.73,10.37,11.16,7.85,3.618,159.9,20.51,5.18,9.96,10.86,7.32,5.2,6.112,24.2,6.51,10.61,11.42,8.1,3.94,210.4,27.11,6.4,11.8,8.8,-141.2926953,-2.466022742,42,19.875
23/12/2011,31.97536,4.88,5.96,8.26,3.434,1.206,47.8,20.51,5.06,5.38,7.75,2.991,1.4,13.83,25.94,5.39,6.18,8.5,3.803,1.379,328.3,22.67,2,8.9,2.7,-111.2993622,-1.942540326,42,15.95833333
24/12/2011,31.97810,6.58,8.65,10.47,6.678,8.84,134.8,20.84,5.4,8.1,10.21,6.038,11.8,296.7,27.6,6.86,8.92,10.82,6.922,8.47,228.1,24.24,11.4,10.5,3.2,-134.1395613,-2.341177002,45,21.20833333
25/12/2011,31.98084,6.72,9.53,11.72,7.21,8.24,149.7,23.13,5.49,9.01,11.68,6.566,17.4,20.32,31.01,6.83,9.81,12.18,7.35,6.304,206.7,36.23,11,12.5,6.9,-136.7477664,-2.386698768,62,23.75
26/12/2011,31.98357,7.68,9.06,11.75,5.051,15.28,158.5,25.68,6.48,8.65,11.4,4.62,18.8,357.7,30.48,7.67,9.28,12.08,5.429,9.85,227.3,28.45,28.4,12.3,5.2,-136.2507759,-2.378024648,54,23.66666667
27/12/2011,31.98631,5.75,7.46,9.71,5.392,18.09,161,22.77,5.59,6.89,9.25,5.194,12.2,184.2,27.16,5.91,7.73,9.96,5.595,13.79,204.2,22.25,4.6,9.3,2.3,-161.4002261,-2.816965359,46,13.66666667
28/12/2011,31.98905,7.48,7.06,9.19,3.982,16.28,291.1,26.56,9.87,6.58,8.71,3.305,48,49.44,41.73,8.83,7.34,9.56,4.201,10.24,322.2,35.8,15,9.1,3.4,-115.8440175,-2.021859524,63,32.375
29/12/2011,31.99179,3.81,5.22,7.27,2.39,7.44,12.32,18.16,6.36,4.73,6.817,1.738,7,10.88,26.73,6.5,5.44,7.32,2.973,7.68,346,26,10.6,5.1,1.9,-83.39762088,-1.455563073,49,18.29166667
30/12/2011,31.99452,4.01,7.59,10.18,4.645,15.28,84.8,16.53,3.56,7.12,9.83,4.01,17.2,61.15,17.06,4.1,7.86,10.49,4.732,16.74,267.6,19.01,25,9.8,2.3,-145.1131651,-2.532702518,34,13
31/12/2011,31.99726,5.76,8.89,10.2,5.772,3.618,151.5,23.23,4.68,8.36,9.91,5.356,4.2,289.4,25.91,5.64,9.11,10.52,6.21,3.349,208.2,24.86,5.4,10.8,6.5,-144.6743447,-2.525043658,36,16.375
01/01/2012,32.00000,5.16,6.08,8.05,3.34,5.427,95.7,17.38,4.3,5.38,7.51,2.82,7,256.5,22.65,4.72,6.23,8.48,3.637,6.501,306.5,21.95,6.8,7.7,2,-143.7804698,-2.509442597,32,14.875
02/01/2012,32.00274,5.71,4.49,6.344,1.722,6.231,91,23.68,4.65,3.71,5.568,0.942,7,261.8,23.56,5.39,4.64,6.59,2.116,6.501,258.3,28,9.4,3.7,0.8,-138.7526995,-2.421691452,51,15.16666667
03/01/2012,32.00548,3.01,4.78,6.793,2.616,15.28,6.174,16.53,4.54,4.28,6.23,2.127,15.2,17.67,25.57,4.75,5.1,6.989,2.855,17.34,326.5,21.14,19.8,5,2.2,-57.17561649,-0.99790276,36,17.16666667
04/01/2012,32.00821,5.69,6.83,8.4,4.662,12.06,40.04,20.91,6.66,6.31,7.88,3.762,20,51.83,28.45,7.02,7.1,8.58,5.296,16.55,334.8,27.47,40,7.4,2.6,-98.36616843,-1.716813512,43,19.08333333
05/01/2012,32.01095,3.28,6.69,7.59,5.051,2.613,0.54,21,6.12,6.28,6.981,4.486,4,4.005,30.71,6.19,7.09,7.91,5.495,1.97,334.6,28.26,9.6,6.4,3.2,-47.08846077,-0.82184868,41,19.5
06/01/2012,32.01369,4.85,8.04,9.84,6.182,4.422,83.6,20.65,5.05,7.54,9.48,5.672,7.4,304,27.52,5.39,8.24,10.19,5.429,4.925,321.2,22.93,6.2,9.4,1.7,-121.4088984,-2.118985018,34,12.5
07/01/2012,32.01643,4.67,7.61,8.32,6.001,1.005,12.32,18.13,7.52,7.1,7.83,5.308,4.4,87.5,27.18,6.88,7.9,8.65,6.458,1.576,348.6,28.68,5.2,7.8,5,-82.06887434,-1.432372071,47,21
08/01/2012,32.01916,5.2,9.45,10.35,7.18,3.015,141.6,18.72,4.91,8.99,10.09,6.672,6,284.2,22.3,5.15,9.66,10.75,7.42,3.94,172.5,23.26,4.8,10.7,5.5,-135.7064068,-2.368523614,37,15.375
09/01/2012,32.02190,4.96,7.53,9.08,5.915,2.814,89,18.65,5.37,7.01,8.58,5.338,5.6,282.8,25.15,5.85,7.74,9.33,6.225,3.546,327.4,22.54,10.4,10.2,4.4,-124.4317599,-2.171743904,36,15.25
10/01/2012,32.02464,4.82,8.49,9.4,5.934,11.06,77,19.67,5.27,8.05,8.97,5.519,20.2,267.4,23.33,4.79,8.68,9.66,6.325,18.12,15.8,22.28,38,9.3,6.1,-126.3992793,-2.206083597,34,16.95833333
11/01/2012,32.02738,5.87,8.36,10.23,5.355,7.64,93.3,22.21,5.56,7.91,9.96,4.859,12.4,280,25.97,5.99,8.62,10.56,5.694,11.82,320.4,29.47,10.6,10.7,2.9,-129.9477159,-2.268015498,45,17.79166667
12/01/2012,32.03012,2.78,6.72,8.99,4.824,2.814,334.8,17.12,5.15,6.35,8.58,4.839,2.8,0.414,22.9,4.97,7.1,9.13,4.5,2.364,336.7,23.16,16.4,10.6,1.8,-57.65121505,-1.00620352,45,15.125
13/01/2012,32.03285,3.98,7.49,8.72,4.967,1.005,225.2,11.89,3.28,6.92,8.22,4.582,1.2,181.1,12.68,2.42,7.22,8.96,3.749,0.591,223.8,8.79,0,7.2,-0.3,-130.8521075,-2.283800109,22,7.333333333
14/01/2012,32.03559,5.47,7.93,8.96,7.05,0.804,207.1,13.69,4.61,7.31,8.35,6.324,1,175,15.4,5.09,8.17,9.16,7.31,0.591,191.2,15.75,0,7.3,6.7,-174.1560576,-3.039596618,25,13.54166667
15/01/2012,32.03833,5.01,7.27,7.62,6.698,0,208,15.61,4.38,6.66,6.952,6.095,0,183.3,12.19,5.04,7.65,8.01,7.12,0,180.3,13.88,0,7.3,5.3,179.1656682,3.127030817,22,12.79166667
16/01/2012,32.04107,7.86,7.29,8.98,6.229,0.603,214.7,20.45,6.08,6.7,8.46,5.644,0.2,178.2,19.14,5.07,7.63,9.26,6.657,0.394,200.7,16.1,0,6.9,4.7,176.2610034,3.076334851,38,17.875
17/01/2012,32.04381,9.26,9.17,10.37,8.55,11.06,210.9,26.88,7.44,8.66,10.07,7.98,5.8,159.7,26.24,5.28,9.34,10.62,8.66,5.122,205.4,20.38,2.4,9.3,6.8,-172.4888487,-3.010498333,48,21.375
18/01/2012,32.04654,6.54,6.39,10.24,2.841,5.427,64.58,25.55,5.08,5.75,9.85,2.459,3.2,8.4,27.34,6.29,6.6,10.32,3.537,3.152,274.2,29.5,19,10.5,2.2,-116.6382804,-2.035722027,49,22.5
19/01/2012,32.04928,5.53,4.73,6.574,2.657,8.44,36.32,22.08,7.58,4.21,5.942,1.7,19.8,353.6,28.99,7.77,4.97,6.823,2.82,8.67,349.6,30.22,18.8,4.9,1.2,-104.4464714,-1.822934817,48,18.83333333
20/01/2012,32.05202,4.05,7.18,9.4,4.39,4.422,40.26,21.89,5.43,6.74,9.08,3.934,11,354.1,28.7,5.51,7.44,9.79,4.765,7.88,343.8,28.78,5.4,9.1,1.7,-109.9171038,-1.918415365,48,15.875
21/01/2012,32.05476,5.66,6.6,7.78,4.558,10.25,21.83,22.74,8.41,6.13,7.32,3.572,32.8,20.96,40.7,8.65,6.88,7.98,4.964,8.86,348.8,29.14,10.6,8.8,3.1,-82.54017211,-1.440597769,54,25.79166667
22/01/2012,32.05749,3.44,6.19,8.18,4.19,9.65,359.8,16.82,6.01,5.68,7.84,3.705,10.6,23.07,25.56,6.13,6.41,8.48,4.5,8.86,343.2,24.86,15.2,6.6,2.8,-81.74687135,-1.426752058,36,13.33333333
23/01/2012,32.06023,2.25,5.71,7.01,3.397,3.618,324.7,13.59,3.95,5.19,6.239,2.573,2.8,356.3,22.94,3.84,5.89,7.12,3.803,3.152,347.2,20.84,9.4,6.2,0.6,-83.87774054,-1.463942742,32,8.958333333
24/01/2012,32.06297,4.04,7.18,9.67,4.986,6.432,155.4,19.21,4.13,6.6,9.31,4.343,6.8,163.4,21.38,4.54,7.5,9.96,5.495,5.713,187.9,18.75,4.4,8,0.5,-179.9789993,-3.141226122,28,10.20833333
25/01/2012,32.06571,6.08,7.02,9.96,2.547,16.08,188.5,23.72,5.75,6.5,9.54,2.099,13.2,144.3,25.89,4.35,7.18,10.22,2.821,13.4,230.3,26.1,14.6,9.6,3.7,-161.6292294,-2.820962221,51,23.125
26/01/2012,32.06845,2.29,4.12,5.839,1.123,9.25,191.3,15.81,2.49,3.41,5.022,0.402,7.8,245.5,15.94,2.86,4.27,6.292,1.427,9.46,233.4,15.58,8,5.5,-1,-155.4494126,-2.71310407,30,10.33333333
27/01/2012,32.07118,2.17,5.73,7.73,1.923,6.03,11.86,12.94,2.79,5.23,7.33,1.331,5.4,346.8,19.05,2.81,6.01,7.9,2.357,5.91,354.3,14.47,0.4,6.9,-1.1,-83.98656116,-1.46584202,16,5.75
28/01/2012,32.07392,4.77,7.92,8.64,6.916,1.407,202.7,13.59,3.76,7.34,8.13,6.461,1.4,176.6,16.65,3.73,8.17,8.9,7.15,1.182,200.7,15.06,5.6,7.2,1.1,-159.7712372,-2.788534139,26,10.45833333
29/01/2012,32.07666,3.63,7.16,8.37,5.952,2.613,139.5,13.82,6.35,6.49,7.75,5.232,3.6,143.1,17.63,8.08,7.46,8.66,6.292,3.152,177.6,15.39,0,7.5,5.4,141.7412559,2.473851601,21,12.125
30/01/2012,32.07940,5.13,5.76,6.677,4.455,0.402,112.7,16.01,7.61,4.98,5.884,3.667,0.8,145,17.97,9.44,6.26,7.15,5.13,0.788,175.1,16.79,0,5.7,3.8,142.5048175,2.487178264,27,15.875
31/01/2012,32.08214,4.4,5.1,5.621,4.692,0,150,14.63,5.79,4.33,4.898,3.819,0,149.5,19.32,7.8,5.64,6.159,5.197,0,176.4,14.73,0,5.5,3,153.6390479,2.681507245,22,11.5
01/02/2012,32.08487,8.07,5.03,5.783,4.304,0,213.1,18.46,6.53,4.45,5.194,3.772,0,170.8,21.03,5.75,5.48,6.225,4.865,0,208.1,18.29,0,4.9,1.2,-170.4190403,-2.974373362,30,15.66666667
02/02/2012,32.08761,6.67,5.63,6.144,5.288,0,215.6,14.8,5.32,5.06,5.606,4.639,0,178.2,15.98,4.25,6.04,6.624,5.661,0,207.5,16.89,0,5.5,3.6,-170,-2.967059728,24,15.125
03/02/2012,32.09035,7.67,6.43,8.07,5.012,4.623,211.9,17.51,6.3,5.81,7.46,4.449,3.4,181.3,16.16,5.71,6.75,8.34,5.462,3.349,193.7,19.37,0,5.5,3.3,-175.4246036,-3.061736922,32,18.875
04/02/2012,32.09309,6.6,7.75,9.68,5.372,18.09,79.6,20.09,6.71,7.27,9.23,4.782,15.8,147.4,26.67,5.36,7.96,9.89,5.845,14.58,300.1,20.25,24,7.9,3.1,-150.5405701,-2.627428605,49,20.20833333
05/02/2012,32.09582,2.13,7.37,8.46,5.259,1.608,358.8,13.75,3.91,6.89,7.73,4.686,1.8,31.92,22.94,3.45,7.63,8.47,5.661,1.773,348,19.14,7.6,7.1,2.6,-104.5609381,-1.824932639,28,8.416666667
06/02/2012,32.09856,2.34,8.05,9.53,7.11,0.402,225,10.32,2.4,7.49,8.52,6.201,0.6,202.1,9.18,2.37,7.93,8.83,6.159,0.197,173.5,12.28,0,8,1,-144.7983249,-2.527207521,13,4.75
07/02/2012,32.10130,7.09,8.04,8.37,7.47,1.005,204.3,21.07,6.61,7.46,7.9,6.913,0.4,183.6,17.22,7.96,8.18,8.53,7.7,0.591,175.2,24.43,0.2,7.1,2.9,179.1635371,3.126993621,41,17.79166667
08/02/2012,32.10404,8.99,8.1,9.71,6.716,27.14,208.3,24.37,7.14,7.61,9.49,6.142,11.6,179.2,22.23,6.24,8.24,9.86,6.955,12.21,194.4,27.54,0.6,6.8,5.4,-172.0784415,-3.003335376,47,27.875
09/02/2012,32.10678,1.57,7.58,9.04,5.857,0.402,90.5,7.28,1.9,7.04,8.68,5.308,0.8,87.9,9.65,1.73,7.63,9.13,6.192,0.197,100.5,8.36,0.2,8.1,6.5,-145.7651189,-2.54408126,32,9.375
10/02/2012,32.10951,3.92,8.68,9.85,6.888,2.613,211.2,15.52,2.89,8.19,9.3,6.392,2.4,134.7,28.26,2.43,8.66,9.79,6.623,1.773,213.1,10.58,1.4,8.7,7.2,-174.1119762,-3.038827252,30,12.875
11/02/2012,32.11225,2.54,7.38,8.33,5.972,1.608,9.28,12.02,2.33,6.9,7.82,5.739,1.6,71.2,13.69,2.39,7.46,8.68,6.026,1.182,340.5,15.52,0.8,8.7,5.7,-61.24446581,-1.068917577,20,7.125
12/02/2012,32.11499,2.28,7.4,8.44,6.182,0,34.13,11.53,2.35,6.9,8.11,5.634,0.4,311.8,15,2.39,7.45,8.64,5.993,0.197,339,15.52,0,7.6,1.1,-113.9869246,-1.989447139,25,7.583333333
13/02/2012,32.11773,3.15,8.09,9.05,7.32,1.608,349.7,14.77,6.04,7.61,8.32,6.7,1.4,1.159,23.03,6.1,8.33,9.1,7.38,1.379,329.2,20.84,2.2,9.3,5.6,-57.72432113,-1.007479462,31,13.625
14/02/2012,32.12047,3.15,8.46,9.69,7.62,0,0.805,16.46,7.14,7.91,9.39,7.25,0.4,12.35,26.95,7.72,8.66,9.9,7.91,0,347.3,23.98,0,9.5,5.9,-60.76664343,-1.060578003,36,19.08333333
15/02/2012,32.12320,3.27,9.03,9.86,8.08,0.402,23.96,18.33,5.43,8.5,9.37,7.53,0.2,5.578,24.06,5.3,9.21,10.09,8.2,0.394,348.9,17.74,2.2,9.3,6.8,-77.96430624,-1.360733843,35,15.91666667
16/02/2012,32.12594,4.17,8.18,9.58,6.154,4.422,41.34,14.47,4.99,7.64,9.22,5.557,6.8,311.8,22.23,5.16,8.36,10.02,6.424,6.895,353.9,20.65,11.6,9.5,3.8,-107.1212286,-1.869618137,35,15.04166667
17/02/2012,32.12868,5.09,7.31,8.63,5.185,8.84,79.6,18.29,4.2,6.71,8.06,4.601,11.6,283,25.09,4.87,7.5,8.8,5.263,9.85,280.2,20.65,25.2,8.2,4.1,-132.1093072,-2.305742384,29,14.5
18/02/2012,32.13142,4.89,3.34,5.727,0.85,4.824,8.3,22.74,7.5,2.86,5.28,0.26,5.6,346,30.19,7.61,3.66,5.728,1.295,2.167,317.1,30.9,9.8,7.4,0.4,-69.2707686,-1.209002987,47,20.25
19/02/2012,32.13415,3.47,4.61,7.83,0.86,2.211,351.7,20.02,3.89,4.1,7.2,0.354,2,350.6,26.06,4.13,4.97,8.08,1.328,1.97,300.1,19.7,7.4,4.5,-1.4,-98.26782569,-1.715097107,31,10.125
20/02/2012,32.13689,4.59,8.92,10.54,7.35,6.834,77.4,18.91,4.25,8.5,9.46,6.71,10,302.6,39.91,5.18,9.12,10.09,7.59,8.27,345.1,25.77,2.8,10.3,3.9,-130.1180514,-2.270988413,38,18.54166667
21/02/2012,32.13963,5.8,9.51,10.22,8.75,7.04,168.6,18.49,4.65,9.13,9.94,8.18,9.8,15.7,24.97,5.69,9.58,10.32,9.03,6.895,183.7,24.63,8,10.6,6,-152.6017243,-2.663402533,42,15.83333333
22/02/2012,32.14237,3.81,8.74,9.86,7.64,2.613,122.3,13.62,3.93,8.22,9.13,7.08,3,337.7,18.06,4.05,8.93,9.99,7.91,2.364,298,18.65,4.4,10.1,6.2,-128.5810665,-2.244162967,31,13.54166667
23/02/2012,32.14511,5.51,9.35,11.05,6.602,4.824,97.4,23.16,4.82,8.99,10.83,6.133,7,249.5,20.81,5.72,9.6,11.45,6.856,5.713,205.8,26.43,3,12.2,6.5,-135.0242196,-2.356617202,47,19.45833333
24/02/2012,32.14784,4.97,7.05,8.46,5.202,2.211,49.41,21.89,6.05,6.51,7.7,4.63,4.6,323.1,24.95,6.73,7.2,8.51,5.429,3.546,356,25.45,6.8,8.2,4.5,-102.8155635,-1.794470106,48,19.58333333
25/02/2012,32.15058,3.33,8.56,10.08,6.973,4.02,65.57,17.15,3.58,8.03,9.26,6.373,4.4,301.1,18.3,3.99,8.79,10.26,7.22,4.137,327.7,19.08,6,9.9,4.5,-118.1528867,-2.062156894,28,12.16666667
26/02/2012,32.15332,5.94,8.96,9.67,7.64,3.216,185.4,17.25,4.42,8.49,9.34,7.07,5.6,90.8,20.3,4.54,9.08,9.83,7.74,3.546,216,22.34,5,10,4.5,-158.0985812,-2.759340784,36,15.875
27/02/2012,32.15606,4.38,9.77,10.49,8.34,1.608,96.4,15.42,3.7,9.45,10.25,7.83,2.6,294.9,16.98,5.51,9.95,10.72,8.5,1.379,339.7,19.93,1.6,11.9,7.6,-140.4661197,-2.451596276,35,16.5
28/02/2012,32.15880,4.4,9.86,10.29,9.05,0.603,136.6,15.88,4.15,9.53,10.05,8.57,1.4,286.1,20.45,5.16,9.91,10.46,9.3,0.985,151.4,21.49,0.4,12.7,9.2,-152.469339,-2.661091974,33,15.95833333
29/02/2012,32.16153,7.76,9.45,9.87,9,2.01,204.4,15.78,6.8,8.98,9.38,8.55,1.8,122.9,23.31,3.82,9.56,10.02,9,1.182,208.6,11.43,0.4,9.8,8.7,-162.9032966,-2.843198887,37,17.79166667
01/03/2012,32.16427,3.42,7.34,9.76,5.174,6.834,47.19,14.63,3.13,6.78,9.3,4.724,6.4,126.9,22.18,2.68,7.49,9.96,5.296,6.698,242.8,13.92,5.6,9.7,5.5,45.82109813,0.799729029,31,11.75
02/03/2012,32.16701,3.88,8.26,9.17,6.945,0.603,181.1,14.18,4.68,7.62,8.16,6.363,0.8,152.9,15.97,5.64,8.31,8.9,7.05,0.197,183,17.02,0,9.7,6.8,145.7909039,2.544531292,22,11.25
03/03/2012,32.16975,5.25,7.25,9.2,2.54,4.422,104.8,21.3,6.3,6.6,8.59,1.927,7,147.7,22.02,7.35,7.36,9.36,2.94,5.713,183.6,25.12,2,10.1,4.4,156.2621069,2.727288262,49,16.45833333
04/03/2012,32.17248,3.41,5.17,6.68,2.519,3.216,62.8,15.16,3.43,4.64,6.218,2.136,1.8,295.1,22.1,3.45,5.34,6.977,3.04,2.364,333.1,17.31,7.8,7.3,1.4,-145.5193295,-2.539791425,30,11.125
05/03/2012,32.17522,3.11,6.87,8.74,4.492,0.804,222.1,14.8,3.38,6.37,8.17,4,0.2,92.9,17.75,3.06,7.09,9.66,4.931,0.394,287.3,14.47,3.4,9,1.6,-119.3003069,-2.082183154,19,7.625
06/03/2012,32.17796,10.96,8.66,10.43,7,28.74,206.9,22.87,8.83,8.19,10.22,6.46,18.6,155.1,31.6,5.96,8.81,10.66,7.34,14.97,217.3,20.48,8.4,9.6,3.8,-175.4579036,-3.062318117,55,27.75
07/03/2012,32.18070,5.86,4.64,7.2,1.401,7.64,55.07,22.21,6.53,4.07,6.739,0.932,13,336.7,29.78,7.08,4.73,7.37,1.857,9.46,353.1,30.87,19.4,9.9,1.1,-108.7430582,-1.897924405,44,18.04166667
08/03/2012,32.18344,6.56,8.68,10.45,4.415,1.608,163.7,20.22,5.83,8.2,10.09,4.143,4.2,346.5,26.15,7.49,8.87,10.75,4.865,1.182,181.9,29.17,3.4,11.2,1.9,-132.6227985,-2.314704496,43,21.29166667
09/03/2012,32.18617,5.55,8.29,10.57,6.238,4.02,89.6,19.4,4.83,7.77,10.19,5.931,7.4,328.2,30.85,5.95,8.43,10.85,6.58,4.728,289.3,26,14.6,11.1,5.9,-126.1412482,-2.201580104,48,19.66666667
10/03/2012,32.18891,4.34,8.76,9.31,7.64,0,68.76,15.16,3.65,8.25,8.83,7.16,0.8,325.3,16.21,4.14,8.91,9.53,7.88,0.197,259.1,15.68,2.2,9.7,6.6,-121.5807965,-2.121985206,28,15.79166667
11/03/2012,32.19165,4.19,9.03,10.21,8.27,0.201,72.3,14.14,3.26,8.56,9.28,7.75,1.6,286.5,15.63,4.14,9.1,9.93,8.3,0.394,315.3,18.29,0.4,10.8,7.8,-134.4965694,-2.347407968,29,13.25
12/03/2012,32.19439,2.96,9.09,9.79,8.34,0.603,151.9,10.55,2.7,8.63,9.34,7.72,0.8,273.4,12.16,3.14,9.21,9.83,8.4,0.788,171.7,14.57,3,10.2,8.2,-149.1732388,-2.603564172,18,8.958333333
13/03/2012,32.19713,4.05,9.09,9.83,8.3,1.608,191.2,10.58,2.85,8.55,9.19,7.87,0.8,47.18,12.04,3.13,9.17,9.76,8.43,0.788,188.2,9.34,1.4,10,7.8,-164.1731069,-2.865361259,21,10.875
14/03/2012,32.19986,8.26,9.12,9.59,8.1,0.804,207.9,17.84,6.36,8.61,9.02,7.63,0.8,137.4,23.67,4.25,9.2,9.76,8.17,0.394,210.9,13.07,0.4,9.5,7.4,-170,-2.967059728,37,16.66666667
15/03/2012,32.20260,5.72,9.26,10.71,7.75,2.412,182.4,15.19,4.7,8.79,10.2,7.24,3.2,125.9,22.37,4.15,9.39,10.22,8.17,2.364,196.8,15.12,3.2,10.9,6.2,-157.7136799,-2.752622989,37,18.54166667
16/03/2012,32.20534,5.04,7.49,9.02,5.82,3.618,187.5,18.62,4,6.89,8.5,5.078,3.4,176.6,19.21,3.71,7.6,9.26,5.959,2.955,220.9,20.06,11.4,9.7,5.9,-151.8975315,-2.651112051,31,14.58333333
17/03/2012,32.20808,1.99,6.37,9.62,3.983,1.407,13.61,12.94,2.62,5.64,8.79,3.524,1.6,348.6,13.86,2.45,6.23,9.69,3.85,1.576,359.5,14.63,3.8,8.7,1.5,-88.46632433,-1.544028637,23,8.666666667
18/03/2012,32.21081,2.61,6.71,8.9,4.258,2.211,37.95,14.05,2.98,6.05,7.54,3.2,2.6,309.6,14.59,3.09,6.62,8.9,4.049,2.364,352.7,13.3,3.8,9.2,-0.2,-112.8240589,-1.969151303,30,9.791666667
19/03/2012,32.21355,5.91,9.49,10.42,7.46,4.02,167.3,19.5,5.54,9.04,10.06,6.931,6.8,292.6,27.9,6.75,9.63,10.59,7.75,4.925,170.5,24.7,12,11.2,4.4,-145.8653866,-2.545831261,41,18.625
20/03/2012,32.21629,7.01,10.19,11.1,9.3,1.407,178.2,19.21,5.42,9.7,10.33,8.83,2.2,16.8,22.78,5.88,10.21,10.79,9.3,0.788,187.9,24.83,2.2,12.9,8.8,-143.2425952,-2.500054915,39,21.66666667
21/03/2012,32.21903,7.33,9.86,11.23,8.99,0.402,200.2,14.83,5.6,9.36,10.19,8.5,1,96.8,24.8,4.55,9.87,10.62,9.1,0.394,207.4,14.83,4.6,11.2,8.8,-161.661961,-2.821533495,31,17.79166667
22/03/2012,32.22177,3.74,9.08,10.1,8.01,0,170.2,11.79,3.79,8.52,9.99,7.4,0,147,14.31,3.73,9.11,9.93,7.75,0,183.4,12.02,0,11.1,4.7,167.7296428,2.92743452,19,7.708333333
23/03/2012,32.22450,2.01,9.61,11.02,8.31,0,79.8,8.43,2.56,8.89,10.76,7.39,0,130.4,9.35,2.21,9.41,11.02,7.92,0,167.5,8.23,0,13.5,2,4.134986191,0.072169124,7,2.5
24/03/2012,32.22724,3.62,10.22,11.6,8.84,0,128.5,16.01,4.31,9.63,11.19,8.1,0,143.6,14.84,4.74,10,11.72,8.86,0.197,176.1,17.15,0,13.3,4.2,115.6692684,2.018809578,13,4.458333333
25/03/2012,32.22998,4.59,10.51,11.79,9.47,0,215.7,13.85,3.5,9.93,11.15,9.26,0,134.8,13.36,2.54,10.52,11.58,9.69,0,209.2,15.48,0,15.3,8.1,-175.2592079,-3.058850222,33,11.65217391
26/03/2012,32.23272,2.7,10.63,12.69,9.55,0,232,8.53,1.96,10.6,12.09,9.29,0,208.3,8.65,1.49,10.52,12.23,8.93,0,255.3,6.174,0,16.6,8.6,-172.2847255,-3.006935712,25,10.25
27/03/2012,32.23546,2.25,10.19,12.9,8.63,0,218.8,8.13,1.91,9.82,11.94,8.08,0,273.1,10.88,2,9.85,12.26,8.02,0,312.6,10.06,0,15.8,5.8,-166.7990668,-2.911192905,24,9.041666667
28/03/2012,32.23819,2.11,9.06,10.24,8.3,0,48.5,9.34,2.93,8.65,10.48,7.83,0,8.8,10.56,2.76,9.14,11.21,8.23,0,324.6,9.77,0,11.1,6.9,-100.2412012,-1.749539006,25,11
29/03/2012,32.24093,1.9,8.93,9.56,8.28,0.201,21.25,13.13,3.66,8.36,8.96,7.73,0,0.974,13.11,4.13,8.96,9.59,8.2,0,344.5,10.91,0.4,10,8.1,-85.83221146,-1.498054694,26,11.79166667
30/03/2012,32.24367,2.28,8.97,10.45,8.26,1.005,349.1,11.79,4.08,8.28,8.86,7.57,1.4,356,15.34,4.75,8.95,9.86,8.2,0.788,339.7,15.16,0,11.1,7.9,-72.18806995,-1.259919501,27,13.83333333
31/03/2012,32.24641,1.84,8.46,9.45,7.42,0,58.67,10.71,2.08,7.87,8.75,6.903,0,214.8,13.67,1.9,8.49,9.2,7.54,0,312.6,11.47,0,9.5,5,-20.50716878,-0.357917616,20,9.583333333
01/04/2012,32.24914,1.52,8.95,10.36,7.86,1.407,339.4,9.02,3.45,8.36,9.6,7.16,1.6,23.78,14.04,3.35,9.02,10.56,7.87,1.182,341.5,13.72,1.4,9.7,5.8,-78.46780343,-1.369521527,23,12.16666667
02/04/2012,32.25188,3.59,6.72,9.54,3.285,10.85,45.73,18.1,4.03,6.15,8.47,2.611,12.4,17.14,22.18,4.01,6.79,9.07,3.386,11.43,310.7,16.2,23.2,8.2,2.2,51.54777311,0.899678363,33,14.41666667
03/04/2012,32.25462,4.44,3.33,5.052,0.784,4.221,38.8,20.91,5.22,2.68,4.391,0.202,4.6,282.3,26.29,4.66,3.44,5.131,0.996,3.743,277,23.03,13,5.4,0.4,32.54027338,0.56793491,39,21.125
04/04/2012,32.25736,2.08,5.53,7.55,3.293,1.206,35.03,11.69,2.88,4.93,7.03,2.611,1,51.11,12.49,2.89,5.69,7.82,3.476,0.985,345,11.92,0.8,8.5,2.3,-27.11385883,-0.473226109,23,7.875
05/04/2012,32.26010,1.6,8.55,10.43,7.45,3.216,13.72,11.11,3.77,7.88,9.05,6.757,3,10.69,12.85,4.02,8.54,9.99,7.64,2.758,348,13.16,3.6,10.7,4.1,-87.64014238,-1.529609041,22,10.79166667
06/04/2012,32.26283,2.46,8.93,10.45,7.37,3.618,11.62,14.14,3.7,8.24,9.01,7.02,3.8,2.4,16.26,3.85,8.83,9.73,7.35,2.758,344.7,15.45,4.4,11.6,6.3,-41.73238478,-0.728367519,25,10.75
07/04/2012,32.26557,2.13,9.21,10.5,7.53,4.02,17.97,14.41,4.88,8.57,9.4,7.22,3.8,5.346,13.55,5.99,9.11,10.02,7.65,2.364,346.5,17.38,1,11.5,3,-74.58505,-1.301754695,27,9.916666667
08/04/2012,32.26831,3.81,8.44,10.13,6.897,4.02,52.5,14.93,4.38,7.86,8.92,6.468,5.2,286.1,21.16,4.43,8.44,9.66,7.05,4.531,338.5,20.94,10.4,10.2,5.7,-110.8149752,-1.934086178,32,12.125
09/04/2012,32.27105,1.9,6.52,9.82,4.558,8.04,65.61,9.18,1.79,5.92,8.21,4.276,8.4,289.9,16.58,1.88,6.49,8.53,4.699,8.67,324.7,12.51,19.4,9.5,3.5,-136.3764761,-2.38021853,16,6.583333333
10/04/2012,32.27379,2.14,7.09,10,4.475,5.427,0.728,10.55,3.03,6.61,9.2,4.171,3.4,327.2,11.32,2.88,7.24,9.59,4.732,3.546,333,14.05,4.4,11.2,1.4,-38.74279079,-0.676189261,20,7.541666667
11/04/2012,32.27652,2.76,7.54,9.97,5.897,2.613,27.22,10.58,2.85,7,9.93,5.413,1.2,262.5,13.03,2.71,7.63,9.63,6.093,1.576,280.9,12.84,6,9.3,2.2,-1.42929778,-0.024945952,26,10.04166667
12/04/2012,32.27926,4.5,6.5,8.39,4.153,0.402,52.58,12.22,3.48,5.99,7.97,3.571,0.4,189.4,16.23,3.57,6.67,8.13,4.5,0.591,238.9,15.06,5.2,8.3,1.2,20.23261476,0.353125744,27,12.41666667
13/04/2012,32.28200,4.32,5.98,8.02,3.718,1.206,56.28,17.18,3.39,5.32,7.74,3.343,0.8,202.3,16.58,3.3,6.04,8.07,4.107,0.788,252.6,14.18,9.4,8.5,2.1,28.13505492,0.491049344,28,11.66666667
14/04/2012,32.28474,3.34,4.74,6.964,2.577,8.64,42.64,12.97,3.1,4.13,6.218,2.392,5.6,192.7,13.76,3.04,4.83,6.225,3.154,6.501,284.7,16.24,7.2,6.7,1.1,-3.54291233,-0.061835485,24,11.79166667
15/04/2012,32.28747,2.17,4.96,6.877,1.554,0.201,97.2,11.11,2.09,4.37,6.392,1.207,0.2,171,10.19,2.11,5.14,7.02,1.759,0.197,209.8,13.92,2.4,6.2,-0.6,-13.83709546,-0.241502875,22,7.291666667
16/04/2012,32.29021,4.55,6.74,8.47,5.175,7.64,135.4,14.86,5.62,6.17,7.98,4.161,10,153.3,17.75,7.16,6.98,7.98,5.528,13.4,174.1,16.37,0.6,9.1,-1.1,123.3898297,2.153558792,23,8.875
17/04/2012,32.29295,2.46,7.69,9.69,4.861,4.623,97.5,14.34,2.16,7.1,8.77,4.761,6.8,152.6,17.19,2.44,7.78,9.2,5.296,5.516,204.7,16.27,38.8,8.7,5,108.5484363,1.894527611,27,10.16666667
18/04/2012,32.29569,2.83,7.47,9.45,5.924,2.412,45.05,11.14,2.4,6.99,9.31,5.221,2.4,208.1,10.36,2.43,7.58,9.78,5.993,2.561,284.9,11.3,0.2,10.1,2.8,58.08271797,1.013734667,20,7.75
19/04/2012,32.29843,4.47,7.92,9.42,6.574,0,64.46,11.56,2.96,7.4,9.47,6.113,0,201.6,12.51,2.95,8.03,9.82,6.823,0,227,10.55,0,10.2,5.7,54.5828161,0.952649856,19,10.33333333
20/04/2012,32.30116,2.85,7.7,9.26,6.791,3.216,40.54,13.33,2.26,7.09,8.06,6.276,4.4,38.4,10.11,2.47,7.71,8.68,6.823,3.546,352.3,11.89,2.8,12.5,6.4,69.97342644,1.22126668,25,9.416666667
21/04/2012,32.30390,3.73,8.23,9.76,6.743,0.603,55.7,11.56,2.87,7.56,8.76,6.247,0.2,205,13.02,2.77,8.24,9.33,6.889,0.197,242.3,11.6,0,9.7,6.6,52.49846833,0.916271125,21,11.33333333
22/04/2012,32.30664,2.49,7.56,9.3,5.743,2.814,69.1,6.762,2.57,7.01,9.14,5.241,2.4,123.3,9,2.41,7.63,9.23,5.495,2.758,149.4,9.38,1.2,12.1,3.1,63.50268103,1.108330868,23,8.541666667
23/04/2012,32.30938,4.52,8.16,9.48,7.46,0,64.4,11.66,3.23,7.67,9.82,6.7,0,185.1,16.29,3.04,8.23,9.66,7.49,0,230.7,13.49,1.6,10.4,5.2,56.02376277,0.97779912,26,12.29166667
24/04/2012,32.31211,6.44,7.67,9.35,5.761,0.402,63.2,15.52,4.48,7.19,8.86,5.546,0.4,205.1,23.03,4.68,7.76,8.86,6.144,0.788,229.1,18.46,0.4,9.4,6,41.65561223,0.727027585,28,17.29166667
25/04/2012,32.31485,9.44,7.46,8.7,5.335,1.005,60.58,22.18,7.02,6.9,8.2,5.001,2.2,210.2,27.96,6.84,7.53,8.53,5.595,1.97,222.7,23.03,1.4,8.9,6.1,47.32173949,0.825920162,43,22.54166667
26/04/2012,32.31759,6.43,5.62,7.2,3.511,1.608,31.61,23.55,6.43,4.97,6.591,3.019,1,131.3,25.68,6.11,5.67,6.954,3.937,0.591,295.8,24.04,6.6,8.4,3.4,12.53372356,0.218754744,45,25.79166667
27/04/2012,32.32033,3.62,5.32,7.51,3.046,1.809,36.43,16.04,3.55,4.77,7.08,2.686,1,139,19.29,3.8,5.41,7.27,3.471,2.561,4.384,18.13,5.2,7.8,2.1,-5.224712303,-0.091188432,28,11.83333333
28/04/2012,32.32307,1.43,6.63,9.41,4.208,0,71.6,5.815,1.67,6.06,8.87,3.962,0,240.8,6.867,1.54,6.42,8.82,3.319,0,289.9,8.85,0,10,-0.4,-12.66618614,-0.221066652,14,5.25
29/04/2012,32.32580,1.71,8.12,10.22,5.62,0.201,138.6,6.37,1.53,7.6,10.26,5.117,0.4,210.6,7.5,1.6,8.02,9.69,4.747,0,196.7,8.17,0,11.7,-0.8,-154.8203447,-2.702124764,15,5.5
30/04/2012,32.32854,5.1,8.99,10.77,7.69,1.206,50.7,12.81,3.11,8.53,10.41,7.16,2,214,14.39,3.27,9.04,10.28,7.81,1.576,268.5,12.71,0,11.8,5.3,57.84528564,1.009590691,22,9.625
01/05/2012,32.33128,3.63,9.29,11.63,7.25,0,42.06,10.85,4.96,8.67,11.92,6.726,0,20.29,11.92,4.81,8.92,10.35,7.05,0,46.98,13.85,0,12.4,2.9,36.41334823,0.635532818,17,7.25
02/05/2012,32.33402,4.1,8.95,10.96,7.07,0,47.21,9.28,6.1,8.46,11.58,6.746,0,34.73,12.16,5.51,8.74,10.41,7.29,0,51.19,11.76,0.2,11.1,3.3,23.201406,0.404940926,18,8.125
03/05/2012,32.33676,3.27,8.4,10.95,6.476,0.201,31.56,15.55,3.87,7.74,9.78,6.169,0.2,16.68,16.5,3.41,8.27,10.16,6.723,0.394,9.88,17.48,0.4,12.1,4.9,-19.19218039,-0.334966738,28,10.20833333
04/05/2012,32.33949,4.87,5.36,7.71,4.181,0,34.06,17.87,4.87,4.78,7.09,3.704,0.2,124.4,24.31,4.64,5.46,7.85,4.371,0,294.6,21.76,0.6,8.2,2.6,6.712879566,0.117161851,35,19.58333333
05/05/2012,32.34223,2.33,5.17,7.95,2.793,0.804,41.01,9.67,2.11,4.6,7.44,2.278,0.4,81.7,9.99,2.26,5.37,8.03,2.979,0.591,347.8,11.2,2.8,9.1,2,-42.78249734,-0.746695441,28,10.125
06/05/2012,32.34497,2.51,5.46,7.82,3.398,0,36.36,8.66,2.3,4.93,7.36,2.839,0,148.9,10.14,2.25,5.58,7.5,4.116,0,338.2,10.36,5.2,8.9,-0.8,-56.20860193,-0.981025172,20,6.875
07/05/2012,32.34771,3.07,6.45,8.05,4.426,0.603,52.99,12.41,2.67,5.98,7.86,3.981,0.2,255.2,12.6,2.55,6.49,8,4.115,0.591,285.4,12.71,3,8.8,-0.9,24.01557848,0.419150916,25,9.083333333
08/05/2012,32.35044,3.84,6.3,8.26,4.236,9.05,40.63,14.99,3.34,5.7,7.13,3.866,8.8,209.6,15.76,3.49,6.39,7.85,4.467,6.895,296.7,17.84,4.8,9.3,5.4,29.45387967,0.514067178,30,15.83333333
09/05/2012,32.35318,4.23,6.61,8.53,5.411,0.201,44.19,17.44,3.25,6.11,8.56,4.887,0.2,96.2,15.61,3.42,6.73,8.57,5.595,0.394,349.8,16.56,10.6,10.5,4.8,5.776908317,0.100826071,25,11.45833333
10/05/2012,32.35592,4.59,7,9.01,5.753,0.201,47.96,15.52,4.09,6.4,8.53,5.279,0.2,284.6,15.42,3.91,7.1,8.73,5.794,0.197,289,18.55,0,9.1,5.3,36.19880371,0.63178831,25,16.08333333
11/05/2012,32.35866,2.85,7.58,10.54,4.983,2.01,20.73,15.55,3.98,6.75,8.63,4.5,0.8,358.9,17.78,4.03,7.37,9.3,5.296,0.985,340.3,16.95,2.8,9.9,4.5,-32.65444231,-0.569927534,28,14.54166667
12/05/2012,32.36140,3.71,9.16,11.07,7.45,2.211,109.5,15.75,3.78,8.63,10.91,6.727,4.4,260.4,25.06,3.97,9.11,10.68,7.55,4.137,298.4,22.74,1,13.3,2.7,-119.575027,-2.086977925,29,14.54166667
13/05/2012,32.36413,7.25,8.82,10.07,6.675,16.68,133,25.15,6.7,8.35,9.66,6.516,19.4,330.8,29.2,8.44,8.9,10.09,7.4,16.55,199.4,26.17,32.8,10.8,6.9,-135.9207924,-2.372265349,54,27.33333333
14/05/2012,32.36687,2.87,7.6,10.87,4.852,4.02,19.03,15.55,4.41,6.81,9.28,4.304,2.6,37.79,19.34,4.39,7.5,10.28,5.097,2.955,349.3,21.27,7.6,10.9,5.5,-63.57769351,-1.109640083,41,16.16666667
15/05/2012,32.36961,2.14,6.18,8.87,3.85,2.412,20.29,13.43,2.93,5.44,7.75,3.133,2.8,6.779,14.38,2.79,6.19,8.66,3.906,2.955,355.7,15.94,3,9.5,3.5,-40.01286981,-0.698356321,33,14.875
16/05/2012,32.37235,4.09,5.47,7.83,4.322,1.608,71.9,14.83,3.59,4.77,6.804,3.923,2.6,161.1,21.01,3.12,5.33,6.551,4.175,2.561,220.3,15.75,2,8.4,1.8,-2.138246317,-0.037319438,20,6.708333333
17/05/2012,32.37509,7.24,5.99,7.37,4.596,0.402,63.69,21.36,4.98,5.43,7.34,4.18,0.4,234.5,21.92,5.22,6.1,7.41,5.097,0.394,243,18.36,0.6,7.5,4.4,48.32529259,0.843435468,27,17.375
18/05/2012,32.37782,5.99,6.24,7.9,4.208,1.005,62.52,17.25,4.44,5.72,7.96,3.933,1.6,229.4,17.23,4.58,6.35,7.94,4.5,0.985,232.7,16.24,8.8,8.5,4,44.15505044,0.770651012,29,17.04166667
19/05/2012,32.38056,3.92,8.37,10.82,6.172,0,159.3,9.21,3.59,7.67,10.37,5.605,0,152.9,17.83,2.59,8.14,9.78,6.292,0,204.9,11.34,0.2,11.6,3.6,121.1940113,2.115234531,18,8.375
20/05/2012,32.38330,5.06,9.23,10.19,7.82,0,206.3,12.51,4.48,8.69,9.6,7.15,0,180.6,11.29,4.74,9.1,9.76,7.91,0,188.4,16.07,0,12.3,6.7,161.8799811,2.825338663,20,9.208333333
21/05/2012,32.38604,3.83,9.97,12.2,9.09,3.618,198,13.23,3.39,9.46,12.07,8.62,4,164.8,11.03,3.78,9.7,11.45,8.96,3.94,175.2,15.29,0,14.4,8.8,130.521115,2.278023199,16,7.166666667
22/05/2012,32.38877,3.65,11.15,13.54,10.26,1.005,198.2,14.5,2.68,10.55,13.22,9.38,1.2,149.6,11.42,3.31,10.7,12.77,9.96,0.985,171.9,14.9,0,17.7,7.2,125.8670855,2.196795063,16,6.041666667
23/05/2012,32.39151,2.16,11.25,12.77,9.85,0,228.5,8.33,1.86,11.12,12.75,9.62,0,136.1,9.47,1.67,11.11,12.54,9.68,0,185.6,7.81,0,19.2,8.2,137.4006991,2.398094594,17,4.541666667
24/05/2012,32.39425,1.06,12.32,14.24,10.65,0,123.4,4.835,1.48,12.65,15.07,10.18,0,150.1,5.607,1.39,12.33,14.89,10.49,0,173.3,5.847,0,15.1,8.3,32.89396042,0.574107913,14,5.583333333
25/05/2012,32.39699,1.95,15.75,19.66,11.37,0,69.07,6.925,3.18,18.58,22.07,13.96,0,49.57,8.66,3.08,15.37,19.44,10.99,0.197,74.9,9.64,0,15.1,8.8,29.98953412,0.523416112,17,6.541666667
26/05/2012,32.39973,1.98,18.2,21.11,15.53,0,51.95,10.39,2.12,18.06,22.12,14.26,0,97.1,8.75,1.58,17.51,21.33,12.67,0,196.8,10.22,0,23.2,9.1,80.34280203,1.402246426,18,5.916666667
27/05/2012,32.40246,1.93,18.9,22.37,14.76,0,285.8,9.41,2.64,18.93,22.57,13.65,0,14.3,9.12,2.23,17.68,21.69,14.99,0,47.68,10.65,0,22.5,10.5,13.48881862,0.235424297,18,5.166666667
28/05/2012,32.40520,7.13,10.72,15.68,9.21,0,50.11,14.86,5.88,10.76,15.77,8.78,0,57.44,14.1,4.92,10.53,15.71,9.13,0,51.43,16.24,0,14.8,9.9,32.81545608,0.572737754,30,17.91666667
29/05/2012,32.40794,4.79,10,11.86,8.93,0,45.97,13.07,4.24,9.37,11.23,8.54,0,73.3,12.67,3.77,9.74,11.33,8.9,0,22.6,12.02,0,11.9,8.8,45.3955185,0.792301263,26,14.45833333
30/05/2012,32.41068,4.17,10.18,12,8.96,0,40.85,10.81,2.92,9.53,11.21,8.52,0,80.5,10.17,2.85,10.01,11.47,9,0,352.6,10.16,0,12.5,7.2,49.94763929,0.871750759,22,12.25
31/05/2012,32.41342,3.57,9.65,11.83,8.33,0.402,45.3,13.52,3.17,9.07,11.34,7.98,1,304.3,12.01,2.87,9.55,11.37,8.37,0.788,280.8,14.9,0,12.6,6.2,16.5965684,0.289664763,24,14.20833333
01/06/2012,32.41615,3.08,9.04,11.24,7.7,0,43.67,10.22,2.86,8.51,10.59,7.36,0,250.4,11.16,2.36,9.02,10.67,7.8,0.197,286.3,11.04,0,12.6,7.3,11.04553001,0.192780866,22,10.5
02/06/2012,32.41889,7.28,8.56,10.16,7.44,0,58.61,15.35,4.74,8.17,10.15,6.99,0,199.7,21.14,5.15,8.66,9.83,7.54,0,214.8,17.9,0,11,6.1,37.16908456,0.648722905,28,15.70833333
03/06/2012,32.42163,5.1,8.61,10.4,7.2,0,55.82,13.56,4.28,8.07,9.96,6.662,0,221.6,22.19,4.05,8.65,10.02,7.24,0,246.6,14.86,0.8,11.4,6.7,44.12926266,0.77020093,25,14.95833333
04/06/2012,32.42437,2.34,9.05,11.18,7.92,0,49.57,9.24,2.42,8.46,10.66,7.41,0,109,8.7,1.95,8.94,10.38,7.81,0,335.4,8.3,7.2,10.8,6,17.02057897,0.297065144,23,7.291666667
05/06/2012,32.42710,2.97,8.83,10.62,5.746,0.201,54.38,8.72,2.12,8.34,10.37,5.92,0,93,8.33,2.23,8.9,10.9,5.86,0,152.9,7.94,0,11.5,3.6,6.679336143,0.116576408,14,5.416666667
06/06/2012,32.42984,3.67,10.56,13.06,9.05,0,41.46,10.36,2.97,10.01,12.87,8.47,0,37.32,9.25,2.83,10.28,13.09,9.06,0.197,15.33,8.49,0,15,6,61.78351588,1.078325776,21,10.41666667
07/06/2012,32.43258,2.53,12.06,14.4,9.53,0.201,48.49,10.71,3.27,12.11,15.03,9.55,0.2,40.04,9.45,3.02,11.65,13.82,9.73,0.197,53.98,8.36,0,16,9.5,66.16162362,1.154738171,28,10.95833333
08/06/2012,32.43532,5.54,11.45,13.29,10.6,0.201,39.14,18.98,3.19,10.62,12.08,10.05,0.4,228.2,14.21,3.69,10.88,12.04,10.29,0.197,310,15.48,0,13.1,10.8,52.02090953,0.907936151,32,19.08333333
09/06/2012,32.43806,5.88,10.38,12.22,9.82,0,52.33,14.57,3.58,9.81,11.22,9.27,0,167.5,15.97,3.61,10,11.01,9.53,0,265.5,15.71,0,12.6,10.1,40,0.698131701,29,17.20833333
10/06/2012,32.44079,3.36,10.36,12.82,8.93,0,40.26,13.72,3.04,9.85,12.08,8.65,0,294,11.17,3.04,10.03,11.67,8.8,0,299.2,13.03,0,12.7,9.5,40,0.698131701,25,14.75
11/06/2012,32.44353,3.94,9.75,11.68,8.78,0,51.93,14.93,3.67,9.2,11.16,8.4,0,282.2,14.07,3.52,9.43,10.84,8.63,0,266.4,13.85,0,11.6,9.1,42.07844153,0.734407349,24,15.75
12/06/2012,32.44627,2.7,9.27,11.86,7.63,1.206,39.48,10.45,2.94,8.69,11.05,7.25,1.6,266.7,11.9,2.7,8.94,10.94,7.5,1.182,284.5,12.28,0.8,12.6,8.2,28.44759996,0.496504284,21,13.125
13/06/2012,32.44901,3.17,9.37,11.48,7.97,0,49.93,10.03,2.76,8.8,10.71,7.46,0,185.6,13.77,2.58,9.43,11.41,7.87,0,270.9,11.43,2,12.4,7.5,25.96379515,0.453153712,25,12.29166667
14/06/2012,32.45175,7.23,9.26,10.13,8.35,0.201,51.53,17.48,4.91,8.72,9.52,7.89,0,213.1,20.43,4.76,9.04,9.63,8.5,0,237.2,16.73,0,11.4,8.7,50.79302254,0.88650548,30,17.41666667
15/06/2012,32.45448,8.54,10.02,12.17,8.66,0,58.8,15.78,5.73,9.45,12.25,8.2,0,192.4,24.63,5.64,9.6,11.38,8.4,0,211.8,16.59,0.2,13.2,8.5,69.61769518,1.215057999,31,18.54166667
16/06/2012,32.45722,6.34,8.82,10.63,7.58,0.402,46.88,16.82,4.9,8.15,9.82,7.03,1.2,195.4,20.01,5.2,8.53,9.86,7.47,0.591,250.2,24.79,3,12,8.4,37.77158228,0.659238474,29,17.66666667
17/06/2012,32.45996,1.76,9.4,12.26,7.19,0.603,32.07,8.2,2.15,8.68,11.19,6.874,1,343.7,10.42,2.08,9.15,11.5,6.624,0.985,345.6,9.34,12.8,12.8,7.2,-3.804767837,-0.066405726,23,7.666666667
18/06/2012,32.46270,1.79,9.2,12.12,6.545,0,29.96,5.521,1.95,8.76,11.15,6.518,0,26.89,7.2,1.78,9.01,11.39,5.694,0,29.1,6.239,0.4,12.5,3.4,1.647604541,0.028756124,12,3.958333333
19/06/2012,32.46543,1.6,10.52,13.5,7.23,0,74.2,6.501,1.77,9.88,12.81,7.24,0,328.7,8.54,1.87,10.3,13.56,6.69,0,342.2,6.893,0.4,13.6,5.5,-48.23616484,-0.841879895,13,5.25
20/06/2012,32.46817,1.91,11.45,13.22,8.68,0,94.2,5.031,2.75,11.18,13.35,8.22,0,130.4,10.6,2.36,10.74,13.46,6.225,0.394,144.4,10.85,0,16.3,3.1,94.8677994,1.655755454,17,5.208333333
21/06/2012,32.47091,2.48,13.31,15.46,11.04,0,60.96,13,2.92,13.35,15.56,10.63,0,118.2,10.34,2.64,13.5,15.59,10.75,0,158,12.84,0.8,16.2,11,81.62031101,1.424543164,27,13.79166667
22/06/2012,32.47365,4.15,11.59,12.5,10.52,7.04,37.7,19.99,3.46,11.24,13.46,10.12,8,344.1,14.41,3.51,11.08,12.17,9.76,6.107,337.5,14.5,12,14.2,11,42.08108227,0.734453438,32,16.95833333
23/06/2012,32.47639,3.38,11.47,13.73,10.25,0,46.78,9.44,2.41,10.85,12.26,9.91,0,69.3,7.93,2.32,10.8,12.76,9.59,0,1.495,8.26,0.6,14.5,11,34.23135629,0.597449875,23,10.58333333
24/06/2012,32.47912,1.95,11.08,12.61,10.37,0.402,19.69,8.1,2.55,10.43,11.69,9.68,0.6,356.1,9.52,2.32,10.38,11.43,9.76,0.197,345.5,11.11,3.8,14,10.7,-31.66196101,-0.552605467,19,9.458333333
25/06/2012,32.48186,1.92,11.18,13.24,10.04,0.201,54.22,5.357,1.8,10.54,11.97,9.58,0,112.8,8.22,1.65,10.55,12.36,9.49,0.197,71.6,8.56,0,12.2,10.1,6.57198803,0.11470283,13,6.791666667
26/06/2012,32.48460,2.94,12.02,14.05,10.73,0.402,81.9,7.06,3.71,11.77,14.07,10.22,0.8,117.4,10.29,2.9,11.6,13.55,10.22,0.394,155.4,11.5,3.6,16.2,8.3,73.77047382,1.287537659,16,6.375
27/06/2012,32.48734,1.69,12.2,13.6,11.77,4.422,147.9,6.468,2.03,11.81,13.17,11.38,5.2,147.7,6.043,1.78,11.61,12.89,11.15,4.137,181.8,6.533,4.6,13.9,11.7,116.54281,2.034055754,11,5.625
28/06/2012,32.49008,2.59,12.81,14.3,11.95,18.69,51.43,10.85,2.36,12.71,14,11.61,23.6,105.8,9.77,2.07,12.6,14.02,11.34,20.09,148.3,9.18,11.2,15.6,12.3,97.20034115,1.696465987,22,9.25
29/06/2012,32.49281,2.94,12.71,14.35,11.99,8.44,189.7,10.26,2.77,12.25,13.64,11.6,9.2,144.3,20.69,2.48,12.1,12.96,11.54,7.09,186.2,11.01,3.8,17.7,12.2,159.1709975,2.778057979,23,7.708333333
30/06/2012,32.49555,4.04,11.06,12.66,9.68,7.64,52.37,15.97,3.51,10.57,12.14,9.06,12,119.1,17,3.18,10.64,12.3,9.33,9.26,280.3,17.57,6,14.2,10.4,117.4728892,2.050288699,22,10.70833333
01/07/2012,32.49829,2.71,10.02,11.89,8.61,1.005,44.92,13.52,2.36,9.43,11.42,7.43,1,98.4,10.94,2.55,9.66,11.83,7.09,0.985,35.14,13.75,0.4,13.2,9.2,-8.056605851,-0.140614299,20,9.958333333
02/07/2012,32.50103,3.9,11.95,14.11,8.8,0.402,54.85,8.46,2.45,11.38,13.62,7.8,0.6,108.9,9.88,2.53,11.65,14.39,7.12,0.197,201.2,10.16,0,16,7,67.60252819,1.1798867,26,12.33333333
03/07/2012,32.50376,2.76,13.09,14.01,12.49,4.422,57.93,8.82,3.9,13.25,14.63,12.26,5.6,118.9,10.98,3.72,13.37,14.45,12.33,5.91,148.8,14.93,1.6,20.8,11.7,85.41779242,1.490821717,19,7.666666667
04/07/2012,32.50650,3.41,14.8,18.05,11.86,4.824,42.11,10.62,3.66,14.84,18.99,11.31,6.8,79.7,11.99,3.59,14.09,16.56,11.14,6.698,63.42,13.82,0,18.4,12.9,43.28679224,0.755497047,13,6.791666667
05/07/2012,32.50924,5.55,12.77,14.47,11.8,0.201,37.51,12.09,3.47,11.99,12.99,11.34,0.6,12.12,40.99,4.19,12,12.86,11.28,0.197,356.2,15.09,0,15.6,11.8,18.77169205,0.327627833,27,12.83333333
06/07/2012,32.51198,6.07,12.3,13.86,11.78,0,28.4,18.26,3.44,11.78,12.74,11.32,0.4,343.6,12.19,4.85,11.81,12.43,11.37,0.197,328,16.63,0,14.9,12.2,34.16460401,0.596284828,29,17.875
07/07/2012,32.51472,6.44,11.31,12.37,10.06,0,35.9,20.55,4.16,10.7,11.76,9.57,0,327.6,19.47,4.53,10.89,11.88,9.99,0,300.1,18.42,0,12.5,10.5,31.66407192,0.55264231,31,21.58333333
08/07/2012,32.51745,6.09,10.37,11.15,9.48,1.608,29.26,17.38,5.13,9.81,10.33,9,1,134.7,18.4,5.08,10.18,10.89,9.3,0.788,296.7,21.2,15.8,11.4,10.3,25.4177202,0.443622906,31,21.04166667
09/07/2012,32.52019,3.75,10.92,12.65,8.7,0,25.68,16.1,3.63,10.44,12.82,9,0,94.8,15.35,3.55,10.68,12.46,8.7,4.531,354.7,18.06,0.6,13.3,10.5,18.81003587,0.328297058,26,13.54166667
10/07/2012,32.52293,2.27,10.42,12.84,8.85,1.206,14.14,10.16,2.43,9.89,12.25,8.63,1,358.6,10.76,2.31,10.22,12.3,8.83,0,339.9,10.81,3.6,13.7,9.4,-18.9562808,-0.330849514,17,8.833333333
11/07/2012,32.52567,2.74,10.67,13.4,7.33,0,24.13,13,2.66,10.07,12.99,7.66,0,58.91,10.82,2.32,10.46,12.99,7.04,0,335.2,12.58,0,13.9,7.7,0.04943934,0.000862879,19,8
12/07/2012,32.52841,2.97,10.94,13.47,8.98,0,35.49,11.66,2.61,10.43,12.81,8.81,0,168.7,9.34,2.5,11,13.03,9.76,0,324.7,11.34,0,14.3,8.5,9.413313411,0.164293313,21,10.79166667
13/07/2012,32.53114,3.43,10.31,12.3,9.45,0,35.75,11.01,3.23,9.71,11.98,8.71,0,84.4,12.66,2.96,10.3,11.77,9.41,0,298.8,13.59,0.4,13,8.8,25.08932533,0.437891334,19,11.75
14/07/2012,32.53388,2.99,11.75,14.3,9.45,0.603,51.53,10.88,3.32,10.96,12.48,9.23,1.6,356.6,16.68,3.52,11.58,13.32,9.86,NA,333.8,13.39,0.2,16.4,6.6,-77.46014148,-1.351934508,26,11.41666667
15/07/2012,32.53662,2.03,12.17,14.16,10.83,2.613,88.9,9.02,2.81,11.5,13.2,10.59,4.2,299.2,13.8,2.63,12.12,14.08,10.99,NA,329.5,12.18,1.6,15.4,10.4,-91.53439153,-1.597576511,25,9.916666667
16/07/2012,32.53936,2.15,12.42,14.92,11.48,0.201,56.56,10.62,2.47,11.72,13.31,11.19,0,6.348,10.8,2.83,12.24,13.39,11.48,NA,319.9,11.11,3.6,16.3,9.5,-105.4275995,-1.840058733,22,10
17/07/2012,32.54209,1.86,12.47,14.19,10.93,0.201,106.4,7.81,2.14,11.92,13.38,10.73,1,151.9,12.32,1.86,12.36,13.52,11.08,NA,206.3,8.56,0,16.4,8.2,-98.91728945,-1.726432388,17,8.416666667
18/07/2012,32.54483,3.97,11.21,12.07,10.6,1.005,39.51,14.54,3.53,10.65,11.26,10.06,1.4,272.6,14.18,3.49,11.19,11.85,10.56,NA,277.1,15.32,0,13.1,10.9,39.58466404,0.690882721,25,16.66666667
19/07/2012,32.54757,2.75,11.2,13.51,10.09,0.201,33.02,9.41,2.61,10.6,12.9,9.78,0,110.1,11.08,2.52,11.19,12.69,10.36,NA,310.8,12.09,0.4,13.9,8.7,14.24632274,0.248645238,22,11.83333333
20/07/2012,32.55031,1.84,12.06,14.53,9.91,0,119.3,8.46,1.85,11.51,13.9,9.52,0,330.6,9.34,1.88,11.93,13.49,9.89,NA,238.8,7.87,2,16.5,8.2,-112.5051941,-1.963586063,18,7
21/07/2012,32.55305,6.09,12.64,13.38,12.2,6.03,197.2,19.83,4.78,12.14,12.95,11.77,5,138.5,19.14,3.53,12.55,13.22,12.2,NA,209.4,15.03,5.4,17.1,11.2,-151.8400368,-2.650108579,31,12.91666667
22/07/2012,32.55578,6.71,13.4,13.79,12.87,13.67,191.7,19.86,5.89,13.12,13.57,12.54,15.8,66.8,25.74,6,13.17,13.59,12.63,NA,190.2,18.46,24.2,16.2,11.2,-159.1934931,-2.778450603,42,22.25
23/07/2012,32.55852,4.18,13.02,14.35,11.97,4.422,157.5,16.24,4.07,12.59,13.84,11.66,8.6,289,19.33,4.95,12.86,13.99,11.77,NA,159.5,18.91,1,16.5,13,-147.9452191,-2.582131186,31,17.08333333
24/07/2012,32.56126,3.34,12.97,14.91,11.94,0,157.3,10.94,3.07,12.33,13.32,11.73,0.4,323.5,13.03,3.47,12.64,13.39,12,NA,191.9,14.99,0.4,17.7,11.1,-152.6803644,-2.664775061,26,13.70833333
25/07/2012,32.56400,1.68,13.32,15.85,11.8,0,100.1,6.599,2.01,12.55,14.71,11.39,0,268.2,10.23,1.94,13.22,15.73,11.81,NA,339.4,9.6,0.4,17.5,11,-107.9348403,-1.883818341,19,7.375
26/07/2012,32.56674,4.67,12.59,14,10.85,8.84,202.4,15.75,4.11,12.04,13.29,10.6,6.6,137.4,18.9,2.57,12.63,13.66,11.15,NA,214.6,12.54,1.2,15,10.5,-171.3694178,-2.990960578,28,7.708333333
27/07/2012,32.56947,3.36,11.84,13.21,10.89,4.824,28.33,15.32,5,11.33,12.26,10.18,6.2,20.73,21.73,4.9,11.87,12.79,10.75,NA,342.1,17.08,21.8,14.7,9.9,-125.2837737,-2.186614351,29,13.58333333
28/07/2012,32.57221,2.28,11.05,12.32,9.82,3.417,4.495,13.82,3.94,10.46,11.35,9.41,3,325.5,16.02,3.86,11.02,11.82,10.06,NA,279.6,15.06,3.6,14.4,9.1,-62.08792988,-1.083638802,27,11.58333333
29/07/2012,32.57495,2.48,10.83,12.54,9.4,6.834,9.2,13.3,3.68,10.18,11.63,8.99,6.2,326.2,17.09,3.46,10.77,12.06,9.56,NA,15.6,14.5,7.8,14.1,9.7,-36.44694094,-0.636119122,25,13.70833333
30/07/2012,32.57769,1.53,11.68,13.74,9.73,0.201,62.27,6.566,1.91,11.03,13.1,9.47,1,347.6,7.92,2.03,11.74,14.39,9.66,NA,334.5,7.38,2.4,14.8,8.6,-92.78569474,-1.619415872,20,9.583333333
31/07/2012,32.58042,3.41,12.61,14.57,10.31,1.608,87.3,12.74,3.43,12.17,13.74,10.15,3.2,135.5,18.48,2.75,12.57,13.85,9.46,NA,185.6,14.08,0.4,16.2,6.7,149.0797108,2.601931801,26,8.041666667
01/08/2012,32.58316,4.83,12.94,14.44,11.66,9.25,85.9,13.49,5.91,12.67,14.57,11.16,18.2,112,16.25,5.42,12.86,14.49,11.4,NA,157.4,20.94,19.6,16.8,11.4,97.41367203,1.700189313,26,14.625
02/08/2012,32.58590,2.61,13.38,14.91,12.19,0,88.8,7.77,2.49,12.94,14.89,11.83,0,113.2,9.46,1.97,13.21,15.23,11.91,NA,148.6,6.827,4.8,15.9,12.1,158.6707199,2.769326489,21,4.958333333
03/08/2012,32.58864,1.82,13.46,15.44,11.78,2.613,58.81,6.076,2.62,13.4,16.46,11.41,2.4,50.14,7.59,2.5,13.58,16.32,11.58,NA,68.73,8.3,6.4,17.8,11.7,132.5803942,2.313964403,16,5.708333333
04/08/2012,32.59138,3.77,12.35,13.62,10.54,0.402,37.3,10.26,3.94,11.83,14.29,10.07,0.2,62.46,12.46,3.64,12.26,13.22,10.59,NA,1.738,14.08,0,15.3,11.8,22.50158149,0.392726684,18,12.25
05/08/2012,32.59411,2.91,11.1,12.36,9.94,0,31.58,9.41,2.94,10.56,11.92,9.35,0,126.2,11.88,2.83,11.16,12.2,9.93,NA,311.3,12.45,0.4,12.2,10.4,17.49523128,0.305349389,20,13.66666667
06/08/2012,32.59685,2.48,11.44,12.59,10.3,0.603,29.53,7.55,2,10.77,11.86,9.87,1.4,21.23,7.78,2.52,11.37,12.46,10.56,NA,9.59,9.77,1.8,14.8,11,24.69917177,0.43108187,19,11.83333333
07/08/2012,32.59959,1.9,11.79,13.54,10.31,0,31.67,6.109,1.9,11.27,13.13,9.94,0,11.24,7.14,1.9,11.87,13.72,10.32,NA,28.54,7.68,0,15.7,9.2,-33.62619593,-0.586887834,16,6.75
08/08/2012,32.60233,1.35,12.28,14.39,10.02,0,63.37,6.141,1.8,11.7,13.51,9.59,0,5.092,6.363,1.58,12.28,14.72,10.02,NA,326.7,5.325,0.8,14.5,10.8,-100.6098654,-1.755973412,14,4.291666667
09/08/2012,32.60507,1.54,13.15,15.44,11.71,0,164.5,5.553,1.68,12.57,15.04,11.26,0,218.2,7.49,1.52,12.99,14.29,11.75,NA,218.7,6.076,0,16.4,10.9,-121.9555175,-2.128525322,15,5.541666667
10/08/2012,32.60780,2.05,14.22,16.7,11.9,0.603,215.1,5.847,1.69,13.87,16.32,12.22,0.6,194.1,6.947,1.93,13.96,15.73,11.73,NA,215.8,8.33,0,18,10.9,158.107809,2.75950184,15,7.083333333
11/08/2012,32.61054,1.86,15.07,17.55,12.04,0,42.77,6.533,2.31,14.93,16.93,12.51,0,118.7,9.2,1.94,15.37,17.28,11.96,NA,174.8,9.73,0.4,19.1,11.5,56.08581474,0.978882131,13,5.25
12/08/2012,32.61328,3,15.41,16.86,14.21,0.201,50.69,6.19,3.38,15.43,17.75,13.84,0,114.1,12.36,2.35,15.87,18.45,14.05,NA,165.2,14.67,0,20.4,10.5,86.00207784,1.501019422,18,5.166666667
13/08/2012,32.61602,3.56,14.74,16.63,14.04,4.221,77,11.43,5.36,14.77,17.45,13.52,4.8,117.1,13.69,5.04,15.1,18.23,13.32,NA,153.5,13.72,1.2,18.7,14.7,107.8748291,1.882770948,27,14.875
14/08/2012,32.61875,2.12,14.3,15.57,13.66,0.402,144.9,9.57,2.32,13.74,14.35,13.17,0.4,139.9,8.67,1.71,13.58,14.12,12.33,NA,179.1,8.53,0.2,21.6,14.1,140.2422214,2.447688514,21,7.125
15/08/2012,32.62149,6.47,15,NA,NA,0.201,58.39,10.9,4.04,16.44,19.37,13.42,0.2,91.2,19.84,4.44,16.73,20.14,13.29,NA,8.35,19.14,0,20.5,11.5,70.29093684,1.226808282,34,14.29166667
16/08/2012,32.62423,3.74,15.27,NA,NA,0,115.6,12.22,4.45,14.89,16.4,13.7,0,125,13,3.9,14.95,16.64,13.59,NA,154,6.697,0,19.7,14,128.3967201,2.240945514,34,12.125
17/08/2012,32.62697,2.99,14.07,NA,NA,2.814,73.6,10,2.42,13.75,14.6,12.82,4.8,100.8,13.49,2.4,13.79,14.82,12.99,NA,240,7.45,6.8,16.4,13.5,114.1567076,1.992410411,21,8.75
18/08/2012,32.62971,2.14,14.4,NA,NA,0,193.8,10.19,1.69,13.83,15.56,12.62,0.4,161.2,8.77,1.54,13.57,14.9,12.4,0.197,201.2,9.7,22,17,12.2,-176.5057245,-3.08060604,27,8.708333333
19/08/2012,32.63244,3.21,14.97,NA,NA,4.623,174.1,11.92,3.16,14.51,15.21,13.86,0,148.5,9.92,2.48,14.2,15.3,13.52,3.546,184.1,11.63,0.2,20.2,13.6,168.4331852,2.939713652,17,5.666666667
20/08/2012,32.63518,3.83,14.53,NA,NA,4.02,194,11.56,3.26,13.99,14.54,13.32,3,146.3,12.12,3.18,13.77,14.39,13.16,3.743,185.8,11.47,9,16.4,12.8,177.3365818,3.095107236,22,7.833333333
21/08/2012,32.63792,2.77,14.33,NA,NA,0,206.3,10.26,2.6,13.79,16.08,12.93,0.2,164.6,9.14,1.9,13.45,15.18,12.2,0,193.8,10.39,13.8,16.9,12.7,153.6507281,2.681711103,17,7.333333333
22/08/2012,32.64066,2.3,13.84,NA,NA,6.03,109.9,10.32,2.32,13.28,14.27,12.01,9,269.2,10.67,2.38,13.17,14.15,11.77,8.86,291.5,12.02,25,17.1,11.2,-129.9275393,-2.267663351,18,6.166666667
23/08/2012,32.64339,3.23,13.63,NA,NA,4.422,154.3,12.18,3.11,13.05,14.17,12.07,8.6,268.7,13.83,3.58,13.01,13.92,12,6.107,173.8,14.67,0.2,17.5,11.7,-156.7086583,-2.735082054,23,10.66666667
24/08/2012,32.64613,2.43,13.37,NA,NA,3.819,60.72,9.6,2.58,12.69,14.98,11.59,1,151,12.13,2.26,12.65,14.85,11.73,0.197,293,10.65,9.2,16.2,8.7,170.176911,2.970147407,17,6.791666667
25/08/2012,32.64887,3.29,12.16,NA,NA,1.407,26.26,13.85,3.4,11.61,13.31,10.24,1.4,138.4,15.06,3.45,11.94,13.36,10.75,1.379,297.5,14.8,0.2,13.8,8.9,11.82040041,0.206304906,26,14.625
26/08/2012,32.65161,2.76,12.26,NA,NA,0,89.5,11.27,3.02,11.75,13.51,10.24,0,143.2,10.98,3.2,12.32,13.89,11.02,0.197,182.9,11.99,0,15.3,9.8,74.0329961,1.292119537,19,9.5
27/08/2012,32.65435,8.01,14.19,NA,NA,3.417,171.8,21,7.47,13.63,15.72,12.37,6,146.8,24.33,7.25,13.41,14.75,12.5,6.501,183.6,21.17,7.2,16.2,12,143.8590565,2.510814194,36,18.04166667
28/08/2012,32.65708,6.39,13.68,NA,NA,5.226,178.1,19.5,5.47,13.17,14.41,11.85,6.6,4.471,26.71,7.41,13.02,13.89,11.96,4.728,183.6,26.85,10.2,16.5,11.7,-152.5111676,-2.661822021,41,20.75
29/08/2012,32.65982,4.62,11.35,NA,NA,19.3,43.73,17.18,4.05,10.85,12.91,9.56,24.6,155.3,18.61,4.21,10.83,12.83,9.96,26.6,288.4,19.7,45.4,13.6,9.8,19.89121833,0.347167252,34,13.83333333
30/08/2012,32.66256,1.99,11.31,NA,NA,0,51.29,8.04,2.14,10.63,12.64,9.01,0,307.5,13,1.93,11.46,13.39,9.79,0,256.7,11.24,0,14.2,5.5,-48.48875416,-0.84628841,24,9.375
31/08/2012,32.66530,4.8,13.2,NA,NA,9.25,115.7,16.01,4.14,12.82,13.8,10.14,8.8,207.8,18.13,4.18,12.65,13.52,9.99,7.68,309.7,18,8.4,15.1,6.4,-165.0585315,-2.880814833,34,13.58333333
01/09/2012,32.66804,5.03,13.81,NA,NA,12.86,148.4,18.1,4.94,13.47,14.04,12.95,15.2,328.3,25.05,4.84,13.14,13.76,12.5,13.4,208.9,19.47,19.4,15.4,13.2,-146.0708626,-2.549417494,41,16.625
02/09/2012,32.67077,3.53,13.7,NA,NA,4.422,92,15.39,3.53,13.29,13.73,12.88,7.2,295.3,19.3,4,12.94,13.52,12.46,6.304,276.5,16.69,10.6,17.4,12.1,-131.6088405,-2.297007592,31,13.5
03/09/2012,32.67351,6.5,13.81,NA,NA,10.85,158.3,18.69,5.37,13.44,14.51,12.52,7.4,149.2,22.49,5.14,13.14,14.32,12.33,6.895,232.8,25.58,7.6,16.2,13.2,-151.3049501,-2.640769555,41,19.54166667
04/09/2012,32.67625,5.19,13.29,NA,NA,0.402,55.39,19.57,5.2,12.8,14.09,11.5,0.6,343.2,22.51,5.81,12.72,14.19,11.53,0.591,325.5,22.47,3,15.7,11.3,-114.9807901,-2.006793364,42,21.25
05/09/2012,32.67899,2.69,12.71,NA,NA,4.02,108.2,13.16,3.51,12.14,13.7,10.37,4,46.6,15.58,3.32,11.78,13.42,9.93,3.546,324,16.99,0.6,15.2,9.7,-91.985436,-1.605448722,27,11.08333333
06/09/2012,32.68172,4.51,13.09,NA,NA,14.87,126.7,20.48,4.09,12.64,13.71,11.56,20.4,19.98,25.38,4.3,12.17,13.22,11.17,15.76,254.2,20.68,29.6,15.3,10.3,-130.5403339,-2.278358632,36,16.41666667
07/09/2012,32.68446,2.22,13.19,NA,NA,0,102.1,9.05,2.45,12.7,14.4,11.11,0.4,275.5,11.62,2.6,12.01,13.37,10.59,0,328.8,11.66,0,15.7,8.7,-119.0764559,-2.078276218,22,9.75
08/09/2012,32.68720,4.4,13.65,NA,NA,0.804,181.9,14.41,3.6,13.23,13.74,12.54,2,56.18,21.35,3.72,12.8,13.32,12.3,0.985,197.6,14.93,0,17.2,12.2,-156.1174817,-2.724764075,25,12.95833333
09/09/2012,32.68994,6,13.17,NA,NA,4.221,214.2,16.27,5.28,12.67,13.41,10.55,4.8,156.4,19.29,4.12,12.19,13.03,10.06,3.546,219.8,15.09,2.6,15.6,12.9,-168.1403131,-2.934602069,32,14.625
10/09/2012,32.69268,3.62,11.01,NA,NA,1.206,52.77,15.06,3.38,10.53,12.56,8.8,1.4,344.2,17.94,3.94,10.69,12.56,9.2,0.985,309,17.35,1.2,14.1,7.7,-124.1626639,-2.167047293,30,12.45833333
11/09/2012,32.69541,4.54,9.8,NA,NA,6.432,18.6,18.13,6.86,9.23,10.69,7.49,5.8,126,27.86,5.87,9.86,11.42,8.3,6.304,350.7,25.32,17.6,11.1,6.4,-100.7058846,-1.757649262,39,15.5
12/09/2012,32.69815,2.45,10.37,NA,NA,1.005,12.96,11.89,3.66,9.65,11.09,8.09,0.8,2.528,17.88,3.8,10.23,11.96,9,0.591,327.3,15.35,3.4,11.8,5.6,-71.17974952,-1.24232099,27,11.25
13/09/2012,32.70089,6.33,12.53,NA,NA,17.09,112.3,20.84,5.74,12.09,13.45,10.17,26.8,291,26.5,6.41,12.19,13.46,10.72,21.08,213.6,27.15,52.6,14.3,5.5,-138.9360396,-2.424891341,56,20.875
14/09/2012,32.70363,4.74,11.85,NA,NA,2.211,36.72,19.14,6.7,11.28,12.1,9.52,5.6,15.05,29.43,6.82,11.42,12.26,10.02,4.531,332.1,29.4,8.4,13.7,10,-94.81022216,-1.654750541,44,21.70833333
15/09/2012,32.70637,4.79,12.36,NA,NA,2.412,102.7,14.6,4.3,11.86,12.54,11.21,3.6,260.6,17.98,4.74,11.97,12.73,11.31,2.758,185.8,19.11,0.8,14.7,11.7,-134.1797969,-2.341879245,38,18.91666667
16/09/2012,32.70910,3.97,11.68,NA,NA,6.231,67.01,14.77,3.25,11.16,12.53,9.35,6.8,300.8,17.24,4.08,11.43,12.73,9.68,5.713,290.3,17.51,13.4,14.4,8.4,-129.9488426,-2.268035163,29,14.04166667
17/09/2012,32.71184,2.96,10.57,NA,NA,2.211,52.42,12.45,3.44,10.02,12.38,6.932,2.6,345.7,16.25,3.36,10.4,12.79,7.28,2.364,350,14.28,12.8,13.3,6.2,-120.5613183,-2.104191955,28,10.20833333
18/09/2012,32.71458,2.07,9.41,NA,NA,4.623,352,12.64,4.19,8.81,10.99,6.325,3.6,5.121,16.63,4.32,9.36,11.67,6.94,2.955,345.5,14.73,6.4,11.6,5.2,-57.85993274,-1.009846331,27,10.75
19/09/2012,32.71732,1.86,10.26,NA,NA,1.407,348.7,8.79,3.33,9.67,11.55,8.53,1.2,53.31,16.38,2.79,10.14,12.3,8.76,1.182,346.5,11.43,7.6,11.8,3.9,-88.4675378,-1.544049816,25,7.958333333
20/09/2012,32.72005,2.68,9.83,NA,NA,2.211,23.14,10.81,2.59,9.38,11.65,7.61,0.8,230.6,10.92,2.32,9.57,11.87,7.35,2.955,316.1,12.61,6.6,12.1,3.1,-24.33046494,-0.424646722,20,6.458333333
21/09/2012,32.72279,1.75,9.35,NA,NA,0.201,0.269,7.91,1.95,8.89,10.92,7.43,0,305.2,10.66,1.74,9.1,11.33,6.192,0.394,30.95,10.98,4,11.6,3.1,-37.16255347,-0.648608916,22,8.208333333
22/09/2012,32.72553,5.3,10.58,NA,NA,0.201,215.8,14.86,4.05,9.99,11.49,7.99,0,181,12.84,3.22,10.41,11.68,6.789,0,205.5,13.36,0,11.9,2.3,-153.8942873,-2.685962014,22,8
23/09/2012,32.72827,5.36,11.93,NA,NA,0,182.3,14.67,5.49,11.28,11.93,10.4,0.2,159.9,14.15,7.03,11.63,12.15,11.14,0,178.7,16.3,0,13,9.2,141.9543405,2.47757063,24,12.95833333
24/09/2012,32.73101,7.73,11.1,NA,NA,0,74.2,20.51,5.64,10.47,11.25,9.54,0,166.9,24.67,5.89,10.89,11.55,10.06,0.197,194.6,21.07,0,12.5,8.4,76.31121315,1.331881926,40,18.45833333
25/09/2012,32.73374,6.53,10.72,NA,NA,1.206,33.74,24.89,7.46,10.16,11,9.44,1,232.7,29.14,6.61,10.48,11.35,9.63,0.197,276.7,26.85,6.4,12,10.3,31.24583333,0.545342669,44,29.25
26/09/2012,32.73648,4.42,9.66,NA,NA,0.402,21.71,18.23,4.79,9.16,10.73,7.75,0.6,74.9,24.9,4.66,9.48,10.92,8.1,0.591,311.9,20.38,0,12,6.2,2.278271056,0.039763331,38,17.08333333
27/09/2012,32.73922,3.62,10.56,NA,NA,8.24,76.1,16.46,3.31,10.04,11.22,8.48,8.6,60.25,19.11,3.24,10.27,11.42,8.76,7.68,284,12.77,7.6,11.7,5.7,-136.6871846,-2.385641416,29,10.125
28/09/2012,32.74196,5.04,10.19,NA,NA,6.231,50.38,16.24,5.38,9.65,10.92,8.14,7.6,22.09,24.8,5.24,9.99,11.19,8.5,7.09,329.3,23.65,8.2,11.6,7.8,-124.3834524,-2.170900779,40,15.91666667
29/09/2012,32.74470,4.89,10.81,NA,NA,10.45,249.3,18.26,5.77,10.24,12.62,8.6,8.8,81.3,23.62,4.85,10.56,12.67,8.76,7.29,295.8,18.33,14.4,12.1,8.5,-98.35392781,-1.716599873,43,17.58333333
30/09/2012,32.74743,5.81,12.1,NA,NA,0.603,147.4,19.67,5.3,11.58,12.76,10.08,1,263.8,25.2,6.16,11.71,12.67,10.62,0.985,174.2,24.17,12.4,14.5,10.4,-149.571844,-2.610521145,39,20
01/10/2012,32.75017,4.68,11,NA,NA,0.804,138.2,18.13,4.33,10.38,11.66,8.69,2.4,256.6,19.25,4.57,10.59,11.51,8.83,1.773,184,23.16,6.8,13.6,8.3,-147.5047687,-2.574443877,30,15.54166667
02/10/2012,32.75291,2.47,10.09,NA,NA,4.221,205.4,12.32,2.35,9.5,11.82,7.77,6.6,303,11.59,2.1,9.6,11.8,7.41,5.713,268.7,14.01,6,12.5,5.4,-149.7963959,-2.614440317,25,8.833333333
03/10/2012,32.75565,1.73,9.36,NA,NA,1.206,355.9,6.272,2.3,8.88,11.28,7.6,1,308,9.1,2.06,9.15,11.04,7.7,0.985,259.9,10.32,2,11.4,3.1,-55.15871856,-0.96270125,20,7.416666667
04/10/2012,32.75838,2.31,9.46,NA,NA,2.01,245.5,9.6,2.25,8.79,11.06,6.594,4.8,301.1,12.32,1.74,8.67,11.1,5.527,1.576,292.2,6.795,4.4,11.8,3.3,-126.2525516,-2.203522714,20,6.958333333
05/10/2012,32.76112,1.88,9.78,NA,NA,2.814,346.7,11.6,2.92,9.19,10.71,7.64,2,336.3,14.81,2.64,9.37,11.37,6.126,1.576,334.8,12.45,15.8,12.6,3.9,-89.05298681,-1.554267829,19,5.833333333
06/10/2012,32.76386,1.59,9.12,NA,NA,0.603,357.7,10.22,2.72,8.53,10,6.738,1.4,349.3,11.49,2.55,8.92,10.79,7.21,0.788,342.1,11.96,1.2,10.7,5.1,-60.43229621,-1.054742543,24,9.5
07/10/2012,32.76660,2.15,10.2,NA,NA,0,55.42,9.47,2.04,9.69,12.05,7.55,0.8,309.1,10.61,2.26,9.72,11.97,7.32,0.591,330.6,11.07,0.4,13.3,4.1,-123.8267679,-2.161184803,23,8.916666667
08/10/2012,32.76934,1.85,9.54,NA,NA,0.804,12.51,13.36,2.77,9.01,10.38,7.37,1,333.6,11.6,2.79,9.44,10.71,7.44,0.591,335.5,13.59,1.6,11.1,3.2,-68.42803359,-1.194294487,24,9.5
09/10/2012,32.77207,1.44,8.94,NA,NA,0,25.1,6.893,1.6,8.4,9.54,6.816,0,305,7.04,1.44,8.91,10.29,6.547,0,317.9,7.74,0.2,10.4,4.1,-112.223379,-1.958667461,15,6.5
10/10/2012,32.77481,3.12,10.02,NA,NA,0.201,174.4,16.4,3.83,9.4,11.16,7.68,0.4,161.8,15.57,4.8,9.74,11.52,7.77,0.394,188.4,15.39,0.2,11.7,5.8,-163.7750218,-2.858413363,17,7.625
11/10/2012,32.77755,2.15,10.31,NA,NA,14.67,332.2,17.67,3.09,9.83,11.55,8.7,13.8,342.4,12.82,3.6,10.11,11.62,9.39,12.02,325,15.97,38,12,8.9,19.89364681,0.347209637,22,10.29166667
12/10/2012,32.78029,1.72,8.88,NA,NA,1.407,350.5,10.88,3.46,8.36,9.17,7.46,1,352.2,15.74,3.65,8.66,9.79,7.74,0.591,343.5,13.46,33.2,10.6,8.3,16.57487212,0.289286092,27,9.458333333
13/10/2012,32.78303,4.14,10.37,NA,NA,3.618,51.26,11.37,3.31,9.82,10.79,7.93,4.4,190.9,17.08,3.23,10.02,11.05,8.13,3.743,239.8,13.65,8,12.3,9.9,65.73905062,1.14736288,29,17.125
14/10/2012,32.78576,6.13,9.77,NA,NA,1.206,51.03,14.18,4.77,9.29,10.93,7.42,1,232.1,20.84,4.83,9.52,10.44,7.84,1.182,236.2,18.29,2,10.6,7.5,39.46013156,0.688709219,26,15.375
15/10/2012,32.78850,3.8,8.31,NA,NA,0.804,46.2,13.52,3.37,7.74,9.04,6.479,0.6,198.5,15.22,3.19,8.46,9.96,7.35,0.591,251.8,14.93,2.4,9.5,4,18.8236293,0.328534308,29,9.916666667
16/10/2012,32.79124,2.57,8.35,NA,NA,0.402,51.37,8.07,1.88,7.74,10.29,6.691,1,146.4,10.94,1.73,8.38,10.74,6.774,1.379,310.6,9.57,0,10.6,3.6,91.47796555,1.596591692,12,4.375
17/10/2012,32.79398,7.07,8.69,NA,NA,0.402,63.2,16.3,4.91,8.05,8.97,6.624,1,183.1,23.47,4.91,8.56,9.73,7.22,0.591,208.2,17.31,0.4,9.7,0.4,47.55425391,0.829978304,26,10.66666667
18/10/2012,32.79671,4.46,8.46,NA,NA,5.226,39.17,19.96,5.22,7.98,8.79,6.527,9,299,21.03,4.53,8.33,9.06,7.51,5.91,288.3,17.12,14,9.5,5.9,23.17485873,0.404477589,28,14.25
19/10/2012,32.79945,2.17,7.96,NA,NA,0.201,25.12,8.62,2.07,7.41,9.35,5.366,0.2,107.6,10.08,2.05,7.79,10.12,4.273,0.197,345.9,10.71,0.4,10.3,1.1,-23.03881154,-0.402103117,11,4.416666667
20/10/2012,32.80219,1.66,8.34,NA,NA,1.407,109.7,6.109,1.76,7.61,10.82,5.519,1.8,243.7,6.52,1.76,7.32,10.45,3.518,1.576,96.4,8.13,0,10.7,1.3,-80.84958999,-1.411091544,10,4.333333333
21/10/2012,32.80493,3.1,11.03,NA,NA,3.417,201.4,8.69,2.41,10.46,11.08,7.78,5.6,155.3,10.69,1.77,10.53,11.24,8.07,4.531,203.1,7.87,7.2,13.2,1.5,-169.1759541,-2.952677414,22,7.291666667
22/10/2012,32.80767,1.6,10.95,NA,NA,0,122.6,7.48,1.94,10.18,11.76,8.82,0,170.8,6.563,2.38,10.23,11.5,7.88,0.197,170.9,8.66,0.4,13.2,3.5,-12.29853591,-0.214649945,10,2.625
23/10/2012,32.81040,1.02,10.85,NA,NA,0,263.5,3.789,1.26,10.2,12.87,8.65,0,271.9,5.05,1.18,9.9,12.33,7.45,0,7.79,4.279,0.4,13.5,2.5,-39.22550626,-0.684614235,9,2.625
24/10/2012,32.81314,2.22,10.43,NA,NA,0,6.913,8.23,2.18,9.89,11.29,8.56,0,33.96,9.42,2.42,9.95,11.44,7.87,0.197,7.94,11.73,1,11.4,3.7,-40.40533256,-0.705206089,10,3.458333333
25/10/2012,32.81588,4.04,8.06,NA,NA,0.804,49.24,15.68,3.41,7.53,9.63,4.744,0.6,231,16.14,3.43,7.91,9.83,5.23,0.394,278.4,15.61,0.4,8.6,3.6,-3.144238761,-0.054877319,29,12.66666667
26/10/2012,32.81862,4.34,5.35,NA,NA,0.201,35.55,16.69,3.78,4.86,6.441,2.24,0,122.1,18.19,4.09,5.56,7.22,2.807,0.591,326.8,20.16,2.8,5.9,1.9,-9.010083703,-0.157255626,35,14.70833333
27/10/2012,32.82136,2.89,7.98,NA,NA,4.422,16.02,14.73,4.23,7.45,9.85,5.04,5,28.32,20.8,3.97,7.88,10.06,5.694,4.531,341.7,18.95,10.6,9.1,-0.4,-93.21040812,-1.626828519,28,9.833333333
28/10/2012,32.82409,3.6,8.8,NA,NA,14.87,31.3,20.68,4.69,8.32,9.71,7.17,18,322.7,23.3,4.37,8.48,9.89,7.35,15.37,327.9,25.94,18.2,9.6,7.3,-73.06916875,-1.275297576,36,10.83333333
29/10/2012,32.82683,2.64,7.69,NA,NA,2.412,8.65,18.62,4.18,7.17,8.39,5.816,2.2,14.87,20.53,4.26,7.55,8.57,6.489,2.167,338.3,18.46,6,9.1,4.9,-39.62186666,-0.691532029,36,12.66666667
30/10/2012,32.82957,3.39,8.13,NA,NA,7.04,67.53,15.09,3.26,7.59,8.61,6.219,11.2,334.6,15.55,3.33,7.82,8.84,6.652,8.86,313.2,16.73,11.4,8.5,3.2,-136.3008093,-2.378897896,23,9.041666667
31/10/2012,32.83231,2.64,6.09,NA,NA,1.005,9.96,12.71,4.23,5.53,7.1,3.876,1,356.2,19.36,4.3,5.99,7.28,4.566,0.985,330.3,19.67,6.2,7.8,1.3,-119.0396867,-2.077634474,24,10.875
01/11/2012,32.83504,4.4,6.39,NA,NA,1.608,225.2,17.74,3.68,5.8,7.89,4.515,1.2,229.4,25.81,3.31,6.1,8.37,4.102,1.379,256.5,15.75,5.2,7.9,1.6,159.0062348,2.775182329,29,14.04166667
02/11/2012,32.83778,3.75,6.39,NA,NA,2.613,33.1,14.54,4.7,5.78,7.3,3.905,2.6,8.21,19.26,4.68,6.41,7.85,4.566,1.97,305.9,20.91,6.8,6.9,2.2,-57.61758094,-1.005616494,29,10.83333333
03/11/2012,32.84052,4.56,5.8,NA,NA,8.44,128,11.34,3.99,5.01,6.971,3.21,8.6,150.9,14.81,4.16,5.65,7.49,3.416,8.86,184.1,15.81,16.8,7.1,2.7,163.4342361,2.85246553,31,12.08333333
04/11/2012,32.84326,3.47,7.03,NA,NA,2.01,42.2,10.65,2.9,6.46,8.28,5.155,5,243.7,13.36,2.83,6.76,8.45,5.562,3.546,277.1,11.04,21.6,7.9,1.4,69.0159677,1.204555873,17,7.25
05/11/2012,32.84600,2.29,8.12,NA,NA,1.809,14.14,12.09,3.54,7.59,9.29,5.941,1.8,317.6,20.27,3.28,8.01,9.59,6.522,1.379,326.9,13.62,1.6,7.7,1.4,-68.52217171,-1.195937507,20,8.166666667
06/11/2012,32.84873,4.1,9.83,NA,NA,2.01,28.57,15.61,6.06,9.33,9.76,8.63,1.4,137.5,23.76,5.26,9.51,9.99,8.73,1.576,330.2,19.8,10.2,10.7,6.4,-93.08779878,-1.624688582,31,16.41666667
07/11/2012,32.85147,5.22,9.88,NA,NA,3.618,57.3,18.78,5.33,9.42,10.47,7.75,5.6,281.6,23.34,5.72,9.56,10.69,7.84,4.925,342.1,22.05,10.2,11,8.4,-124.5944978,-2.174584217,34,16.83333333
08/11/2012,32.85421,4.96,8.97,NA,NA,9.65,195.1,21.04,5.08,8.42,9.91,7.05,10,32.36,23.54,4.8,8.59,9.96,7.24,9.06,288.5,17.15,6,9.9,7.2,-110.9858989,-1.937069359,41,16.83333333
09/11/2012,32.85695,5.22,8.08,NA,NA,4.221,154.9,19.04,4.61,7.38,9.44,4.925,6.6,274.6,22.66,5.4,7.77,9.63,5.693,5.516,180.2,21.63,17,10.1,4.5,-151.6895482,-2.647482057,36,15.125
10/11/2012,32.85969,3.4,8.22,NA,NA,3.015,32.56,14.96,3.93,7.71,8.46,6.191,3,350.1,17.46,4.7,7.96,8.71,6.521,2.364,313.9,22.64,6.6,9.5,5.4,-123.1228316,-2.148898797,31,12
11/11/2012,32.86242,1.93,7.39,NA,NA,1.809,264.9,11.37,2.54,6.88,7.64,6.104,2.6,321.4,14.99,2.6,7.47,8.47,6.225,1.97,256,17.41,3.8,7.3,2.5,-69.46221322,-1.212344326,27,8.333333333
12/11/2012,32.86516,4.56,9.65,NA,NA,9.05,177.1,17.77,4.68,9.11,10.82,6.893,8.4,164.6,18.74,5.61,9.3,10.89,7.81,8.08,176.6,18.59,12.2,11.3,2.7,176.5396157,3.081197554,29,13.70833333
13/11/2012,32.86790,5.92,10.18,NA,NA,2.211,191.3,15.71,4.76,9.67,10.44,8.28,2,141.7,19.96,4.58,9.87,10.52,8.63,1.97,196.4,20.61,8.8,11.6,8.4,-160.686122,-2.804501892,33,14.08333333
14/11/2012,32.87064,4.25,9.59,NA,NA,0,148.6,15.58,3.41,9.03,9.85,8.06,0.2,303,15.55,4.11,9.33,10.16,8.33,0,240.4,18.82,0.2,10.2,6,-143.3337627,-2.501646088,25,12.5
15/11/2012,32.87337,5.08,9.28,NA,NA,2.211,161.4,19.44,4.34,8.69,9.35,7.43,3.4,333.5,19.99,5.48,9.01,9.66,7.67,2.561,198.5,19.01,2.6,10.1,6.1,-147.5844665,-2.575834866,36,16.20833333
16/11/2012,32.87611,3.6,7.72,NA,NA,0.603,88.9,13.92,3.04,7.07,8.22,5.059,0.8,261.2,14,3.27,7.58,8.76,5.794,0.591,319.2,13.65,5.4,9.1,3.8,-143.7205112,-2.508396124,21,8.666666667
17/11/2012,32.87885,4.63,5.75,NA,NA,4.221,81.3,19.83,4.67,5.11,6.623,2.241,6.6,281.7,25.26,4.56,5.67,7.45,2.94,6.895,0.112,22.18,5.4,6.8,2.2,-138.6880873,-2.420563757,32,12.08333333
18/11/2012,32.88159,3.44,6.28,NA,NA,2.412,89.8,14.83,3.37,5.59,6.749,3.505,3.4,234.2,21.74,3.86,6.25,7.65,4.301,4.531,318.2,16.69,8.2,5.6,1.8,-131.03319,-2.286960594,25,9.875
19/11/2012,32.88433,7.53,8.88,NA,NA,8.44,125.1,18.95,5.91,8.3,10.27,5.423,14,151.5,22.8,4.92,NA,NA,NA,12.61,215.1,21.27,29.4,11.7,4.4,152.5131533,2.661856678,39,18.91666667
20/11/2012,32.88706,5.98,8.97,NA,NA,3.417,180.5,23,5.25,8.37,9.5,7.03,2.8,169.6,31.99,5.48,NA,NA,NA,2.955,196.7,27.31,14.6,11.2,6.4,-178.8918205,-3.122251272,47,17.95833333
21/11/2012,32.88980,8.63,8.69,NA,NA,11.86,203.4,23.16,7.14,8.1,9.37,3.799,8.8,167.6,23.61,6.95,NA,NA,NA,8.47,200.1,24.17,7.2,9.4,5,-171.4019588,-2.991528525,40,20.375
22/11/2012,32.89254,4.59,7.65,NA,NA,25.13,188.2,18.88,3.54,7.07,9.11,5.289,19.4,144.8,21.66,3.61,NA,NA,NA,22.46,208,17.87,31.8,11.1,4.3,-176.0535129,-3.072713459,50,14.91666667
23/11/2012,32.89528,4.75,7.11,NA,NA,2.01,90,16.95,3.82,6.41,7.61,5.021,3.6,273.5,18.93,4.37,NA,NA,NA,2.364,257.3,21.89,8.4,7.4,3.3,-143.3559988,-2.502034182,28,11.79166667
24/11/2012,32.89802,5.88,8.35,NA,NA,2.814,192.2,17.84,4.7,7.75,8.62,6.441,2.8,157.2,20.63,4.63,NA,NA,NA,3.152,202.2,19.14,5.2,9.4,4.1,-161.3342226,-2.81581338,28,14.95833333
25/11/2012,32.90075,2.07,6.08,NA,NA,2.814,242.7,9.34,2.02,6.66,8.73,5.366,3,243.7,9.39,1.84,NA,NA,NA,1.97,261.4,9.24,0,7.4,1.9,-66.44331198,-1.15965456,18,5.166666667
26/11/2012,32.90349,3.48,6.82,NA,NA,1.407,41.98,14.63,4.08,6.24,7.53,4.591,0.8,188.3,15.42,4.66,6.95,7.95,5.13,0.985,59.51,17.41,4.4,7.1,1.7,-24.93813454,-0.435252557,27,12.95833333
27/11/2012,32.90623,4.69,5.51,NA,NA,0.804,36.88,15.52,4.06,5.06,5.941,3.457,0.4,108,19.79,4.55,5.72,6.557,4.135,0.394,328.4,20.42,0.8,6.4,2.7,-6.260922024,-0.109273704,26,15.08333333
28/11/2012,32.90897,2.07,6.13,NA,NA,1.005,354.3,11.27,2.51,5.72,6.768,4.104,0.8,350.2,11.47,2.51,6.38,7.25,4.798,0.591,327.6,12.58,0.8,5.8,0.7,-31.374946,-0.54759611,25,7
29/11/2012,32.91170,1.02,6.73,NA,NA,0,127.4,3.855,1.08,5.85,6.672,5.232,0,265.2,3.6,1.62,6.44,7.45,5.031,0,96.1,4.737,0.2,4.8,0.6,-85.58725894,-1.493779466,7,3.166666667
30/11/2012,32.91444,2.24,6.32,NA,NA,4.221,1.946,12.51,2.53,5.78,6.749,4.382,3.8,15.4,14.85,2.58,6.23,7.45,5.064,3.546,0.982,17.18,6.8,5.3,2.4,-59.14320344,-1.03224363,25,5.833333333
01/12/2012,32.91718,2.19,5,NA,NA,1.005,356.5,11.53,3.03,4.61,5.385,3.048,0.4,312.6,13.98,2.93,5.35,5.993,3.803,0.788,292.5,15.16,1.6,4.5,0.3,-35.62284046,-0.621735855,28,10.04166667
02/12/2012,32.91992,3.19,5.59,7.04,2.83,6.633,95.8,13.16,3.67,4.83,6.229,2.867,8.4,152.4,13.61,4.7,5.57,7.32,2.39,10.64,154.3,14.54,0.2,4.1,-1.2,-85.20306618,-1.487074038,21,6.875
03/12/2012,32.92266,2.74,6.99,8.52,4.852,6.231,15.06,14.18,4.06,6.48,8.02,4.429,9,95.9,18.16,3.67,7,8.38,4.997,10.44,348.1,16.46,10.8,7.3,2.7,-124.8203946,-2.178526859,25,11.91666667
04/12/2012,32.92539,3.67,5.46,7.03,2.728,4.221,21.01,18.26,3.83,4.99,6.595,2.393,4,317.5,18.15,3.57,5.39,6.922,2.987,3.152,311.2,16.56,1.4,5.7,0,14.79965124,0.258302642,28,12.25
05/12/2012,32.92813,3.69,4.67,6.539,3.045,3.216,98.6,18.95,3.32,4.09,5.894,2.507,2.6,175.2,22.91,3.09,4.82,6.657,2.907,2.955,263.4,15.97,3.8,5.1,-0.9,-73.55547262,-1.28378518,28,8.458333333
06/12/2012,32.93087,3.82,4.94,6.699,2.653,16.88,40.82,18.62,4.61,4.43,6.057,2.402,17.8,333.9,24.62,4.9,5.01,6.823,3.106,18.71,339.1,21.85,22.2,5.7,1.1,-123.0668834,-2.147922315,39,11.45833333
07/12/2012,32.93361,3.07,6.23,7.31,4.393,0.201,16.71,18.91,3.91,5.71,6.788,4.162,0.2,264.7,17.36,4.12,6.38,7.59,3.438,0.788,36.47,22.28,3.4,6.4,0.6,-23.76963666,-0.414858422,35,15.375
08/12/2012,32.93634,4.11,8.75,10.01,6.964,3.618,49.76,14.41,5.79,8.3,9.48,6.2,6.4,339,26.49,5.8,8.79,10.12,7.22,6.107,355.1,22.25,3.6,9.4,0.1,-113.2070386,-1.97583556,43,15.41666667
09/12/2012,32.93908,3.51,6.86,7.65,5.293,0.402,30.72,18.13,5.37,6.36,7.21,4.897,0.4,328.2,24.34,5.54,6.98,7.75,5.628,0.197,337.3,23.29,4.4,6.9,4.8,-28.1494065,-0.491299826,45,22.29166667
10/12/2012,32.94182,3.99,5.91,6.642,4.974,0,79.2,11.6,2.83,5.08,6.249,4.02,0,159,12.6,3,6.01,6.856,5.097,0,196.7,11.5,2.8,5.6,1.7,2.532215732,0.044195502,25,7.958333333
11/12/2012,32.94456,2.83,5.93,6.671,5.106,0.201,172.7,9.05,2.48,4.99,5.999,3.952,0.2,167.3,9.27,4.19,6.23,6.889,5.23,0.197,173.2,10.88,0,4.7,-1,-56.99752525,-0.994794481,11,3
12/12/2012,32.94730,2.77,6.15,7,5.36,0,119.8,8.56,2.64,5.17,6.374,4.067,0,147.4,7.72,4.12,6.36,7.15,5.163,0,169.6,9.11,0,4.7,-0.4,-91.08361448,-1.589708967,12,3.291666667
13/12/2012,32.95003,4.84,5.29,6.653,3.429,5.226,97.3,10.32,4.46,4.45,5.893,2.507,8.6,129.7,12.39,4.89,5.33,7.02,3.416,7.29,164.8,12.35,8.4,3.5,0.6,101.5679511,1.772695161,16,7.916666667
14/12/2012,32.95277,6.52,5.45,7.21,4.346,1.608,91,13.65,5.92,4.55,6.326,3.447,4.2,127.7,14.61,6.12,5.4,7.15,4.4,4.531,160.7,18.13,6,6.5,2.1,94.5432438,1.65009089,33,16.91666667
15/12/2012,32.95551,2.36,7.02,9.05,5.737,8.64,111.4,8.92,1.94,6.36,8.67,4.888,9.2,95.5,8.49,2.33,6.94,9.21,5.661,8.47,152.6,10.88,16.2,6.4,2.7,50.58709076,0.882911293,33,8.5
16/12/2012,32.95825,3.61,8.43,8.95,7.99,0,183.8,9.64,3.15,7.84,8.47,6.98,0.2,152.9,11.38,3.43,8.48,9.1,7.9,0.197,188.2,11.3,4.8,8.6,2,-172.7583058,-3.015201246,21,7.833333333
17/12/2012,32.96099,2.42,7.94,8.97,5.397,0,40.76,6.795,2.04,7.44,8.63,5.634,0,80.5,7.15,2.17,7.89,9.2,5.163,0,3.38,8.46,0.2,7.5,0.8,60.32243264,1.052825062,10,3.75
18/12/2012,32.96372,2.23,7.71,9.33,5.765,0.201,68.31,13.2,3.01,7.05,7.79,5.941,0,162.2,12.86,3.65,6.94,8.5,4.334,0,144.1,14.05,0.4,6.4,-0.7,-74.34559763,-1.297575463,16,3.541666667
19/12/2012,32.96646,6.92,7.38,8.08,6.623,1.809,107.2,18.95,8.09,6.7,7.35,5.999,2.6,147.6,18.07,9.69,7.47,8.2,6.856,3.743,171.2,18.85,25,7.9,3.7,122.9037496,2.145075094,33,14.91666667
20/12/2012,32.96920,5.11,6.79,8.15,5.35,1.005,100.8,11.5,5.23,6.08,7.3,4.61,3.2,136.7,11.12,6.07,6.69,7.91,5.163,2.955,164.5,17.67,22.4,7.9,5.2,113.6793605,1.984079133,33,18.75
21/12/2012,32.97194,3.88,7.28,8.45,6.076,0.402,114.5,10.98,4.96,6.63,7.78,5.366,0.8,146.6,12.44,6.6,7.19,8.23,6.093,0.591,172.5,12.87,11.4,6.6,5.4,122.5047687,2.138111564,31,16.20833333
22/12/2012,32.97467,7.1,7.79,9.97,6.623,18.29,117.1,16.27,7.73,7.2,9.66,5.951,27.8,138.9,17.37,8.18,7.46,9.43,6.358,33.69,164.6,16.95,33.4,7.3,5.2,112.9122864,1.970691164,41,22.29166667
23/12/2012,32.97741,4.12,8.79,9.89,7.55,13.27,64.78,16.37,4.44,8.36,9.64,7.26,17,9.46,22.88,4.53,8.23,9.23,7.07,15.56,325.4,21.14,48.2,9,6.5,-146.0782904,-2.549547132,33,17.75
24/12/2012,32.98015,4.14,7.83,8.66,6.737,8.44,202,13.07,3.75,7.3,8.18,6.306,7.2,162.5,17.3,3.03,7.69,8.57,6.391,7.49,212.3,12.97,9.4,8,5,-172.1393909,-3.004399144,33,11.04166667
25/12/2012,32.98289,2.74,6.97,7.64,6.019,6.231,46.8,19.86,2.71,6.5,7.13,5.576,5.6,315.9,17.28,2.74,6.73,7.45,5.761,5.122,322.3,16.63,3.2,7.7,2.8,-119.515083,-2.085931703,24,8.625
26/12/2012,32.98563,6.39,5.12,6.397,3.241,0,54.86,18.88,5.48,4.49,5.922,2.649,0.4,182.2,30.6,4.78,5.06,6.292,3.272,0.197,229.3,19.53,3,6.1,-0.5,17.66806325,0.308365876,38,12.75
27/12/2012,32.98836,7.06,5.42,8.24,3.326,3.618,140.3,17.97,5.91,4.7,7.85,2.545,4,151.2,25.41,5.36,5.39,8.28,3.348,3.743,196.8,19.18,0.6,5.7,0.8,121.3338111,2.117674498,37,19.75
28/12/2012,32.99110,11.62,9.47,11.12,6.462,56.88,205.5,30.05,9.02,9.05,10.73,5.864,49.8,147.2,45.84,7,9.2,10.42,6.624,24.82,205.8,23.52,36.4,10.7,5.2,-179.1444878,-3.126661149,55,27.125
29/12/2012,32.99384,8.09,6.75,9.12,2.773,62.51,155.4,33.39,7.22,6.21,8.75,2.421,75.8,238.4,49.62,7.44,6.64,8.86,3.172,10.44,202.6,34.07,6.8,11.7,3.5,-152.6165827,-2.663661862,67,24.375
30/12/2012,32.99658,6.16,6.29,7.58,3.466,3.819,78,24.7,4.78,5.66,7.03,2.868,3.4,263.7,24.8,5.76,6.24,7.61,3.537,5.516,249.2,28.68,6.8,7.2,2.2,-134.6512836,-2.350108241,51,20.33333333
31/12/2012,32.99932,4.07,4.92,6.341,3.101,13.27,33.81,17.12,4.73,4.46,5.788,2.877,15.6,359.1,23.78,5.03,4.88,6.225,3.338,14.97,1.477,18.39,17,9.7,2.2,-121.2954983,-2.117005812,37,13.125
01/01/2013,33.00205,2.46,6.97,8.41,4.477,3.015,351.8,17.67,4.57,6.49,7.54,4.163,4,12.86,21.73,4.67,6.91,8.12,4.599,3.94,344.2,19.47,4.2,6.6,1.6,-84.36269851,-1.472406855,28,11.16666667
02/01/2013,33.00479,4.99,9.72,10.66,7.15,13.87,74,18.95,4.58,9.46,10.57,6.595,16,251.1,19.43,4.9,9.5,10.26,7.29,13.4,327.1,22.05,18,11.8,3.4,-140.9474852,-2.459997689,36,16.79166667
03/01/2013,33.00753,3.93,9.79,10.7,9.12,0.603,137.9,16.27,3.86,9.44,10.41,8.7,1,342.7,20.34,4.36,9.41,10.16,8.9,0.788,175.5,23.88,2,10.9,7,-135.6702185,-2.367892009,34,15.75
04/01/2013,33.01027,5.82,9.85,10.32,9.41,0.603,189.6,16.89,5.48,9.43,9.99,8.93,1.2,102.3,20.5,5.05,9.29,9.83,8.6,0.394,193.6,21.27,0,11.3,9.5,-154.1773259,-2.690901969,35,17.41666667
05/01/2013,33.01300,6.99,9.54,10.03,8.5,9.65,194.7,19.67,5.43,9.14,9.72,8.48,5.8,170.4,20.74,4.27,8.85,9.36,8.13,5.713,229.1,15.39,5.2,10.2,7.9,-160.4525879,-2.800425953,36,18
06/01/2013,33.01574,4.37,9.26,10.12,8.43,2.211,162.7,16.56,4.09,8.81,9.81,7.83,2,164.1,20.44,4.21,8.64,9.43,7.4,1.773,186.5,16.95,6.2,9.8,4.7,-174.4236233,-3.044266519,30,12.625
07/01/2013,33.01848,2.78,9.15,9.76,8.34,5.025,190.8,10.81,2.62,8.71,9.43,7.84,5,171.3,9.72,2.68,8.36,8.73,7.34,3.743,186,11.6,3.2,9.7,5.7,-173.0419,-3.020150899,23,8
08/01/2013,33.02122,5.49,8.67,10.16,6.499,5.226,97.6,20.58,4.55,8.16,9.82,6.336,5.2,156.3,21.33,5.1,7.68,8.6,6.343,5.122,209,23.03,11.8,10.3,5.9,-164.7129873,-2.874783949,34,13.91666667
09/01/2013,33.02396,3.05,8.51,9.27,7.21,4.824,139.9,13.3,2.63,7.98,8.72,6.7,5.2,238.7,11.95,2.76,8.19,9.1,6.807,3.743,234.1,14.21,1.2,9.2,4.5,-116.6703065,-2.036280988,28,9.083333333
10/01/2013,33.02669,3.87,7.16,7.93,6.378,0,108.2,10.98,4.08,6.39,7.4,5.442,0,145.9,12.57,4.93,6.96,7.68,6.325,0,167.1,11.92,0.4,7.7,3.5,95.79421078,1.671924383,15,6.375
11/01/2013,33.02943,4.07,7.9,9.06,6.661,2.613,159.8,16.04,4.04,7.26,8.32,6.143,3.4,157.7,15.58,4.65,7.59,8.73,6.448,2.758,181.7,15.09,6,7.9,5.4,168.3465581,2.938201724,22,10.54166667
12/01/2013,33.03217,3.89,7.28,8.44,6.377,7.44,158.8,13.39,3.94,6.7,7.91,5.797,9,149.2,15.4,4.34,6.98,8.05,6.159,7.68,187.1,13.33,9.4,6.3,-0.3,-172.8212367,-3.016299598,29,7.125
13/01/2013,33.03491,3.03,6.65,8.25,3.737,6.834,19.09,14.77,4.02,6.18,7.87,3.162,8.2,20.61,16.03,4.06,6.46,7.92,3.471,8.27,342.8,18.65,20,6.4,1.5,-150.3689041,-2.62443247,37,12.45833333
14/01/2013,33.03765,2.48,4.98,6.435,2.71,1.809,356.5,14.24,4.46,4.52,5.779,2.251,1.6,350.7,19.12,4.51,5.01,6.458,2.908,1.379,318.4,18.06,13.8,6.4,0.3,-57.51961562,-1.003906677,32,10.79166667
15/01/2013,33.04038,3.25,5.59,7.74,3.372,4.422,238.1,17.44,3.32,5.04,6.076,3.553,3.2,216.6,14.47,4.07,5.49,6.69,2.423,3.349,191.9,15.94,3,5.6,0.4,-148.5582243,-2.592830146,20,8.125
16/01/2013,33.04312,5.85,6.1,7,4.656,9.25,198,18,4.86,5.5,6.451,4.048,7.6,177.7,13.4,6.12,5.98,6.789,4.666,5.91,179.4,16.82,3.6,5.1,2.5,177.5368115,3.098601903,27,15.04166667
17/01/2013,33.04586,5.24,6.77,8.1,5.783,0.603,123.5,17.71,6.48,6.14,7.59,5.117,0.6,147.6,19.49,8.29,6.5,7.61,5.595,0.788,177.4,18.2,1.2,6,3.7,149.6790637,2.612392482,24,14.375
18/01/2013,33.04860,7.96,4.41,6.114,3.373,0,100.9,17.84,8.91,3.72,5.538,2.459,0,140.6,19.97,9.69,4.42,6.192,3.143,0,164.9,21.82,0,5.1,2.1,122.1205365,2.131405447,42,22.58333333
19/01/2013,33.05133,7.01,4.34,5.041,2.719,1.005,88.3,16.63,6.75,3.46,4.22,1.748,1.2,127.5,17.08,7.22,4.2,5.001,3.04,1.773,159.1,21.56,0,4.6,2.1,102.5015815,1.788990085,40,20.5
20/01/2013,33.05407,5.56,3.52,4.637,1.758,0,100.1,11.56,6.04,2.75,3.838,0.932,0,137.9,13.81,7.02,3.73,5.13,1.792,0,161.8,14.21,0,2.4,1,116.6534419,2.035986644,28,16.25
21/01/2013,33.05681,7.21,3.71,4.581,2.485,0,82.9,15.06,6.23,2.81,3.743,1.757,0.4,131.9,22.87,6.18,3.54,4.5,2.542,0.394,166.8,18.62,0,4.1,2.1,100.8247943,1.759724629,38,21.29166667
22/01/2013,33.05955,7.73,4.29,5.06,3.335,0,77.8,16.56,6.04,3.4,4.21,2.573,0,148.9,25.82,5.43,4.11,5.23,3.214,0,190.8,23.52,0,4.1,2.3,93.31254661,1.628611172,39,22.45833333
23/01/2013,33.06229,3.45,4.47,5.369,2.365,7.44,125.3,12.35,3.87,3.68,5.04,1.615,7,150.8,10.83,5.36,4.68,5.53,2.542,7.09,172.1,14.47,0,5.5,-1.6,139.2212655,2.429869471,19,8.125
24/01/2013,33.06502,5.06,5.15,7.61,3.41,4.623,182,16.4,4.57,4.36,7.1,2.678,3.6,166.9,17.97,6.31,5.34,7.55,3.902,3.349,177.1,17.87,0.2,5,-3.4,-147.9610322,-2.582407177,30,9.791666667
25/01/2013,33.06776,3.82,6.45,7.75,4.58,12.06,99.7,16.43,4.54,5.84,7.2,3.962,11,130.6,21.73,4.86,6.27,7.75,4.4,11.82,163.4,18.95,9.2,6.2,4.5,177.4349432,3.096823966,40,17.33333333
26/01/2013,33.07050,4.58,6.21,8.77,2.541,13.67,150.7,24.47,4.52,5.68,8.36,2.449,10.8,151.6,21.36,4.96,6.16,8.58,2.874,12.41,228.4,22.61,14.6,7.4,1.2,-147.8825855,-2.581038023,39,14.58333333
27/01/2013,33.07324,5.28,6.56,8.56,3.12,6.633,147.9,23.62,4.89,6,8.13,2.535,9,211.6,26.61,5.43,6.53,8.24,2.973,8.08,196.9,31.39,13,8.6,2.9,-137.1616027,-2.393921574,40,12.58333333
28/01/2013,33.07598,6.98,7.35,9.04,4.974,10.25,149.5,24.86,6.35,6.83,8.69,3.847,9.8,150,26.56,6.76,7.37,8.94,4.798,10.64,217.4,25.41,14.8,7.9,3.6,-156.2461284,-2.727009385,45,21.75
29/01/2013,33.07871,7.38,7.74,9.75,5.915,34.37,129.9,34.14,7.03,7.29,9.45,5.155,22.6,171.4,33.22,7.41,7.78,9.53,6.157,20.49,225.5,32.08,30.8,9.2,4.7,-149.754844,-2.613715098,67,22.33333333
30/01/2013,33.08145,6.52,6.95,8.06,4.852,6.432,41.23,26.36,7.48,6.52,7.61,3.896,37.8,319,36.3,8.28,6.99,8.14,5.031,6.304,342.3,30.61,23,7.3,4.6,-101.2749838,-1.767581917,68,32.5
31/01/2013,33.08419,4.97,5.9,7.28,5.003,3.417,74.8,11.92,3.63,5.19,6.383,4.239,5.6,161.3,14.03,3.61,5.87,7.22,4.832,3.94,201.2,14.99,0.2,6.7,2.9,100.139299,1.747760478,29,11.125
01/02/2013,33.08693,4.22,5.15,6.359,3.102,0.201,40.32,15.55,3.79,4.63,5.712,2.298,0.2,205.7,17.04,3.93,5.22,6.292,3.073,0.197,299.4,15.52,8.2,5.7,1.2,11.40979969,0.199138572,33,17.04166667
02/02/2013,33.08966,4.66,5.64,9.27,2.869,9.05,221.2,21.14,3.99,5.18,9.07,2.859,8.4,122.4,26.08,3.53,5.6,9.47,2.622,8.08,247.1,17.61,6.4,5.6,-0.3,-99.5447952,-1.73738443,44,11.04166667
03/02/2013,33.09240,5.55,8.34,9.85,4.795,5.226,58.13,24.27,6.89,7.96,9.61,4.334,12.8,303.1,30.49,6.76,8.34,9.76,5.064,7.49,8.73,26.66,21,9.5,5.1,-112.0080081,-1.95490853,47,21.29166667
04/02/2013,33.09514,7.58,3.66,6.312,1.153,11.86,40.86,29.79,10.04,3.22,5.893,0.601,63,327.2,35.77,10.65,3.64,6.325,1.492,13.79,3.355,35.9,12.6,9.6,1,-100,-1.745329252,60,28.91666667
05/02/2013,33.09788,5.93,5.52,7.71,1.702,9.45,32.3,27.51,7.6,5.01,7.07,1.112,18.8,340.3,31.25,8.47,5.59,7.62,1.826,15.37,3.752,29.69,27.8,7.6,1,-41.24277703,-0.719822252,50,26.66666667
06/02/2013,33.10062,3.27,4.72,6.331,2.925,1.809,12.02,19.5,4.08,4.25,6.21,2.497,0.8,292.4,24.61,4.49,4.9,6.292,3.007,1.576,33.18,22.18,2.4,6.1,1.1,-16.48573136,-0.287730292,38,16.41666667
07/02/2013,33.10335,2.56,5.72,8.01,3.588,4.422,285.5,15.16,3.94,5.22,7.43,3.505,5,342.4,18.9,4.49,5.66,7.82,3.182,4.728,333.3,21.07,2.8,5.5,0,-106.3725305,-1.856550892,36,5.833333333
08/02/2013,33.10609,1.71,7.12,8.83,4.796,2.814,41.05,10.26,2.85,6.73,8.58,4.191,3.8,336.3,14.27,2.99,7.22,9.1,4.765,2.758,326.4,15.94,3.4,6.6,2.6,-98.70245321,-1.722682788,36,8.375
09/02/2013,33.10883,2.69,8.01,8.67,6.812,1.407,172.2,9.02,2.13,7.67,8.33,6.449,2.6,99,9.46,2.96,7.38,8.2,5.821,1.182,183.5,10,2.6,7.6,5.4,152.8457366,2.667661351,17,7.041666667
10/02/2013,33.11157,4.71,5.09,6.85,3.71,3.819,91.4,13.33,4.62,4.42,6.488,3.048,6.2,135.5,11.11,5.07,4.29,5.988,3.139,6.107,166.6,12.02,0.4,5.6,3.2,104.161395,1.817959296,34,17.95833333
11/02/2013,33.11431,4.14,5,5.615,4.028,0.804,119.9,15.97,4.63,4.23,4.811,3.429,1.4,149.2,13.21,5.72,4.87,5.661,3.902,1.379,171.3,15.42,15.2,5.1,2.5,120.3496798,2.100498167,37,14.125
12/02/2013,33.11704,4.64,4.98,5.539,4.309,0.402,165.3,16.89,6.07,4.27,4.993,3.476,0.6,148,15.51,8.28,5.1,5.628,4.467,0.788,177.3,17.77,0,5.1,3.3,160.0646242,2.793654708,26,13.125
13/02/2013,33.11978,5.37,7.14,8.62,4.674,21.91,170,22.61,5.35,6.66,8.2,3.896,21.2,175.3,21.3,6.44,6.73,8.05,4.765,21.47,183.7,24.11,22.8,8.8,1.9,175.5989929,3.064780589,45,21.29166667
14/02/2013,33.12252,4.42,7.97,8.94,7.07,2.814,32.61,16.53,5.63,7.49,8.26,6.788,5.8,35.57,29.19,5.47,7.71,8.57,6.883,4.531,329.5,23.39,12.4,8.3,4.9,-123.4477934,-2.154570448,38,15.04166667
15/02/2013,33.12526,3.06,7.46,8.11,6.699,0.603,211.3,14.47,3.48,7.03,8.06,6.287,0.6,166.4,14.68,3.23,7.38,8.07,6.714,0.591,275.2,18.36,1,9.1,3.7,-125.0765896,-2.182998305,19,8.875
16/02/2013,33.12799,6.72,8.61,9.09,6.974,1.809,205.5,16.3,5.3,8.16,8.79,6.441,1,153,17.58,4.17,7.98,8.63,6.922,0.591,204.9,18.13,1,8.5,6.3,-171.263407,-2.989110341,30,16.16666667
17/02/2013,33.13073,6.93,7.82,9,7.22,0.201,200.7,18.75,4.96,7.22,8.51,6.633,0,167.5,15.87,8.4,7.38,8.4,6.882,0,178,19.53,0,9,5.3,-179.217827,-3.12794116,32,14.79166667
18/02/2013,33.13347,3.76,6.52,7.57,5.416,0,151,13.98,4.38,5.83,7.08,4.534,0,153.3,11.98,5.99,6.35,7.19,5.329,0,176.3,16.46,0,8.3,0.7,169.5044205,2.958410234,13,3.458333333
19/02/2013,33.13621,2.48,6.77,7.72,6.17,0,140.1,8.98,3.01,6.12,7.36,5.27,0,153.7,8.36,4.01,6.62,7.57,6.026,0,174.2,9.96,0.4,5.1,-0.2,43.04598821,0.751294224,11,3.875
20/02/2013,33.13895,4.38,6.34,7.69,5.755,0,173.5,15.52,5.75,5.63,6.708,5.079,0,149.3,17.99,7.74,6.17,6.889,5.626,0,179,15.39,0.4,8.8,-0.6,166.5520413,2.906881496,13,5.333333333
21/02/2013,33.14168,4.05,4.03,5.878,3.074,0,120.2,16.43,5.57,3.36,5.222,2.535,0,146.4,14.04,7.26,4.2,5.96,3.272,0,176.5,13.56,0,6.7,-2.3,-86.05826985,-1.502000158,12,3.5
22/02/2013,33.14442,2.7,3.3,4.187,2.523,0,147.8,11.3,3.23,2.56,3.505,1.558,0,158.3,9.47,4.45,3.52,4.5,2.619,0,175.9,11.17,0.4,4.6,-2.8,-86.59044054,-1.511288288,15,4.833333333
23/02/2013,33.14716,2.35,4.24,5.549,2.925,1.206,67.66,8.92,2.41,3.58,4.85,2.204,1.2,202.3,8.95,2.88,4.21,5.407,2.357,1.182,212.1,9.47,1.6,6,2.3,73.88624684,1.289558279,23,11.83333333
24/02/2013,33.14990,3.89,4.96,6.511,4.169,0,189.1,11.99,3.66,4.2,5.701,3.334,0.2,169.6,10.24,5.44,5.02,5.653,4.367,0,176,13.16,0.2,6.5,-2.5,124.4680024,2.172376455,15,4.666666667
25/02/2013,33.15264,7.08,5.9,7.27,4.703,0.201,211.7,14.96,5.76,5.31,6.66,3.867,0,170.6,16.18,4.59,5.99,6.751,4.997,0,213.8,15.22,0,7.2,-1.3,-171.0869039,-2.98602978,19,9.583333333
26/02/2013,33.15537,6.22,7.17,8.67,6.133,0,207.9,12.35,5.2,6.64,7.83,5.663,0,151.1,14.12,3.62,7.13,7.93,6.225,0,225.6,10,0,9.6,1.7,-162.9988855,-2.844867229,21,9.625
27/02/2013,33.15811,3.3,8.05,8.7,6.955,0,166.3,10.52,2.98,7.53,8.29,6.499,0,269.2,14.06,3.26,8,8.7,7.02,0,193,11.86,0,8.5,2.4,-156.3138339,-2.728191068,18,9.25
28/02/2013,33.16085,1.54,8.79,9.89,7.34,2.814,2.452,8.56,2.43,8.36,9.32,7.18,3.8,354.5,16.69,2.63,8.49,9.63,6.254,2.364,357.2,9.41,0,9.7,5.7,-84.15071643,-1.46870707,16,6.083333333
01/03/2013,33.16359,1.51,8.07,9.17,7.14,0.804,153.1,7.06,1.67,7.61,8.59,6.566,1.4,300.1,10.52,1.58,7.52,8.47,5.96,0.591,339.9,9.77,0.8,9.6,4,-121.1952129,-2.115255503,17,5.625
02/03/2013,33.16632,1.25,8.12,9.56,6.699,1.608,331.3,8.46,2.46,7.64,9.18,5.912,1.8,10.88,11.8,2.37,7.76,9.43,6.126,1.182,355.4,9.54,0.4,9.4,5.4,-82.28234008,-1.436097751,21,8.333333333
03/03/2013,33.16906,1.72,7.59,10.05,6.236,4.02,202.2,9.87,1.65,6.92,9.59,5.586,2.4,253.4,11.9,1.52,6.83,9.33,4.997,1.97,206.1,7.02,1.2,9.5,3,-143.4204211,-2.503158563,16,6
04/03/2013,33.17180,4.83,6.54,7.45,5.548,0,208.7,12.97,3.91,5.93,6.893,4.993,0,175.2,12.57,3.11,6.33,7.29,5.329,0,206.5,11.6,0,7.4,5.1,-165,-2.879793266,24,12.54166667
05/03/2013,33.17454,2.2,6.78,8.19,5.812,1.005,114.3,8.43,1.88,6.15,7.59,4.869,2.8,170.1,11.06,1.62,6.31,7.87,4.301,1.182,192.4,10.09,0.4,8.1,4.4,165.249887,2.884154616,17,6.708333333
06/03/2013,33.17728,5.79,6.51,7.28,5.906,0.201,77.1,11.14,4.57,5.87,6.806,5.299,0.4,129.2,12.93,3.52,6.32,7.12,5.661,0.591,179.5,14.21,0,7.2,5.2,94.17520567,1.643667413,39,20.08333333
07/03/2013,33.18001,6.38,6.93,8.07,5.982,0.402,71.6,11.24,4.14,6.34,7.78,5.328,1.2,133.9,16.4,3.28,6.72,7.92,5.794,0.788,251.6,16.4,0,7.5,5.3,89.58254607,1.563510381,37,23.04166667
08/03/2013,33.18275,9.16,6.28,7.59,5.511,0.201,71.5,16.69,6.15,5.57,6.942,4.859,1,154.9,23.49,5,6.05,7.45,5.329,1.182,224,20.87,0,6.2,4.5,92.07844153,1.607071975,46,29.125
09/03/2013,33.18549,10.18,5.57,6.283,3.906,0,67.32,16.95,7.72,4.82,5.433,3.191,0.4,173.2,31.14,6.47,5.36,5.96,3.902,0,215.4,20.19,0,6.1,4,75.83646293,1.323595971,42,23.91666667
10/03/2013,33.18823,10.12,3.54,4.89,1.897,0.201,61.19,19.83,9.29,2.76,3.952,1.282,0,180.3,29.56,7.33,3.43,4.102,1.978,0.197,202.9,22.44,0.4,4.8,1.8,66.24181167,1.156137716,36,20.75
11/03/2013,33.19097,2.86,3.33,4.89,2.076,0,48.77,8.43,2.08,2.76,4.734,1.387,0,172.4,9.9,2.07,3.41,5.148,2.124,0,244.5,9.34,0.6,5.1,-1,44.40178364,0.774957318,22,8.166666667
12/03/2013,33.19370,3.25,4.67,7.1,1.814,1.809,26.47,13.82,3.15,4.14,6.364,1.037,1.2,142.3,12.82,3.34,4.69,6.348,1.627,1.773,13.8,14.83,3.8,6.4,0.8,-28.00327862,-0.488749413,28,10.25
13/03/2013,33.19644,2.49,3.94,5.473,2.075,2.613,26.43,13.72,2.75,3.42,5.327,1.539,1.8,218.2,13.42,2.77,3.91,5.041,2.257,1.97,7.67,14.8,3.8,5.1,-0.2,-24.34275217,-0.424861174,27,7.541666667
14/03/2013,33.19918,2.52,5.95,7.14,4.6,8.04,73.9,13.52,2.45,5.45,6.711,3.762,10,287.4,12.39,2.43,5.86,6.989,4.407,9.06,274.1,15.16,3.8,7.9,-0.9,-148.331791,-2.588878139,22,9.708333333
15/03/2013,33.20192,2.06,5.46,7.31,3.803,2.01,112.9,9.18,1.8,4.76,6.902,3.067,5.8,247.7,8.83,1.76,5.04,6.544,2.944,4.531,256.2,7.48,21,8.2,1.5,-144.2610391,-2.517830115,23,6.208333333
16/03/2013,33.20465,3.78,5.33,7.93,3.353,7.84,44.56,25.55,3.27,4.68,7.29,2.782,9.2,138.8,25.31,2.86,5.15,7.4,3.748,8.67,318.7,27.51,1.2,7.6,-0.7,3.974422082,0.069366751,30,8.166666667
17/03/2013,33.20739,7.74,4.29,6.114,2.253,15.48,40.06,24.37,7.28,3.8,5.567,1.767,8.8,137.6,29.25,6.68,4.28,6.093,2.49,13.4,283.4,34.1,34,7.1,3.6,47.30528247,0.825632933,46,19.70833333
18/03/2013,33.21013,9.64,4.98,6.454,3.279,0.201,60.91,16.59,8.04,4.25,5.721,2.621,0.2,179.9,28.03,6.48,4.86,5.927,3.35,0.197,206.2,18.59,0.4,5.3,3,71.66830987,1.250847977,33,21.125
19/03/2013,33.21287,7.69,3.56,4.862,2.542,0,61.59,14.7,6.33,2.92,4.504,1.862,0,180.9,27.22,5.59,3.56,4.666,2.722,0,202.4,18.16,0,5.6,0.1,68.68987142,1.198864419,28,14.79166667
20/03/2013,33.21561,4.59,4.14,5.689,2.654,0,88.2,10,4.26,3.52,6.017,1.919,0,138.3,14.57,4.29,4.28,6.178,2.755,0,171,11.34,0,6.4,0.5,NA,NA,27,NA
21/03/2013,33.21834,5.69,3.76,4.703,3.017,0,84,13.43,5.07,3.09,4.553,2.098,0,129.3,16.64,4.87,3.75,4.699,2.888,0,163.9,17.38,0,5.6,0.4,105.835396,1.847176125,41,18.375
22/03/2013,33.22108,10.05,3.63,5.003,1.88,0.402,77.8,17.93,8.07,2.74,4.153,1.179,2.6,133.4,24.73,6.49,3.48,4.867,1.958,3.546,175.3,26.36,0,3.8,1.7,104.164604,1.818015304,51,32.75
23/03/2013,33.22382,7.67,3.16,4.29,1.927,0.201,81,19.4,6.39,2.27,3.448,1.075,0.6,129.3,20.83,5.99,3.03,4.306,1.892,0.788,166.5,20.45,0,4.1,1.5,102.9122864,1.796158239,45,28.08333333
24/03/2013,33.22656,5.57,3.23,4.59,2.197,0,86,13.62,5.31,2.54,4.706,1.369,0,126.5,12.19,5.34,3.27,4.998,2.158,0,159.6,16.33,0,5.2,1.2,107.5047687,1.876312176,35,23.41666667
25/03/2013,33.22930,4.46,3.38,4.403,2.085,0,80.7,9.05,3.67,2.65,3.791,1.331,0,132.1,9.88,3.39,3.34,4.438,2.158,0,169.6,11.89,0,5.8,1.1,103.3465581,1.80373771,30,17.5
26/03/2013,33.23203,3.42,3.1,4.261,1.927,0,79.8,11.04,2.9,2.45,4.028,1.037,0,133.4,10.4,2.81,3.11,4.334,1.693,0,171.3,12.48,0.8,6,-0.8,95.46824,1.666235119,17,8.708333333
27/03/2013,33.23477,2.82,3.61,5.153,2.588,0,88.6,7.81,2.58,2.9,5.173,1.312,0,134.4,7.71,2.72,3.63,4.895,2.556,0,165.4,9.31,0,6,-4.1,86.19041154,1.504306465,15,7.208333333
28/03/2013,33.23751,3.55,3.9,4.984,2.673,0,99.5,8.43,3.96,3.23,5.393,1.445,0,134.9,9.51,4.44,4.09,5.453,2.656,0,161,10.03,0,7.3,-1.1,104.2734148,1.819914411,19,9.625
29/03/2013,33.24025,3.19,3.63,4.656,2.841,0,101.4,7.84,3.54,2.86,4.754,1.966,0,138.3,9.06,4.15,3.87,4.941,2.921,0,161.2,9.51,0,6.8,-0.4,105.3832687,1.839285015,17,9.5
30/03/2013,33.24298,2.43,4.45,6.613,3.381,0,145.6,9.41,3.4,3.66,5.527,2.564,0,147.1,9.41,4.29,4.43,5.163,3.637,0.197,176.8,10.68,0,6.6,-3.3,148.0143368,2.583337517,13,6
31/03/2013,33.24572,3.91,4.29,4.722,3.747,0,108.5,9.87,4.74,3.67,4.859,2.972,0,144.6,10.75,5.85,4.57,5.163,4.103,0,169,10.94,0,6.8,-2.6,121.4227158,2.119226178,13,5.782608696
01/04/2013,33.24846,3.73,3.79,4.816,2.942,0,101.5,9.08,4.12,3.05,4.716,2.165,0,139.4,10.52,4.97,3.97,NA,NA,0,162.3,10.65,0,6.7,-1.9,85.52974446,1.492775649,18,6.875
02/04/2013,33.25120,2.29,4.43,5.933,3.504,0,90.4,6.958,2.62,3.78,5.892,2.241,0,141.6,8.37,3.08,4.65,NA,NA,0,176.5,7.51,0,8,-2.9,97.4789356,1.701328378,14,5.625
03/04/2013,33.25394,3.33,5.3,8.23,2.823,0,38.29,10.32,2.82,4.69,7.22,2.583,0,209.2,14.22,2.53,5.54,NA,NA,0,299.5,11.89,0,7.2,-2.1,38.97119408,0.68017565,18,6.875
04/04/2013,33.25667,3.62,6.08,7.82,4.815,0,51.39,8.53,2.93,5.45,7.31,3.876,0,164.2,12.79,2.54,6.31,NA,NA,0,255.2,11.17,0,8.9,0.1,49.65869585,0.866707745,17,7.208333333
05/04/2013,33.25941,1.42,5.96,8.47,3.635,0,21.38,4.018,2.16,5.25,8.24,2.972,0,4.055,5.163,1.54,6.14,NA,NA,0,57.16,4.41,0.4,9,-0.9,-175.5539043,-3.063993644,11,3.875
06/04/2013,33.26215,1.83,5.75,8.99,3.634,1.608,123.6,7.64,1.92,5.06,8.58,3.01,2,155.5,9.43,1.86,5.94,NA,NA,1.97,110.5,8.3,8,4.7,-0.4,47.04794943,0.821141624,15,7.041666667
07/04/2013,33.26489,6.26,3.42,4.282,2.29,1.005,68.61,12.05,4.2,2.63,3.438,1.558,2.8,166.8,16.39,3.62,3.56,NA,NA,1.576,218.5,12.61,0,6.5,1.9,93.38908729,1.629947059,23,12.58333333
08/04/2013,33.26762,4.39,3.53,4.544,2.337,3.216,67.26,8.66,2.64,2.79,3.686,1.709,8,154.9,11.88,2.27,3.69,NA,NA,5.319,234,9.9,2,6.6,1.5,98.56071135,1.720208926,24,13
09/04/2013,33.27036,2.71,3.93,5.897,2.094,3.015,61.41,8.56,2.1,3.26,5.02,1.235,6.4,116.4,7.93,2.32,4.12,NA,NA,4.137,160,8.53,0.4,7.9,0.2,100.4378252,1.752970743,23,11.25
10/04/2013,33.27310,2.86,5.18,6.973,1.917,1.206,85.4,7.84,2.91,4.59,6.861,1.188,0.8,136.6,8.16,2.89,5.41,NA,NA,0.985,173,9.73,0,8.6,-2.1,115.4131294,2.014339109,15,7.416666667
11/04/2013,33.27584,2.76,5.11,6.5,3.766,2.814,78.3,6.272,2.25,4.41,6.247,3.287,3.6,111.6,7.89,2.08,5.29,NA,NA,3.152,169.5,6.991,0.2,8.3,-1.2,148.1935442,2.586465276,13,6.083333333
12/04/2013,33.27858,1.68,6.29,8.87,3.897,0,41.64,6.272,1.69,5.71,8.62,3.448,0,13.17,5.787,1.33,6.53,NA,NA,0,13.53,5.651,0.6,9.4,2.3,5.476002482,0.095574273,11,5.166666667
13/04/2013,33.28131,4.59,7.07,8.94,5.135,8.84,121.2,18.95,5.18,6.58,8.58,4.325,8.2,145.1,19.93,4.88,7.35,NA,NA,12.02,164.3,19.83,9.4,10.3,-1.2,154.9820096,2.704946349,28,7.416666667
14/04/2013,33.28405,8.6,9.23,10.39,7.5,9.25,206.3,23.1,7.04,8.72,9.95,7.15,4.2,174.5,27.31,6.37,9.5,NA,NA,4.925,195.2,23.19,31,11.1,7.1,177.6004944,3.09971338,40,17.70833333
15/04/2013,33.28679,4.73,8.46,9.71,7.26,1.809,118.9,17.77,4.45,7.93,9.47,6.718,2,183.3,24.36,5.03,8.72,NA,NA,2.758,175.9,21.59,4,11.6,7,-154.6947974,-2.69993355,53,19.66666667
16/04/2013,33.28953,5.16,8.06,9.58,7.05,7.04,74.6,25.41,4.87,7.52,9.09,6.671,8.2,163.3,26.06,5.28,8.31,NA,NA,8.67,225.9,26.88,21.6,10.8,6.1,175.0432985,3.055081892,43,15.95833333
17/04/2013,33.29227,5.11,7.94,9.75,4.609,4.221,166.5,16.37,4.49,7.42,9.24,3.981,7.2,161,28.06,4.24,8.2,NA,NA,8.47,189.7,22.54,16.6,8.8,5.3,168.0211928,2.932523027,32,14.875
18/04/2013,33.29500,3.13,7,9.01,5.078,3.216,3.954,16.66,5.62,6.45,7.93,4.62,2,345.6,23.97,5.37,7.24,NA,NA,1.97,283.2,22.34,8.4,9.6,4.4,-56.52743487,-0.986589856,39,16.41666667
19/04/2013,33.29774,4.55,7.6,9.41,3.775,1.206,202.5,14.8,3.67,7.03,9.3,3.847,0.6,104.1,23.49,2.98,7.83,NA,NA,1.379,218,11.4,0.2,10.3,3.1,-128.1584245,-2.236786473,27,12.45833333
20/04/2013,33.30048,7.77,8.75,10.52,5.642,7.04,190,22.47,6.41,8.2,9.7,5.155,5.8,107,30.04,4.86,8.98,NA,NA,6.304,206.2,16.53,16,10.2,6.2,-159.2689013,-2.779766724,44,21.75
21/04/2013,33.30322,4.21,7.09,8.57,5.304,5.427,97.8,16.69,3.35,6.59,8.35,5.059,2.8,259.3,16.07,3.94,7.35,NA,NA,4.137,255.8,17.44,10.4,9.7,4.9,-144.6192529,-2.524082124,35,14.08333333
22/04/2013,33.30595,5.84,8.4,10.08,6.482,4.02,100.2,18.29,5.04,7.96,9.65,6.075,3.8,20.23,26.13,4.95,8.69,NA,NA,4.334,230.4,22.21,5,11,4.5,-126.3288308,-2.204854038,45,21.54166667
23/04/2013,33.30869,4.89,7.54,8.9,5.698,0.402,68.03,19.37,4.35,7.1,8.95,5.327,0.6,355.9,25.06,5.2,7.83,NA,NA,0.591,299.3,22.15,5.2,10,5.2,-115.4070899,-2.014233699,46,18.25
24/04/2013,33.31143,3.56,7.12,9.93,4.965,0.804,71.2,13.88,3.69,6.38,8.11,4.601,0.6,326.5,23.85,4.17,7.25,NA,NA,1.182,338.5,17.74,6,11.1,4.2,-111.5619183,-1.947122794,34,13.66666667
25/04/2013,33.31417,3.67,6.48,8.68,3.737,7.04,77.2,16.73,3.65,5.92,8.28,3.648,5.2,300,17.82,3.88,6.7,NA,NA,9.26,332.8,16.33,5.6,9.9,3.7,-134.2282582,-2.342725055,35,12.58333333
26/04/2013,33.31691,3.76,5.73,8.27,3.69,7.24,15.91,23.26,5.25,5.14,7.31,3.353,5,358.1,27.2,5.47,5.94,NA,NA,5.122,334,20.68,7.4,8.3,1.8,-30.87068371,-0.538795073,37,15.29166667
27/04/2013,33.31964,3.85,6.27,8.77,3.999,2.412,99,17.67,3.62,5.74,8.45,3.657,3,238.3,19.11,4.08,6.51,NA,NA,2.955,188.5,19.08,4.8,7.4,2.1,-104.9712326,-1.832093628,37,13.29166667
28/04/2013,33.32238,4.43,6.84,8.65,4.194,4.02,25.35,21.59,6.67,6.23,8.26,3.466,3.8,347.1,29.36,6.59,7.03,NA,NA,5.122,354.2,21.85,8,8.6,3.8,-102.0489456,-1.781090098,42,18.04166667
29/04/2013,33.32512,2.64,6.76,8.86,4.562,3.417,0.237,16.82,5.71,6.05,7.54,4.228,2.8,355.9,26.76,5.87,6.9,NA,NA,3.349,333.2,21.23,7,9,4.6,-52.97204966,-0.924536678,45,22.16666667
30/04/2013,33.32786,4.58,7.35,9.01,4.309,4.02,156.8,18.42,3.51,6.84,8.99,4.286,3.6,283.5,20.44,3.97,7.59,NA,NA,5.516,216.9,17.93,11.8,10.3,0.3,-129.8381101,-2.266102516,37,14.20833333
01/05/2013,33.33060,2.69,6.32,8.99,2.868,3.015,15.19,15.42,3.23,5.54,8.54,2.041,1.8,18.71,21.11,3.17,6.42,NA,NA,2.955,323.2,15.61,3.8,8.6,3.8,-74.54046107,-1.300976472,31,13.75
02/05/2013,33.33333,4.77,4.14,5.85,2.308,7.84,63.65,15.52,3.65,3.47,5.155,1.615,10,138.8,21.31,3.31,4.29,NA,NA,9.26,203.5,14.77,40.4,6.1,1.8,62.70800421,1.094461141,26,9.583333333
03/05/2013,33.33607,4.13,5.63,7.31,4.018,0.402,46.91,12.22,3.24,5.19,7.51,3.41,0.2,237.8,13.71,3.24,5.9,NA,NA,0.197,262.4,12.45,2.4,7.2,3.3,36.20087304,0.631824427,28,14.29166667
04/05/2013,33.33881,5.11,8.06,10.2,5.06,4.02,155.5,17.51,4.22,7.61,9.83,4.553,3.4,174.9,21.26,4.99,8.32,NA,NA,4.531,199.8,21.36,10.8,11.2,0.2,-140.1969874,-2.446899031,32,14.70833333
05/05/2013,33.34155,3.84,8.8,9.96,7.97,0.804,158.5,17.93,3.69,8.32,9.34,7.43,0.8,280.9,19.04,4.62,9.04,NA,NA,0.985,166.8,18,2.4,11.7,7.5,-153.9303346,-2.686591157,31,15
06/05/2013,33.34428,2.24,9.05,10.97,7.76,0,145.6,8.04,2.14,8.51,10.83,7.13,0,180.7,8.74,2.24,9.26,NA,NA,0,187,10.03,3.6,9.5,7.2,-175.0547562,-3.055281867,16,7.166666667
07/05/2013,33.34702,3.21,8.92,12.03,7.36,1.608,136.1,11.6,2.68,8.78,13.52,6.776,2,144.4,12.63,2.52,9.33,NA,NA,2.167,177.5,15.26,2.4,15.7,6.7,127.6327211,2.227611217,14,6.125
08/05/2013,33.34976,5.08,10.94,14.28,8.95,1.206,48.61,18.42,4.46,11.64,14.93,8.62,1.6,116.8,22.83,4.4,11.77,NA,NA,1.97,169.4,22.15,8.4,15.9,8.7,90.74003515,1.583712377,33,15
09/05/2013,33.35250,1.84,9.02,11.78,7.88,0,97.6,6.239,2.57,8.57,11.85,7.36,0,131.8,8.55,2.28,9.27,NA,NA,0,186.3,7.32,5.6,13.8,7.3,113.7789658,1.985817573,20,8
10/05/2013,33.35524,2.41,8.51,10.03,7.38,1.206,95.4,7.09,2.48,7.99,10.02,6.872,1.2,120,10.56,2.53,8.72,NA,NA,1.379,156.1,9.64,11.6,11.6,4.2,175.9691821,3.071241609,17,7.833333333
11/05/2013,33.35797,1.97,8.25,10.47,6.917,7.44,343.3,10.55,3.66,7.58,9.03,6.459,5.8,357.6,17.57,3.96,8.39,NA,NA,6.304,354.3,12.9,2.8,12,7.1,-54.37852723,-0.949084342,22,9.541666667
12/05/2013,33.36071,4.11,7.14,9.35,3.69,4.824,96,21.04,3.44,6.61,8.91,3.4,4,354,24.91,3.94,7.34,NA,NA,4.531,246,19.8,9.8,10.2,2.9,-136.4717919,-2.381882104,38,13.58333333
13/05/2013,33.36345,5.21,6.95,8.68,3.532,3.216,54.56,18.75,5.54,6.36,7.99,2.934,5.4,8.99,27.9,6.07,7.12,NA,NA,5.91,320.1,25.77,25.6,9.1,2.5,-127.1287267,-2.218814855,44,18.83333333
14/05/2013,33.36619,2.78,7.61,10.08,5.303,3.015,14.95,18.78,4.4,6.94,9.42,4.458,2.2,343.1,19.18,4.42,7.74,NA,NA,3.349,3.891,19.34,11.4,9.8,5.3,-55.64218921,-0.971139405,38,18.29166667
15/05/2013,33.36893,2.85,6.66,9.61,4.871,1.206,7.2,13.72,4.44,5.83,7.97,4.439,0.6,344.7,19.05,4.58,6.71,NA,NA,1.182,311.6,19.93,6,9.8,5,-34.46215872,-0.601478137,28,13.375
16/05/2013,33.37166,2.58,8.02,10.46,5.455,0.201,186.5,9.05,1.99,7.39,9.97,4.811,0.2,238.4,11.07,2.13,8.17,NA,NA,0,231.8,10.22,1.6,10.4,2.6,173.9879573,3.036662714,25,10.29166667
17/05/2013,33.37440,3.33,9.03,11.62,6.228,0.201,26.8,14.47,3.24,8.36,11.53,5.587,0,106.6,15.91,2.58,9.15,NA,NA,0.197,328.8,15.32,0,11.5,2.2,15.8921303,0.277369999,27,11.45833333
18/05/2013,33.37714,6.72,8.21,9.14,7.28,0.402,26.86,20.84,4.66,7.63,8.32,6.899,0.2,94.8,20.34,5.44,8.38,NA,NA,0.394,307.5,22.34,1,9.3,7.6,29.16353707,0.508999743,35,22.08333333
19/05/2013,33.37988,4.2,8.91,11.59,8.08,0,83.7,16.73,3.14,9.27,13.5,7.68,0.2,91.3,15.55,3.34,9.55,NA,NA,0,104.8,15.94,0,12.6,8,45.50633876,0.794235442,31,11.20833333
20/05/2013,33.38261,2.25,9.9,12.42,8.36,0.201,2.761,9.24,4.08,8.76,9.98,7.79,0.2,355.4,12.32,3.12,9.78,NA,NA,0.197,355.1,15.48,0.4,12.2,7.3,-46.41137031,-0.810031222,22,9.5
21/05/2013,33.38535,1.6,8.53,9.54,7.31,0.402,28.29,11.2,2.94,7.95,8.91,6.858,0.4,355.9,13.6,2.87,8.69,NA,NA,0.394,344,13.2,1.2,11.3,7.4,-70.47743061,-1.230063212,25,9.458333333
22/05/2013,33.38809,2.46,8.26,11.25,5.501,3.015,349.6,14.21,5.14,7.46,9.77,5.144,2,5.678,22.73,5.27,8.31,NA,NA,1.97,340.7,18.88,3.8,11.2,4.4,-56.73889261,-0.99028049,48,18.29166667
23/05/2013,33.39083,3.35,7.42,9.91,5.427,0.603,24.57,16.14,4.96,6.73,8.77,5.012,0.6,289.1,20.95,4.93,7.52,NA,NA,0.591,210.1,18.39,6.4,7.3,3.6,-14.16778854,-0.247274558,45,23.04166667
24/05/2013,33.39357,3.14,8.03,10.03,6.823,0,113.9,16.1,2.63,7.4,9.13,6.316,0,136.6,11.39,2.56,8.16,NA,NA,0,228.3,14.18,0.8,11.5,4.6,53.21388441,0.928757491,21,8.166666667
25/05/2013,33.39630,3.95,8.41,9.94,7.67,9.65,221.3,12.81,3.46,7.88,9.06,7.36,6.8,126.1,12.91,3.13,8.59,NA,NA,7.29,255.9,11.73,3.8,11.5,5.6,-158.5331372,-2.766925217,23,11.16666667
26/05/2013,33.39904,5.46,8.85,10.88,7.13,14.87,204.5,21.17,5.01,8.37,10.63,6.951,7.2,174.9,23.38,4.48,9.06,NA,NA,9.46,199.4,23.55,5.2,12.8,3.6,-168.9851119,-2.949346589,30,10.33333333
27/05/2013,33.40178,7.48,9.21,10.54,7.2,3.819,204.3,20.71,6.27,8.72,10.2,6.717,1.6,167.9,18.24,6.39,9.4,NA,NA,2.364,193.9,22.74,22.2,12.4,7.9,164.5651843,2.872204301,34,16.125
28/05/2013,33.40452,3.47,9.77,11.39,8.52,0,92,14.93,5.03,9.62,11.99,7.93,0,120.8,15.14,4.72,10.13,NA,NA,0.394,156,14.8,0,16.5,7.3,106.3669468,1.856453436,21,9
29/05/2013,33.40726,2.35,13.06,16.79,8.83,0,343.3,7.48,3.59,12.23,15.57,8.2,0,355.3,6.747,3.84,13.08,NA,NA,0.197,35.85,9.6,0,14.3,7.3,36.98691369,0.645543424,16,7.208333333
30/05/2013,33.40999,1.94,9.67,12.2,7.88,1.809,222.7,7.77,2.81,9.02,12.28,7.05,1.6,301.7,8.2,1.83,9.78,NA,NA,1.379,185,9.18,0,15.8,6.8,25.12816939,0.438569291,13,5.416666667
31/05/2013,33.41273,1.8,10.01,12.33,8.31,1.206,62.78,7.87,2.53,9.39,10.97,7.93,0.8,353.8,10.68,2.59,10.13,NA,NA,1.773,351.3,9.38,4,12.7,7.4,-97.34340934,-1.698962998,21,8.166666667
01/06/2013,33.41547,2.89,9.4,11.28,7.93,7.84,77.1,11.2,3.42,8.69,9.92,7.24,6,353.9,14.07,2.91,9.48,NA,NA,7.29,321.2,15.12,0.4,13.4,4,-128.4464588,-2.241813619,27,11.33333333
02/06/2013,33.41821,3.1,10.26,12.41,8.42,0.201,182.5,10.71,2.66,9.47,10.78,7.78,0.2,168.1,10.75,2.17,10.29,NA,NA,0.197,216.4,9.24,0,13.4,6.4,-135.7354435,-2.369030401,29,9.958333333
03/06/2013,33.42094,1.5,11.54,13.84,9.58,0.804,225.5,6.827,1.43,11.49,13.55,9.23,0.2,281.4,44.05,1.27,11.95,NA,NA,0.197,198.3,6.37,0,17.1,9.4,179.3417485,3.130103997,19,9.708333333
04/06/2013,33.42368,1.21,13.15,15.14,10.69,0.201,45.67,4.573,1.29,13.33,15.77,10.49,0,107.6,5.023,0.88,13.66,NA,NA,0,237.2,4.573,0,15.6,10.1,40.43269032,0.705683572,13,6.041666667
05/06/2013,33.42642,2.72,12.1,15.55,9.66,0,51.7,8.07,3.74,13.33,16.88,9.25,0,49.31,9.72,3.67,13.14,NA,NA,0,60.27,10.03,0,12.8,9.3,37.92155847,0.661856053,24,12.5
06/06/2013,33.42916,3,10.43,12.67,8.97,0,50.11,8.43,2.99,9.92,11.91,8.39,0,76.7,9.2,2.64,10.59,NA,NA,0.197,50.46,9.6,0.4,12.6,9.1,28.09798146,0.49040229,15,5.833333333
07/06/2013,33.43190,1.95,10.16,11.91,8.67,0,45.04,5.978,2.44,9.76,11.79,8.26,0,51.86,7.1,2.11,10.38,NA,NA,0,44.11,6.403,0,13.9,8.1,37.76880744,0.659190044,19,8.125
08/06/2013,33.43463,1.32,10.19,11.69,8.7,0,55.1,3.822,1.29,9.97,12,8.12,0,119,4.287,1.24,10.49,NA,NA,0.197,170.1,5.488,0,13.1,9.1,39.8620959,0.69572482,13,6.291666667
09/06/2013,33.43737,1.23,13,14.99,10.65,0,41.38,4.704,1.48,12.67,14.77,10.29,0,96.5,5.787,0.97,13.25,NA,NA,0,126.3,4.149,0,17.3,7.5,81.13784848,1.416122604,14,5.916666667
10/06/2013,33.44011,2.93,13.45,15.02,12.39,0,87.5,11.6,3.83,13.01,14.65,11.44,0,129.9,14.5,2.98,13.65,NA,NA,0,179.7,10.36,0,20.1,9.2,112.1604797,1.957569661,13,6.208333333
11/06/2013,33.44285,3.14,11.44,12.52,10.63,9.45,104.7,11.04,3.96,10.79,12.02,10.13,12.2,136.5,12.7,4,11.53,NA,NA,11.03,171.9,10.22,0.6,16.6,10.3,138.1756167,2.411619458,14,5.041666667
12/06/2013,33.44559,1.67,10.89,12.27,9.98,11.66,339.9,10.22,3.67,10.2,10.74,9.63,8.2,8.38,40.74,3.72,10.96,NA,NA,10.64,357.9,10.85,20.8,13.6,11,-38.14081872,-0.665682866,21,10.875
13/06/2013,33.44832,3.14,11.25,13.31,10.04,0,43.82,12.94,4,10.49,12.39,9.59,0.2,30.53,21,3.77,11.28,NA,NA,0,334.8,15.26,4.6,13.1,10.1,-107.5047687,-1.876312176,28,15.875
14/06/2013,33.45106,3.27,11.51,13.55,9.97,0.603,133,11.89,3.23,10.82,13.55,9.43,0.6,143.6,10.64,3.6,11.57,NA,NA,0.985,186.5,10.85,4.8,15.3,8.8,-168.6608397,-2.943686972,23,10.375
15/06/2013,33.45380,4.02,11.37,13.75,9.99,0.201,34.77,11.66,3.44,10.68,13,9.33,0.2,160,12.61,4,11.43,NA,NA,0.394,326.2,19.93,4.4,13.7,10.1,39.87039587,0.695869682,28,13.5
16/06/2013,33.45654,3.49,11.72,13.72,10.58,0,30.95,10.71,2.44,11.03,13.01,10.25,0,111.2,8.79,3,11.78,NA,NA,0,335.1,12.38,0,13.9,10.9,31.66829361,0.552715992,21,11.625
17/06/2013,33.45927,2.98,11.56,12.99,10.34,0,69.31,8.69,2.23,11.08,13.08,10,0,107.5,9.5,2.13,11.72,NA,NA,0.197,139.5,8.72,0,14.2,8.5,37.87486182,0.661041043,14,8.291666667
18/06/2013,33.46201,4.09,11.87,13.09,10.97,0.402,152.3,11.6,3.36,11.35,12.51,10.49,0.8,182.4,14.55,2.91,12.01,NA,NA,0.788,221.2,15.84,0.4,17.2,8,-152.6186992,-2.663698802,29,11.375
19/06/2013,33.46475,4.1,11.55,13.06,9.9,1.407,160.9,16.59,3.65,11.06,12.81,9.65,0.8,246,18.3,3.91,11.7,NA,NA,1.182,191.9,18.78,2.8,14.9,10.5,-150.9261196,-2.634157714,29,12.33333333
20/06/2013,33.46749,4.44,11.17,12.25,9.99,4.824,203.4,13.16,4.24,10.62,11.28,9.44,3.8,114.3,17.81,2.96,11.29,NA,NA,4.137,223.3,10,0.8,14.4,9.6,-172.5079641,-3.010831959,28,12.66666667
21/06/2013,33.47023,2.13,11.41,14.08,9.36,1.809,144.3,9.51,2.91,10.67,13.17,8.85,2.4,123.8,10.49,3.08,11.44,NA,NA,2.758,181.8,12.64,4.6,12.9,10.2,154.4821668,2.696222447,13,6.208333333
22/06/2013,33.47296,3.44,11.69,14.04,10.02,5.025,65.42,16.43,3.67,11.04,13.27,9.49,6,127.1,16.4,4.14,11.76,NA,NA,7.29,106.4,19.4,5.4,13.2,10,57.36726442,1.001247647,22,9.208333333
23/06/2013,33.47570,3.45,10.52,12.45,9.3,4.02,10.07,18.69,5.15,9.86,10.86,8.89,4,321.7,19.49,5.19,10.58,NA,NA,5.122,263.1,22.38,5.8,11.9,9.1,-14.22524619,-0.248277383,36,20.25
24/06/2013,33.47844,1.95,11.17,13.52,8.96,0,42.99,8.49,2.55,10.45,12.52,8.93,0,341.4,9.56,2.34,11.2,NA,NA,1.379,320.2,12.38,0.2,13.6,8.2,-52.46970194,-0.915769056,21,10.58333333
25/06/2013,33.48118,2.81,11.49,13.31,9.89,1.407,111.5,9.28,3.05,10.84,13.41,9.44,1.4,132.6,13.31,2.69,11.55,NA,NA,1.379,305.5,11.24,0.4,14.2,8.4,-135.9470848,-2.372724239,22,8.375
26/06/2013,33.48392,2.27,11.64,13.69,10.16,0.201,153.5,7.48,2.3,11.18,13.79,9.8,0.4,112.2,10.04,2.44,11.8,NA,NA,0.394,238.4,7.84,0,15.3,9.9,-97.93790791,-1.709338955,15,6.875
27/06/2013,33.48665,2.62,12.17,13.64,11.5,8.64,164.4,11.5,2.81,12.01,14.02,11.07,6.6,232.1,11.35,2.37,12.47,NA,NA,7.09,262.4,12.97,7.6,15.5,9.4,-153.4540297,-2.678278068,19,9.375
28/06/2013,33.48939,3.57,11.63,12.93,10.29,1.809,34.35,13.95,4.82,11.17,12,9.85,2.4,117.3,20.08,4.69,11.79,NA,NA,2.364,352.6,17.77,3.2,13.6,9.9,-108.679235,-1.89681048,36,14.83333333
29/06/2013,33.49213,3.64,11.45,12.59,10.1,0.201,91.2,14.11,3.21,10.98,12.23,9.7,0.4,295.5,15.77,3.71,11.6,NA,NA,0.394,321.2,20.32,0.4,14.5,7.1,-136.2065107,-2.377252075,29,11.79166667
30/06/2013,33.49487,5.95,11.45,12.52,9.8,1.608,125.9,18.49,5.33,11.01,12.16,9.45,2.8,279.3,24.37,5.23,11.61,NA,NA,1.576,199.9,22.41,2,14.1,10.9,-147.0082301,-2.565777643,42,19
01/07/2013,33.49760,3.3,10.68,12.91,9.37,1.005,112,10.91,3.5,10.17,11.82,8.89,0.2,299.1,16.01,3.71,10.8,NA,NA,0.394,300.4,16.37,2,14.7,8.7,-118.7858971,-2.073205009,25,12.75
02/07/2013,33.50034,4.81,11.08,11.96,9.87,12.86,187.4,17.84,4.21,10.62,11.54,9.41,9.6,179.7,16.89,4.78,11.23,NA,NA,9.26,201.8,18.91,13.6,11.7,9,178.7607478,3.119963622,28,14.16666667
03/07/2013,33.50308,3.05,11.75,13.96,10.32,2.613,188.2,16.82,3.36,11.15,12.74,9.84,1.6,102.5,13.94,4.04,11.83,NA,NA,1.379,232.5,17.54,0,14,10.6,-123.7757621,-2.160294583,26,10.58333333
04/07/2013,33.50582,5.54,11.94,12.99,9.94,7.84,144.4,20.55,4.91,11.44,12.09,9.52,6.4,240.1,20.17,5.31,12.06,NA,NA,6.895,175.9,24.3,11.6,16.2,11.1,-147.1580033,-2.568391678,39,18.79166667
05/07/2013,33.50856,5.7,12.21,13.26,11.61,0,179,15.75,5.35,11.7,12.74,11.19,0.2,144.2,22.98,4.34,12.33,NA,NA,0.197,202.3,17.97,1.6,15.6,11.1,-150.8528035,-2.632878107,31,15.91666667
06/07/2013,33.51129,5.66,12.06,13.59,10.93,7.64,167.2,18.26,4.79,11.72,13.23,10.67,5.4,139.7,26.61,3.81,12.26,NA,NA,5.516,241.5,13.13,4.4,14.9,10.9,-149.6508951,-2.611900849,39,17.83333333
07/07/2013,33.51403,2.9,12.29,14.67,10.91,0,184.8,8.62,2.51,11.75,13.36,10.45,0,191.5,10.89,2.23,12.39,NA,NA,0,230,9.05,0,15.4,7,-163.0064442,-2.844999152,19,7.833333333
08/07/2013,33.51677,1.93,12.9,13.8,11.81,1.005,220.1,8.1,2.88,13.09,15.09,11.7,0.8,242.3,49.33,2.15,13.37,NA,NA,0.394,226,8.53,0,19.3,11.6,-179.2333566,-3.128212202,18,9.541666667
09/07/2013,33.51951,2.12,13.57,16.4,11.67,0,244.8,7.06,2.63,13.65,15.89,11.21,0,319,9.02,2.53,13.98,NA,NA,0,358.9,8.79,0,18.8,11.7,-74.78501644,-1.305244768,18,7.416666667
10/07/2013,33.52225,0.93,12.67,14.67,10.14,0.402,110.5,3.267,1.09,12.38,13.79,10.25,0.2,144.2,3.087,1.14,12.89,NA,NA,0.197,164.9,3.299,0,16.7,12.3,63.93923796,1.115950224,11,4.375
11/07/2013,33.52498,1.65,13.17,16.86,10.25,0.201,233.1,6.958,1.38,13.06,16.77,10.09,0.2,105.4,8.74,1.45,13.49,NA,NA,0,175.5,5.978,0.4,18.1,8.8,152.0720338,2.654157689,11,3.833333333
12/07/2013,33.52772,2.03,12.61,14.25,10.91,2.412,199.5,8.85,2.82,12.8,15.44,10.5,1.6,280.8,10.21,3.06,13.07,NA,NA,1.773,290.6,10.19,0.4,20.5,11.3,-143.2497255,-2.500179363,18,7.333333333
13/07/2013,33.53046,2.06,11.54,12.63,10.43,0,65.44,9.6,2.65,10.99,11.94,9.93,0,334.1,10.7,2.49,11.63,NA,NA,0.197,341.6,12.02,0.4,14.3,9.7,-93.13058079,-1.625435269,20,9.083333333
14/07/2013,33.53320,3.4,12.51,13.22,11.68,0,77.3,12.94,3.13,12.15,13.25,11.26,0.6,295.6,12.67,3.4,12.7,NA,NA,0.394,322,16.69,7.4,15.1,11.7,-139.6117557,-2.436684812,30,13.625
15/07/2013,33.53593,2.79,13.18,13.9,12.74,0.201,56.39,11.4,3.05,12.89,13.56,12.4,0.2,291.4,11.82,4.03,13.4,NA,NA,0.394,13.88,17.51,1.8,17.2,13.4,-133.8126371,-2.335471099,29,13.45833333
16/07/2013,33.53867,2.99,13.49,13.96,13.15,0.603,156,15.06,3.54,13.25,13.58,12.97,0.6,305.8,20.37,4.7,13.73,NA,NA,0.394,151.4,17.41,1.2,18.8,12.9,-162.0476181,-2.828264481,26,12.875
17/07/2013,33.54141,2.11,13.54,13.92,13.08,1.407,64.73,14.05,2.7,13.46,14.06,13.05,1.8,281.2,15.33,3.24,13.86,NA,NA,1.576,23.33,16.69,5.2,19.2,13.4,-149.9074874,-2.616379229,30,13.04166667
18/07/2013,33.54415,2.02,13.71,15.5,12.71,0.201,101,10.26,2.65,14.04,17.51,12.41,0,275.3,10.96,2.35,14.24,NA,NA,1.182,283.3,11.5,0,21.9,13.3,-133.4660754,-2.329422456,26,11.125
19/07/2013,33.54689,1.47,13.91,15.31,13.05,0,83.6,4.573,1.43,13.89,16.17,12.86,0,187.9,5.4,1.33,14.26,NA,NA,0,172.5,5.455,0,17.8,11.4,142.389145,2.4851594,11,5.5
20/07/2013,33.54962,1.87,17.24,19.1,13.06,0,256.1,7.25,1.52,17.54,19.55,13.15,0,113.4,7.23,1.17,17.75,NA,NA,0,14.81,5.717,0,21.5,9.5,86.84374523,1.515709289,12,4.958333333
21/07/2013,33.55236,1.64,17.67,21.83,14.67,0,280.4,5.031,1.29,17.8,20.87,15.04,0,357.9,5.74,1.27,18.1,NA,NA,0,112.6,5.063,0,21.5,11.6,50.14947613,0.875273477,12,4.458333333
22/07/2013,33.55510,1.72,16.04,17.66,14.37,0,50.66,7.02,1.87,15.95,17.8,14.05,0,85.2,6.15,1.5,16.35,NA,NA,0,51.48,8.66,0.4,19.5,11.8,101.6196392,1.773597289,13,5.625
23/07/2013,33.55784,1.76,16.25,17.51,15.12,1.407,51.67,7.84,2.22,16.03,17.73,14.58,1,120.8,9.01,1.89,16.49,NA,NA,0.985,179,9.57,0,20.7,13.8,85.5166153,1.492546502,10,3.833333333
24/07/2013,33.56057,2.13,15.32,17.09,14.04,0,78.9,8.1,2.5,14.98,16.97,13.6,0,128.5,8.96,1.87,15.5,NA,NA,0,176.6,9.11,1.2,22.6,15.1,94.89155277,1.656170028,14,4.25
25/07/2013,33.56331,1.15,15.71,18.3,14.64,9.25,48.95,6.435,1.86,15.55,17.63,14.44,5.6,101.8,9.05,1.1,15.99,NA,NA,7.29,183.7,8.1,8.8,20.2,14.9,44.5160163,0.776951054,14,4.291666667
26/07/2013,33.56605,0.82,15.39,18.25,14.34,0,144.4,3.593,1.29,15.06,16.86,13.91,0.2,98.2,4.81,0.97,15.58,NA,NA,0.591,132.6,3.659,21.2,20.4,14,143.1827845,2.499011021,12,4.25
27/07/2013,33.56879,1.74,15.33,17.15,14.31,0,104.3,6.305,2.09,14.88,16.02,14.19,0,124.1,7.64,1.51,15.46,NA,NA,0,174.4,8.85,0,19.2,14.1,161.5469347,2.819525907,14,5.75
28/07/2013,33.57153,2.18,15.12,16.23,14.29,0.804,86.7,6.697,2.21,14.79,16.29,13.9,0.8,113.8,8.02,2.07,15.31,NA,NA,0.788,156.1,7.42,2.8,16.2,12.9,123.6670567,2.158397316,16,5.416666667
29/07/2013,33.57426,2.04,15.6,17.7,14.17,4.02,187,10.98,2.07,15.04,17.12,13.8,2.8,141.1,13.07,1.74,15.67,NA,NA,3.546,197.8,10.03,1.4,19.4,11.9,174.4411806,3.044572953,19,7.75
30/07/2013,33.57700,3.05,14.6,16.42,13.54,0,111.5,13.33,2.85,14.17,16.34,13.06,0,233.5,15.48,3.2,14.74,NA,NA,0,225.3,15.12,3.2,19.5,12.8,-131.5179328,-2.295420952,21,9.875
31/07/2013,33.57974,1.67,14.56,16.11,13.1,1.206,47.54,7.48,1.7,13.95,15.09,12.83,1,33.88,8.99,1.98,14.61,NA,NA,0.394,50.49,8.59,0,17.8,9.7,-177.9575841,-3.105945772,18,7.875
01/08/2013,33.58248,4.11,14.62,15.93,13.65,11.86,56.41,10.81,2.74,14.19,15.21,13.13,11,139.1,15.39,2.48,14.76,NA,NA,13.79,240.4,10.85,45.6,16.4,14,81.28124622,1.418625367,25,11.70833333
02/08/2013,33.58522,5.99,15,16.47,13.82,20.1,149,23.36,5.72,14.44,16.04,13.31,13,153.8,18.06,6.78,15.07,NA,NA,17.14,176,23.75,20.4,19.5,14.8,153.4202506,2.677688513,29,11.29166667
03/08/2013,33.58795,5.35,13.29,14.6,11.94,3.216,138.1,18.16,4.77,12.76,14,11.51,4.2,251.4,24.81,5.74,13.37,NA,NA,3.94,180.3,23.94,10,16.3,12.2,-164.3713184,-2.868820702,39,20.5
04/08/2013,33.59069,3.67,13.05,14.71,11.75,0.201,131.3,16.99,3.48,12.53,14.34,11.27,0.8,258.2,17.64,3.58,13.14,NA,NA,0.788,181.4,18.62,6,17.7,11.6,-152.5016139,-2.661655277,28,14.70833333
05/08/2013,33.59343,2.81,12.72,14.78,11.88,0.603,95,9.24,2.56,12.07,13.77,11.34,0.6,308.8,12.51,2.54,12.74,NA,NA,0.788,276.4,10.09,0.6,16.9,11.5,-159.0659722,-2.776224943,21,9.833333333
06/08/2013,33.59617,2.14,13.21,15.58,11.7,0.603,158.5,8.56,1.98,12.68,14.88,11.3,0.4,232.9,9.14,1.96,13.29,NA,NA,0.197,224.3,9.44,1.4,15.2,9.5,-150.5632281,-2.627824062,16,6.791666667
07/08/2013,33.59890,2.08,13.14,15.39,10.34,0,34.72,4.965,1.93,12.53,14.85,10.09,0.2,25.5,6.34,1.65,13.19,NA,NA,0.197,31.47,6.076,1.6,16.4,10.6,26.28396846,0.45874179,14,4.958333333
08/08/2013,33.60164,2.79,13.63,14.35,12.28,5.628,133,13.72,2.99,13.04,14.04,11.24,6,149.2,13.24,3.43,13.68,NA,NA,6.107,177.7,15.22,6.2,16,10.7,131.5873178,2.296631949,18,7.791666667
09/08/2013,33.60438,2.35,13.15,14.61,12.25,2.613,48.22,10.26,2.88,12.6,13.94,11.52,3,46.92,13.41,2.92,13.23,NA,NA,2.167,328.5,13.33,3.8,16.1,12,-110.4319756,-1.927401574,22,9.416666667
10/08/2013,33.60712,2.91,12.97,15.17,11.21,2.814,129.8,10.19,2.47,12.44,14.79,10.83,6,288.9,12.91,2.9,13.06,NA,NA,4.137,235,11.37,2.6,16.2,9.8,-155.9204387,-2.721325026,20,9.625
11/08/2013,33.60986,2.43,12.26,13.79,10.95,3.618,39.3,9.44,3.13,11.72,12.55,10.66,5.4,328.8,12.42,3.14,12.18,13.95,10.91,4.334,351.8,11.86,9.4,15.4,9.1,-116.4834967,-2.033020542,24,10.16666667
12/08/2013,33.61259,1.56,12.5,14.48,11.14,1.809,357.2,9.24,3.34,11.97,13.35,10.51,1.6,36.18,12.31,3.04,12.44,14.23,10.93,1.379,349.6,10.78,9.4,16.3,8.9,-65.30936813,-1.139863506,22,9.375
13/08/2013,33.61533,1.77,12.63,14.61,11.67,2.613,117.6,7.15,1.91,12.13,13.58,11.06,5.4,233.6,10.31,1.72,12.48,14.2,11.41,3.94,283.4,7.48,0.2,16.9,10.3,-118.3905071,-2.066304151,19,7.75
14/08/2013,33.61807,3.17,13.88,15.11,13.11,1.407,185.4,12.05,2.78,13.4,14.48,12.58,2.6,179.4,11.72,2.81,13.6,14.63,13.05,1.576,202.5,11.73,8.8,17.9,12.2,-173.3037421,-3.024720905,22,9.541666667
15/08/2013,33.62081,3.24,13.6,14.42,12.45,1.809,151.2,13.52,2.64,13.15,13.92,12.05,4.6,214.8,12.2,2.55,13.44,14.25,12.34,2.758,212.3,12.51,4.4,17.1,12.5,-155.1523778,-2.707919835,24,10.91666667
16/08/2013,33.62355,3.4,13.35,14.57,11.63,2.814,124.7,14.44,2.8,12.93,13.94,11.55,0,232.1,12.71,2.91,13.29,14.41,11.94,0.788,225.8,12.09,0.4,16.8,11.3,-135.3626273,-2.36252353,23,11.625
17/08/2013,33.62628,6.67,13.37,14.8,11.07,7.64,174.8,20.42,5.23,12.86,14,10.94,6,150.3,21.36,5.48,13.27,14.57,11.22,5.319,219,19.7,11.6,16.6,11.8,-162.0796975,-2.828824372,41,19.91666667
18/08/2013,33.62902,4.48,12.36,13.62,11.25,0,68.25,18.13,4.69,11.84,13,10.9,0.6,321.9,21.64,4.64,12.29,13.49,11.53,0.394,353.1,22.47,7.2,15.6,10.3,-115.3181497,-2.012681399,36,18
19/08/2013,33.63176,4.31,12.76,13.52,11.19,0.201,67.04,13.82,3.33,12.35,13.21,10.82,0.2,253.1,15,4.19,12.78,13.68,11.29,0.394,337.6,18.72,3.2,15.4,10.5,-127.0617167,-2.21764531,34,14.58333333
20/08/2013,33.63450,3.53,13.49,15.29,12.34,8.84,143.6,12.61,3.53,12.85,13.67,11.81,11.6,164.4,15.13,3.39,13.34,14.56,12.4,10.24,176.6,15.97,8,16.5,11.7,-161.4353832,-2.817578966,24,10.375
21/08/2013,33.63723,3.46,14.22,15.61,12.48,1.407,43.38,13,2.21,13.72,14.64,12.07,2,104.1,9.86,2.04,14.03,14.99,12.37,1.773,341.4,9.11,24.8,18.2,12.7,84.78327741,1.479747341,25,10.75
22/08/2013,33.63997,2.67,14.4,15.7,12.4,0,86.8,13.46,3.48,13.89,15.47,11.97,0,120.2,12.32,2.79,14.24,15.78,12.45,0,159.3,11.37,0,19.7,12.7,97.63138158,1.703989062,24,12.375
23/08/2013,33.64271,3.63,13.88,15.41,11.78,4.623,169.3,15.97,3.18,13.36,14.47,11.34,6.2,188.5,16.92,3.5,13.74,15.05,11.73,0.788,223.4,7.55,3.2,16.3,12.8,-177.0712685,-3.090476646,27,10
24/08/2013,33.64545,2.77,13.44,15.88,11.39,0.603,182.4,8.36,2.72,12.81,15.1,11.09,0.6,165.4,11.1,2.88,13.12,14.88,11.33,0.591,198,9.28,0.6,16.2,11.4,-155.2850398,-2.710235224,16,6.333333333
25/08/2013,33.64819,2.88,13.56,15.43,12.52,0.603,169.6,9.6,2.66,13.02,14.81,12.09,0.8,216,13.01,2.66,13.38,14.77,12.41,0.591,204.3,10.19,0,18.4,7.6,-139.8570967,-2.44096682,19,7.25
26/08/2013,33.65092,4.09,13.64,14.52,12.39,3.819,189.9,10.49,3.02,13.15,13.71,12.03,7.4,37.01,14.33,3.33,13.44,14.06,12.3,5.319,207.9,10.78,0,15.7,11.8,-163.4886119,-2.853414568,30,14.2173913
27/08/2013,33.65366,1.81,12.4,13.99,10.92,0.201,21.8,8.17,2.77,11.88,13.14,10.63,0.4,355.4,12.8,2.7,12.19,13.92,10.1,0.394,355.6,10.39,1.6,15.2,8.9,-93.86198628,-1.638200703,21,9.916666667
28/08/2013,33.65640,4.89,12.55,13.47,11.02,3.819,180.7,15.45,4.22,12.02,13.06,10.71,4.2,156.2,21.23,3.1,12.3,13.32,10.55,2.955,235.8,13.75,0.4,14.7,6.9,-153.1295491,-2.672614814,31,10.66666667
29/08/2013,33.65914,2.94,12.91,14.11,12.15,0.201,105.2,11.47,2.42,12.34,13.07,11.67,1.4,268.3,15.76,2.65,12.77,14.23,11.96,1.576,256.7,12.28,3,17.8,11.8,-134.5268752,-2.347936905,27,10.79166667
30/08/2013,33.66188,5.94,12.73,14.18,10.81,6.432,132.2,17.18,5.56,12.26,13.82,10.32,8.6,163.2,23.37,5.1,12.55,13.99,10.55,5.516,206.4,22.51,9.2,16.8,9.9,-139.7103326,-2.438405303,36,17.91666667
31/08/2013,33.66461,4.7,11.84,13.71,9.85,0.201,64.05,15.65,4.95,11.33,13.25,9.46,1,347.3,20.33,4.86,11.63,13.34,9.82,1.182,356.5,19.44,4.2,14.2,8.1,-107.9263239,-1.883669701,36,17
01/09/2013,33.66735,5.03,12.73,13.98,10.92,2.814,60.68,17.84,3.84,12.34,13.83,10.52,4.2,0.128,16.78,5.14,12.66,14.02,10.83,3.546,316.4,22.96,8.6,15.5,10.6,-115.8502382,-2.021968096,43,19.45833333
02/09/2013,33.67009,3.05,13.22,13.88,11.97,0.804,68.65,15.71,2.55,12.93,13.67,11.45,2.2,356.6,16.37,3.35,13.2,13.85,11.9,1.379,314,19.21,4.4,16,12.8,-108.7739051,-1.898462784,34,16.04166667
03/09/2013,33.67283,6.04,13.52,14.08,11.8,7.24,195.7,16.5,4.89,13.14,13.58,11.18,8.8,81.4,21.92,4.13,13.36,13.95,11.54,6.107,200.8,14.6,2,16.5,12.2,-165.6225036,-2.890658004,32,16.08333333
04/09/2013,33.67556,6.59,12.82,13.81,10.52,36.58,175.9,18.13,5.77,12.39,13.44,10.13,29,124.7,21.47,3.69,12.65,13.67,10.32,28.17,222.9,15.32,9.8,14.8,11.5,-162.2603086,-2.83197663,34,18.83333333
05/09/2013,33.67830,2.2,11,13.14,8.32,0.201,49.89,9.44,1.97,10.55,12.83,8.44,0.4,308,8.98,2.17,10.75,12.9,7.94,0.591,327.5,9.93,0.4,15.1,6.6,-122.8448285,-2.144046727,20,7.208333333
06/09/2013,33.68104,3.76,10.22,12.03,8.47,4.623,22.67,13.62,3.95,9.8,11.23,8.44,2.8,137,17.6,3.71,10.19,11.67,8.15,4.334,307.1,14.28,4,13,3.9,-6.47635431,-0.113033706,25,11.5
07/09/2013,33.68378,4.58,10.37,12.42,9.04,1.206,25.73,16.04,4.32,9.91,12.17,8.63,1,107.7,15.86,4.21,10.29,12.5,8.95,0.788,310.1,18.69,3.6,13.5,8.9,33.49495193,0.584597194,33,17.66666667
08/09/2013,33.68652,1.67,12.28,13.66,11.24,0,129.5,6.337,2.13,11.65,13.57,10.31,0,157.8,6.653,2.49,11.97,13.29,10.23,0.197,166.1,6.272,0,15.4,9.4,148.4248367,2.590502092,18,7.083333333
09/09/2013,33.68925,1.66,12.31,14.52,11.05,0.201,345.1,8.04,2.32,11.62,13.35,10.64,0.6,355,8.56,2.49,11.94,14.65,10.3,0.197,352.8,10.39,0.4,16,6.9,-26.30359363,-0.459084314,16,5.083333333
10/09/2013,33.69199,1.59,12.2,13.2,11.02,0.201,12.6,9.41,2.71,11.67,12.31,10.79,0,3.265,10.69,2.65,12.02,12.83,11.21,0.394,347.1,10.22,2,13.8,9.4,-62.27572239,-1.0869164,18,7.333333333
11/09/2013,33.69473,2.2,12.3,13.74,11.02,5.025,55.55,10.52,2.9,11.72,13.33,10.52,7.8,347.6,12.72,3.19,12.03,13.5,10.86,5.516,331.6,12.58,7.6,14.1,10.5,-97.94579336,-1.709476583,18,8.416666667
12/09/2013,33.69747,3.09,11.65,13.08,10.46,4.221,176.6,12.94,3.66,11.19,12.77,9.98,5,20.6,16.55,3.5,11.43,12.96,10.22,3.743,310.5,15.03,NA,13.6,7.5,-127.832946,-2.2311058,25,10.27272727
13/09/2013,33.70021,2.08,11.09,12.78,9.79,1.005,59.48,7.94,2.1,10.65,12.69,9.39,2,304.8,9.49,2.01,10.8,12.78,9.54,1.379,342.8,10.45,NA,14.2,4.9,-120,-2.094395102,18,7.434782609
14/09/2013,33.70294,4.63,11.68,13.39,9.91,10.45,151.6,23.94,4.31,11.11,13.18,9.51,6.8,119.8,26.83,3.51,11.39,13.28,9.86,5.516,253.6,15.58,0.8,14.8,5.5,-122.469924,-2.137503408,36,9.833333333
15/09/2013,33.70568,5.48,10.18,13.27,6.375,20.3,38.87,24.43,6.63,9.68,12.87,5.745,22.6,35.88,27,6.31,10,13.2,6.138,17.93,338.4,25.19,37.4,13.4,5.4,-119.9933246,-2.094278595,48,21.20833333
16/09/2013,33.70842,3.68,9.48,10.94,6.755,4.422,339.5,27.21,7.25,8.94,9.96,6.335,5,35.78,26.23,6.55,9.29,10.5,6.724,3.94,343,22.74,10.3,12.1,5.2,-83.25146998,-1.453012258,43,20.625
17/09/2013,33.71116,2,9.89,11.92,8.48,2.814,351.4,13.85,4.08,9.24,10.8,7.93,3,15.19,19.61,4.18,9.62,11.65,8.33,3.152,353.4,16.79,2.7,12.1,6.4,-66.92409326,-1.168045776,35,14.875
18/09/2013,33.71389,2.26,9.76,11.76,8.32,1.206,1.219,11.76,4.22,9.1,10.81,7.72,0.6,30.45,19.38,3.96,9.49,11.92,8.15,0.985,346.6,18.82,3.8,12.8,4.7,-88.67710074,-1.547707379,31,12.29166667
19/09/2013,33.71663,2.82,9.7,11.13,7.82,7.24,89.5,9.67,2.49,9.08,10.72,7.23,7.6,135.2,12.42,2.58,9.49,11.67,7.82,6.895,205.1,11.14,3.9,12.1,6.4,-141.9091128,-2.476781257,15,6.166666667
20/09/2013,33.71937,4.53,11.85,13.7,10.14,1.005,149.2,14.77,3.52,11.25,12.43,9.77,2.6,305.1,18.58,4.19,11.63,13.02,9.86,1.379,211.5,15.26,2,14.9,6.3,-147.5464401,-2.57517118,27,12.29166667
21/09/2013,33.72211,4.88,12.51,13.84,11.41,5.226,167.2,17.35,4.24,12.05,13.65,10.78,7,231.8,21.92,4.32,12.33,13.8,11.27,4.728,185.9,21,6.4,15.2,7.4,-154.6036231,-2.698342258,35,12.91666667
22/09/2013,33.72485,3.72,13.24,13.84,12.73,0.804,142.1,15.06,3.79,12.99,13.57,12.42,2.6,294.6,20.16,4.03,13.18,13.77,12.51,1.379,141.9,22.47,2.8,16.9,13.8,-131.1266648,-2.288592038,34,15.33333333
23/09/2013,33.72758,2.04,13.28,14.31,12.48,0.402,197.7,7.61,1.42,12.97,14.04,12.1,1.2,119.3,8.93,1.11,12.96,13.89,12.2,0.394,209.7,6.762,0,18.4,13.1,-164.8200581,-2.876652688,20,7.291666667
24/09/2013,33.73032,2.53,13.2,14.5,12.01,0.201,30.54,11.86,2.14,12.65,14.52,11.46,0,30.8,9.3,1.95,12.76,13.71,11.84,0.394,357.4,9.9,0.2,15.2,12.4,44.15068547,0.770574828,18,6.583333333
25/09/2013,33.73306,5.77,11.92,12.67,11.23,0,59.55,13.49,4.14,11.45,12.63,10.69,0,184.4,16.94,3.71,11.83,12.75,11.03,0.394,238.2,12.94,0,14.3,9.9,71.0541714,1.240129238,24,14.04166667
26/09/2013,33.73580,1.92,12.4,14.46,11.22,0,104.3,6.566,2.61,11.71,13.28,10.67,0.2,141.3,8.63,3.25,12.13,13,11.12,0.197,174.2,8.1,0,13.5,6.8,127.1981309,2.220026186,15,6.416666667
27/09/2013,33.73854,3.42,12.55,13.51,11.67,19.7,185.5,10.62,2.78,12.13,12.96,11.1,23.8,145.2,13.89,2.81,12.36,13.06,11.58,17.14,189.7,8.53,14.8,14,6,174.1474776,3.039446867,17,6.291666667
28/09/2013,33.74127,1.47,12.86,13.79,12.42,1.005,64.24,6.566,1.76,12.57,13.85,12.1,1,129.2,16.08,1.26,12.65,13.91,12.14,0.788,113.8,9.6,8,14.7,12.4,167.5067973,2.923545132,19,6.25
29/09/2013,33.74401,1.92,13.83,15.55,13.08,0,71.1,7.06,2.03,13.24,14.38,11.66,0.2,110.8,7.92,1.59,13.7,15.26,12.36,0,174.8,7.61,0,15.8,8.9,70.28308726,1.226671281,11,4.791666667
30/09/2013,33.74675,2.87,13.15,13.95,12.15,0,93.4,9.11,3.73,12.48,13.94,10.96,0,132.4,10.4,3.69,12.99,14.22,11.85,0,166.9,9.02,0.2,16.7,6,128.7429929,2.246989115,16,6.541666667
01/10/2013,33.74949,3.61,12.78,13.73,11.33,2.613,99.7,10.58,4.25,12.05,13.09,10.57,3,137.7,11.87,4.35,12.49,13.7,11.24,2.561,171,10.16,0,15.4,9.2,118.0931175,2.061113725,16,6.916666667
02/10/2013,33.75222,4.1,13.22,13.85,12,3.015,100.7,13.39,4.73,12.43,13.49,11.37,3.8,142.5,13.73,4.73,12.64,13.16,11.69,3.743,175.4,11.14,0,16.6,11.4,126.2482196,2.203447107,24,12.04166667
03/10/2013,33.75496,3.75,13.65,14.25,12.32,1.206,185.5,14.24,3.19,13.16,13.73,11.85,1.4,156.2,12.85,3.08,13.17,13.79,12.14,0.985,177.6,12.38,26.2,15.2,13.2,137.8600643,2.406112029,20,9.833333333
04/10/2013,33.75770,2.52,11.75,12.95,10.38,1.407,75.2,10.55,2.8,11.38,12.18,10.12,3.2,323,49.51,2.23,11.61,13.23,10.12,2.167,313.9,10.68,1,15.4,11.1,-136.7771274,-2.387211215,21,10.125
05/10/2013,33.76044,5.09,12.4,13.81,10.62,3.015,188.6,17.28,4.24,11.89,13.23,10.22,3.4,129.3,21.6,3.47,12.2,13.43,10.38,1.97,202.6,15.32,4.8,14.4,9,-151.5198272,-2.644519867,38,12.91666667
06/10/2013,33.76318,6.31,13.18,13.47,12.91,7.24,186.1,16.43,4.44,12.83,13.25,12.5,11.6,31.3,17.13,5.19,13.11,13.43,12.88,7.29,189,15.19,4,14.8,13.6,-148.786248,-2.596809909,32,18.29166667
07/10/2013,33.76591,4.69,13.27,13.55,12.78,19.3,186.7,12.48,4.03,13.02,13.29,12.47,25.2,44.96,17.01,3.92,13.13,13.48,12.72,18.91,180.9,14.41,33,15.3,13.8,-159.1497618,-2.777687347,25,13.5
08/10/2013,33.76865,3.26,11,12.79,9.63,1.005,35.68,12.45,4.37,10.52,12.5,9.21,2,336.6,19.35,4.36,10.8,12.73,9.39,1.576,346.3,15.32,2.2,14.1,9.4,-106.395258,-1.856947561,26,12.08333333
09/10/2013,33.77139,3.78,8.25,10.96,6.349,5.025,13.4,22.77,6.11,7.66,10.35,5.737,3.8,348.2,27.5,6.2,8.05,10.78,6.189,3.94,351.3,24.66,15.6,9.8,5.6,-47.62096008,-0.831142546,48,22.5
10/10/2013,33.77413,2.83,8.51,9.99,7.15,0,24.46,15.52,2.54,8.03,10.04,6.614,0,63.52,12.86,2.66,8.38,10.14,7.2,0,357.6,17.18,0.8,10.6,6.1,-20.28306561,-0.354006277,27,11.70833333
11/10/2013,33.77687,1.84,9.73,10.59,8.01,0,67.1,6.043,1.55,8.9,10.25,7.38,0,70.8,7.75,1.81,9.24,10.59,6.854,0,131.1,7.87,0,12,6.4,61.36647472,1.071047034,13,5.583333333
12/10/2013,33.77960,1.67,10.25,11.93,9.2,0,51.76,4.802,1.48,9.37,11.52,7.71,0,28.95,6.047,1.74,9.05,12.19,6.592,0,62.78,6.599,0,12.8,3.6,105.0191604,1.832930127,16,7.875
13/10/2013,33.78234,3.87,11.09,13.48,9.39,0,46.31,10.78,2.55,10.56,13.52,9.06,0,74.9,11.64,2.17,10.76,13.22,8.03,0,30.16,11.73,0,12.1,7.1,79.579395,1.38892246,23,8.958333333
14/10/2013,33.78508,3.53,11.3,12.69,9.81,0,57.03,9.96,2.39,10.74,12.36,8.7,0,100.1,14.03,2.18,11.01,13.04,8.02,0,306.5,9.67,0,13.7,7.4,76.61244673,1.337139443,24,9.5
15/10/2013,33.78782,3.2,11.19,12.54,10.43,0,84.1,9.57,2.45,10.5,12.3,9.48,0,142.8,13.02,2.71,11.11,12.24,10.4,3.349,180.5,9.93,0,13.4,7.4,90.07060845,1.572028677,16,6.708333333
16/10/2013,33.79055,4.11,10.95,11.56,10.53,0,98.3,10.32,4.26,10.24,10.81,9.56,0,137.1,10.06,5.05,10.81,11.49,10.28,0,163.8,10.62,0.4,11.4,3.6,107.5505981,1.877112049,11,4.5
17/10/2013,33.79329,2.84,10.97,12.25,9.92,0.201,79.2,7.68,1.95,10.33,11.86,9.07,0.2,115.8,8.91,1.83,10.88,13.06,9.75,0.197,189,10.71,0,11.4,6.3,67.46591305,1.177502316,22,7.375
18/10/2013,33.79603,5.12,11.39,12.31,10.53,10.85,94.4,12.45,5.37,10.71,11.58,9.9,17.6,128.5,15.18,5.65,11.18,12.09,10.31,15.56,164.2,16.5,1.6,11.8,8.4,116.6832156,2.036506294,23,12.79166667
19/10/2013,33.79877,3.56,11.63,12.28,10.75,5.226,75.8,12.45,3.61,11.23,12.06,10.22,10,110.4,22.16,3.08,11.49,12.22,10.59,8.67,156.2,18.23,4.4,13.8,10.3,89.13537042,1.555705694,25,9.083333333
20/10/2013,33.80151,2.03,12.19,13.01,10.97,3.015,64.98,8.1,2.22,11.73,12.82,10.69,3.6,101.5,5.803,2.03,12.05,13.08,11.06,3.94,131.3,6.827,13.2,14.6,10.4,91.33286887,1.594059277,13,5.791666667
21/10/2013,33.80424,1.23,11.57,12.94,10.46,0.201,95.4,7.25,1.71,11.03,12.15,9.4,0.8,80.9,5.837,1.56,11.15,12.2,9.11,0.197,113.2,9.47,0,13.6,7.1,137.3813715,2.397757264,16,4.291666667
22/10/2013,33.80698,1.97,10.98,11.76,10.37,17.89,42.36,9.51,1.43,10.61,11.52,10.02,17.8,69.32,10.38,1.45,10.68,11.51,9.76,15.76,13.85,8.07,34.6,13.3,6.5,139.7387624,2.438901496,22,6.958333333
23/10/2013,33.80972,3.58,9.31,11.14,6.925,22.31,3.337,16.07,5.41,8.82,10.93,6.436,22.4,22.48,26.93,5.55,9.09,10.77,6.854,20.29,359.2,21.07,27.8,12.7,6.2,-121.1866565,-2.115106166,38,14.70833333
24/10/2013,33.81246,2.41,9.08,10.46,7.88,0.201,40.76,11.24,2.77,8.55,10.38,6.999,0.4,336.7,22.26,2.87,8.79,11.12,7.06,0.591,9.17,15.03,1.6,10.8,5.8,-99.64142321,-1.739070906,32,9.458333333
25/10/2013,33.81520,3.76,9.6,10.28,8.23,10.65,51.15,13.3,2.79,9.04,9.71,7.85,16.4,113.3,11.58,2.59,9.46,10.1,8.29,13.99,272.1,13.56,14.4,11.3,6.3,70.17866585,1.224848784,22,7.875
26/10/2013,33.81793,4.94,9.86,11.33,6.831,6.03,197.8,16.63,4.59,9.25,10.83,6.713,4.8,152.2,23.48,4.81,9.68,11.27,5.996,4.531,194.5,23.36,4.4,11.6,5.2,-160.0929838,-2.794149676,39,12.25
27/10/2013,33.82067,4.93,10.49,11.87,8.55,5.226,182.5,20.32,4.55,9.94,11.26,7.99,3.6,168.4,18.36,4.12,10.37,11.67,8.71,3.743,227.3,17.12,41.6,11.4,7.8,-162.1250235,-2.82961546,45,15.08333333
28/10/2013,33.82341,2.65,9.05,9.95,7.52,5.628,352.3,17.74,4.61,8.62,9.46,7.15,4.4,9.59,18.44,4.64,8.9,9.81,7.6,4.728,338.8,19.53,4.6,10.8,5.1,-95.96148117,-1.674843802,29,11.04166667
29/10/2013,33.82615,2.15,8.67,10.37,7,0.804,345.7,12.28,4.66,8.18,9.48,7.04,1,5.602,24.02,4.78,8.42,10.12,5.604,0.788,354.4,16.27,10.2,10.4,6.1,-71.67899975,-1.25103455,35,15.41666667
30/10/2013,33.82888,6.31,9.88,10.91,8.17,15.88,176.8,23.78,5.39,9.28,10.34,7.71,12,193.9,22.34,5.83,9.82,10.9,8.21,11.82,207,25.12,12.8,10.8,3.1,-156.2012469,-2.726226054,51,15.875
31/10/2013,33.83162,6.07,8.92,10.71,6.318,7.64,156.3,21.33,5.47,8.29,10.22,5.827,10.4,268.8,25.65,6.45,8.85,10.79,6.521,7.88,183.2,26.56,12,9.8,5.6,-147.0946232,-2.567285487,36,17.41666667
01/11/2013,33.83436,5.52,8.9,10.16,6.954,6.633,69.91,27.54,4.33,8.31,9.49,6.466,10.6,334.6,26.88,5.58,8.81,9.99,7.04,9.06,261.8,26.04,15.8,10,5.6,-127.4664729,-2.224709637,40,16.79166667
02/11/2013,33.83710,2.82,7.18,8.47,5.463,4.824,41.11,11.73,2.81,6.59,7.86,5.078,5.8,274.2,15.97,2.94,7.09,8.44,5.604,4.334,270.8,17.15,16.6,8.5,3.4,-22.15799348,-0.386729942,30,10.58333333
03/11/2013,33.83984,2.36,7.41,9.08,5.756,3.618,337.7,11.6,4.3,7.01,8.14,5.647,2.4,355.3,25.93,4.45,7.5,9.09,6.452,1.379,326.8,19.04,7.8,8.6,3.3,-50.90450228,-0.888451169,34,13.875
04/11/2013,33.84257,1.97,7.35,9.23,6.331,2.613,356.4,9.96,2,6.71,8.95,5.618,0.4,243.5,10.84,2.27,7.15,9.48,4.552,11.03,19.2,11.5,1.8,8.8,2.4,-26.85757524,-0.468753117,22,7.666666667
05/11/2013,33.84531,4.44,7.44,9.09,5.603,8.44,91,18.72,3.82,6.81,8.53,4.773,8.6,250.6,21.19,4.33,7.31,8.89,5.169,7.49,253.9,16.04,16.6,7.9,1.6,-146.4508532,-2.55604958,29,10.08333333
06/11/2013,33.84805,3.98,7.31,8.58,5.302,2.01,59.03,16.17,3.34,6.74,8.06,4.991,2.6,310.1,17.31,3.97,7.14,8.54,5.26,2.561,297.7,15.71,11.2,8.1,3.2,-134.1603526,-2.341539878,29,9.875
07/11/2013,33.85079,4.04,7,9.46,5.162,4.422,131.5,17.28,3.12,6.3,8.76,4.48,4.8,261.3,30.46,3.62,6.84,9.14,4.654,4.137,232.2,27.11,22,8,0.5,-139.0846367,-2.42748485,34,9.166666667
08/11/2013,33.85352,4.2,7.11,9.06,5.067,2.412,63.36,19.63,3.4,6.44,8.4,4.461,3.2,341,23.9,4.1,6.9,8.86,4.986,3.349,284.3,22.25,9.8,7.5,2.6,-128.7254173,-2.246682363,29,12.66666667
09/11/2013,33.85626,1.55,6.25,7.97,4.674,1.005,0.089,8.46,2.26,5.74,7.44,4.415,0.8,341.9,8.77,2.11,6.08,8.32,4.108,0.788,339.3,12.48,4.8,5.4,1.4,-109.8037698,-1.916437314,19,6.666666667
10/11/2013,33.85900,5.39,8.11,9.61,5.191,11.26,174,23.91,4.4,7.44,9.06,5.229,5.6,166.5,19.38,5.95,7.97,9.5,4.26,5.713,180.7,26.88,5.8,8.8,-0.1,-123.7848764,-2.160453657,42,12.66666667
11/11/2013,33.86174,5.84,10.09,11.57,7.41,7.44,92.5,21.82,4.8,9.59,11.24,7.35,5,249.6,22.77,5.39,9.97,11.42,7.37,4.531,288.8,24.17,16.6,11.7,6.9,-138.4876639,-2.417065709,49,19.41666667
12/11/2013,33.86448,5.34,8.02,9.12,5.011,2.814,58.56,20.68,5.18,7.43,8.38,4.329,4.6,351.9,24.78,6.05,7.86,9.02,4.896,2.758,329.3,24.37,13.6,8.1,3.4,-109.1506519,-1.905038256,53,17.625
13/11/2013,33.86721,7.15,9.55,10.76,7.16,8.24,175.4,21.72,6.61,9,10.21,6.703,9,85.5,31.55,6.16,9.48,10.61,7.18,6.501,226.1,28.62,18.2,10.2,5.5,-143.4877478,-2.504333635,43,17.5
14/11/2013,33.86995,3.53,8.22,9.85,5.66,3.216,12.21,22.9,6.24,7.7,9.24,4.916,4.6,10.5,30.9,6.42,8.05,9.66,5.482,2.167,350.2,26.23,4.2,8.8,4.9,-69.24467332,-1.208547539,59,21.625
15/11/2013,33.87269,5.63,10.7,11.3,9.77,0.402,88.7,20.09,5.27,10.23,10.84,9.16,1.2,256.1,23.51,5.45,10.59,11.19,9.6,0.591,26.19,21.76,0.4,12.4,6.8,-136.6619286,-2.385200616,36,18.29166667
16/11/2013,33.87543,4.83,9.94,11.35,7.69,0.603,80.2,22.15,5.81,9.46,10.94,7.21,3.4,293.9,24.17,6.77,9.8,11.32,7.49,0.985,1.906,25.51,1.6,12.1,5.5,-118.9059218,-2.075299835,43,19.79166667
17/11/2013,33.87817,3.89,8.15,9.2,6.747,3.417,122.7,14.21,3.61,7.53,8.38,6.256,3.8,281.6,17.53,3.79,7.96,8.79,6.572,3.743,221.5,14.93,2.6,8.6,2.8,-142.5842877,-2.488565282,23,10.70833333
18/11/2013,33.88090,3.14,4.38,7.85,0.827,6.03,9.98,17.87,5.29,3.88,7.36,0.177,4.8,26.23,26.41,5.31,4.25,7.64,0.732,6.107,357.3,21.43,9.8,7.4,1,-100.4276643,-1.752793402,32,11
19/11/2013,33.88364,4.26,5.64,8.9,1.294,6.432,33.93,22.41,5.78,5.15,8.59,0.704,10.6,326.3,31.81,5.88,5.53,8.79,1.176,6.895,347.1,27.02,25.4,7.7,-1.1,-91.25976024,-1.592783291,45,14.41666667
20/11/2013,33.88638,6,4.94,7.22,2.953,4.422,36.3,26.43,6.95,4.39,6.876,2.453,7.4,145.3,29.98,8.27,4.92,7.02,2.916,3.152,29.93,30.87,20.4,7.9,2.8,-18.32587352,-0.319846831,54,28.375
21/11/2013,33.88912,2.76,5.16,7.36,3.401,0,10.73,16.86,2.33,4.5,6.533,2.829,0.2,285.3,17.8,2.7,4.76,7.12,2.936,0,3.373,21.36,0.2,4.5,0.1,-40.35166058,-0.704269336,27,9.083333333
22/11/2013,33.89185,1.13,7.58,8.54,6.321,1.608,335.9,7.28,2.35,7.1,8.24,5.457,1.6,6.351,11.88,2.4,7.28,8.57,5.138,1.576,355.3,8.95,1.8,7.7,0,-110.7522102,-1.932990721,14,6.375
23/11/2013,33.89459,1.4,7.91,9.36,6.945,3.216,349.1,8.95,2.91,7.47,8.37,6.609,2.8,355,9.05,3.27,7.83,8.89,7.09,2.167,349.2,10.29,1.8,8.7,3.1,-83.71509904,-1.461104112,14,5.458333333
24/11/2013,33.89733,0.94,7.8,8.63,6.898,0,333.2,6.109,1.28,7.28,8.01,6.408,0,287.2,6.04,1.12,7.41,9.03,5.371,0,357.5,5.684,0,8.6,2.1,-25.30321473,-0.441624408,11,4.166666667
25/11/2013,33.90007,2.74,8.69,10.17,7.3,0.804,92,13.43,2.41,8.12,9.67,6.628,1.8,256.5,16.17,2.71,8.51,10.06,7.06,1.576,330,14.77,0.4,8.3,1.4,-135.4942196,-2.364820249,16,6.833333333
26/11/2013,33.90281,4.35,10.49,11.03,9.99,0.603,76.5,16.3,4.46,10.06,10.67,9.45,1.2,286.3,15.72,4.16,10.42,11.03,9.92,0.985,279.4,20.09,2.8,11.2,7.8,-131.6469952,-2.297673516,32,16.125
27/11/2013,33.90554,2.95,9.73,10.86,8.23,0.201,34.41,12.97,3.92,9.3,10.5,7.82,1,27.72,17.79,3.93,9.61,10.85,8.19,0.591,327.6,16.04,1.2,10.7,6.5,-104.1360693,-1.817517279,31,12.79166667
28/11/2013,33.90828,2.97,8.84,9.98,6.687,2.613,122.1,18.23,3.07,8.28,9.44,6.389,2.6,316.9,20.06,3.22,8.67,9.87,7.02,2.364,282.7,19.8,0.4,9.3,6.9,-120.8176907,-2.108666497,24,9.125
29/11/2013,33.91102,3.64,7.41,8.38,5.877,3.618,350.2,18.88,6.94,6.93,7.7,5.228,4.8,9.78,31.35,7.08,7.34,8.16,5.744,3.546,340.8,22.02,23.2,9.3,3.4,-62.46640643,-1.090244464,52,21.79166667
30/11/2013,33.91376,3.37,8.92,9.9,7.17,1.608,35.48,13.1,5.05,8.45,9.4,6.608,1.8,355.4,20.8,4.59,8.81,9.7,7.14,1.379,351.7,18.33,0.8,9.3,4.4,-96.23103808,-1.679548457,36,12.625
01/12/2013,33.91650,2.24,8.98,9.68,8.26,1.005,165.8,11.89,2.86,8.46,9.17,7.83,2.8,13.16,14.21,3,8.81,9.56,8.09,1.773,296.6,14.9,0.4,9.2,7.1,-112.9295554,-1.970992564,25,8.666666667
02/12/2013,33.91923,6.49,9.61,10.32,8.46,4.422,186.4,15.81,4.81,9.07,9.88,7.87,6.8,67.77,21.37,5.37,9.49,10.18,8.29,5.516,203.5,21.17,0.8,10.1,6.8,-150.4179868,-2.625289124,33,15.5
03/12/2013,33.92197,2.74,6.47,9.99,4.262,8.64,15.23,13.88,3.28,6.03,9.65,3.584,7,340,16.65,3.73,6.36,9.88,4.068,13.59,5.994,17.57,25,10.4,1.8,-102.9025495,-1.795988298,25,8.833333333
04/12/2013,33.92471,5.72,6.73,8.38,4.411,9.05,50.53,23.55,5.72,6.24,7.79,3.942,8.8,326.3,25.88,6.86,6.59,8.35,4.33,10.05,346.5,30.38,11.8,7.3,2.3,-107.4856207,-1.87597798,47,18.16666667
05/12/2013,33.92745,5.4,3.92,9.64,0.278,24.32,14.89,27.64,8.49,3.43,9.38,-0.818,61.6,2.925,39.26,9.16,3.89,9.74,-0.057,14.97,346.9,41.36,27.2,9,-0.5,-59.95325989,-1.046381782,74,27.58333333
06/12/2013,33.93018,2.35,2.71,7.93,0.148,2.814,46.95,14.08,3.08,2.1,7.29,-0.508,5.4,50.91,17.9,3.23,2.7,7.89,0.195,4.728,152,16.82,0,1.6,-1.1,-58.09886148,-1.014016424,29,9.083333333
07/12/2013,33.93292,4.93,9.4,10.55,7.79,8.44,96.9,20.12,4.41,8.91,10.17,7.23,12.6,272.7,22.39,4.76,9.3,10.49,7.62,11.82,204.4,23.98,15.6,10.6,0.2,-163.2901034,-2.84994994,37,13.41666667
08/12/2013,33.93566,4.56,10.28,10.85,9.01,4.623,74.6,18.13,4.62,9.89,10.6,8.47,8.2,251.6,18.15,4.62,10.26,10.89,8.89,8.47,25.08,21.66,32,11.2,7.9,-121.6471096,-2.123142588,34,13.875
09/12/2013,33.93840,8.17,10.59,11.19,9.76,2.01,192.9,23.29,6.91,10.19,10.85,9.23,1.6,144.6,25.57,5.88,10.54,11.23,9.65,0.788,206.4,20.32,4,12.1,9.9,-148.79709,-2.596999138,40,18.45833333
10/12/2013,33.94114,12.69,10.63,11.78,9.57,14.07,214,22.38,9.7,10.19,11.47,9.05,7.2,150.8,33.75,5.82,10.5,11.58,9.51,3.94,222.8,16.59,1,11.7,10.1,-170.8322115,-2.981584558,46,26.16666667
11/12/2013,33.94387,10.76,10.59,11.57,9.27,9.05,213.1,21.33,8.39,10.13,11.24,8.72,6,158.7,32.19,5.65,10.5,11.5,9.15,3.94,217.9,22.02,3.2,12.5,10.3,-163.7406415,-2.857813314,45,24.375
12/12/2013,33.94661,6.66,9.63,11.58,7.48,5.829,174.8,20.38,5.24,9.17,11.36,7.04,6,153.2,26.47,4.9,9.49,11.47,7.39,5.122,210.2,18,21,11.3,7.5,126.6227843,2.209984494,45,17.41666667
13/12/2013,33.94935,7.79,9.63,11.61,6.433,7.04,197.1,19.18,6.18,9.11,11.24,5.761,5.4,159.3,26.29,6.16,9.52,11.45,6.35,5.516,205.3,23.52,7.6,11.9,7.1,-175.8951749,-3.069949941,40,17.66666667
14/12/2013,33.95209,8.52,8.12,10.64,5.143,34.37,152.3,27.47,7.58,7.54,10.21,4.613,17,196.3,33.46,7.57,8.03,10.52,5.078,16.74,197.5,30.41,39.6,11,4.1,-152.5851338,-2.663112975,53,22.75
15/12/2013,33.95483,8.47,6.8,8.4,2.606,37.99,177.2,30.22,7.54,6.2,7.81,1.69,29.8,195.3,32.55,8.23,6.76,8.35,2.249,13.99,199.9,33.48,10.8,8.4,3.1,-150.8370559,-2.632603259,60,25.25
16/12/2013,33.95756,5.39,6.01,7.64,2.859,4.02,102,18.65,4.82,5.3,7.12,2.274,6.8,251.6,22.5,4.96,5.79,7.66,2.471,5.516,180.5,24.83,17.4,8.5,2.3,-134.4616225,-2.346798031,55,17.79166667
17/12/2013,33.96030,10.36,7.7,9.06,4.403,54.87,195.2,30.77,8.37,7.09,8.56,3.81,10.8,175.3,26.49,7.29,7.61,8.9,4.452,10.24,203.1,31.72,7.2,8.4,3.6,-156.3472426,-2.728774159,60,24.125
18/12/2013,33.96304,7.15,8.86,9.85,6.434,14.07,170.8,25.74,7.02,8.26,9.29,5.874,9,148.9,32.94,7.31,8.81,9.7,6.452,9.06,188.6,21.49,16.6,10,5.9,171.9391145,3.00090366,62,23.58333333
19/12/2013,33.96578,6.17,4.48,7.31,2.262,11.46,86.8,29.04,5.79,3.77,6.762,1.653,61,298.6,43.55,6.55,4.28,7.23,2.148,10.83,298.5,40.02,16.6,10.5,1.5,-141.4676431,-2.469076157,67,23.66666667
20/12/2013,33.96851,7.46,7.79,10.81,3.279,28.34,176.9,25.25,5.8,7.2,10.44,2.292,14.6,149.5,30.48,5.84,7.73,10.75,3.159,15.96,221.3,23.16,21.4,10.3,1.5,-152.9309887,-2.669149281,49,18.625
21/12/2013,33.97125,8.28,7.36,9.08,4.936,12.06,162.3,24.47,6.93,6.78,8.51,4.235,18.6,289.8,30.26,8.47,7.29,9.09,4.866,9.85,197.5,28.78,16.4,9.6,4.6,-144.164604,-2.516147005,55,24.95833333
22/12/2013,33.97399,5.83,4.99,6.918,1.852,5.025,83.8,22.61,5.11,4.27,6.257,1.174,9.4,272.1,26.51,5.76,4.74,6.683,1.844,7.49,322.3,26.69,17,5.6,1.4,-135.2652046,-2.360823183,52,16.54166667
23/12/2013,33.97673,7.86,5.44,8.88,1.871,6.03,153.5,25.06,6.4,4.66,8.52,1.193,6,160.1,28.64,5.69,5.27,8.75,1.702,6.895,202.2,24.43,15.2,9,0.9,174.5793724,3.046984855,42,18.45833333
24/12/2013,33.97947,9.05,6.45,7.72,3.86,21.31,148.9,24.7,8.3,5.86,7.26,3.272,39,187.8,33.44,7.45,6.35,7.48,4.31,18.71,237.7,35.15,47,8.9,2.6,-165.5688514,-2.889721595,63,29
25/12/2013,33.98220,5.9,6.75,7.7,5.239,5.829,57.08,24.21,6.27,6.26,7.09,4.785,20.6,339.9,31.13,6.48,6.57,7.47,5.108,7.09,12.65,32.83,35.6,6.7,4.9,-115.835396,-2.02170905,53,23.125
26/12/2013,33.98494,4.56,5.86,7.39,3.158,6.231,63.78,22.61,4.54,5.18,6.925,2.143,9.8,166.9,31.48,4.63,5.69,7.02,2.875,12.21,341,26.2,6.4,6.5,2.3,-153.7253984,-2.683014347,32,11
27/12/2013,33.98768,6.24,5.62,7.66,2.691,22.71,26.46,24.34,7.08,5.04,7.23,2.434,23,359.1,33.43,7.23,5.5,7.6,2.946,21.28,308,29.24,12.8,6.9,3.1,27.66993503,0.48293147,47,15.20833333
28/12/2013,33.99042,2.5,6.63,7.94,5.229,6.633,329.3,14.21,4.55,6.25,7.56,5.164,4.6,358.2,23.62,4.23,6.64,7.84,4.472,4.531,352.6,27.18,26.4,7,2.9,-70.82594207,-1.236145885,29,11.04166667
29/12/2013,33.99316,4.05,6.99,8.75,5.247,8.84,168.1,21.53,4.2,6.39,8.33,4.955,7.2,200.7,21.35,4.89,6.82,8.77,4.411,10.24,210.6,22.15,14.8,7.3,0.9,-149.3866188,-2.607288356,46,12.75
30/12/2013,33.99589,3.67,7.92,8.77,6.794,0,143.2,13.88,3.11,7.28,8.23,6.18,0.2,185.7,17.36,3.73,7.93,8.77,6.714,0.197,218.2,14.28,3.2,7.7,1.3,-131.3211519,-2.291986478,35,6.625
31/12/2013,33.99863,5.15,6.71,8.42,4.15,18.09,152.5,17.61,5.36,5.99,7.93,3.489,17,151.8,18.3,6.26,6.81,8.43,4.27,19.11,193.5,17.18,6.8,7.7,0.7,147.0977762,2.567340517,41,19.75
01/01/2014,34.00137,5.31,7.32,8.33,6.076,3.819,154.8,18.39,4.87,6.6,7.83,5.268,2.4,151.7,20.77,4.79,7.18,8.41,4.775,3.152,197,15.97,17.6,7.5,4.6,144.0761637,2.514603431,44,18.875
02/01/2014,34.00411,4.53,7.7,8.54,5.954,1.809,147.3,15.97,4,7.06,7.97,5.297,2.2,200,17.64,4.13,7.45,8.35,4.29,1.97,225.5,16.66,3.2,7.8,3.4,-154.4781499,-2.696152338,31,12.5
03/01/2014,34.00684,4.77,7.14,8.66,5.605,14.07,77.7,13.72,5.16,6.51,8.09,5.002,17.2,133.8,17.53,5.97,7.02,8.53,5.482,17.53,216.8,17.64,19.6,8.6,5.4,167.3636516,2.921046769,47,21.375
04/01/2014,34.00958,3.46,7.37,8.8,5.719,1.005,152.7,16.63,2.78,6.77,8.18,5.164,0.4,263.4,16.1,2.93,7.02,8.55,3.775,1.182,296,22.61,4,7.3,2.2,-139.4239409,-2.433406825,31,10.95833333
05/01/2014,34.01232,6.2,7.27,9.32,5.539,16.68,172.5,21.53,5.98,6.6,8.62,5.221,11.6,156.4,23.95,6.82,7.38,9.24,6.178,17.14,199.7,23.59,7.2,8.7,-0.2,165.1697291,2.882755598,39,15.08333333
06/01/2014,34.01506,7.12,8.09,8.84,6.851,4.422,202.1,19.18,5.9,7.48,8.36,6.361,3.8,158.2,20.25,5.85,8.07,8.69,6.895,3.94,207.4,19.7,33.6,9.2,5.6,-178.6500278,-3.118031194,44,20.83333333
07/01/2014,34.01780,3.77,8.61,9.15,7.63,1.206,63.04,16.43,3.26,8.1,8.81,6.953,1.8,267.1,16.23,4.15,8.52,9.32,7.5,1.97,321.3,18.69,18.4,8.9,5.7,-146.6029817,-2.558704724,38,16.125
08/01/2014,34.02053,1.81,8.01,9.01,7.02,1.206,357.8,8.69,3.4,7.49,8.24,6.59,2,48.19,15.21,3.07,7.86,8.97,6.905,1.576,357.7,12.35,7.4,7.5,4.4,-113.3252761,-1.977899194,19,8.875
09/01/2014,34.02327,1.57,7.09,8.53,6.256,1.809,345.5,8.2,2.87,6.57,7.59,5.62,1.8,26.69,11.75,2.66,6.91,8.29,5.604,1.182,353,12.12,4.2,6.8,2.4,-106.1574191,-1.85279649,18,8.083333333
10/01/2014,34.02601,4.53,6.07,8.44,3.373,4.824,106.5,18.88,3.56,5.41,7.71,2.868,4.8,250.9,17,3.94,5.94,8.39,3.28,4.925,254.4,20.87,4.2,7.8,1.6,-141.8591739,-2.475909659,31,11.20833333
11/01/2014,34.02875,2.92,5.45,6.664,3.121,0.603,44.62,14.08,3.47,4.9,5.952,2.463,0.8,318,20.38,3.59,5.27,6.814,2.855,0.788,1.624,18.39,2.2,5,0.5,-112.097219,-1.956465555,27,10
12/01/2014,34.03149,5.56,6.88,7.57,5.295,5.427,105.7,16.95,6.82,6.13,6.839,4.585,7.4,149.4,17.91,8.36,6.95,7.58,5.038,8.47,186.7,17.22,4,7.7,-0.4,138.7935393,2.422404241,30,13.33333333
13/01/2014,34.03422,2.96,5.64,7.44,3.027,4.824,153.5,14.93,2.24,4.97,6.859,2.425,4.6,159.1,13.36,2.49,5.65,7.52,3.078,4.728,222.4,13.46,6.4,6.7,2.8,-171.7913206,-2.998324171,26,11
14/01/2014,34.03696,5.08,6.74,8.75,4.957,4.422,184.4,17.64,5.15,6.03,8.08,4.557,4,162.5,17.99,6.04,6.83,8.59,4.835,4.728,197.3,17.22,0.2,6.3,2.6,167.042333,2.9154387,27,14.125
15/01/2014,34.03970,4.51,8.22,9.21,6.927,9.45,192,15.71,4.2,7.61,8.63,6.419,10.8,160.9,14.92,4.48,8.2,9.06,6.834,11.82,200.6,14.14,20.6,8.6,4.8,142.257844,2.482867765,29,15.5
16/01/2014,34.04244,3.57,7.34,8.06,6.463,0.201,104.4,9.21,3.87,6.49,7.38,5.667,0.2,137.6,9.02,4.89,7.27,8.21,6.32,0.197,172.5,10.19,0,7.9,1.9,121.0635826,2.112958121,15,6.333333333
17/01/2014,34.04517,2.99,7.28,7.84,6.302,0.804,114.3,8.2,2.97,6.41,7.07,5.534,1,144,8.79,4.04,7.2,7.7,5.937,0.591,176.4,10.16,0,7.5,3.2,133.6571114,2.332756663,17,7.041666667
18/01/2014,34.04791,3.61,6.91,7.72,5.964,4.221,134,10.29,3.43,6.15,6.81,5.287,4.4,144.7,10.81,4.14,6.87,7.84,5.845,3.94,181.7,10.75,1.4,7.9,3.5,134.0472114,2.339565192,29,13.29166667
19/01/2014,34.05065,1.46,6.37,7.77,5.182,8.64,228.8,8.62,1.32,5.78,7.08,4.766,9,217,11.13,1.62,5.99,7.62,4.008,9.06,223.2,13.56,2.6,8.4,5.5,142.9766562,2.495413404,29,13
20/01/2014,34.05339,4.18,6.59,7.88,4.225,3.819,170.3,19.08,3.65,5.97,7.56,3.509,6,177.6,16.82,3.95,6.54,7.91,4.149,4.728,219.3,20.09,1.2,7.5,4.6,-172.1032448,-3.003768275,35,13.5
21/01/2014,34.05613,7.38,7.69,8.61,6.19,13.67,202.1,23.06,6.29,7,7.92,5.449,7.4,170.6,23.04,9.03,7.66,8.57,6.178,9.06,187.8,21.92,0.6,8.2,6.3,156.6746911,2.734489214,42,22.25
22/01/2014,34.05886,3.64,7.86,9.3,6.709,4.221,135.8,13.62,3.74,7.28,8.81,6.152,3.6,183.7,20.58,4.39,7.79,9.38,6.784,4.137,211.7,18.52,2.8,7.9,5.3,170.2076332,2.970683611,29,13.41666667
23/01/2014,34.06160,4.75,5.48,7.88,2.318,6.834,17.93,21.98,6.1,4.94,7.32,1.653,8,114.2,26.75,5.63,5.36,7.8,2.36,8.27,346.5,24.5,25,7.1,0.5,-125.9388037,-2.198046781,34,11.58333333
24/01/2014,34.06434,7.33,8.13,10.09,5.954,14.87,178,22.12,6.23,7.59,9.63,5.212,12,181.3,25.58,6.97,7.99,9.82,5.986,11.82,193.1,26.56,9.6,9,1.7,-172.7954112,-3.015848858,47,21.33333333
25/01/2014,34.06708,5.63,6.39,8.57,4.206,6.432,73.4,22.02,5.25,5.81,7.89,3.66,9.6,290.7,26.62,5.68,6.23,8.44,4.128,8.67,350.6,24.17,15.6,7.8,3.1,-135.8226741,-2.370552862,39,14.375
26/01/2014,34.06982,9.57,6.64,8.3,4.9,45.63,188.4,28.62,8.17,6,7.88,4.16,23.4,149.9,34.71,7.98,6.65,8.18,5.159,16.74,204.4,25.64,33.4,7.6,3.1,171.0852373,2.986000692,56,27.125
27/01/2014,34.07255,8.54,6.75,7.79,5.079,4.02,83,19.89,6.94,6.04,7.1,4.463,6.4,164.2,29.62,6.34,6.63,7.73,5.067,6.304,201,23.42,29,6.2,4.5,106.9632157,1.866860292,50,28.75
28/01/2014,34.07529,5.69,5.49,6.672,3.842,1.206,46.9,17.44,4.66,4.95,6.171,3.631,0.8,220.7,27.69,4.75,5.41,6.542,4.088,0.985,253.6,22.34,0,5.9,3.7,59.44436741,1.037499933,42,13.41666667
29/01/2014,34.07803,3.95,6.95,7.84,5.436,2.412,88.5,12.84,3.63,6.2,7.6,4.785,2.4,146.7,13.63,4.14,6.83,7.97,5.421,2.561,190.8,12.28,2,7.1,2.9,109.510888,1.911325562,31,18
30/01/2014,34.08077,5.16,5.99,7.17,4.581,1.809,111.7,15.91,7.32,5.19,6.343,3.839,1.4,144.8,16.38,9.22,6.12,7.22,4.664,1.773,186.5,16.37,0,6,4.1,157.4595612,2.748187782,24,13.25
31/01/2014,34.08350,6.72,5.58,7.56,3.542,7.84,140.5,21.63,7.42,4.9,7.01,3.075,11,145.9,21.92,8.56,5.76,7.34,3.946,14.97,192.3,22.34,5,6.6,3.6,146.2905411,2.553251607,45,24
01/02/2014,34.08624,2.97,5.12,7.35,2.663,5.628,95,16.63,3.03,4.36,6.639,1.512,7.2,142,17.37,3.71,4.96,7.16,2.44,7.09,176.1,17.12,15.4,5.7,0.9,153.9673039,2.687236393,33,11.625
02/02/2014,34.08898,6.85,7.37,8.65,5.539,9.25,123.3,25.09,5.5,6.8,8.03,5.259,8.6,212.7,24.82,6.16,7.27,8.54,5.624,8.27,244.3,29.76,15.6,8.1,1.3,-147.3788123,-2.572245522,41,21
03/02/2014,34.09172,6.44,7.63,8.84,5.548,7.24,188.7,22.67,7.93,6.97,8.28,4.86,5.6,156.9,25.73,9.01,7.6,8.77,5.522,7.29,195,23.65,4.6,9.3,6.7,165.8015469,2.893782899,43,22.375
04/02/2014,34.09446,5.21,6.23,7.39,4.299,3.216,181.1,14.57,4.82,5.46,6.677,3.565,1.8,162.1,14.25,6.11,6.26,7.27,4.189,3.743,190.3,15.61,5,6.7,4.5,165.2221199,2.883669989,27,15.16666667
05/02/2014,34.09719,4.93,6.58,7.67,5.211,0.402,91.7,14.9,3.78,5.83,7.2,4.482,1,149.2,22.48,3.61,6.44,7.55,5.118,0.985,196.6,17.8,0,7.9,3.9,104.2451495,1.819421088,34,16.20833333
06/02/2014,34.09993,2.76,7.03,8.35,5.267,3.216,45.76,10.49,2.94,6.56,8,4.7,2.6,328.2,13.52,3.1,6.86,8.13,5.078,2.758,343.9,12.35,3.2,8.8,0.4,-131.903775,-2.302155169,24,8.583333333
07/02/2014,34.10267,3.49,5.63,6.956,3.944,0.603,79.5,16.24,3.85,4.98,6.4,3.198,1,145,17.25,4.23,5.51,6.774,3.784,1.182,308.6,22.9,3.6,6.8,1.3,-144.6885497,-2.525291583,21,8.583333333
08/02/2014,34.10541,6.1,5.62,7,3.364,3.417,70.1,18.59,5.33,4.93,6.553,2.831,5.8,140.3,20.35,5.23,5.45,7.02,3.422,8.08,190.3,24.79,21.8,6.6,3.4,99.73533293,1.74070994,34,15.125
09/02/2014,34.10815,2.56,7.12,8.72,5.492,3.216,335.5,11.79,4.78,6.61,7.8,4.814,3.4,16.11,18.04,4.83,7.02,8.54,5.209,4.137,351.3,17.57,12,7.9,3.7,-91.13869248,-1.59067026,22,9.958333333
10/02/2014,34.11088,4.27,6.37,7.68,5.248,1.005,42.4,14.57,5.16,5.77,6.811,4.747,2,127.2,24.26,5.28,6.26,7.37,5.29,2.167,337.7,20.09,3.4,7.5,1,-123.8407604,-2.161429018,27,10.70833333
11/02/2014,34.11362,6.17,4.02,6.257,1.507,9.45,147.2,19.24,5.47,3.26,5.478,0.931,8.6,154.5,23.78,6.11,3.92,6.43,1.288,9.65,205.6,23.23,7.8,5.4,0.4,-177.5725099,-3.099224959,41,16.79166667
12/02/2014,34.11636,5.25,4.71,6.078,2.747,2.814,129.5,17.64,5.05,4.06,5.516,1.814,2.2,147.1,26.66,5.34,4.65,6.138,2.35,2.364,213.9,19.8,12.6,4.6,0.6,153.1494227,2.672961674,39,18.08333333
13/02/2014,34.11910,2.87,5.75,6.398,4.441,12.06,351.7,14.34,5.29,5.25,5.962,4.132,9.4,42.92,26.39,4.97,5.62,6.259,4.614,9.65,356.5,19.83,20.2,6.6,1.8,-79.60186905,-1.389314706,36,11.70833333
14/02/2014,34.12183,5.2,6.46,7.56,4.628,0.402,50.97,21.3,4.04,5.8,6.84,4,1.2,215,31.47,4.03,5.79,7.46,3.32,0.788,245.1,22.12,1.6,6.9,0.7,13.14216395,0.229374032,32,10.29166667
15/02/2014,34.12457,5.22,5.41,6.711,4.225,5.628,10.83,22.34,7.29,4.9,6.115,3.603,9.2,354.8,29.11,7.34,5.34,6.471,4.047,4.925,313,28.49,10.4,7.3,3.5,-13.2214841,-0.23075843,39,22.75
16/02/2014,34.12731,2.23,5.71,7.43,4.131,0.402,84.1,9.6,2.96,5.05,7.16,3.509,0.4,111.5,18.34,3.29,5.65,7.73,4.057,0.394,7.68,14.11,2.4,7.1,0.3,-74.9381589,-1.307917608,31,9.916666667
17/02/2014,34.13005,8.09,5.44,6.209,4.722,2.211,66.2,15.97,5.84,4.7,5.23,4.028,2.2,173.5,25.39,5.11,5.27,6.189,4.512,2.561,221.4,16.27,6.2,5.5,-0.7,72.71009574,1.26903057,27,12.33333333
18/02/2014,34.13279,7.77,5.54,6.436,4.853,0,65.45,16.24,5.55,4.84,5.658,4.198,0,172.3,28.47,5.04,5.34,6.148,4.734,0,218.2,19.4,16.4,5.3,4.1,69.07722519,1.205625018,32,17.41666667
19/02/2014,34.13552,3.98,7.19,8.98,5.973,8.44,179.3,17.54,3.6,6.53,7.84,5.335,6.8,157.2,15.02,5.01,6.99,8.09,5.704,7.09,187.4,16.01,4.6,7.8,4.5,129.2577553,2.255973413,21,11.375
20/02/2014,34.13826,3.15,6.43,7.57,5.042,11.06,64.37,16.82,3.2,5.93,7.33,4.558,10.4,345.3,18.15,3.46,6.23,7.55,4.876,12.8,329.3,16.53,40.2,7.1,3.5,-145.6387235,-2.541875243,33,14.66666667
21/02/2014,34.14100,6.12,6.6,8.29,4.262,4.221,130.6,18.75,5.18,6.05,7.7,3.622,5.4,26.05,25.17,5.44,6.49,8.09,4.068,5.319,252.7,23.88,15,7.6,3.8,-151.3977764,-2.642389679,43,18.20833333
22/02/2014,34.14374,6.67,7.61,8.79,6.049,23.12,163.2,22.02,5.4,7.1,8.42,5.506,15.2,104.6,23.77,4.8,7.5,8.79,5.876,15.56,219.3,22.28,11.6,8.4,3.5,-141.7881723,-2.474670446,48,21
23/02/2014,34.14648,8.65,8.09,9.09,6.217,6.231,194.5,22.34,6.29,7.58,8.61,5.534,5.4,111.2,28.01,5.99,8.02,8.95,6.028,4.728,218.1,23.16,40.6,8.9,4.3,-158.7446155,-2.77061621,44,22.16666667
24/02/2014,34.14921,5.27,7.27,8.75,5.435,2.01,132.3,20.16,5.49,6.63,8.53,4.794,3.6,171.6,19,5.75,7.03,8.31,5.624,3.94,179.7,19.57,1.4,9,3.5,-171.8167597,-2.998768166,40,15.08333333
25/02/2014,34.15195,5.45,6.92,7.93,5.323,7.24,142.5,18.62,5.87,6.26,7.32,4.709,7.2,150.8,20.2,6.72,6.84,7.9,5.28,8.47,191.7,16.4,4.2,9.8,6.4,147.5788321,2.575736526,36,18.66666667
26/02/2014,34.15469,4.01,8.03,10.08,6.313,3.015,116.9,15.71,4.39,7.48,9.96,5.582,2.4,190,19.33,4.29,7.92,10.28,6.248,2.167,296.1,17.35,9.6,9.9,5.4,-146.6936978,-2.560288019,45,16.83333333
27/02/2014,34.15743,5.12,6.41,7.73,4.477,6.03,77.3,16.86,4.42,5.82,7.38,3.613,7.4,245.3,19.84,5.15,6.22,7.56,3.876,7.49,295.5,18.03,7.4,8.1,4,-152.7969901,-2.666810564,38,16.95833333
28/02/2014,34.16016,4.37,6.71,7.81,4.627,3.819,64.16,18.06,4.46,6.12,7.24,4.198,6,328.2,19.57,4.76,6.5,7.69,4.664,5.516,343.4,21.72,10.2,8.8,3.5,-144.2068649,-2.516884596,28,15.375
01/03/2014,34.16290,3.69,5.12,6.947,2.365,21.11,117.5,13.1,3.05,4.51,6.43,2.228,19.8,160.2,14.99,3.36,4.91,6.694,2.683,20.29,219.3,15.06,6.6,7.5,2.3,-169.1970664,-2.953045893,30,13.75
02/03/2014,34.16564,2.6,5,6.966,2.738,5.829,97.3,12.05,3.45,4.46,6.153,2.378,5.8,149.7,12.61,4,4.68,6.35,2.512,4.728,191,15.68,4.8,7.7,1.2,160.4715779,2.800757389,28,9.541666667
03/03/2014,34.16838,2.77,6.05,7.88,3.261,3.216,90.5,12.09,2.54,5.55,8.06,2.453,2.6,294.8,13.81,2.66,5.75,8.06,3.35,2.955,307.3,11.27,2.4,8.5,3.2,-126.1976243,-2.202564052,19,7.291666667
04/03/2014,34.17112,2.77,6.41,8.75,3.991,1.809,41.44,14.05,3.4,5.81,7.71,3.537,1.8,330.6,19.26,3.49,6.15,7.8,3.936,1.97,3.065,17.28,15.6,8.7,3.4,-162.9088501,-2.843295814,31,11.83333333
05/03/2014,34.17385,6.52,7.84,8.96,6.388,8.44,170.6,20.06,4.67,7.3,8.45,5.934,9.2,37.71,21.68,5.28,7.66,8.77,6.228,8.27,222,20.91,23.2,8.6,3.3,-154.7653082,-2.701164196,41,19.79166667
06/03/2014,34.17659,4.7,6.7,7.94,5.135,4.02,144,15.58,3.93,6.1,7.37,4.548,4,202.1,22.88,3.69,6.55,7.82,4.896,3.94,242,19.89,2,8.1,5.4,-153.2860564,-2.675346381,27,12.83333333
07/03/2014,34.17933,6.67,5.35,7.59,1.983,5.226,98.8,26.04,5.55,4.72,7.06,1.513,6.6,327.4,29.35,5.94,5.18,7.56,1.783,5.319,264.9,29.92,14,7.1,1.7,-128.1606493,-2.236825302,51,19.58333333
08/03/2014,34.18207,11.1,8.18,9.89,5.088,35.58,196.2,25.32,8.88,7.66,9.48,4.208,12.8,145.1,30.23,7.98,8.08,9.56,5.18,12.8,213.2,26.79,22.6,10.2,3,-171.5965716,-2.994925159,58,27.54166667
09/03/2014,34.18480,5.49,7.41,8.39,5.69,2.01,143.4,23.59,4.97,6.86,7.92,5.155,3.6,269,26.69,5.8,7.33,8.45,5.614,1.773,196.2,25.77,4.2,8.2,5.4,-138.3574446,-2.414792952,44,19.625
10/03/2014,34.18754,4.57,7.37,8.86,5.7,0,188.2,14.41,4.25,6.83,8.26,5.136,0,122,20.89,3.62,7.1,8.38,4.947,0,258.7,13.88,0.8,9.8,0.7,-146.744184,-2.56116917,25,10.70833333
11/03/2014,34.19028,5.75,8.31,8.85,7.61,0,197.2,14.01,4.03,7.79,8.32,7.1,0,119.9,17.59,4.23,8.19,8.59,7.56,0,225.4,12.09,0,9.6,5.4,-157.5111189,-2.749087633,30,15.875
12/03/2014,34.19302,6.22,8.57,9.31,7.63,0,200.6,14.67,4.59,8.06,8.9,7.09,0.4,114.5,19.49,3.76,8.43,9.26,7.65,0.197,220.8,13.46,0,9.7,5,-161.6661882,-2.821607273,32,16.70833333
13/03/2014,34.19576,2.9,8.32,9.44,7.21,1.005,108.5,15.19,3.03,7.8,9.04,6.505,1,251.7,16.77,3.05,8.18,9.4,7.33,0.591,322,17.54,1.2,10.7,6.3,-120.3459418,-2.100432926,29,10.66666667
14/03/2014,34.19849,5.53,8.39,9.55,6.944,7.24,57.17,19.73,6.71,7.9,9.2,6.294,10.6,120.9,25.71,6.27,8.25,9.45,6.694,8.67,348.1,25.09,14.6,9.9,4.7,-115.1248452,-2.009307599,47,21.25
15/03/2014,34.20123,4.24,8.89,9.6,7.89,0.402,55.27,15.48,5.94,8.49,9.28,7.41,3.4,292.6,24.43,5.66,8.81,9.66,7.77,0.985,357.3,19.11,4,10.5,6.4,-97.09980667,-1.69471133,41,20.375
16/03/2014,34.20397,4.36,8.83,10.04,7.84,0.402,82,14.99,5.81,8.42,9.42,7.36,2.8,330.7,23.62,5.45,8.73,9.84,7.71,1.97,15.07,21.89,0.4,10.6,7.9,-103.739078,-1.810588474,40,20.70833333
17/03/2014,34.20671,3.91,8.71,9.69,8.08,1.206,73.6,13.69,3.24,8.27,8.98,7.51,3,347.8,18.53,4.04,8.6,9.31,7.74,2.561,313.6,16.01,1.6,10.7,7.8,-113.7231396,-1.984843221,35,18.54166667
18/03/2014,34.20945,4.49,8.61,10.25,7.52,6.03,101.9,18.55,4.7,8.1,9.37,7.12,7.2,282.1,24.37,4.91,8.44,9.54,7.48,6.304,299.2,23.52,9.2,11.1,6.2,-132.7499797,-2.316924227,36,14.95833333
19/03/2014,34.21218,8.12,9.33,10.07,7.85,9.25,163.4,23.36,6.51,8.93,9.79,7.31,17.2,7.19,33.57,7,9.23,9.97,7.7,7.88,203.2,26.49,24.2,10.7,7.7,-137.1150313,-2.39310875,50,25.54166667
20/03/2014,34.21492,6.39,6.01,8.11,2.132,6.231,110.7,23.29,5.04,5.38,7.65,1.504,6,251.8,25.62,5.75,5.8,7.98,2.016,6.501,262.2,26.13,39,9.4,2.6,-140.4126045,-2.450662259,53,20.66666667
21/03/2014,34.21766,6.32,5.31,6.965,2.281,3.015,110.4,24.3,4.96,4.62,6.381,1.541,4.2,251,30.01,5.76,5.1,6.673,2.128,2.758,263.6,29.11,7.6,8.3,1.8,-136.5886762,-2.38392212,48,20.125
22/03/2014,34.22040,3.58,5.9,7.97,3.654,2.613,31.25,15.91,4.74,5.2,6.515,3.066,2.6,353.9,19.83,4.9,5.71,7.41,3.461,1.97,346.9,20.19,8.6,8.3,1.6,-113.6554442,-1.983661714,32,13.58333333
23/03/2014,34.22313,2.38,5.28,7.52,2.477,6.03,51.42,14.18,3.35,4.62,7.3,2.134,4.2,54.24,20.55,3.69,5.26,7.88,2.836,4.531,229.5,17.18,3,7.1,0.8,-42.97967713,-0.750136877,39,14.04166667
24/03/2014,34.22587,6.23,6.56,7.64,5.596,0.201,99.6,21.56,7.82,5.81,6.82,4.558,1,149.6,20.6,9.5,6.54,7.56,5.664,0.788,183.8,18.65,0,8.6,-1.1,139.284643,2.430975618,29,14.25
25/03/2014,34.22861,3.38,8.12,10.96,6.104,0.804,72.3,14.18,5.36,7.43,10.31,5.525,1.2,69.25,21.3,5.59,7.93,10.69,6.118,0.985,207.4,20.25,0.4,10.4,5.9,123.6947622,2.158880868,29,12.95833333
26/03/2014,34.23135,2.33,8.02,10.03,6.861,0,28.77,11.07,2.55,7.49,8.84,6.343,0,356,13.47,2.78,7.78,9.37,6.854,0,46.8,10.22,0.8,11.8,5.4,25.50835797,0.445204833,23,8.25
27/03/2014,34.23409,4.03,7.26,8.56,5.756,0,75.4,9.8,3.26,6.71,8.87,4.776,0,119.8,12.28,3.08,7,8.78,5.491,0,178.9,14.05,0,10.7,3.7,97.51756641,1.702002612,29,14.29166667
28/03/2014,34.23682,5.92,7.02,8.18,6.067,0,68.16,12.28,4.11,6.53,8.41,5.364,0,163.8,20.11,3.74,6.73,7.88,5.28,0,223.1,13.39,0,8.8,3.6,75.29999231,1.314232793,24,12.25
29/03/2014,34.23956,5.22,7.36,9.35,5.276,0,69.7,10.16,4.01,7.09,10.27,4.567,0.2,132.1,13.87,3.22,7.37,10.38,5.067,0.197,216.1,14.8,0,11.1,4.5,88.55853691,1.54563805,29,14.58333333
30/03/2014,34.24230,3.44,9.46,11.11,8.21,0,70.7,10.16,3.67,9.39,10.85,8.06,0,108.3,18.67,2.93,9.56,11.05,8.33,0,173.8,17.35,0,12.4,5.8,94.27628784,1.645431629,29,10.95652174
31/03/2014,34.24504,2.05,10.16,11.51,8.64,0,38.06,8,2.12,10.42,12.77,8.78,0,131.1,10.68,2.14,10.56,12.48,8.4,0,153.3,11.66,0,12.6,5.7,85.56535857,1.493397233,20,9
01/04/2014,34.24778,1.61,8.81,10.07,8.13,0.603,61.85,5.161,1.95,8.44,9.76,7.45,0.4,120.4,8.97,1.9,8.86,9.9,7.91,0.394,166.1,9.41,0,11.1,7.1,99.7964679,1.741776947,26,13.625
02/04/2014,34.25051,4.62,8.25,9.35,6.946,0,65.37,11.96,2.99,7.77,9.07,6.267,0,95,13.76,2.95,8.04,9.42,6.592,0,333.2,12.54,0,10,4.6,88.80592296,1.549955751,26,13.04166667
03/04/2014,34.25325,2.75,8.35,8.8,7.73,7.24,106.1,12.05,4.41,7.8,9.22,7.24,8.6,127.7,12.74,4.39,8.1,9.32,7.57,9.26,177.8,10.55,2.8,9.9,6.5,121.1393515,2.114280538,24,9.583333333
04/04/2014,34.25599,2.23,8.94,10.97,8.07,0,192,11.4,2.32,8.34,10,7.58,0,145.5,10.39,2.51,8.5,9.9,7.79,0,196.8,10.75,0.4,9.7,7.9,157.4156022,2.747420552,13,5.208333333
05/04/2014,34.25873,3.2,8.47,9.69,7.5,2.814,168.6,13.2,3.1,7.91,9.42,6.649,3.2,158.3,11.78,3.65,8.19,9.2,7.27,2.758,189.7,13.16,0.8,9.7,6.9,169.7669991,2.962993096,20,7.625
06/04/2014,34.26146,5.21,8.85,10.1,6.925,13.27,179.2,17.31,4.5,8.33,9.63,6.38,12,165.2,20.71,5.09,8.58,9.9,6.613,11.43,191,20.25,27.6,10.7,6.8,173.4767385,3.027740262,48,14.83333333
07/04/2014,34.26420,3.76,7.72,9.51,6.03,2.211,170,12.64,3.09,7.11,8.78,5.525,1.4,164.9,13,2.82,7.46,8.61,5.785,1.97,232.1,13.13,1.8,10,5.5,-160.8963748,-2.808171495,27,11.625
08/04/2014,34.26694,3.72,8.27,9.96,5.784,1.005,77.5,14.77,3.21,7.81,10.13,5.43,2,339.9,14.72,3.82,7.98,9.54,5.724,1.576,305.4,14.77,2.6,11,1.9,-121.9033943,-2.1276156,34,13.33333333
09/04/2014,34.26968,3.6,8.61,9.62,7.26,6.633,116.5,17.12,3.71,8.18,9.24,6.848,9,267.4,17.44,4.08,8.45,9.42,7.02,8.08,182,20.68,16.4,10.8,7,-134.9615356,-2.35552316,28,12.16666667
10/04/2014,34.27242,3.14,7.96,9.72,6.832,0.402,64.84,14.28,2.95,7.41,9.42,6.324,0.6,355.5,12.57,3.27,7.75,9.8,6.633,0.591,311.1,15.03,6.4,10.3,4.9,-115.4520145,-2.01501778,32,13.70833333
11/04/2014,34.27515,4.99,7.84,8.89,6.558,8.04,153.4,19.37,4.38,7.27,8.45,6.105,10.6,294.7,25.18,5.39,7.64,8.82,6.512,8.27,198.4,19.21,9.8,8.8,2.6,-145.8268931,-2.545159422,37,14.66666667
12/04/2014,34.27789,6.06,8.21,9.44,5.915,6.834,63.9,19.6,6.09,7.7,8.64,5.943,11,333.4,27.58,7.49,7.99,9.05,5.926,7.09,331,26.56,21.2,10,6.6,-114.6753077,-2.00146169,48,25.70833333
13/04/2014,34.28063,4.38,8.05,9.85,6.822,5.226,40.1,16.66,5.69,7.47,8.5,6.438,6.6,7.25,24.47,5.63,7.78,8.86,6.724,5.91,348.7,23.49,17.4,10.3,5.6,-91.27855724,-1.59311136,43,19.95833333
14/04/2014,34.28337,1.8,8.29,10.38,6.851,0.201,119.8,10.85,2.54,7.63,10.02,6.095,0.2,344.4,15.97,2.44,8,10.2,6.007,0.591,346.4,13.59,2.8,11.3,4.5,-56.58205911,-0.987543229,30,10.33333333
15/04/2014,34.28611,5.88,8.58,10.12,7.46,0,209.6,13.23,4.71,7.97,9.03,6.907,0.2,140.4,15.57,2.83,8.36,9.64,7.49,0,224.2,10.06,0,12.1,1.9,-158.4482634,-2.76544389,31,11.41666667
16/04/2014,34.28884,4.5,8.36,9.07,6.737,3.216,167.7,14.86,3.44,7.81,8.61,6.238,4.2,3.887,16.04,4.15,8.18,9.03,6.532,3.743,205.1,15.65,9.8,10.2,8.1,-154.4464195,-2.695598539,30,17.20833333
17/04/2014,34.29158,2.97,7.56,9.61,5.379,1.608,356.2,20.58,4.27,6.86,8.39,5.069,1.6,348.3,22.6,4.5,7.17,8.89,4.452,1.97,344.7,23,4.2,9.9,3.1,-67.49556925,-1.178019914,44,19.41666667
18/04/2014,34.29432,5.16,8.48,9.65,6.587,2.211,199,11.53,3.24,7.86,8.75,5.687,2.8,82.7,13.68,3.64,8.19,8.83,6.076,2.167,229.8,9.67,0,11.9,1,-153.8450219,-2.685102171,27,12.875
19/04/2014,34.29706,2.58,8.74,9.45,7.48,10.65,187.5,9.21,2.13,8.32,9.17,7.22,15,121.7,14.12,1.57,8.37,8.99,7.2,12.41,202,7.19,7.2,11.4,7.3,-172.6850826,-3.01392326,20,8
20/04/2014,34.29979,2.99,8.99,10.95,7.72,0,164.6,13.82,2.68,8.39,10.72,6.973,0,152.5,9.36,2.62,8.52,10.3,7.52,0,193.4,11.17,0,14,2.9,120.8751963,2.10967016,19,6.375
21/04/2014,34.30253,6.56,11.1,14.72,7.98,0,43.64,13.43,4.91,11.58,15.52,7.47,0,65.38,18.57,4.28,11.47,15.82,7.63,0,20.63,17.57,0.4,12.2,7.2,44.50050062,0.776680255,21,10.66666667
22/04/2014,34.30527,7.04,10.7,11.94,9.63,0.402,49.31,16.89,3.9,10.03,12.64,8.7,0.8,56.27,18.23,5.03,10.31,12.2,8.87,0.985,355.3,15.52,0,12.3,8.1,61.96250901,1.081449795,28,15.08333333
23/04/2014,34.30801,3.69,9.66,10.97,8.82,1.005,115.9,13.3,4.39,9.15,10.86,7.84,1.2,140.6,16.72,4.2,9.38,10.22,7.74,0.985,178.1,13.43,2.4,16,8.7,126.372846,2.205622249,27,11.04166667
24/04/2014,34.31075,3.04,9.52,11.4,8.27,0.603,193.4,9.15,2.72,8.93,11.12,7.3,0.4,170,8.13,3.02,9.02,9.79,7.02,0.197,192,10.16,14.4,13.2,7.8,151.4379181,2.643090284,14,5.875
25/04/2014,34.31348,3.41,9.81,12,7.74,0,50.17,12.48,3.05,9.38,12.26,6.972,0,62.33,9.92,2.88,9.35,12.43,6.683,0,24.38,9.44,3.2,12.6,3.2,51.43194327,0.897656751,29,10.16666667
26/04/2014,34.31622,5.19,9.66,11.67,8.19,3.216,50.45,18.55,3.05,9.22,11.48,7.62,4.6,103.3,15.21,3.35,9.39,11.79,7.92,4.728,356.4,12.94,15.6,12.2,7.9,69.07960962,1.205666634,30,15
27/04/2014,34.31896,1.32,11.02,13.84,7.97,0,20.85,5.978,2.03,10.73,14.21,7.06,0,349.1,7.51,1.57,10.24,13.45,7.27,0,58.71,6.631,0,14.7,8.1,87.54669057,1.527978,22,9.375
28/04/2014,34.32170,3.94,8.53,10.23,6.737,0,24.81,8.36,5.85,8.04,10.1,6.266,0,12.59,10.97,5.08,8.25,10.45,7.06,0,54.6,12.77,0,14.4,8.3,-5.510029975,-0.096168165,15,7.875
29/04/2014,34.32444,2.98,9.21,10.34,8.24,0,53.87,8.13,2.51,8.81,10.59,7.67,0,91.6,8.46,2.36,9.23,10.63,8.05,0,85.9,10.71,0,12.4,8.3,57.15207688,0.997491916,15,6.833333333
30/04/2014,34.32717,4.33,9.63,11.24,7.99,2.814,53.03,11.14,3.06,9.29,11.4,7.51,2.6,89.9,15.06,3.38,9.68,11.37,7.94,3.94,352.9,11.69,3.4,10.3,6.3,80.43233386,1.403809051,30,16.625
01/05/2014,34.32991,6.53,7.96,9.4,6.775,3.417,68.38,11.76,4.52,7.45,9.92,6.209,6.8,173.4,16.9,3.9,7.74,9.13,6.613,6.304,223.7,12.71,2.2,11.4,5,85.48110981,1.491926814,32,20.125
02/05/2014,34.33265,3.34,8.48,9.72,7.17,0.402,96.5,10.75,3.6,7.96,10.02,6.495,0.4,141.4,13.6,3.69,8.35,9.54,7.02,0.197,185.8,10.75,0,11.3,3.7,107.9486239,1.88405891,16,7.833333333
03/05/2014,34.33539,4.11,9.56,10.47,9.07,7.64,208.7,15.09,3.15,9.06,10.41,8.45,7.4,183.3,11.49,4.19,9.36,10.71,8.79,5.713,193.1,15.32,10,11.1,5.8,157.1784753,2.743281907,21,9
04/05/2014,34.33812,3.13,10.2,10.97,9.74,6.432,189.9,11.66,2.42,9.78,10.65,9.33,7.6,135,10.65,2.3,9.95,10.58,9.56,5.122,198.1,9.6,3.2,12.5,9.1,-172.0863839,-3.003473997,19,11.16666667
05/05/2014,34.34086,4.77,9.59,10.34,8.55,6.03,193,19.37,5.99,9.05,9.79,7.94,5.2,150.2,24.17,6.16,9.36,10.15,8.35,4.531,197.6,17.18,6.8,10.9,9.1,169.5660148,2.959485257,35,13.66666667
06/05/2014,34.34360,3.95,10.09,12.04,8.35,11.06,197.8,11.89,3.74,9.53,11.77,7.9,8,156.4,11.34,3.26,9.57,10.78,8.27,11.62,199.9,15.19,3,13.7,8,-177.2456571,-3.093520301,23,9.458333333
07/05/2014,34.34634,1.43,10.12,13.21,8.27,0.201,158.5,6.566,2.15,9.24,11.21,7.75,0.8,252.8,9.39,2.1,9.74,12.46,7.74,0.591,333.6,7.12,9.6,11.9,8.3,-171.8881198,-3.000013636,16,6.625
08/05/2014,34.34908,1.71,10.08,12.21,8.46,1.407,172.2,6.86,2.08,9.35,11.35,8,1,155.5,7.85,1.85,9.58,11.25,8.26,1.182,228.3,6.599,0,12,7.3,128.4175393,2.241308878,13,4.583333333
09/05/2014,34.35181,1.72,10.28,13.02,8.25,0,135.8,5.619,1.87,9.53,12.55,7.37,0,147.6,6.977,1.78,9.69,11.86,7.4,0.197,180,6.468,6.2,12.7,7.9,95.38841928,1.664841985,10,3.333333333
10/05/2014,34.35455,3.15,9.78,11.31,8.72,3.618,61.38,9.47,2.83,9.13,10.7,8.2,3.2,142.2,12.1,2.99,9.54,11.25,8.44,3.152,227.2,11.01,2,11.7,8.3,70.37588235,1.228290861,17,8.791666667
11/05/2014,34.35729,2.34,10.19,12.2,8.99,1.407,42.43,7.19,1.9,9.66,11.57,8.62,1.6,63.26,9.65,1.88,9.92,11.96,8.78,1.576,16.63,7.45,1,12.4,8.8,42.08163063,0.734463009,20,11.58333333
12/05/2014,34.36003,2.95,9.89,11.92,8.65,0,60.09,7.81,2.18,9.36,11.44,8.15,0,116.7,8.36,2.11,9.77,12.22,8.4,0.197,274.1,7.84,0,11.9,8.2,52.13949655,0.910005885,20,11.33333333
13/05/2014,34.36277,1.99,9.44,11.83,6.936,2.211,51.35,6.239,1.93,8.7,10.86,7,0.2,37.15,8.81,1.84,8.91,11.56,6.572,1.182,37.83,7.45,0,12.6,2.8,-19.8463059,-0.346383382,18,7.083333333
14/05/2014,34.36550,3.87,10.57,11.3,9.13,1.809,178.7,15.32,3.68,10.04,10.73,8.36,1.8,188.9,19.62,3.82,10.33,10.99,9.07,0.985,189.7,14.11,0.4,13.3,2.8,-160.7464641,-2.805555059,29,10.66666667
15/05/2014,34.36824,3.76,10.95,11.49,10.55,0.201,145.8,15.22,4.3,10.47,10.86,10.08,0.4,277.8,19.61,4.47,10.76,11.24,10.42,0.394,167.4,17.64,0,13.9,10.7,-136.2161957,-2.377421109,31,16.33333333
16/05/2014,34.37098,5.47,10.25,11.76,8.97,2.01,176.1,18.52,4.09,9.76,11.25,8.51,2.8,76.4,26.13,4.52,10.02,11.28,8.79,1.773,241.1,15.55,3.2,13.6,8.6,-144.1519696,-2.515926493,43,18.16666667
17/05/2014,34.37372,4.58,9.32,10.18,8.01,4.824,185.3,15.39,3.88,8.74,9.42,7.85,6.2,150,16.4,3.96,9.07,9.55,8.07,4.925,210.7,14.73,20.6,10.9,5.1,-168.6101551,-2.942802359,30,11.45833333
18/05/2014,34.37645,1.93,9.41,11.95,7.15,3.417,180.2,10.26,1.98,8.75,10.52,6.725,2.8,134.6,9.87,1.66,9.01,10.92,6.662,2.758,207.8,8.56,7.8,11.6,8,168.8020839,2.946152148,21,8.541666667
19/05/2014,34.37919,4.01,9.84,11.32,7.41,0.804,23.54,14.34,2.67,9.25,11,7.02,1.2,350.9,11.25,2.8,9.34,10.67,6.613,0.788,356,17.25,0,13.2,6,27.29343986,0.47636039,19,8.625
20/05/2014,34.38193,7.83,9.25,10.1,7.95,12.66,30.71,18.13,5.16,8.72,9.55,7.51,11.8,128,22.06,5.57,8.97,9.88,7.78,12.41,326.2,22.34,0.8,13.6,9.4,15.53753976,0.271181226,28,11.70833333
21/05/2014,34.38467,6.45,7.59,8.29,6.832,5.025,30.1,21.69,5.85,7.01,7.64,6.324,3.6,116.9,24.59,5.74,7.32,7.9,6.592,3.349,316.7,22.61,30.8,9.5,7.3,13.33379564,0.232718636,33,19.41666667
22/05/2014,34.38741,5.25,7.32,8.96,5.84,3.819,28.64,18.33,5.75,6.66,7.75,5.268,2.8,147.7,21.07,5.21,7.02,8.21,5.866,3.743,295.7,22.51,9.2,9.5,6.8,19.60642349,0.342196644,34,21.95833333
23/05/2014,34.39014,4.66,7.48,9.5,6.236,0.402,32.26,13.13,4.76,6.76,8.68,5.744,0.4,110.9,15.76,4.27,7.08,8.57,6.238,0.197,308.9,17.35,3,9.7,6.1,7.084011809,0.12363933,33,17.08333333
24/05/2014,34.39288,3.94,8.46,9.92,6.785,0.201,36.47,12.54,3.17,7.75,8.76,6.324,0.2,98.2,13.19,3.88,8.11,9.12,6.694,0.394,5.63,16.59,2.2,11.7,7,16.88192825,0.294645232,18,8.208333333
25/05/2014,34.39562,3.85,10.37,12.55,8.41,0,48.87,10.91,2.78,9.61,11.52,8.09,0,80,12.35,2.65,9.87,12.21,8.49,0,5.449,9.34,0,14.1,7.5,63.19203833,1.10290913,22,10.75
26/05/2014,34.39836,3.27,10.59,13.12,9.09,0.402,43.08,10.22,2.07,9.91,11.73,8.57,0.4,69.76,8.55,2.46,10.09,12.58,8.55,0.394,6.043,9.15,1,12.8,9,53.62096256,0.935862345,19,9.625
27/05/2014,34.40110,1.5,11.42,13.08,9.99,0,77.3,7.35,1.88,11.03,12.67,9.29,0,107.3,6.607,1.71,11.12,12.44,8.39,0,133,6.043,0.2,15.9,6.7,64.01424306,1.11725931,16,4.833333333
28/05/2014,34.40383,1.18,13.29,15.34,11.5,0,54.07,5.161,1.67,13.36,15.56,11.29,0,66.41,6.067,1.26,12.71,15.07,10.46,0,61.48,5.423,0,17,9.5,88.66912892,1.547568244,23,9.166666667
29/05/2014,34.40657,1.56,11.58,13.85,10.58,0,119.9,5.684,2.15,11.24,13.68,10.23,0,220,6.817,1.61,11.19,12.3,10.12,0,213.2,6.664,0,14.4,9.4,137.8539603,2.406005494,18,8.5
30/05/2014,34.40931,0.94,10.75,11.71,9.51,0,116.9,4.475,1.15,10.29,11.34,9.51,0,266.5,5.873,1.11,10.52,11.43,8.4,0,345.6,4.671,0,16.3,9,-127.7963351,-2.23046682,17,4.833333333
31/05/2014,34.41205,4.33,11.81,14.06,10.75,0.603,204.5,12.28,3.46,11.29,13.61,10.13,1,160.7,13.61,2.72,11.36,12.78,10.35,0.394,206.8,10,0,15.6,9.8,-167.5986362,-2.925148024,21,7.833333333
01/06/2014,34.41478,6.19,11.74,12.08,11.53,14.07,206.6,14.99,5.06,11.4,11.81,11.22,11.4,141.9,20.33,3.06,11.4,11.88,11.03,10.24,204.9,12.18,11.2,13.5,11.3,-177.4952313,-3.097876192,27,13.95833333
02/06/2014,34.41752,2.52,11.04,12.18,9.2,0.804,189.8,9.47,2.53,10.51,11.36,8.9,1.2,133.8,11.83,2.39,10.72,11.79,9.46,0.788,223.6,11.17,5,16.2,11,-162.9636126,-2.844251601,23,9.291666667
03/06/2014,34.42026,4.78,10.76,12.74,9.12,0.402,208.4,11.3,4.3,9.96,11.91,8.66,0.4,150.2,14.51,2.83,10.31,11.81,9.08,0.394,225.4,9.47,0.2,15.6,9.4,179.4799917,3.132516796,20,9.25
04/06/2014,34.42300,2.99,11.02,13.55,8.51,0.603,214.3,10.39,3.1,10.36,13.27,7.92,0.2,144.7,11.73,2.17,10.54,12.54,8.55,0.394,214,6.991,0,14.7,7.4,111.0619732,1.938397106,15,6.875
05/06/2014,34.42574,3.25,10.7,11.86,8.92,11.46,20.93,13.39,2.59,10.19,11.31,8.75,11.2,84.7,11.32,3.31,10.48,11.56,9.59,9.65,14.98,12.67,18.4,11.8,8.4,19.42809128,0.33908416,22,11.875
06/06/2014,34.42847,2.99,11.66,13.2,10.55,0,95.2,13.62,2.8,11.06,12.52,9.93,0.2,117.5,8.8,2.88,11.31,13.04,10.22,0,153.8,8.2,0.2,15.9,10.6,102.4005165,1.787226169,18,6.958333333
07/06/2014,34.43121,3.3,13.18,15.76,11.21,10.05,75.2,9.38,3.35,13.39,15.82,11.15,8.6,86.5,9.7,3.37,12.87,15.38,10.99,8.27,61.08,11.53,3,19.9,9.9,39.00726367,0.680805183,19,8.166666667
08/06/2014,34.43395,2.79,12.94,15.07,11.48,0.201,207.4,9.96,2.44,12.33,14.4,10.97,0.4,152.9,11.9,1.98,12.37,13.51,11.34,0.197,201.4,9.47,24.2,18.2,11.4,171.7674714,2.997907923,26,9.708333333
09/06/2014,34.43669,2.05,12.66,14.18,11.28,6.834,125.6,7.48,2.26,12.31,13.51,11.23,5,124.6,9.74,1.91,12.54,14.05,11.35,5.319,182.7,10.98,14,17.6,11.6,136.8634048,2.38871704,17,7.958333333
10/06/2014,34.43943,2.42,12.93,14.78,11.95,4.623,177.3,7.71,2.25,12.23,14,11.44,3.8,143.2,10.48,1.9,12.55,13.87,11.71,2.955,226,10.98,0,17.9,11.5,171.1854466,2.987749675,21,7.958333333
11/06/2014,34.44216,2.36,12.89,14.48,11.67,0.201,104.4,10.62,2.66,12.3,13.62,11.26,0.4,282,12.81,2.88,12.63,13.69,11.69,0.394,267,12.22,0.2,17.5,11.7,-120.4545435,-2.102328383,24,12.95833333
12/06/2014,34.44490,3.48,13.02,14.56,12.57,7.84,195.6,10.06,2.55,12.45,13.07,12.06,7.4,114.7,11.45,2.34,12.72,13.65,12.36,6.698,211.2,8.98,1.8,16.5,10.8,-162.6383064,-2.838573936,17,8.375
13/06/2014,34.44764,1.34,13.49,14.95,12.65,0.804,140.4,5.521,1.76,13.01,14.08,12.37,2,326.7,15.58,1.76,13.2,14.45,12.44,1.182,168.7,8.26,2.8,15.1,11.8,166.0827979,2.898691654,12,6.083333333
14/06/2014,34.45038,1.66,13.57,15.52,11.68,0,331.9,5.847,2.03,12.89,15.38,11.07,0,3.146,5.427,2.49,13.36,15.62,11.53,0,7.75,7.91,0,16.2,12.7,-24.94797071,-0.435424231,16,6.25
15/06/2014,34.45311,1.34,13.92,16.35,11.32,0,21.22,7.42,1.85,13.33,15.52,10.87,0,13.58,7.72,2.28,13.73,15.64,10.97,0,358.1,7.68,0.4,17.2,11.7,-66.12963382,-1.154179843,21,6.416666667
16/06/2014,34.45585,1.61,14,15.79,12.96,0.201,150.8,7.94,2.65,13.61,15.93,12.61,0.4,328.1,10.25,2.45,14.23,15.88,13.02,0,342.4,8.49,1.6,17.2,9.9,-138.037992,-2.409217454,15,5.916666667
17/06/2014,34.45859,1.33,13.93,16.53,11.78,0.201,184.2,4.867,1.83,13.44,16.2,11.47,0.2,97.9,8,1.52,13.62,16.18,11.71,0,186.7,5.423,0,19.4,12.9,-71.42152477,-1.246540764,15,6.041666667
18/06/2014,34.46133,1.67,13.37,15.69,11.96,0.402,35.57,9.02,2.75,12.97,15.73,11.36,0.2,18.29,11,2.37,13.28,15.71,11.26,0,336.9,10.71,0,18,11,-72.93018673,-1.272871883,21,8.833333333
19/06/2014,34.46407,1.88,12.75,14.89,10.86,1.809,10.28,11.27,3.21,11.94,13.47,10.21,1.8,4.008,10.66,3.65,12.43,14.37,10.62,1.379,344.4,11.69,0.4,15.5,11.1,-45.40020245,-0.792383014,21,10.25
20/06/2014,34.46680,1.56,13.37,14.95,10.86,1.005,33.39,9.96,3.2,12.84,14.15,10.33,0.6,41.79,12.53,2.92,13.32,14.86,10.7,0.591,351.2,9.8,3,16.5,10.4,-63.76479322,-1.112905588,21,9.958333333
21/06/2014,34.46954,1.35,13.61,15.35,12.46,0.402,354,8.49,2.85,12.88,14.38,11.86,0.2,28.64,11.26,2.96,13.4,15.36,12.3,0.197,359,10.58,2.2,16.5,12.2,-66.30577555,-1.157254096,22,10.25
22/06/2014,34.47228,2.07,13.41,14.94,12.11,1.407,85.8,8.98,2.41,12.9,14.02,11.97,3,335.3,11.92,2.28,13.35,14.74,12.27,1.97,337,9.93,7.6,15,11.1,-109.4290283,-1.909896841,21,7.833333333
23/06/2014,34.47502,1.48,13.8,15.51,12.78,2.412,67.05,7.64,2.26,13.44,15.91,12.46,2.8,306.9,9.43,2.03,13.9,16.12,12.75,1.97,342.3,8.23,1.2,17.6,11.9,-98.46688103,-1.718571278,15,5.625
24/06/2014,34.47775,1.62,13.78,15.12,12.74,2.412,92.1,5.129,2.02,13.3,14.57,12.3,2.2,114.1,6.15,1.6,13.73,15.27,12.68,1.773,178.7,5.847,0,15.6,11.5,37.79120992,0.659581041,19,7.375
25/06/2014,34.48049,2.38,13.61,14.62,13.06,1.809,97.9,6.109,2.7,13.11,13.92,12.63,3.8,120,7.09,2.63,13.5,14.44,12.93,2.561,166.9,7.97,0,16.6,11.9,76.30173943,1.331716578,21,9.25
26/06/2014,34.48323,3.67,13.93,15.46,12.26,0,63.37,12.41,2.52,13.33,15.52,11.78,0,92.6,10.77,2.44,13.97,16.34,12.36,0,295.7,9.96,0,14.8,10.1,67.89913599,1.185063482,28,14.125
27/06/2014,34.48597,6.41,12.11,13.64,11.25,0,63.41,11.89,4.06,11.68,13.61,10.48,0,173.6,15.91,4.23,11.89,13.25,10.99,0,218.7,14.63,0,13.3,9.3,65.43186886,1.142001547,23,14.04166667
28/06/2014,34.48871,3.2,11.27,13.08,9.7,0.201,52.29,10.45,2.98,10.73,12.45,9.19,0,269.6,11.03,2.9,11.13,12.74,9.6,0.197,275.6,11.11,2.4,14.5,9.1,32.9405592,0.574921216,25,11.79166667
29/06/2014,34.49144,2.26,12.03,13.59,10.63,3.819,29.96,8.43,2.47,11.46,13.48,10.07,3,10.04,10.7,2.23,11.81,14.35,10.53,3.152,337,9.44,0.4,13.8,9.9,39.34502016,0.686700146,18,7.208333333
30/06/2014,34.49418,1.94,13.52,15.63,11.96,0,32.61,6.141,1.83,12.97,15.26,11.42,0,25.31,6.163,1.68,13.35,15.79,10.69,0,39.42,8.95,1.4,16,10.6,-23.29215991,-0.40652488,15,6.5
01/07/2014,34.49692,2.93,14.62,16.7,11.65,0,215.6,15.03,2.71,13.9,16.05,11.62,0,169.8,13.71,2.08,13.66,15.63,9.82,0,235.3,10.62,0,17.4,7.5,-173.4549012,-3.02735913,15,6.041666667
02/07/2014,34.49966,6.35,13.61,14.81,11.91,3.417,135.6,18.52,4.92,13.22,14.43,11.58,4.6,93.5,24.5,4.73,13.57,14.75,11.58,3.546,245.5,17.35,11.6,16.1,11.9,-141.0924832,-2.462528382,42,18.08333333
03/07/2014,34.50240,5.27,13.14,14.56,11.53,8.64,172.9,14.63,4.8,12.64,13.95,11.11,7.4,157.4,21.43,4.21,13,13.86,11.43,6.107,208.4,17.71,2,15.6,11.4,-154.3826975,-2.694486379,35,16.75
04/07/2014,34.50513,3.44,12.65,14.47,11.28,9.65,90.4,16.43,3.48,11.98,13.48,10.56,11,12.61,21.43,3.73,12.44,14.07,10.89,8.67,305.4,14.37,23.2,15.5,11.7,-126.8329162,-2.213651988,36,14.5
05/07/2014,34.50787,3.45,12.51,14.53,9.93,1.608,153.3,12.87,3.28,11.79,13.6,9.63,3.6,186.7,13.85,2.54,12.09,13.83,10.18,1.576,230.6,12.54,1.2,16.7,8.3,-169.6124031,-2.960294887,23,10.33333333
06/07/2014,34.51061,2.9,11.97,14.44,9.69,4.623,173.2,10.58,2.49,11.32,13.6,9.51,5.4,184.2,12.66,2.26,11.67,13.32,9.53,3.743,222.9,9.54,0.8,16,10.3,179.1893412,3.127443988,23,11.375
07/07/2014,34.51335,2.52,12.12,14.28,10.81,10.25,91.7,12.94,2.33,11.51,13.84,10.29,11,275.7,11.96,2.57,11.92,13.89,10.72,11.23,273,14.44,2.4,17,10.6,-162.2485579,-2.831771542,26,11.66666667
08/07/2014,34.51608,1.65,13.37,15.9,10.66,0,7.08,8.3,2.3,12.65,15.06,10.25,0,5.617,6.343,2.8,13.2,16,10.67,0.197,356.5,9.83,0,18.4,12,172.1941851,3.005355483,18,7.125
09/07/2014,34.51882,1.5,14.03,15.97,11.73,0,198.3,4.443,1.92,13.26,15.35,11.37,0,185.2,6.56,1.92,13.48,14.91,11.14,0,239.1,5.945,0,17.1,10.8,-0.574009334,-0.010018353,11,4.833333333
10/07/2014,34.52156,1.21,14.29,16.05,13.3,0,109.5,3.985,1.4,13.81,15.9,12.66,0,139.1,4.283,1.37,14.2,15.94,12.59,0,189.7,4.312,0,16.5,8.1,18.4829527,0.32258838,15,6.208333333
11/07/2014,34.52430,3.91,13.9,14.85,12.94,0.804,199.2,11.04,3.02,13.36,14.21,12.35,1.4,145.9,12.07,2.67,13.74,14.39,12.86,0.591,219.7,8.49,0,18,8.9,-163.3411411,-2.850840715,24,9.916666667
12/07/2014,34.52704,3.28,13.47,14.56,12.58,17.09,208.2,10.06,3.27,12.97,14.09,11.92,18,145.5,22.47,2.75,13.25,14.39,12.3,14.97,224.6,10.42,20.2,15.3,13.5,171.430021,2.992018304,20,8.958333333
13/07/2014,34.52977,2.56,12.98,14.55,11.32,1.809,156.9,10.19,2.68,12.44,14.08,10.91,2.2,310.4,15.03,2.97,12.72,14.49,11.2,1.379,231.8,11.11,6.8,17.4,12.9,-129.2337451,-2.255554358,21,9.708333333
14/07/2014,34.53251,3.5,13.2,14.83,11.79,11.06,146.1,12.58,4.28,12.59,14.56,11.19,12.2,139.1,17.55,4.64,12.97,14.9,11.7,10.24,222.2,14.73,24.2,15,11.7,173.6926352,3.031508371,31,11.66666667
15/07/2014,34.53525,2.86,13.55,15.67,12.14,1.005,150.1,10.06,3.13,12.91,15.09,11.77,2,193.9,15.25,3.27,13.25,15.16,12.08,1.773,251.9,12.32,0.6,17.7,10.5,-112.9786701,-1.971849778,22,10.20833333
16/07/2014,34.53799,2.9,13.65,15.83,12.23,8.64,112.6,12.54,3.78,13.14,14.57,11.56,11,136.6,41.24,3.76,13.43,15.23,12.08,10.24,196.9,15.52,9.2,15.6,11.9,163.2850974,2.849862569,23,9.875
17/07/2014,34.54073,2.02,14.33,16.53,13.22,0,177.5,6.729,2.05,13.66,15.27,12.48,0,146.2,7.91,1.69,13.92,15.64,12.92,0,199.2,7.74,0,17.1,13.1,-168.210003,-2.935818387,23,8.25
18/07/2014,34.54346,2.93,16.36,19.7,13.33,0,56.79,8.56,2.77,16.45,19.5,12.74,0,100.1,9.85,2.83,16.77,19.49,13.22,0,115.3,9.67,0,21.7,12.1,102.3537381,1.786409731,23,10.41666667
19/07/2014,34.54620,1.39,16.08,17.21,15.44,0,62.91,8,1.56,15.55,17.02,14.7,0,136.8,7.82,1.12,15.81,18.03,14.81,0,234.3,7.71,2,20.9,13.7,100.9567824,1.762028255,21,7.791666667
20/07/2014,34.54894,2.36,14.68,16.21,13.46,1.608,171.2,8.46,2.3,14.17,15.11,12.93,1.4,239.5,9.77,2.23,14.57,16.02,13.67,1.182,224.9,10.91,2,17.7,15,-170.9373679,-2.983419885,19,8.666666667
21/07/2014,34.55168,3.43,15.04,16.93,13.01,0.402,200.9,10.91,2.71,14.52,16.6,12.67,0.4,165.5,9.54,3.08,14.61,15.7,12.69,0,198.8,10.94,0,20,14.5,-177.1472902,-3.091803475,16,6.958333333
22/07/2014,34.55441,3.02,15.68,17.2,14.49,0.804,201.3,9.96,2.78,15.29,16.95,14.02,3.8,150.4,47.69,2.08,15.36,17.41,14.34,2.758,196.6,11.07,0,22,15,149.6277473,2.611496843,14,5.666666667
23/07/2014,34.55715,1.7,17,19.22,15.24,7.64,183.5,6.599,1.94,16.7,18.75,14.73,4.4,134.7,8.79,1.23,16.57,19.59,14.95,3.743,204.8,6.86,0,23.2,14.9,121.7057221,2.124165569,11,4.25
24/07/2014,34.55989,1.41,17.25,19.25,15.58,0,141.2,6.729,2.18,16.8,19.53,14.95,0,81.9,7.59,1.54,16.61,19.08,15.04,0,136.9,6.37,0,25,14,101.1472163,1.765351953,11,4.208333333
25/07/2014,34.56263,1.68,16.13,18.5,14.6,0.804,53.92,5.357,2.04,16.75,20.52,14.3,5.6,126.8,7.23,2.46,15.93,19.37,14.45,4.334,67.58,7.32,0,23.2,14.5,21.13039903,0.368795035,11,4
26/07/2014,34.56537,2.26,14.99,17.9,13.61,3.015,84.5,12.25,2.63,14.68,18.01,13.17,8,309.6,14.11,2.53,14.83,17.43,13.59,6.304,320.9,14.28,15.6,19.5,14.8,-157.571653,-2.750144153,17,6.25
27/07/2014,34.56810,2.65,14.36,16.21,13.37,16.48,26.87,12.84,3.71,13.78,14.62,12.89,8.4,270.6,17.85,3.81,14.26,15.2,13.37,7.29,62.04,16.07,6,18.5,13.2,8.881488905,0.155011224,13,5.041666667
28/07/2014,34.57084,2.6,14.14,15.79,13.07,NA,140.4,12.28,2.52,13.61,15.84,12.67,2.8,2.675,14.3,2.48,14.03,15.68,13.14,1.182,249.9,9.57,0.8,17.9,14.1,-93.78177743,-1.636800795,22,7.208333333
29/07/2014,34.57358,3.74,13.51,15.06,12.52,NA,73.5,15.39,3.94,13.01,13.76,12.26,3.4,342.7,18.85,3.75,13.41,14.45,12.53,2.364,347.8,16.43,1,17.4,12.8,-120.1438415,-2.096905611,34,15.20833333
30/07/2014,34.57632,2.74,13.36,14.52,12.42,NA,14.37,11.83,4.04,12.91,14.1,11.94,1,52.09,19.82,3.82,13.38,14.67,12.5,0.788,353.2,16.69,0.6,17.4,12.2,-97.94491096,-1.709461182,29,13.375
31/07/2014,34.57906,2.29,12.77,13.95,11.79,NA,62.91,5.325,1.65,12.25,13.33,11.43,3,99.3,8.47,1.5,12.76,13.97,11.74,2.167,213.9,7.15,0.4,15.7,11.8,5.14108464,0.089728854,14,5.666666667
01/08/2014,34.58179,1.31,13.51,15.52,11.89,NA,82.6,5.88,1.42,12.95,15.02,11.25,12.8,110.5,6.15,1.45,13.38,15.96,11.61,10.64,134.9,8.43,0,17.2,12,112.3628048,1.961100901,15,7.166666667
02/08/2014,34.58453,4.05,13.6,15.14,13.01,NA,45.24,17.28,4.24,12.95,13.79,12.49,0.6,293.4,17.55,3.73,13.42,14.27,12.92,0.197,289.4,15.32,5.8,15.8,12.2,47.45703436,0.828281503,33,16
03/08/2014,34.58727,4.75,12.6,13.83,11.41,NA,22.68,19.11,5.36,12.09,13.34,10.91,26.6,259,21.06,5,12.43,13.59,11.23,21.08,328.9,23.36,33.4,17.2,13,56.93234479,0.993656868,40,17.08333333
04/08/2014,34.59001,3.41,13.21,14.67,11.56,NA,131.9,16.33,3.79,12.72,14.35,11.13,5,62.68,17.97,3.75,13.09,14.55,11.44,4.334,308.9,13.95,1.4,15.8,12.8,-126.8679526,-2.214263488,26,11.5
05/08/2014,34.59274,2.92,14.56,16.3,13.8,1.608,177.6,10.16,2.57,13.93,16.38,13.11,0.8,151.6,9,3.12,14.22,15.6,13.62,0.591,185.9,9.51,1,18.8,10.3,175.736874,3.067187068,18,7.208333333
06/08/2014,34.59548,3.18,14.62,16.94,13.46,0,139.8,11.01,3.11,13.83,15.31,12.88,0,139.3,10.43,3.07,14.27,16.01,13.41,0,202.2,12.32,8.2,16.4,13.9,161.6007709,2.820465527,16,5.791666667
07/08/2014,34.59822,4.57,14.6,16.17,12.66,0.603,177,12.22,4,13.99,15.64,12.27,1,190.6,14.75,2.92,14.22,15.6,12.85,0.788,217.1,10.49,10.6,17.8,9.6,-147.9213578,-2.581714728,27,10.5
08/08/2014,34.60096,3.8,13.75,15.86,11.53,13.07,182.7,11.14,3.7,13.2,15.13,10.9,9.6,152.9,12.51,3.76,13.64,14.97,11.61,11.62,197.4,11.86,8.4,17.8,12.9,153.3333267,2.676171404,17,9.458333333
09/08/2014,34.60370,5.44,14.31,15.81,12.68,0.201,199,14.21,4.42,13.61,15.32,12.19,0.2,142.7,16.29,3.62,14,15.28,12.59,0.197,218.5,11.89,0.6,18.1,11.5,-174.8140935,-3.051081511,24,9.333333333
10/08/2014,34.60643,2.53,14.54,16.66,12.19,0,183.1,11.04,2.24,13.87,16.26,11.97,0,121.8,14.44,2.16,13.99,15.69,11.92,0,232.1,9.05,3.4,15.8,11.3,-162.6369775,-2.838550742,18,8.333333333
11/08/2014,34.60917,1.98,12.4,13.55,11.37,29.75,350.2,11.43,4.08,11.89,12.84,11.04,28.6,0.476,17.17,4.29,12.19,13.35,11.26,24.63,354.4,17.41,72.2,16.1,10.7,-39.9066549,-0.696502521,48,16.83333333
12/08/2014,34.61191,2.51,13.07,14.05,11.74,7.04,358.1,12.05,4.7,12.51,13.19,11.37,6.8,356.8,17.8,5.36,12.9,13.63,11.45,6.304,344.4,18.55,22.8,15,12.3,-43.38080869,-0.757137944,25,15.29166667
13/08/2014,34.61465,2.18,12.66,13.39,11.73,1.809,5.658,11.5,4.01,12.08,12.84,11.25,1.4,323.4,16.88,3.63,12.78,13.4,12.05,0.591,244.8,11.43,1.2,15.8,12.1,-30,-0.523598776,25,14.70833333
14/08/2014,34.61739,2.78,12.16,13.57,10.52,0,32.29,12.25,2.83,11.53,12.9,9.97,0.2,202,12.46,3.12,12.75,13.92,11.11,1.379,136,13.39,0,16.5,10.9,-13.37816178,-0.233492971,21,10.20833333
15/08/2014,34.62012,2.19,12.53,14.16,11.41,0.603,59.87,13.72,2.2,12.02,14.07,10.79,1.2,280.5,12.61,2.27,13.33,15.11,12.06,0.985,293.5,13.85,0,15.1,10.6,-69.39903063,-1.211241582,19,8.541666667
16/08/2014,34.62286,4.32,12.89,14.76,11.08,4.623,51.55,16.76,5.71,12.3,13.32,10.17,5.8,332.7,23.95,5.82,13.56,14.78,11.49,5.122,354.4,23.19,8.4,15.9,11.4,-114.0126482,-1.9898961,37,17.25
17/08/2014,34.62560,4.61,11.32,12.19,10.42,11.46,16.91,24.01,7.21,10.77,11.73,9.89,12,344.1,26.79,7.87,11.95,12.78,10.97,13.79,16.1,35.15,17.4,15,10.9,-32.72847316,-0.571219616,41,24.875
18/08/2014,34.62834,2.75,10.45,12.35,8.98,1.809,13.21,15.58,4.23,9.79,11.08,8.42,2,293.3,16.48,4.2,11.1,12.12,9.7,2.167,160.5,17.02,1.8,12.4,9.2,-24.57692376,-0.42894824,33,15.54166667
19/08/2014,34.63107,2.09,10.83,13.21,9.51,0.603,30.24,11.04,3.18,10.24,12.24,8.86,0.4,247.1,13.97,2.97,11.47,13.25,10.34,0.591,131.3,12.77,1.6,13.9,5.6,-23.6241234,-0.412318736,27,11.91666667
20/08/2014,34.63381,2.37,11.42,12.85,9.91,6.432,25.16,13.59,3.06,10.88,12.03,9.44,8.6,345.3,15.76,3.22,12.15,13.51,10.76,8.86,327,15.06,25.8,12.7,8.4,-88.74198389,-1.548839804,21,9.25
21/08/2014,34.63655,3.65,11.18,13.14,9.84,2.412,32.78,13.85,3.96,10.58,11.89,9.27,2,110.7,16.58,3.92,11.81,13.11,10.65,2.364,350.1,18.26,15.8,13.8,7.7,-8.735457596,-0.152462497,31,13.45833333
22/08/2014,34.63929,2.19,10.78,12.84,8.85,5.025,16.95,11.6,3.23,10.1,11.79,8.29,5.2,276.7,13.47,3.04,11.33,12.9,9.53,4.531,193.4,12.48,10,14.2,6.9,-21.67899975,-0.378369924,23,10.79166667
23/08/2014,34.64203,1.96,10.94,13.1,8.51,2.01,9.31,10.65,2.77,10.23,12.11,8.27,1.2,329.3,12.34,2.55,11.4,13.37,9.42,0.985,281.5,12.28,1,14.2,5.5,-45.70868062,-0.797766974,22,9.166666667
24/08/2014,34.64476,2.07,12.18,14.7,9.93,0.603,142.9,7.55,1.95,11.42,13.94,9.25,0.4,156.8,8.29,1.52,12.52,14.61,10,0.394,236.2,8.59,9,14.3,6.5,-153.2383688,-2.674514075,14,5.625
25/08/2014,34.64750,4.54,12.91,14.18,11.43,0,59.1,9.6,2.91,12.39,14.42,10.62,0,115.9,11.61,2.74,13.62,15.92,12.08,0,237.2,10.26,0,16.1,7.7,89.63921691,1.564499474,25,12.25
26/08/2014,34.65024,1.18,13,14.5,11.74,0,47.98,5.259,1.36,12.42,15.51,10.31,0,27.96,3.87,1.23,13.02,15.54,10.39,0,85.5,4.051,0,16.9,9.5,92.73744037,1.618573674,19,9.958333333
27/08/2014,34.65298,3.64,13.3,14.53,12.13,0,85.9,10.75,4.15,13.05,14.69,10.84,0.2,124.1,17.5,3.9,14.02,15.63,11.07,0,174,13.13,0,17.2,9.3,117.7577873,2.055261109,24,9.125
28/08/2014,34.65572,4.36,13.39,15.08,11.94,5.427,108.3,11.69,4.68,12.92,14.71,11.34,9.4,129.3,15.06,4.62,14.11,15.22,12.58,11.43,174,18.2,12.4,17.1,10.2,125.8030324,2.195677125,26,10.875
29/08/2014,34.65845,3.68,13.47,15.66,12.44,5.025,36.99,12.97,3.46,12.78,14.35,11.85,8.4,43.93,15.22,3.84,14.05,15.84,12.9,8.86,2.967,17.44,4,17,10.7,57.51063297,1.0037499,19,10.41666667
30/08/2014,34.66119,1.64,13.19,15.18,11.81,0,13,10,3.63,12.42,13.68,11.13,0,12.56,14.75,3.95,13.71,15.8,11.79,0.394,4.36,12.32,3.2,16.1,12.7,-52.06359717,-0.908681191,21,11.29166667
31/08/2014,34.66393,4.51,13.27,14.64,11.45,4.623,193,19.24,3.86,12.75,13.75,11.33,3.6,190.7,22.17,3.8,13.7,14.79,10.83,2.758,207.2,19.24,2.8,16.5,11.6,-145.1364812,-2.533109461,34,11.79166667
01/09/2014,34.66667,3.58,13.47,13.97,12.36,0,137.7,12.05,3.63,12.95,13.32,11.89,0,264.6,14.69,3.6,14.15,14.59,13.06,4.925,170.7,14.86,NA,16,10.8,-140.8225104,-2.457816468,22,11.33333333
02/09/2014,34.66940,5.41,13.55,14.07,13.25,0,195.3,11.11,4.16,12.99,13.37,12.76,0,101.5,15.71,3.16,14.21,14.65,13.98,0.591,210.1,11.99,0,15.8,12.6,-162.92342,-2.843550107,24,13.04166667
03/09/2014,34.67214,4.51,13.73,15.14,13.11,0,204.3,11.11,3.84,13.12,14,12.51,0,133.7,14.13,2.24,14.4,15.33,13.76,0.591,208.9,7.38,0,14.9,12.4,-175.0255141,-3.054771496,17,8.458333333
04/09/2014,34.67488,2.35,13.37,14.69,11.37,1.407,195.4,9.08,2.09,12.86,14.07,10.86,2.6,74.3,9.64,2.06,14.05,15.44,12.09,1.576,229.8,10.13,1.4,18.1,11.9,178.2912194,3.111768806,19,8.583333333
05/09/2014,34.67762,1.84,12.55,15.18,10.93,0,349.8,9.83,3.04,11.8,13.38,10.46,0.2,3.067,9.78,3.1,13.09,15.8,11.75,0.197,343.5,11.69,3.8,15.4,8.2,-74.81829053,-1.305825511,20,8.208333333
06/09/2014,34.68036,2.31,11.69,13.13,10.5,0,359.1,10.94,3.94,11.1,12.13,10.04,0,332.7,13.79,3.9,12.34,13.35,11.26,0,267.2,15.12,11.8,14.5,10.3,-43.6124499,-0.761180846,26,14.08333333
07/09/2014,34.68309,1.64,12.13,13.99,10.28,0.201,23,7.77,2.29,11.51,13.25,9.85,0,315.7,9.72,2.17,12.81,14.84,11.43,0.394,34.84,9.7,0.8,14.1,10.3,-29.17099746,-0.509129952,23,12
08/09/2014,34.68583,1.43,12.9,15.22,11.32,0,167.8,5.749,1.73,12.29,14.3,11.01,0,295.7,7.57,1.71,13.71,16.49,12.28,0,275.9,7.61,0.2,15.8,8.1,-64.75680045,-1.130219381,19,7.125
09/09/2014,34.68857,3.74,13.06,14.58,11.57,1.608,175.1,10.52,2.68,12.47,13.42,11.11,2.2,342.9,12.18,2.75,13.79,15.01,12.39,2.167,208.6,9.96,0.8,14.9,9.7,-157.9099085,-2.756047825,17,7.25
10/09/2014,34.69131,3.67,13.72,15.87,12.32,0,208.1,10.19,3.23,13.01,15,11.86,0,141.1,12.36,2.07,14.27,16.18,11.56,0,220.7,6.729,0,16.3,11.1,175.7998787,3.068286707,16,8.625
11/09/2014,34.69405,1.14,13.35,14.78,11.97,0,74.7,4.279,0.93,12.92,14.41,11.47,0,117.1,3.19,0.76,13.92,15.74,11.1,0,89.8,3.397,0,16.6,6.8,53.07077107,0.926259692,11,4.416666667
12/09/2014,34.69678,1.45,13.99,16.27,12.5,0,224,5.227,1.26,13.67,15.91,12.19,0,202.8,6.11,1.07,14.81,16.52,13.07,0,229.1,6.043,0,17,11.9,161.9113559,2.825886257,13,4.916666667
13/09/2014,34.69952,1.3,14.41,16.73,12.73,0,55.68,4.835,1.37,14.21,16.36,12.15,0,70.6,5.583,1.17,14.95,17.63,11.53,0,78.8,6.991,0,17.6,9.5,121.1400272,2.114292331,13,4.541666667
14/09/2014,34.70226,1.54,14.23,16.05,13.21,0,66.28,8.2,1.61,13.49,14.9,12.15,0,128.2,7.84,1.67,14.41,15.88,11.92,0.197,146.1,9.9,0,17,10.3,101.5045812,1.771589148,11,4.666666667
15/09/2014,34.70500,1.6,13.78,15.44,12.75,0,68.92,5.161,2.21,13.38,15.14,12,0,98.1,8.79,2.13,14.75,16.48,13.17,0,140.5,8.69,0,17.4,10.6,87.27163353,1.523177349,17,6.125
16/09/2014,34.70773,1.03,14.27,16.09,13.36,0.603,52.57,4.377,1.44,14.1,15.97,12.88,0.2,137.4,5.52,1.43,15.06,17.32,12.78,0.394,77.3,5.292,2,17.1,13.3,78.19785614,1.364810058,14,5.625
17/09/2014,34.71047,1.47,13.95,15.92,11.95,0.201,67.96,5.194,2.45,13.72,16.55,11.93,0,69.55,7.41,2.09,14.89,18.07,12.66,0,78.6,7.15,0,17.2,10.5,9.678020247,0.168913318,14,4.5
18/09/2014,34.71321,2.46,12.38,13.52,11.14,0,48.54,5.913,4.07,12.42,14.89,10.81,0.2,27.18,8.85,3.46,13.12,14.45,11.88,0.591,62.16,8.07,0.4,14,10.2,1.058017414,0.018465887,9,4.083333333
19/09/2014,34.71595,2.07,12.91,14.28,12.01,0.201,29.34,8.23,2.27,12.35,13.79,11.62,0,30.78,7.95,2.71,13.65,14.81,12.81,0,21.68,11.5,0,14.3,12.2,-11.57480107,-0.202018389,13,6.208333333
20/09/2014,34.71869,1.73,13.03,15.23,11.91,0.201,11.78,8.89,2.78,12.37,14.18,11.53,0.4,343.1,10.33,2.86,13.77,15.44,12.96,0.591,324,14.67,0,15.4,8.3,-60.59304494,-1.057548138,24,8.875
21/09/2014,34.72142,2.12,13.12,14.46,12.05,0,220.4,8.85,2.08,12.54,13.6,11.54,0,153.2,11.62,1.52,13.7,14.88,12.26,0,232.7,7.38,0,14.5,8.6,141.7707033,2.474365555,10,4.333333333
22/09/2014,34.72416,3.68,13.25,14.95,12.05,5.025,120.1,13.75,3.22,12.75,14.53,11.82,4.4,124.9,18.75,2.88,14.14,16.01,12.92,3.94,279.7,11.6,5.6,13.5,9.5,-139.1934216,-2.429383505,24,8.5
23/09/2014,34.72690,2.74,12.71,13.55,11.06,3.216,105.4,11.53,3.11,12.19,12.91,10.85,4.4,301,14.26,3.28,13.52,14.4,12.05,3.94,311.6,13.79,20,13.2,9.1,-144.0113851,-2.513472831,22,8.5
24/09/2014,34.72964,2.8,12.58,14.11,10.84,1.608,127.3,13.23,3.39,11.97,13.42,10.46,2.6,354.8,14.37,3.54,13.39,15.88,11.9,1.773,337.2,15.84,3.8,14.7,8.1,-93.98794806,-1.640399151,23,8.916666667
25/09/2014,34.73238,4.63,13.78,14.52,13.09,1.809,119.3,19.31,4.31,13.4,14.27,12.73,4.8,313.8,24.45,5.23,14.59,15.48,13.95,2.758,193.7,23.26,5.8,16.8,11.1,-130.775008,-2.282454468,41,17.375
26/09/2014,34.73511,5.35,12.37,13.92,10.52,2.01,78.6,20.12,4.84,11.85,13.45,10.01,1.2,301.2,25.06,5.56,13.12,14.68,11.33,1.182,292,21.89,8,15,8.7,-115.8056469,-2.02118983,46,21
27/09/2014,34.73785,5.79,13.37,14.29,12.31,1.608,178.1,17.77,5.03,12.83,13.42,11.91,3.6,62.93,23.37,5.27,14.13,14.86,13.13,2.758,197.1,17.9,2.6,14.9,11.1,-150.0128061,-2.618217386,38,17.41666667
28/09/2014,34.74059,2.15,12.35,13.71,10.47,2.211,124.8,13.52,2.31,11.84,13.52,9.47,3.4,292.6,15.86,2.09,13.1,15.07,11.01,2.364,212.2,14.47,18.6,14.4,9.4,-139.7648096,-2.439356107,32,8.541666667
29/09/2014,34.74333,3.6,12.94,14.83,10.25,0.402,205.3,15.68,3.39,12.37,14.43,9.55,0.4,184.9,12.86,3.09,13.37,15.6,9.94,0.197,202,15.91,2,15.1,9.9,-168.3860313,-2.938890661,19,8.708333333
30/09/2014,34.74606,7.24,13.45,14.86,10.39,5.829,199.4,18.29,6.01,12.86,14.38,10.08,7.2,144.3,23.95,4.21,14.14,15.62,11.16,6.698,229.9,14.93,1.8,14.5,12.7,NA,NA,NA,NA
01/10/2014,34.74880,4.79,11.52,12.43,9.45,2.01,108.5,18.1,4.5,10.91,11.94,8.98,2.2,250.4,19.63,4.71,12.29,13.25,10.22,1.97,212.8,20.16,6.6,14,7.9,NA,NA,NA,NA
02/10/2014,34.75154,11.19,12.66,13.71,10.04,48.64,204.8,26.53,8.99,12.16,13.34,9.76,19,150,30.72,6.31,13.44,14.4,11.06,16.94,222.6,22.96,2.6,14,8.8,-167.6088835,-2.925326873,55,25
03/10/2014,34.75428,4.81,10.61,12.01,8.74,5.628,150,17.25,4.24,9.98,11.54,8.02,8.2,265.2,22.89,4.93,11.37,12.64,9.52,6.698,198.5,21.43,29.6,14.2,8.1,-145.3976867,-2.537668357,52,16.5
04/10/2014,34.75702,3.9,10.48,12.25,8.33,1.206,129.9,15.48,2.97,9.89,11.74,8.15,1.8,286.7,17.17,3.24,11.23,12.98,8.13,1.773,258.1,15.09,0,13.5,3.3,-136.2210084,-2.377505107,23,8.166666667
05/10/2014,34.75975,8.4,12.04,13.22,9.86,16.08,189.9,21.2,8.17,11.41,12.5,9.21,11.2,150.2,22.2,7.35,12.83,13.8,10.67,13.2,206.5,23.06,3.2,12.8,9.3,174.7656079,3.050235278,37,20.25
06/10/2014,34.76249,5.46,10.82,12.19,10.11,5.025,165.7,20.87,5.48,10.14,11.44,9.29,7.8,155,23.61,5.95,11.66,12.76,10.97,11.43,195.4,22.28,14.8,13.3,7.7,151.3089439,2.640839259,44,18.375
07/10/2014,34.76523,1.98,10.73,11.73,9.72,5.226,46.86,7.91,1.92,10.04,11.1,8.84,6.2,26.8,8.63,2.18,11.47,12.6,10.34,5.319,11.34,8.43,19.4,11.5,4,41.77363483,0.729087468,34,8.375
08/10/2014,34.76797,4.2,9.95,10.64,8.78,13.87,46.17,14.21,3.6,9.43,10.12,8.23,12.8,263.8,18.85,3.53,10.72,11.41,9.52,11.82,275.5,15.52,33.4,11,9.4,49.97442032,0.872218176,31,16.08333333
09/10/2014,34.77070,3.12,11.24,12.86,9.92,0,39.78,11.34,2.68,10.71,12.27,9.42,0,206.4,13.96,2.63,12.03,13.55,10.52,0.197,290.4,11.17,0,12.8,8.5,30.493343,0.532209235,17,9.208333333
10/10/2014,34.77344,2.25,10.89,12.18,9.92,0.402,33.89,8,1.61,10.42,12,9.45,0.6,38.32,8.08,1.85,11.7,13.55,10.71,0.788,307.5,7.38,0,13.1,5.5,-30.06861541,-0.52479634,13,4.666666667
11/10/2014,34.77618,2.8,10.07,10.98,8.89,6.432,17.41,11.37,2.74,9.63,10.36,8.51,4.8,123,11.81,2.81,10.97,11.71,9.8,5.713,338.9,14.86,5.4,12,5,-59.27055098,-1.034466264,17,5.5
12/10/2014,34.77892,1.55,9.06,11.23,7.71,0,359,6.664,1.74,8.56,10.26,7.45,0.2,342.5,7.21,1.66,9.86,11.86,8.02,0,17.48,9.02,3,11.2,3.4,-58.79448781,-1.026157394,15,5.583333333
13/10/2014,34.78166,4.76,9.67,11.03,8.5,0,60.15,11.24,3.48,9.08,10.53,7.77,0,207.8,17.35,3.49,10.37,11.59,8.27,0.197,228.4,13.56,0,11.1,2.7,27.12084027,0.473347959,18,8.25
14/10/2014,34.78439,5.41,10.03,11.19,9.19,0,76.2,10.19,4.03,9.37,10.76,8.42,0,152.4,13.17,3.6,10.77,11.84,9.96,0,202.8,12.38,0,10.8,6.2,82.03630649,1.431803654,20,9.875
15/10/2014,34.78713,5.74,10.79,11.75,9.71,0,80.1,11.14,4.19,10.13,11.55,8.87,0,132.8,13.52,3.66,11.53,12.9,10.36,0,190.8,14.9,0,12.3,6.9,96.22125178,1.679377654,29,15.58333333
16/10/2014,34.78987,5.68,11.74,12.86,10.13,0.603,87.6,11.37,5.71,11.02,12.23,9.32,1.4,119.3,13.57,5.86,12.47,13.61,10.85,1.379,166.2,15.06,0,13.3,8.8,107.1073793,1.869376423,29,18.20833333
17/10/2014,34.79261,4.13,12.72,13.47,11.92,6.231,100.8,12.71,4.98,12.05,13.18,11.19,9.4,130.8,14.97,4.94,13.32,13.97,12.48,11.23,169.5,16.07,3.8,15.6,11.1,119.5660148,2.086820631,27,12.79166667
18/10/2014,34.79535,9.32,13.28,14.27,12.36,22.91,213.4,21.63,7.08,12.8,14.02,11.79,23.2,169.2,24.13,5.42,13.99,14.86,13.09,20.09,214.3,18.82,29.4,15.5,12.3,175.7104649,3.066726143,38,20.54166667
19/10/2014,34.79808,5.41,11.38,12.7,10.36,3.618,77.1,17.54,6.22,10.91,12.21,9.78,4.6,316.4,25.18,5.91,12.03,13.38,10.89,3.743,356.8,23.78,17.6,14.4,9.6,-131.6926841,-2.298470939,43,21.66666667
20/10/2014,34.80082,5.8,11.32,12.31,8.97,15.08,166.5,17.51,4.48,10.73,11.67,8.49,15.2,84.8,20.21,4.43,12.01,13.06,9.76,13.59,223.9,18.06,6.4,12.5,6.8,-146.3781983,-2.554781513,33,13.75
21/10/2014,34.80356,3.65,8.49,10.42,7.11,4.623,4.958,22.67,8.27,8,9.93,6.457,5.4,22.44,28.69,8.59,9.24,10.98,7.72,6.304,358.9,30.77,23.2,12.3,5.2,-68.71875717,-1.199368571,53,24.75
22/10/2014,34.80630,5.21,11.22,11.95,9.68,11.66,108.3,19.47,5,10.75,11.81,9.07,19.8,263.7,25.4,5.18,11.94,12.93,10.35,15.76,167.9,25.06,25.8,12.5,5.6,-138.1351227,-2.410912703,31,14.75
23/10/2014,34.80903,4.8,10.52,11.97,8.82,1.809,121.1,16.95,4.13,9.91,11.2,8.28,2.2,258.7,19.07,4.86,11.22,12.46,9.45,2.167,226.4,17.8,5.6,12.8,8.8,-137.0798139,-2.39249409,33,15.20833333
24/10/2014,34.81177,5.22,9.73,10.79,7.95,4.221,148.7,17.41,4.73,9.05,10.21,7.22,5,271.4,20.78,5.53,10.43,11.45,8.63,4.728,185.2,22.7,12.8,11.6,6.2,-141.7044262,-2.473208802,32,15.91666667
25/10/2014,34.81451,7.56,10.17,11.58,8.37,12.06,137.5,29.5,7.22,9.6,10.84,7.57,13.6,247.8,28.6,7.1,10.9,12.1,8.51,14.18,178.9,29.56,18.2,11.7,7.1,-139.5687713,-2.435934591,49,22.875
26/10/2014,34.81725,5.86,9.77,12.04,7.86,11.26,110.4,23.1,5.16,9.17,11.49,7.33,14.8,309.6,27.87,5.97,10.44,12.81,8.59,13,218,28.91,20.2,12.6,6.6,-128.2811077,-2.238927698,58,22.58333333
27/10/2014,34.81999,2.88,9.16,10.28,8.2,7.04,140.6,10.75,2.27,8.57,9.46,7.81,9.8,339,11.92,2.42,9.82,10.85,8.91,8.08,243,10.71,60.6,12.3,6,-126.6090235,-2.209744323,28,6.541666667
28/10/2014,34.82272,3.11,8.33,9.79,6.171,1.206,26.56,12.58,4.27,7.83,8.87,5.202,2.4,355.2,17.9,4.13,8.99,10.66,6.532,2.955,3.805,17.28,14.4,9.6,3.7,-113.3381374,-1.978123666,27,8.625
29/10/2014,34.82546,2.08,9.43,11.23,7.74,0,89.2,8.89,2.55,8.76,10.44,7.37,0,140,13.3,2.82,10.05,12.04,7.7,0,177.3,14.5,1.2,10.7,3.2,-141.0599035,-2.461959758,19,6.375
30/10/2014,34.82820,4.99,11.19,12.93,7.96,17.69,156.6,16.76,4.91,10.66,12.53,7.12,20.6,151.7,13.8,5.57,11.67,13.26,8.46,19.5,174.1,15.48,16.6,13.3,6.6,130.0886511,2.27047528,19,10.08333333
31/10/2014,34.83094,7,12.25,13.16,9.81,11.66,204.6,17.31,5.51,11.82,12.8,9.18,9,149.8,18.57,4.35,12.92,13.87,10.5,8.47,209.4,18.36,23.4,14.1,11.8,174.8022041,3.050874001,33,14.54166667
01/11/2014,34.83368,5.9,10.45,11.36,9.17,1.407,188.3,17.48,4.84,9.88,10.87,8.5,3.2,122.5,26.58,3.9,11.21,12.18,9.86,1.182,224.9,18.23,18.6,11.9,7.5,-165.3277891,-2.885514265,41,16.95833333
02/11/2014,34.83641,4.33,9.63,10.6,7.98,2.01,175.5,16.76,3.27,9,10,7.68,4,330.7,16.66,3.8,10.37,11.43,8.72,3.152,210.6,15.03,11.8,10.6,7.3,-145.2396138,-2.534909466,32,12.16666667
03/11/2014,34.83915,2.78,8.97,10.03,7.13,4.02,38.23,12.48,2.42,8.38,9.53,6.839,5,185.3,14.26,2.38,9.58,10.75,7.86,4.334,305.4,16.3,3.8,10.1,3.5,2.780741361,0.048533092,27,8.708333333
04/11/2014,34.84189,4.95,8.51,10.07,7.15,0.804,27.51,16.1,5.11,8.03,9.59,6.61,0.2,120.9,21.4,4.85,9.32,10.78,7.84,0.788,308.8,21.46,7.8,9.8,7,12.91655489,0.225436411,38,18.95833333
05/11/2014,34.84463,3.58,8.16,9.67,6.767,8.44,123.3,16.5,3.71,7.42,8.67,5.563,6.4,155.4,16.81,4.65,8.89,10.36,5.814,6.107,199.7,19.5,0,8.6,4.3,101.2347272,1.766879307,26,10.70833333
06/11/2014,34.84736,7.28,10.22,11.97,7.56,24.12,199.4,24.43,5.95,9.65,11.57,6.81,13.8,158.8,21.25,7,10.98,12.57,8.45,15.56,199,22.93,25.2,12.4,7.1,165.7338008,2.892600505,43,22.41666667
07/11/2014,34.85010,4.09,9.87,11.26,8.71,1.407,167.1,13.52,3.43,9.25,10.54,8.21,1.2,204.3,18.72,3.06,10.64,12.06,9.53,1.182,220.8,13.13,21.6,11.3,6.1,-164.6713426,-2.874057112,31,8.875
08/11/2014,34.85284,4.49,9.8,10.55,8.71,3.015,187.5,13.03,3.9,9.14,9.86,8.09,2.8,147.6,16.69,3.69,10.6,11.41,8.8,2.758,203.8,12.22,13.6,10.6,5.4,-171.7620959,-2.997814104,26,10.875
09/11/2014,34.85558,1.42,8.24,10.03,6.321,13.07,4.943,9.67,1.88,7.7,9.27,5.857,10.6,344,9.84,2,8.59,10.58,5.744,9.26,17.79,10,0,11.3,2.7,-85.79775419,-1.497453301,10,4.291666667
10/11/2014,34.85832,3.86,9.07,10.44,6.502,2.613,104.3,11.34,3.66,8.3,10.13,5.886,2.4,133.5,13.37,4.2,9.51,11.42,5.462,1.576,165,15.42,1.2,9.9,2.8,107.2536539,1.871929396,18,6.583333333
11/11/2014,34.86105,5.4,10.59,11.81,9.23,3.216,85,11.76,5.29,9.91,11.33,8.39,5.6,120.9,14.44,5.21,11.29,12.5,9.83,5.91,169.3,17.15,1.6,12.6,7.2,109.6054136,1.912975345,26,14.41666667
12/11/2014,34.86379,4.49,11,11.94,9.37,4.824,101.7,11.27,4.95,10.23,11.14,8.56,7.2,130.4,12,5.5,11.65,12.56,10.2,7.09,167.9,12.45,8.8,12.3,8.7,111.2378782,1.941467228,31,16.75
13/11/2014,34.86653,6.14,10.4,11.82,7.14,29.55,121.9,15.12,6.78,9.68,10.98,6.819,30.4,143,25.22,7.36,11.16,12.38,8.22,32.31,180.5,16.92,3.6,12.3,8.8,131.8016835,2.300373337,38,20.20833333
14/11/2014,34.86927,6.41,11.02,13.01,9.8,0.804,101.2,16.14,5.87,10.4,13.15,9.01,1,146.1,24.67,6.02,11.85,14.34,10.55,0.788,185.5,22.77,7.6,13.2,7.9,121.2275805,2.115820423,41,17.41666667
15/11/2014,34.87201,3.53,10.81,11.37,9.86,0,98.9,9.24,3.46,9.96,10.9,8.77,0,135.5,10.41,4.15,11.41,12.24,8.79,0,167.2,12.94,0,11.5,4.6,100.3572886,1.751565114,14,5.75
16/11/2014,34.87474,1.55,10.11,11.85,8.74,1.608,333.6,7.91,2.5,9.62,10.74,8.43,1.2,347.6,12.62,2.47,10.84,12.5,8.66,1.379,354.3,10.78,1.2,10,3.3,-40.97563549,-0.715159752,8,2.875
17/11/2014,34.87748,2.25,10.37,11.18,8.89,0.603,46.31,7.97,2.03,9.82,10.59,8.62,0.4,59.28,10.28,1.85,11.07,12.1,9.56,0.591,55.36,8.1,0,10.6,7.9,95.86130748,1.673095441,24,12.33333333
18/11/2014,34.88022,2.89,11.06,11.63,10.39,0,103.6,7.91,2.86,10.13,11.3,9.06,0,138.1,8.12,3.77,11.75,12.61,10.3,0.197,168.4,8.95,0,12.1,9.1,122.0996751,2.131041347,20,9.25
19/11/2014,34.88296,4.37,10.98,11.39,10.49,0,101,9.44,4.63,10.18,10.79,9.52,0,134.5,10.08,5.39,11.73,12.34,11.2,0,168.3,11.17,0,11.7,8.3,125,2.181661565,21,10.41666667
20/11/2014,34.88569,2.82,10.61,11.8,9.58,1.608,167.6,8.43,2.78,9.9,10.96,8.91,1,158.1,9.73,3.8,11.34,11.97,10.44,2.758,189.3,9.54,0,11.8,3.7,135.2727464,2.360954812,18,6.833333333
21/11/2014,34.88843,5.59,9.88,10.61,8.56,0.201,104.6,13.33,6.16,9.17,9.92,7.97,0.6,139.8,14.17,6.81,10.63,11.35,9.46,0.591,170.3,15.26,0.4,10.2,2.9,114.5610753,1.999467959,29,10.625
22/11/2014,34.89117,4.15,9.43,11.06,6.907,3.417,101.5,14.34,4.06,8.87,10.54,6.343,7.4,164.9,14.5,4.23,10.14,11.79,7.42,6.501,241.2,14.44,19.6,12.2,4.8,176.1321378,3.074085723,27,12.5
23/11/2014,34.89391,4.07,8.47,9.48,6.557,1.809,57.18,15.91,3.73,7.82,8.8,6.4,0.8,273.8,19.93,4.17,9.03,10.1,7.28,1.576,333.4,18.55,6.2,8,3.1,-133.0985821,-2.323008487,27,12.04166667
24/11/2014,34.89665,4.59,9.62,11.08,7.71,1.407,139.9,16.07,4.47,9.1,10.48,7.33,1.4,334.2,21.7,3.97,10.25,11.69,7.93,1.576,271.3,14.99,7,10.8,5.1,-135.540907,-2.365635099,31,10.75
25/11/2014,34.89938,3.92,8.71,9.92,7.56,0.201,202.6,10.22,3.13,8.06,9.05,7.13,0,173.5,12.66,2.72,9.64,10.73,8.49,0.197,224.1,8.23,1.2,9,2,-150.0873631,-2.619518651,16,6.208333333
26/11/2014,34.90212,4.9,9.3,10.75,8,0.804,202.5,11.83,4.13,8.66,9.8,7.54,1,148.8,14.7,3.66,10.1,11.23,9.11,0.788,221.1,13.49,9.6,9.4,7.1,-175.7693211,-3.067753378,25,13.58333333
27/11/2014,34.90486,4.08,9.23,9.6,8.4,0.603,103.4,11.07,4.05,8.44,9.21,7.7,1,136.5,11.4,5.13,9.97,10.6,9.09,1.182,173.5,12.25,0,9.1,5.5,131.0515905,2.287281744,19,9.458333333
28/11/2014,34.90760,2.67,10.28,11.1,9.53,0,101.8,7.09,2.44,9.32,10.49,8.54,0,137.3,7.16,3.47,11.02,11.78,10.08,0,171.9,10.52,0,11.2,5.2,102.8506699,1.795082827,13,4.666666667
29/11/2014,34.91034,4.74,10.55,11.27,9.38,8.84,204.8,15.48,4.46,9.97,10.71,8.93,6.6,166.9,21.89,4.64,11.28,11.94,10.04,6.698,205.2,14.41,5.4,10.8,3.7,163.8694922,2.860062182,26,11.20833333
30/11/2014,34.91307,4.36,9.52,10.28,8.11,2.613,223.6,16.14,4.23,9,9.73,7.67,2.4,129.4,21.54,3.44,10.16,11.01,8.07,2.364,257.5,12.54,0.6,10.4,4.6,-122.9296273,-2.145526744,31,9.583333333
01/12/2014,34.91581,3.19,7.9,10.47,5.314,13.87,20.66,14.41,3.89,7.42,9.95,4.936,15.8,22.12,18.85,3.94,8.53,11.09,6.067,14.38,355.4,16.59,14.8,10.5,4,-118.7102503,-2.071884724,31,11.5
02/12/2014,34.91855,4.07,7.76,9.74,4.919,1.005,57.04,14.41,3.8,7.22,9.1,4.492,1.4,316.1,18.38,4.47,8.43,10.36,5.643,1.379,342.1,17.22,1.2,7.6,2,-124.2900731,-2.169271003,30,10.375
03/12/2014,34.92129,4.87,9.85,10.35,8.85,0.201,127.5,15.22,4.28,9.23,9.72,8.27,0.2,247.4,18.27,4.21,10.51,11.02,9.52,0.394,244.8,19.08,0.8,10,7.6,-145.0255141,-2.53117272,22,12.5
04/12/2014,34.92402,5.08,7.92,10.03,5.228,3.417,197.5,14.8,4.7,7.34,9.27,4.737,4.2,56.67,20.09,4.81,8.63,10.67,5.976,3.94,266.4,15.58,7.4,9.4,5.1,-144.0290891,-2.513781824,27,13.20833333
05/12/2014,34.92676,2.68,5.8,8.44,3.475,2.01,24.71,13.16,4.05,5.24,7.57,2.896,3.2,4.764,21.94,4.1,6.5,9.05,4.199,2.758,354.7,16.92,4.2,5.4,0.7,-102.8846235,-1.79567543,26,8.5
06/12/2014,34.92950,5.72,8.62,10.49,4.646,5.829,83,19.96,4.89,8.01,9.95,4.038,9.4,278.1,22.45,5.19,9.29,11.29,5.361,8.86,317.1,23.91,8.6,10.4,0.3,-131.1441933,-2.288897968,39,16.25
07/12/2014,34.93224,4.69,4.64,6.531,2.047,9.85,31.25,24.79,6.29,4.13,5.963,1.297,9.2,359.2,26.78,6.24,5.36,7.32,2.754,11.82,2.945,23.62,18,5.7,1.5,-104.5985993,-1.825589951,39,15.41666667
08/12/2014,34.93498,3.03,5.4,8.04,2.981,7.04,344.3,16.82,4.61,4.91,7.37,2.473,4.2,14.87,25.08,4.41,6.2,8.84,3.987,5.516,344.4,21.2,9.4,5.4,0.6,-84.30601016,-1.471417457,42,11.75
09/12/2014,34.93771,9.79,6.93,10.72,2.44,27.14,153.4,24.73,7.77,6.27,10.26,1.636,20,116.1,39.19,7.02,7.64,11.49,3.007,15.17,242.8,26.1,38.6,10.8,0.7,-141.0810146,-2.462328217,59,25.70833333
10/12/2014,34.94045,8.3,4.95,7.47,2.188,15.08,60.05,29.53,8.66,4.4,6.917,1.232,43.4,340.8,31.79,9.15,5.66,8.43,2.674,19.7,0.796,35.41,30.2,6,1.3,-109.1454238,-1.904947009,60,28.29166667
11/12/2014,34.94319,5.4,3.8,5.146,1.853,12.86,26.67,24.76,7.47,3.28,4.958,1.251,24,322.8,31.11,7.67,4.43,5.906,2.664,17.34,3.364,32.67,22.4,4.5,1.3,-99.97464994,-1.74488681,45,19.33333333
12/12/2014,34.94593,3.21,4.53,6.428,2.113,7.24,4.893,25.64,4.96,4.12,5.631,1.673,5.6,332.2,24.44,5.05,5.47,7.24,3.159,6.107,340.5,25.06,20.8,5.8,1.4,-53.41114913,-0.93220041,38,15.75
13/12/2014,34.94867,4.11,5.68,8.99,1.676,3.216,57.99,21.79,4.31,5.11,8.32,1.054,5.2,298.8,21.66,4.58,6.33,9.62,2.38,5.319,352.4,25.19,13.6,5.9,0,-126.9779737,-2.216183718,36,11.16666667
14/12/2014,34.95140,6.48,5.84,9.32,2.403,11.86,53.05,22.18,6.9,5.29,8.73,1.758,15.6,334.4,32.06,7.01,6.51,10.04,3.036,16.15,348.6,27.64,17.4,8.9,1.6,-114.9804926,-2.006788172,55,21.5
15/12/2014,34.95414,3.15,4.91,6.437,2.608,6.03,8.84,14.96,5.16,4.46,5.878,2.069,5.2,21.44,24.24,4.94,5.71,7.2,3.412,5.319,351,20.78,8.8,5,1,-92.03571398,-1.606326238,44,15.20833333
16/12/2014,34.95688,4.09,6.53,10.07,4.057,14.47,241.9,19.63,5.1,6.04,9.57,3.122,12.4,338.2,26.31,4.98,7.32,10.73,4.633,12.61,325.4,20.74,14.4,6.5,1,-124.24888,-2.168552048,46,15.5
17/12/2014,34.95962,4.92,8.03,9.68,6.558,1.608,56.24,18.42,4.55,7.46,9.34,6.038,2.6,301.8,19.72,5.23,8.73,10.61,7.36,2.561,329.1,22.67,4.4,9.6,5.1,-115.9754412,-2.024153301,33,14
18/12/2014,34.96235,5.83,6.2,7.86,3.513,2.613,67.85,20.02,4.32,5.48,7.22,2.868,2.6,31.62,25.02,5.58,6.9,8.53,4.209,2.758,263.9,24.08,12.4,6.9,2.6,-118.7541667,-2.072651209,38,16.70833333
19/12/2014,34.96509,6.19,5.42,7.08,3.205,8.84,31.71,23.45,8.45,4.91,6.497,2.671,19.2,340.5,38.17,8.7,6.11,7.78,3.734,15.17,3.231,31.33,22.8,5.7,2.1,-95.40449263,-1.665122518,54,22.66666667
20/12/2014,34.96783,3.83,7.54,9.33,5.116,2.01,39.63,16.33,5.58,6.98,8.69,4.586,4,9.33,24.31,5.53,8.24,10,5.866,2.758,334,24.4,2.2,7.2,2.4,-95.87994145,-1.673420665,44,18.125
21/12/2014,34.97057,5.97,9.14,10.3,6.482,8.24,89.9,22.21,5.23,8.61,9.89,5.972,11.2,265,23.01,6.38,9.85,11.03,7.16,10.24,240.4,22.15,15.8,10.4,6.6,-126.1166663,-2.201151069,39,20.16666667
22/12/2014,34.97331,5.77,6.71,7.75,5.088,2.211,65.59,20.81,4.56,6.06,7.09,4.568,3.2,26.31,24.29,5.59,7.41,8.51,5.976,3.152,267.4,21.92,11,6.7,4.3,-110,-1.919862177,43,19.125
23/12/2014,34.97604,4.92,6.05,7.11,3.832,0.804,64.13,18.23,3.66,5.37,6.41,3.453,0.8,17.44,22.24,4.41,6.74,8.01,4.775,0.788,276,18.91,9,5.7,1.9,-122.85309,-2.144190917,40,13.5
24/12/2014,34.97878,3.49,6.88,7.86,5.662,2.613,14.07,18.29,5.67,6.41,7.39,5.06,4,2.187,28.2,5.75,7.59,8.57,6.512,4.334,359,21.76,12.4,6.2,1.5,-81.9868658,-1.430940752,35,11.91666667
25/12/2014,34.98152,1.43,5.96,7.7,4.666,1.608,329.7,7.45,1.86,5.48,7.23,4.246,1.2,325.1,8.14,1.83,6.37,8.63,4.411,0.788,2.342,9.87,0.8,6.4,1.2,-77.21809476,-1.347709996,14,5.416666667
26/12/2014,34.98426,1.55,5.17,6.144,3.766,3.417,325.1,10.81,2.21,4.66,5.678,3.406,4,296.9,15.6,2.05,5.17,6.613,3.138,4.334,13.25,11.69,2.4,3.5,0.3,-123.6210276,-2.157593956,16,5.625
27/12/2014,34.98700,2.72,4.44,6.863,1.349,3.417,17.78,15.16,3.7,3.88,6.343,0.705,4.2,331.8,15.09,4,5.28,7.7,1.884,4.531,14.4,17.41,6.8,3.8,0.3,-59.78865691,-1.043508918,26,9.416666667
28/12/2014,34.98973,1.37,6.41,8.23,4.666,0.603,315.7,9.38,1.93,5.89,6.802,4.881,0.2,301.9,9.92,1.6,6.76,8.62,4.149,0,4.604,9.87,1.8,5.4,-0.3,-80.23264294,-1.400323787,18,6.125
29/12/2014,34.99247,7.52,8.5,9.73,6.909,0.402,199.1,18,5.78,7.91,9.21,5.886,0.8,106.3,24.31,4.58,9.26,10.43,7.86,0.394,223.7,13.82,0,8.4,0.2,-149.1945008,-2.603935265,31,12.45833333
30/12/2014,34.99521,8.08,9.77,10.27,9.18,0.402,200.8,20.22,6.36,9.24,9.8,8.63,0.2,137.7,24.64,5.68,10.51,11.05,9.9,0.197,211.3,17.93,0.4,10.1,8.3,-153.3167353,-2.67588183,37,18.54166667
31/12/2014,34.99795,9.55,9.69,10.38,7.69,5.628,202.4,22.74,8.16,9.19,9.92,7.32,3.4,127.3,29.28,4.96,10.43,11.15,8.57,3.743,219,23.06,2,10.5,8.1,-161.7000691,-2.822198607,40,23.79166667
01/01/2015,35.00068,4.73,7.65,10.37,3.645,10.65,104.7,20.68,4.61,7.09,9.96,2.849,13.8,17.71,28.47,4.65,8.33,11.19,4.209,14.18,279.3,27.73,23.6,10.1,4.9,-123.6034961,-2.157287973,43,14.45833333
02/01/2015,35.00342,5.67,5.47,6.608,3.785,4.221,55.21,23.06,6.74,4.91,6.192,3.113,10.8,346.1,31.78,6.98,6.17,7.27,4.502,6.501,353.4,31.75,13.8,6.2,2.3,-99.94871078,-1.744434086,55,21.79166667
03/01/2015,35.00616,2.77,5.27,7.22,3.177,0.804,8.39,13.26,3.9,4.75,6.506,2.473,1.2,28.8,20.73,3.84,6.06,7.88,3.966,1.576,346.3,18.62,4.6,4.9,1.3,-93.95553098,-1.639833366,36,11.875
04/01/2015,35.00890,7.86,8.7,9.96,6.881,2.412,195.8,20.06,6.63,8.11,9.47,6.229,2.2,130.8,26.84,5.36,9.42,10.59,7.69,1.773,219.5,18,0.6,8.9,1.9,-154.5699451,-2.697754467,37,17.75
05/01/2015,35.01164,7.66,8.74,10.55,5.522,4.02,176.7,19.57,7.12,8.2,10.12,4.881,6.2,151.7,31.2,4.24,9.38,11.34,6.118,6.107,239.3,15.26,4.6,10.5,6.6,-150.6107048,-2.628652688,39,19.95833333
06/01/2015,35.01437,5.16,6.14,8.98,4.272,1.407,104.7,21.63,4.06,5.52,8.41,3.669,1.2,234.8,24.73,3.83,6.88,9.7,5.098,1.379,260.6,16.53,19.6,6.6,1.7,-127.6913377,-2.22863427,32,8.125
07/01/2015,35.01711,8.75,8.14,10.47,3.832,29.15,174.7,26.62,6.83,7.59,10.01,3.67,17.2,159.5,31.87,6.02,8.87,11.24,5.28,16.94,236.5,28.55,22.2,10.4,4.6,-153.2940054,-2.675485118,54,25.08333333
08/01/2015,35.01985,7.72,5.98,8.36,3.429,79.4,102.9,36.19,6.72,5.36,8.11,2.821,43.4,199.2,44.75,6.54,6.75,9.19,4.108,29.16,256.4,43.51,20.4,6.5,2.5,-131.3204026,-2.291973401,51,19.58333333
09/01/2015,35.02259,6.65,7.26,10.58,4.113,21.51,82.1,36.62,7.48,6.79,10.18,3.358,71.6,250.1,51.51,NA,8.05,11.35,4.633,9.26,NA,NA,44.8,10.9,3.6,-120.1683272,-2.097332967,98,28.45833333
10/01/2015,35.02533,6.6,4.06,9.65,1.396,13.47,32.33,23.1,8.99,3.58,9.25,0.781,17.8,332.4,36.34,NA,4.79,10.46,1.966,13.4,NA,NA,18.4,11.1,1,-91.00813336,-1.588391573,63,26.79166667
11/01/2015,35.02806,6.62,6.78,8.74,3.019,9.65,67.09,25.61,6.34,6.25,8.28,2.266,12.6,268.6,28.09,NA,7.54,9.52,3.704,12.41,NA,NA,18.4,8.1,1.7,-112.662725,-1.966335495,52,21.79166667
12/01/2015,35.03080,8.09,4.73,9.66,0.763,20.3,84.1,29.37,6.36,4.07,9.36,0.189,12.2,1.052,29.16,NA,5.47,10.56,1.582,14.58,NA,NA,19,9.9,0.3,-124.4490511,-2.172045692,68,26.33333333
13/01/2015,35.03354,5.78,3.08,5.711,0.54,7.64,96.6,25.02,5.1,2.34,4.957,0.085,7.4,268,26.16,NA,3.77,6.471,1.642,7.68,NA,NA,NA,2.7,0.2,-130.8725741,-2.284157319,52,16.69565217
14/01/2015,35.03628,5.83,5.08,8.63,2.235,7.04,132.8,24.86,5.72,4.34,8.08,1.655,10.2,172.4,24.02,NA,5.95,9.53,3.159,13.79,NA,NA,20.2,5.4,1,-161.7710338,-2.823437175,40,17.70833333
15/01/2015,35.03901,4.31,5.1,7.17,2.132,9.25,17.09,23.16,7.08,4.57,6.373,1.579,13,353.7,34.28,NA,5.95,8.15,2.875,7.68,NA,NA,34.8,7.3,3.3,-131.9067806,-2.302207628,62,24.58333333
16/01/2015,35.04175,3.38,3.06,4.742,0.698,2.613,359,20.91,6.69,2.6,4.37,-0.355,0.8,31.11,32.94,NA,3.92,5.643,1.056,1.182,NA,NA,2.8,3.9,-0.7,-72.06512776,-1.257773755,55,21.95833333
17/01/2015,35.04449,2.8,4.41,6.873,2.795,5.226,1.989,16.24,4.47,3.96,6.345,2.294,3.4,22.92,21.07,NA,5.26,7.64,3.522,4.334,NA,NA,11.2,3.7,1.2,-99.37940059,-1.734497749,31,11.54166667
18/01/2015,35.04723,4.55,4.34,6.608,2.375,1.809,34.2,19.57,4.21,3.87,6.078,1.814,1.4,146.9,17.36,NA,5.35,7.38,3.218,1.773,NA,NA,2.4,5.6,1.7,-4.578553245,-0.079910829,38,17.75
19/01/2015,35.04997,3.51,4.03,5.475,2.188,0,192,16.73,3.82,3.19,4.691,0.752,0,163.3,13.79,NA,4.77,6.662,0.964,0,NA,NA,0,3.5,-2.2,-127.6063208,-2.227150444,23,6.666666667
20/01/2015,35.05270,5.09,5.28,6.201,4.085,13.27,203.4,15.94,4.3,4.65,5.678,3.443,10.2,177.6,20.43,NA,6.15,7.26,4.452,12.02,NA,NA,9.8,5.2,3.1,173.7678168,3.032820538,35,21.08333333
21/01/2015,35.05544,2.4,5.29,6.314,4.085,3.216,50.73,11.92,2.68,4.66,5.602,3.434,2.2,330.1,14.67,NA,6.15,7.38,4.088,2.955,NA,NA,5,5.3,2.7,168.3808087,2.938799509,30,16.70833333
22/01/2015,35.05818,5.15,7.27,8.31,5.521,1.407,188.5,15.39,3.82,6.65,7.7,4.767,2,138.7,18.6,NA,8.12,9.07,6.41,1.182,NA,NA,0.2,7,2.9,-168.6207501,-2.942987276,37,17.95833333
23/01/2015,35.06092,6.26,6.23,9.17,2.711,5.226,94.4,17.77,6.06,5.73,8.7,2.209,8,16.13,27.16,NA,6.96,9.92,3.36,8.86,NA,NA,8,8.6,1.9,-132.3552327,-2.310034593,41,20.625
24/01/2015,35.06366,5.03,6.25,8.78,3.29,2.412,46.21,20.16,6.37,5.69,8.26,2.341,3.4,130.3,31.42,NA,7.05,9.58,3.724,2.364,NA,NA,11.4,6.6,1.4,-99.71382154,-1.740334496,47,16.75
25/01/2015,35.06639,6.07,8.66,10.17,5.775,3.417,135.5,18.82,5,8.17,9.76,5.421,5,15.53,23.1,NA,9.44,11.01,6.714,4.137,NA,NA,9.2,10.3,5.1,-138.90657,-2.424377,39,19
26/01/2015,35.06913,4.36,6.34,7.62,4.375,3.216,34.09,19.89,5.86,5.8,6.917,3.641,4.2,38.2,26.05,NA,7.11,8.19,5.038,3.94,NA,NA,7.4,6.7,2,-101.5918123,-1.773111618,40,14.08333333
27/01/2015,35.07187,5.04,8.41,8.89,6.738,2.613,113.9,18.49,4.41,7.86,8.4,6.267,4.4,280.9,28.68,NA,9.13,9.58,7.46,3.743,NA,NA,5.8,8.5,4.6,-133.2866262,-2.326290477,34,15.79166667
28/01/2015,35.07461,5,3.19,7.93,0.064,9.45,28.61,22.15,7.28,2.6,7.31,-0.873,8.6,40.1,32.67,NA,3.9,8.57,0.964,12.41,NA,NA,14.2,8.8,0.3,-99.97395978,-1.744874764,50,18.25
29/01/2015,35.07734,3.59,3.62,6.74,0.903,13.27,21.81,19.44,5.13,3.06,6.202,0.001,13,342.5,24.61,NA,4.4,7.56,1.562,13.2,NA,NA,11.8,2.5,-1,-88.47641219,-1.544204703,27,8.875
30/01/2015,35.08008,4.22,4.01,6.39,1.824,6.432,17.92,26.39,6.41,3.46,5.706,1.222,4.8,289.9,25.55,NA,4.88,7.14,1.986,7.49,NA,NA,21,4.6,0.9,-20.70007434,-0.361284453,49,21.91666667
31/01/2015,35.08282,4.68,3.59,5.09,1.676,5.025,41.43,26.92,6.48,2.97,4.351,1.166,2.8,204.2,27.94,NA,4.49,5.795,2.288,3.743,NA,NA,9.8,4.4,1,-8.363727412,-0.145974581,50,28.04166667
01/02/2015,35.08556,2.49,3.1,4.92,1.052,3.819,0.538,13.13,3.48,2.61,4.322,0.367,1.8,281.9,19.23,NA,4.05,5.824,1.804,2.955,NA,NA,1.8,3.6,0.1,-14.1369113,-0.246735648,38,14.83333333
02/02/2015,35.08830,2.8,3.63,5.851,1.228,10.45,346.5,21.69,3.17,3.16,5.173,0.592,8.6,311.4,26.94,NA,4.5,7.14,2.056,9.26,NA,NA,2.8,4.3,-0.9,-99.04300771,-1.728626586,35,7.583333333
03/02/2015,35.09103,4.2,2.74,4.245,0.847,0,21.42,21.49,4.56,2.28,3.699,0.434,0.2,164.4,25.15,NA,3.63,4.976,1.744,0.197,NA,NA,4,3.8,0.1,-4.930354418,-0.086050918,46,17.70833333
04/02/2015,35.09377,1.96,5.44,7.6,2.926,1.608,359.2,12.35,3.21,5,7.17,3.067,2,344.9,13.35,NA,6.29,8.45,3.492,1.97,NA,NA,0.4,4.6,-0.8,-93.04020547,-1.623857922,16,7.125
05/02/2015,35.09651,1.19,6.79,7.4,6.191,0.804,356,7.77,2.56,6.3,6.926,5.858,1.6,350.1,10.27,NA,7.57,8.25,7.12,1.97,NA,NA,1.2,7.6,3.1,-83.47333248,-1.456884489,13,5.791666667
06/02/2015,35.09925,2.1,7.03,8.59,6.115,0,70,8.98,2.24,6.47,8.08,5.592,0.4,282.4,12.95,NA,7.73,9.32,6.814,0.197,NA,NA,0.2,7.3,4.9,-128.7557605,-2.247211952,17,6.958333333
07/02/2015,35.10198,1.55,7.62,8.77,6.144,0,340.7,11.2,3.17,7.06,8.37,5.241,0,0.536,11.16,NA,8.25,9.68,5.442,0,NA,NA,0.2,8.4,5.1,-77.18980961,-1.347216327,22,9.041666667
08/02/2015,35.10472,3.4,7.35,8.26,5.86,1.005,69.34,12.71,3.81,6.83,7.59,5.297,2.4,291.1,16.65,NA,8.06,8.92,6.642,1.379,NA,NA,0.8,8.8,2.5,-115.6827985,-2.019045721,27,11.375
09/02/2015,35.10746,4.26,8.23,8.98,7.3,0,81.7,14.93,3.77,7.7,8.52,6.84,0.6,284.1,16.78,NA,9,9.86,8.08,0.394,NA,NA,0.8,8.6,6.8,-120.3842643,-2.10110178,24,13.16666667
10/02/2015,35.11020,5.1,8.56,9.08,7.53,0,173.6,14.9,4.35,8.03,8.61,6.945,0,318.5,22.06,NA,9.33,9.82,8.38,0,NA,NA,0,8.8,7.4,-149.6049067,-2.611098199,29,15.33333333
11/02/2015,35.11294,7,8.08,8.77,6.814,3.216,194.8,18.29,5.47,7.52,8.3,6.219,2.4,90.4,23.15,NA,8.81,9.52,7.57,2.758,NA,NA,0,7.5,5,-159.5836077,-2.785259387,38,19.70833333
12/02/2015,35.11567,4.69,7.31,8.9,6.2,2.211,186.5,17.74,4.39,6.68,8.33,5.43,2.4,131,16.7,NA,8.07,9.48,6.976,2.167,NA,NA,3.6,8.4,6.1,-162.1227048,-2.82957499,29,12.41666667
13/02/2015,35.11841,2.94,6.87,7.39,5.889,0.201,118.2,12.61,4.4,6.12,6.658,5.488,0.4,146,14.93,NA,7.53,8.23,4.795,0.591,NA,NA,0.4,7.9,1.1,132.1980344,2.307290965,28,11
14/02/2015,35.12115,3.42,7.12,8.4,5.87,0.201,183.2,18.85,3.57,6.3,7.8,4.625,0.2,176.9,15.41,NA,7.19,8.63,4.361,0.197,NA,NA,0.4,8,-0.1,135.0514982,2.357093303,22,7.166666667
15/02/2015,35.12389,8.26,7.41,8.38,5.756,25.33,202.2,23.52,7.24,6.83,7.98,5.183,14.4,175.7,21.38,NA,8.18,9.25,6.704,14.77,NA,NA,9,8.8,6.1,-179.6050717,-3.134699854,51,24.5
16/02/2015,35.12663,4.19,5.27,7.75,2.589,3.015,46.74,25.9,5.11,4.64,7.1,2.086,3.4,316.1,26.62,NA,6.02,8.53,3.644,3.94,NA,NA,1.8,6.9,1.7,-122.6114932,-2.139974257,29,12.58333333
17/02/2015,35.12936,7.04,7.92,9.67,5.352,7.44,156.1,23.36,5.29,7.37,9.28,4.956,7.6,25.51,26.99,NA,8.69,10.49,6.269,6.304,NA,NA,17,8.7,2.2,-127.8552555,-2.231495174,47,22.33333333
18/02/2015,35.13210,7.41,9.38,9.83,6.955,21.31,191.4,18.98,5.89,8.98,9.48,6.705,21.6,59.13,23.04,NA,10.11,10.66,7.71,20.88,NA,NA,30.4,10.8,8.5,-159.1667297,-2.777983493,42,23.29166667
19/02/2015,35.13484,4.95,5.99,7.98,4.197,1.005,75.7,18.78,4.53,5.43,7.44,3.509,1.8,295.2,25.67,NA,6.78,8.65,4.937,1.773,NA,NA,12.6,9.7,3,-131.6554489,-2.297821061,42,16.125
20/02/2015,35.13758,3.22,4.39,6.455,2.431,4.221,32.56,14.08,4.36,3.79,5.592,1.561,5.2,7.34,20.88,NA,5.15,7.27,2.875,6.698,NA,NA,8.4,5.7,1.2,-120.1417146,-2.096868489,34,11.41666667
21/02/2015,35.14031,2.75,4.11,6.381,2.02,4.221,8.11,15.06,4.23,3.51,5.451,1.269,3.6,7.32,23.57,NA,4.87,6.824,2.056,4.334,NA,NA,12.8,4.6,0.3,-42.46464487,-0.741147869,27,11.33333333
22/02/2015,35.14305,5.66,4.88,8.15,1.75,16.68,168.8,23.65,4.55,4.26,7.56,0.987,11.4,163.5,20.46,NA,5.7,8.87,2.552,13.4,NA,NA,17.2,6.8,-0.5,-171.7669381,-2.997898616,47,16
23/02/2015,35.14579,5.1,4.69,6.607,1.676,5.025,142.1,18.75,6.12,4.05,5.954,0.932,6.6,358.1,29.61,NA,5.48,7.4,2.309,5.91,NA,NA,14,7,0.5,-144.47248,-2.521520455,42,17.5
24/02/2015,35.14853,4.55,4.81,5.956,2.972,6.432,10.43,20.94,8.11,4.33,5.488,2.191,7.4,46.05,35.95,NA,5.64,6.784,3.684,6.698,NA,NA,23,6.8,1.6,-83.29518052,-1.453775151,56,24.45833333
25/02/2015,35.15127,5.96,7.58,9.88,4.413,9.65,191.7,18.03,4.79,7.14,9.79,4.436,9.4,131.8,23.5,NA,8.28,10.87,4.937,8.08,NA,NA,8.8,9.5,0.6,-152.2674021,-2.65756751,40,15.5
26/02/2015,35.15400,6.11,4.81,8.89,2.244,5.226,66.26,26.66,4.83,4.16,8.53,1.485,4,351.2,27.12,NA,5.55,9.66,2.784,5.122,NA,NA,12.8,10.7,1.1,-124.9177129,-2.180225384,48,19.33333333
27/02/2015,35.15674,7.04,6.56,7.91,4.507,7.84,111.1,22.34,6.4,5.99,7.34,4.105,4,49.8,32.82,NA,7.33,8.66,5.34,4.137,NA,NA,9.6,7.2,2.3,-134.3698697,-2.345196642,49,21.79166667
28/02/2015,35.15948,4.67,6.24,7.24,4.375,16.28,152.6,18.49,4.59,5.63,6.64,3.764,14.8,169.2,19.76,NA,6.97,8.07,5.057,17.53,NA,NA,22.2,7.1,4.2,-156.5981773,-2.733153797,36,16.08333333
01/03/2015,35.16222,4.78,5.06,7.05,2.636,6.231,41.01,18.33,6.03,4.55,6.563,2.163,8.4,342.4,25.15,NA,5.83,7.74,3.522,12.02,NA,NA,37.4,6.9,1.4,-102.2998356,-1.785468955,36,15.70833333
02/03/2015,35.16496,3.55,2.78,4.461,0.558,4.422,51.91,17.57,3.45,2.22,3.954,-0.027,3,326,19.61,NA,3.54,5.238,1.53,5.122,NA,NA,13.2,3.6,0.2,-127.2106688,-2.220245014,30,10.79166667
03/03/2015,35.16769,4.57,4.1,5.758,0.167,5.829,69.42,18.65,5.5,3.46,5.317,-0.742,7.6,343.4,25.06,NA,4.87,6.683,0.772,6.895,NA,NA,14,4.4,-0.5,-136.7058215,-2.385966692,47,16.41666667
04/03/2015,35.17043,4.6,6.86,8.83,4.911,1.206,206.4,17.77,4.55,6.33,8.38,4.246,1.4,16.01,20.64,NA,7.67,9.65,5.664,1.379,NA,NA,1.6,7.9,2.4,-101.0655098,-1.763925906,35,15.125
05/03/2015,35.17317,5.59,7.75,8.99,6.096,4.623,129.5,24.66,4.18,7.23,8.57,5.544,6.2,322.8,24.22,NA,8.53,9.82,6.914,4.925,NA,NA,6.4,9.3,5.3,-140.5686467,-2.453385709,40,17.91666667
06/03/2015,35.17591,11.6,8.64,9.98,6.823,47.44,203.5,25.9,10.04,8.18,9.69,6.258,34.6,122.3,38.56,NA,9.39,10.83,7.56,16.94,NA,NA,30,8.8,4.2,-164.9683427,-2.879240742,58,27.04166667
07/03/2015,35.17864,3.76,7.27,8.9,6.058,12.46,117.5,18.36,4.15,6.75,8.49,5.611,14.6,269.8,24.28,NA,7.95,9.68,6.704,13.79,NA,NA,53.6,11.1,6.6,-138.7326791,-2.421342031,54,20.41666667
08/03/2015,35.18138,4.47,5.44,6.786,2.851,2.211,71.7,18.95,3.5,4.82,6.287,2.238,3.8,304.3,18.56,NA,6.19,7.58,3.562,3.546,NA,NA,4.2,6.8,1.6,-123.7824199,-2.160410784,38,13.70833333
09/03/2015,35.18412,8.22,6.48,9.14,3.804,31.96,153.3,26.92,8.89,5.91,8.81,3.076,74.6,155,42.96,NA,7.34,10.02,4.795,16.74,NA,NA,23.4,8.4,2.3,-168.9286152,-2.948360536,70,27.04166667
10/03/2015,35.18686,5.66,6.55,7.77,4.62,0.402,162.3,17.44,5.83,6.02,7.64,3.953,2,192.1,29.64,NA,7.32,8.71,5.098,0.985,NA,NA,7.2,8.3,2.5,-117.6090812,-2.052665698,58,18.16666667
11/03/2015,35.18960,6.94,6.34,8.14,4.225,19.3,171.6,29.53,6.14,5.71,7.58,3.594,7.6,178,25.49,NA,7.14,8.85,5.007,10.44,NA,NA,13.2,7.8,1.7,-165.7062904,-2.892120359,58,23
12/03/2015,35.19233,8.21,6.87,9.03,4.844,9.25,169.3,27.6,7.9,6.17,8.47,4.312,8.4,133.3,30.59,NA,7.77,9.86,5.866,9.46,NA,NA,10.4,8.8,1.7,167.9839646,2.931873274,44,19.54166667
13/03/2015,35.19507,3.92,6.83,8.94,5.06,0.201,185.9,14.05,3.18,6.03,8.1,4.067,0.4,164.5,16.42,NA,7.59,9.16,5.724,0.394,NA,NA,0.4,9.2,1.5,-174.3456984,-3.042906474,24,7.791666667
14/03/2015,35.19781,6.33,7.01,8.42,6.02,0,204,17.22,5.96,6.35,7.97,5.373,0.2,175.4,15.39,NA,7.78,8.51,6.854,0,NA,NA,0,8.9,0.7,-178.760039,-3.119951252,27,12.375
15/03/2015,35.20055,5.55,6.02,7,5.041,0.201,205.1,16.24,5.51,5.41,6.439,4.483,0,172.2,12.64,NA,6.82,7.75,5.956,0,NA,NA,0,8.2,2.4,-179.3367472,-3.130016709,25,8.791666667
16/03/2015,35.20329,3.86,6.78,7.52,5.954,0.402,154.3,14.7,4.03,6.09,7.15,5.306,0.6,149.2,13.18,NA,7.59,8.21,6.794,0.394,NA,NA,NA,8.6,0.5,139.3037409,2.431308938,17,8.565217391
17/03/2015,35.20602,2.6,7.24,8.01,6.644,0,188.3,7.91,2.52,6.59,7.61,5.868,0,146.6,8.2,NA,8,8.63,7.49,0,NA,NA,0,9.2,1,171.83848,2.999147257,14,5.5
18/03/2015,35.20876,4.56,8.46,10.21,7.02,0,201.7,10.19,3.61,7.72,8.68,6.439,0,119,14.63,1.53,9.06,10.36,7.92,0,230.5,7.38,0,10.8,0.2,-155.1439358,-2.707772494,19,7.333333333
19/03/2015,35.21150,4.4,8.84,9.32,7.99,3.618,177.2,13.46,3.49,8.33,8.66,7.51,5.8,359.3,15.73,3.77,9.51,9.9,8.68,4.334,227.8,14.44,9.6,8.9,6.7,-157.2480949,-2.744496998,28,13.95833333
20/03/2015,35.21424,2.23,7.91,9.49,6.322,0.603,8.05,12.58,4.15,7.26,8.36,5.801,1,350,16.85,4.03,8.59,9.78,7.12,0.985,6.91,20.48,2,9.5,6.4,-62.34520634,-1.088129124,28,13.08333333
21/03/2015,35.21697,2.61,7.07,8.78,5.427,2.01,201.4,12.61,2.32,6.48,7.89,5.288,3.6,243.3,12.42,2.39,7.74,8.98,6.471,2.364,232.8,13.39,0.4,8.6,5.5,132.5520198,2.313469176,27,9.416666667
22/03/2015,35.21971,5.65,8.4,8.84,6.908,8.64,185.1,19.04,4.71,7.93,8.47,6.219,12.6,1.095,23.67,5.73,9.1,9.7,7.38,8.08,209.4,18.03,6.6,8.3,6.7,-157.5047687,-2.748976802,39,22.125
23/03/2015,35.22245,3.23,6.51,8.65,4.32,1.005,30.78,13.56,4.65,5.83,7.8,3.604,1.8,0.313,21.63,4.46,7.23,9.65,4.886,1.97,9.36,16.14,3.2,9.3,2.8,-102.6577886,-1.791716413,33,14.45833333
24/03/2015,35.22519,2.62,5.77,8.71,3.356,5.427,5.181,16.53,4.44,5.12,7.33,2.642,5,327,22.76,4.26,6.46,8.32,3.966,3.94,293.7,20.29,7.2,7.7,1,-58.74559759,-1.025304099,36,10.25
25/03/2015,35.22793,3.73,5.71,7.93,4.142,5.226,187.8,17.54,4.75,4.96,7.33,3.634,6,158.7,19.71,6.17,6.23,7.64,3.138,8.08,199.4,18.62,0.2,8.1,-0.4,-160.0348141,-2.793134425,23,9.208333333
26/03/2015,35.23066,2.63,6.11,7.99,4.348,7.04,10.05,16.3,6.01,5.45,6.83,3.689,7,7.08,24.15,6.52,6.89,8.53,5.098,7.49,13.41,22.51,NA,7.4,2.8,-113.074513,-1.973522553,39,13.875
27/03/2015,35.23340,3.52,6.74,8.31,4.816,1.407,146.5,15.42,2.9,6.16,8.1,3.925,1.2,239.2,15.76,3.35,7.6,9.79,5.583,1.379,249.9,15.12,4.4,9.4,0.5,-139.1952718,-2.429415796,29,11.54166667
28/03/2015,35.23614,3.97,6.53,9.71,4.103,10.05,59.63,16.59,4.98,5.87,9,3.481,14.2,9.22,19.18,5.31,7.26,10.19,4.734,15.17,0.188,22.57,26,10.2,2.7,-147.3497053,-2.571737509,37,15.20833333
29/03/2015,35.23888,3.26,4.74,6.54,1.469,5.628,45.4,17.18,4.35,4.12,5.716,0.827,7.4,323.7,24.59,4.21,5.44,7.19,2.34,7.88,0.318,21.49,10.6,7,1.6,-119.8730236,-2.092178946,40,11
30/03/2015,35.24162,3.92,4.47,7.19,1.573,10.25,54.83,16.24,4.58,3.9,7.1,0.978,13,115.8,25.41,NA,5.18,7.6,2.288,13.99,NA,NA,22,7.3,0.9,-107.287752,-1.872524519,40,14.5
31/03/2015,35.24435,4.46,4.28,5.964,1.6,10.25,9.91,23.68,7.7,3.72,5.278,1.307,15.4,30.12,36.15,NA,5.05,7.07,2.552,9.46,NA,NA,19.8,6,0.9,-74.96837135,-1.308444915,42,18.25
01/04/2015,35.24709,2.86,4.73,6.966,2.934,5.025,354.9,17.9,5.48,4.1,6.087,2.417,4.4,5.794,28.42,NA,5.5,7.65,3.816,5.516,NA,NA,10.6,6.8,0.3,-65.30233104,-1.139740686,37,16.58333333
02/04/2015,35.24983,2.44,5.23,6.966,3.514,2.814,88.3,11.3,3.47,4.71,6.696,3.464,4.2,145.9,12.46,NA,6.09,7.57,4.028,4.137,NA,NA,0.8,8.8,0.4,78.2132818,1.365079286,21,7.541666667
03/04/2015,35.25257,3.06,7.86,10.35,5.559,7.04,12.91,15.97,5.26,7.17,9.26,4.89,7.2,21.46,22.43,NA,8.56,10.82,6.491,6.698,NA,NA,13.2,8.1,4.6,137.1289522,2.393351715,19,9.166666667
04/04/2015,35.25530,2.52,8.06,9.25,6.994,1.206,223.4,8.72,3.33,8.18,11.14,6.467,0.2,297.1,14.57,NA,9.38,12.45,7.62,0,NA,NA,0.8,12.1,5.5,-103.9176844,-1.813705744,22,9.041666667
05/04/2015,35.25804,3.48,7.59,8.54,6.114,0.603,207,9.73,2.27,7.08,8.09,5.696,1,170.9,13.67,NA,8.12,9.18,6.714,0.394,NA,NA,0,12.5,3.1,-169.9610347,-2.966379656,16,7.625
06/04/2015,35.26078,3.99,8.86,9.8,8.24,0.402,151.7,12.02,3.45,8.36,8.93,7.77,0.6,281.3,16.53,NA,9.61,10.17,8.97,0.394,NA,NA,0.4,12.2,5.9,-147.3948787,-2.572525934,28,13
07/04/2015,35.26352,2.14,8.35,9.17,7.76,5.427,52.14,11.04,2.16,7.88,8.8,7.07,9.8,330.7,11.39,NA,9.08,9.98,8.23,8.67,NA,NA,5.6,9.7,7.6,-113.3390413,-1.978139441,23,10.125
08/04/2015,35.26626,4.42,8.73,10.61,7.57,0.402,196.2,12.74,3.79,8.03,9.32,6.945,0.4,123.1,13.8,NA,9.41,10.97,8.32,0.197,NA,NA,0,12.3,6.4,-175.5236259,-3.063465187,34,10.91666667
09/04/2015,35.26899,5.27,8.83,10.41,8.26,0,193.9,13.65,3.68,8.27,9.63,7.79,0,66.2,16.7,NA,9.57,10.68,9.05,0,NA,NA,0,12.2,4.6,-155.8706691,-2.720456383,33,14.08333333
10/04/2015,35.27173,7.26,8.41,10.61,5.343,2.01,209,17.41,5.89,7.89,10.57,4.674,2.4,141.3,18.92,NA,9.13,11.09,6.168,2.167,NA,NA,0,13.7,7.5,-166.2144346,-2.900989147,35,16.91666667
11/04/2015,35.27447,5.13,5.38,6.643,2.718,3.015,102.7,23.91,4.47,4.67,6.42,2.226,4,245.3,19.65,NA,6.07,7.69,3.532,3.743,NA,NA,4.4,9.3,3.1,-126.4361457,-2.206727037,37,17.54166667
12/04/2015,35.27721,3.33,6.36,9.2,4.3,0.402,46.53,19.57,3.69,5.51,7.65,3.642,1.2,307.1,20.57,NA,7.02,9.15,4.966,1.576,NA,NA,6.8,8.3,1.8,-105.0119378,-1.832804069,36,14.29166667
13/04/2015,35.27995,7.08,7.98,9.34,5.916,8.84,196.3,17.08,5.79,7.44,8.87,5.307,10.4,126.9,22.49,NA,8.74,10.2,6.652,8.27,NA,NA,13.6,9.6,1.4,-158.8054629,-2.771678199,39,16.79166667
14/04/2015,35.28268,3.63,8.27,9.36,6.842,2.613,65.6,14.67,3.01,7.79,9.02,6.324,3.6,271.1,15.27,NA,9.09,10.08,7.5,3.546,NA,NA,8.4,10.4,6.8,-126.6405978,-2.210295398,31,15.375
15/04/2015,35.28542,2.95,7.13,8.99,5.088,1.206,55.93,13.33,3.57,6.45,8.2,4.369,1.4,323.7,15.49,NA,7.79,9.78,5.824,1.773,NA,NA,3.6,9.7,3.9,-102.157856,-1.782990944,31,11.875
16/04/2015,35.28816,1.95,8.05,10.5,6.644,0,182,9.18,2.07,7.51,10.14,6.03,0,237,12.19,NA,8.37,10.84,5.502,0.394,NA,NA,6,11.3,4.6,-152.6547759,-2.664328458,19,7.208333333
17/04/2015,35.29090,1.78,8.4,10.66,6.427,0,46.05,5.292,2.6,7.78,11.19,5.194,0,23.96,6.603,NA,8.45,11.47,5.229,0,NA,NA,0,10.1,1.1,5.925170924,0.103413741,13,5.25
18/04/2015,35.29363,1.71,9.22,11.85,7.14,0,57.35,5.978,2.05,9.08,11.6,6.678,0,77.1,6.057,NA,9.85,11.95,6.753,0,NA,NA,0,10.4,2.4,21.01400609,0.366763595,16,6.958333333
19/04/2015,35.29637,1.36,9.43,11.81,6.918,0,50.93,5.259,1.9,9.67,12.6,6.763,0,73.8,7.03,NA,9.86,12.34,6.794,0,NA,NA,0,10.9,4,58.52877982,1.021519915,18,6.958333333
20/04/2015,35.29911,3.61,9.17,11.09,7.19,1.206,214.3,12.22,3.2,8.56,10.36,6.6,0.8,166.2,14.15,NA,9.24,10.91,6.926,0.985,NA,NA,0,12.9,5.2,171.3432795,2.990504379,26,11.33333333
21/04/2015,35.30185,2.09,9.44,9.89,8.78,0,81.8,9.15,2.39,9.01,9.54,8.41,0,292.8,10.67,NA,10.21,10.85,9.55,0,NA,NA,0.4,13.4,6.6,-122.6580414,-2.140786676,21,10.08333333
22/04/2015,35.30459,1.69,8.98,10.73,7.73,0.201,172.1,5.717,2.68,8.81,11.33,7.14,0.4,300.5,7.99,NA,10.22,12.76,8.31,0,NA,NA,0,12,5.4,-112.6599206,-1.966286549,16,6.958333333
23/04/2015,35.30732,1.41,9.13,11.36,7.29,0.201,65.62,7.28,2.3,8.42,10.74,6.677,0.2,2.201,9.02,NA,9.83,12.55,7.95,0.197,NA,NA,0.4,13,7.6,-82.08067168,-1.432577973,20,9.125
24/04/2015,35.31006,1.98,7.04,9.86,3.299,0.804,36.47,9.08,2.56,6.33,8.35,2.586,1.4,340.7,10.48,NA,7.74,10.41,4.149,1.773,NA,NA,4.8,8.9,4.6,-76.71273265,-1.338889763,21,7.458333333
25/04/2015,35.31280,3.22,4.96,8.3,1.163,2.814,0.189,16.2,4.91,4.21,6.525,0.508,2,340.5,21.2,NA,5.63,7.62,1.722,1.97,NA,NA,12.6,8.1,0.9,-50.49038479,-0.881223455,36,15.16666667
26/04/2015,35.31554,2.65,4.12,6.975,1.853,3.417,20.99,14.93,4.34,3.46,5.306,1.147,2,336.9,20.39,NA,4.88,6.633,2.522,3.94,NA,NA,24.2,5.8,0.3,-44.30657287,-0.773295577,31,11.875
27/04/2015,35.31828,2.37,3.86,6.361,1.423,6.834,58.05,10.78,3.04,3.23,5.44,1.155,7.6,121.9,12.68,NA,4.69,7.01,2.481,6.895,NA,NA,2.4,6.9,-0.8,-129.7276521,-2.26417466,27,9.583333333
28/04/2015,35.32101,2.79,5.38,7.68,2.487,2.613,87.6,12.58,2.47,4.67,7.16,2.021,4.4,300.6,15.47,NA,6.01,8.41,3.239,4.925,NA,NA,14.4,7.8,0.1,-138.2302027,-2.412572164,25,9
29/04/2015,35.32375,2.83,6.81,8.98,4.263,0,48.4,13.65,3.47,6.05,7.72,3.547,0.4,290.5,15.78,NA,7.35,9.3,3.674,0.197,NA,NA,4.8,7.3,0.9,49.67285726,0.866954908,33,15.83333333
30/04/2015,35.32649,2.92,6.79,9.25,4.3,0.603,58.75,10.13,2.53,6.18,8.71,3.717,0.2,168.6,10.48,NA,7.56,10.16,4.594,0.394,NA,NA,1.6,8.3,2.7,21.25785426,0.371019549,25,12.75
01/05/2015,35.32923,4.01,6.13,7.82,4.694,0,66.96,8.36,3.07,5.61,7.84,3.67,0,156.8,11.8,NA,6.92,8.72,5.704,0,NA,NA,0,7.6,-1.1,28.67016188,0.500388722,21,8.458333333
02/05/2015,35.33196,4.04,7.28,8.69,5.202,0.201,78.7,11.66,4.05,6.82,8.92,4.076,0.2,128.4,12.97,1.75,7.91,9.87,4.17,0,200.1,15.88,0,11.1,4.5,109.1624674,1.905244476,34,15.33333333
03/05/2015,35.33470,6.69,6.44,7.96,4.732,6.231,79.9,13.92,6.21,5.67,7.3,4.038,14.2,119.3,18.02,5.4,7.13,8.67,5.512,16.55,185.9,20.58,13.2,6.7,5,102.0890449,1.781789963,41,23.875
04/05/2015,35.33744,4.36,8.92,10.84,7.49,4.02,168.8,16.82,4,8.25,9.96,7.07,5.8,149.4,14.9,3.73,9.58,11.17,8.54,5.319,208.7,17.44,8.6,12.7,4.8,175.5261851,3.063509853,29,11.54166667
05/05/2015,35.34018,4.99,8.93,11.28,7.6,6.03,53.34,25.97,4.27,8.32,10.65,7.11,9.2,171.8,26.03,3.88,9.6,11.63,8.26,6.895,310.7,20.51,25,12.1,6.9,51.8684715,0.905275606,33,13.29166667
06/05/2015,35.34292,4.36,6.6,8.34,2.85,6.432,27.55,20.81,5.77,5.97,7.44,1.964,9.6,356,21.7,5.76,7.34,8.86,3.38,8.67,344,21.59,28.8,8.2,4.5,-6.61218367,-0.115404376,35,20.08333333
07/05/2015,35.34565,2.16,5.16,7.58,3.019,3.015,45.38,14.99,3.29,4.48,6.953,2.275,2.8,353.4,15.91,3.38,5.94,8.59,3.704,3.743,359.1,17.41,0.4,8.1,2.9,-70.80277922,-1.235741617,31,13.79166667
08/05/2015,35.34839,1.92,6.7,9.59,3.252,0.402,153.8,9.64,2.05,5.98,9.26,2.67,0.4,74.5,10.59,1.59,7.33,10.32,3.442,0.197,229.4,9.87,0,10.5,1,-175.9406552,-3.070743721,19,8.916666667
09/05/2015,35.35113,1.79,8.01,10.56,4.572,0,79.3,5.684,2.08,7.2,10.28,4.436,0,76.6,7.06,1.78,8.35,11.59,4.462,0,140.4,8.79,0,10.8,1.1,40.23609824,0.702252392,14,6.666666667
10/05/2015,35.35387,6.52,9.54,11.29,7.92,10.05,176.3,18.98,5.99,8.94,10.05,7.18,12.4,133.3,19.74,4.56,10.22,11.51,8.65,13.2,203,19.37,32.8,11.5,5,146.4601407,2.556211678,35,13.625
11/05/2015,35.35661,9.93,9.56,11.19,8.55,5.628,204.6,23.29,7.92,9.01,10.09,8.06,5.8,121.8,27.55,5.45,10.31,11.39,9.29,4.728,229.9,21.04,7,12.7,8.6,-166.2593585,-2.901773218,45,23.08333333
12/05/2015,35.35934,3.33,8.92,10.72,7.53,1.407,38.42,16.59,4.7,8.24,10.26,7.08,1.4,335,25.38,4.65,9.63,11.39,8.49,1.379,348,20.61,6.6,12.5,7.5,-106.4789834,-1.858408844,43,20.20833333
13/05/2015,35.36208,2.83,7.96,9.72,6.445,0,55.81,7.84,2.56,7.37,9.13,6.392,0,111.6,9.8,2.26,8.71,10.79,7.85,0,242.3,10.42,0,9.5,4.1,13.3515895,0.233029197,20,9.375
14/05/2015,35.36482,2.1,9.54,11.77,7.53,0,95.9,8.13,2.83,9.09,11.77,6.802,0,120.3,10.09,2.3,10.36,13.35,8.2,0.197,187.7,8.26,0,12.5,5.7,78.21711243,1.365146143,19,8.25
15/05/2015,35.36756,6.31,9.29,10.21,7.34,10.65,189.6,17.74,5.3,8.76,9.86,6.658,8,167.6,21.55,4.43,10.02,10.96,8.09,7.09,237.5,19.27,4.4,10.9,4.3,-155.9746696,-2.722271534,39,15.41666667
16/05/2015,35.37029,4.57,7.33,9.57,4.58,5.829,71.6,17.93,3.84,6.7,9.08,3.754,6,9.13,21.46,4.9,8.03,10.12,5.361,7.68,299.3,22.57,8.6,10.4,4.8,-117.0855902,-2.043529056,49,17.33333333
17/05/2015,35.37303,3.63,7.38,8.97,5.256,2.814,79.4,17.57,3.21,6.78,8.86,4.377,4,250.8,16.93,3.62,8.17,10.13,6.076,4.137,317.2,17.9,15.6,11.3,4.3,-123.2225926,-2.150639954,35,13.70833333
18/05/2015,35.37577,2.24,7.38,9.67,5.182,3.618,112.4,11.4,2.16,6.66,8.73,4.596,3.8,125.8,13.73,1.99,8.03,10.14,6.047,4.531,174.9,10.94,6.8,10.8,3.8,-116.8864627,-2.040053625,19,7.708333333
19/05/2015,35.37851,2.89,8.13,10.85,6.304,2.412,8.18,15.09,5.06,7.27,8.89,5.811,2.8,344.8,16.54,5.88,8.71,10.5,7.21,3.152,342.4,22.25,1.8,11.5,2.7,-45.78961112,-0.799179477,30,12.375
20/05/2015,35.38125,2.6,8.9,10.95,7.44,3.618,80.8,12.67,3.13,8.24,10,6.907,7,306.5,14.62,3.4,9.54,11.36,8.27,7.88,343.4,15.32,0.8,13.2,6.9,-82.86025071,-1.446184194,23,10.45833333
21/05/2015,35.38398,3.42,9.31,10,8.56,2.613,65.18,12.81,3.48,8.95,9.72,8.16,6.6,309.9,14.68,4.17,10.12,10.76,9.36,5.319,347.9,17.87,12,12.1,7.3,-122.9148505,-2.14526884,32,15.91666667
22/05/2015,35.38672,2.19,9.17,11.66,7.07,0,28.15,10.58,3.64,8.48,10.27,6.812,0,352.4,18.17,3.57,9.77,11.71,6.512,0,10.69,16.04,0,12.2,8.1,-85.37691258,-1.49010823,30,14.95833333
23/05/2015,35.38946,4.3,8.93,10.06,7.05,7.44,207.7,13.95,4.04,8.45,9.69,6.764,10,150.9,17.73,3.14,9.51,10.69,6.148,8.27,273,16.14,9,10.8,5,-148.7093075,-2.595467045,31,12.5
24/05/2015,35.39220,3.46,8.28,9.76,7.07,0.603,54.16,13.23,4.8,7.61,8.18,6.6,1.6,314.5,19.49,4.78,8.99,10.25,7.72,1.182,18.94,16.76,4.2,11.4,6.6,-103.7246461,-1.81033659,33,15.04166667
25/05/2015,35.39493,1.97,9.16,11.14,8.02,0.603,48.06,8.62,3.29,8.47,10.18,7.48,0.6,18.96,15.39,3.14,9.91,12.12,8.73,0.591,357.4,13.16,1.2,12.4,7.1,-80.91618631,-1.412253869,26,12.58333333
26/05/2015,35.39767,2.98,8.76,10.62,7.72,0.201,43.15,11.24,4.46,8.09,8.63,6.973,1,344.4,17.75,4.29,9.48,10.52,8.51,0.788,0.948,16.86,2.4,11.6,7.7,-94.02022198,-1.640962437,30,14.125
27/05/2015,35.40041,3.64,8.58,10.04,7.16,2.211,113.6,15.26,3.87,7.98,9.3,6.734,3.2,274.4,16.77,4.04,9.3,10.63,8.02,2.955,322.7,20.58,7.8,11.6,7.3,-133.3001889,-2.32652719,31,14
28/05/2015,35.40315,3.6,7.68,9.61,6.274,3.417,47.6,14.83,4.8,6.97,8.23,5.686,4.8,318.5,21.39,4.86,8.32,10.08,7.05,5.713,19.75,19.67,10.8,10.6,3.6,-109.9226706,-1.918512524,33,14.04166667
29/05/2015,35.40589,1.93,8.27,10.79,6.472,3.015,7.35,10.52,3.93,7.46,9.33,5.762,2,2.985,16.4,4.37,8.86,11.09,7.19,1.97,7.98,12.67,8.8,11.5,3.8,-73.29270261,-1.279198978,26,11.08333333
30/05/2015,35.40862,2.35,8.99,11.59,7.37,1.407,125.1,9.41,3.45,8.34,10.88,6.869,2,120.1,12.39,3.53,9.6,11.92,7.98,2.364,215.9,10.65,4.8,12.1,6.3,-96.54610497,-1.685047412,24,9.208333333
31/05/2015,35.41136,4.71,7.42,9.04,6.105,5.829,84.5,20.12,5.04,6.81,9,5.544,9.8,190.5,24.24,5.7,8.22,9.88,6.996,10.83,357.4,19.83,17,11,6.4,-166.8638308,-2.912323251,36,15.75
01/06/2015,35.41410,5.52,7.58,9.81,4.938,4.422,107.6,20.22,5.31,6.98,9.59,4.663,9.4,148.1,29.37,5.19,8.21,9.74,5.906,11.23,208.8,23.16,16.6,11.3,3.7,169.7800416,2.96322073,34,14.70833333
02/06/2015,35.41684,2.91,8.56,10.56,6.739,2.01,27.97,14.54,3.41,7.91,9.76,6.544,1.8,42.1,13.61,4.2,9.33,11.26,8.11,2.561,27.19,19.11,2.4,10.9,6.1,-37.06406025,-0.646889886,26,12.41666667
03/06/2015,35.41958,2.29,8.67,10.35,6.691,1.005,54.28,11.56,2.99,8.1,9.76,6.058,0.8,356.4,14.39,3.08,9.37,11.36,7.48,0.788,337,13.52,1.6,12.3,5.9,-102.5307125,-1.789498518,30,13.625
04/06/2015,35.42231,2.07,9.54,11.43,7.92,0,143.2,6.435,2.96,8.97,10.51,7.32,0,134.6,7.36,2.88,10.09,11.5,8.06,0,196.1,10.26,2.8,12.2,4.3,162.1380505,2.829842825,13,6.291666667
05/06/2015,35.42505,5.66,9.62,11.67,7.95,11.66,172.5,17.44,5.39,9.05,11.29,7.24,12.6,144.7,15.23,5.3,10.27,12.01,8.93,13.4,202.8,20.42,13.4,13,8.6,145.8794055,2.546075936,35,13.125
06/06/2015,35.42779,4.26,9.45,11.11,7.82,3.216,17.43,18.72,6.03,8.86,10.6,7.33,5.6,7.87,25.66,5.59,10.26,12.2,8.61,5.319,355.7,21.85,17.2,13.2,8.4,-125.8738886,-2.196913799,40,22.83333333
07/06/2015,35.43053,2.19,9.49,11.51,8.11,0.201,13.04,12.28,3.98,8.62,10.67,7.38,0.8,22.53,20.51,3.89,10.07,12.34,8.83,0.985,1.079,17.77,4.4,12.4,7.7,-68.22342034,-1.190723312,27,14
08/06/2015,35.43326,1.82,9.46,11.59,7.88,0.201,37.69,8.3,2.91,8.85,10.57,7.37,0.4,335.7,12.5,2.65,10.25,12.7,8.71,0.394,351.6,8.56,0.8,12.8,5.5,-88.35739628,-1.542127484,19,8.75
09/06/2015,35.43600,3.03,9.72,10.95,9,0,103.2,10.78,2.76,9.23,11.14,8.46,0,275,12.05,2.95,10.57,12.32,9.65,0,335,13.3,0,13,5.8,-122.8494031,-2.144126569,25,11.875
10/06/2015,35.43874,2.98,9.97,11.54,9.39,0,101.1,11.3,3.24,9.41,11.07,8.87,0,271.9,11.02,2.79,10.86,12.98,10.15,0,326.7,12.28,0,15.4,9.1,-118.6655359,-2.07110431,23,12.04166667
11/06/2015,35.44148,2.53,9.78,11.28,8.93,0,114.1,8.72,2.53,9.26,10.89,8.4,0,252.5,11.12,2.61,10.48,11.73,9.62,0,240,11.86,0,13.7,6.8,-125.2494678,-2.186015599,19,8.791666667
12/06/2015,35.44422,1.83,9.33,11.4,7.92,0.603,38.34,5.88,2.12,8.63,10.32,7.45,1,354.5,7.33,2.33,9.97,12.42,8.7,0.788,44.94,8.4,1.2,13.1,5.1,-36.62263809,-0.639185615,16,7.458333333
13/06/2015,35.44695,2.8,8.45,11.01,6.625,0.402,40.33,11.27,2.85,7.84,9.68,6.163,0.4,186.3,12.26,2.91,9.2,11.03,7.36,0.197,324,12.45,0.4,11.4,7.1,24.3068452,0.42423448,25,13.125
14/06/2015,35.44969,2.29,8.57,11.5,6.361,0.402,28.57,10.13,2.38,7.87,10.32,6.011,0.2,15.71,8.88,2.29,9.26,11.9,7.18,0.197,15.77,10.29,0,12.2,1.6,-41.09908134,-0.717314289,23,9.708333333
15/06/2015,35.45243,2.43,9.06,10.48,7.65,2.01,199.8,11.96,2.38,8.55,10.26,6.993,2,169,11.19,3.17,9.6,10.87,7.37,1.97,188.2,11.76,0,12.7,3.6,-173.3510097,-3.02554588,15,5
16/06/2015,35.45517,5.42,10.74,11.12,9.6,11.06,196.5,16.46,4.72,10.36,10.84,9.01,11,160.2,18.92,3.76,11.37,11.81,10.3,9.65,209.7,15.58,12.4,12.6,7.9,-174.7658151,-3.050238894,34,13.25
17/06/2015,35.45791,3.74,10.09,11.62,9,0.804,68.53,16.43,4.63,9.43,10.52,8.44,1,311.3,19.56,5.1,10.77,11.73,9.78,1.379,13.61,17.87,2,13.2,8.5,-111.8557251,-1.952250691,35,17.45833333
18/06/2015,35.46064,3.12,9.59,10.58,8.55,1.206,34.86,12.28,5.12,9.17,10.38,8,1.2,72.9,16.9,4.54,10.5,11.91,9.24,1.182,9.71,16.5,6.8,12.7,8.3,-90.01287182,-1.571020982,25,13.33333333
19/06/2015,35.46338,1.87,9.68,10.61,8.88,4.02,130.3,9.7,3.75,9.26,10.54,8.52,5.8,138.4,49.95,2.31,10.51,11.37,9.86,4.728,285,13.13,3.2,12.3,8.1,-99.24884257,-1.732219082,19,8.125
20/06/2015,35.46612,2.37,10.33,12.13,9.03,2.211,163.3,9.93,2.46,9.94,12.19,8.64,3.6,265.3,48.04,2.34,11.03,13.06,9.74,2.955,239.4,8.62,6.6,15.3,9.3,-160.3204914,-2.798120433,21,8.541666667
21/06/2015,35.46886,1.6,10.33,12.13,8.83,1.206,71.5,9.77,2,9.63,11.57,8.53,1.4,308.6,9.75,2.02,11.06,13.12,9.46,1.576,336.2,10.22,42.4,13.5,9.1,-168.445246,-2.939924151,16,6.75
22/06/2015,35.47159,2.89,10.44,11.94,9.74,0.402,35.81,14.41,3.16,9.73,11.12,9.14,0.4,283.4,14.05,2.98,11.13,12.89,10.4,0.394,312.7,18.13,2.6,12,9,32.90166976,0.574242467,24,14.20833333
23/06/2015,35.47433,2.25,9.84,10.97,9.31,0,65.21,7.38,1.85,9.28,10.62,8.73,0,105.4,7.34,1.69,10.62,11.83,10.1,0,283.5,6.566,0,11.5,8.5,38.54074682,0.672662928,17,8.375
24/06/2015,35.47707,3.38,8.95,9.64,8.23,6.231,74,6.925,3.07,8.37,9.2,7.66,11.2,112.4,9.03,2.1,9.7,10.32,9,11.23,194.6,10.26,0,11.5,8.1,45.60698616,0.79599207,13,7.041666667
25/06/2015,35.47981,2.2,10.71,12.18,9.23,7.24,140.6,8.53,3.42,10.18,11.33,8.94,10.4,139.8,46.89,3.01,11.36,12.56,10.04,5.713,196,10.45,3.4,14.3,9.4,128.5674402,2.243925143,17,7.833333333
26/06/2015,35.48255,3.82,11.99,13.92,11.16,1.809,187.9,17.77,3.5,11.19,11.85,10.63,2,118.7,16.3,2.89,12.38,13.57,11.88,6.107,203.1,15.29,6.2,16.3,11.4,165.1447229,2.882319157,22,11
27/06/2015,35.48528,4.26,11.77,13.44,10.77,6.03,202,14.67,3.81,11.1,12.02,10.25,6.2,140.1,14.81,3.21,12.32,13.55,11.46,NA,209.1,14.99,2,15.9,9.7,179.6719042,3.135866301,21,9.875
28/06/2015,35.48802,5.27,11.85,13.03,10.66,2.412,191.7,17.51,4.26,11.21,12.15,10.1,2.4,128.8,18.3,4.19,12.47,13.18,11.57,NA,204.8,17.18,16.8,16.8,11.6,-170.1023353,-2.968845816,28,13.75
29/06/2015,35.49076,4.45,11.78,12.81,11.15,2.01,188,10.94,3.27,11.09,11.81,10.58,2.8,105.9,13.95,3.26,12.36,13.08,11.83,NA,208.1,10.65,2.8,15.6,11,-166.6106516,-2.907904439,22,11.54166667
30/06/2015,35.49350,6.78,12.93,13.72,12.16,38.99,213.9,15.68,4.99,12.48,13.26,11.34,33.8,149.2,17.09,3.92,13.56,14.46,12.25,NA,217.3,16.2,34.4,17.5,11.3,162.1201118,2.829529735,27,9.875
01/07/2015,35.49624,1.78,12.69,14.39,11.65,4.422,244.3,9.73,2.25,12.48,14.68,11.3,3.6,70.7,27.09,1.3,13.28,14.82,12.05,NA,221.9,8.72,6,19.1,12.4,54.9232719,0.958591931,14,4.833333333
02/07/2015,35.49897,1.89,12.43,14.14,11.52,0,210.6,7.28,1.82,12.01,13.9,11.2,0,129.8,7.33,1.31,13.01,14.31,11.73,NA,227.9,6.468,1.2,16.7,12.7,58.6805538,1.024168871,12,3.916666667
03/07/2015,35.50171,2.66,13.52,15.72,11.92,0,129,10.39,2.58,13.35,17.23,11.22,0,123,14.09,2.04,14.8,18.25,12.6,NA,202.6,12.22,0,19.8,10.1,126.5151899,2.208106617,16,7.041666667
04/07/2015,35.50445,4.7,12.94,15.62,11.61,8.04,98.1,13.16,4.89,13.47,17.61,11.48,11.6,117.6,15.39,3.99,14.64,19.06,12.59,NA,199.3,16.92,8,16.8,12.2,116.0761913,2.025911721,37,15.66666667
05/07/2015,35.50719,1.77,12.43,14.44,11.6,0,134.7,9.08,2.08,12.04,14.4,11.18,0,142.9,9.01,1.87,13.4,15.14,12.27,NA,200.7,9.05,0,18,9.1,90.72698337,1.58348458,12,3.958333333
06/07/2015,35.50992,3.14,11.64,14.19,10.07,0.603,81.7,13.92,2.37,11.28,14.05,9.54,0.6,131.2,12.71,2.37,12.4,15.76,10.67,NA,235.1,12.28,0,18.1,10.1,102.8758746,1.795522732,21,7.541666667
07/07/2015,35.51266,4.73,11.51,13.34,10.52,26.13,40.46,17.41,3.96,10.97,12.5,10.16,38.2,243.6,17.36,3.85,12.25,13.97,11.45,NA,319.9,16.95,36.4,13.1,11,47.92961955,0.83652967,33,15.875
08/07/2015,35.51540,3.35,10.58,12.09,9.16,0.201,36.5,13.36,3.14,10.08,12.04,8.63,0.4,120.4,14.76,3.58,11.37,12.8,9.92,NA,354.4,17.35,2.6,13.3,9,-5.926627449,-0.103439163,29,15.75
09/07/2015,35.51814,1.58,10.73,12.78,9.11,0.201,114.6,7.15,2.37,10.07,12.35,8.67,0.4,111.9,8.13,2.33,11.45,12.8,10.02,NA,199.1,8.36,1.4,12.9,7.8,-46.65741382,-0.814325492,21,7.041666667
10/07/2015,35.52088,5.33,11.91,12.95,9.49,18.69,188.5,14.41,4.78,11.44,12.47,8.84,29,116.9,22.86,3.49,12.56,13.77,10.16,24.03,210.4,15.03,42.8,15.3,9.4,149.8107911,2.61469156,27,12.54166667
11/07/2015,35.52361,5.64,12.26,13.29,11.17,5.226,205.2,14.21,4.62,11.77,12.23,10.87,5,141.5,16.67,3.38,12.96,13.71,11.84,22.26,220.4,12.22,15,15.6,11.8,179.1998254,3.127626973,25,12.83333333
12/07/2015,35.52635,3.21,11.6,13.04,10.61,0.402,111,17.05,3.34,11.08,12.4,10.01,1.2,260,17.49,3.61,12.4,13.43,11.44,13.79,232.1,16.63,20.6,14.8,10.9,-134.1038435,-2.340553609,27,12.83333333
13/07/2015,35.52909,1.89,11.78,13.79,10.82,0.804,59.46,8.72,2.8,11.15,12.66,10.28,0.8,164.6,12.15,2.43,12.63,14.18,11.61,6.895,354.6,11.63,0.4,14.9,10.7,-118.1060177,-2.061338875,20,10.25
14/07/2015,35.53183,1.55,11.26,13.68,9.65,0.201,68.44,6.958,1.99,10.67,13.1,9.05,1,288.9,9.03,2,12.1,14.55,10.52,2.561,352.6,8.59,0.8,15,9.7,-127.2531139,-2.220985821,17,6.083333333
15/07/2015,35.53457,2.35,11.72,13.26,9.78,0.201,125.8,9.24,2.19,11.17,13.19,9.41,0.6,249.9,9.69,2.4,12.39,14.41,10.4,0.394,244.6,10.91,0.8,16.5,7.2,-139.5893002,-2.436292889,19,7.416666667
16/07/2015,35.53730,3.02,12.1,13.72,10.76,1.809,84.9,13.82,2.47,11.62,13.27,10.26,3.2,123.8,15.65,2.33,12.86,14.63,11.35,2.758,223,14.47,0,15.3,5.9,121.2574711,2.116342113,25,7.625
17/07/2015,35.54004,4.68,12.29,13.98,11.13,11.86,64.97,14.41,4.59,11.91,13.37,10.58,23,115.4,19.55,4.3,13.23,14.77,11.84,20.88,197.5,16.82,8.4,19.2,12.1,123.8781411,2.162081434,34,16.29166667
18/07/2015,35.54278,2.2,11.57,12.83,10.16,6.834,57.24,9.9,2.6,11.13,12.28,9.7,12.6,345.7,14.38,2.44,12.44,13.97,10.86,8.08,334.2,13.2,9.2,15.1,9.8,-51.85712201,-0.90507752,23,8.458333333
19/07/2015,35.54552,2.53,10.96,13.34,9.31,0,25.84,9.02,2.36,10.45,12.45,8.08,0,49,11.63,2.26,11.67,14.23,8.37,0,7.17,11.17,8,13.5,9.6,35.51903426,0.619924095,17,6.75
20/07/2015,35.54825,3.92,11.52,12.88,9.65,5.025,106.1,13.52,3.67,10.92,12.37,8.03,9.2,118.3,13.91,3.24,12.21,13.69,8.83,8.47,187,15.12,9.6,15.5,8.2,112.936803,1.97111906,19,7.333333333
21/07/2015,35.55099,2.89,11.88,13.84,10.25,1.407,71,14.24,3.6,11.28,12.86,9.68,1.6,301.7,19.64,3.75,12.7,14.21,11.1,1.576,354.6,16.99,2.4,15.5,9.7,-127.8182153,-2.230848701,30,13.83333333
22/07/2015,35.55373,4.9,11.67,13.02,9.64,4.221,166.2,17.48,4.28,11.11,13.03,9.29,5.6,333.2,20.9,5.19,12.37,13.63,10.67,5.122,203.3,21.63,NA,15.6,7.1,-156.0982962,-2.724429226,29,12.73913043
23/07/2015,35.55647,3.04,11.54,13.17,10.38,2.814,30.62,15.88,4.58,10.94,12.61,10.11,2.2,44.95,21.44,4.3,12.3,13.87,11.32,2.167,2.439,19.27,15.6,14.4,9.9,-110.1707809,-1.922842866,35,17.41666667
24/07/2015,35.55921,1.08,11.44,13.26,10.45,6.03,344.9,6.664,2.08,10.82,13.09,9.86,7.2,12.03,7.19,2.47,12.3,15.02,11.33,5.319,11.77,7.94,4.4,14.4,8.7,-122.0130228,-2.129528978,13,4.833333333
25/07/2015,35.56194,1.28,11.75,13.73,10.33,2.613,91.6,6.011,1.71,10.98,12.24,9.63,4.2,68.02,6.09,1.87,12.38,13.8,10.95,7.49,89.6,6.501,4.4,13.2,8.3,14.06641918,0.245505329,10,3.583333333
26/07/2015,35.56468,4.55,11.93,13.14,10.78,0.201,61.94,14.01,3.12,11.33,12.68,9.91,0.2,152.2,14.15,2.76,12.68,14.25,11.07,0,277.6,10.45,0,14.4,6.4,63.56187548,1.109364006,21,10.95833333
27/07/2015,35.56742,4.11,11.72,12.55,9.86,3.618,50.85,11.14,3.46,11.16,12.5,9.78,3.6,200.8,14.58,3.44,12.44,13.45,10.83,3.94,266.5,11.37,1.8,13.9,10.8,58.47801731,1.020633942,20,13.08333333
28/07/2015,35.57016,3.45,10.78,12.11,9.64,8.24,41.43,10.58,3.52,10.22,11.74,9.18,9.4,327.3,13.2,3.44,11.55,13.02,10.42,8.47,312.4,14.44,7.6,13.1,9.8,33.1068451,0.577823452,24,13.33333333
29/07/2015,35.57290,2.52,10.1,12.47,8.87,0.402,36.31,11.34,2.75,9.56,12.15,8.25,0.4,211.5,12.76,2.88,10.81,12.42,9.66,0.197,63.49,13.59,0.6,13.1,9,-11.61299022,-0.202684915,23,12.75
30/07/2015,35.57563,3.3,11.22,13.15,8.39,10.05,211.5,12.15,3.1,10.5,11.91,7.87,7.8,146.8,14.83,2.28,11.53,13.04,7.68,9.06,235.5,9.44,2.8,14.9,7.5,-126.5704879,-2.20907175,21,7.291666667
31/07/2015,35.57837,4.7,11.9,13.71,10.36,7.64,195.5,13.49,3.91,11.35,13.61,9.79,4.6,143,16.12,2.98,12.65,14.85,11.27,6.107,239.1,10.52,5.6,15.2,9.7,-162.2670916,-2.832095016,29,11.83333333
01/08/2015,35.58111,2.74,11.21,13.14,8.58,5.226,155.2,10.94,2.62,10.58,12.01,8.19,5,35.36,13.06,2.32,11.91,13.12,9.42,4.531,256.7,9.18,26.4,13.6,6.9,-164.4103115,-2.869501259,24,10
02/08/2015,35.58385,3.41,11.91,13,10.61,5.226,83.2,9.51,3.82,11.53,13.76,10.11,8.4,115.9,15.62,3.34,12.66,14.42,10.56,9.06,188.7,15.35,9,16.3,5.6,155.9942157,2.722612678,22,8.666666667
03/08/2015,35.58658,4.94,13.47,14.83,11.9,8.04,112.5,13.16,5.53,13.23,14.76,11.13,14.6,129.3,19.17,5,14.28,15.33,12.42,17.93,190,18.52,12,16.3,12.1,121.5070411,2.120697932,32,13.45833333
04/08/2015,35.58932,4.91,12.32,13,11.57,5.829,114.4,15.94,5.34,11.7,12.12,10.99,9.6,142.7,20.45,5.47,13.01,13.47,12.2,9.65,191.5,18.46,5.4,14.7,11.5,163.3969343,2.851814492,40,16.25
05/08/2015,35.59206,5.71,12.52,14.1,11.82,0.402,204,15.48,4.63,11.81,12.69,11.17,0.2,139.6,16.53,3.15,13.14,14.39,12.54,0.394,227.9,12.94,17.4,15.8,11.8,-170.4430813,-2.974792957,32,12
06/08/2015,35.59480,2.51,12.35,13.81,11.72,0,133.9,9.38,2.34,11.76,13.21,11.15,0.4,244.3,10.24,2.4,13.08,14.61,12.38,0.197,194.7,11.3,1.2,16.2,10.1,-144.9229279,-2.529382254,19,7.666666667
07/08/2015,35.59754,2.98,12.35,14.19,11.15,0.402,166.6,10.22,2.91,11.79,13.57,10.68,0,259.5,12.88,3.41,13.03,14.53,11.97,0.197,194.1,13.36,0.4,15,10.1,-152.0969871,-2.654593207,22,11.08333333
08/08/2015,35.60027,7.89,12.14,12.99,10.47,11.86,204.5,21.69,6.4,11.61,12.56,10.05,6.6,145.5,23.27,4.22,12.82,13.64,11.23,5.713,226.1,19.76,2.4,13.7,10.6,-166.3578642,-2.903492467,42,17.45833333
09/08/2015,35.60301,7.14,12.76,13.63,12.33,1.005,194.4,15.97,5.14,12.24,12.64,11.74,1.4,75.5,18.75,4.64,13.48,14.03,12.98,0.788,216.3,14.24,3.4,14.3,12.5,-161.6640719,-2.821570337,40,18.83333333
10/08/2015,35.60575,3.08,12.36,13.67,10.82,2.613,179.5,12.28,3.17,11.73,12.75,10.21,3.4,33.9,15.26,2.82,13.09,15.1,11.38,2.167,294.9,12.81,10.8,16.7,11.7,-162.7832273,-2.841103283,22,10.58333333
11/08/2015,35.60849,3,11.93,14.47,10.02,0,120,10.36,2.53,11.28,13.28,9.29,0.4,359.6,12.87,2.95,12.52,13.81,10.57,0.394,236.5,10.39,0.4,15.8,10.4,-120.261426,-2.098957847,22,9.875
12/08/2015,35.61123,4.81,12.48,13.86,10.97,0.804,192.4,11.34,3.4,11.82,13.12,10.37,2,70.1,15.35,3.91,13.13,14.1,11.73,1.182,231,12.61,0.8,15.1,11.3,-159.5841366,-2.785268617,28,13.375
13/08/2015,35.61396,6.72,12.41,13.36,11.8,2.01,209.1,15.68,5.51,11.78,12.48,11.22,2.4,128.1,18.41,3.8,12.91,13.83,12.01,1.576,225.1,11.17,0,17.3,10.8,-158.7685113,-2.771033271,32,14.375
14/08/2015,35.61670,2.45,12.49,14.56,11.16,0,181.5,8.49,2,11.94,14.03,10.54,0.4,145.5,9.84,2.29,12.4,14.02,11.17,0.197,180.8,9.93,1.2,14.9,11.6,-152.6439131,-2.664138866,22,6.458333333
15/08/2015,35.61944,2.39,11.71,14.02,9.95,3.417,156.4,10.88,2.12,11.16,13.38,9.7,3.2,243.5,11.74,2.13,11.69,13.36,9.47,3.152,217.9,10.39,0.4,16.1,8.9,-134.564565,-2.348594716,20,7.25
16/08/2015,35.62218,2.77,12.27,14.35,10.76,0,198.8,8.46,2.41,11.53,13.36,9.89,0,118.7,8.28,1.87,12.15,13.65,10.85,0,191.8,5.815,7.6,14.3,9.1,179.1667297,3.127049344,20,10
17/08/2015,35.62491,1.95,12.9,14.94,10.98,0,96.7,7.48,2.16,12.39,14.59,10.37,0,103.9,6.877,1.77,12.66,14.44,9.17,0,147.6,7.35,0,15.4,5.7,20.50217257,0.357830415,14,5.458333333
18/08/2015,35.62765,1.1,13.27,16,11.86,0,186,3.528,1.15,13.05,16.3,11.28,0,149.7,3.883,1.17,13.01,15.53,10.73,0.985,83.4,4.149,0.2,15,8.6,44.22924393,0.771945932,12,5.333333333
19/08/2015,35.63039,3.26,12.9,14.89,11.28,6.834,117.7,12.58,3.2,12.41,14.89,10.65,8.2,122.5,14.58,3.09,12.81,14.91,10.81,6.698,157.1,11.43,3.2,17.4,10.3,143.971328,2.512773702,20,6.166666667
20/08/2015,35.63313,5.6,13.4,14.54,12.23,5.025,209.2,18.75,5.66,12.82,13.79,11.56,3.6,152.2,20.3,5.43,13.3,14.38,12.12,3.743,175.1,21.82,3,16.8,12.1,170.7132301,2.979507943,31,12.95833333
21/08/2015,35.63587,8.47,13.59,14.92,12.77,0.201,211.8,16.24,7.66,12.85,13.99,12.31,0,133.1,21.37,3.74,13.44,14.47,12.87,0.197,195.1,13.2,3.4,16.9,13,-173.7486088,-3.032485295,33,16.25
22/08/2015,35.63860,5.38,13.51,15.29,12.44,0.201,210.1,14.5,4.76,12.84,14.47,11.74,0.6,146.8,20.89,2.85,13.25,14.3,11.88,0,188.8,12.15,2.4,17.5,12.1,177.3397231,3.095162063,27,11.875
23/08/2015,35.64134,4.96,15.62,19.88,12.48,15.88,45.51,16.04,4.57,16.42,21.26,12.06,19.6,96.7,22.14,4.54,17.08,22.6,12.76,18.32,153.1,20.02,8,21.4,12.2,77.43326863,1.351465488,30,15.625
24/08/2015,35.64408,5.41,14.14,16.67,12.25,0,105.1,18.85,5.25,13.9,17.99,11.71,0,130.7,18.47,5.84,14.36,18.25,12.26,0,157.4,18.49,0.4,18.8,13.1,139.7582114,2.439240946,36,13.41666667
25/08/2015,35.64682,3.24,12.82,15.54,11.37,0.804,151.7,13.59,3.02,12.15,14.48,10.93,0.6,131.7,13.59,2.48,12.77,14.39,11.52,0.197,177.5,13.3,0.2,14.8,11.3,179.2587327,3.128655099,15,6.125
26/08/2015,35.64956,3.98,12.85,15.24,11.05,1.809,168.4,11.37,3.24,12.1,13.75,10.48,4,121.9,15.24,2.53,12.7,14.26,11.13,3.546,193.6,11.01,30,12.8,7.6,155.5547409,2.714942395,18,6.208333333
27/08/2015,35.65229,4.11,12.55,14.11,11.39,2.613,157.4,11.86,3.29,11.95,13.48,10.81,2.8,21.78,14.83,3.61,12.55,13.84,11.37,3.743,205.7,13.33,7.2,15.1,11.2,-150.8044107,-2.632033493,22,10.91666667
28/08/2015,35.65503,7.22,13.08,14.68,11.19,3.417,202.1,16.59,6.31,12.33,13.33,10.72,3.4,114.9,21.1,3.99,13.07,14.28,11.35,3.152,192.6,11.11,5,15.7,11,-167.4952313,-2.923343267,31,15.66666667
29/08/2015,35.65777,4.71,12.95,13.96,11.81,0.201,169,15.84,4.19,12.31,13.51,11.24,0.4,294.7,20.05,5.31,12.99,13.79,11.94,0,162.7,18.88,9.8,15.7,11.4,-154.1805267,-2.690957834,29,15.66666667
30/08/2015,35.66051,2.49,12.35,14.25,10.59,2.01,46.41,12.71,2.71,11.76,14.31,9.97,4,87.6,14.68,2.95,12.44,14.79,10.68,2.561,350.8,14.83,1.6,16.3,11.2,-105.4648095,-1.840708172,22,11.54166667
31/08/2015,35.66324,2.85,11.12,13.22,10.03,0.402,44.18,11.24,2.59,10.57,12.79,9.44,0.2,155.6,10.34,3,11.06,12.4,10,0.197,36.46,11.79,3.6,13.3,10.5,-4.260960142,-0.074367784,18,8.375
01/09/2015,35.66598,2.55,10.7,12.14,9.79,0.402,34.35,10.42,2.57,10.05,11.32,8.97,1,166.3,12.54,2.97,10.67,11.73,9.72,0.591,30.9,12.32,0.4,13.4,9.3,-8.247299711,-0.143942534,24,12.625
02/09/2015,35.66872,3.65,10.2,12.4,8.1,0.804,46.15,13.98,2.91,9.63,11.79,7.4,0.8,120.3,11.28,3.71,10.19,11.78,8.13,0.394,0.032,16.43,1.6,12.8,7.8,-7.054285766,-0.123120513,29,15.41666667
03/09/2015,35.67146,3.72,10.95,12.53,10.07,1.206,39.57,16.33,3.78,10.36,11.64,9.6,1.4,204.2,16.65,4.28,10.97,11.92,10.19,1.379,34.45,19.44,0.2,11.4,9.1,-10.83221146,-0.189057755,28,14.45833333
04/09/2015,35.67420,3.13,11.63,14.38,9.96,1.407,25.85,17.71,4.45,10.95,12.68,9.41,1.6,355,14.97,4.72,11.56,13.58,10,1.576,354.6,18.13,0.6,13.6,9.4,-36.623856,-0.639206872,29,13.125
05/09/2015,35.67693,1.99,11.11,13.05,9.61,0.804,35.63,12.28,2.72,10.45,12.5,9,1.2,20.06,10.49,2.84,11.04,13.14,9.74,0.788,343.6,11.53,0,12.7,8.6,-45.36186585,-0.791713914,19,10.20833333
06/09/2015,35.67967,1.31,11.72,13.46,10.59,1.407,19.31,7.87,2.95,11.04,12.8,10.09,2.6,6.24,12.32,3,11.71,13.68,10.64,1.97,332.6,10.78,0.8,14.4,8.2,-80.82251045,-1.410618917,27,11.29166667
07/09/2015,35.68241,1.11,10.8,12.05,10.03,0.402,168.5,4.769,1.25,10.17,11.91,9.34,0.8,151,4.94,1.28,10.71,11.98,10.07,0.394,192.4,5.488,0.2,14.2,8.3,-146.0019524,-2.548214784,11,4.166666667
08/09/2015,35.68515,3.22,11.71,13.51,9.54,0.402,195.4,12.15,3.09,11.09,13,8.98,0.6,156.2,10.54,4.32,11.78,13.85,9.61,0.394,161.6,14.31,0,14.5,9,134.5458635,2.348268313,15,6.208333333
09/09/2015,35.68789,4.56,13.32,15.01,12.3,0,197.7,15.55,5.29,12.56,13.9,11.65,0,145.5,16.54,7.34,13.2,13.8,12.53,0,161.3,16.4,0.4,15.7,7.3,171.5751546,2.994551362,19,6.333333333
10/09/2015,35.69062,4.65,13.83,15.04,12.68,0,146.3,15.61,5.67,13.13,14.08,11.96,0,141.2,17.69,6.68,13.67,14.35,12.8,0,159.1,16.4,0,18.6,11,126.3716776,2.205601856,21,9.166666667
11/09/2015,35.69336,4.46,14.19,14.86,13.43,0,97.4,14.86,5.35,13.47,14.57,12.81,0.2,135.2,15.04,5.38,13.9,14.41,13.25,0,156.8,13.3,0,17.4,10.5,125.8343318,2.196223402,26,13.66666667
12/09/2015,35.69610,4.65,12.94,14.82,11.84,2.412,79.9,10.58,4.15,12.45,13.61,11.43,5.4,121.4,16.48,3.81,13.16,14.42,12.13,4.925,158.6,17.12,1.6,14.6,11.7,114.5020774,1.998438251,30,16.66666667
13/09/2015,35.69884,3.38,11.56,12.55,9.86,2.613,164.8,12.71,2.75,10.99,11.84,9.4,4.4,220.2,12.12,3.06,11.53,12.44,8.49,4.728,207.6,15.48,8,13.4,10.1,-170.1944966,-2.970454335,43,19.83333333
14/09/2015,35.70157,3.59,12.12,14.73,10.24,0,41.93,11.73,2.73,11.45,14.02,9.2,0.2,135.2,11.04,2.96,12.02,14.2,8.35,0.197,309.5,13.26,0,14.2,5.5,22.65751262,0.395448195,28,10.29166667
15/09/2015,35.70431,2.2,11.09,12.13,9.93,6.432,29.83,13.3,3.67,10.59,11.61,9.56,9.2,341.6,18.04,3.82,11.14,11.99,10.21,7.68,317.8,15.94,2.4,14.5,10.2,-121.8505315,-2.12669297,27,13
16/09/2015,35.70705,1.11,12.13,14.02,11.29,0.402,115.9,5.913,1.63,11.54,13.33,10.86,0.6,123.6,19.42,1.68,12.17,13.63,10.98,0.197,150.8,6.37,0,15.1,9.1,174.7644192,3.05021453,18,7.5
17/09/2015,35.70979,1.78,11.97,13.44,10.82,1.407,5.166,8.3,2.15,11.41,12.99,10.44,1.8,341.5,9.87,2.01,11.93,13.84,10.08,2.167,351.9,10,11.2,13.2,8.3,-143.2291913,-2.499820973,16,4.125
18/09/2015,35.71253,2.18,12.5,14.38,11.23,0,42.73,8.17,2.08,11.72,13.15,10.87,0,9.71,9.43,2.39,12.29,14.02,10.51,0,345.5,10.29,0,14.5,7,-53.03882035,-0.925702046,15,6.166666667
19/09/2015,35.71526,3.71,12.23,13.93,11.23,0.402,201.8,12.32,3,11.55,12.9,10.59,0.4,147.4,13.54,2.39,12.2,13.21,11.23,0.394,197.7,13.98,0.4,14.2,7,-145.0283392,-2.531222028,21,7.125
20/09/2015,35.71800,5.6,12.49,13.25,9.39,11.26,210.8,16.27,4.59,12.04,12.67,10.67,9.2,175.2,28.6,3.47,12.55,13.35,10.67,7.68,193.2,14.99,9.2,13.7,11.3,-177.9109551,-3.105131942,28,12.91666667
21/09/2015,35.72074,1.71,11.28,13.01,9.77,0.402,55.48,7.28,2.01,10.71,12.02,9.4,1.6,316.3,8.71,2.11,11.34,12.62,10.39,0.788,307.6,9.34,6.8,14.8,7.6,-117.5389181,-2.051441121,19,7.541666667
22/09/2015,35.72348,2.32,11.53,13.59,9.95,0,26.05,11.96,2.61,10.86,12.59,9.84,0,324.6,15.4,2.54,11.56,13.45,10.57,0.197,266.6,9.73,0.4,13.4,7.2,-56.14652844,-0.979941785,22,10.08333333
23/09/2015,35.72621,5.06,11.3,12.49,9.68,5.025,155.4,15.26,4.32,10.72,12.28,9,5.4,146.3,19.89,4.1,11.32,12.71,9.62,4.728,202.9,14.96,5.2,14,6.8,-144.3950271,-2.520168646,32,13.875
24/09/2015,35.72895,4.15,10.74,12.25,8.68,2.814,68.66,16.2,4.48,10.11,11.82,8.11,7,261.5,20.26,4.59,10.77,12.23,8.86,4.728,305.9,18.91,13.2,12.5,6,-135.4932586,-2.364803476,23,10.70833333
25/09/2015,35.73169,2.98,11.5,13.27,9.81,0.804,89.8,14.77,3.57,10.85,12.59,9.3,1.6,210.3,19.41,3.3,11.52,13.32,10.05,2.955,298.2,15.52,7.4,13.3,7.9,-106.6226952,-1.860917089,29,10.5
26/09/2015,35.73443,6.53,13,14.18,12.26,0,212,14.67,4.88,12.4,13.25,11.61,0,151.8,16.48,3.78,13.02,13.59,12.34,0.197,186.6,13.33,0,14.5,10.8,-166.7427528,-2.91021004,23,10.79166667
27/09/2015,35.73717,7.35,12.94,13.48,12.2,2.211,217.9,15.88,5.52,12.39,12.99,11.65,1.6,161,14.08,4.03,13.02,13.61,12.26,1.379,190.9,13.79,2.6,13.9,12.4,-169.5836077,-2.959792313,27,15.08333333
28/09/2015,35.73990,7.74,13.28,14.04,12.47,0.201,217.5,17.93,5.83,12.79,13.64,11.89,0,160.9,15.44,4.55,13.39,14.1,12.54,0.197,186.2,18.52,0,15.3,12.4,-167.9183694,-2.93072842,35,17.45833333
29/09/2015,35.74264,5.65,12.84,13.74,11.89,0,202.6,15.78,3.94,12.34,13.25,11.35,0.2,64.75,21.61,3.17,12.98,13.94,12.06,0,191.5,12.22,0,16.8,10.2,-157.0610599,-2.741232622,32,14
30/09/2015,35.74538,1.75,12.17,13.5,11.67,0,153.3,6.435,1.69,11.65,13.25,11.05,0,246.6,7.14,1.69,12.26,13.81,11.85,0,196.7,7.74,0,16.1,7.3,-119.3634562,-2.083285317,16,5.833333333
01/10/2015,35.74812,2.82,11.36,12.35,10.64,0,151.8,12.74,2.89,10.71,11.51,10.01,0,238.1,14.98,2.78,11.37,12.23,10.73,0,199.7,14.67,0,15.1,4.7,-142.4046198,-2.485429486,20,7.75
02/10/2015,35.75086,2.51,11.18,11.58,10.62,0,81.8,11.73,2.48,10.58,11.03,9.95,0,274.4,11.7,2.44,11.18,11.55,10.59,0,278.9,10.75,0,12.6,9.1,-130.6799504,-2.280795401,24,9.083333333
03/10/2015,35.75359,3.13,11.49,12.8,10.38,0.402,99,10.42,2.52,10.87,12.22,9.69,0.6,250.5,11.39,2.99,11.47,12.68,10.41,0,284.1,12.22,0,12.8,9.4,-140.4277317,-2.450926279,21,8.375
04/10/2015,35.75633,3.44,11.93,13.43,10.86,0,153.7,12.64,3.91,11.34,13.35,10.15,0.2,138.5,12.96,5.04,11.91,12.9,10.79,0,166.4,12.87,0,14.5,9.2,179.6261968,3.135068557,14,6.666666667
05/10/2015,35.75907,4.66,11.89,12.88,11.08,1.407,90.9,11.47,4.07,11.34,12.47,10.63,3.8,129.4,14.43,4.07,11.92,12.88,11.14,0,178.4,11.34,8.2,13.7,8,115.3031524,2.012419647,27,12.125
06/10/2015,35.76181,2.92,11.55,12.57,9.72,6.231,212.7,11.37,2.8,11.09,12.02,9.15,6,165.5,11.07,2.33,11.6,12.58,9.5,0.197,237.4,10.91,10.4,16.5,12.1,172.872772,3.017199059,22,8.583333333
07/10/2015,35.76454,2.52,11.26,13.24,9.49,0.402,152.6,8.23,2.11,10.54,12.49,9.1,0.2,247.8,8.57,2.36,11.11,12.66,9.83,0.197,186.4,10.06,1.8,14.8,5.4,-126.4956254,-2.207765152,15,4.833333333
08/10/2015,35.76728,5.92,11.68,13.4,9.82,1.407,202.3,18.65,4.66,11.05,12.69,9.08,0.8,137.5,20.32,3.58,11.7,12.96,9.48,0.197,189.2,12.81,0,14.4,4.5,-151.6426643,-2.646663779,33,12.125
09/10/2015,35.77002,3.97,11.57,12.55,10.28,23.72,196.4,15.75,3.47,11.09,12.04,9.72,24.8,136.8,18.6,2.23,11.58,12.66,10.3,0,206.5,11.79,15.2,13.2,11.7,-168.3274305,-2.937867885,31,15.29166667
10/10/2015,35.77276,5.75,12.32,13.19,11.88,8.04,213,14.31,4.6,11.75,12.3,11.35,7.8,152.6,17.45,3.18,12.34,13.25,11.83,0.197,185.4,12.38,2.8,13.3,11.8,173.1422668,3.02190263,20,9.666666667
11/10/2015,35.77550,3.45,11.31,12.63,9.42,5.226,229.1,11.56,3.65,10.79,11.99,8.84,5.6,152.8,12.62,3.38,11.36,12.62,9.24,0,219.3,12.18,17.8,13.2,8.8,-176.0249209,-3.072214435,27,6.833333333
12/10/2015,35.77823,1.68,9.93,12.59,8.33,1.005,332.7,8.26,2.85,9.31,10.95,7.9,0.6,343.6,13.09,2.54,9.53,11.58,7.01,0,331.1,11.47,1.8,12.3,5.1,-61.11082763,-1.066585151,21,8
13/10/2015,35.78097,4.93,10.77,12.25,9.03,0,216.8,12.74,4.26,10.17,11.43,8.67,0,157,19.21,2.83,10.53,11.88,6.824,0.197,212.7,9.93,0,12.1,3.4,-138.3270733,-2.414262873,25,6.583333333
14/10/2015,35.78371,7.82,11.72,12.6,11.01,0,213.3,14.67,6.78,11.13,11.91,10.57,0,141,20.56,3.96,11.74,12.4,11.18,0.197,202.9,9.96,0,12.7,10.6,-164.9872753,-2.879571179,27,15.45833333
15/10/2015,35.78645,6.46,12.04,12.84,11.61,0,217,14.05,4.81,11.44,12.02,11.1,0,150.9,14.95,3.4,12.06,12.69,11.73,0.197,196.3,11.76,0,12.4,10.9,-170.4163923,-2.974327144,27,13.83333333
16/10/2015,35.78919,2.36,11.8,13.81,10.51,0,191.7,8,1.98,11.01,12.19,9.69,0,215.8,10.48,1.56,11.46,13.04,8.31,0,210.8,5.325,0,15.2,8,-125.3744893,-2.188197637,10,3.583333333
17/10/2015,35.79192,1.01,10.86,13.79,9.41,0,341.7,2.744,1.56,10.3,13.92,8.63,0,288,4.2,1.32,9.76,12.75,7.12,0.197,6.955,3.365,0,13.4,3.9,-18.11191373,-0.316112528,7,2.333333333
18/10/2015,35.79466,2.32,11.07,11.83,10.02,0,206,7.48,1.79,10.43,11.12,9.23,0,163.4,8.05,1.43,11.02,11.73,9.11,0,201.8,6.435,0.4,11.5,3.3,-128.8652673,-2.249123206,8,2.958333333
19/10/2015,35.79740,3.99,11.09,12.43,10.29,1.407,175.6,15.78,3.6,10.49,11.67,9.74,1.8,107.7,16.63,3.51,11.12,12.01,10.41,0.197,210.2,15.12,13.6,12.7,8.3,-143.9974119,-2.513228952,24,8.5
20/10/2015,35.80014,5.55,11.18,12.47,9.83,14.67,164.4,20.02,5.22,10.65,12.08,9.21,13,109.7,28.41,4.11,11.2,12.57,9.84,0.197,223.1,16.5,9.2,12.1,7.2,-145.2286,-2.534717237,41,13.95833333
21/10/2015,35.80287,5.64,11.8,12.52,10.17,2.613,137.7,24.86,5.14,11.31,12.08,9.59,5.8,305,31.2,5.91,11.89,12.7,10.24,0.197,182.3,28.52,5.2,13.7,11.1,-134.6233895,-2.349621398,43,19.20833333
22/10/2015,35.80561,6.2,10.65,11.44,9.86,2.814,73.8,25.51,6.55,10.09,11,9.46,9.2,301,33.25,7.34,10.7,11.65,10.02,2.167,319.3,30.35,7,11.9,8.9,-111.9458323,-1.953823358,53,24.625
23/10/2015,35.80835,7.41,10.84,12.45,9.38,7.84,183,23.62,6,10.26,11.94,8.73,5.4,136.3,26.27,4.71,10.87,12.54,9.3,36.44,218.3,17.97,5.6,12.4,9.3,-152.122201,-2.655033273,44,20.70833333
24/10/2015,35.81109,4.31,8.26,10.01,5.543,4.824,62.41,20.61,3.42,7.66,9.39,5.125,3.4,326,22.36,3.96,8.23,10.1,5.664,3.546,270.7,20.97,8.8,9.9,4.9,-128.2865291,-2.239022318,37,11.625
25/10/2015,35.81383,7.48,10.12,11.38,6.93,13.67,197.7,19.27,6.09,9.52,10.85,6.485,13.6,139.7,26.98,5.17,10.19,11.49,6.936,11.62,191.8,19.08,20.8,11.2,3,-149.4796593,-2.60891222,39,16.66666667
26/10/2015,35.81656,5.4,11.5,12.27,10.62,0.804,143.6,18.42,5.78,10.79,11.38,9.93,1.6,141.8,16.36,7.32,11.55,12.07,10.55,1.182,151,20.19,1,14.1,10.3,143.2034141,2.499371076,32,13.33333333
27/10/2015,35.81930,2.61,12.59,13.93,11.1,1.206,59.06,8.66,3.25,12.29,14.71,10.41,1.6,105.3,11.17,2.87,12.98,15.28,11.1,1.379,131.9,12.32,0.8,14.7,10.3,77.68644393,1.355884231,19,6.666666667
28/10/2015,35.82204,2.89,11.84,13.4,11.45,1.005,119.3,10.75,3.52,11.13,12.46,10.6,1.4,134.1,10.64,3.86,11.83,13.18,11.45,1.182,150.9,11.89,1.2,13.6,11.2,122.1056161,2.131145035,24,9.75
29/10/2015,35.82478,5.79,10.71,12.01,7.1,5.829,167.9,23.81,5.38,10,11.22,6.425,6,129.3,24.06,6.22,10.81,12.06,7.1,5.516,170.4,22.28,6.8,12.8,6,168.3825097,2.938829196,31,13.375
30/10/2015,35.82752,5.39,11.7,12.59,10.81,8.44,174.8,19.34,5.7,11.04,12.02,10.16,9.2,153,18.81,7.85,11.74,12.68,10.78,8.47,157.5,20.87,0.8,13.1,8.5,150.501882,2.626753372,28,12.95833333
31/10/2015,35.83025,7.05,11.66,13.63,9.96,5.427,188.1,25.06,5.76,11.1,13.1,9.57,4.8,144.5,32.4,6.75,11.73,13.69,10.02,3.94,172.2,23.81,2.6,15.6,10.5,-158.1027131,-2.7594129,45,19.79166667
01/11/2015,35.83299,8.19,11.67,12.26,11.08,0,199.7,20.35,5.55,11.13,11.8,10.47,0.2,78.8,24.88,5.34,11.78,12.39,11.19,0,194.1,14.86,0,12.4,10.2,-156.2274974,-2.726684212,40,21.08333333
02/11/2015,35.83573,6.81,11.92,13.09,11.32,0,206.2,15.26,5.7,11.39,12.46,10.76,0.2,118.3,19.71,3.87,11.98,12.88,11.38,0,187.8,17.9,0,13.5,11.7,-158.3018243,-2.762888045,36,16.20833333
03/11/2015,35.83847,2.59,10.67,11.64,9.45,8.24,149.9,10.65,2.8,10.11,11.08,8.82,8.2,21.8,46.69,2.21,10.61,11.59,9.3,11.62,156.8,8.59,2.8,12.4,10.6,-151.4548585,-2.643385949,24,9.375
04/11/2015,35.84120,1.51,10.8,11.83,9.92,0,76.7,7.77,1.42,10.27,13.22,9.26,0.4,122,8.34,1.63,10.76,13.05,8.73,0.197,144.3,7.94,0.2,11.8,9,102.1245685,1.782409967,14,5.833333333
05/11/2015,35.84394,3.74,11,11.75,9.94,0.804,202.5,11.43,3.56,10.36,11.19,9.42,0.6,160,11.77,4.71,11.04,11.75,10.16,0.591,165.1,12.02,0,11.9,9.6,166.1664181,2.900151102,17,7.166666667
06/11/2015,35.84668,5.97,11.45,12.06,10.19,10.45,193.7,18.13,4.99,10.89,11.51,9.51,9.4,164.8,22.86,6.6,11.55,12.18,10.28,8.86,165.9,24.5,4.4,13,8.8,-171.9903525,-3.001797932,33,14.58333333
07/11/2015,35.84942,3.76,10.14,11.35,8.14,1.005,168,16.76,3.46,9.48,10.55,7.43,1.2,258.3,18.81,3.95,10.16,11.22,8.11,0.985,182.5,17.9,5.6,11.6,6,-140.4378937,-2.45110364,32,11.375
08/11/2015,35.85216,6.85,9.37,11.6,6.061,7.84,163.7,24.21,5.76,8.68,11.04,5.808,6.4,166.2,27.53,7.51,9.38,11.69,6.3,6.895,184,27.83,16.8,12.1,5.4,-153.2196436,-2.674187259,45,18.66666667
09/11/2015,35.85489,6.49,9.94,11.56,7.88,23.32,145.1,27.31,5.01,9.35,11.26,7.11,19,170.2,28.45,5.42,10.01,11.79,7.96,17.53,219.5,27.47,30,10.8,5.3,-136.9007678,-2.389369147,53,18.16666667
10/11/2015,35.85763,4.62,10.5,11.31,8.47,4.221,105.7,18.88,3.79,9.91,10.68,8.24,4.2,259.2,20.26,4.53,10.53,11.32,8.69,4.334,190.5,17.12,5.2,11.4,7.3,-126.8795089,-2.214465183,34,13.45833333
11/11/2015,35.86037,4.81,9.57,11.11,6.219,13.87,155.4,21.59,4.42,8.96,10.32,5.769,16.2,233.7,22.95,4.87,9.63,10.91,6.329,15.76,166.3,23.94,7.4,10.9,6.7,-147.8821886,-2.581031096,36,13.54166667
12/11/2015,35.86311,8.89,8.92,11.41,5.285,58.09,165.4,35.9,7.56,8.29,10.97,5.029,33.6,156.2,38.58,8.66,9.03,11.63,5.502,35.85,182.4,42.34,30.4,11.6,5.9,-156.326473,-2.728411661,57,25.20833333
13/11/2015,35.86585,6.15,6.97,8.39,5.145,4.221,61.67,29.3,6.04,6.41,7.88,4.318,4,330.5,29.68,7.17,6.99,8.25,4.886,3.152,308.3,26.69,14.6,8,3.6,-114.5887557,-1.999951073,63,21.58333333
14/11/2015,35.86858,3.76,7.34,8.04,6.132,1.407,52.71,17.67,4.05,6.75,7.59,5.55,1.6,325.1,29.54,4.04,7.22,8.06,5.684,1.576,355,24.21,5.6,7.6,2,-98.57480587,-1.720454922,42,12.45833333
15/11/2015,35.87132,6.05,9.26,11.92,7.34,9.05,101.1,18.33,5,8.63,11.46,6.684,10.2,148.9,24.79,4.21,9.21,11.85,7.54,8.47,192.3,21,17.6,12.6,1.9,127.1689692,2.219517219,33,14.54166667
16/11/2015,35.87406,8.16,7.65,9.12,5.324,18.29,85.2,29.86,7.09,7.04,8.45,4.707,19.4,272,37.14,7.84,7.68,9.27,5.3,13.99,287.3,39.27,15.6,12.9,3.8,-125.4423531,-2.189382084,60,27.5
17/11/2015,35.87680,4.32,8.13,9.16,7.26,1.809,57.88,18.49,4.29,7.55,8.45,6.693,3.2,320.2,28.6,4.59,8.11,8.85,7.3,2.167,309.6,25.9,17.6,8.6,6.3,-113.3252761,-1.977899194,53,16.5
18/11/2015,35.87953,3.41,8.6,10.05,6.811,9.65,118.2,22.05,3.94,7.99,9.44,6.665,8.8,341.8,24.78,4.25,8.61,10.1,7.48,10.44,275.2,20.94,21.2,10.6,4.7,-134.3177688,-2.344287309,27,10.54166667
19/11/2015,35.88227,3.16,7.66,8.96,5.625,2.412,29.14,11.86,3.23,7.18,8.4,5.256,2,103.1,14.71,3.55,7.75,8.87,6.028,3.349,343.3,15.22,24.8,8.9,3.2,-60.69606812,-1.059346232,19,8.375
20/11/2015,35.88501,3.34,4.42,6.096,0.888,12.46,6.808,22.64,4.4,3.99,5.531,0.449,9.8,303.4,25.62,4.33,4.67,6.248,0.864,9.46,272.4,24.27,5.6,5.3,1.8,-33.27656899,-0.580785693,51,13.95833333
21/11/2015,35.88775,2.35,5.74,7.68,2.281,4.824,355.1,16.3,4.34,5.3,7.18,1.83,4.8,348.2,19.54,4.3,5.91,7.8,2.612,4.925,319.7,16.76,4,6.4,-0.2,-81.34816494,-1.419793319,29,10.125
22/11/2015,35.89049,3.02,7.22,8.39,6.096,0.804,45.05,15.81,3.32,6.64,7.65,5.389,0.6,259.7,20.56,3.48,7.29,8.31,6.067,0.788,339.1,20.68,1.2,6.8,2.1,-72.41780754,-1.263929179,27,9.541666667
23/11/2015,35.89322,4.7,8.55,10.52,6.284,4.221,75.3,16.33,5.45,8,10.04,5.749,7.2,279.4,24.19,5.79,8.53,10.5,6.31,5.713,351.7,22.25,4.2,10.8,4.3,-127.9456762,-2.233073314,30,14.29166667
24/11/2015,35.89596,3.44,7.56,8.69,5.757,2.412,9.33,15.75,5.95,7.03,8.23,5.256,3.4,0.882,23.37,5.8,7.58,8.81,5.926,3.152,337.2,19.5,9.6,7.6,4,-91.47932212,-1.596615368,37,13.79166667
25/11/2015,35.89870,2.16,8.7,9.38,7.81,3.216,348,10.75,4.98,8.14,8.73,7.13,3.6,10.39,21.3,4.83,8.7,9.34,7.76,2.955,334.7,15.19,2.2,9.1,4.5,-72.03318352,-1.257216223,29,10.41666667
26/11/2015,35.90144,4.32,10.42,11,9,2.412,85,17.9,3.96,9.99,10.59,8.52,4.2,305.6,22.76,4.73,10.46,11.14,9.05,2.364,253.7,23.72,2.6,11.6,6.8,-126.640253,-2.21028938,32,15.66666667
27/11/2015,35.90418,5.54,5.93,10.98,1.729,8.64,62.21,19.34,5.84,5.34,10.49,1.219,13,337.9,24.18,6.41,5.88,11.09,1.753,10.64,340.5,21.92,24,11.9,1.3,-116.4875066,-2.033090528,36,17.33333333
28/11/2015,35.90691,5.19,5.2,7.25,2.958,6.633,69.82,19.47,4.55,4.47,6.426,2.272,11.2,330.5,26.11,5.15,5.14,7.14,3.088,9.46,291.1,24.04,15.6,5.8,1.4,-119.9351317,-2.093262937,35,14.5
29/11/2015,35.90965,5.39,4.28,5.542,2.129,4.02,37.73,20.87,6.91,3.76,5.134,1.388,7.8,328.5,28.18,7.05,4.28,5.604,2.208,6.107,347.8,26.72,16.4,4.4,0.6,-97.89293777,-1.708554079,46,19.33333333
30/11/2015,35.91239,3.57,4.79,6.002,2.576,2.01,20.72,16.1,5.04,4.27,5.246,1.989,2,356.7,22.75,4.99,4.83,6.047,2.734,2.364,343.8,26.72,4.4,5,1.4,-99.98699511,-1.745102274,43,14.58333333
01/12/2015,35.91513,7.72,9,11.8,4.397,22.71,169.1,25.25,6.69,8.37,11.4,3.704,29.4,126.6,36.85,6.8,9.14,12.1,2.997,20.88,177.6,21.66,43.6,12.2,0.4,-166.0161205,-2.897527914,51,17.54166667
02/12/2015,35.91786,5.88,7.21,11.43,4.883,9.05,104.7,25.64,5.5,6.57,11.08,4.1,12.8,302.7,35.04,5.45,7.28,11.63,4.876,4.334,269,22.31,11.8,12.5,2.8,-130.1914195,-2.272268927,55,19.625
03/12/2015,35.92060,6.71,7.22,8.52,4.545,3.216,185.1,18.23,4.84,6.53,7.94,3.865,3.6,79.4,25.21,4.85,7.39,8.65,4.624,3.94,198.7,23,1.6,7,1.9,-151.6725858,-2.647186007,31,11.70833333
04/12/2015,35.92334,8.73,8.81,10.75,6.136,33.97,157.6,27.54,7.03,8.24,10.36,5.655,31.4,108.4,30.8,6.76,8.91,10.99,6.248,22.65,205,28.42,41.8,11.4,3.2,-138.460215,-2.416586635,57,23.20833333
05/12/2015,35.92608,5.27,6.12,8.33,3.984,2.814,71.1,22.38,3.87,5.38,7.69,3.28,2.8,320.6,24.84,5.34,6.13,8.37,4.078,2.167,266.2,24.73,12.6,10.1,4.1,-121.6661882,-2.123475572,46,17.20833333
06/12/2015,35.92882,4.36,6.53,7.43,4.459,0.603,37.92,18.69,4.17,5.92,6.865,3.969,0.6,352.3,22.54,4.59,6.43,7.67,4.694,1.379,321.6,20.51,3.6,7.1,3.1,-109.9871282,-1.919637522,37,14.75
07/12/2015,35.93155,6.71,9.65,12.01,6.354,6.633,141.3,25.28,7.45,8.92,11.52,5.56,7.8,138.5,22.25,8,9.64,12.31,5.38,10.64,159.4,26.88,7.2,13,1.5,134.9462236,2.355255915,43,17
08/12/2015,35.93429,6.11,7.89,11.82,5.32,5.025,150.5,21.27,5.43,7.27,11.28,4.82,5.2,234.7,26.2,5.32,7.98,11.96,5.542,4.925,219.6,23.1,19.6,12.9,3.6,-143.1635743,-2.49867574,43,17.25
09/12/2015,35.93703,7.98,8.36,10.94,4.327,30.15,175.8,29.5,6.49,7.75,10.58,3.28,34.8,130,38.76,5.88,8.48,11.21,4.492,19.9,206.3,22.28,83,11,2.5,-150.3957024,-2.624900187,57,22.04166667
10/12/2015,35.93977,6.19,5.75,7.21,3.517,7.84,82.5,25.74,4.71,5,6.474,2.734,9.6,249.9,26.83,5.95,5.73,7.26,3.179,9.65,307.5,25.41,19,6.4,2,-129.0955222,-2.253141912,49,18.91304348
11/12/2015,35.94251,3.31,6.12,7.47,3.752,3.618,42.83,19.6,4.15,5.55,6.675,2.921,5.4,341.6,19.88,4.56,6.16,7.52,3.422,5.713,325.2,19.53,11,6.1,1.4,-110.2205868,-1.923712143,36,11.25
12/12/2015,35.94524,1.49,5.24,6.775,3.851,2.814,322.8,7.35,2.49,4.89,6.36,3.667,2.6,338.9,10.15,2.48,5.28,6.996,3.987,2.758,340.3,10.09,0.4,6.3,0.4,-88.81629943,-1.550136854,14,5.75
13/12/2015,35.94798,1.38,5.12,6.168,3.435,1.005,309.2,6.795,1.52,4.42,5.342,2.932,1.2,306.5,7.11,1.54,4.53,6.199,2.713,1.379,354.9,7.19,1.2,3.6,-0.2,-102.7638695,-1.793567874,16,4.041666667
14/12/2015,35.95072,6,6.03,7.94,4.154,0,60.95,13.33,4.02,5.28,6.885,3.526,0.2,161.3,23.28,3.56,6.11,7.55,4.29,0.197,210.8,15.97,0,5.3,0.7,60.77666851,1.060752974,21,8.625
15/12/2015,35.95346,5.11,8.36,9.39,7.38,0.201,90.8,11.04,4.85,7.52,8.52,6.503,0.6,114.3,11.66,5.34,8.3,9.33,7.36,0.591,144.8,13.23,0,8.3,5,118.7462175,2.07251247,24,12.91666667
16/12/2015,35.95619,6.19,10.1,11.32,8.5,3.819,188.8,18.49,5.22,9.56,10.99,7.69,4.2,135.7,19.64,5.16,10.1,11.44,8.41,3.349,181.9,18.72,1.4,11.2,7.8,176.3649865,3.0781497,29,14.45833333
17/12/2015,35.95893,7.82,10.85,12.26,9.55,4.824,196.9,22.64,6.57,10.36,11.84,8.95,3.8,125.3,26.07,5.83,10.96,12.23,9.64,3.546,183.2,21.95,8.8,13.5,9,-164.7969548,-2.876249458,41,18.95833333
18/12/2015,35.96167,6.61,10.55,11.52,9.58,12.46,192.2,18.06,5.73,10.07,11.13,9.02,12.8,118.7,24.77,5.11,10.63,11.6,9.68,10.64,183.4,22.61,21.6,11.6,9.2,-147.4822515,-2.574050878,40,17.83333333
19/12/2015,35.96441,11.28,10.98,12.08,9.7,10.25,207.3,23.85,8.77,10.51,11.58,9.13,11,135.2,36.63,6.13,11.15,12.16,9.9,5.319,204.1,19.14,14,13.2,9.8,-165.3846929,-2.886507423,47,24.58333333
20/12/2015,35.96715,7.97,8.87,9.85,7.51,3.417,159.3,23.49,7.19,8.29,9.37,6.904,4.8,163.3,26.37,6.08,9,10.1,7.41,5.122,206.9,29.43,18.2,10.3,6.4,-150.4651004,-2.626111411,44,23.25
21/12/2015,35.96988,7.12,8.04,9.48,5.788,11.46,153.9,23.16,5.52,7.39,8.85,5.181,7,178.8,28.37,6.07,8.15,9.64,5.966,7.88,240.6,23.42,12.2,8.3,5.1,-132.5185907,-2.312885728,46,19.75
22/12/2015,35.97262,7.56,8.09,10.56,5.463,15.68,167.2,24.57,7.56,7.5,10.05,4.754,23.8,218,33.93,9.1,8.25,10.61,5.643,17.93,162.6,30.12,10.4,10.4,5.5,-148.5173465,-2.592116693,48,24.04166667
23/12/2015,35.97536,8.35,7.37,10.4,4.414,32.16,142.9,30.02,7.29,6.7,9.97,3.734,18.8,192.3,30.09,7.13,7.46,10.48,4.361,17.93,187.4,25.45,42.2,7.9,3.5,-139.2594328,-2.430535617,56,23.08333333
24/12/2015,35.97810,6.07,5.95,9.48,4.105,6.633,78.1,29.07,4.91,5.23,9.06,3.111,7.6,257.9,39.96,5.64,5.94,9.66,3.765,4.531,280.5,29.53,8.4,10.9,2.3,-137.8270596,-2.405535989,59,17.20833333
25/12/2015,35.98084,3.29,5.62,6.897,3.696,2.412,45.19,12.32,2.97,4.95,6.247,3.536,7,27.61,15.62,2.79,5.5,6.866,3.078,5.122,280.2,16.37,3.4,5.5,2.8,-82.84211333,-1.445867637,30,8.666666667
26/12/2015,35.98357,7.22,6.03,6.838,5.002,3.216,77.6,14.7,5.36,5.15,5.752,4.169,6.2,157.8,24.42,4.64,5.98,6.652,4.976,5.91,195,18.55,12.6,5.8,4.2,82.48571815,1.439647368,34,18.79166667
27/12/2015,35.98631,4.36,7.86,10.48,4.767,3.216,183,16.79,5.07,7.26,9.89,4.169,2,164.5,24.96,6.06,7.93,10.48,3.906,2.561,170.8,20.06,6,8.2,2.4,160.9802962,2.809636199,32,12.04166667
28/12/2015,35.98905,6.16,10.26,12.08,6.836,10.65,160.8,23.94,7.79,9.69,11.47,6.57,9.2,137.5,26.02,8.59,10.28,12.22,7.15,10.44,170.5,22.96,26.8,12.6,7.3,153.5881614,2.680619109,35,17.91666667
29/12/2015,35.99179,6.48,8.1,10.81,6.303,39.4,165.8,31.43,6.61,7.42,10.26,5.656,15,154.5,26.41,8.44,8.19,10.73,5.866,38.02,174.8,29.3,45.8,9.9,4.4,-178.5306972,-3.115948483,57,18.58333333
30/12/2015,35.99452,5.18,6.93,8.75,4.675,5.025,144.5,22.61,4.27,6.33,8.09,4.073,6.8,236.1,24.18,4.29,7.07,8.85,4.835,6.304,220.3,21.49,36.4,11.8,4.5,-157.220241,-2.744010857,58,19.5
31/12/2015,35.99726,5.65,5.86,7.54,2.653,3.819,175.6,19.89,5.05,5.16,6.991,1.981,5.6,146.6,26.95,5.62,6.06,7.72,2.612,4.531,188.3,22.87,4,7.5,2.7,-177.520872,-3.098323708,38,14.375
01/01/2016,36.00000,6.26,6.05,8.11,2.794,12.26,160.4,20.22,6.02,5.26,7.09,2.141,18.2,151.9,21.94,7.03,6.26,8.31,2.896,20.09,170.6,19.63,11.2,6.8,2.2,179.3282255,3.129867976,37,18.04166667
02/01/2016,36.00274,4.59,7.98,8.92,7.29,5.628,108.5,16.33,5.46,7.23,8.2,6.523,9.8,140.2,16.93,6.9,8.2,9.09,7.57,10.05,156.5,16.63,1.2,8.7,5.8,127.9082874,2.232420755,37,16.29166667
03/01/2016,36.00548,8.23,8.42,9.25,7.43,0.201,82.1,16.3,6.71,7.68,8.57,6.742,0.2,139.1,24.55,6.34,8.46,9.36,7.48,0.197,172.3,19.14,0.2,8.4,6.3,102.5239654,1.789380759,45,25.125
04/01/2016,36.00821,9.89,7.95,9.07,6.75,0,72.6,17.25,7.33,7.2,8.25,6.018,0.6,162.6,30.2,6.4,7.95,9.03,6.753,0.394,200,20.94,0.2,8.3,6.1,93.74701699,1.63619411,49,29.33333333
05/01/2016,36.01095,5.5,6.52,7.23,5.564,0,71.5,13.82,4.22,5.68,6.246,4.557,0,159.6,22.5,3.82,6.35,6.996,4.108,0,184.7,15.84,0,6.2,4.7,92.37545337,1.612255809,33,18.45833333
06/01/2016,36.01369,4.74,7.47,8.48,5.978,2.412,132.7,17.18,5.53,6.62,7.58,5.05,4,150.6,17.96,6.86,7.68,8.7,4.573,4.334,158.4,17.25,0,7.8,5,130.8290025,2.283396852,33,17.04166667
07/01/2016,36.01643,5.25,6.19,8.14,4.4,4.02,83,17.15,5.56,5.46,7.25,3.81,9.4,140.3,18.88,5.89,6.17,8.15,4.492,10.83,139,19.37,12,7.3,2.3,148.4707763,2.59130389,41,18.33333333
08/01/2016,36.01916,2.94,5.85,6.733,4.195,0.402,120.4,11.69,2.92,4.93,5.999,3.216,0.4,143.5,13.63,3.89,5.89,7.22,2.826,0.591,153.1,10.81,0,5.5,-1,-25.2884084,-0.441365989,11,4.208333333
09/01/2016,36.02190,6.04,5.56,6.307,4.644,0.201,74.9,13.46,4.62,4.76,6.028,3.876,0,148.1,24.52,4.17,5.61,6.36,4.714,0,180.3,16.07,0.6,5.7,2,87.51115127,1.527357722,27,11.95833333
10/01/2016,36.02464,8.48,5.41,6.912,3.868,14.07,57.87,25.35,8.81,4.81,6.18,3.386,36.2,257.7,30.01,7.26,5.47,6.966,3.966,18.12,232.6,29.89,24.8,7,3.7,50.84705202,0.887448473,58,26.79166667
11/01/2016,36.02738,7.72,5.05,5.904,4.317,9.45,44.08,33.29,7.94,4.46,5.353,3.81,8.2,146.5,26.19,9.33,5.19,6.067,4.422,23.64,12.09,36.72,10,7.2,5.3,14.86909213,0.259514614,43,21.66666667
12/01/2016,36.03012,3.22,4.64,5.781,3.466,3.618,5.371,24.17,4.82,4.18,5.182,2.829,3.2,292.2,24.74,5.07,4.95,5.856,3.613,5.516,247.2,26.39,9.8,7.4,1.3,-21.7721464,-0.37999564,30,14.20833333
13/01/2016,36.03285,2.66,4.4,5.245,3.048,0,18.66,14.08,2.72,3.98,4.557,2.971,0.2,320.6,15.04,2.69,4.65,5.34,2.784,0,291.1,13.46,1,2.8,-1.1,-87.12307475,-1.520584509,22,5.375
14/01/2016,36.03559,2.3,4.16,5.302,2.738,3.819,339.8,13.1,4.8,3.77,4.68,2.142,3.4,347.4,22.19,4.78,4.47,5.432,2.674,3.152,320.2,18.2,7.2,3.2,-1.5,-57.15245995,-0.997498602,30,10.04166667
15/01/2016,36.03833,2.46,4.93,6.289,1.463,5.226,23.13,14.11,3.44,4.36,5.933,0.826,5.4,327.5,27.52,3.39,4.92,6.824,1.449,6.107,324.8,21.2,6.8,5.7,1.1,-19.38275467,-0.338292887,31,10.95833333
16/01/2016,36.04107,4.34,4.97,6.402,4.12,5.628,115.8,11.4,4.76,4.21,5.781,3.442,10.4,135.3,12.59,5.97,5.14,6.704,4.18,10.44,153.1,13.1,2.8,3.7,0,-164.4801967,-2.870720986,22,7
17/01/2016,36.04381,3.96,6.58,7.48,5.357,1.407,122.6,12.45,5.12,5.92,6.676,4.756,2.8,139.3,12.85,6.86,6.86,7.84,5.643,1.773,158.3,13.56,0,5.2,0.9,142.4016514,2.485377678,14,7.791666667
18/01/2016,36.04654,5.51,6.19,6.779,5.46,1.206,80.1,9.51,4.22,5.41,6.009,4.775,3,135.5,13.05,3.63,6.18,7.02,5.604,3.152,181.9,15.45,0,5.7,2.3,73.71133431,1.28650548,17,9.125
19/01/2016,36.04928,5.01,5.41,6.534,4.261,0.402,74.1,8.89,3.15,4.63,5.724,3.602,4,133.3,12.33,2.5,5.36,6.37,4.228,2.561,213,10.45,0,4.2,1.2,91.2202994,1.592094569,14,8.125
20/01/2016,36.05202,3.32,7.38,8.22,6.119,1.809,175.1,13.03,3.77,6.62,7.44,5.362,3.4,152,15.2,4.9,7.59,8.41,6.088,2.364,165.6,13.07,0.2,6.8,2.8,135.6088567,2.366821044,18,8.791666667
21/01/2016,36.05476,5.97,7.79,9.58,5.714,11.26,144.7,18.91,6.91,7.15,9.08,5.021,11.8,145.5,18.07,9.15,7.95,9.5,6.067,12.61,161.3,17.61,15.6,8.5,4,146.3769079,2.554758992,30,14.33333333
22/01/2016,36.05749,9.49,9.54,10.48,7.76,13.07,195.4,26.07,8.34,9.06,10.11,7.36,15.8,148.9,33.48,7.23,9.63,10.56,7.3,11.43,189.3,27.02,15.4,10.7,7.9,-173.4001758,-3.026403991,44,21.66666667
23/01/2016,36.06023,6.53,9.07,10.21,7.56,6.834,188.4,19.34,5.57,8.52,9.76,7.23,9.8,132.4,21.17,5.19,9.21,10.4,7.72,9.06,189.6,20.32,7.8,10.1,6.4,-151.4039101,-2.642496732,39,19.33333333
24/01/2016,36.06297,9.14,10.35,11.12,8.29,7.84,207.7,21.63,7.3,9.96,10.7,7.79,5.4,134.5,26.08,4.89,10.4,11.13,8.37,3.94,195.8,18.46,4,12.4,7.8,-169.6764391,-2.961412526,46,20.33333333
25/01/2016,36.06571,6.86,8.03,11.06,4.278,10.85,179.4,24.4,6.01,7.43,10.59,3.262,6.4,191.2,24.72,6.36,8.05,11.06,4.33,5.91,203,27.02,8,12.6,3.7,-147.0557839,-2.566607613,48,20.33333333
26/01/2016,36.06845,5.27,7.55,10.11,5.517,16.88,187.1,22.41,5.73,6.99,9.72,4.917,14.4,90.9,22.66,6.22,7.6,10.2,5.522,14.58,227.2,25.28,40.4,11.1,3.6,-141.1628849,-2.463757123,46,18.91666667
27/01/2016,36.07118,3.71,4.91,6.43,2.105,8.64,67.44,17.8,3.4,4.26,5.695,1.54,7.8,310.1,21.56,3.99,4.92,6.481,2.188,10.64,295,18.29,8,5,0.9,-121.9732169,-2.128834233,30,8.666666667
28/01/2016,36.07392,6.6,7.36,10,4.616,7.44,133.6,21.1,5.43,6.7,9.62,3.772,7.2,203.1,24.14,5.53,7.43,10.2,4.694,7.09,234.3,23.55,14.6,8.1,1.2,-140.702798,-2.455727092,39,16.66666667
29/01/2016,36.07666,8.41,5.62,10,0.995,26.33,98.9,29.17,7.04,4.99,9.62,0.16,33.6,1.549,34.77,8.24,5.64,10.22,0.954,25.61,234.1,32.6,41.8,10.4,0.5,-120.7020553,-2.106648279,67,29.20833333
30/01/2016,36.07940,6.3,3.83,5.394,1.265,10.65,40.41,26.69,7.32,3.23,4.814,0.516,21.6,9.66,33.15,7.85,3.88,5.442,1.39,14.38,323.5,29.47,13.4,5,-0.4,-97.53772376,-1.702354424,54,22
31/01/2016,36.08214,3.15,4.89,9.86,2.875,3.819,78.1,16.33,3.47,4.29,9.46,2.264,5.6,75.1,20.55,3.78,4.93,9.9,2.956,5.122,93.7,18.95,14.6,4.6,0.4,-127.444447,-2.224325214,36,9.25
01/02/2016,36.08487,9.89,7.38,10.63,2.934,63.32,118.2,41.03,8.77,7.01,10.36,2.208,98.2,263.1,38.15,9.96,7.57,10.79,2.986,54.17,159,47.5,40,10.9,2.4,-136.7767956,-2.387205424,70,30.58333333
02/02/2016,36.08761,5.99,5.39,6.696,3.549,10.45,32.27,28.91,8.06,4.81,6.019,2.65,61.2,24.95,35.59,7.94,5.44,6.642,3.422,17.93,346.8,36.13,48.2,7.4,2.7,-80.22015062,-1.400105755,59,23.375
03/02/2016,36.09035,2.65,5.55,6.771,3.393,5.829,19.09,14.83,3.32,4.99,6.429,3.225,4.8,316.9,14.02,3.28,5.71,6.784,4.088,5.319,290.1,14.5,6.2,4.8,0.9,-80.33203971,-1.402058588,26,7.75
04/02/2016,36.09309,4.59,8.4,9.45,6.761,5.025,167.1,18.03,4.75,7.89,8.99,6.247,6.4,67.84,23.95,4.64,8.51,9.66,6.824,4.925,238.5,19.18,12,9.3,3.2,-163.8944402,-2.860497607,31,10.54166667
05/02/2016,36.09582,6.38,6.35,9.57,3.372,4.422,166.2,22.18,5.36,5.66,9.1,2.236,8,183.3,28.98,5.39,6.41,9.68,3.169,4.531,203.1,19.86,12.2,9.3,2.8,-146.3342477,-2.554014431,42,17.29166667
06/02/2016,36.09856,7.14,6.37,7.66,3.935,5.628,144.7,19.21,7,5.61,6.791,2.962,7,133,22.42,7.8,6.5,7.86,3.714,7.49,166.5,23.1,18.8,6.9,2.6,158.5952206,2.768008778,38,19.29166667
07/02/2016,36.10130,3.37,6.64,8.36,5.432,7.64,110.5,13.39,3.16,5.95,7.61,4.566,7.6,137.3,12.33,3.48,6.74,8.49,5.462,6.698,209,12.94,9.2,8.6,4.9,-175.399592,-3.061300387,41,17.375
08/02/2016,36.10404,2.48,6.36,8.01,5.047,4.422,36.84,10.26,1.93,5.91,8.08,4.69,5,334.1,10.42,2.05,6.39,8.17,5.028,4.531,321.1,8.85,6,8,1.3,-67.42277127,-1.17674935,17,5.583333333
09/02/2016,36.10678,3.47,5.31,6.43,3.482,2.412,26.02,13.88,3.6,4.82,5.839,2.923,1.2,96.9,16.34,3.84,5.47,6.491,3.603,1.97,299.7,18.59,3.8,6.1,0.3,-24.72363416,-0.431508819,31,13.16666667
10/02/2016,36.10951,1.96,4.5,6.434,2.96,3.417,334.7,11.99,3.85,3.94,5.182,2.077,3.6,4.646,15.65,3.97,4.57,6.038,2.754,4.925,329.6,17.87,2.8,6,0,-76.8211703,-1.340782357,25,7.291666667
11/02/2016,36.11225,2.7,5.18,7.16,3.753,1.005,63.95,10.91,2.56,4.5,6.868,3.047,1.8,143.3,12.97,2.44,4.83,7.14,2.026,2.167,134.8,12.67,1.6,6.5,0.3,100.8745206,1.760592515,20,8.333333333
12/02/2016,36.11499,5.44,4.69,5.531,4.088,0,81.3,12.28,4.29,3.85,4.642,3.245,0,134.3,16.11,4.03,4.76,5.522,4.27,0,166.7,17.8,0,6,2.6,91.40466327,1.595312326,35,17.08333333
13/02/2016,36.11773,8.83,4.66,5.499,4.031,0,74.8,14.8,6.77,3.8,4.746,3.198,0.2,158.3,23.98,5.64,4.61,5.28,4.108,0,195.7,18.29,0,4.9,2,84.17211092,1.469080474,34,17.75
14/02/2016,36.12047,4.51,4.34,6.166,1.869,5.829,46.06,15.94,4.08,3.71,5.486,1.325,5.4,204.8,22.67,4.02,4.4,6.028,2.026,5.319,248.7,16.99,8,5.8,1.2,35.96603841,0.627725789,34,14
15/02/2016,36.12320,5.7,5.22,7.2,2.997,12.46,235.2,24.6,4.93,4.67,6.495,2.303,3.2,189.1,24.04,3.76,5.23,7.22,1.622,2.364,207.5,21.53,0.8,6,-1,-112.9806159,-1.971883738,36,10.5
16/02/2016,36.12594,11.54,7.5,9.99,5.01,91.3,194.2,27.54,9.38,6.94,9.56,4.387,53.2,156.6,38.27,8.15,7.55,10.1,5.118,38.22,198.2,31.88,28.2,8.3,4.7,-163.4152343,-2.852133886,57,32.5
17/02/2016,36.12868,4.93,5.12,6.563,1.035,2.814,153.2,15.29,4.03,4.37,5.981,0.675,6,270.2,21.21,4.9,5.12,6.774,1.277,5.713,178.3,18.55,3.6,6.1,1.2,-144.7222176,-2.525879197,28,12.66666667
18/02/2016,36.13142,2.86,5.08,6.761,3.332,5.025,52.92,13.16,2.76,4.42,5.971,2.623,7.2,281.2,13.84,2.84,5.04,6.673,2.865,6.895,303.6,14.11,8.8,6,1.1,-138.3254887,-2.414235217,27,9.166666667
19/02/2016,36.13415,6.06,6.35,8.63,2.437,11.66,136.1,18.46,6.2,5.79,8.14,1.7,17.6,89.5,29.07,5.86,6.4,8.69,2.259,13.59,252.1,24.73,16.6,8.3,0.6,-141.3954366,-2.467815915,44,17.95833333
20/02/2016,36.13689,6.43,4.46,5.767,2.316,4.422,54.55,24.5,8.21,3.95,5.364,1.616,36,323.6,31.35,8.29,4.43,5.785,2.3,8.08,353.7,29.79,16.8,5.1,1.1,-102.4984024,-1.788934599,47,20.41666667
21/02/2016,36.13963,5.29,4.67,6.193,2.665,3.015,47.7,20.91,6.93,4.11,5.801,1.587,8.8,328.9,30.01,6.89,4.67,6.228,2.572,3.743,349.1,28.06,14,4.9,1.2,-98.74621751,-1.723446619,44,19.83333333
22/02/2016,36.14237,3.23,5.7,7.47,4.107,1.206,21.5,14.67,4.28,5.17,6.562,3.489,1,306.8,18.4,4.68,5.83,7.24,4.29,1.182,339.2,17.28,3.4,7,2.2,-40.21081649,-0.701811143,30,12.5
23/02/2016,36.14511,1.95,4.19,6.533,2.241,1.005,19.64,13.16,2.76,3.55,5.562,1.936,0.4,332.3,14.79,2.62,4.25,6.189,2.582,0.985,320.8,14.6,4.8,5.8,0.1,-39.34875028,-0.686765249,27,9.708333333
24/02/2016,36.14784,2.25,3.58,5.139,1.703,1.005,25.23,10.88,2.45,3.04,4.358,1.306,0.6,248.4,10.31,2.6,3.67,4.916,1.844,0.788,292.7,13.2,3.2,3.8,-1.2,-43.80912276,-0.764613435,23,6.458333333
25/02/2016,36.15058,1.83,4.48,6.799,2.531,3.618,233.2,9.57,1.71,3.76,5.857,1.908,4,236.6,8.16,2.15,4.37,6.028,2.592,4.334,214,10.55,4.6,4,-1.1,-113.920452,-1.988286972,13,4.166666667
26/02/2016,36.15332,4.02,5.91,7.2,4.64,1.206,199.1,13.49,3.48,5.18,6.724,3.971,0.6,167.1,10.83,4.82,6.03,7.1,4.088,0.985,172.1,14.96,0.8,6.6,1.8,160.1201683,2.794624135,21,9.75
27/02/2016,36.15606,1.18,5.82,7.47,4.811,0,121.3,3.985,1.32,5.07,7.64,3.273,0,252.9,4,1.63,5.18,7.09,2.804,0,89.4,5.39,0,7.2,-2.2,158.65193,2.768998542,15,6.291666667
28/02/2016,36.15880,4.96,6.39,8.03,5.14,2.01,209,17.31,4.11,5.8,7.43,4.529,1,172.6,21.09,3.14,6.19,7.9,4.098,1.576,211.7,15.12,0,8.3,-1.2,-145.06361,-2.531837618,31,9.125
29/02/2016,36.16153,7.3,6.67,8.43,5.36,20.9,202.9,21.82,5.62,6.12,7.94,4.842,14.2,150.7,25.85,4.33,6.76,8.39,5.583,12.61,205.3,19.47,12.4,6.4,4.7,-172.0361224,-3.002596768,47,25
01/03/2016,36.16427,3.71,5.21,7.91,1.189,2.613,42.18,21.4,3.98,4.64,7.33,0.441,3,309.1,21.7,4.41,5.24,7.86,1.014,4.137,328.2,24.92,31.6,8.5,1.6,-109.020544,-1.902767445,39,12.45833333
02/03/2016,36.16701,3.41,5.01,7.01,2.401,2.211,354.3,19.96,6.18,4.46,6.219,1.785,8.4,339.3,30.77,6.12,5.13,6.854,2.411,1.576,280.3,26.82,13.2,6,0,-52.24107927,-0.911778838,45,17.79166667
03/03/2016,36.16975,4.01,4.25,5.161,3.071,1.608,70.7,13.85,3.79,3.59,4.843,2.576,1.4,148.1,16.98,3.72,4.33,5.28,2.976,1.379,153.9,15.12,0.4,5.7,0.8,29.38251127,0.512821564,25,8.958333333
04/03/2016,36.17248,5.02,4.57,6.618,2.177,5.829,41.84,22.64,4.88,3.92,5.61,1.494,4.6,156.2,21.68,5.2,4.61,6.31,2.268,4.925,323.3,22.51,4.4,7.1,2.8,19.34004885,0.33754753,36,19.66666667
05/03/2016,36.17522,3.25,3.38,5.21,1.7,8.04,37.49,14.47,3.2,2.8,4.718,1.305,5.6,157.1,14.89,3.46,3.47,5.138,1.662,8.08,331.4,16.53,1.6,4.8,0.4,-6.755197052,-0.11790043,32,13.25
06/03/2016,36.17796,0.99,4.37,6.336,2.168,8.24,8.33,5.88,1.49,3.77,5.762,1.823,8.4,307.2,7.99,1.32,4.16,6.138,2.401,8.47,335.5,7.68,1.2,4.6,-0.6,-24.17940971,-0.422010311,14,4.583333333
07/03/2016,36.18070,3.75,5.84,7.59,3.911,5.427,299.9,19.76,4.47,5.22,6.561,3.348,4.2,10.29,22.68,4.11,5.97,7.72,4.128,4.334,265.1,20.42,0.4,6.8,0.6,-146.3905414,-2.55499694,21,5.125
08/03/2016,36.18344,4.02,5.61,7.38,2.317,9.65,52.65,18.23,3.63,5.02,6.782,1.729,8.4,13.62,23.84,3.54,5.63,7.42,2.268,9.06,300.3,17.28,13.8,8,2.3,-134.2975994,-2.343935287,41,14.25
09/03/2016,36.18617,1.75,5.51,8.19,2.97,1.608,10.91,10.88,2.21,4.89,6.896,2.576,1.6,332.7,14.56,2.09,5.27,8,3.058,1.773,335,10.32,0.6,8.5,0.1,-139.2558833,-2.430473667,10,4.416666667
10/03/2016,36.18891,6.34,7.67,8.9,5.295,4.02,215.3,17.48,4.78,7.07,8.39,4.662,3.2,162.4,19.46,3.22,7.56,8.83,4.068,2.758,203,11.66,0.2,8.4,-1.8,-153.4946106,-2.67898634,32,12.04166667
11/03/2016,36.19165,4.15,8.11,9.25,6.758,13.07,183.6,14.63,3.85,7.64,8.94,6.21,14.2,103.2,38.68,2.16,8.13,9.32,6.753,12.21,183.3,10.22,12.4,9,7.4,-171.6661882,-2.996140198,32,18.70833333
12/03/2016,36.19439,5.74,9.15,9.38,8.89,2.211,196.5,16.37,4.62,8.83,9.11,8.57,3.6,88.9,20.76,3.82,9.17,9.45,8.89,1.576,179.1,12.64,3,9.9,5.1,-164.9936457,-2.879682363,37,17.33333333
13/03/2016,36.19713,6.62,9.06,9.61,8.59,0.402,208.2,14.18,5.79,8.56,8.84,8.25,0.2,117.9,22,3.35,9.13,9.45,8.83,0.197,201.8,11.6,0,11.2,8.3,-167.0691103,-2.915906054,28,14.58333333
14/03/2016,36.19986,2.21,8.91,10.15,7.99,0,106.1,10.32,2.2,8.4,9.86,7.1,0,120.9,11.95,1.71,8.99,10.34,6.875,0,171.3,9.28,0,12.1,4.3,140.0589271,2.444489424,14,4.833333333
15/03/2016,36.20260,1.14,9.22,11.55,7.85,0,27.58,6.762,1.61,8.94,12.16,6.964,0,59.92,7.02,1.31,8.78,11.07,6.572,0,62.32,6.925,0.2,11.2,2.3,24.39085501,0.425700727,13,3.75
16/03/2016,36.20534,1.27,10.05,13.07,8.31,0,33.65,5.717,1.97,10.34,13.5,8.09,0,37.73,6.76,1.62,9.38,11.7,6.512,0,56.04,5.488,0,10.6,1.7,20.98855099,0.36631932,11,3.666666667
17/03/2016,36.20808,1.51,7.87,9.69,6.556,0,178.4,5.357,1.32,7.46,10.19,5.809,0,128.4,4.95,1.24,7.63,10.19,5.845,0,197.4,4.998,0.2,11.6,1.3,-67.42366703,-1.176764983,15,4.708333333
18/03/2016,36.21081,1.88,6.39,7.43,5.761,0,41.49,6.468,1.57,5.77,6.228,5.306,0.6,135,7.22,1.69,6.28,6.936,5.764,0.197,9.7,7.71,0.4,8.6,5,27.90797184,0.487085996,16,7.5
19/03/2016,36.21355,1.48,7.42,9.44,5.847,0.402,27.31,5.88,2.24,6.84,8.78,5.344,1,355.7,8.13,2.22,7.42,9.53,5.805,0.591,349.8,8.56,0,10,4.6,-52.46020995,-0.91560339,16,6.75
20/03/2016,36.21629,1.92,7.8,8.24,7.1,0,36.61,11.43,2.42,7.27,7.68,6.543,0.2,345.4,11.85,2.41,7.79,8.21,7.13,0.197,320.3,10.19,1,10.1,3.9,-101.5948696,-1.773164978,19,9.291666667
21/03/2016,36.21903,2.52,8.27,8.84,7.78,1.005,72.6,10.85,2.88,7.82,8.35,7.39,3,310.4,14.94,2.96,8.33,8.82,7.88,2.364,275.7,14.47,1.2,10.3,6.1,-104.5913421,-1.82546329,28,12.625
22/03/2016,36.22177,3.16,8.51,9.44,7.78,0,184,9.51,2.68,7.95,8.72,7.3,0,104.6,13.99,2.47,8.49,9.14,7.82,0,181.4,10.91,0,10.5,7.2,-137.4371922,-2.398731519,17,8.041666667
23/03/2016,36.22450,5.14,7.67,9.26,6.537,3.417,191.3,14.99,4.01,7.06,8.42,5.972,2.8,164.4,17.04,4.01,7.63,8.81,6.662,2.561,186.1,12.87,NA,9.3,5.4,-164.6270241,-2.873283608,27,12.08333333
24/03/2016,36.22724,5.54,7.43,9.31,4.289,7.44,92.2,17.51,5.13,6.79,8.31,3.754,6.2,20.44,26.22,4.7,7.43,9.37,4.411,6.107,271.6,17.93,9.6,10,4.2,-133.1663741,-2.324191681,34,16.125
25/03/2016,36.22998,6.49,6.95,9.16,4.64,18.29,179.5,24.6,4.98,6.34,8.63,4.085,18.4,154.7,30.39,4.18,6.96,9.15,4.452,16.74,212.4,19.21,22.6,8.6,2.6,-152.3117559,-2.65834163,50,18.83333333
26/03/2016,36.23272,4.64,6.23,8.53,3.491,22.91,70.6,23.13,3.7,5.55,7.75,3.16,17.6,166.1,21.39,3.75,6.13,8.25,3.644,22.46,220,22.96,45.4,8.1,4.9,169.228501,2.95359453,44,11.66666667
27/03/2016,36.23546,2.39,5.43,8.04,2.577,15.48,56.93,19.89,2.78,4.89,7.21,1.983,11.6,116.4,24.66,2.85,5.43,7.94,2.552,16.35,247.2,24.66,13,8.2,3.6,-149.4545561,-2.608474086,41,12.60869565
28/03/2016,36.23819,2.61,5.87,8.35,4.565,2.814,46.76,9.31,2.21,5.25,8.14,3.962,3.6,251.1,12.63,1.79,5.77,9.11,3.562,1.773,276,10,5.6,8.4,3.1,17.95356227,0.313348774,24,10.125
29/03/2016,36.24093,1.17,5.7,8.78,4.079,3.417,236,5.357,1.5,5.18,8.04,3.394,2.8,236,5.347,1.47,4.96,7.96,2.886,2.758,16.46,6.566,0.8,8.5,0.3,-161.6553439,-2.821418004,16,5.708333333
30/03/2016,36.24367,3.22,5.89,7.84,4.108,2.814,45.66,9.24,2.39,5.31,7.67,3.631,1.6,186.8,12.5,2.35,5.87,7.61,3.299,1.182,226.6,10.26,2.6,7.8,1.3,-2.25577096,-0.03937063,19,7.833333333
31/03/2016,36.24641,4.21,6.85,8.66,4.652,0.603,182.9,18.65,3.56,6.1,8.73,3.236,0.6,173.9,18.69,2.85,6.68,8.44,3.613,0.591,193.5,15.61,4,9.5,1.1,168.8421876,2.94685209,29,10.04166667
01/04/2016,36.24914,6.69,7.49,8.68,6.02,21.11,190.3,21.27,6.1,6.84,8.04,5.306,15.2,187.2,20.96,5.95,7.48,8.61,6.067,15.96,171,25.55,15,8.9,5.7,-169.4253512,-2.957030215,40,18.83333333
02/04/2016,36.25188,2.99,8.31,10.39,6.947,0,155.2,10.68,2.64,7.53,9.4,6.219,0,149.2,14.85,2.59,8.1,9.9,6.914,0,179.7,13.36,1.4,12.6,4.6,-174.2204423,-3.040720342,20,9.291666667
03/04/2016,36.25462,4.02,7.48,8.11,6.696,5.628,110.1,9.24,3.92,6.89,7.75,6.151,7.8,137.7,11.34,3.82,7.5,8.31,6.774,6.895,171.3,11.14,10,8.4,6.5,116.4602922,2.032615547,19,8.208333333
04/04/2016,36.25736,1.94,8.87,11.52,7.56,0,55.58,8.4,2.3,8.17,10.78,7,0,336.5,11.45,1.91,8.86,11.3,7.52,0,291.1,10.13,3,11.2,6.9,103.431535,1.805220837,11,4.75
05/04/2016,36.26010,2.6,8.19,10.3,6.491,3.618,222.4,10.09,2.84,7.67,9.94,5.905,3.2,101.8,12.09,2.55,8.2,10.32,6.512,2.561,237.1,11.27,6.6,10.7,5.7,-91.73960728,-1.601158202,18,6
06/04/2016,36.26283,2.63,7.3,9.2,5.906,8.84,354,18.16,4.85,6.59,8.2,5.041,8.2,8.94,20.65,4.83,7.23,9.1,5.583,7.68,326.1,19.14,8,8.4,5.8,-97.98366901,-1.710137637,38,15.04166667
07/04/2016,36.26557,2.14,8.23,10.72,6.482,0.804,0.507,13.65,3.51,7.6,10.18,6.057,0.4,321.4,17.17,3.25,8.21,10.25,6.442,0.197,307,18.13,2.4,10.8,4.2,-19.38709484,-0.338368637,33,12.16666667
08/04/2016,36.26831,2.9,6.45,7.76,3.677,7.04,189.6,12.05,3.31,5.81,7.05,2.971,8,195,15.8,3.65,6.17,7.7,3.442,7.88,213.1,14.41,6.2,9.5,1.9,-172.5765611,-3.012029203,26,8.458333333
09/04/2016,36.27105,2.06,5.1,6.785,2.596,7.04,74.7,7.71,2.28,4.52,6.952,2.312,4.8,128.6,12.31,2.2,5.2,7.23,2.37,5.122,147.3,8.89,11.2,7.3,3.8,-141.4944938,-2.469544789,12,4.958333333
10/04/2016,36.27379,3.65,7.57,9.75,4.939,0.402,49.33,14.73,2.69,7,9.3,4.519,0.4,111.6,18.26,2.43,7.66,9.7,4.814,0.197,348.5,15.16,9.4,9.9,5.2,69.76951585,1.217707769,24,11.875
11/04/2016,36.27652,8.81,7.95,8.86,7.27,0,58.4,15.94,5.4,7.36,8.55,6.753,0,184.4,22.49,5.75,8.01,9.05,7.3,0,207.5,20.94,0,11.1,7.3,60.4179868,1.054492797,27,15.125
12/04/2016,36.27926,9.19,7.59,8.85,7.08,0,60.94,18.78,5.7,7.01,8.44,6.486,0,195.2,24.23,6.23,7.63,8.68,7.16,0.197,205.9,21.4,0,9.1,7.1,56.23865635,0.98154972,33,18.29166667
13/04/2016,36.28200,8.6,7.61,9.12,6.627,0,61.13,15.68,5.46,7.14,9.45,5.915,0.2,190.1,23.72,5.88,7.71,9.06,6.834,0,196.3,19.4,0,9.3,6.4,51.25059069,0.894491551,28,16.875
14/04/2016,36.28474,3.17,6.83,8.54,5.681,1.206,55.83,10.39,2.58,6.2,8.28,5.134,1,146.3,13.19,2.48,6.82,8.67,5.785,0.985,227.4,10,0,8.3,4.3,51.34221983,0.896090781,23,7.666666667
15/04/2016,36.28747,5.06,4.21,6.116,1.721,3.618,38.64,17.74,4.79,3.56,5.525,1.146,3.2,117.6,17.98,5.09,4.15,6.228,1.622,4.334,334.9,22.34,5.8,7.1,2.5,0.23472822,0.00409678,35,16.91666667
16/04/2016,36.29021,3.07,4.66,6.671,1.441,1.005,39.24,17.48,3.51,4,5.801,0.583,1.4,209.8,15.97,3.54,4.58,6.37,1.217,0.985,351.2,18.62,1.4,7.1,1,-28.02357703,-0.489103687,28,11.75
17/04/2016,36.29295,4.59,7.7,9.15,6.009,0.603,76,17.12,3.65,7.01,8.12,5.344,1.4,337.9,24.02,4.58,7.64,8.75,6.007,0.788,257.4,17.54,3.8,10.1,2.4,-122.0703805,-2.130530058,34,14.91666667
18/04/2016,36.29569,2.93,7.73,9.91,5.902,0.804,357.7,19.18,5.07,6.98,8.93,5.297,1.4,22.67,25.19,4.83,7.62,9.8,6.028,0.788,335.8,22.28,3.4,10.5,5,-75.27963477,-1.313877486,42,19.16666667
19/04/2016,36.29843,2.81,8.2,10.34,6.267,0,172.1,11.53,2.51,7.56,9.53,5.829,0.2,206.6,12.02,2.28,7.87,9.24,5.522,0.197,206.4,8.79,0,11.4,1,-147.0587552,-2.566659473,21,7.625
20/04/2016,36.30116,2.17,8.59,10.21,7.23,0,90.3,9.93,2.36,7.98,9.52,6.782,0.4,275.1,9.89,2.35,8.55,10.25,6.996,0.197,289.3,10.36,1.4,10.6,5,-118.5589875,-2.06924469,21,9.791666667
21/04/2016,36.30390,2.65,7.88,9.51,6.994,0.201,29.23,12.38,2.88,7.45,9.34,6.476,0,62.69,10.65,2.85,7.91,9.09,7.09,0,326.7,12.41,0.8,11.2,4.7,-43.73828439,-0.763377072,24,8.375
22/04/2016,36.30664,3.06,7,9.22,5.372,0,44.39,11.2,2.71,6.48,9.25,5.003,0,109.6,10.89,2.68,7.07,8.93,5.704,0,5.003,14.44,0,9.1,0.6,-0.723471368,-0.012626957,21,7.833333333
23/04/2016,36.30938,2.51,6.63,8.69,4.725,2.412,36.83,12.15,3.23,5.93,7.64,4.302,1.8,11.26,13.56,3.19,6.46,7.8,4.937,1.97,346.6,13.75,0.8,7.2,0.8,-33.65577955,-0.587404165,25,10.625
24/04/2016,36.31211,1.74,7.55,10.65,6.179,2.613,14.87,8.1,2.73,6.86,8.68,5.734,2,357.8,11.87,2.73,7.55,9.96,6.462,1.773,308.6,11.99,1.6,10.5,3.2,-26.48850371,-0.462311604,17,6.916666667
25/04/2016,36.31485,5.22,5.02,7.51,2.418,0,51.48,22.41,4.73,4.42,6.753,1.748,0.2,138.1,23.06,5.57,5.05,7.58,2.42,0.197,29.65,23.1,0.8,7.4,3.1,-7.82331936,-0.136542681,37,19.83333333
26/04/2016,36.31759,4.51,3.68,6.433,0.959,5.628,43.39,18.23,4.44,3.08,5.838,0.273,4.2,146,23.04,4.94,3.64,5.472,0.934,6.304,19.75,24.6,10,8.1,1.5,-0.827938399,-0.014450251,39,20.16666667
27/04/2016,36.32033,2.39,3.23,6.494,0.615,8.64,12.81,14.86,3.12,2.53,5.297,0.075,7,328.4,14.94,3,3.22,5.604,0.772,7.88,304.2,14.93,3,7.9,-1.7,-19.3722625,-0.338109764,27,10.91666667
28/04/2016,36.32307,2.74,3.63,6.039,0.987,3.819,33.86,13.39,2.93,2.86,5.241,0.348,3.2,289,18.58,2.73,3.47,5.896,0.711,2.561,272.8,13.46,1.4,7.5,-3,36.39836826,0.635271368,27,8.416666667
29/04/2016,36.32580,2.83,5.76,7.91,3.732,3.618,30.33,12.25,2.92,5.11,7.55,3.131,2.4,340.2,13.66,2.99,5.69,8.15,3.765,2.955,306.8,14.44,1.2,9.7,-0.3,0.719927421,0.012565104,22,10.45833333
30/04/2016,36.32854,4.55,6.37,9.4,2.539,13.87,132.8,21.82,3.79,5.75,8.45,2.322,11.2,214.1,22.87,3.32,6.37,8.69,3.026,11.23,239.9,18.46,1.2,10.9,0,-134.8325663,-2.353272221,36,12.66666667
01/05/2016,36.33128,5.81,8.28,9.89,6.566,14.27,181.4,20.51,5.07,7.74,9.48,5.8,10.8,138.9,26.33,5.01,8.21,10.11,6.572,9.65,200.9,19.73,7.4,11.6,6.1,-152.3693712,-2.659347206,42,19.20833333
02/05/2016,36.33402,4.63,7.42,9.21,5.143,3.819,88,19.4,4.04,6.79,8.53,4.444,6.6,294.9,27.05,4.69,7.39,8.95,5.118,5.713,286,20.94,14.4,11.8,5.8,-129.9870157,-2.268701408,36,15.58333333
03/05/2016,36.33676,5.22,7.93,9.83,5.73,2.412,92.5,17.57,4.25,7.36,9.53,5.269,2.2,60.42,22.01,4.71,7.87,9.68,5.946,2.364,226.3,22.67,9.8,10.5,4.7,-120.1868539,-2.097656318,45,17.375
04/05/2016,36.33949,10.59,8.84,10.73,8.07,27.34,208.1,21.66,8.37,8.26,10.17,7.46,15.4,140,30.13,5.38,8.87,10.44,8.09,15.37,202.6,20.22,10,11,6.8,-167.5143793,-2.923677463,43,24.625
05/05/2016,36.34223,6.91,8.63,10.16,7.31,2.814,181.2,21.27,6.53,8.06,9.95,6.753,4.6,144,34.3,4.79,8.66,9.81,7.48,1.379,186.4,19.21,8.8,11.5,7.2,-155.4453589,-2.71303332,49,21.70833333
06/05/2016,36.34497,2.18,8.22,10.28,5.709,0,105.7,9.38,2.32,7.68,10.15,5.914,0,280.4,10.58,2.2,8.28,10.36,6.834,0,318.6,9.28,0.6,13.2,5.3,-114.3025047,-1.994955051,20,7.541666667
07/05/2016,36.34771,6.12,7.9,9.73,6.576,0.201,48,18.85,4.06,7.37,9.27,6.181,0.6,229.1,20.32,4.3,7.89,9.51,6.652,0.394,267.8,20.81,2.2,9.5,1.7,29.51185273,0.515078999,31,15.25
08/05/2016,36.35044,6.83,10.91,16.55,7.39,0.603,52.42,18.36,5.16,10.6,16.62,6.791,2.4,79.7,24.48,5.05,10.92,16.47,7.45,1.773,27.34,22.64,12.2,12,7.7,48.76693382,0.851143561,32,13.45833333
09/05/2016,36.35318,1.81,16.72,20.44,12.26,0,28.65,7.61,3.33,17.72,21.74,15.31,0,24.53,7.62,3.72,16.36,20.17,11.25,0,51.39,10.65,0,19.5,7.4,32.17760094,0.561605082,14,6.083333333
10/05/2016,36.35592,4.61,16.62,20.12,11.46,0,48.29,14.83,3.29,17.35,19.73,12.21,0,66.73,15.6,3.78,16.63,20.54,10.52,0,11.65,16.79,0,20.4,9.4,47.86640757,0.835426413,22,9.166666667
11/05/2016,36.35866,5.6,15.74,18.26,13.21,0,39.11,13.82,4.46,15.47,17.76,13.75,0,55.89,15.01,3.87,14.95,17.17,12.64,0.394,355.9,17.41,0,13.8,9.1,42.48907861,0.741574318,24,11.04166667
12/05/2016,36.36140,6.39,11.83,16.15,8.33,0,43.66,16.14,4.82,11.58,15.42,7.84,0,34.33,17.84,3.95,11.21,14.97,8.36,0,24.32,16.2,0,11.6,6.1,33.69484405,0.58808597,33,15.08333333
13/05/2016,36.36413,6.61,7.42,8.68,5.918,0,55.41,17.97,4.17,6.96,8.53,5.515,0,237.5,22.39,4.42,7.45,8.53,5.906,0,254.1,18.06,0,9.6,6.6,41.51300805,0.724538673,33,17.375
14/05/2016,36.36687,2.49,7.8,10.42,6.011,0,33.56,10.49,2.65,7.06,9.09,5.649,0,15.89,9.76,2.66,7.56,9.89,6.118,0,341.3,10.55,0,11.4,1.8,-31.74670384,-0.554084509,21,8.166666667
15/05/2016,36.36961,1.5,8.1,9.31,7.24,1.206,17.69,6.697,2.7,7.47,8.66,6.705,0.8,47.17,10.44,2.24,8.03,8.97,7.27,0.591,330.5,8.1,0.8,10.3,4.9,-81.60814987,-1.424330912,21,9
16/05/2016,36.37235,1.35,8.74,10.03,7.27,0.804,61.58,5.913,2.02,8.14,9.31,6.877,0.2,19.62,8.66,1.74,8.77,9.98,7.46,0.197,322.6,8.17,1.2,11.1,6,-96.19670794,-1.678949283,21,9.791666667
17/05/2016,36.37509,2.99,9.19,10.47,7.76,14.27,206.1,9.96,2.72,8.66,10.04,7.15,14.4,155.7,9.77,2.56,9.08,10.18,7.86,12.8,188.5,11.56,10,10.7,8,-170.0230705,-2.967462385,21,8.5
18/05/2016,36.37782,4.64,9.03,10.69,8.11,3.618,44.6,15.22,3.77,8.42,10.07,7.5,5.2,248.2,38.84,3.37,8.9,10.2,8.07,3.743,267.5,15.06,0,10.5,7.8,44.32078356,0.7735436,31,13.70833333
19/05/2016,36.38056,3.45,9.26,10.08,8.27,9.25,118.3,18.13,4.26,8.66,9.5,7.62,10.2,154.7,17,4.6,9.2,10.04,8.29,9.26,158.7,16.3,25.8,10.8,7.8,140.7423087,2.456416684,27,14.83333333
20/05/2016,36.38330,3.95,9.82,11.31,7.75,1.005,176.8,12.48,3.14,9.2,11.14,7.32,1.6,164.5,16.43,3.62,9.63,10.8,7.67,1.182,187.2,17.74,1,14.4,8.2,-151.0964749,-2.637130975,27,12.5
21/05/2016,36.38604,1.66,10.01,13.07,8.36,0,92.7,6.272,1.65,9.09,11.62,7.84,0,319.6,7.35,1.61,9.77,12.64,7.57,0,331,6.174,12.4,12.4,8.8,38.93996226,0.679630552,16,5.833333333
22/05/2016,36.38877,1.7,9.94,11.83,7.99,2.814,166.4,6.011,1.95,9.34,11.77,7.66,2.2,268.3,8.19,1.91,9.79,11.41,8.02,2.167,256.8,7.32,13.2,13.1,4.6,-178.8640433,-3.12176647,14,3.708333333
23/05/2016,36.39151,2.7,9.47,10.39,8.29,1.608,31.92,10.49,2.99,8.76,9.6,7.7,1.2,354.1,12.07,3.16,9.38,10.1,8.35,1.182,313.5,11.6,0,13.6,5.8,34.25000161,0.597775297,19,6.375
24/05/2016,36.39425,4.82,9.75,12.07,8.17,0,35.83,15.29,2.9,8.92,11.04,7.55,0,78.3,11.69,3.04,9.55,11.75,8.21,0,312.9,11.34,0,11.6,8.3,45.45210101,0.793288815,30,15.95833333
25/05/2016,36.39699,4.93,8.79,10.59,7.69,0,57.98,17.9,3.34,8.23,10.39,7.05,0,129.5,14.37,3.28,8.78,10.75,7.62,0.197,245.7,14.05,0,11.4,6.3,63.22946812,1.103562403,28,15.58333333
26/05/2016,36.39973,5.64,8.87,10.64,8.17,0,55.45,13.2,3.9,8.26,10.18,7.56,0,112,15.32,3.57,8.83,10.17,8.07,0,291,13.07,0,11.2,8.2,47.07439163,0.821603127,25,15.25
27/05/2016,36.40246,2.01,11.14,14.06,8.2,0,53.07,6.86,2.45,10.79,13.62,7.8,0,227,9.79,2.27,10.89,13.35,8.36,0,66.01,8.36,0,15.3,6.6,82.16210759,1.433999298,14,6.541666667
28/05/2016,36.40520,0.94,10.48,11.46,9.35,1.608,92.6,4.214,1.09,10.41,13.04,8.79,1.2,142.3,5.587,1.31,10.6,12.1,9.31,0.788,67.04,5.619,0,15.9,5.7,31.17664802,0.544135158,12,3.916666667
29/05/2016,36.40794,1.13,10.98,14.66,9.1,0,118.5,4.181,1.5,10.29,13.54,8.44,0.2,104.8,5.607,1.14,10.76,13.66,8.71,0.197,156.9,5.521,0.4,15.2,8.6,1.549054351,0.027036099,13,5.791666667
30/05/2016,36.41068,2.24,11.13,12.92,9.14,0,45.53,6.599,2,10.66,12.98,9.23,0,39.69,9.93,1.79,11.11,13.25,8.57,0,13.2,9.54,0,13.2,10.1,23.00331425,0.401483573,19,9.958333333
31/05/2016,36.41342,3.83,10.61,13.16,9.41,0,41.04,11.37,3.05,9.97,12.19,8.81,0,70.4,11.33,2.78,10.46,12.43,9.34,0,315.7,13.39,0,11.7,9.6,24.12608688,0.421079652,21,12.22727273
01/06/2016,36.41615,6.45,9.38,11.2,8.11,0,53.29,14.44,4.55,8.94,11.24,7.6,0,53.97,11.75,3.91,9.28,11.27,8.15,0,33.63,15.03,0,11.7,8.6,34.16989811,0.596377227,24,14.91666667
02/06/2016,36.41889,5.55,9.18,11.3,7.82,0.804,40.36,14.6,3.39,8.56,10.07,7.33,0.6,57.37,13.52,3.84,9.12,10.59,7.86,1.182,310.7,16.73,2.4,12.9,7.8,21.24423946,0.370781926,27,15.75
03/06/2016,36.42163,4.86,10.8,13.06,8.45,1.206,46.65,14.86,3.94,10.36,12.54,7.88,1.2,67.44,16.91,3.84,10.67,12.83,8.47,0.788,353,13.43,1.2,11.7,8.9,47.51115127,0.829226021,24,13.625
04/06/2016,36.42437,1.93,12.25,14.32,10.64,0,62.4,6.958,2.22,13.2,15.8,10.75,0,119.1,7.56,3.31,12.1,14.54,10.46,0,51.55,8.62,0,13.1,10,49.13373356,0.857545425,23,12.45833333
05/06/2016,36.42710,1.45,13.7,15.59,11.25,0,63.03,5.194,1.28,14.4,16.61,11.88,0,152.5,5.54,1.16,14.09,16.59,10.81,0,157.3,5.815,0,14.2,8.6,50.69737168,0.884836058,15,7.375
06/06/2016,36.42984,1.27,16.1,19.09,14.41,0.201,48.99,4.933,1.13,16.22,18.59,14.63,0,119.7,4.543,0.99,15.77,17.75,14.22,0,191.3,4.737,0,16.4,8.9,44.17182949,0.770943861,17,5.666666667
07/06/2016,36.43258,1.23,15.11,18.28,12.98,17.09,262.8,8.46,1.17,15.4,17.89,12.98,12,70.9,8.27,0.95,14.74,17.19,12.34,10.64,148,6.958,21.2,17,8.5,38.05976756,0.664268257,13,4.875
08/06/2016,36.43532,0.99,14.18,16.37,12.46,0,101.5,4.149,1.48,14.2,16.26,12.21,0,59.83,6.023,1.37,13.55,15.8,11.37,0,128.2,7.09,0,16.6,11.1,43.4984281,0.75919079,11,4.916666667
09/06/2016,36.43806,1.21,13.08,14.99,11.13,0,79.9,4.933,1.34,13.45,15.88,11.72,0,125.4,4.803,1.38,12.97,15.91,10.6,0.197,183.3,6.011,0,17.3,10.1,72.38689191,1.263389599,16,6.625
10/06/2016,36.44079,1.42,13.39,15.21,11.5,1.005,89.1,5.619,1.63,13.33,15.81,10.87,1,96.4,5.173,1.69,13.38,15.05,11.39,0.985,52.49,7.58,0,15.3,11.9,49.00756667,0.855343397,19,9.625
11/06/2016,36.44353,1.73,12.45,13.43,11.32,4.02,78.5,5.619,2.24,12.03,13.13,10.86,4.8,119.2,25.34,2.04,12.53,13.67,11.3,3.94,146.3,9.11,0.4,15.2,11,94.76901272,1.654031301,15,7.541666667
12/06/2016,36.44627,1.91,13.26,14.34,12.53,1.608,95.3,5.717,2.28,12.63,14,11.99,1.6,114.9,6.313,2.06,13.29,14.73,12.44,1.773,155.2,6.729,0,17.7,11.7,100.6250767,1.756238898,14,6.333333333
13/06/2016,36.44901,1.45,13.7,15.61,12.3,1.005,140.3,5.782,1.78,13.07,15.16,11.8,1.2,120.2,7.31,1.44,13.62,15.51,12.41,0.985,171.7,5.88,20,15.6,12.3,155.9302211,2.721495762,13,4.125
14/06/2016,36.45175,2.98,13.65,15.59,12.38,2.211,39.06,14.47,2.25,13.07,15.74,11.89,2.2,49.53,11.06,2.06,13.58,16.11,12.34,2.561,2.895,10.22,5.2,17.6,12.1,63.23576683,1.103672336,25,11.17391304
15/06/2016,36.45448,4.7,11.14,12.8,10.11,0,40.44,21.36,4.67,10.54,12.37,9.53,0.2,291.9,18.72,4.26,11.11,12.46,10.06,0,282.7,20.97,11.2,12.6,10.3,38.32956306,0.668977076,34,21.5
16/06/2016,36.45722,4.3,10.14,12.29,8.67,0.402,29.65,14.34,4.67,9.41,10.77,8.16,0.2,130.3,17.92,4.13,10.02,11.21,8.73,0.197,282.4,16.99,0.8,11.9,9.1,21.2393684,0.37069691,28,17.91666667
17/06/2016,36.45996,3.88,10.65,12.59,8.8,0.201,36.23,12.64,3.78,10.03,12.03,8.29,0.2,146,14.65,3.37,10.65,12.75,8.88,0.197,277.4,16.66,0,13.2,9.5,25.85457621,0.451247482,26,16.58333333
18/06/2016,36.46270,2.73,10.69,12.43,9.51,0.201,115.8,10,2.63,10.18,12.04,9.01,0.2,151.2,8.95,2.53,10.7,12.08,9.59,0.197,187.3,10.58,0,13.5,9.5,56.82634173,0.991806765,21,10.08333333
19/06/2016,36.46543,4.34,12.38,13.27,10.99,9.65,178.6,15.39,4.05,12,12.93,10.46,11,164.1,33.27,4.21,12.2,13.16,11.07,9.46,173.8,18.55,18.6,14.1,10.5,165.0781434,2.881157126,22,10.875
20/06/2016,36.46817,3.77,11.76,13.17,10.35,1.407,115.3,13.46,3.31,11.22,12.3,10.06,2.6,243,16.34,3.65,11.81,12.78,10.34,2.167,260.4,15.19,2.4,15.3,11.2,-122.856674,-2.144253469,28,13.5
21/06/2016,36.47091,6.01,12.25,14.05,10.45,4.02,199.3,17.15,4.79,11.64,13.68,9.89,5.2,129.2,21.26,3.66,12.14,13.36,10.34,3.546,194.5,14.08,5.6,14.2,10.6,-171.2553845,-2.988970321,31,16.04166667
22/06/2016,36.47365,5.15,12.56,14.7,11.3,1.407,202.8,12.32,4.65,11.8,13.4,10.81,1.6,123.7,16.16,2.58,12.43,14.11,11.39,0.788,198.6,8.49,5.6,14.6,11.1,-176.6662044,-3.083406943,24,12
23/06/2016,36.47639,3.32,12.45,13.53,11.72,1.608,193.8,11.34,3.2,11.83,12.44,11.22,1.8,149,11.79,2.94,12.32,12.87,11.8,1.379,175.9,14.37,0,17.5,10.7,154.7917989,2.701626545,19,7.833333333
24/06/2016,36.47912,3.59,12.14,13.98,10.67,4.623,34.33,9.87,2.46,11.33,12.27,10.32,4.6,28.86,9.05,3.3,11.97,12.88,10.95,3.743,347,12.9,24,14,11,21.97883946,0.383603114,20,8.041666667
25/06/2016,36.48186,2.15,12.02,14.88,10.57,0,142.2,8,1.98,11.3,14.23,9.98,0,232.8,9.11,2.32,12,14.74,10.57,0,291.2,9.73,0,14.9,10.8,45.08346516,0.786854905,17,7.541666667
26/06/2016,36.48460,4.02,12.28,13,9.93,8.84,150.3,11.96,4.22,11.79,12.53,9.5,10.6,151,17.07,3.5,12.3,13.12,9.92,8.67,263,13.26,5.2,14.6,11.2,-152.9676578,-2.669789277,26,12.08333333
27/06/2016,36.48734,3.74,11.63,13.37,10.3,0.603,74,17.9,3.33,11.03,12.79,9.91,3,322.1,15.11,3.99,11.57,13.12,10.27,2.167,311.6,17.64,3.2,14.7,9,-113.7279394,-1.984926994,33,14.41666667
28/06/2016,36.49008,3.96,11.81,13.71,10.05,5.628,179.4,13.59,3.41,11.14,12.99,9.58,5.8,135.6,17.2,3.23,11.73,13.08,10.02,5.516,188.9,18.49,11.6,15.3,10.4,-162.450038,-2.835288032,28,13.45833333
29/06/2016,36.49281,1.89,11.3,13.9,9.25,6.231,165.2,8.26,1.88,10.69,12.93,8.82,6.2,158.8,9.04,1.64,11.21,13.46,9.25,5.713,218.9,7.19,11.2,14.3,9.9,-174.3766815,-3.043447231,19,9.083333333
30/06/2016,36.49555,2.88,11.09,11.89,9.96,2.613,98.6,10.81,2.42,10.5,11.25,9.6,4.8,281.3,10.49,2.86,11.1,11.85,10.14,3.94,252.9,11.76,10.4,13.8,8.1,-150.0128547,-2.618218235,23,9.375
01/07/2016,36.49829,2.66,11.32,12.61,9.81,2.211,97.4,10.85,2.41,10.81,12.73,9.5,6.4,246.3,16.18,2.59,11.31,13.06,9.97,4.531,281.9,10.65,9.6,15,9,-137.880674,-2.406471737,21,9.166666667
02/07/2016,36.50103,2.38,11.8,14.13,10.14,5.829,39.09,11.79,3.46,11.06,13.32,9.78,6.4,0.939,17.86,3.13,11.69,14.29,10.32,5.91,339.3,13.33,0.6,16.6,6.8,-106.5731979,-1.860053198,21,8.875
03/07/2016,36.50376,2.52,11.97,13.83,10.41,0.804,59.99,11.89,3.25,11.2,12.43,10.02,1.4,316.5,19.45,3.07,11.95,14.33,10.53,1.182,318.4,14.41,3.4,16.3,10.1,-98.64128844,-1.721615262,24,10.79166667
04/07/2016,36.50650,1.62,11.74,14.37,9.74,2.01,103.9,7.45,2.07,11.09,13.88,9.37,3.4,234.1,9.87,1.81,11.71,13.55,9.86,2.364,283.7,7.84,30.6,14.7,9.2,-178.5091152,-3.115571805,17,6.083333333
05/07/2016,36.50924,1.57,12.21,14.31,10.56,0.201,27.7,8.82,2.77,11.47,13.52,9.87,0,4.76,10.68,2.63,12.14,14.37,9.22,0.197,335.9,9.41,8.2,15.7,8.6,-81.82735635,-1.428156786,21,8
06/07/2016,36.51198,3.88,12.14,13.29,10.68,13.27,178.5,18.33,3.64,11.55,12.79,9.84,13.2,172.4,18.62,3.88,12.12,13.28,10.1,10.44,181.1,18.62,11.4,14,7.2,-169.2122145,-2.953310278,26,9.208333333
07/07/2016,36.51472,4.86,12.9,13.56,11.75,1.809,179,15.16,3.96,12.32,12.74,11.29,2,7.4,19.49,5.07,12.91,13.41,11.89,1.576,176.4,15.06,5.4,15.5,11.1,-160.0509613,-2.793416246,31,13.5
08/07/2016,36.51745,1.87,12.55,14.91,11.23,0.201,46.35,8.92,2.63,11.64,13.63,10.69,0,37.51,13.1,2.64,12.45,14.41,11.21,0.197,357.3,10.98,0.4,14.9,11.1,-81.59528275,-1.424106338,23,10.70833333
09/07/2016,36.52019,2.63,12.54,13.43,11.24,6.834,97.1,8.95,2.41,12.05,13.13,10.45,7.6,113.4,11.45,2.1,12.55,13.43,11.22,6.895,162.2,9.44,21.4,13.8,7.7,83.29378526,1.453750799,22,7.625
10/07/2016,36.52293,1.56,13.25,14.29,12.05,9.05,151.9,6.468,1.88,12.79,13.98,11.57,11.6,122.7,42.7,1.57,13.31,14.48,12.21,8.86,184.5,7.19,5.4,15.8,12.7,-147.4553184,-2.573580805,17,6.583333333
11/07/2016,36.52567,1.99,12.44,14.58,11.38,0,7.47,11.3,3.41,11.67,12.96,10.71,0.2,7.68,12.32,3.59,12.41,14.42,11.34,0,342.1,14.5,2,14.5,12.3,-61.83874867,-1.07928977,22,10.875
12/07/2016,36.52841,2.51,12.48,14.3,11.28,0.201,72.4,9.34,2.32,11.77,13.87,10.58,0.6,327.2,10.14,2.62,12.3,13.85,11.37,0.591,291.7,10.06,0.8,16,9.7,-101.6129902,-1.773481242,23,10.45833333
13/07/2016,36.53114,1.77,12.74,15.27,10.81,2.814,20.15,7.42,2.41,12.06,14.29,10.7,1.6,345,9.89,2.03,12.76,15.49,11.11,1.773,312.7,8.23,2,15.7,6.9,-117.600681,-2.052519086,16,5.333333333
14/07/2016,36.53388,3.39,12.33,14.82,9.61,1.206,214,15.78,3.23,11.73,13.9,9.23,1,151.2,12.78,2.61,12.31,14.28,9.13,0.394,199.4,17.61,0,14.8,10.4,-119.4461104,-2.084727906,16,7.041666667
15/07/2016,36.53662,5.11,13.15,13.85,11.92,12.46,181.6,18.72,4.05,12.66,13.51,11.37,12.6,158.8,48.5,4.1,13.23,14.19,12.01,10.05,222.5,20.48,23.2,15.9,11.2,-167.191444,-2.918041178,30,15.16666667
16/07/2016,36.53936,4.05,12.14,13.65,10.35,4.623,79.6,20.12,3.28,11.47,12.29,9.92,7.2,275.1,19.66,4.39,12.19,13.09,10.46,5.91,287.8,23.29,4.2,15,11.2,-118.3464933,-2.065535966,39,17.91666667
17/07/2016,36.54209,2.93,12.56,13.14,11.84,8.24,105,12.84,2.65,12.06,12.7,11.43,12,287.9,15.7,3.4,12.69,13.32,12.02,10.05,245.1,15.75,20.4,14.8,10.9,-126.6130046,-2.209813807,27,10.33333333
18/07/2016,36.54483,2.41,13.33,13.89,12.53,1.809,71.3,12.38,2.47,12.95,13.59,12.07,2.6,290,11.29,3.02,13.37,13.96,12.52,1.97,24.2,13.39,5.8,17.2,11.9,-156.2723567,-2.727467154,24,10
19/07/2016,36.54757,2.69,14.57,17.45,12.59,0.201,192.1,8.59,2.21,14.25,18.49,12.18,0.2,116.9,10.25,1.96,14.96,19.95,12.54,0,196.3,12.22,0,21.3,12.7,169.081631,2.951031166,21,8.625
20/07/2016,36.55031,2.05,14.21,17.97,12.16,15.28,143.7,8.46,2.11,13.87,18.35,11.73,12.6,262.1,11.57,2.1,14.4,19.87,12.28,13.59,235.9,8.89,48.4,17.7,13.9,-154.8293075,-2.702281194,17,7.375
21/07/2016,36.55305,2.62,13.5,15.27,12.3,4.422,199.3,8.92,2.36,12.9,14.24,11.83,3.4,151.2,9.55,1.76,13.43,14.67,12.45,3.546,207.5,8.46,4.6,17.5,11,177.5752744,3.099273208,19,8.583333333
22/07/2016,36.55578,2.27,13.46,15.84,12.41,0,155.8,9.47,2.1,12.79,14.44,11.89,0.2,265.6,11.38,2.34,13.38,14.97,12.48,0.197,203.3,9.77,45.4,17.1,11.6,-153.0554812,-2.671322085,21,8.833333333
23/07/2016,36.55852,4.62,13.01,13.79,11.93,26.33,190.1,13.56,4.02,12.43,13.17,11.39,22.8,173.7,13.19,3.57,12.98,13.69,11.96,20.29,189.9,14.63,1.6,15.7,12.4,-175.0256456,-3.054773791,21,10
24/07/2016,36.56126,2.64,13.36,15.27,12.2,2.211,171.6,8.75,2.5,12.73,14.77,11.57,2.8,138.8,11.5,2.58,13.2,14.41,11.9,2.955,175.1,8.79,0.6,17.4,12,164.0485751,2.863187768,18,7.583333333
25/07/2016,36.56400,1.45,13.56,15.77,12.11,0.804,118.5,8.26,1.83,12.92,14.99,11.62,0.6,308.6,8.94,1.67,13.51,16.12,11.63,0.788,317.2,8.59,16.4,15.9,11.7,-95.63366471,-1.669122325,18,6.041666667
26/07/2016,36.56674,2.42,12.83,13.78,11.5,0.402,80.6,8.2,2.44,12.24,13.27,11.05,1.4,289.7,13.33,2.49,12.86,13.72,11.59,1.379,290.1,11.69,2,15.5,11.6,-126.9828271,-2.216268426,22,9.708333333
27/07/2016,36.56947,2.81,12.78,13.97,11.25,5.025,30.95,12.77,4.48,12.16,13.48,10.87,5.6,348.5,17.74,4.05,12.83,14.4,11.3,4.925,337.9,13.36,6.4,15.3,9.7,-100.5943966,-1.75570343,28,13.45833333
28/07/2016,36.57221,2.13,12.77,15.38,11.23,1.608,38.17,11.04,2.77,12.08,13.87,10.75,2.8,344.7,8.96,2.89,12.78,14.84,11.27,1.773,326.7,12.35,3,16.2,11.5,-99.58158343,-1.738026505,21,11.58333333
29/07/2016,36.57495,1.54,12.56,14.82,11.58,2.613,5.699,7.19,2.32,11.93,13.92,11.04,2.2,1.597,7.55,2.75,12.6,15.04,11.65,1.773,331.9,10.58,1.6,15.3,9.9,-76.23064427,-1.330475733,21,10.04166667
30/07/2016,36.57769,2.07,12.35,14.62,10.83,0.804,4.838,11.5,3.82,11.53,12.87,10.26,1,359.8,12.95,4.13,12.14,13.97,10.93,0.985,334.8,13.92,0.6,15.7,10.3,-68.73823176,-1.199708466,24,11.41666667
31/07/2016,36.58042,1.07,13.05,15.39,12.21,1.005,350.5,6.86,2.43,12.2,13.89,11.55,0.8,9.99,12.05,2.49,12.91,15.06,11.94,0.591,345.4,9.51,4,16,10.7,-64.21093797,-1.120692283,24,12.54166667
01/08/2016,36.58316,2.31,13.05,15.48,11.87,0,86.9,9.38,1.97,12.39,14.87,11.35,0,132,12.47,1.81,13.04,16,11.48,0,179.5,9.28,2.8,14.5,9.6,-5.115171455,-0.089276584,13,6.083333333
02/08/2016,36.58590,5.25,12.96,14.45,11.25,4.824,85,11.01,3.9,12.44,14.34,10.6,9.6,120.5,12.55,3.31,12.99,14.49,11.27,8.27,195.6,14.9,6.6,16.6,6.8,70.50392709,1.230525663,19,9.458333333
03/08/2016,36.58864,2.5,13.7,14.82,12.7,5.226,65.18,8.2,2.57,13.12,13.77,12.22,5.8,124.1,10.34,2.4,13.72,14.4,12.84,4.531,158.2,10.94,1,15.9,13.4,74.85569175,1.306478285,16,7.083333333
04/08/2016,36.59138,2.97,13.32,14.89,12.04,0.402,29.57,10.81,2.4,12.66,14.6,11.58,0.6,61.75,11.23,2.62,13.24,14.97,12.04,0.394,3.312,14.31,0.4,16.1,11.5,-12.84433454,-0.224175928,27,14.25
05/08/2016,36.59411,1.55,12.88,14.91,11.16,1.206,179,8.69,1.57,12.3,14.43,10.74,1.4,245.3,9.34,1.72,12.69,14.91,10.82,1.379,214.2,10.13,3.6,16.1,7.1,-125.6632069,-2.193236709,21,6.833333333
06/08/2016,36.59685,5.65,13.6,15.28,11.76,23.32,182.6,20.55,4.62,13.04,14.89,11.14,21.2,151.6,25.05,4.56,13.63,15.37,11.96,16.15,197.5,21.69,28.2,15.3,9.5,-170.6022294,-2.977570615,43,11.08333333
07/08/2016,36.59959,6.55,12.86,14.23,11.52,14.87,121.9,28.52,7.67,12.36,13.76,10.91,25.6,302.3,31.14,8.33,12.97,14.41,11.47,12.61,160.4,29.89,9.6,15.6,12.1,-136.4871443,-2.382150055,51,27.91666667
08/08/2016,36.60233,2.24,12.99,14.88,11.89,1.608,359.6,13.49,4.64,12.1,13.2,11.43,0.2,9.09,26.9,4.59,12.83,14.51,11.98,0.197,333.8,20.25,4.4,14.2,9.8,-56.61958353,-0.988198154,44,20.58333333
09/08/2016,36.60507,1.41,12.41,14.22,11.01,1.005,20.01,9.96,2.88,11.63,13.36,10.25,0.6,10.57,14.51,2.92,12.35,13.87,11.03,0.985,340.2,10.81,4.4,14.6,8.8,-47.35436288,-0.826489547,16,6.875
10/08/2016,36.60780,2.65,12.48,13.37,10.84,37.79,58.71,9.54,3.97,12.09,13.19,10.29,34.8,93.7,18.7,3.37,12.71,13.92,10.69,34.48,296.6,15.88,27.6,14.5,4.4,-137.6063732,-2.401684285,23,8.166666667
11/08/2016,36.61054,2.82,13.39,13.63,13.07,13.47,75.6,13.36,3.4,13.19,13.49,12.7,19,307.7,20.91,3.11,13.69,14.26,13.22,16.15,340.5,17.02,25.4,15.8,12.7,-113.3209672,-1.977823989,27,11.20833333
12/08/2016,36.61328,3.13,12.94,13.83,12.18,4.221,103.5,9.47,3.49,12.59,14.43,11.72,5.2,320.8,11.02,3.88,13.16,14.89,12.26,7.29,323.6,21.53,24,15.7,12.3,-122.8059584,-2.143368315,34,13.91666667
13/08/2016,36.61602,2.62,12.57,14.06,11.5,0.804,70.41,10.32,3.18,11.95,12.65,11.1,1.8,326.1,15,3.06,12.61,13.73,11.63,1.576,337.3,13.52,2.2,14.9,11.9,-103.764515,-1.811032434,26,11.79166667
14/08/2016,36.61875,2.87,12.84,14.61,11.44,0.201,177.4,9.8,2.66,12.19,13.84,11,0.4,151.7,11.54,2.14,12.83,14.35,11.56,0.197,223.3,9.9,0,16.2,11.3,-135.6359249,-2.367293473,16,8.25
15/08/2016,36.62149,5.24,14.22,15.54,12.94,0.201,202,14.63,4.16,14.16,15.56,12.4,0,170.5,14.42,5.2,14.29,16.58,13.02,0.197,170.5,16.56,0,17.9,12.7,167.9348722,2.931016449,19,9.208333333
16/08/2016,36.62423,3.98,15.35,16.41,13.99,0,213,12.9,3,14.83,16.48,13.46,0,139.1,15.16,3.64,15.38,16.76,13.89,0,167.3,15.22,0,21.3,12.9,148.4867845,2.591583285,15,7.125
17/08/2016,36.62697,3.34,14.13,15.54,12.72,3.216,211,15.71,3.38,13.59,15.01,12.22,3,148.6,10.85,3.25,14.53,16.03,13.23,2.167,181.8,14.77,0,21.2,11.7,171.2405887,2.988712087,22,6.333333333
18/08/2016,36.62971,4.03,12.86,14.34,12.08,0.402,44.88,14.37,3.2,12.29,14.43,11.53,0.6,47.1,11.04,3.65,13.25,14.63,12.14,0.591,19.16,11.01,0,16.6,12.8,22.22845867,0.387959791,15,6.708333333
19/08/2016,36.63244,3.74,13.71,14.99,12.01,6.03,59.52,9.41,3.63,13.92,15.38,11.97,6.8,103.4,12.98,3.37,14.75,16.44,12.18,6.501,118.7,13.49,0.4,19.5,8.6,89.67596544,1.565140857,23,7.541666667
20/08/2016,36.63518,2.78,14.87,17.93,12.75,0,39.28,10.75,3.38,14.19,17.95,12.18,0,22.71,10.96,2.87,14.9,17.72,12.86,0,27.95,10.62,0.4,18.2,13.8,51.49517549,0.898760361,22,9.833333333
21/08/2016,36.63792,1.31,13.6,14.85,12.65,0.201,96,6.664,1.97,12.94,14.23,12.07,0.4,111.2,7.2,1.93,13.88,15.06,12.84,0.197,163.1,7.91,0.4,16.4,9.7,-163.4896613,-2.853432882,13,4.666666667
22/08/2016,36.64066,3.86,13.98,15.51,12.91,2.01,170.9,13.69,3.51,13.5,14.9,12.28,2.8,124.5,39.76,3.53,14.31,15.98,13.18,2.167,178.2,13.56,1.2,17,11.5,175.2575891,3.058821968,27,10.25
23/08/2016,36.64339,3.98,14.1,15.93,13.1,0.804,209.9,11.4,3.27,13.43,15.51,12.6,0.4,162.4,9.45,2.84,14.27,15.8,13.54,1.379,188.6,14.41,0,15.5,11.5,173.9293198,3.035639296,14,6.125
24/08/2016,36.64613,5.84,14.18,16.03,13.16,0,215.4,12.09,4.21,13.48,15.29,12.64,0.2,160.8,12.22,3.27,14.34,15.43,13.71,0.197,201.3,11.2,0,17.1,10.7,-172.0924684,-3.003580191,22,10.5
25/08/2016,36.64887,2.76,14.29,16.1,12.46,6.633,179.4,10,2.98,13.67,16.09,11.93,5.4,148.4,9.69,2.77,14.34,15.74,12.84,5.516,174.8,9.28,0,18.7,11,134.9729046,2.355721587,11,4.5
26/08/2016,36.65161,2.33,13.27,15.11,11.74,2.412,129.6,11.34,1.94,12.71,14.43,11.4,2.4,261.2,9.62,2.2,13.57,15.32,12.16,1.97,240.9,10.19,19.6,16.8,11.3,-149.914313,-2.616498357,25,9.291666667
27/08/2016,36.65435,1.5,13.6,16.43,11.94,0.201,118.7,5.717,1.76,13.02,15.46,11.06,0,214.8,6.547,1.43,13.72,15.63,11.68,0,213.2,8.2,0,16.1,8.9,-177.3199692,-3.094817292,14,6.416666667
28/08/2016,36.65708,1.63,13.03,15.07,11.21,0,30.61,5.684,1.69,12.41,14.45,10.71,0,349.1,6.493,2,13.13,15.32,10.93,0,12.26,6.795,0,16.6,9.2,-11.1689299,-0.194934601,14,7.208333333
29/08/2016,36.65982,5.16,13.87,14.85,11.9,4.824,183.6,17.48,4.2,13.28,14.38,11.28,5.6,146,23.43,4.34,14.13,15.26,12.14,3.94,187.9,17.97,3.8,15.4,8,-149.5097812,-2.609437946,34,12.91666667
30/08/2016,36.66256,8.72,14.53,15.39,13.92,9.65,201.9,22.41,6.79,13.99,14.55,13.44,5,117.6,23.06,4.93,14.83,15.46,14.33,4.925,195.5,18.03,8.6,17.3,14.7,-163.0206012,-2.845246239,38,19.83333333
31/08/2016,36.66530,4.64,13.32,15.15,11.51,2.613,123.2,15.81,4.11,12.63,13.65,10.94,4,310.1,23.3,4.89,13.55,14.85,11.73,4.137,216.1,17.9,8.8,16,12.5,-131.3840523,-2.293084297,31,17.20833333
01/09/2016,36.66804,4.79,13.29,14.65,11.68,4.422,170.1,16.46,3.9,12.7,13.81,11.1,3.4,216.4,21.69,3.94,13.56,14.72,11.96,2.561,189.5,13.75,4.4,14.3,11.3,-154.5752816,-2.697847607,32,13.20833333
02/09/2016,36.67077,4.1,13.59,15.01,12.75,0,157.7,13.2,3.54,12.96,14.54,12.18,0.2,205.4,15.58,3.72,13.82,15.01,13.12,0.591,189,13.3,2.4,17.3,11.5,-135.4401994,-2.363877419,24,11.45833333
03/09/2016,36.67351,4.37,13.75,16.18,12.7,4.02,200.8,13.03,3.67,13.02,14.49,11.92,3.6,119.1,13.92,2.47,13.88,15.64,12.94,3.546,196.4,9.64,3.2,16.6,12.3,-174.9744859,-3.053880886,22,10.66666667
04/09/2016,36.67625,2.3,13.8,15.68,12.32,6.834,170.6,8.1,2.39,13.1,14.77,12.02,6,158.5,10.61,2.27,13.97,15.36,12.84,6.698,202.1,7.81,0,17,11.2,170.3738489,2.973584623,14,4.583333333
05/09/2016,36.67899,6.07,14.33,15.69,13.49,3.819,178.8,17.02,4.96,13.68,14.37,12.89,4.4,111.7,21.51,5.23,14.55,15.42,13.6,3.94,178.7,18.82,1.6,17.5,12.7,168.3650835,2.938525052,31,14.75
06/09/2016,36.68172,4.52,13.99,15.19,13.07,0,130.1,18,4.48,13.41,14.64,12.67,0,241.6,18.74,4.07,14.34,15.89,13.48,0,144.3,20.48,0.2,17.5,13.4,-140.3545737,-2.449649432,37,17.375
07/09/2016,36.68446,2.44,13.63,16.14,11.41,5.226,120.7,11.34,2.18,12.98,14.97,10.93,5.6,132.6,11.85,1.85,13.75,15.58,11.78,5.713,170.4,10.16,3.6,14.7,12.4,127.1563482,2.219296941,13,5.208333333
08/09/2016,36.68720,5.92,14.13,15.82,12.55,0.402,172.1,19.99,5.44,13.48,15.26,11.71,0.4,156,21.64,5.22,14.29,16.06,12.88,0.394,182.7,20.12,21.2,16.2,12.8,-176.2468893,-3.076088515,35,13.41666667
09/09/2016,36.68994,6.49,12.85,14.86,11.53,5.628,189.7,22.83,6.2,12.22,14.29,10.8,6,154.1,28.96,5.99,13.12,15.13,11.79,5.122,185.5,27.6,22.6,15.5,11.4,177.8185615,3.103519369,41,16.66666667
10/09/2016,36.69268,6.4,12.25,14.47,9.52,9.25,172.2,19.93,5.3,11.61,13.77,8.89,9.8,116.6,22.29,5.41,12.47,14.37,9.76,10.64,186,26.1,5.2,15.7,10.6,-154.1261778,-2.690009266,40,20.66666667
11/09/2016,36.69541,6.86,12.66,15.05,9.64,28.54,190.6,24.66,6.64,12.04,14.49,9.2,19.4,161.5,20.6,7.76,12.96,15.4,10.18,23.84,176.4,28.55,27.4,14.3,8.6,-176.8086687,-3.085893414,40,16.79166667
12/09/2016,36.69815,5.7,13.52,15.15,12.25,10.45,194.7,26.04,4.28,12.95,14.7,11.68,6.6,98.1,19.92,4.49,13.78,15.42,12.52,5.91,187.4,26.17,22.8,15.8,12.8,-176.7871438,-3.085517734,42,17.04166667
13/09/2016,36.70089,1.92,13.44,15.43,11.45,0,168.8,6.533,1.77,12.74,14.94,10.73,0,275.7,8.03,1.74,13.39,15.06,9.8,0,197.1,6.991,1.6,16.5,9.9,-169.8701766,-2.964793883,13,5.708333333
14/09/2016,36.70363,2.88,12.65,14.79,10.4,1.005,33.42,12.09,2.26,12.18,14.29,10.26,1.4,49.86,10.2,1.94,12.9,15.04,9.55,1.182,347,9.83,9,13.8,6.6,46.68469654,0.814801665,18,8.708333333
15/09/2016,36.70637,2.49,12.94,14.83,10.84,4.02,203.2,12.18,2.15,12.55,14.42,10.19,3.8,209.1,15.11,1.81,13.25,14.65,11.37,3.94,211.5,9.64,8.8,15.3,10.9,-171.7769302,-2.99807301,16,4.666666667
16/09/2016,36.70910,2.69,12.91,14.6,11.94,0,95.4,10.39,2.4,12.2,13.57,11.51,0,281.3,11.17,2.76,13.15,15,12.35,0.197,245.1,10.39,2,16.3,8.9,-128.4458824,-2.241803558,21,7.666666667
17/09/2016,36.71184,7.96,13.45,14.54,12.36,5.829,206.9,17.51,6.56,12.86,13.56,11.78,4.2,128.6,24.44,3.67,13.7,14.38,12.76,3.546,204.5,13.69,0,15.2,9.1,-165.4187805,-2.887102365,33,14.75
18/09/2016,36.71458,5.19,13.13,14.14,11.86,17.09,171.8,17.48,4.21,12.57,13.31,11.51,13,186.5,18.6,4.06,13.37,14.19,12.36,12.41,205.7,13.98,15,15.1,12.1,-161.0700934,-2.811203456,35,15.66666667
19/09/2016,36.71732,5.32,13.12,14.5,10.96,0,181.7,13.03,4.42,12.42,13.84,10.33,0,120.3,17.08,3.7,13.33,14.5,11.28,0.394,188.6,12.28,0.2,16,10.1,-155.4654176,-2.71338341,22,11.45833333
20/09/2016,36.72005,7.89,13.45,14.59,12.46,3.015,213.8,15.94,6.34,12.8,13.7,11.99,1.2,156.4,23.53,4.18,13.64,14.15,12.8,2.167,198.9,15.09,0.4,15.7,12.2,-177.476181,-3.097543703,30,16.375
21/09/2016,36.72279,6.3,12.66,13.52,11.31,6.633,195,20.25,5.63,12.01,12.88,10.73,5,141,20.5,7.27,12.97,13.85,11.69,4.531,178.6,24.27,5.6,14,10.6,173.1769645,3.02250822,32,16.33333333
22/09/2016,36.72553,6.85,11.74,14,9.45,10.85,198.1,18.95,5.54,11.15,13.44,8.96,8.2,157.5,21.8,4.6,12.05,13.88,9.85,9.06,194.8,19.37,10.8,14.7,7.8,-172.5655367,-3.01183679,38,14.70833333
23/09/2016,36.72827,8.71,12.29,13.51,10.68,41.81,200.4,24.53,7.28,11.7,13.09,10.01,21.6,160.1,25.48,6.06,12.58,13.87,10.87,23.84,197.6,24.3,18.4,13.7,8.8,-166.5699919,-2.907194794,44,18.625
24/09/2016,36.73101,6.24,13.2,14.08,11.46,32.96,205.7,18.85,4.99,12.63,13.25,10.81,23,139.9,18.28,3.65,13.42,14.08,11.92,23.25,193.1,18.52,18.2,15.7,12,-170.7936863,-2.980912168,44,18.79166667
25/09/2016,36.73374,4.74,11.83,13.33,10.53,2.01,127.4,18.59,4.11,11.24,12.73,9.95,1.6,203.3,17.96,4.49,12.18,13.51,10.95,1.182,191.4,19.37,4,14.7,8.7,-160.3462502,-2.798570009,40,15.41666667
26/09/2016,36.73648,4.5,11.94,13.45,9.48,2.01,185.9,12.94,3.38,11.35,12.97,9.26,0.8,100.6,14.84,3.76,12.29,13.41,10.09,1.576,190.5,14.57,2.8,14.3,8.5,-160,-2.792526803,26,11.83333333
27/09/2016,36.73922,7.04,12.52,13.5,11.21,11.06,109.3,28.16,6.25,11.97,12.79,10.57,7.2,204.5,27.23,6.88,12.92,13.67,11.45,8.08,212.9,26.82,19.8,14.2,10.3,-144.7597356,-2.526534011,51,23.875
28/09/2016,36.74196,4.65,12.08,13.88,10.22,14.27,119.5,21.59,4.7,11.59,13.5,9.75,14.4,246.5,27.41,5.09,12.42,14.27,10.7,14.38,171.3,29.11,33,15.3,10.8,-138.4754009,-2.416851678,46,16.375
29/09/2016,36.74470,2.83,10.47,12.64,8.69,7.84,34.65,25.68,3.45,9.84,11.17,8.34,8,327.4,22.76,3.69,10.73,12.41,9.19,7.68,321.6,21.76,11.8,13.7,6.3,-86.77096684,-1.514439066,43,15.54166667
30/09/2016,36.74743,1.59,10.65,13.2,8.78,1.809,11.15,9.54,2.28,10.06,13.39,8.06,1.2,334,13.01,1.87,10.73,13.65,7.9,1.576,342.6,12.18,5.8,13.4,5.4,-93.73978092,-1.636067817,21,7.458333333
01/10/2016,36.75017,1.75,10.04,12.9,7.68,0,330.6,6.631,2.15,9.59,12.94,8.13,0,336.7,7.14,1.81,10.08,13.28,6.986,0,353.7,5.521,0.8,14,2.8,-66.66016883,-1.163439426,9,2.791666667
02/10/2016,36.75291,2.67,11.49,13.05,8.75,0.201,122.1,14.47,4.29,10.8,12.87,8.21,0.2,159.4,16.95,5.1,11.07,13.32,6.724,0,160.7,16.14,0,13.4,2.4,177.1026333,3.091024064,18,6.291666667
03/10/2016,36.75565,6.3,12.87,13.77,11.49,10.45,177,20.16,7.37,12.22,13.14,10.93,7.6,147,19.57,9.41,13.13,13.88,11.85,7.49,168.8,19.93,0,15.1,9.5,151.2840371,2.640404552,28,15.20833333
04/10/2016,36.75838,5.81,13.36,14.01,12.87,6.03,194.6,20.55,5.18,12.68,13.64,12.15,3.8,149.7,21.17,7.08,13.56,13.89,13.16,3.743,167.7,17.84,0,14.7,12.7,147.5694805,2.575573311,29,14.29166667
05/10/2016,36.76112,4.06,13.39,14.01,12.78,0,120,15.03,5.57,12.7,13.9,11.95,0,139.7,16.35,6.15,13.47,14.13,12.94,0,167.5,15.29,0,16.2,9.5,123.6126484,2.157447712,24,8.708333333
06/10/2016,36.76386,3.88,12.07,12.85,11.65,0,100.7,13.59,4.78,11.21,12.51,10.01,0,134.1,13.34,6.02,12.37,12.99,11.9,0,160.3,14.14,0,14.9,7.3,131.6804206,2.2982569,25,9.041666667
07/10/2016,36.76660,4.53,12.2,13.11,11.17,1.809,117.3,14.93,4.93,11.46,13.27,10.48,1.6,134.2,12.49,5.84,12.52,13.67,11.44,1.97,156.7,13.33,0,14,8.2,114.1635371,1.992529608,23,10.70833333
08/10/2016,36.76934,4,12.84,14.49,11.73,2.613,205.1,12.48,3.75,12.18,13.16,11.18,1.2,154.7,11.16,4.81,13.06,13.83,12.22,0.591,174.3,14.41,0,13.4,9.3,136.2547264,2.378093597,12,5.416666667
09/10/2016,36.77207,3.44,12.39,12.76,12,0.402,206.3,10.52,2.85,11.75,12.12,11.43,0.6,170.1,8.02,3.08,12.67,12.92,12.36,0.394,182.8,10.65,0,14.8,8.8,-171.5380494,-2.993903754,11,4
10/10/2016,36.77481,2.96,11.94,12.39,11.44,0.603,185.1,9.21,2.75,11.21,11.71,10.15,1.2,164.2,9.06,3.62,12.3,12.7,11.78,0.591,173.2,9.9,0,13.8,7.2,141.6336535,2.471973585,15,5.708333333
11/10/2016,36.77755,3.29,11.88,12.64,11.04,0,97,6.991,3.2,11.03,12.57,9.78,0,121.6,7.56,3.72,12.25,13.53,11.13,0,150.2,9.34,0,13.5,3.7,107.9399138,1.88390689,17,7.75
12/10/2016,36.78029,2.71,11.63,12.54,11.09,0,110.2,8.49,2.9,10.71,12.28,9.8,0,143.5,8.08,4.42,11.95,12.54,11.43,0,162.4,8.72,0,13.4,7.5,124.5732325,2.174213068,17,9.75
13/10/2016,36.78303,4.26,11.57,12.24,10.41,0,103.9,9.77,4.4,10.92,12.11,9.7,0,134.7,11.37,5.14,11.89,12.52,10.79,0,161.2,13.59,0,12.8,8.1,118.8272042,2.073925954,26,12.91666667
14/10/2016,36.78576,6.62,11.68,12.09,11.09,0,77.7,12.58,4.92,10.93,11.32,10.42,0.6,144.2,17.54,4.19,11.95,12.36,11.46,0.591,192.3,16.76,1.6,11.5,10.6,91.68523451,1.600209218,30,18.79166667
15/10/2016,36.78850,7.7,11.28,12.07,10.26,1.005,69.54,15.26,6,10.58,11.27,9.58,3,164.4,24.95,5.33,11.59,12.34,10.62,2.758,191.7,19.34,10,11.8,10,77.82496712,1.358301917,29,16.875
16/10/2016,36.79124,5.14,11.77,13.05,10.2,3.015,92.9,13.75,4.55,11.02,12.75,9.38,3.6,125.8,15.93,4.7,12.13,13.59,10.61,4.137,166.4,15.71,0.8,13,7.1,114.5910888,1.999991793,28,11.5
17/10/2016,36.79398,4.28,10.96,12.87,7.51,2.814,145,16.4,3.81,10.3,12.11,6.758,2.6,203.6,24.13,4.6,11.26,13,7.66,2.955,222.7,17.93,17.6,12.6,9.4,177.8516015,3.104096027,28,13.08333333
18/10/2016,36.79671,2.09,10.31,13.16,6.863,2.412,10.86,14.93,4.36,9.68,12,6.399,2.6,357.6,17.27,4.6,10.52,13.14,7.2,3.152,341.4,17.74,10,12.4,4.4,-88.35999378,-1.542172819,24,10.33333333
19/10/2016,36.79945,1.45,10.45,12.64,9.29,0.201,243.2,8.75,1.81,9.91,12.02,9.1,0.2,279.2,9.57,1.68,10.75,13.08,8.71,0,296.4,9.96,0.2,12.7,5.5,-42.14271892,-0.735529201,13,4.958333333
20/10/2016,36.80219,5.35,11.41,13.1,10.38,4.02,210.8,12.38,4.52,10.78,12.21,9.87,4.2,143.7,18.82,2.72,11.72,12.84,10.85,3.546,205.9,9.05,0,12.6,3.7,-130.1503882,-2.271552796,17,4.916666667
21/10/2016,36.80493,5.19,11.46,13.05,10.57,0.402,204.7,12.54,4.15,10.86,12.15,9.98,0.2,165.4,12.36,4.38,11.85,12.44,11.05,0.197,181.2,13.3,0,12.7,10.8,-174.5887236,-3.047148063,19,10.95833333
22/10/2016,36.80767,2.66,11.58,13.28,10.92,1.206,158.5,10,2.71,10.75,11.85,9.89,1.2,153.5,10.1,3.97,11.95,12.64,11.25,1.182,166.8,12.32,0,13.3,8.7,145.843919,2.54545658,16,6.5
23/10/2016,36.81040,2.47,10.59,12.26,9.54,0.201,90.4,7.15,1.92,9.76,11.8,8.4,0.2,136.7,7.83,2.33,10.94,12.34,9.27,0.197,166.4,7.81,0,11.3,6,97.55755476,1.702700541,14,6.75
24/10/2016,36.81314,1.53,9.97,12.67,8.33,0,184.9,8.69,1.39,9.12,12.28,7.45,0,210,8.97,1.54,9.42,12.23,6.552,0,190.9,6.501,0,11.8,2.9,-81.42299346,-1.421099323,9,2.75
25/10/2016,36.81588,7.66,10.5,11.46,9.04,1.809,204.6,22.57,6.63,9.87,10.86,8.62,2,131.4,25.07,4.33,10.9,11.79,9.55,1.379,210.9,15.06,1.2,11.4,1.8,-149.1276133,-2.602767857,35,12.08333333
26/10/2016,36.81862,5.34,11.33,12.1,9.63,1.608,120.1,19.96,4.43,10.71,11.52,9.17,3.2,266.9,20.39,5.45,11.69,12.46,10.14,2.167,221.5,21.33,5.2,12.1,9.5,-132.9086305,-2.319693206,43,17.91666667
27/10/2016,36.82136,5.26,10.68,12.05,8.02,3.015,81.1,21.66,5.93,10.11,11.43,7.47,4.8,274.1,27.9,5.99,11,12.37,8.37,3.94,16.53,21.85,6,12.5,7.4,-125.5944382,-2.192036468,37,18.29166667
28/10/2016,36.82409,3.86,10.07,11.5,8.65,0,79.9,15.55,3.9,9.48,10.5,8.05,0,324.3,19.37,3.91,10.4,11.62,8.97,0,294.9,20.12,2,11.2,6,-113.9666153,-1.989092675,30,11.41666667
29/10/2016,36.82683,6.53,11.77,12.3,10.96,9.45,201.5,15.94,5.41,11.2,11.8,10.47,7,142.9,19.23,3.98,12.15,12.66,11.35,6.698,205.8,13.72,0.4,13.1,6,-155.0637442,-2.706372886,23,11.58333333
30/10/2016,36.82957,4.03,11.25,12.41,9.8,7.24,199.3,17.28,3.86,10.86,11.97,9.29,8,61.18,19.84,2.71,11.62,12.6,10.26,5.91,243.7,11.76,7.4,12.6,10.6,-157.1891566,-2.743468331,30,14.33333333
31/10/2016,36.83231,1.63,9.12,10.09,7.96,2.01,356.9,10.29,3.16,8.61,9.61,7.7,2.2,336.6,12.65,3.35,9.57,10.53,8.61,2.167,333.1,15.35,12.2,10.6,4.8,-41.80013394,-0.729549965,20,6.333333333
01/11/2016,36.83504,2.19,8.35,10.35,7.34,1.005,342.3,14.63,4.26,7.82,8.8,6.511,1.2,344,16.71,4.34,8.87,10.16,7.58,0.985,301.7,16.46,5.2,9.3,3.4,-51.67043694,-0.901819251,30,10.79166667
02/11/2016,36.83778,1.6,8.28,9.9,7.24,4.02,347.2,10.39,2.13,7.72,8.7,6.653,4.2,325.6,11.58,1.99,8.72,9.95,7.62,3.94,288.4,10.26,1.6,9,5.5,-81.46056313,-1.421755037,25,7.708333333
03/11/2016,36.84052,3.43,8.4,10.43,5.874,13.87,348,14.11,3.81,7.79,9.57,5.36,13.8,59.16,17.22,3.65,8.78,10.61,6.067,14.18,310.7,14.18,12.6,10.4,6.5,-137.5155747,-2.400099551,22,10
04/11/2016,36.84326,3.33,8.81,11.19,6.658,4.623,20.29,18.62,4.53,8.28,10.33,6.096,4.6,308.5,26.16,4.24,9.24,11.66,7.05,4.728,295.7,17.22,14.8,9.5,2,-18.37831579,-0.320762122,43,12.79166667
05/11/2016,36.84600,5.15,7.14,8.22,5.573,3.015,38.43,19.86,4.99,6.56,7.7,5.059,2,133.9,18.9,5.61,7.64,8.53,6.076,2.758,345.1,22.05,5,8,4.6,0.40839098,0.007127767,41,18.95833333
06/11/2016,36.84873,4.5,7.02,8.19,5.159,1.608,25.63,17.28,4.69,6.51,7.55,4.823,1,127,17.81,4.54,7.52,8.63,5.814,1.379,295.7,19.11,2.4,8.2,4.9,5.427646535,0.094730303,42,18.79166667
07/11/2016,36.85147,1.99,7.48,8.77,5.685,0,264.6,11.17,1.83,6.88,8.16,5.352,0,194.2,12.57,1.55,7.86,9.34,6.31,0,263.2,10.16,0.4,7.7,1.9,-45.76733212,-0.798790635,22,6.333333333
08/11/2016,36.85421,5.08,8.47,9.59,7.17,21.11,221.5,18.52,4.92,7.89,8.82,6.727,18.6,169.9,14.15,5.98,8.96,9.98,7.5,21.47,192,21.14,30.2,7.8,1.6,168.802558,2.946160422,30,14.29166667
09/11/2016,36.85695,2.42,7.6,9.44,5.601,3.618,50.8,13.79,2.43,7.02,9.07,5.051,5.6,315.9,14.56,2.76,7.94,9.56,6.108,4.531,303.7,14.99,26.2,9.5,4.2,-161.2546101,-2.81442388,24,9.916666667
10/11/2016,36.85969,2.23,8.04,9.53,5.405,4.824,358.6,11.99,4.08,7.57,8.97,4.881,2.6,349.2,13.6,4.31,8.45,10,5.906,2.758,330.9,15.03,11.2,8.5,1.1,-76.70057856,-1.338677634,14,4.958333333
11/11/2016,36.86242,7.52,9.89,11.89,8.35,25.13,201.3,24.27,6.27,9.28,11.44,7.63,16.6,169.3,22.13,6.61,10.35,12.18,8.88,16.74,185.9,24.57,3.8,10.4,3.4,-166.4953534,-2.905892106,45,19
12/11/2016,36.86516,3.28,8.84,10.74,7.56,0.402,40.43,12.77,4.06,8.3,10.19,6.87,0.8,311.3,16.77,4.2,9.18,11.01,7.91,0.788,344,17.41,1.8,11.6,3.6,-117.2126964,-2.045747477,38,9.875
13/11/2016,36.86790,5.19,11.23,12.21,9.31,7.44,156.9,17.64,4.95,10.71,11.85,8.62,10.6,280.1,21.97,5.24,11.65,12.69,9.77,7.88,160.9,22.67,10.4,12.6,3.1,-156.7382378,-2.735598314,31,14.375
14/11/2016,36.87064,4.6,11.66,12.52,9.48,2.613,111,19.01,4.73,11.26,12.03,8.89,6.4,280.8,23.32,5.42,12.04,12.84,9.76,4.137,184.3,25.28,3.4,13.5,11.6,-133.7448259,-2.334287569,42,17.83333333
15/11/2016,36.87337,5.16,10.17,10.83,7.73,4.221,97.9,23.72,5.14,9.58,10.27,7.39,5.6,265.9,25.07,5.81,10.58,11.33,8.06,5.516,319.8,29.04,3.2,13.2,8.4,-126.0233701,-2.199522743,43,16.29166667
16/11/2016,36.87611,5.54,6.24,8.86,3.336,7.24,57.06,24.73,5.7,5.57,8.36,2.419,9.4,345.4,30.62,5.87,6.51,9.01,3.603,9.26,335.9,24.96,21.4,9.8,3,-109.7580843,-1.915639952,47,18.45833333
17/11/2016,36.87885,2.51,4.46,6.54,1.876,5.427,15.79,14.83,2.53,3.9,5.785,1.49,3.8,340.3,16.57,2.57,4.78,6.704,2.116,4.728,333.7,16.07,18.4,5.1,-0.3,-118.133038,-2.061810469,27,7.583333333
18/11/2016,36.88159,2.03,5.03,6.283,3.053,3.216,338.2,10.62,3.38,4.63,5.972,2.616,1.2,339.3,14.67,3.25,5.62,7.03,2.713,0.985,309,15.03,2,4.9,-1.9,-82.52085981,-1.440260705,24,5.541666667
19/11/2016,36.88433,1.88,5.26,7.4,3.817,12.06,344,10.94,3.39,4.77,6.188,3.446,5.8,341.4,14.56,3.28,5.76,7.48,4.472,6.895,331.7,17.71,9,5.7,0.2,-105.0579226,-1.833606655,21,6.833333333
20/11/2016,36.88706,2.14,6.19,7.6,3.8,4.221,7.08,9.24,2.56,5.79,7.12,3.373,3.4,268.8,12.48,2.5,6.92,8.44,4.25,2.561,313.9,11.89,1.6,5.8,-1.7,-58.15136745,-1.014932827,17,4.75
21/11/2016,36.88980,3.31,6.2,7.48,4.09,3.618,19.5,15.61,3.45,5.74,6.784,3.934,1.6,140.6,17.34,3.55,6.84,7.98,4.068,2.364,321.9,19.7,0.8,5.8,-0.2,-47.76481025,-0.833653205,23,6.5
22/11/2016,36.89254,4.32,5.49,6.936,3.407,3.216,24.27,18.29,4.37,5,6.491,3.673,2.4,141.4,23.54,4.74,6.09,7.48,4.542,3.349,4.452,23.72,2,6.6,1,-4.138813836,-0.072235929,34,15.79166667
23/11/2016,36.89528,2.19,7.16,8.72,3.772,0,191.2,10.03,2.11,6.57,8.07,3.717,0,294.5,8.9,2.14,7.41,9.42,3.34,0,210.7,9.31,0.4,6.7,-0.1,-119.8539764,-2.09184651,17,5.5
24/11/2016,36.89802,3.38,8.97,9.39,8.54,0,142.9,14.44,3.27,8.29,8.7,7.79,0,246,14.25,3.29,9.3,9.7,8.83,0,180.2,16.01,0,8.7,1,-148.7478154,-2.596139135,17,8.875
25/11/2016,36.90075,3.63,9.7,10.33,8.8,0.804,112.8,13.36,4.03,9.14,9.98,8.27,2,266.1,15.17,3.44,9.99,10.67,9.15,0.985,267.7,14.99,0.4,10.3,6.5,-146.2929431,-2.55329353,20,9.833333333
26/11/2016,36.90349,2.3,9.96,11.09,8.11,0.402,5.323,8.4,2.1,9.48,10.76,7.62,0.8,15.81,10.71,2.44,10.41,12.13,8.67,0.394,335,8.75,0,10.6,5.7,-55.90913751,-0.975798531,17,7.833333333
27/11/2016,36.90623,3.83,8.66,10.15,7.76,0.201,100.5,11.37,2.74,7.88,9.46,6.85,0,135.1,10.42,3.15,9.07,10.52,8,0,168.8,13.1,0,8.1,1.7,118.0892945,2.061047001,18,8.25
28/11/2016,36.90897,6.11,8.86,9.3,8,0,203.3,15.68,4.99,8.2,8.56,7.51,0,156.6,17.21,4.62,9.29,9.67,8.55,0,190.3,14.31,1.2,7.8,2.6,-157.5493803,-2.749755421,32,12.16666667
29/11/2016,36.91170,4,8.62,9.84,7.62,4.02,50.76,16.37,4.41,8.03,9.17,7.2,4,317,18.71,4.95,8.93,10.2,7.99,3.546,331.1,16.3,3.6,8.7,5.4,-121.0894515,-2.113409618,27,12.58333333
30/11/2016,36.91444,4.43,9.65,10.65,8.68,0.804,59.71,15.61,5.06,9.09,10.19,8,1.4,318.1,19,5.45,10.03,11.01,8.96,1.379,327.2,18.55,0.4,10.2,5.6,-105.4032774,-1.839634232,27,14.08333333
01/12/2016,36.91718,2.32,9.69,10.58,8.49,3.417,26.83,13.07,4.18,9.18,10.04,7.82,2.2,348.8,20.39,4.03,10.05,10.93,8.67,2.167,346.4,17.67,3.6,10.1,8,-86.25616265,-1.505454038,35,13.20833333
02/12/2016,36.91992,1.61,8.6,10.27,7.44,0.804,221.6,7.51,1.42,7.92,9.32,6.604,1.4,245.2,8.24,1.56,8.74,11.02,6.329,0.394,234.9,7.55,0,8.8,3.9,-77.99913352,-1.361341694,15,3.75
03/12/2016,36.92266,4.55,8.59,9.19,7.06,0.402,209.1,13.03,3.67,7.97,8.55,6.376,0.2,153.4,16.03,2.82,9.07,9.58,7.27,0.197,206.4,9.02,0,7.8,3.7,-144.2392995,-2.517450688,17,5.791666667
04/12/2016,36.92539,3.17,7.86,9.11,6.408,1.608,175.9,11.27,2.97,6.96,8.57,4.928,1.2,153.2,12.42,3.63,8.41,9.58,6.814,1.182,180.8,10.98,2.8,7.9,1.3,-124.5081803,-2.173077691,14,5.333333333
05/12/2016,36.92813,2.65,6.9,8.04,5.786,0,104.1,10.06,2.9,5.94,7.36,4.683,0,131.6,9.5,3.87,7.33,8.63,5.916,0,152.7,10.91,0.2,6,-1.3,49.16840155,0.858150495,12,4
06/12/2016,36.93087,5.9,10.06,11.49,7.96,25.33,196.3,20.38,6.19,9.48,11.13,7.28,19.4,138.4,23.53,6.54,10.46,11.9,8.53,19.11,178.3,20.55,18.8,11.6,-0.4,173.1848177,3.022645283,40,13.375
07/12/2016,36.93361,6.89,11.28,11.88,10.8,25.73,193.3,19.8,5.97,10.91,11.5,10.43,22.4,105,24.53,4.86,11.66,12.24,11.16,18.71,190.3,21.3,12.6,13.6,11.1,-155.0900829,-2.706832584,49,21.91666667
08/12/2016,36.93634,4.71,10.78,11.55,9.62,0,179,14.7,4.33,10.28,11.08,9.09,0,295.4,19.49,4.89,11.27,12,10.06,0,174.2,21.2,1.4,11.9,9.3,-142.0852853,-2.479856047,33,14.70833333
09/12/2016,36.93908,9.21,10.92,11.76,9.8,7.44,201.2,20.55,7.51,10.42,11.29,9.2,7.6,136.1,27.81,6.14,11.39,12.18,10.3,6.107,192.9,22.9,9.6,12.8,9.7,-164.435903,-2.869947916,42,20.54166667
10/12/2016,36.94182,5.56,9.43,10.24,7.76,0.603,92.4,18.82,5.32,8.81,9.85,7.16,1.8,264.8,24.63,5.56,9.82,10.81,8.25,1.182,166.7,23.39,6.2,10.6,7.2,-134.6963895,-2.350895487,39,16.95833333
11/12/2016,36.94456,4.46,10.06,10.83,8.44,0.201,109.6,17.25,3.99,9.52,10.16,8.08,0.2,297,19.29,4.01,10.42,11.33,8.92,0.197,245.5,18.1,5.2,9.9,7.1,-124.7577312,-2.177433177,30,10.29166667
12/12/2016,36.94730,5.07,8.67,10.32,5.784,7.04,262.7,18.62,4.89,8.08,9.78,5.012,5.2,8.85,19.7,3.92,8.58,10.67,4.573,5.319,313.2,13.1,6.4,10.3,3.1,-141.0212448,-2.461285038,31,13
13/12/2016,36.95003,4.49,9.25,10.36,7.35,0,99.7,14.57,5.22,8.34,9.74,5.764,0.2,127.3,15.33,6.29,9.47,10.65,5.714,0,152.7,14.28,0.2,9.3,0.2,118.6869892,2.07147874,26,10.625
14/12/2016,36.95277,5.96,9.34,11.52,7.43,4.824,188.2,21.3,5.64,8.75,10.94,6.784,3.8,134.2,25.52,6.33,9.79,11.83,8.08,3.743,184.1,22.41,10.8,12.5,6.1,-176.6930308,-3.083875153,29,13.5
15/12/2016,36.95551,6.6,9.14,10.15,8.06,1.608,190.7,19.93,6.73,8.44,9.64,7.27,1,154.1,18.83,7.95,9.64,10.61,8.79,0.985,175.9,21.76,1.4,11.5,5.5,170.8594305,2.98205962,36,16.95833333
16/12/2016,36.95825,3.7,8.72,9.77,7.57,0,122.2,17.71,2.84,8.06,9.17,6.765,0,291.7,15.96,3.48,9.1,10.18,7.88,0,225.2,14.18,0,11,2.1,-142.1965884,-2.481798653,20,7
17/12/2016,36.96099,6.45,10.21,10.79,9.26,5.427,182.5,18.42,5.04,9.64,10.25,8.71,6.6,12.23,20.74,6.2,10.63,11.2,9.76,5.319,182.9,20.94,4.6,10.2,3.7,-149.1624674,-2.603376177,40,19
18/12/2016,36.96372,7.56,10.53,10.78,9.98,1.005,202.3,19.14,5.96,10.07,10.33,9.35,1.6,97.1,25.29,4.76,10.86,11.12,10.28,0.394,201,13.26,0.4,11.2,10.1,-161.2410639,-2.814187455,41,19.45833333
19/12/2016,36.96646,5.53,8.1,10.49,5.515,1.407,125.3,17.54,4.71,7.42,9.98,4.944,1.6,212.9,26.11,4.51,8.39,10.97,5.744,1.379,243.7,18.91,4.2,10.4,4.3,-141.7976248,-2.474835424,38,14.625
20/12/2016,36.96920,11.19,8.07,9.79,5.253,65.12,181.6,28.26,9.61,7.46,9.21,4.684,28.6,167.1,33.75,7.21,8.46,10.11,5.542,10.44,218.9,23.1,17.2,8.3,4,-158.2198925,-2.761458066,61,28.20833333
21/12/2016,36.97194,5.94,4.73,7.15,1.981,6.834,101.6,21.53,4.82,3.92,6.408,1.237,7.2,263.2,25.84,5.48,4.97,7.63,1.966,8.67,242.3,26.04,10.6,6.1,1.2,-138.3571173,-2.414787241,38,17.5
22/12/2016,36.97467,5.95,5.06,8.08,2.278,4.221,74,22.12,4.58,4.29,7.3,1.7,5,357.1,23.51,5.42,5.34,8.5,2.693,5.319,260.8,22.12,10.8,4.7,1.3,-119.987259,-2.094172731,41,16.66666667
23/12/2016,36.97741,10.83,7.25,10.69,3.323,83.8,150.6,37.8,9.05,6.7,10.34,2.476,40.8,133.9,35.77,8.18,7.6,11.19,3.552,24.82,216.4,37.4,20.4,10,2.6,-142.6024668,-2.488882568,61,30.29166667
24/12/2016,36.98015,6.23,5.87,10.96,2.167,11.86,73.6,25.19,6.8,5.25,10.65,1.412,24.4,321.6,29.58,6.98,6.11,11.45,2.401,15.56,350.2,28.88,17.8,5.9,1.5,-106.1288752,-1.852298303,51,22.16666667
25/12/2016,36.98289,7.52,8.29,11.49,2.148,6.834,108.7,30.54,6.37,7.74,11.35,1.291,10.6,337,33.46,7.82,8.66,11.96,2.35,8.27,200.3,37.27,14.2,12.2,3.8,-128.7568395,-2.247230784,62,26.58333333
26/12/2016,36.98563,6.13,5.94,9.23,1.739,11.26,36.53,27.73,8.18,5.42,8.65,1.02,44.6,353.8,35.66,8.54,6.32,9.63,2.128,15.96,336,34.69,10.6,6.8,0.8,-91.03906608,-1.588931451,62,25.54166667
27/12/2016,36.98836,8.2,9.28,9.84,8.44,0.201,187.8,20.12,6.73,8.7,9.35,7.93,0.2,146.6,29.22,5.59,9.71,10.34,8.92,0,207.5,19.53,0.8,9.2,5.6,-145.0714785,-2.53197495,36,16.95833333
28/12/2016,36.99110,9.56,10.26,10.57,9.46,1.809,196.5,21.36,6.97,9.71,10.08,8.87,2.8,99.3,25.96,5.4,10.62,11.02,9.8,0.788,203.2,18.26,3.8,9.7,8.2,-159.1656682,-2.777964967,42,24.54166667
29/12/2016,36.99384,9.97,10.8,11.36,10.14,1.407,193.6,23.42,6.89,10.29,10.99,9.68,2.4,74.8,27.05,6.33,11.19,11.88,10.61,0.591,198.6,19.34,0.2,11.7,8.9,-160.4158634,-2.799784989,49,25.625
30/12/2016,36.99658,3.59,8.97,11.35,7.98,14.07,97.3,18.78,3.35,8.56,10.95,7.64,17.4,268.4,20.35,3.6,9.39,11.79,8.45,15.76,347.2,20.65,13.2,12.6,8.6,-126.5801994,-2.209241248,48,20.125
31/12/2016,36.99932,2.77,5.95,8.09,2.634,10.25,16.28,19.6,3.94,5.43,7.66,2.074,10.4,329.3,19.24,4.15,6.27,8.46,3.078,10.83,343.3,17.18,14.8,12.1,1.2,-82.83188539,-1.445689126,24,8.708333333
01/01/2017,37.00205,5.2,4.88,5.806,3.258,3.216,38,32.67,4.67,4.3,5.304,2.801,2.2,143.9,22.44,5.69,5.39,6.41,3.744,3.546,8.91,24.01,1.6,6.1,1.8,-7.915212674,-0.138146522,38,17.25
02/01/2017,37.00479,2.23,6.14,7.47,4.68,2.211,340.6,13.98,4.86,5.66,6.776,4.41,2.2,7.58,16.13,4.57,6.59,7.78,5.34,1.97,332.1,15.52,4.6,6.5,1.5,-65.48965728,-1.143010146,29,11.83333333
03/01/2017,37.00753,2.83,8.14,8.8,7.17,4.623,350.9,15.78,5.82,7.62,8.39,6.643,4,20.05,21.43,5.46,8.53,9.16,7.6,3.743,327.5,19.31,0.6,9,6.1,-70.08610074,-1.223233218,36,16.58333333
04/01/2017,37.01027,2.31,5.89,7.79,4.903,0,46.91,8.75,2.18,5.27,7.28,4.016,0.2,119.1,12.83,2.3,6.34,8.37,4.594,0.197,256.2,11.11,0,6.4,2,-14.52744008,-0.253551661,22,10.125
05/01/2017,37.01300,7.84,7.22,9.82,4.763,3.618,202.9,18.55,6.52,6.57,9.35,3.756,1.8,151.1,23.85,4.93,7.68,10.09,5.209,1.773,198.8,13.98,0,7.5,0,-167.8710223,-2.929902058,42,17.41666667
06/01/2017,37.01574,2.59,8.65,10.29,7.08,1.005,64.55,15.16,2.75,8.21,9.85,6.993,2.6,303,14.9,2.9,8.95,10.59,7.64,1.379,303.2,15.16,0.2,10,6.2,-120.7569019,-2.107605532,34,12.58333333
07/01/2017,37.01848,3.5,8.66,9.88,6.994,0.804,170.1,11.96,2.56,8.12,9.38,6.538,2.6,235,13.02,2.78,8.86,10.02,6.774,0.985,212.4,13.2,0,9.4,1.9,-137.2083045,-2.394736675,20,7.333333333
08/01/2017,37.02122,5.84,9.76,10.4,8.85,6.834,181.6,21.3,5.16,9.28,9.93,8.38,7.6,136.4,27.93,3.32,10.05,10.71,9.19,5.319,198.7,13.92,1.6,10.5,7.2,-154.6879308,-2.699813705,40,12.83333333
09/01/2017,37.02396,6.29,7.37,9.97,4.939,9.25,55.37,23.49,6.49,6.74,9.43,4.177,11.4,290.8,31.82,6.67,7.67,10.31,5.209,11.82,325.9,27.37,34.6,10.3,4.5,-134.813818,-2.352945002,49,21
10/01/2017,37.02669,5.01,8.38,10.36,6.348,6.03,28.29,26.43,6.61,7.84,9.98,5.932,14.6,42.63,29.77,6.43,8.75,10.86,6.794,7.29,328.8,34.92,9.2,8.5,6.2,-96.30480952,-1.680836012,43,19.33333333
11/01/2017,37.02943,6.96,4.83,7.78,1.526,8.24,20.31,22.41,10.59,4.26,7.23,0.862,48.4,128.4,38.26,9.35,5.21,8.13,1.874,13.2,340.2,34.66,17.6,9.9,2.2,-81.20325014,-1.417264078,61,31.54166667
12/01/2017,37.03217,4.37,2.83,4.203,0.587,2.613,4.915,20.74,6.34,2.34,3.79,0.079,2.6,322.8,27.95,6.49,3.25,4.886,0.994,2.364,323.3,26.33,10.4,4.1,0.4,-70.32170254,-1.227345245,54,18.41666667
13/01/2017,37.03491,3.44,3.72,5.685,1.934,7.84,346.8,18.62,6.4,3.25,5.273,1.291,6.2,352.5,29.16,6.36,4.25,6.178,2.532,8.08,321.4,30.64,10.6,3.3,-0.7,-47.46643055,-0.828445497,56,19.5
14/01/2017,37.03765,2.47,6.51,9.31,3.371,16.28,28.06,14.86,3.69,6.08,8.95,3.256,20.4,340.6,26.98,3.56,6.94,9.8,4.008,19.11,340.8,20.48,14.4,4.7,0.1,-99.2805403,-1.732772311,21,6.833333333
15/01/2017,37.04038,3.31,9.35,9.75,8.65,2.613,51.02,13.36,4.76,8.96,9.44,8.21,4.4,253.5,26.15,3.96,9.79,10.26,8.99,2.561,312.3,18.03,11.6,9.8,4.7,-92.30740028,-1.611068059,23,10.54166667
16/01/2017,37.04312,2.99,9.81,10.14,8.98,1.206,115.9,11.5,3.16,9.4,9.75,8.53,3.6,266.5,12.61,3.18,10.12,10.52,9.39,2.167,110,15.26,0.4,10.7,8.3,-147.8142967,-2.57984616,23,8.875
17/01/2017,37.04586,5.54,9.92,10.33,8.74,0.402,176.7,16.95,4.11,9.47,9.99,8.29,0.8,18.87,21.32,4.38,10.31,10.71,9.24,0.591,181.2,17.15,0.4,10.9,9.4,-156.691877,-2.734789165,34,12.66666667
18/01/2017,37.04860,6.15,9.66,10.14,8.74,0.402,185.3,16.01,4.49,9.12,9.68,8.19,0.6,14.29,18.95,5.65,10.07,10.57,9.09,0.197,181.2,14.57,0,10.7,8.6,-154.5790826,-2.697913946,31,16.20833333
19/01/2017,37.05133,5.52,9.55,10.03,9.02,0.402,185.1,14.54,3.91,8.98,9.48,8.47,0.6,17.66,17.65,4.75,9.95,10.45,9.4,0.197,186.9,17.67,0,10,8.4,-154.5801537,-2.697932641,25,12.66666667
20/01/2017,37.05407,5.61,8.23,9.21,7,0,207.2,12.71,4.92,7.62,8.62,6.386,0.2,153.1,17.11,3.98,8.68,9.64,7.53,0,203.1,13.33,0,8.7,2.4,-156.3199455,-2.728297736,23,10.66666667
21/01/2017,37.05681,6.91,7.12,8.05,6.393,0.402,213.5,15.45,5.44,6.49,7.41,5.678,0.2,168.8,16.59,4.15,7.65,8.49,7.03,0.197,202.1,14.54,0,7.5,5.7,-171.6661882,-2.996140198,30,16.33333333
22/01/2017,37.05955,2.83,7.01,8.61,6.223,5.829,220.4,9.02,2.3,6.43,8.07,5.491,6,179.1,9.01,2.12,7.37,8.95,6.259,6.107,214.9,7.87,0,6.7,3.2,-143.7882027,-2.509577563,26,6.375
23/01/2017,37.06229,8.01,8.17,9.09,6.494,2.211,208.1,20.29,6.09,7.57,8.49,5.821,0.8,160.6,19.26,5.05,8.59,9.46,6.926,0.591,198,18.46,0.4,8.4,4.6,-158.4348254,-2.765209353,37,14.875
24/01/2017,37.06502,9.73,9.83,10.36,8.64,2.613,201.4,22.51,8.08,9.33,9.92,8.11,1.4,121.4,29.02,5.5,10.27,10.81,8.99,0.591,203.1,19.63,1.6,10.1,7.7,-163.7406415,-2.857813314,42,23.375
25/01/2017,37.06776,12.34,9.87,10.43,9.03,38.79,212.4,24.4,9.51,9.32,10,8.33,9.8,162.8,24.94,7.2,10.22,10.86,9.39,10.05,200.4,23.98,0.8,10.9,8.8,-171.661961,-2.99606642,48,27.58333333
26/01/2017,37.07050,9.93,7.5,9.11,6.591,8.64,196.2,27.6,7.75,6.77,8.42,5.878,1.6,158.9,23,12.01,7.95,9.47,7.1,2.364,167.6,28.03,0,10.3,4.8,-177.1028346,-3.091027578,43,20.66666667
27/01/2017,37.07324,7.51,7.43,8.39,6.828,2.613,185.9,21.1,7.07,6.71,7.72,6.094,2.4,139.7,20.88,8.93,7.92,8.71,7.21,2.364,178.2,20.84,0,8.1,2.6,-172.4798939,-3.010342043,33,14.875
28/01/2017,37.07598,2.36,6.68,8.01,5.448,0,117.9,14.96,2.05,5.98,7.41,4.964,0,271.9,14.19,2.04,7.01,8.57,5.2,0,261.2,12.18,3.2,7.1,0.6,-144.4892345,-2.521812876,28,8.708333333
29/01/2017,37.07871,1.77,6.36,9.06,4.193,0.402,82.4,8.82,2.02,5.47,7.43,3.932,1.2,247.5,9.83,2.41,6.44,9.23,3.28,0.197,128.7,10.26,0.2,7.8,-0.1,-137.1072141,-2.392972315,13,6.083333333
30/01/2017,37.08145,6,7.73,8.75,6.897,5.628,114.2,23.16,7.45,7,8.01,6.095,3.2,140.4,20.61,9.4,8.28,9.16,7.6,4.531,165,19.83,0,8.1,3.2,134.5527282,2.348388125,25,10.70833333
31/01/2017,37.08419,5.74,8.86,9.82,6.93,4.623,200.8,21.43,4.75,8.3,9.11,6.329,3.4,128.4,18.13,3.88,9.34,10.01,7.47,3.349,200,20.71,10,9.9,7.8,-177.4633191,-3.097319221,32,15.125
01/02/2017,37.08693,5.59,8.45,9.32,7.66,1.005,148,18.52,6.63,7.75,8.74,6.985,1.2,147,19.37,7.62,8.94,9.75,8.33,0.985,174.8,19.04,0.8,9.5,7.4,155.7184941,2.717800429,25,13.33333333
02/02/2017,37.08966,6.49,9.4,10.39,8.17,1.809,123.6,17.15,7.44,8.67,9.52,7.48,3,140.8,20.59,7.44,9.69,10.52,8.71,3.349,166.6,17.67,6,11.2,7.8,131.3341681,2.292213655,33,16.16666667
03/02/2017,37.09240,8.97,8.16,9.86,6.72,5.025,199.4,25.71,7.63,7.5,9.27,5.982,2.6,156,29.28,6.66,8.65,10.18,7.37,1.576,189,20.71,7,11.1,5.5,167.0769776,2.916043364,49,22.25
04/02/2017,37.09514,2.61,5.78,7.53,3.987,11.26,47.33,12.25,2.58,5.15,6.546,3.334,12,1.814,16.52,2.63,6.2,8.08,4.27,12.21,315.5,15.48,23.2,7.8,4.1,172.1706298,3.004944365,35,12.79166667
05/02/2017,37.09788,2.66,6.07,7.76,4.901,4.02,206.6,8.82,2.01,5.38,7.77,4.13,2.4,175.5,12.69,2.18,6.59,7.88,4.916,4.334,200.3,10.36,4.8,6.3,3.2,176.0251905,3.072219141,26,11.5
06/02/2017,37.10062,6.78,6.82,8.77,4.891,8.64,152.5,27.05,7.96,6.05,8.19,4.411,8.2,146.8,24.83,8.83,7.35,9.09,5.18,14.97,177,26.3,6,7.6,4,155.1627238,2.708100407,44,20.66666667
07/02/2017,37.10335,2.69,7.55,9.16,5.827,0,145.4,14.83,2.32,6.91,8.91,5.096,0,264.6,17.52,2.33,7.99,9.69,5.976,0,217.3,15.81,1.6,8.7,2.3,-124.6253846,-2.175123293,37,7.541666667
08/02/2017,37.10609,5.44,7.55,8.59,6.053,0.603,193,19.18,5.82,6.86,8.06,5.633,0.6,154.8,25.01,7.48,8.16,8.67,5.845,0.394,175.6,19.83,0.2,7.6,-0.6,176.268782,3.076470615,30,11.25
09/02/2017,37.10883,4.72,6.11,7.64,4.751,0,116.9,19.93,7.31,5.33,6.899,3.96,0,137.9,22.78,9.07,6.79,8.25,5.411,0,166.2,20.94,0,6.6,3.6,156.272306,2.727466269,28,12.91666667
10/02/2017,37.11157,2.66,4.74,5.128,3.604,0,111,8.69,2.73,3.79,4.305,2.54,0,144,8.42,3.73,5.19,5.824,2.774,0,156.8,10.19,0,6.1,1.2,126.8499559,2.213949387,18,7.875
11/02/2017,37.11431,1.95,4.91,6.449,3.073,0,51.37,5.39,1.58,4.01,5.914,1.71,0,39.63,6.8,1.23,4.75,7.94,1.358,0,15.3,5.259,0,5.8,-2.9,44.34792178,0.774017251,11,4.75
12/02/2017,37.11704,4.24,5.64,6.777,4.508,0,69.51,12.05,2.65,4.76,6.272,3.5,0,108,15.88,2.3,5.94,7.36,3.906,0,204,16.43,0,6.2,0.6,102.0613898,1.781307291,40,11.16666667
13/02/2017,37.11978,5.37,7.14,9.11,4.434,0,81.1,10.68,5.06,6.47,8.73,3.388,0,111.8,14.77,4.74,7.6,9.68,4.754,0,154.1,14.86,0,8.6,3.2,105.8343318,1.847157551,32,14
14/02/2017,37.12252,4.56,8.62,10.14,7.81,0,129.6,15.71,4.88,7.87,9.73,7.13,0,133,13.13,5.34,9,10.2,8.25,0,159.2,17.02,0,10.4,3.1,119.8983085,2.092620252,25,10.45833333
15/02/2017,37.12526,4.25,8.55,9.22,8.02,4.221,179.4,14.6,4.92,7.91,8.69,7.31,4.2,148.7,16.61,5.83,8.96,9.66,8.45,4.531,171.5,15.45,10.6,10.2,5.2,165.8015391,2.893782762,29,11.20833333
16/02/2017,37.12799,2.16,9.08,10.64,7.75,1.608,331.4,13.39,3.02,8.54,9.66,7.35,2,337.1,16.39,2.86,9.35,10.92,6.794,1.773,333.7,16.3,15.4,10,6.6,-105.6491917,-1.843926248,24,10.91666667
17/02/2017,37.13073,5.22,8.89,9.54,7.95,1.407,208.9,14.86,4.23,8.34,9.05,7.2,1.2,168.3,13.63,3.92,9.22,9.8,8.52,0.788,185.5,14.47,0.4,9.5,5.9,-174.5985993,-3.047320427,24,10.5
18/02/2017,37.13347,4.11,8.88,9.89,7.9,12.26,85.5,15.75,4.14,8.41,9.32,7.35,16.2,205.9,19,4.22,9.27,10.09,8.24,13.99,282.9,19.18,22.2,10.1,7.2,-138.3500935,-2.414664653,29,14.33333333
19/02/2017,37.13621,3.25,8.95,9.99,7.56,0.804,81.6,13.26,3.22,8.55,10.01,7.08,3.6,297.8,16.47,3.2,9.31,10.52,7.94,1.773,283.1,13.69,1.6,10.7,6.4,-124.1778728,-2.167312739,31,13.5
20/02/2017,37.13895,4.78,8.51,10.15,5.713,2.613,35.93,19.11,5.98,8.02,10.04,5.162,3.6,259.3,26.19,6.11,8.93,10.73,6.329,3.152,342.7,24.3,8.4,10.7,5.1,-98.42851071,-1.71790159,40,19.33333333
21/02/2017,37.14168,5.91,8.09,9.7,5.489,7.64,95.5,21.33,6.34,7.58,9.23,5.011,14.6,298.9,28.9,6.69,8.5,10.12,6.057,11.23,343.1,31.88,22.6,10,4,-125.8333615,-2.196206467,49,18.70833333
22/02/2017,37.14442,3.85,6.21,7.7,4.291,3.417,11.55,22.25,5.72,5.57,6.794,3.307,8.6,350.3,32.57,5.47,6.45,8.05,4.068,4.925,347.1,28.52,4.4,8,1.7,-86.24214346,-1.505209357,57,20.25
23/02/2017,37.14716,2.35,4.71,7.21,3.136,5.829,358.5,14.8,3.86,4.08,5.735,2.53,6.2,4.5,20.56,4.03,5.08,7.15,3.512,5.713,331.5,18.2,8.8,5.2,0.7,44.79140345,0.781757467,17,4.958333333
24/02/2017,37.14990,6.74,6.72,9.74,4.25,10.85,214.2,20.35,5.69,6.2,9.24,3.343,7.6,114.3,25.3,4.46,7.1,10.15,4.27,6.107,233.3,16.43,9.2,7.4,-0.7,-146.6154114,-2.558921662,44,13.83333333
25/02/2017,37.15264,5.87,7.78,10.17,5.771,6.03,146.6,22.77,5.36,7.17,9.74,5.191,6.6,35.87,29.94,5.18,8.16,10.61,6.452,3.743,246.9,19.34,30.4,10,4.3,-134.6628657,-2.350310386,47,18.08333333
26/02/2017,37.15537,4.25,5.62,7.94,2.298,9.05,136.2,19.04,3.35,4.93,7.36,1.495,6.2,180.4,20.82,3.18,5.98,8.45,2.572,7.68,225,16.73,23.6,7.5,1.7,-161.5269156,-2.819176508,40,12.95833333
27/02/2017,37.15811,2.21,4.5,6.704,1.032,2.412,178.1,12.28,2.19,3.87,6.31,0.433,2.6,229.2,17.18,2.15,4.82,6.976,1.207,3.152,247.7,13.52,1.4,5.9,0.6,-150.0253829,-2.618436893,39,12.125
28/02/2017,37.16085,3.62,5.76,7.75,3.573,4.422,34.81,15.35,4.07,5.19,7.43,3.192,3,260.2,19.65,4.4,6.23,8.19,4.128,3.546,339.9,19.67,5.8,8.8,2.6,-2.696067953,-0.047055263,28,12.875
01/03/2017,37.16359,1.79,4.48,6.666,1.393,5.025,347.4,9.02,2.49,3.99,5.848,1.207,3.8,336.5,12.61,2.27,4.94,7.09,2.026,3.349,334.3,11.92,6.2,6.7,-0.1,-79.12746285,-1.381034755,26,10.08333333
02/03/2017,37.16632,2.29,5.86,8.03,3.772,2.412,7.53,11.69,3.77,5.23,7.09,2.998,2,6.315,16.78,3.67,6.21,8.67,4.18,3.152,341.4,13.3,8,7.5,1.9,-88.16824779,-1.53882622,31,13.04166667
03/03/2017,37.16906,2.5,6.19,9.13,4.36,1.206,23.17,9.54,2.26,5.59,7.77,4.027,0.6,131.9,14.25,2.25,6.56,9.22,4.047,0.394,279.8,14.05,0.2,8.8,-0.2,169.0337135,2.950194848,16,6.333333333
04/03/2017,37.17180,9.58,5.84,6.78,5.099,0.402,56.45,17.31,7.24,5.16,5.943,4.384,0.8,180.3,28.89,6.83,6.28,7.14,5.442,0.985,193.7,21,11.8,6.6,4.1,67.49523128,1.178014015,34,17.75
05/03/2017,37.17454,3.57,7,9.1,4.696,2.01,179.5,11.3,3.16,6.35,8.94,3.943,2.2,161.3,15.14,3.49,7.46,9.04,5.3,1.773,180.5,10.75,4.6,9.1,4.2,147.3027851,2.570918598,20,10.375
06/03/2017,37.17728,3.88,7.33,8.97,5.903,2.412,184.3,15.58,3.15,6.72,8.29,5.389,2.2,188.3,17.02,3.04,7.66,8.97,6.209,2.561,220.4,17.38,1.6,10.4,4.3,179.1865848,3.12739588,25,12.08333333
07/03/2017,37.18001,5.1,7.21,9.5,5.348,2.211,155.2,16.92,4.4,6.57,8.98,4.617,2.6,163.4,18.88,4.83,7.65,9.87,6.088,2.167,193.2,19.93,4.4,9.2,4.7,-174.9674476,-3.053758045,32,14.66666667
08/03/2017,37.18275,4.98,7.04,8.57,3.899,9.25,45.08,21.07,5.06,6.41,7.86,3.193,9.8,287.6,23.34,5.67,7.4,9.05,4.402,11.62,342,25.06,18.2,9,3.6,-120.1722244,-2.097400985,48,17.375
09/03/2017,37.18549,2.05,7.35,9.42,3.293,2.01,67.53,9.8,3.07,6.73,8.72,2.895,1.4,119.1,15.05,3.1,7.81,10.36,3.825,1.773,320.5,13.23,1.6,9.8,3,-96.8867126,-1.690992136,33,10.33333333
10/03/2017,37.18823,7.02,8.8,9.85,7.28,11.46,190.8,16.69,6.03,8.2,9.28,6.453,10.6,155.1,16.06,5.86,9.16,10.22,7.76,11.23,181.8,18.13,12,9.4,2.5,161.6879792,2.821987598,25,12.45833333
11/03/2017,37.19097,5.38,9.5,10.93,8.61,4.422,199.2,16.59,4.07,8.9,10.48,8.05,3.4,126.4,16.35,3.72,9.88,11.25,9.1,3.152,188.7,14.9,3.2,12.3,7.8,-171.6320361,-2.995544131,29,12.70833333
12/03/2017,37.19370,4.5,8.83,10.32,7.85,2.412,143.1,16.33,3.98,8.23,9.89,7.17,2.2,183.8,21.35,4.6,9.27,10.84,8.31,2.167,201.3,18.06,0.4,11.8,5.6,-168.7604191,-2.94542496,26,10.04166667
13/03/2017,37.19644,6.05,9.18,10.41,7.33,1.407,150.5,19.18,5.31,8.67,9.97,6.746,3.8,348.8,22.69,6.07,9.63,10.91,7.75,1.97,202.6,26.56,3.8,11.1,6.2,-141.923554,-2.477033304,36,18.75
14/03/2017,37.19918,6.6,7.92,9.91,5.723,4.02,63.88,24.57,5.31,7.33,9.41,4.823,5.4,358.5,27.35,6.61,8.39,10.36,5.966,4.531,290.7,29.43,8.2,11.2,4.8,-112.5860463,-1.9649972,63,24.34782609
15/03/2017,37.20192,5.35,8.94,10.29,7.05,3.819,170.3,16.86,4.31,8.36,9.74,6.434,3.8,83.3,20.9,4.92,9.42,10.72,7.62,3.546,195.5,19.76,3.6,11.2,4.5,-138.2685593,-2.413241611,33,15.58333333
16/03/2017,37.20465,6.51,6.37,9.75,3.04,4.422,79.6,22.18,5.68,5.74,9.27,2.586,6.2,2.265,26.23,6.05,6.76,10.29,3.744,5.516,267.1,22.54,8.8,9.7,2.5,-123.0146888,-2.147011348,44,23.125
17/03/2017,37.20739,2.13,4.87,5.8,3.098,6.834,48.12,13.75,2.33,4.24,5.096,2.352,10.4,33.12,25.19,2.33,5.25,6.269,3.644,10.83,334.7,15.29,15.2,5.9,2.1,-101.0326318,-1.763352076,39,9.875
18/03/2017,37.21013,2.53,7.39,10.13,4.52,3.819,120.2,11.83,2.21,6.75,9.39,3.821,5.4,271.6,12.8,2.27,7.74,10.73,4.361,5.319,265.2,12.45,5.2,10.5,1.8,-140.117695,-2.445515118,30,9.708333333
19/03/2017,37.21287,4.15,7.08,8.5,5.255,1.206,67.26,14.86,3.81,6.44,7.63,4.241,1.8,342.8,22.47,3.97,7.51,9.41,5.785,1.379,300.5,18.91,15.6,8.8,3.9,-118.2714883,-2.064226882,38,13.20833333
20/03/2017,37.21561,5.02,5.91,7.65,3.724,4.824,74.2,23.49,4.77,5.17,6.984,3.203,5.4,336,26.95,5.09,6.31,8.22,4.27,4.137,305.1,24.99,11.4,8.5,3.8,-127.916464,-2.232563465,48,20.875
21/03/2017,37.21834,3.1,3.89,5.844,1.274,13.87,25.76,15.68,4.07,3.21,5.284,0.92,15.2,318.2,18.11,4.08,4.23,6.592,1.884,19.11,335.1,18.2,9,5.9,0.8,-114.9099822,-2.005557533,25,11.54166667
22/03/2017,37.22108,3.64,4.84,6.145,2.95,1.809,33.58,16.82,4.06,4.27,5.69,2.382,2,261.1,22.1,3.74,5.32,7.12,3.401,1.576,274,16.79,0.2,6.4,1.8,42.34382978,0.739039248,35,15.52173913
23/03/2017,37.22382,2.45,5.99,7.75,3.677,0,153.2,10.94,2.1,5.39,7.27,3.425,0,165.2,13.87,2.17,6.27,7.72,3.198,0,208.7,9.87,0,7.4,0.4,166.8865357,2.912719525,14,6.458333333
24/03/2017,37.22656,3.89,8.3,9.51,6.78,0.201,175.3,13.13,3.7,7.67,8.6,6.066,0,286.3,15.3,4.61,8.77,9.62,7.34,0,178.1,15.84,0,10.6,1.5,-142.5079315,-2.487232615,27,13.5
25/03/2017,37.22930,2.41,9.27,11.06,8.43,0,147.4,10.22,3.13,8.57,10.18,7.91,0,250,13.66,2.92,9.69,11.34,8.88,0,173.7,14.77,0,14.4,5.5,-150.1422554,-2.620476703,23,11.875
26/03/2017,37.23203,1.78,8.54,11.03,6.399,0,215.3,6.664,1.75,8.19,11.01,6.076,0,232,6.563,1.85,8.62,10.96,6.108,0,145.3,7.22,0,11.3,1.6,98.53293267,1.719724097,11,4.434782609
27/03/2017,37.23477,1.75,8.62,10.21,6.573,0,40.15,6.337,1.43,8.83,11.58,7.51,0,209.2,5.703,1.95,9.08,11.77,6.753,0,36.88,7.02,0.4,9.5,2.2,23.41779717,0.408717664,18,6.666666667
28/03/2017,37.23751,1.79,8.76,10.82,7.23,0,108.1,7.06,2.29,8.59,10.55,7.62,0,124.2,7.13,1.87,8.9,10.5,6.764,0,141.8,7.28,0,10.9,3.9,82.74455103,1.444164854,17,6.541666667
29/03/2017,37.24025,4.48,9.01,10.39,8.17,5.226,132,12.02,4.36,8.4,9.38,7.45,5.8,124.5,12.05,4.06,9.45,10.34,8.59,7.09,160.8,11.5,11.2,10.4,7.2,116.8125666,2.038763894,27,11
30/03/2017,37.24298,4.71,9.59,11.24,8.24,0.201,210.2,13.72,3.49,8.98,10.1,7.52,0.2,158.5,14.72,3,9.93,11.05,8.47,0.197,189.7,12.22,4.2,12.5,4.8,173.8454026,3.034174665,21,7.458333333
31/03/2017,37.24572,1.53,9.29,10.58,8.63,5.226,84.7,7.28,1.71,8.77,9.5,8.17,5,144.2,9.77,1.71,9.7,10.57,8.91,5.122,206.3,7.32,50,10.3,8.6,90.2479921,1.575124605,19,6.041666667
01/04/2017,37.24846,1.62,8.53,10.43,6.799,3.417,13.06,9.64,3.21,7.85,9.67,6.151,4.6,5.266,13.97,3.41,8.89,11.13,7.02,3.94,338.3,11.14,8.6,10.4,5.9,-97.48918111,-1.701507195,24,10.41666667
02/04/2017,37.25120,6.96,8.86,10.64,6.365,0.201,204,17.9,5.31,8.21,9.77,5.774,0.2,158.9,17.34,4.06,9.2,10.74,6.652,0,220.6,14.24,0.8,10.7,2.5,-152.3929991,-2.659759591,34,12.70833333
03/04/2017,37.25394,8.34,9.09,10.3,6.789,10.25,208.1,21.14,7.48,8.53,9.79,6.255,6.8,166.1,24.87,6.4,9.47,10.77,7.2,6.304,196,21.3,3.6,10.4,7.6,-167.9816242,-2.931832424,46,22.16666667
04/04/2017,37.25667,5.48,7.88,9.18,5.688,0.201,65.88,21.46,5.22,7.29,8.87,5.19,0.4,344.7,26.32,6.22,8.33,9.6,6.259,0.591,284.1,22.25,NA,10.3,4.8,-111.2393684,-1.941493236,44,19.95833333
05/04/2017,37.25941,3.14,8.69,10.66,7.77,0.201,38.33,14.18,4.03,7.97,9.77,7.12,0.6,354.9,23.97,3.97,9.1,10.81,8.23,0.394,311.7,19.01,1.6,11.1,6.2,-88.95350721,-1.552531582,33,14.58333333
06/04/2017,37.26215,3.45,9.34,10.79,8.32,0.804,65.4,12.61,2.63,8.76,9.74,7.88,1,291.3,12.92,3.63,9.77,10.73,8.9,0.591,292.9,16.82,0.4,12.4,6.5,-123.7135769,-2.159209246,31,16.04166667
07/04/2017,37.26489,4.76,8.92,10.43,7.6,1.005,166.5,13.75,3.35,8.26,9.78,7.05,1.8,22.16,16.18,3.81,9.29,10.27,8,1.773,199,13.16,1.8,12.6,6.2,-137.0085437,-2.391250192,25,12.5
08/04/2017,37.26762,6.19,9.57,11.45,8.82,0.201,194,14.41,4.8,8.86,10.49,8.33,0,91.2,19.03,3.59,9.94,11.3,9.46,0,194.5,11.4,0.2,11.7,7.8,-160.4158634,-2.799784989,29,15.70833333
09/04/2017,37.27036,3.04,7.94,9.46,6.511,5.025,14.36,12.18,4.34,7.27,8.83,5.924,6.4,45.08,18.29,3.99,8.34,9.9,6.996,6.698,332.2,22.31,11,9.6,5.9,-114.277457,-1.994517885,30,13.75
10/04/2017,37.27310,3.11,7.6,9.83,5.833,7.44,34.7,15.91,3.89,6.86,8.35,5.228,10.4,351.2,17.27,4.41,7.94,9.27,6.32,9.65,314.7,17.08,11.6,9.7,2.9,-81.05213717,-1.414626659,33,12.95833333
11/04/2017,37.27584,4.78,8.7,9.21,7.7,8.64,58.96,16.1,4.77,8.23,8.73,7.39,16.4,334.7,24.41,5.52,9.21,9.73,8.35,14.38,296.8,20.38,23.2,10,6.7,-107.92049,-1.883567881,35,18.33333333
12/04/2017,37.27858,3.09,7.55,9.07,6.559,1.206,349.5,14.28,5.75,6.86,7.77,5.963,1.8,17.27,24.02,5.48,7.98,9.14,7.08,1.379,333,19.01,3.4,9.7,6.1,-79.49688238,-1.387482343,38,18.16666667
13/04/2017,37.28131,2.93,7.67,9.61,6.219,1.206,34.06,11.01,4.09,6.93,8.45,5.435,2.8,16.38,15.43,3.79,8.07,9.77,6.652,2.758,336.9,13.16,4.8,9.9,4.6,-98.32364023,-1.716071255,27,11.79166667
14/04/2017,37.28405,3.24,6.75,8.82,5.247,2.412,27.9,14.77,4.38,6.08,7.33,4.363,2.8,325,19.03,4.57,7.21,8.92,5.462,3.152,344.7,19.73,10.6,9.1,3.5,-106.7897204,-1.863832228,35,11.41666667
15/04/2017,37.28679,2.25,6.56,8.82,4.126,1.206,346,15.16,4.51,5.83,7.61,3.503,1,20.49,18.16,4.3,6.92,8.78,4.452,1.182,334.6,14.6,6.6,9.8,2.3,-76.65770686,-1.337929382,35,16.375
16/04/2017,37.28953,2.42,6.29,8.34,3.64,6.432,65.77,5.749,2.08,5.63,7.7,2.961,5.4,131.7,8.76,1.84,6.75,9.38,4.118,5.91,207.2,6.893,4.8,9.1,4.3,8.024024364,0.140045644,22,8.75
17/04/2017,37.29227,2.75,6.8,9.39,5.364,0.402,63.59,8.13,2.22,5.9,8.59,4.044,0.2,111.6,12.6,2.01,6.69,9.76,3.846,0.591,108.5,10.19,0,8.8,1.6,33.10102266,0.577721831,28,8.791666667
18/04/2017,37.29500,3.72,7.22,9.06,5.523,4.422,223.2,14.96,3.62,6.58,8.31,4.73,4.2,141.1,17.34,3.41,7.61,9.14,6.028,3.743,191.3,12.15,1,7.6,0.8,178.953214,3.123322792,29,12.73913043
19/04/2017,37.29774,2.76,8.53,9.93,6.04,0.603,95.2,11.24,2.91,8.03,9.46,5.737,1,288.5,13.26,2.56,8.71,10.42,5.159,0.591,263.6,12.18,0.4,12.5,4.6,NA,NA,22,NA
20/04/2017,37.30048,2.79,9.43,10.19,8.55,0.804,64.66,9.38,2.93,8.99,9.79,7.97,2.8,323.6,13.81,3.02,9.89,10.72,8.87,2.167,244.6,12.32,1.8,11.4,9,-112.9623393,-1.971564751,27,15.125
21/04/2017,37.30322,1.99,7.88,10.35,5.662,4.02,16.14,12.18,3.73,7.08,9.2,5.125,4.8,0.931,14.56,4.15,8.18,10.36,5.986,4.137,337.2,13.3,8.6,9.8,5.8,-58.13202821,-1.014595293,33,13.25
22/04/2017,37.30595,1.47,7.29,10.53,4.923,0.603,355.5,10.45,2.34,6.54,8.7,4.673,0.6,9.91,10.57,2.17,7.68,10.04,5.764,0.788,339.6,11.01,1.2,9.3,3.7,-56.23039272,-0.981405493,21,8.25
23/04/2017,37.30869,3.05,7.9,9.52,5.542,1.407,42.24,14.05,3.54,7.3,8.81,5.162,2,311.6,24.06,3.9,8.31,9.94,6.462,2.167,291,18.95,4,9.7,3.8,-101.8177202,-1.777054455,32,13.54166667
24/04/2017,37.31143,4.47,4.65,6.127,1.869,3.015,10.78,23.91,6.21,3.89,5.491,0.946,3.2,326.5,30.85,6.71,4.96,6.724,2.288,3.546,262.5,26.66,18.8,6.2,0.6,-32.84614891,-0.573273445,51,21.95833333
25/04/2017,37.31417,4.72,4.84,6.389,2.847,3.819,44.53,20.42,4.49,4.18,5.878,2.148,3.4,152.3,18.36,5.46,5.24,6.774,3.218,4.334,27.27,22.47,4,7.5,2.5,-0.824794334,-0.014395377,41,21.625
26/04/2017,37.31691,1.93,7.38,10.6,3.884,3.618,10.82,9.64,3.56,6.65,9.85,3.661,3,349.9,13.95,3.65,7.67,10.8,4.734,3.94,329.9,14.67,1.3,11,1.6,-66.90426713,-1.167699745,27,9.708333333
27/04/2017,37.31964,2.22,7.96,9.59,6.351,0.402,358.7,11.53,3.93,7.22,8.47,5.868,0.4,352.4,13.7,4.27,8.24,9.38,6.996,0.591,317,21.1,3,9.7,6.2,-29.37040387,-0.51261025,30,12.70833333
28/04/2017,37.32238,4.67,8.42,9.62,7.35,0.603,201.7,16.4,4.31,7.76,9.01,6.454,0.4,181.2,12.73,4.41,8.75,9.72,7.06,0.394,181.9,18.78,0.7,11.1,4,-159.1296767,-2.777336796,20,8.291666667
29/04/2017,37.32512,5.39,9.26,10.48,8.18,1.206,137,16.82,6.21,8.65,10.31,7.57,1,149.4,16.03,7.77,9.56,10.34,8.63,0.591,167.9,18,0,13.4,7.6,148.3810736,2.589738281,25,12.79166667
30/04/2017,37.32786,3.93,10.29,12.03,9.07,0,74.6,11.4,5.18,9.95,12.12,8.33,0,103.1,16.47,4.68,10.96,12.96,9.6,0,146.6,15.16,0,14.2,8.4,112.8926207,1.970347932,32,17.58333333
01/05/2017,37.33060,1.61,10.61,13.23,8.48,0,66.57,5.063,2.28,10.2,12.04,7.9,0,125,6.927,1.74,10.9,13.02,9.05,0,150.4,7.74,0,17.1,7.3,111.5151752,1.946306973,25,12.29166667
02/05/2017,37.33333,2.17,10.91,12.62,9.43,0,227.1,13.1,2.08,10.65,12.46,8.68,0,151.9,9.6,2.04,11.06,12.88,9.62,0,168,8.62,0,14.9,4.4,98.23361721,1.714500057,16,6
03/05/2017,37.33607,1.68,11.93,13.52,9.67,0,76.7,7.77,2.21,11.4,13.52,9.87,0,81.3,8.34,1.73,11.68,13.85,9.41,0,67.33,8.04,0,16,8,96.28308107,1.680456779,21,8.625
04/05/2017,37.33881,4.82,10.79,12.56,9.26,0,43.84,14.24,3.3,10.19,12.71,8.09,0,60.03,11.34,3.1,10.93,13.3,8.83,0,350.1,11.5,0,11.6,7.1,60.83278189,1.061732337,22,10.875
05/05/2017,37.34155,4.31,10.5,14.43,8.08,0,37.13,15.81,3.23,10.18,13.19,7.64,0,63.76,13.03,3.29,10.79,13.65,8.6,0.197,350.6,14.24,0,11.5,4.1,46.72015979,0.815420615,27,11.83333333
06/05/2017,37.34428,4.66,9.66,11.9,7.81,0,42.25,12.74,3.23,8.82,11.05,7.34,0,49.92,9.11,3.2,9.74,11.67,8.27,0,9.12,12.28,0,11.2,6.5,47.42758851,0.827767576,27,13.58333333
07/05/2017,37.34702,6.91,8.4,9.94,7.42,0,49.18,17.77,4.13,7.86,9.65,6.906,0,51.47,18.85,4.03,8.86,10.36,7.9,0,302.2,15.03,0,10.5,7.7,45.44649514,0.793190974,29,17.5
08/05/2017,37.34976,7.09,8.31,9.86,7.21,0,53.23,15.58,4.19,7.72,9.56,6.632,0,121.7,19.14,3.9,8.77,10.56,7.77,0,264.6,16.3,0,10.3,7.5,50.81623153,0.886910554,25,16.125
09/05/2017,37.35250,2.7,7.9,9.94,6.734,0,49.55,7.94,2.56,7.19,8.95,6.171,0,59.86,8.04,2.42,8.09,9.84,7.25,0,21.48,10.26,0,10.7,2.7,29.72596881,0.518816029,19,7.875
10/05/2017,37.35524,2,7.92,9.52,6.688,1.206,110.3,8.59,1.99,7.3,9.31,6.207,2.2,219,9.37,2.03,8.29,9.71,7.28,2.167,266.3,7.91,2.4,11,7.1,-126.055339,-2.200080705,17,7.791666667
11/05/2017,37.35797,2.63,9.65,12.47,7.01,0,149.4,8,2.88,9.04,12.08,6.433,0,147.9,8.19,3.03,9.91,12.1,7.76,0,171.7,8.1,0.4,14.5,7,125.4660644,2.189795924,13,6.208333333
12/05/2017,37.36071,1.77,10.02,10.87,8.72,1.407,50.68,9.64,1.99,9.47,10.37,8.6,1.4,122.1,9.26,1.8,10.32,11.11,9.07,1.379,146.7,9.08,0,15.6,5.9,106.3166023,1.85557476,15,5.083333333
13/05/2017,37.36345,2.11,10.52,11.87,8.79,4.221,114,9.34,2.16,10.12,11.78,8.49,4.2,112.2,14.99,1.97,10.92,12.35,9.5,3.94,150,11.11,1,15.6,6.9,141.6971774,2.473082286,17,6.833333333
14/05/2017,37.36619,5.41,11.01,12.79,9.33,0.201,204.9,13.69,4.96,10.21,11.82,9.02,0.2,139,17.63,3.2,11.15,12.42,9.94,0,193.4,13.03,1.2,15.2,9.2,-172.9111029,-3.017868058,28,12.375
15/05/2017,37.36893,7.21,10.88,12.16,9.42,2.814,172.7,21.07,6.47,10.3,11.79,8.77,3,140.8,18.59,5.87,11.2,12.68,9.7,2.955,176.2,24.53,0,13.9,8.7,154.6984602,2.699997478,29,14.375
16/05/2017,37.37166,7.76,11.01,12.15,8.82,12.26,198.1,19.83,6.05,10.48,11.78,8.16,8.8,152.2,22.96,4.82,11.38,12.66,9.24,8.08,199.8,18.91,9,15.1,9.8,-164.5214113,-2.871440317,42,19.70833333
17/05/2017,37.37440,6.78,10.64,12.33,9.16,1.407,198.8,16.76,6.04,9.92,11.73,8.71,1,117.8,22.64,3.61,10.87,12.09,9.79,1.182,205.2,12.54,0.4,14.3,9.7,-168.3338118,-2.937979258,37,18.66666667
18/05/2017,37.37714,3.41,10.44,12.46,8.51,0,193.5,12.58,3.29,9.55,11.32,8.24,1,151.4,15.18,2.31,10.45,11.89,8.95,0.394,210.9,12.15,8.4,13.5,7.2,-170.4104869,-2.974224076,23,9.75
19/05/2017,37.37988,3.89,9.69,12.22,7.56,15.28,160,14.63,3.99,9.05,11.29,7.04,11.8,140.8,14.12,4.03,9.97,11.22,8.09,13.4,171.1,10.88,0,15.1,8.6,137.0549027,2.392059309,19,10
20/05/2017,37.38261,2.52,10.21,11.65,9.47,0.603,97.3,12.05,2.21,9.56,10.78,8.93,0.8,109.7,12.78,2.14,10.61,11.61,9.92,0.394,163.3,12.02,17.2,10.9,9.2,128.0769894,2.23536516,23,7.5
21/05/2017,37.38535,5.05,10.69,11.98,8.32,4.221,174.6,13.92,4.46,9.98,11.21,8.01,4.4,142.8,15.18,4.62,10.82,11.73,8.74,4.137,174.3,13.69,3.4,13.1,8.2,166.8074234,2.911338754,29,11.70833333
22/05/2017,37.38809,4.5,10.74,12.36,9.52,6.432,179,16.5,3.83,10.05,11.3,9.22,4.8,158.8,13.81,4.94,10.99,11.9,10.04,4.925,163.8,17.54,10.4,14.2,9.8,168.184477,2.935372874,21,10.25
23/05/2017,37.39083,3.02,10.91,12.55,9.9,0.804,135.8,11.04,2.98,10.26,11.15,9.35,1.6,254.6,16.37,3.01,11.2,12.22,10.14,1.182,192.9,14.57,3.8,14.9,6.8,-141.083962,-2.462379659,23,10.41666667
24/05/2017,37.39357,2.56,11.15,11.75,10.58,0.201,77.8,9.96,2.61,10.82,11.36,10.18,0.6,293.4,11.91,2.97,11.53,12.06,11.13,0.197,355.3,16.07,0.2,14.2,11,-155.0779227,-2.706620349,22,10.29166667
25/05/2017,37.39630,2.58,11.32,12.48,10.64,0.402,214.7,9.8,2.15,11.17,13.01,10.29,0.4,183.4,10.21,1.94,11.61,12.62,10.38,0.197,194.8,10,0,18.3,10.4,165.6497967,2.891134357,21,8.291666667
26/05/2017,37.39904,2.57,13.98,16.49,11.35,6.231,216,11.96,1.99,14.15,17.25,11.25,5.8,126.2,11.39,1.51,14.28,16.36,10.32,6.501,189.1,8.62,0,23.1,9.6,160.455073,2.800469326,12,4.291666667
27/05/2017,37.40178,2.33,12.1,14.56,10.86,9.25,324.8,8.72,3.97,11.42,15.1,10.27,10.8,340,10.49,4.87,12.34,14.64,11.21,10.44,25.21,15.22,12,20.4,11.9,-1.839943054,-0.032113064,19,6.875
28/05/2017,37.40452,1.66,11.52,13.76,9.8,0,27.92,7.87,2.07,10.86,12.93,9.35,0,16.04,8.44,2.09,11.84,14.13,9.54,0,354.9,11.63,4.8,14.8,10.1,-21.65654547,-0.377978023,25,11.125
29/05/2017,37.40726,2.82,11.49,13.95,9.87,0.201,119.7,8.89,2.3,10.91,13.47,9.34,0,136.2,12.61,1.81,11.91,13.69,10.3,0,205.2,8.46,3.2,15.1,8.3,76.16596263,1.329346826,16,7
30/05/2017,37.40999,3.72,11.1,12.32,9.88,9.25,71.8,14.99,4.16,10.48,11.77,9.27,9,173.6,19.38,3.92,11.54,12.78,10.36,8.86,298.6,16.99,8.4,13.7,9.9,-148.2207742,-2.586940529,32,11.16666667
31/05/2017,37.41273,3.01,11.67,13.77,9.27,0.402,134.8,13.85,3.32,11.11,13.28,8.83,0.2,142.8,12.98,3.19,11.83,12.79,10.08,0.197,174.2,12.77,0,15,6.1,170.8318839,2.981578842,17,8.333333333
01/06/2017,37.41547,6.46,12.33,13.74,11.12,3.417,206.3,15.75,5.04,11.68,12.58,10.68,2.8,158.7,15.95,4.32,12.58,13.48,11.63,2.758,187.1,17.8,4.8,14.2,11.4,167.3480242,2.92077402,25,11.375
02/06/2017,37.41821,4.61,11.89,13.72,9.95,0.201,193.8,12.09,4.39,11.1,12.6,9.34,0.2,136.3,14.72,2.72,12.08,13.32,10.49,0.197,206.2,8.79,1.6,16.2,9.2,-163.4521638,-2.852778428,24,11.375
03/06/2017,37.42094,4.38,11.31,12.98,9.37,4.623,204.3,12.58,3.66,10.59,11.91,8.79,4.4,155.3,13.61,3.45,11.55,12.4,9.88,3.349,188.7,12.9,1.6,16.1,9.3,163.33891,2.850801776,19,8.916666667
04/06/2017,37.42368,3.32,11.1,13.6,8.79,3.216,202.8,9.57,2.88,10.4,12.94,8.39,3.6,124.5,13.07,2.13,11.23,13.19,8.79,3.349,205.1,7.87,2.4,15.5,9,-165.8290025,-2.89426209,25,11.08333333
05/06/2017,37.42642,2.51,11.15,13.18,9.14,6.432,49.18,10.36,2.25,10.49,12.66,8.6,4.2,126.5,9.69,2.31,11.26,13.71,8.31,3.349,1.413,13.07,1.6,13.6,8.1,70.25547979,1.22618944,21,9.583333333
06/06/2017,37.42916,3.39,10.8,13.37,8.94,5.628,28.92,14.5,3.27,10.03,11.64,8.42,5.2,167.4,13.18,4.1,11.08,12.71,9.47,5.319,20.43,17.18,6.8,12.6,9.8,18.51136841,0.323084328,32,17.625
07/06/2017,37.43190,1.78,10.42,13.23,8.52,0.201,21.1,10.13,2.32,9.52,11.58,7.42,0,341.5,12.21,2.22,10.48,13.17,7.54,0,280.7,13.69,0,13.2,8.3,-31.21531682,-0.544810056,24,12.04166667
08/06/2017,37.43463,4.01,10.91,12.45,9.06,0,68.96,9.24,3.01,10.3,12.47,8.33,0.4,104,12.58,2.67,11.25,12.95,8.61,0.394,162.8,11.86,0,15.7,3.2,63.20930089,1.103210418,24,10.375
09/06/2017,37.43737,4.79,11.52,12.93,10.39,0,65.52,10.13,3.5,10.92,12.74,9.72,0,149.4,13.38,3.47,11.8,12.96,10.75,0,189.1,10.52,0,13.7,9.4,54.55371645,0.952141971,24,12.79166667
10/06/2017,37.44011,5.87,12.51,14.96,11.03,5.829,158.7,19.73,5.36,11.96,14.66,10.49,6.8,140.5,17.3,4.56,12.79,14.56,11.51,7.49,168.7,15.52,15,15.1,10.2,119.197205,2.080383687,25,10.75
11/06/2017,37.44285,7.34,12.23,14.19,11.39,9.05,199.1,16.89,5.83,11.55,12.44,10.93,11.4,148.2,20.6,4.31,12.5,13.87,11.75,9.46,193.2,17.02,5.8,14.9,11.5,-177.0803007,-3.090634287,28,15.375
12/06/2017,37.44559,2.81,11.81,13.78,10.81,3.618,44.58,10.91,3.79,11.21,12.38,10.14,3.8,27.63,18.67,3.54,12.24,13.71,11.12,3.152,311.6,17.12,7.2,15.8,11.6,-100.8429968,-1.760042321,23,12
13/06/2017,37.44832,3.22,12.51,14.06,11.73,1.608,177.2,10.55,2.9,11.82,13.07,11.19,2,149.5,15.03,3,12.73,13.99,12.1,1.576,177.4,13.65,0.8,17,10.2,-159.7307084,-2.787826778,21,10.79166667
14/06/2017,37.45106,7.56,12.49,13.2,11.65,19.9,208.7,17.54,5.98,11.92,12.67,11.04,14.6,160.5,18.23,5.05,12.83,13.57,12.02,14.38,190.3,17.22,0,15.7,11.5,-177.0663815,-3.090391351,27,12.33333333
15/06/2017,37.45380,3.76,12.63,14.21,11.26,4.422,167.3,15.22,3.02,11.92,13.29,10.56,4.8,126.1,17.47,3.17,12.88,13.86,11.83,4.334,199.8,13.07,10.8,16.8,11.8,-159.3604166,-2.781363966,26,13.08333333
16/06/2017,37.45654,3.61,12.34,12.81,11.24,4.422,127.8,12.12,3.48,11.89,12.42,10.77,6,280.4,14.71,3.68,12.76,13.3,11.71,5.516,176.7,17.93,8.4,14.7,11,-139.4547509,-2.433944561,26,12.08333333
17/06/2017,37.45927,3.67,12.49,12.93,11.98,1.809,155.5,14.8,4.15,12.1,12.41,11.46,3.2,276.9,21.7,4.91,12.94,13.3,12.42,1.773,152.8,18.82,0.8,15.8,12.3,-149.122228,-2.602673867,29,14.45833333
18/06/2017,37.46201,3.21,12.1,13.2,11.4,0.804,112,14.34,3.35,11.51,12.64,10.97,1.4,244.2,15.07,3.1,12.49,13.65,11.86,0.985,138.5,17.51,0,16.1,11.2,-136.9155799,-2.389627666,25,11
19/06/2017,37.46475,2.47,11.68,14.38,10.48,1.809,66.61,10.98,2.75,10.97,13.16,10.05,2.2,281.8,13.91,3.03,12.07,14.23,10.85,2.167,320.7,11.89,6,15.1,10.2,-117.1191961,-2.044115588,24,9.791666667
20/06/2017,37.46749,1.96,11.91,14.45,10.76,0,70.3,7.84,2.14,11.26,13.72,10.2,0,108.4,9.37,1.69,12.35,14.34,11.23,NA,292.5,7.25,0,14.5,9.1,-136.1000474,-2.375393939,17,7.625
21/06/2017,37.47023,2.98,12.62,14.1,11.4,7.04,87,12.15,2.8,12.09,13.75,10.77,5.8,151.5,14.05,2.64,13,14.54,11.65,NA,184.7,11.3,0.4,18.3,9.4,165.9672622,2.896675175,33,9
22/06/2017,37.47296,6.17,12.25,13.07,11.42,13.07,181.5,19.24,5.21,11.65,12.13,10.84,9.8,136.4,26.37,3.54,12.61,13.07,11.85,NA,203.1,13.13,9,15.6,10.1,-147.0735526,-2.566917735,39,12.83333333
23/06/2017,37.47570,5.47,11.8,13.49,10.39,1.809,83.6,20.16,4.47,11.26,13.12,9.92,3,291.6,19.67,5.39,12.19,13.41,11.02,NA,282.9,24.21,4.4,15.2,11.1,-129.1419151,-2.25395162,41,21.79166667
24/06/2017,37.47844,4.75,10.91,12.46,9.15,1.608,57.85,19.47,5.15,10.23,11.35,8.69,3.6,4.549,25.95,5.22,11.3,12.79,9.65,NA,316.8,22.47,17.6,13.7,9,-108.3978027,-1.891898558,45,20.66666667
25/06/2017,37.48118,1.8,11.71,13.92,10.32,1.206,2.808,8.75,2.99,10.87,12.61,9.69,0.4,19.79,13.7,2.92,12.02,14.04,10.65,NA,333.9,12.74,3,14.1,9.1,-62.00846154,-1.082251818,22,11.70833333
26/06/2017,37.48392,2.65,11.16,13.04,10.35,0,52.27,7.58,1.97,10.56,12.1,9.37,0,97.8,7.04,1.9,11.66,13.37,10.06,NA,341.5,8.3,0,13.2,8.5,21.69114425,0.378581886,18,7.791666667
27/06/2017,37.48665,3.17,11.82,12.94,10.17,0.402,48.68,8.75,1.99,11.2,12.37,9.27,0.6,72.8,8.72,1.74,12.19,13.6,9.62,NA,310.5,6.631,0,14.3,10.4,96.70006913,1.687734593,25,14.04166667
28/06/2017,37.48939,3.83,12.71,15.21,10.8,0,54.7,15.55,3.43,12.08,14.42,10.24,0.2,58.38,15.59,3.32,12.86,15.68,11.19,NA,30.42,14.57,0,16.5,10.3,75.57083387,1.318959869,28,15.25
29/06/2017,37.49213,5.73,11.23,13.21,10.31,0.201,36.39,16.2,5.12,10.51,12.13,9.62,0,87.8,18.49,5.14,11.49,13.03,10.69,NA,310.6,21.89,1.8,13.3,10.6,27.55047849,0.48084656,32,19.41666667
30/06/2017,37.49487,3.51,11.46,13.21,10.06,0,44.32,15.39,2.73,10.87,13.1,9.67,0,93.4,11.16,3.37,11.72,13.81,9.32,NA,19.78,16.95,1.8,15.6,10.5,3.527686685,0.061569748,25,12.45833333
01/07/2017,37.49760,5.44,12.02,13.58,10.91,1.206,100,16.37,5.81,11.35,12.14,10.4,1.6,194.2,25.58,5.15,12.37,13.42,11.52,NA,293.6,21.1,1.8,15.3,5.9,-132.0764336,-2.305168631,36,16
02/07/2017,37.50034,3.38,11.56,12.46,10.18,3.819,76.7,12.15,3.7,10.99,11.84,9.77,4.4,296.7,14.71,3.48,11.95,12.95,10.69,NA,347.6,14.14,6.2,16.3,11,-109.961382,-1.919188166,28,14.79166667
03/07/2017,37.50308,1.68,11.9,14.42,9.97,1.005,11.04,9.96,2.57,11.27,13.63,9.44,1.6,358.4,15.32,2.32,12.23,14.9,9.11,NA,340.4,14.14,2.2,15.8,8.2,-73.44897878,-1.281926512,24,9.625
04/07/2017,37.50582,2.36,12.15,14.41,9,0,35.33,6.501,2.33,11.46,13.81,8.78,0,42.04,7.24,1.82,12.08,14.84,8.56,NA,7.77,7.64,0,14.9,5.7,12.89853727,0.225121944,18,7
05/07/2017,37.50856,2.96,12.76,14.75,10.77,0,130.4,9.02,2.82,12.07,14,9.99,0,133.3,8.93,2.26,12.87,14.34,10.12,NA,180.7,8.82,0,16.6,7.1,93.26446933,1.627772065,17,6.666666667
06/07/2017,37.51129,4.26,12.65,13.09,11.08,7.44,193.5,11.66,4.01,12.17,12.73,10.91,11.4,93.4,16.99,3.19,13,13.37,11.85,NA,208.2,12.67,5.6,14.5,12,-173.9850091,-3.036611258,25,10.83333333
07/07/2017,37.51403,1.7,12.08,14.15,10.64,0.201,62.2,9.57,2.2,11.37,13.39,9.63,1.2,311.8,9.04,2.35,12.38,14.47,10.81,NA,330.1,9.77,0.2,15.6,11.1,-79.28267244,-1.383743674,19,8.791666667
08/07/2017,37.51677,4.74,11.71,12.32,10.8,8.44,147.7,15.81,4.08,11.13,11.82,10.2,11.2,299.7,19.44,4.91,12.08,12.72,11.25,NA,190.9,18.36,18,12.5,9.3,-148.0624774,-2.58417773,33,14.58333333
09/07/2017,37.51951,1.73,12.37,14.83,10.81,0.201,33.41,7.25,2.03,11.63,13.44,10.51,0,2.055,11.35,2.15,12.73,15,11.17,NA,345.4,9.96,0.2,16.3,10,-87.8282947,-1.532892919,21,8.791666667
10/07/2017,37.52225,1.27,11.9,14.07,10.54,0,17.33,6.305,1.85,11.17,12.81,9.63,0.2,351.6,6.397,1.81,12.29,14.79,10.58,NA,341.4,6.043,3.2,15.6,9.8,-96.35717909,-1.681750033,16,4.75
11/07/2017,37.52498,2.62,12.16,14.74,9.56,0,21.11,7.32,2.58,11.59,13.75,9.63,0,97.4,9.69,2.03,12.46,14.37,10.02,NA,323.6,10.78,2.8,15.2,6.6,4.276966763,0.074647152,20,8.416666667
12/07/2017,37.52772,2.09,12.83,15.46,9.38,0,194.3,6.958,2.06,12.25,14.77,9.73,0,58.58,9.14,2.11,13.15,15.24,10.82,NA,224.3,7.28,0,17.7,5.2,-67.19884746,-1.172841142,17,5.166666667
13/07/2017,37.53046,3.88,12.54,14.23,11.14,1.809,173.8,15.71,4.09,11.84,13.31,10.52,1.4,112.5,16.88,3.13,12.92,14.52,11.61,NA,245.1,12.48,3.6,15.2,7.4,-152.6206214,-2.66373235,25,9.166666667
14/07/2017,37.53320,3.84,12.51,13.94,11.32,4.221,190.9,13.16,3.69,11.94,13.27,10.78,4.4,138.6,15.02,3.23,12.84,13.82,11.73,NA,213.6,12.05,3.2,15.4,10.8,-120.913407,-2.110337062,28,12.45833333
15/07/2017,37.53593,3.38,12.64,14.24,11.28,6.633,104.7,13.62,3.18,11.99,12.91,10.99,9.6,297,13.69,3.91,12.97,13.71,11.92,NA,223.2,12.81,16,15.3,11.9,-137.3382531,-2.397004706,30,13.5
16/07/2017,37.53867,4.77,12.55,13.87,11.01,0.402,64.58,17.84,3.57,11.97,13.06,10.54,1.2,302.2,16.86,4.79,12.97,14.02,11.55,NA,283,21.85,8.4,15.4,10.4,-120.4047624,-2.101459539,40,17.04166667
17/07/2017,37.54141,2.8,13.5,15.7,12.54,0,140.8,12.15,3.81,12.98,16.11,11.97,0,267.1,15.81,3.33,14.02,17.31,12.87,NA,257.2,15.48,0.8,19.1,11.8,-114.9111351,-2.005577654,27,12.95833333
18/07/2017,37.54415,2.54,15.45,18.37,11.89,0,101.6,10,2.98,14.87,17.62,11.45,0,118.5,12.45,1.47,15.42,17.97,11.98,NA,184.8,9.51,0,21.8,9.5,126.8383207,2.213746315,13,5.75
19/07/2017,37.54689,3.46,15.39,17.41,11.86,7.04,90,11.43,3.89,14.55,17.45,11.29,7.8,130.8,12.29,2.4,15.38,17.24,12.12,NA,175.2,15.35,0.2,21.4,13.6,117.6552944,2.05347227,32,15.95833333
20/07/2017,37.54962,1.91,12.81,15.28,11.13,0,130.5,9.28,2.1,12.12,14.53,10.37,0,135.4,12.23,2.05,12.86,14.57,11.2,NA,183.6,9.02,13,15.8,11.5,-141.6784809,-2.472755972,21,7.041666667
21/07/2017,37.55236,3.62,14.09,17.38,12.04,0,44.27,10.39,2.51,13.44,16.99,11.24,0.2,79.6,12.25,2.3,14.23,17.74,11.88,NA,315.2,8.66,1.6,19.5,9.3,68.46473384,1.194935027,20,9.166666667
22/07/2017,37.55510,2.16,16.84,18.85,14.95,0,50.82,8,2.43,17.07,20.28,14.77,0,94.2,8.77,2.33,17.72,20.87,15.52,NA,62.08,9.96,0,21.3,13.9,98.9704724,1.727360606,23,11.375
23/07/2017,37.55784,3.92,14.59,16.16,13.47,0,34.05,10.71,4.94,13.84,17.04,12.73,0,19.1,11.38,3.88,14.67,16.36,13.67,NA,30.48,11.11,0,16.9,12.6,44.49547616,0.776592561,19,10.375
24/07/2017,37.56057,2.82,13.39,14.85,12.08,0,38.44,8.53,3.99,12.62,14.27,11.38,0.2,6.91,9.51,3.55,13.61,15.16,12.54,NA,34.7,8.85,0,15.7,12,20.29932258,0.354290015,17,9.833333333
25/07/2017,37.56331,2.94,12.34,13.41,11.6,0,62.86,9.41,2.05,11.78,12.82,11.06,0,140.6,12.79,1.93,12.82,14.03,12.08,2.364,231,10.65,0,13.9,11.4,23.38025337,0.408062401,18,8.958333333
26/07/2017,37.56605,4.93,12.73,14.09,10.82,15.28,91.6,15.42,4.89,12.1,13.28,10.33,22,140.4,18.19,5.04,13.17,14.43,11.24,22.26,148.9,21.69,5.8,16.4,10.9,147.1260012,2.567833136,27,13.875
27/07/2017,37.56879,5.72,12.44,14.64,10.64,7.24,186.3,17.87,4.68,11.74,13.41,10.15,7.4,145.7,19.46,4.5,12.84,14.45,11.19,7.09,190.3,17.31,11.4,16.2,10.3,-168.2696894,-2.936860111,29,14.375
28/07/2017,37.57153,4.57,13.26,15.32,12.22,5.427,191.5,15.26,4.27,12.45,13.56,11.53,5.8,140.6,15.93,3.5,13.57,15.2,12.64,5.516,187.4,14.6,11,16.9,12,166.6317526,2.90827272,30,13.83333333
29/07/2017,37.57426,2.51,12.92,14.39,12.06,8.44,121.2,8.75,2.27,12.3,13.62,11.43,10.8,250.1,10.88,2.3,13.35,14.63,12.49,9.26,209.6,10.71,28.8,16.3,12.2,-169.0110762,-2.949799753,27,13.125
30/07/2017,37.57700,1.81,13.48,15.86,11.89,1.206,179.4,6.697,1.85,12.8,15.05,11.38,0.6,151.7,6.617,1.65,13.65,15.19,11.74,1.773,194.7,5.521,3.8,16.6,12.2,161.2830536,2.814920313,17,9.333333333
31/07/2017,37.57974,2.32,13.49,15.64,11.86,0.201,74.4,5.292,1.86,12.83,15.2,11.01,0.2,104.2,9.43,1.72,13.8,15.81,10.98,0,154,7.64,1,16.6,11.7,163.3838743,2.851586552,11,3.333333333
01/08/2017,37.58248,1.44,13.97,15.87,12.59,0,37.05,4.247,1.55,13.35,15.55,11.68,0,12.92,5.567,1.42,14.25,16.87,11.88,0,21.83,4.606,5.2,17.1,10.5,-152.3101774,-2.65831408,15,3.875
02/08/2017,37.58522,3.14,14.23,15.83,12.76,0.804,54.34,15.61,2.58,13.67,16.38,12.4,0.6,178.5,13.74,2.52,14.44,16.36,12.13,1.182,246.1,12.38,0.2,17.7,10.6,131.2734285,2.291153548,24,7.916666667
03/08/2017,37.58795,4.26,13.28,14.68,12.36,7.64,39.47,16.73,4.39,12.63,13.73,11.66,8.6,259.4,17.36,4.16,13.67,14.83,12.65,7.09,260.6,18.39,18.2,15.2,12.5,24.80624219,0.432950601,26,16.58333333
04/08/2017,37.59069,2.04,13.39,15.82,11.62,2.01,10.44,10.03,3.15,12.53,14.24,11.25,2,347.6,15.19,3.33,13.68,15.7,12.02,1.379,328.7,12.51,9,16,12.2,-30.9299722,-0.539829852,20,11
05/08/2017,37.59343,1.91,13.03,15.58,11.27,1.005,53.44,7.77,2.24,12.27,14.27,10.83,0,0.91,8.32,2.22,13.48,15.92,11.92,0,309.6,7.97,1.6,16.1,10.1,-68.11534356,-1.188837016,20,7.583333333
06/08/2017,37.59617,3.53,13.14,14.78,11.93,2.01,171.3,10.49,3.68,12.49,14.05,11.36,2.8,152.4,10.89,3.82,13.52,14.61,12.43,2.758,195.6,11.17,4.2,16.7,7.3,160.5619129,2.802334034,23,8.958333333
07/08/2017,37.59890,1.8,13.38,15.44,12.21,2.01,76,8.92,2.38,12.72,14.17,11.62,2.4,330.4,10.56,2.32,13.76,15.64,12.68,1.379,327.7,9.8,4.8,15.9,10.1,-166.8839005,-2.912673532,19,7.416666667
08/08/2017,37.60164,2.65,13.77,15.78,12.52,3.015,22.44,11.63,2.91,12.98,14.7,12.06,2.6,336.9,12.79,2.89,14.09,15.86,12.95,2.364,302.2,11.69,0,16.9,12,58.37085782,1.018763656,23,10.04166667
09/08/2017,37.60438,2.71,13.6,15.75,11.8,0,42.89,10.52,2.75,12.69,14.62,11.47,0,351.4,11.62,2.95,13.94,16.28,12.6,1.379,331.6,10.19,0,17.1,7.6,-55.46255674,-0.968004227,19,9.625
10/08/2017,37.60712,6.45,13.51,14.23,12.36,8.04,179.1,18.95,4.81,12.92,13.56,11.69,10,341.6,20.24,5.25,13.98,14.66,12.68,8.27,203,18.69,1.2,15.7,12,-142.8969996,-2.494023134,42,18.08333333
11/08/2017,37.60986,3.52,13.47,14.54,12.03,2.211,60.54,17.05,3.66,12.89,13.77,11.74,5,302.8,20.31,3.97,13.94,14.76,12.83,3.743,205.2,17.67,23,17.3,12.3,-117.2988967,-2.047251956,39,16.79166667
12/08/2017,37.61259,2.14,12.82,15.25,10.44,1.809,9.53,8.66,3.06,12.01,13.87,10.16,2.2,0.976,12.41,2.62,13.11,15.32,11.11,2.758,320.7,11.04,3,16.1,9.4,-61.25285757,-1.069064041,20,8.333333333
13/08/2017,37.61533,2.47,12.97,14.95,10.77,2.01,170.4,8.43,2.2,12.27,14.42,9.94,1.8,152.2,9.46,1.94,13.14,14.84,10.16,2.955,218,10.36,6.4,16.5,8,-135.7255753,-2.368858168,20,8.875
14/08/2017,37.61807,3.18,13.06,14.22,11.59,0.201,119.5,8.49,2.91,12.38,13.47,10.92,1.2,140,10.44,3.29,13.45,14.39,11.94,0.788,172.1,12.09,2.4,15.5,12.1,144.6570736,2.524742221,20,9
15/08/2017,37.62081,3.17,13.45,15.24,12.2,0.402,132.7,10.81,2.78,12.81,14.76,11.79,0.4,248.7,13.14,3.35,13.83,14.53,12.75,0.197,226.7,12.87,8.4,16.9,10.1,-142.5718193,-2.488347667,28,10.95833333
16/08/2017,37.62355,6.27,13.59,14.52,12.27,16.28,192.9,18.26,5.97,13.02,13.95,11.71,14.8,143.1,21.85,4.75,14.01,14.88,12.66,13.99,186.1,21.4,24.8,15,10,177.1809068,3.092390196,35,14.875
17/08/2017,37.62628,3.96,13.75,14.99,12.88,0,173.3,13.65,4.73,13.05,14.14,12.16,1.8,62.89,24.82,5.19,14.09,14.77,13.26,0.788,185.6,19.14,0.8,18,13.1,-162.0996751,-2.829173048,33,17.08333333
18/08/2017,37.62902,2.65,13.14,15.35,11.97,4.824,74.2,12.48,3.59,12.41,14.28,11.4,4.6,307,19.38,3.64,13.42,15.32,12.26,6.107,323.2,15.35,14,17.4,11,-104.0263799,-1.815602839,23,6.958333333
19/08/2017,37.63176,2.56,13.37,15.55,11.97,4.623,7.77,13.39,4.49,12.61,14.11,11.53,3.2,8.26,22.83,4.21,13.6,16.22,12.36,3.743,332.6,22.64,17.8,16.3,11.6,-66.08224431,-1.15335274,27,13.75
20/08/2017,37.63450,2.72,12.63,14.09,11.24,0.402,44.93,7.12,2.36,12.02,13.72,10.87,0.6,57.78,9.35,2.34,13.14,15.04,11.89,1.379,298.7,9.73,1,14.5,10.4,4.161930597,0.072639392,21,7.625
21/08/2017,37.63723,3.87,13.15,14.11,12.34,4.02,87.9,7.51,4.48,12.52,13.61,11.7,5.6,108,29.42,4.07,13.54,14.53,12.73,5.713,141.1,10.32,0,16.7,8.3,88.55692119,1.54560985,16,6.958333333
22/08/2017,37.63997,2.78,14.47,15.18,13.84,22.11,90.8,10.81,3.27,14.02,15.66,13.46,25.6,112.4,38.58,2.65,14.67,16.31,14.07,25.41,152.4,12.84,20.4,17.8,13.6,107.5043068,1.876304113,15,7.125
23/08/2017,37.64271,4.29,14.4,16.07,13.31,12.66,172.8,14.86,3.91,13.95,16.11,12.8,15.6,139.6,16.77,3.53,14.72,16.54,13.68,15.96,191.5,15.61,18.4,18.3,14,160.4723046,2.800770073,26,8.791666667
24/08/2017,37.64545,2.62,13.87,15.8,13.22,10.05,152.3,9.67,2.95,13.2,14.68,12.56,9.6,142.6,10.2,3.36,13.99,15.06,13.38,8.86,166.1,10,1.2,16.7,12.1,164.9488785,2.878901027,19,8.791666667
25/08/2017,37.64819,2.57,14.01,15.44,12.96,3.015,78,5.978,2.63,13.53,15.05,12.46,3.8,105.8,7.23,2.38,14.45,16,13.21,4.531,154.4,8,7.2,16.9,12.3,117.3842688,2.048741981,15,6.25
26/08/2017,37.65092,1.98,14.14,16.22,12.65,0,155.6,9.83,1.79,13.54,15.76,11.86,0.2,101.4,8.61,1.53,14.24,16.05,11.6,0.197,195.2,9.57,0,17.7,11,-12.67893618,-0.221289182,11,3.666666667
27/08/2017,37.65366,6.99,13.74,14.36,12.77,12.66,198.8,17.25,5.56,13.17,13.76,12.15,12.2,102.8,25.22,3.8,13.99,14.67,13.03,10.83,201.8,11.43,4.4,15.4,12.8,-165,-2.879793266,30,14.91666667
28/08/2017,37.65640,5.37,13.8,15.08,12.63,6.03,140.9,16.63,4.32,13.26,14.19,11.99,6.4,254.3,23.79,5.14,14.18,15.08,12.89,6.107,256.3,21.72,8.4,17,11.7,-133.433709,-2.328857554,38,19.5
29/08/2017,37.65914,5.22,12.6,13.9,11.11,4.02,87.4,18.42,4.86,11.99,13.6,10.56,6.4,236.2,22.77,4.55,12.98,14.55,11.19,6.304,359.3,22.15,5.8,15.3,9.7,-133.3253251,-2.3269659,31,15.04166667
30/08/2017,37.66188,2.67,13.21,15.1,12.01,0.603,68.69,11.5,2.22,12.59,14.72,11.56,1,304.8,13.23,2.79,13.47,15.19,12.26,2.167,274.5,11.17,14.4,17.1,10.1,-122.134349,-2.131646521,24,10.33333333
31/08/2017,37.66461,1.74,12.26,13.84,9.62,1.608,345.9,6.468,1.94,11.74,13.2,9.86,3.4,346.6,6.693,1.74,12.61,14.07,9.45,3.743,346.8,8.23,1.4,15.4,8.8,-46.9479529,-0.819396355,14,6.25
01/09/2017,37.66735,2.06,13.08,15.28,11.11,0,60.77,8.26,2.11,12.42,14.39,10.1,0.2,292.7,9.17,2.12,13.3,15.86,10.14,0.788,321.6,8.2,0,16.4,6.7,-108.3072368,-1.890317886,20,7.208333333
02/09/2017,37.67009,5.45,13.78,15.13,12.33,1.206,201,15.68,4.62,13.16,14.41,11.81,0.8,153.2,15.65,5.55,14.01,14.88,12.85,0.788,183.9,15.35,0,16.4,9,179.5026339,3.132911978,22,11.16666667
03/09/2017,37.67283,4.66,13.97,14.34,13.41,3.819,196.9,15.03,5.83,13.43,13.89,12.85,3.2,142.3,18.96,6.43,14.17,14.55,13.61,2.561,174.6,16.33,3,16.3,13.6,160.0786329,2.793899207,30,14.04166667
04/09/2017,37.67556,7.21,14.26,15.24,12.88,4.422,193.3,17.22,5.74,13.67,14.66,12.33,3.6,129.6,23.97,4.36,14.51,15.59,13.25,3.152,194,15.94,12.2,17.3,13.6,-166.6796492,-2.909108675,30,16.375
05/09/2017,37.67830,4.52,12.89,14.23,10.9,1.407,141.6,16.53,4.04,12.22,14.15,10.24,0.6,252.1,17.91,4.47,13.11,14.17,11.35,2.167,172.4,18.85,14.4,16.1,10.4,-149.9742235,-2.617543993,32,14.20833333
06/09/2017,37.68104,3.59,12.84,14.67,11.47,0.201,76.5,13.36,3.58,12.06,12.92,11.22,0.4,312.9,17.91,3.78,13.06,14.65,11.8,0.197,309.7,15.55,4.4,15.4,10.4,-116.8079924,-2.038684059,28,12.83333333
07/09/2017,37.68378,3.77,12.48,14.01,11.29,8.04,139.1,13.49,2.96,11.87,12.71,10.79,9,18.87,16.3,3.39,12.79,13.84,11.67,9.06,214.1,13.85,14.6,14.8,10.1,-152.1447967,-2.655427643,25,9.75
08/09/2017,37.68652,1.92,12.33,14.39,11.52,4.422,13.37,10.78,3.22,11.66,13,11,5,333.7,13.94,3.08,12.6,14.72,11.91,4.334,329.3,11.6,11.8,15.3,9.7,-84.27040495,-1.470796028,22,6.958333333
09/09/2017,37.68925,3.46,12.67,14.25,11.88,1.005,51.16,21.07,3.31,12.04,13.74,11.3,1.2,197.9,16.65,3.92,12.97,14.41,12.02,1.576,354.1,19.76,5.2,13.8,9.6,-24.88218696,-0.434276088,30,10.83333333
10/09/2017,37.69199,3.46,12.05,13.56,10.55,9.65,136.4,14.96,2.99,11.42,12.51,9.95,8.4,190.2,15.24,3.16,12.39,13.53,10.88,9.06,225.6,18.65,24,13.3,10,-177.6934347,-3.101335495,34,11.125
11/09/2017,37.69473,3.8,12.08,13.8,10.39,2.211,13.75,21.85,5.9,11.31,12.24,9.83,2.4,346.6,21.03,6.66,12.28,13.18,10.88,2.955,323,26.43,27.2,14,9.4,-28.78162496,-0.50233412,36,19.33333333
12/09/2017,37.69747,1.14,10.98,12.84,9.24,3.015,53.57,8.36,2.02,10.43,11.84,8.69,4.6,314.9,14,1.92,11.22,13.12,9.32,4.728,328.4,12.18,7.6,13.6,9.5,-94.24368318,-1.644862571,30,8.333333333
13/09/2017,37.70021,2.45,11.23,13.12,9.75,3.015,10.25,13.82,3.02,10.64,12.41,9.35,2.6,329.3,14.27,3.25,11.45,12.9,9.51,3.94,5.806,17.57,7,13.9,6,-25.39604113,-0.443244535,23,7.166666667
14/09/2017,37.70294,3.3,10.84,12.06,9.62,1.608,354.4,15.65,5.26,10.26,11.31,9.15,0.8,326.9,19.69,5.27,11.2,12,10.14,0.591,248.5,21.23,9.4,12.2,8.4,-28.33164135,-0.494480424,36,18.25
15/09/2017,37.70568,2.87,11.22,13.01,10.07,0.603,30.73,16.5,4.34,10.59,12.11,9.52,0.6,242.7,18.62,4.54,11.48,12.62,10.39,0.788,97.8,19.6,6.4,12.5,9.7,-17.91095512,-0.312605139,31,16.75
16/09/2017,37.70842,2.83,11.24,12.12,10.57,1.407,41.85,10.45,2.5,10.65,12,10.01,0,198.3,10.94,2.73,11.59,12.72,11.05,4.531,288.8,10.85,4.8,12.7,9.1,7.218738615,0.125990757,25,11
17/09/2017,37.71116,2.06,12.43,13.87,11.23,0,57.38,7.19,1.72,11.82,13.52,10.62,0,110.3,8.06,1.54,12.57,14.41,10.64,0,183,7.19,7.2,14,9.8,53.97254575,0.941998629,14,6.75
18/09/2017,37.71389,1.57,12.23,14.12,11,0,138,5.423,1.67,11.7,13.87,10.37,0,126.4,6.913,1.47,12.48,14.61,10.42,0.197,166.3,6.795,0,13.8,5.6,7.726685746,0.134856107,10,3.083333333
19/09/2017,37.71663,5.22,12.82,13.99,11.3,1.809,206.8,17.05,4.36,12.17,13.4,10.38,1.2,169.7,13.58,5.16,13.09,14.24,11.94,1.379,179.9,19.8,0.6,15.2,5.4,-163.2813708,-2.849797528,20,7.583333333
20/09/2017,37.71937,2.81,11.76,14.04,9.41,4.824,340.8,16.56,3.17,11.19,13.46,9.33,3.6,320.4,17.23,2.93,11.77,14.31,8.45,3.743,338.7,19.73,3.4,14.6,10,-91.85121668,-1.603106153,26,10.08333333
21/09/2017,37.72211,3.5,11.91,14.22,9.86,0.402,216.4,13.85,3.17,11.15,13.21,9.3,0.4,169.9,14.42,2.42,11.58,13.98,7.95,0.197,211.7,10.45,NA,14.3,7.3,-125.5879152,-2.191922621,20,4.421052632
22/09/2017,37.72485,3.73,11.57,13.46,9.87,5.226,191.5,13.3,3.39,10.85,12.18,9.34,4.2,157.1,15.15,3.44,11.85,12.89,10.49,4.925,179.4,13.92,2.2,13.2,8.8,156.9414529,2.739145086,28,11.95833333
23/09/2017,37.72758,6.44,13.68,15.19,11.89,3.618,194.9,20.81,6.91,13,14.37,11.21,2,147.7,20.57,9.16,13.91,15.22,12.32,2.364,170.8,21.07,0.2,16.4,12.1,168.4182562,2.939453092,35,16.04166667
24/09/2017,37.73032,5.23,13.19,14.5,11.52,0,210.8,16.2,4.34,12.63,13.45,11.27,0.2,140.6,20.24,2.52,13.39,14.49,10.83,0,205.3,13.59,7.2,15.8,11.3,178.8950554,3.122307732,37,12.08333333
25/09/2017,37.73306,2.53,12.89,14.78,11.17,0,206.5,11.17,2.62,12.24,13.92,10.89,0,165.6,11.62,3.4,12.67,13.99,10.28,0,167.9,11.56,0,15,8.1,160.3518165,2.798667159,12,3.958333333
26/09/2017,37.73580,4.25,13.69,14.1,13.28,0,150.4,17.77,6.2,13.03,13.42,12.68,0,138,16.65,7.21,13.81,14.14,13.51,0,167.4,14.01,0,16.9,10.5,144.543301,2.522756514,19,9.583333333
27/09/2017,37.73854,4.96,13.67,14.41,12.04,12.06,104,16.24,6.39,12.99,13.78,11.57,14.4,139.6,17.6,6.86,13.73,14.48,12.49,14.97,166.8,15.32,16.4,17.2,12.9,122.4793358,2.137667676,31,15.95833333
28/09/2017,37.74127,3.75,12.51,14.08,11.08,0.804,112.3,18.29,4.68,11.85,13.49,10.61,2,149.4,23.78,5.23,12.7,13.9,11.35,1.97,182,19.37,22,14.5,11.9,164.1604176,2.865139788,23,10.08333333
29/09/2017,37.74401,9.38,12.65,13.69,10.98,4.221,203.8,23.1,7.85,12.01,13.12,10.2,2,151.9,23.42,7.37,12.98,14,11.19,2.561,187.7,23.85,3,14.3,11.5,169.7482933,2.962666618,39,19.625
30/09/2017,37.74675,4.94,11.91,13.13,9.95,1.608,187.5,14.54,3.61,11.28,12.91,9.19,1.2,76.9,17.57,4.32,12.2,13.26,10.12,1.182,191.2,16.53,5,14,10.3,-169.9744532,-2.966613852,36,14.45833333
01/10/2017,37.74949,5.96,11.44,13.14,9.56,10.25,113.8,20.25,5.74,10.78,12.62,8.79,14.2,180.2,26.29,6.55,11.83,13.55,10.14,14.18,173.1,23.16,33.6,14,8.5,-178.3446686,-3.11270167,39,17.375
02/10/2017,37.75222,4.03,11.5,12.8,10.25,8.24,355.9,18.55,7.06,10.93,11.78,9.18,6.8,19.5,25.63,6.42,11.83,13.06,10.31,5.713,332.3,22.08,8,13,9.3,-86.49586413,-1.509637618,41,20.70833333
03/10/2017,37.75496,4.81,10.78,11.92,9.29,4.02,40.54,19.83,5.77,10.19,11.16,8.73,8.4,1.286,24.32,5.77,11.08,12.02,9.74,7.49,331.5,26.95,4.2,12.5,9.3,-96.50603083,-1.684347986,34,18.125
04/10/2017,37.75770,3.63,10.51,11.68,9.25,0.402,39.6,17.05,5.26,9.96,10.88,8.74,1,338,25.6,5.18,10.82,12,9.55,0.591,349.5,23.06,8,12.2,7.6,-99.04956952,-1.728741111,38,16.33333333
05/10/2017,37.76044,2.39,10.78,12.7,9.32,2.01,357.9,12.71,4.56,10.1,11.47,8.76,2.2,357.5,16.53,4.98,11.01,13.02,9.8,1.97,332.6,16.07,4.6,12.2,7,-51.21845851,-0.893930739,30,13.125
06/10/2017,37.76318,4.94,10.88,12.3,8.68,6.03,211.6,17.22,4.06,10.31,11.82,8.4,4.8,165,18.67,3.44,11.06,12.4,8.06,3.94,236.5,14.9,9.2,12.2,5.1,-138.6977122,-2.420731742,35,11.83333333
07/10/2017,37.76591,2.44,11.77,12.56,11,1.206,7.83,12.12,4.65,11.2,11.82,10.47,2.2,21.59,20.28,4.27,12.1,12.94,11.34,1.97,336.2,16.73,6.8,13.8,10.2,-82.83643487,-1.445768529,26,13.375
08/10/2017,37.76865,2.68,12.01,12.4,11.22,4.422,130,12.09,2.49,11.52,11.9,10.65,6.2,275.4,13.73,2.47,12.3,12.75,11.33,5.516,201.7,13.33,2.2,12.9,8.9,-134.641729,-2.349941481,21,7.583333333
09/10/2017,37.77139,3.79,11.24,12.4,8.47,7.64,133.2,13.39,3.03,10.64,11.63,7.91,9.2,268.5,17.67,3.3,11.52,13.26,8.75,8.86,201.7,21.95,15,13,9.8,-147.6061981,-2.576214153,28,12.04166667
10/10/2017,37.77413,6.66,10.67,12.66,7.93,10.85,160.1,21.56,5.8,10.09,12.18,7.33,9.8,123.9,26.3,5.24,10.94,12.99,8.18,7.09,200.8,20.16,29.2,12.6,6.7,-140.4464131,-2.451252331,41,16.79166667
11/10/2017,37.77687,4.26,10.71,12.03,8.04,3.417,57.25,16.95,3.87,10.06,11.44,7.49,6.6,298.2,16.4,4.42,11.05,12.73,8.34,5.713,325.1,22.28,8.8,13,6.6,-122.326755,-2.135004638,29,12.29166667
12/10/2017,37.77960,8.02,11.35,13.41,8.48,12.06,181.6,22.08,6.74,10.75,12.99,7.84,8.2,126.8,29.28,5,11.6,13.67,8.76,6.501,212.4,20.32,9,12.7,7.1,-143.8782079,-2.51114845,44,18.45833333
13/10/2017,37.78234,6.44,12.28,13.34,10.12,3.819,169,21.14,6.11,11.79,12.94,9.66,5.8,297.4,25.64,7.41,12.68,13.61,10.59,4.925,168.8,27.44,9.8,14.6,9.6,-144.5593371,-2.523036397,43,23.83333333
14/10/2017,37.78508,4.88,11.16,11.93,8.92,6.834,121,27.15,4.65,10.55,11.3,8.2,10,215.3,23.9,3.86,11.48,12.34,9.12,10.05,154.3,22.21,3,13.3,9.4,-143.0094409,-2.495985605,36,15.625
15/10/2017,37.78782,5.19,11.06,13.5,8.75,22.11,133.6,19.24,5.43,10.49,13.04,8.24,18.6,72.6,24.82,4.18,11.31,13.77,9.05,20.49,288.1,17.18,45.4,14.7,8.2,-150.317637,-2.62353769,47,17.83333333
16/10/2017,37.79055,6.93,10.24,11.48,8.68,7.64,44.82,22.34,5.1,9.64,10.79,8.29,12,242.9,28.72,4.72,10.36,11.58,7.86,10.24,233.3,24.47,19.2,11.4,5.3,79.65808582,1.390295873,38,13
17/10/2017,37.79329,5.01,9.84,10.81,9.11,2.814,38.87,25.35,4.5,9.22,10.23,8.48,2.4,138.2,23.27,4.88,10.18,10.99,9.5,2.955,284.4,23.98,7,12.2,8.5,21.96760695,0.38340707,38,18.375
18/10/2017,37.79603,4.89,10.42,11.42,9.19,2.412,93.2,11.53,4.86,9.66,10.55,8.25,3.6,130.8,13.44,5.35,10.73,11.73,9.26,3.349,159.6,12.87,0,11.7,7.4,109.2206881,1.906260619,24,12.16666667
19/10/2017,37.79877,3.77,11.53,12.79,9.65,11.46,134.5,16.43,4.89,10.91,12.01,8.98,13.4,126,15.1,5.34,11.72,12.9,9.71,11.43,172.4,16.73,0.8,14,9.8,122.8158959,2.143541757,26,13.25
20/10/2017,37.80151,3.34,10.22,11.69,9.17,1.809,57.53,11.47,3.84,9.57,11.18,8.68,3.6,73,12.94,4.26,10.52,11.94,9.68,3.94,206.4,14.73,7.4,13.1,9.9,14.64434928,0.255592112,21,8.416666667
21/10/2017,37.80424,3.41,11.23,12.79,9.41,7.44,76.3,11.63,3.68,10.69,12.64,8.74,12.2,97.7,12.23,4.01,11.59,13.46,9.66,8.86,147,16.53,8,15,8.2,83.60190704,1.459128539,24,9.75
22/10/2017,37.80698,3.42,10.16,11.48,9.17,2.613,18.55,14.7,4.16,9.52,10.84,8.45,1.6,18.22,19.49,4.74,10.46,11.52,9.52,1.773,307.3,18.06,0,12.3,6,-87.36727077,-1.524846533,23,8.625
23/10/2017,37.80972,5.44,11.29,12.33,9.39,12.46,185,17.93,4.77,10.73,11.81,8.83,10,122.3,19.35,4.7,11.67,12.84,9.77,10.05,180.9,18,14,14.1,5.9,-170.2827102,-2.971993952,34,15.54166667
24/10/2017,37.81246,4.36,11.32,12.82,9.34,8.24,168.3,14.8,3.58,10.73,12.45,8.63,10.6,72.2,17.39,4.09,11.61,12.94,9.62,9.46,183.4,15.39,27.8,13.4,8.1,-151.2768441,-2.640279012,36,13.83333333
25/10/2017,37.81520,5.15,11.21,12.26,10.22,2.613,111.1,21.76,5.09,10.59,11.66,9.66,4.6,259.3,22.88,5.52,11.5,12.52,10.57,3.546,160.7,29.07,6.6,12.5,7.8,-133.756507,-2.334491444,38,16.04166667
26/10/2017,37.81793,2.16,10.41,12.32,9.23,1.809,357.9,10.85,3.43,9.88,11.01,9.1,1.8,339.4,16.51,3.49,10.73,12.16,9.38,1.97,323,15.45,3.2,12.1,6.5,-73.67484318,-1.285868589,31,10.54166667
27/10/2017,37.82067,3.61,10.47,11.66,9.29,0,48.38,14.54,3.49,9.89,11.16,8.72,0.2,304.3,14.38,3.81,10.67,11.88,9.46,0.394,285.5,16.5,0,11.7,5.7,-106.6747074,-1.861824873,32,12.83333333
28/10/2017,37.82341,3.92,11.4,12.22,10.17,0.402,28.28,16.17,6.55,10.85,11.35,9.78,1.2,310.5,26.59,5.82,11.67,12.24,10.67,0.394,328.1,21.59,0.8,12.3,9.7,-82.58456054,-1.441372493,41,20.25
29/10/2017,37.82615,2.56,8.17,10.59,6.638,0,19.47,13.69,2.49,7.64,10.04,6.208,0,162.6,13.52,2.49,8.29,10.97,5.31,0,332.3,13.59,0.4,10.5,2.7,-25.64397639,-0.447571821,24,9.666666667
30/10/2017,37.82888,4.51,10.29,11.89,7.21,1.005,194.7,13.88,3.62,9.71,11.51,6.245,2,172.7,15,3.06,10.55,12.03,5.421,1.379,218.2,10.75,1.4,11.9,1.5,-139.051751,-2.426910886,29,9.833333333
31/10/2017,37.83162,3.61,11.8,12.26,11.22,7.84,134.1,18.82,3.04,11.36,11.83,10.65,11.8,284.9,18.34,3.72,11.95,12.55,11.47,10.44,193.5,18.85,16.6,13.7,11.6,-147.5176322,-2.574668387,31,10.25
01/11/2017,37.83436,3.53,10.25,11.46,8.18,1.608,41.02,15.88,4.02,9.62,10.81,7.69,1.6,357.3,18.09,4.6,10.5,11.63,8.65,1.576,322.3,19.96,8,12.9,8,-91.34132596,-1.594206881,35,16.58333333
02/11/2017,37.83710,2.57,8.74,10.7,7.53,0,124.5,11.79,2.1,8.03,9.04,6.937,0.4,244.3,12.7,2.35,8.88,9.87,7.24,0.197,254.5,14.47,0.2,8.9,6.3,-84.61659839,-1.476838244,19,8.375
03/11/2017,37.83984,3.55,9.28,10.57,7.76,1.407,90.8,16.82,2.88,8.62,9.9,7,2.4,271.1,14.89,3.44,9.55,10.75,7.94,1.97,244.4,14.47,4.6,10.3,7.6,-136.2578325,-2.378147809,23,11.625
04/11/2017,37.84257,3.08,7.42,8.66,6.41,3.015,32.16,14.44,3.37,6.78,7.93,5.773,3.4,359.1,16.61,3.69,7.76,8.93,6.572,2.758,301.2,14.44,7.2,7.8,2.8,-126.280586,-2.204012007,23,8.291666667
05/11/2017,37.84531,2.85,7.4,8.79,6.468,0.201,42.03,12.09,2.94,6.8,8.24,5.765,0.2,172.2,12.87,2.92,7.93,9.26,6.733,0.394,212.3,14.14,0.8,7.6,0.9,-42.72508003,-0.74569332,28,9.333333333
06/11/2017,37.84805,6.57,9.23,11.53,6.808,33.37,174.1,18.91,5.37,8.68,11.01,6.36,28.2,162.7,24.31,4.09,9.46,11.76,6.905,29.55,242.4,16.04,31,11.6,1.3,-164.9847816,-2.879527655,49,21.70833333
07/11/2017,37.85079,3.74,7.99,8.92,5.78,0.804,89.9,14.41,3.08,7.26,8.23,5.341,3.8,288.2,15.84,3.6,8.24,9.27,5.421,2.955,246,14.37,10.4,8.4,3.7,-139.395123,-2.432903858,30,9.458333333
08/11/2017,37.85352,6.68,10.22,11.58,8.51,6.633,136,18.88,5.65,9.59,11.08,7.52,11,220.6,25.67,5.64,10.46,11.92,8.53,9.26,201.5,22.83,10,11.9,3.3,-145.8903332,-2.546266661,41,18.45833333
09/11/2017,37.85626,5.25,8.73,9.65,5.836,3.819,40.46,23,6.49,8.16,9.02,5.285,5.2,350.6,26.58,6.82,9.04,9.95,6.057,4.531,336.6,23.81,17.6,11.9,6.4,-95,-1.658062789,43,20
10/11/2017,37.85900,2.92,6.74,7.78,4.973,3.216,341.9,15.97,5.89,6.21,7.17,4.496,3.4,19.98,25.73,5.47,7.13,8.17,5.442,2.955,329.2,22.64,12.8,7.6,3.7,-70,-1.221730476,45,18.375
11/11/2017,37.86174,2.1,6.21,7.82,4.215,0.804,355,14.34,4.41,5.74,7.1,3.698,0.8,352.5,14.71,4.54,6.69,8.13,4.805,1.379,326.3,18.16,5.4,6.7,2.9,-62.91485048,-1.098071289,37,10.41666667
12/11/2017,37.86448,3.03,6.1,7.79,3.504,0.402,12.72,19.47,4.22,5.52,6.927,2.728,0.4,266.7,22.44,4.68,6.31,8,3.098,1.576,20.99,25.97,9,6.4,1,-28.65783924,-0.500173651,35,13.875
13/11/2017,37.86721,5.33,8.93,10.95,6.055,8.44,190.9,17.54,5.09,8.39,10.76,5.547,10.4,136.1,23.27,4.27,9.2,11.15,4.714,9.26,253.1,19.5,27.2,10.7,0.7,-128.2560841,-2.238490953,34,12.625
14/11/2017,37.86995,3.57,8.66,9.87,6.949,0.804,36.9,13.16,3.78,8.1,9.41,6.237,1.4,325.6,16.9,4.08,8.96,10.19,7.2,1.576,316.9,16.07,3.6,8.9,4.1,-119.2531115,-2.081359439,27,9.666666667
15/11/2017,37.87269,6.28,9.09,11.18,6.818,22.11,194.3,23.13,5.23,8.51,10.81,6.284,20.2,162.8,26.82,4.4,9.35,11.52,6.764,18.12,204.1,19.5,10.2,10.4,2,-152.5819745,-2.663057835,43,14.79166667
16/11/2017,37.87543,5.18,7.14,9.39,5.141,1.809,36.8,17.25,6.2,6.61,8.74,4.261,2.2,342,27.45,6.5,7.47,9.56,5.32,2.364,337.5,24.57,35.8,11.4,3.9,-107.537191,-1.87687805,46,17.625
17/11/2017,37.87817,4.98,7.83,9.17,5.376,3.819,45.35,18.23,5.87,7.26,8.36,4.9,4.4,353.8,23.04,5.78,8.13,9.59,5.886,3.94,345.4,23.68,20,7.9,4.2,-97.60481436,-1.703525376,47,18.875
18/11/2017,37.88090,2.12,6.34,7.34,4.635,0.804,352.1,13,4.79,5.87,6.834,4.224,0.4,355.3,19.63,5.03,6.74,7.62,5.18,0.394,335.6,18.88,9.8,7.1,3.2,-59.58254607,-1.039911606,37,15
19/11/2017,37.88364,2.7,6.95,8.43,5.142,3.015,121.3,11.89,3.07,6.3,7.8,4.824,6.6,144.5,12.63,3.73,7.16,8.72,4.228,7.49,141.6,15.75,6.4,6.2,1.4,-106.5200893,-1.859126278,18,5
20/11/2017,37.88638,8.11,7.77,9.61,6.779,5.226,62.95,14.86,5.43,7.13,9.22,6.227,15.6,172.3,26.41,5.93,8.08,9.84,7.22,15.17,194.8,18.95,29.6,7.4,4.6,79.55969323,1.388578599,30,16.83333333
21/11/2017,37.88912,5.77,6.32,7.56,4.514,8.04,45.23,21.2,5.19,5.73,6.88,4.019,9.4,253.3,20.46,5.39,6.64,7.89,4.956,9.26,247.3,26.17,11.6,7.3,5.9,46.86588684,0.817964032,25,13.83333333
22/11/2017,37.89185,3.37,4.56,6.13,1.989,6.432,54.84,17.35,3.63,3.85,5.294,1.402,3.4,66.22,19.6,3.83,4.96,6.794,2.512,3.546,287.9,22.64,0.4,7.1,0.4,-104.1504692,-1.817768604,26,7.791666667
23/11/2017,37.89459,3.31,4.13,5.463,2.024,11.06,15.88,19.96,4.46,3.67,5.093,1.355,9.8,342.8,19.45,4.52,4.71,6.067,2.33,9.26,312,26.23,23,5.2,0.2,-39.42719684,-0.6881344,38,12.16666667
24/11/2017,37.89733,2.45,3.47,5.898,0.973,11.26,345.3,13.56,4.33,3.06,5.424,0.573,9.8,358.5,18.39,4.1,4.03,6.199,1.4,11.23,325.8,19.89,11.8,4.3,0.2,-100.4157282,-1.752585078,27,11.125
25/11/2017,37.90007,3.09,4.63,6.517,2.628,7.04,358.1,19.44,6.91,4.15,5.765,1.886,4.8,356.8,24.7,7.49,5.09,6.914,3.068,6.501,333.8,31.52,13.8,5,1.2,-58.6915647,-1.024361047,42,19.04166667
26/11/2017,37.90281,3.48,6.19,9.03,3.375,17.09,339.5,17.64,4.78,5.72,8.64,2.643,11,45.24,22.45,4.42,6.64,9.25,3.744,12.8,318.4,21.95,16.6,7.7,1.8,-96.28942862,-1.680567564,37,12.875
27/11/2017,37.90554,3.83,5.98,7.62,4.382,1.809,20.22,18.42,5.36,5.46,6.71,3.653,2,136.5,22.93,5.19,6.48,8.01,4.876,2.167,337.2,25.32,15,7.6,2.5,-45.83145633,-0.799909814,39,14.95833333
28/11/2017,37.90828,4.76,5.7,7.09,3.197,3.618,36.17,20.58,4.88,5.15,6.662,2.783,2.2,139.7,22.58,5.55,6.25,7.82,3.694,4.728,6.284,23.13,8.6,6.7,1.1,-1.638382928,-0.028595177,38,19.58333333
29/11/2017,37.91102,3.38,4.17,5.295,2.215,3.216,34.3,17.9,4.2,3.55,4.597,1.589,1.8,207.2,19.51,4.64,4.69,5.785,2.734,2.561,58.66,21.33,4,4.2,1.6,-10.43012926,-0.182040097,31,15.54166667
30/11/2017,37.91376,3.42,4.75,5.726,3.794,1.407,33.36,13.13,3.19,4.22,5.012,3.313,0.6,133.3,14.58,3.64,5.33,6.088,4.209,0.788,343.2,14.31,2.8,4.8,1.4,-10.01270841,-0.174754729,31,14.70833333
01/12/2017,37.91650,1.61,7.55,8.92,4.019,2.814,338.9,9.57,3.73,7.09,8.39,3.896,1.6,27.18,14.64,3.22,8.01,9.24,4.947,1.576,333.6,14.18,0.2,8.1,1.6,-89.61244856,-1.564032278,22,8.333333333
02/12/2017,37.91923,3.38,9.01,9.7,7.97,2.211,22.02,13.49,5.56,8.49,9.21,7.47,3.2,131.2,24.42,4.97,9.34,10.08,8.31,2.364,332.2,15.84,3.2,9.6,6.8,-90.05215432,-1.571706591,27,12.625
03/12/2017,37.92197,2.15,8.56,9.53,7.79,1.407,6.498,10.42,4.05,8.03,9.08,7.32,1.2,31.74,15.75,3.51,8.91,9.88,8.11,1.182,331.1,14.11,0,8.9,5.5,-87.381288,-1.52509118,21,9.041666667
04/12/2017,37.92471,3.59,8.89,9.97,7.97,1.206,60.26,13.98,3.69,8.33,9.45,7.51,2.4,291.1,16.64,4.07,9.22,10.24,8.45,1.97,312.2,17.25,2.6,9.2,7,-113.4065325,-1.979317385,23,10.79166667
05/12/2017,37.92745,5.65,10.25,10.83,9.37,7.44,152.2,18.16,5.55,9.74,10.4,8.83,10.6,279.3,21.85,5.94,10.57,11.17,9.74,8.67,151.5,24.96,9.4,11.3,8.3,-131.2362334,-2.29050437,34,18.83333333
06/12/2017,37.93018,8.18,10.18,11.17,6.071,13.47,196.7,19.93,7.08,9.7,10.73,5.632,12.8,92,26.45,5.95,10.45,11.45,6.29,11.23,197.5,21,26.6,11.9,9.9,-149.2993506,-2.60576524,47,24.70833333
07/12/2017,37.93292,4.88,4.63,7.77,0.172,3.417,11.82,23.81,8.21,4.12,7.37,-0.379,8.2,347.4,33.13,8.73,5.08,8.08,0.55,5.91,304.5,30.35,14.4,11.8,0.7,-65.58190932,-1.144620247,66,30.04166667
08/12/2017,37.93566,4.16,2.3,3.698,-0.135,1.407,342.4,19.89,6.99,1.92,3.258,-0.769,0.8,341.8,27.44,6.95,2.99,4.18,0.185,0.788,269.7,28.78,10.8,2.8,-0.8,-38.26102777,-0.66778091,48,24.60869565
09/12/2017,37.93840,2.09,3.07,4.067,1.18,1.005,334.3,10.88,3.37,2.68,3.66,0.554,0.2,332,14.16,3.17,3.73,4.826,1.562,0.197,283.9,14.83,15.8,2.3,0.1,-44.5527282,-0.777591798,31,12.41666667
10/12/2017,37.94114,3.38,3.41,5.87,1.337,8.64,27.57,20.87,3.53,2.88,5.311,0.638,6.2,198.2,18.8,3.93,3.99,6.41,1.783,8.08,357.1,27.31,7.4,3.8,-3.1,-70.59478977,-1.232111516,26,7.666666667
11/12/2017,37.94387,3.72,6.07,7.08,4.327,2.01,30.61,21.3,4,5.49,6.472,3.689,1.4,189.4,21.39,4.74,6.66,7.52,4.896,1.773,32.8,23.13,4.2,5.2,0.7,-16.40746304,-0.286364252,30,12.04166667
12/12/2017,37.94661,4.74,6.34,7.97,3.729,11.46,242.6,20.91,4.7,5.81,7.53,3.848,9.4,187.2,25.27,4.22,6.54,8.23,3.946,9.46,287.5,24.11,18.2,6.1,-0.1,-133.7221802,-2.333892327,38,11.29166667
13/12/2017,37.94935,3.79,4.55,7.14,2.689,4.623,37.89,17.08,4.73,4,6.408,2.062,6,315.3,21.58,4.83,4.92,7.61,2.986,6.895,337,16.86,16.2,5.5,0.9,-125.8679504,-2.196810158,29,10.29166667
14/12/2017,37.95209,4.26,5.79,7.41,2.959,1.809,20.57,29.11,4.74,5.21,6.758,2.222,1.6,296.1,26.88,5.65,5.97,7.86,1.722,8.67,0.585,33.91,10.2,6.9,0.5,-66.58737153,-1.162168873,42,15.125
15/12/2017,37.95483,2.83,5.22,6.733,3.411,3.015,15.03,18.36,3.97,4.7,6.199,3.174,2.6,317.5,19.67,4.06,5.7,7.24,3.603,4.334,329.3,26.2,8.2,6.1,1.3,-22.6209884,-0.394810728,43,14.45833333
16/12/2017,37.95756,2.79,6.75,9.35,4.141,1.608,271.1,13.2,3.05,6.31,8.77,3.876,1.4,350.8,15.21,2.61,7.2,9.63,4.886,1.97,283.4,10.19,0.2,6.5,-0.4,-113.590303,-1.982524785,26,6.875
17/12/2017,37.96030,3.61,8.32,9.78,7.19,4.422,4.611,14.47,4.78,7.88,9.38,6.709,7.4,21.4,20.33,4.67,8.68,10.04,6.885,5.516,321.5,18.49,16.4,9.6,3.9,-108.6836132,-1.896886893,44,15.5
18/12/2017,37.96304,4.95,9.56,10.12,7.89,1.206,197.5,14.21,3.7,9.08,9.75,7.25,2.2,6.48,17.46,4.2,9.82,10.26,8.27,0.788,186.4,14.01,0,10.4,1.6,-150.9215843,-2.634078559,34,16.16666667
19/12/2017,37.96578,6.49,10.2,10.6,9.18,7.04,201.5,17.8,4.99,9.84,10.33,8.74,10.8,63.1,22.52,4.58,10.48,10.89,9.52,6.304,196.7,13.65,13.2,11.2,10.1,-159.595753,-2.785471361,36,20.375
20/12/2017,37.96851,3.04,9.14,9.86,7.79,0.402,86.5,15.32,3.31,8.65,9.36,7.27,0.6,269.8,14.81,2.97,9.47,10.17,8.12,0.394,3.981,15.06,7,11.6,4.3,-122.4246922,-2.136713964,25,10.375
21/12/2017,37.97125,2.21,8.03,8.99,6.987,0,116.9,9.05,1.98,7.46,8.39,6.492,0.2,259,10.2,2.01,8.32,9.32,6.582,0.197,262.1,9.83,1.4,8.9,2.3,-128.6102766,-2.244672779,17,6.125
22/12/2017,37.97399,4.35,9.41,10.6,8.51,0.402,132,14.47,4.14,8.97,10.34,7.97,1.8,249.5,16.54,4.52,9.65,10.87,8.67,1.182,185.1,20.78,0.2,10.5,1,-147.1211848,-2.567749074,29,14.20833333
23/12/2017,37.97673,5.14,10.48,11.71,9.02,3.015,80.3,24.86,4.86,10.09,11.33,8.53,4.8,275.9,31.79,5.02,10.83,12.12,9.31,3.152,10.5,27.64,2.2,13.2,9.3,-126.2754847,-2.203922973,49,20.58333333
24/12/2017,37.97947,2.47,7.8,9.03,5.695,10.65,69.98,12.64,2.92,7.28,8.56,5.087,14,295.5,15.04,2.95,8.1,9.34,5.866,13.59,289.3,13.92,16.8,9.8,5.5,-130.4692803,-2.277118513,21,8.5
25/12/2017,37.98220,1.55,4.73,6.281,2.509,8.44,339.9,8.85,1.72,4.13,5.64,2.101,10,320.3,8.66,1.69,4.59,6.633,2.683,9.26,354.5,9.05,6.4,5.9,1.1,-92.15457466,-1.608400749,16,4.125
26/12/2017,37.98494,3.77,4.01,5.313,1.92,5.025,33.5,18.49,3.95,3.43,4.831,1.364,3,184.3,23.65,4.29,4.55,5.876,2.492,5.319,343.9,20.22,18,4.6,0.6,-21.60815354,-0.377133425,27,11.5
27/12/2017,37.98768,2.6,4.33,5.444,2.591,2.211,5.428,12.71,4,3.83,4.841,2.127,1.4,296.6,20.94,3.96,4.96,5.986,3.198,2.167,219.1,17.35,4.4,4.1,-0.4,-32.8485443,-0.573315253,32,12.70833333
28/12/2017,37.99042,2.32,3.71,4.927,1.986,3.417,17.81,12.67,2.74,3.03,4.156,1.345,3,341.1,13.18,2.95,4.23,5.704,1.834,4.334,272,15.88,6.4,3.4,-2,-64.83052457,-1.13150611,25,7.041666667
29/12/2017,37.99316,4.88,4.78,5.584,3.709,0.804,91.5,13.59,4.03,3.83,4.455,3.015,1.2,130.6,13.95,4.28,5.05,6.148,3.794,0.985,160.5,20.16,0,3.6,-2.2,108.8750894,1.900228783,30,13.875
30/12/2017,37.99589,2.33,5.41,7.9,3.589,4.221,230.5,16.07,2.12,4.74,7.18,3.556,3.8,257.6,13.79,2.15,5.31,8.21,2.794,4.531,323.4,18.88,7.2,4.9,0.2,-164.0182162,-2.862657906,19,6.458333333
31/12/2017,37.99863,1.61,5.18,7.88,3.514,20.1,8.73,9.73,1.76,4.56,6.85,3.079,18.4,269.9,9.05,1.98,5.4,8.41,2.986,19.7,342.8,10.29,22.4,6.9,1.7,70.66661804,1.233365156,31,11.16666667
01/01/2018,38.00137,1.93,6.16,7.47,4.44,1.809,354.7,13.43,3.26,5.6,6.994,3.53,1.4,342.2,13.8,3.64,6.29,7.78,2.976,1.773,338.4,15.32,3.4,4.4,-1.6,-64.18724949,-1.120278841,18,5.458333333
02/01/2018,38.00411,3.6,6.29,8.34,4.112,8.24,155.2,14.54,3.51,5.6,7.72,3.267,12.2,166.8,17.29,4.22,6.52,8.8,4.189,13,171.8,16.43,16.8,7,-0.3,-159.5322386,-2.784362826,34,10.33333333
03/01/2018,38.00684,1.31,6.07,7.4,4.795,0.804,3.939,7.25,1.4,5.49,6.813,3.884,0.8,330.9,7.32,1.43,6.13,8.15,4.088,0.394,10.85,7.87,20.4,6.8,2,154.6438601,2.699044526,17,5.5
04/01/2018,38.00958,5.85,6.13,6.96,5.207,1.206,66.51,14.37,4.43,5.32,6.038,4.568,2.8,150.1,23.15,3.9,6.26,7.13,4.532,3.152,196.8,20.09,0.6,5.9,1.5,77.8380213,1.358529755,23,12
05/01/2018,38.01232,10.08,5.92,6.685,4.813,0.201,61.17,20.38,6.91,5.26,5.887,4.149,0.8,188,26.5,7.23,6.32,7.1,5.067,0.394,197,21.69,8.8,6.6,3.9,64.16778854,1.119939184,40,17
06/01/2018,38.01506,5.37,4.85,6.337,3.617,0.201,64.02,20.32,3.57,4.18,5.724,2.557,0.2,205.7,25.8,3.9,5.25,6.613,2.43,0,209.1,20.91,1.4,6.5,0.1,18.20681156,0.317768808,44,13.5
07/01/2018,38.01780,7.4,5.88,6.355,4.955,0,206.8,18.42,5.8,5.24,5.755,4.223,0,135.1,22.2,4.5,6.36,6.854,5.614,0,207.9,15.03,0,5.4,-1.1,-151.2284117,-2.639433706,34,13.5
08/01/2018,38.02053,8.2,5.68,6.289,5.264,0,199.2,20.91,7.48,5,5.605,4.439,0,162.1,21.92,7.19,6.22,6.704,5.824,0,181.5,20.65,0,6,3.1,177.4307054,3.096750003,38,19.125
09/01/2018,38.02327,5.6,6.18,6.846,5.471,2.412,119.2,18.85,8.01,5.44,6.122,4.768,3.2,138.4,23.48,10,6.72,7.42,6.108,3.743,166.7,17.93,0,8.8,3.4,131.6682936,2.298045244,25,12.875
10/01/2018,38.02601,2.45,6.85,8.58,4.787,1.206,13.72,14.05,2.38,6.35,7.85,4.84,1.2,304.3,14.37,2.31,6.99,9.99,4.583,1.182,336,14.73,6.2,7.9,1.2,-123.4018908,-2.153769298,25,6.291666667
11/01/2018,38.02875,3.14,7.21,8.67,5.34,0.201,235.2,14.8,3.33,6.37,7.79,4.766,0,200.7,15.57,4.47,6.73,8.75,3.562,0,151,15.26,0,7.5,0.6,-117.782873,-2.055698937,23,5.875
12/01/2018,38.03149,7.23,7.51,8.3,6.703,4.02,197.5,23.59,8.91,6.82,7.64,5.999,1.6,143.4,25.16,11.78,7.91,8.59,7.16,3.152,170.3,22.57,0,8.6,6.1,169.5410111,2.95904886,32,17.45833333
13/01/2018,38.03422,6.12,7.92,8.97,7.29,14.07,189.3,20.48,7.22,7.24,8.4,6.606,10.4,150.1,20.34,9.19,8.25,9.23,7.62,12.61,171.6,21.04,11.2,8.7,6.6,160.8558398,2.807464025,43,19.70833333
14/01/2018,38.03696,8.95,7.98,9.1,4.719,35.58,182.4,25.68,8.1,7.4,8.56,4.129,32.8,123.8,34.08,5.97,8.3,9.38,5.118,23.25,222.2,21.95,49.4,8.5,5.8,-163.9618298,-2.861673777,60,28.45833333
15/01/2018,38.03970,5.1,4.42,6.573,1.893,3.015,57.16,18.69,5.48,3.84,6.009,1.317,4.2,335.3,25.72,5.62,4.7,6.844,2.198,5.319,337.5,23.03,9.2,7.1,0.6,-119.6296478,-2.087931238,32,12.45833333
16/01/2018,38.04244,4.9,2.09,4.401,-0.273,3.618,35.37,19.27,6.56,1.56,4.166,-1.029,2.6,329.4,26.89,6.76,2.41,4.896,0.155,3.743,344.7,25.41,8.2,2.4,-1.5,-113.627558,-1.983175008,46,14.25
17/01/2018,38.04517,3.72,4.18,5.74,2.097,5.025,14.72,16.59,5.72,3.7,5.348,1.495,3.8,359.5,27.8,5.6,4.56,6.209,2.35,4.531,339.1,22.02,11.2,3.7,-0.7,-98.74302813,-1.723390954,43,15
18/01/2018,38.04791,2.59,3.63,5.059,1.885,2.211,23.64,11.79,3.63,3.1,4.548,1.373,3.4,1.03,14.84,3.63,3.99,5.462,2.249,3.743,332.7,14.08,3,3,-0.6,-118.1858076,-2.062731471,22,8.916666667
19/01/2018,38.05065,3.09,3.14,4.234,1.031,1.407,34.09,14.83,3.71,2.59,3.641,0.609,1.8,331.8,19.55,3.63,3.49,4.896,1.379,2.167,331.9,15.55,2.5,1.5,-0.8,-131.5028624,-2.295157924,22,8.125
20/01/2018,38.05339,1.47,3.63,5.594,1.249,4.02,329.6,6.599,2.05,3.15,5.057,0.851,3.2,320.8,11.34,1.74,3.83,6.108,1.783,3.94,343.8,8.79,2.1,1.9,-3.7,-63.95607462,-1.116244079,16,3.666666667
21/01/2018,38.05613,5.28,6.24,9.45,3.599,6.432,104.3,20.84,5.32,5.45,9.05,2.985,8.2,140,21.82,7.03,6.78,9.65,4.088,8.86,181.6,19.44,7.5,5.7,-3,175.7422077,3.067280159,36,11.5
22/01/2018,38.05886,5.97,8.17,9.08,6.619,7.24,112.3,22.96,5.62,7.63,8.62,6.274,6.6,35.47,24.48,4.53,8.49,9.44,7.01,6.895,237.6,18.26,11.9,8,4.1,-130.2492295,-2.273277903,33,14.08333333
23/01/2018,38.06160,4.47,7.85,9.2,5.3,6.231,161,18.1,3.93,7.29,8.75,5.143,3.6,200.4,25.72,3.63,8.26,9.58,6.108,5.122,186.8,19.04,24.4,8.8,3.3,-150.0901154,-2.619566689,42,16.29166667
24/01/2018,38.06434,4.17,6.33,7.98,5.113,7.84,95.4,19.27,4.47,5.69,7.12,4.589,8.4,150.9,25.09,4.64,6.72,8.32,5.361,9.26,260.7,24.53,25.2,7.4,2.4,-145.2542119,-2.53516425,54,16.41666667
25/01/2018,38.06708,2.59,6.23,7.77,4.009,4.221,29.51,10.91,2.34,5.68,7.07,3.266,3.8,30.55,12.58,2.66,6.51,8.34,3.046,5.516,339.1,13.98,9.2,6.7,1,-72.30610963,-1.261979682,20,5.708333333
26/01/2018,38.06982,4.59,6.69,9.04,3.373,11.46,181.4,18.98,3.86,5.98,8.54,2.828,8.6,151.2,19.42,3.68,7.02,9.39,3.532,9.85,202.7,14.73,2.8,7.1,-0.3,166.6080404,2.907858866,35,11.5
27/01/2018,38.07255,6.98,8.09,9.86,6.505,9.25,109.5,23.62,6.76,7.62,9.43,5.896,12.6,3.799,31.25,6.92,8.52,10.28,6.866,11.23,250.3,30.71,12.8,9,4.5,-132.7444769,-2.316828185,65,26.45833333
28/01/2018,38.07529,3.02,7.11,8.13,5.274,8.44,54.76,12.51,2.88,6.56,7.56,4.7,8.8,294.5,20.71,3.51,7.41,8.57,5.491,10.64,313.9,18.91,14.8,7.9,4.9,-115.6361025,-2.018230723,41,12.08333333
29/01/2018,38.07803,4,5.74,7.19,4.42,2.01,30.72,14.31,5.35,5.16,6.444,3.482,2.2,88.7,20.44,5.14,6.12,7.4,4.594,3.349,333.3,19.01,9.4,6.2,2.3,-98.47091037,-1.718641603,37,13.41666667
30/01/2018,38.08077,5.63,7.21,8.4,3.001,24.52,101,18.23,4.97,6.63,7.92,2.212,30.4,252.6,26.7,5.95,7.55,8.79,3.169,33.1,296.6,23.81,42,7.9,2.8,-132.5239654,-2.312979534,37,18
31/01/2018,38.08350,4.5,4.8,6.205,2.582,4.221,21.81,17.9,6.49,4.28,5.462,2.323,4.6,335.3,24.1,6.38,5.28,6.552,3.218,4.728,332.2,25.81,10.2,5.9,1.5,-79.96898819,-1.395722143,36,15.33333333
01/02/2018,38.08624,4.37,5.5,6.601,3.523,2.211,6.039,20.35,7.26,4.96,6.057,2.883,8.2,322.2,27.48,7.15,6.02,7.03,4.088,3.94,222.5,29.53,7.2,6.6,3.1,-25.38469288,-0.44304647,47,25.75
02/02/2018,38.08898,3.53,6.23,7.81,4.581,7.64,252.3,13.82,3.69,5.68,6.574,4.354,7.6,188.2,17.13,3.11,6.48,7.35,3.422,7.29,241.2,12.18,3.8,7.4,2.5,-93.07435869,-1.624454008,29,9.958333333
03/02/2018,38.09172,2.16,5.91,7.01,4.103,1.608,345.2,14.05,4.03,5.37,6.292,3.512,0.8,350.8,15.83,4.04,6.37,7.42,4.522,1.379,334.7,15.16,6,7.2,1.9,-60.48075302,-1.055588274,25,9.791666667
04/02/2018,38.09446,2.54,7.12,9.06,5.528,0.603,199.1,11.5,2.33,6.51,8.23,4.964,0.4,262.7,12.44,2.36,7.4,9.5,4.512,0.591,193.7,11.11,1,8.4,0.7,-92.85795447,-1.620677042,17,5
05/02/2018,38.09719,6.57,6.4,8.19,0.758,7.04,207.8,18.98,6.64,5.84,7.64,0.106,6.2,118.8,27.47,5.17,6.75,8.63,1.318,6.304,245.6,17.93,5,7.3,1.1,-156.2934257,-2.727834878,35,17.91666667
06/02/2018,38.09993,2.29,2.4,3.852,0.781,1.809,352.4,11.43,4.54,1.86,2.93,0.059,1.2,1.064,20.38,4.43,2.85,4.633,1.277,1.773,331.3,17.57,0.6,4,-1.5,-74.33890877,-1.29745872,27,10.45833333
07/02/2018,38.10267,3.91,6.15,8.36,2.812,3.417,101.5,16.59,3.86,5.57,7.84,2.221,5.6,303.1,20.86,4.21,6.47,8.67,3.27,3.546,267.9,17.48,5.6,7.2,-2,-141.3755793,-2.467469341,32,13.29166667
08/02/2018,38.10541,2.87,4.44,6.649,0.897,11.46,67.73,12.9,2.88,3.82,5.874,0.097,13.8,289.6,16.09,3,4.81,7.24,1.318,18.12,315.5,18.36,8.2,6,2.2,-140.7352922,-2.456294223,26,9.375
09/02/2018,38.10815,4.92,3.52,6.478,0.273,12.26,40.75,23.81,5.04,2.85,5.761,-1.011,7.6,313.1,25.4,4.6,3.97,6.834,0.732,6.107,299.9,18.36,11,4.1,-0.3,-117.7080911,-2.054393747,34,10.08333333
10/02/2018,38.11088,4.82,5.37,8.63,1.708,11.26,43.39,23.62,5.27,4.83,8.22,1.344,6.8,339.4,29.26,5.04,5.78,9.06,2.188,6.501,332.7,23.85,19.2,6.9,0.4,-131.5788599,-2.296484331,52,16.66666667
11/02/2018,38.11362,3.43,2.1,3.562,-0.008,3.216,13.94,16.59,5.51,1.55,3.024,-1.029,0.4,24.07,24.58,5.35,2.54,4.047,0.479,3.349,341.1,20.29,4,1.9,-1.4,-105.8638609,-1.847672932,38,10.66666667
12/02/2018,38.11636,5.72,3.67,5.585,1.285,24.32,148.1,24.89,5,2.94,4.69,0.563,17.4,191.2,22.59,6.05,4.11,5.937,1.48,20.09,194.6,27.05,9,4.6,-1.2,-156.3638114,-2.72906334,43,15.33333333
13/02/2018,38.11910,4.7,3.27,5.745,0.945,3.015,98.3,20.71,4.18,2.63,5.046,0.255,2.6,247.3,22.08,4.42,3.71,6.28,1.268,2.758,272.3,17.35,8,4.9,-0.1,-140.0176311,-2.443768674,48,13.83333333
14/02/2018,38.12183,10.07,5.78,8.1,3.551,51.26,198,29.27,7.95,5.08,7.42,2.751,17.4,148.3,28.57,9.6,6.23,8.53,3.724,26.79,181.8,31.16,23.6,7.6,1.8,-175.019662,-3.054669358,57,27.66666667
15/02/2018,38.12457,6.68,6.03,7.42,2.814,5.628,104.2,22.38,5.25,5.39,6.87,2.033,7.4,337.5,28.18,6.88,6.44,7.92,2.896,5.713,216.4,28.65,8.8,6.4,3,-142.5538772,-2.488034518,48,19.45833333
16/02/2018,38.12731,3.77,4.79,6.573,2.721,7.64,163.2,14.11,2.93,4.08,5.764,2.006,8,202.3,16.21,3.01,5.16,6.814,2.886,8.86,209.3,16.69,19.6,6.1,0.9,-156.5999245,-2.73318429,36,15.54166667
17/02/2018,38.13005,2.95,5.42,6.724,3.691,2.412,91,15.45,2.36,4.81,6.047,3.238,2.2,310.7,17.19,2.65,5.62,7.49,3.046,1.97,297.3,17.87,3.6,6.8,1.5,-138.3904077,-2.415368267,30,9.5
18/02/2018,38.13279,3.62,7.42,9.44,4.552,13.67,199.8,14.6,3.46,6.94,9.77,3.733,14.2,180.4,12.98,4.03,7.8,10.24,3.299,14.18,173.3,13.98,8.8,7.3,0.5,176.748412,3.084841736,23,10.41666667
19/02/2018,38.13552,2.41,8.67,9.41,6.988,0.804,82.3,12.12,2.6,8.47,9.79,6.576,2,331.6,15.09,2.56,9.2,10.26,7.31,1.182,322.2,12.58,6.6,10.9,6.2,-149.3344338,-2.606377556,20,7.916666667
20/02/2018,38.13826,1.92,7.09,9.08,5.508,0.201,358.5,11.01,3.18,6.53,7.88,4.754,0,356.3,17.47,2.93,7.32,9.36,4.664,0,339.4,13.3,0.8,8.7,2.1,-87.27904928,-1.523306778,25,8.333333333
21/02/2018,38.14100,4.92,6.75,8.22,5.425,0,220.2,16.2,4.18,6.16,7.81,4.982,0,190.8,13.39,3.59,6.9,8.48,3.966,0,185.2,15.48,0.2,7.2,-0.6,-151.1332518,-2.637772853,26,6.833333333
22/02/2018,38.14374,9.68,7.03,7.78,6.477,3.015,217.4,21.89,7.94,6.41,7.2,5.858,1,172.2,21.06,6.5,7.44,8.17,6.854,0.985,187.5,21.69,0,7.4,5.6,-175,-3.054326191,39,22.41666667
23/02/2018,38.14648,8.2,6.26,7.76,5.085,0.201,204,20.25,7.15,5.59,7.14,4.418,0,168.7,21.27,9.44,6.7,8.09,5.624,0,169.1,21.85,0,6.5,4.5,177.5047687,3.098042652,35,19.58333333
24/02/2018,38.14921,6.65,5.34,5.866,4.57,1.407,192.6,23.03,6.3,4.64,5.115,3.818,0,161.7,19.28,8.92,5.86,6.31,5.078,0.197,165.3,24.14,0,5.6,-0.8,-155.3865323,-2.712006601,29,11.79166667
25/02/2018,38.15195,3.8,5.57,6.375,4.992,0,146.7,14.8,5.11,4.76,5.48,4.223,0,142.9,12.86,6.81,6.13,6.926,5.604,0,166.5,15.39,0,7.6,-3,97.20309597,1.696514068,11,4.125
26/02/2018,38.15469,3.44,4.31,6.168,3.505,0,125.2,12.18,4.31,3.55,5.179,2.706,0,139,13.29,5.74,4.93,6.814,4.088,0,164.2,12.9,0,6.3,-1,163.9500033,2.861467367,17,7.916666667
27/02/2018,38.15743,4.74,4.31,7.03,1.874,0.402,64.19,13.39,3.63,3.64,6.784,1.298,0.2,186.3,17.21,3.35,4.7,6.895,2.39,0.197,217.7,13.2,0.8,5.9,-0.3,49.43785774,0.862853393,26,11.70833333
28/02/2018,38.16016,8.62,0.3,2.959,-2.94,0,73.7,15.88,6.68,-0.66,2.025,-3.291,0,162.6,26.36,5.83,0.57,3.179,-2.112,0.197,194.7,20.91,0,2,-2.2,89.59575295,1.563740885,32,19.875
01/03/2018,38.16290,10.94,0.24,1.649,-1.276,0,66.94,21.14,8.74,-0.74,0.628,-2.194,0.8,170.7,33.09,7.78,0.52,1.744,-0.826,0.197,193.4,24.11,0,1.7,-2.4,80.83221146,1.410788232,42,23.54166667
02/03/2018,38.16564,11.23,1.94,3.238,0.701,0,64.37,21.53,9.1,1.04,2.1,-0.107,0,173.3,29.6,8.11,2.26,3.542,1.076,0.197,192.9,21.72,3,2.9,0.1,75.80895314,1.323115835,35,22.04166667
03/03/2018,38.16838,9.9,3.15,4.168,1.6,0,64.38,17.54,7.75,2.29,3.286,0.972,0.4,176.5,28.11,7.1,3.51,4.512,2.168,0.197,193.7,19.21,0,4.8,1.6,75.81947327,1.323299446,31,18.95833333
04/03/2018,38.17112,8.89,3.07,3.757,2.378,0,63.45,15.84,7.11,2.28,2.854,1.801,0.2,175.4,24.71,6.42,3.45,4.098,2.916,0.197,192.3,17.48,0.2,3.9,1.8,80.42011558,1.403595802,27,15.875
05/03/2018,38.17385,6.86,4.5,6.148,2.485,0.603,71.4,14.5,5.12,3.73,5.516,1.941,1,155.1,20.57,4.6,4.82,6.248,3.098,0.985,188.1,16.27,2.2,6.4,1.9,82.52082741,1.44026014,38,19.29166667
06/03/2018,38.17659,10.47,3.9,4.908,2.642,0.201,66.79,19.01,8.11,3.05,3.826,1.866,1.8,171.2,28.09,7.54,4.24,5.159,3.088,1.576,193.8,23.39,8.4,4,2.1,70.01282256,1.221954272,37,22.95833333
07/03/2018,38.17933,6.9,4.05,5.877,2.587,6.432,63.25,19.89,4.84,3.37,5.546,2.034,10.4,177.7,28.49,5.07,4.45,6.36,3.218,7.88,202.6,23.62,21.6,8,1.3,93.12951183,1.625416612,40,13.79166667
08/03/2018,38.18207,1.95,4.56,7.1,2.649,2.814,41.66,9.67,1.82,3.86,6.028,2.343,3.8,319,14.12,1.69,4.73,7.51,2.633,4.334,332.4,12.97,2,7.3,1.3,-170.5813817,-2.977206753,16,5.916666667
09/03/2018,38.18480,2.07,5.41,7.69,2.911,0,39.43,7.32,1.78,4.74,7.21,2.594,0,328.4,10.65,1.43,5.36,8.75,2.087,0.197,335.8,7.77,0.2,8.3,-1.7,-129.1289238,-2.253724879,15,4.583333333
10/03/2018,38.18754,8.16,5.47,6.383,3.813,2.01,65.63,19.63,6.16,4.72,5.613,3.107,4.4,170,34.18,5.53,5.81,6.743,4.209,5.319,198,21.36,8.6,6.5,0.5,79.71904637,1.391359836,32,14.375
11/03/2018,38.19028,4.3,6.88,10.08,4.056,2.412,151.2,13.95,3.61,6.21,9.62,3.257,3.8,152.6,19.41,3.81,7.07,9.64,4.411,4.334,181.7,15.22,19.8,8,4,93.78112181,1.636789352,34,11.54166667
12/03/2018,38.19302,2.4,6.27,7.37,5.226,2.01,83.8,7.28,2.49,5.77,7.28,4.643,2.8,114.8,9.37,2.05,6.6,8.19,5.128,2.167,159,7.84,0,8.7,3.6,78.77009581,1.374797524,17,8.166666667
13/03/2018,38.19576,3.91,6.75,8.99,4.224,0,172.4,12.05,3.72,6.05,8.51,3.435,0.6,162.7,11.71,4.03,6.98,8.85,3.704,0.394,182.4,12.71,2.2,8.6,4.2,159.8171829,2.789336043,20,8.541666667
14/03/2018,38.19849,6.99,7.11,8.81,5.903,2.211,107.1,14.86,8.22,6.34,7.97,5.254,5.4,135.1,17.3,8.47,7.43,8.85,6.37,6.501,156.8,16.3,NA,8.6,4.9,113.3344012,1.978058456,32,18.04761905
15/03/2018,38.20123,6.79,7.75,8.72,6.847,0,99.5,13.62,7.67,6.91,7.89,5.867,0.2,119.6,16.66,7.98,8.01,8.81,7.14,0,146,15.19,0,8.2,5.6,110.835396,1.934442588,49,26.375
16/03/2018,38.20397,5.86,7.06,8.14,6.213,0,94.3,12.9,6.26,6.3,7.86,5.375,0,115.2,13.31,6.83,7.37,8.36,6.512,0,146.1,14.57,0,7.7,4.3,118.3359281,2.065351568,48,26.58333333
17/03/2018,38.20671,4.32,4.34,6.516,1.667,0,105.3,11.07,5.01,3.62,5.696,0.564,0,134.2,12.26,6.07,4.88,6.854,2.006,0,155.8,12.84,0,4.7,0.7,125,2.181661565,34,18.625
18/03/2018,38.20945,6.11,2.68,4.084,1.239,0,79.2,12.64,4.59,1.78,3.06,0.088,0,141.7,14.17,4.01,2.99,4.33,1.541,0,181.3,14.37,0,5.3,0.1,99.98729159,1.745107448,27,14.375
19/03/2018,38.21218,2.55,3.52,5.469,1.824,0,55.16,7.71,2.11,2.69,4.795,1.252,0,82.5,8.64,1.68,3.94,6.613,1.582,0,17.9,9.93,0,6.5,-3.5,42.15347295,0.735716894,17,6.291666667
20/03/2018,38.21492,2.7,5.56,7.63,2.543,0,166.5,12.87,2.35,4.93,7.27,1.867,0,266,12.9,2.54,5.4,7.89,0.994,0,226.2,13.13,0,8.4,-1.6,-111.9481449,-1.953863719,20,8.125
21/03/2018,38.21766,3.7,8.49,9.45,7.38,6.633,103.3,17.25,3.73,8.12,9.22,6.737,13.4,352.8,17.96,4.16,8.9,9.93,7.66,9.26,264.3,18.03,12.4,10.6,3.8,-122.615994,-2.14005281,30,14.33333333
22/03/2018,38.22040,7.29,7.82,8.77,6.676,21.71,210.7,18.72,5.86,7.31,8.4,6.161,15.6,149.2,20.74,4.18,8.12,9.04,7.06,16.15,195.9,16.82,1.6,8.7,4,-162.935147,-2.843754783,35,16.54166667
23/03/2018,38.22313,2.9,6.5,8.58,5.283,8.84,21.31,12.54,4.27,5.92,7.02,4.764,9,334.7,17.36,4.51,6.95,8.49,5.704,6.107,301,20.19,36.2,7.5,2.3,-94.3895493,-1.647408415,38,12.95833333
24/03/2018,38.22587,3.29,6.61,8.24,5.215,1.005,57.34,14.18,2.94,6.14,7.89,4.492,2.4,302.8,13.8,3.45,7,8.55,5.583,1.97,310,15.84,2,9.1,2,-127.4855189,-2.225042053,27,11.66666667
25/03/2018,38.22861,1.6,6.24,8.54,3.925,2.211,344.8,8.82,2.76,5.57,7.44,3.185,2.8,18.87,14.11,2.79,6.61,9.32,4.199,3.152,335.1,11.2,0.4,9.2,1.8,-77.97013175,-1.360835517,24,10.13043478
26/03/2018,38.23135,3.66,6.39,8.22,4.383,3.819,100.1,14.11,4.53,5.82,7.87,3.742,6.2,145,16.06,4.76,6.18,8.07,2.906,8.47,138.6,16.59,1.2,9.2,1.2,-166.3438635,-2.903248109,20,7.25
27/03/2018,38.23409,4.87,6.43,7.85,4.701,5.427,83.8,17.61,5.12,5.87,7.63,4.259,12,68.2,21.02,5.04,6.77,8.57,5.138,10.83,123.1,21,16,9.7,4.8,160.4119682,2.799717006,28,15.91666667
28/03/2018,38.23682,3.11,5.09,7.77,3.03,0.201,153.4,17.48,2.52,4.5,6.917,2.388,0.2,181.4,13.47,2.99,5.53,7.43,2.633,0.197,203.5,18.55,3.6,7.9,0.7,-123.2716719,-2.151496549,21,6.333333333
29/03/2018,38.23956,3.19,5.37,6.835,2.792,2.814,80.7,8.79,2.86,4.8,6.869,2.165,1.8,141.1,13.27,2.96,5.85,7.66,2.916,1.773,167.5,9.15,0.2,8.7,-1.2,114.0161502,1.989957222,28,8.291666667
30/03/2018,38.24230,7.14,4.96,5.95,4.019,0,62.58,16.89,5.22,4.34,5.291,3.452,0.2,183.9,23.25,5.24,5.41,6.31,4.552,0,196.9,17.97,0,6.6,3.4,72.92993778,1.272867538,33,16.33333333
31/03/2018,38.24504,4.31,4.9,6.373,4.01,0,56.74,9.47,3,4.35,6.254,3.359,0,202.8,13.65,3.19,5.35,6.905,3.876,0,220.4,11.4,0.2,6.7,2.2,48.64002491,0.848928583,20,10
01/04/2018,38.24778,3.25,4.87,7.19,2.73,0,45.4,11.86,2.87,4.2,6.66,2.63,0,156.5,16.16,2.45,5.09,7.45,2.693,0,262.4,14.57,1.4,6.9,-1.1,-22.50667001,-0.392815495,29,9.375
02/04/2018,38.25051,10.25,3.82,4.879,2.834,0.201,62.08,17.64,7.77,3.12,4.503,2.164,0,178.2,27.33,7.7,4.29,5.361,3.442,0,189.4,19.7,0,5.6,2.3,69.16353707,1.207131444,28,17.83333333
03/04/2018,38.25325,5.11,3.74,6.016,1.826,4.221,54.72,20.06,4.62,3.08,4.906,1.167,5,266.7,19.15,4.57,4.21,5.886,2.268,3.94,254.7,18.55,5.2,5.3,2.3,54.20497529,0.94605529,28,15.625
04/04/2018,38.25599,3.53,4.06,6.77,1.866,1.608,39.53,17.05,3.72,3.49,5.669,1.148,2.8,68.59,21.95,3.62,4.51,6.784,2.309,2.561,321,21.89,4.4,7.1,0,-12.68210064,-0.221344412,26,11.91666667
05/04/2018,38.25873,2.7,5.16,7.85,1.667,0,77.9,10.36,2.88,4.51,7.16,1.866,0,108.3,12.67,2.63,5.43,7.9,2.33,0.197,145.5,16.07,0.2,8.3,-1.1,-76.77587905,-1.339991875,21,7.666666667
06/04/2018,38.26146,6.11,5.81,7.52,3.486,11.46,90.9,15.06,5.87,5.12,6.909,2.753,22.6,116.9,15.16,6.33,6.14,7.83,3.825,25.02,151.5,20.32,38.4,6.7,3.1,109.6158562,1.913157603,29,15.04166667
07/04/2018,38.26420,3.08,7.43,8.45,6.76,1.809,39.05,14.44,2.76,6.88,7.84,6.443,1.8,270.3,12.91,2.68,7.75,8.74,6.652,1.773,283.6,13.16,19.6,10.7,6.3,157.9457653,2.756673645,18,7.333333333
08/04/2018,38.26694,4.96,6.94,7.32,6.591,1.206,60.33,10.36,3.41,6.33,6.747,5.972,4.8,181.3,14.3,3.16,7.24,7.68,6.875,3.743,204.9,12.05,4.8,8.4,6.6,52.08372972,0.90903257,15,6.833333333
09/04/2018,38.26968,2.68,7.74,9.08,6.893,0.402,102,9.34,2.32,7.17,8.66,6.283,0.4,119.3,9.53,2.38,8.12,8.99,7.1,0.394,154.4,9.7,3,10.9,6.3,124.3443722,2.170218702,19,7.166666667
10/04/2018,38.27242,3.77,8.28,10.75,6.714,0,42.05,12.9,3.02,7.93,11.1,6.161,0,50.1,9.68,2.93,8.31,10.89,7.16,0,17.89,10.78,0,10.8,5.5,88.86817154,1.551042194,20,10.625
11/04/2018,38.27515,2.12,7.47,9.54,6.251,0.201,61.37,9.44,1.7,7.26,9.68,5.697,0.4,117.3,10.15,1.62,7.94,9.65,6.694,0.394,152.9,8.79,2,12.8,5.8,115.9769853,2.02418025,20,7.125
12/04/2018,38.27789,1.97,9.82,11.53,8.25,0,59.82,6.697,2.07,9.96,13.26,7.73,0,68.49,6.85,1.97,10.32,12.14,8.27,0,50.49,7.77,0,14.3,5.5,107.5004089,1.876236082,28,12.16666667
13/04/2018,38.28063,1.95,8.46,9.72,7.69,0.201,191,7.87,1.63,8.06,9.74,7.27,0.2,155.6,6.76,1.36,8.85,9.8,8.17,0.197,175.6,9.02,0.4,10.1,5.9,124.2414188,2.168421826,23,10.20833333
14/04/2018,38.28337,3.75,8.44,9.75,7.67,0.402,177.6,13.56,3.26,7.71,8.43,7.13,0.2,146.7,10.74,4.32,8.6,9.27,7.97,0.197,164.5,13.56,0,12.6,7.2,173.4047735,3.026484237,20,8.583333333
15/04/2018,38.28611,3.35,9.08,10.97,7.72,0.201,74.1,11.3,5.46,9.1,11.92,6.518,0.4,105.8,13.31,4.69,10,12.34,8.11,0.197,142.6,14.77,0,16.1,5.1,87.47311276,1.526693825,19,6.958333333
16/04/2018,38.28884,5.6,9.06,10.84,8.23,2.01,132.8,18.82,6.93,8.44,10.66,7.59,3.2,138.7,18.27,7.33,9.17,10.31,8.38,3.94,164.1,17.41,0.8,12,8.1,156.382381,2.72938744,30,13.375
17/04/2018,38.29158,8.46,10.01,11.35,8.67,9.05,202.9,23.91,7.82,9.48,11.03,8.05,7.8,154.7,21.51,7.51,10.27,11.63,8.8,9.26,178.8,24.83,7.8,13.9,8.9,-177.8552829,-3.104160279,36,20.29166667
18/04/2018,38.29432,6.8,9.97,11.01,9.18,11.26,201.4,21.56,6.19,9.44,10.38,8.56,9.4,158,23.39,5.75,10.2,11.09,9.27,11.03,178.9,21.07,0.6,14,8.6,-176.2212392,-3.075640836,34,16.875
19/04/2018,38.29706,7.06,10.11,11.6,9.21,0,205.4,14.21,6.27,9.44,10.82,8.86,0,113.2,22.96,3.19,10.48,11.88,9.77,0,192.9,10.06,1,15.2,8.7,-160.2862707,-2.79752317,38,14.16666667
20/04/2018,38.29979,3.85,9.4,10.89,8.43,1.206,173.9,13.16,2.92,8.8,10.37,7.99,1.2,307.6,12.84,3.17,9.8,11.15,8.9,0.985,204.1,16.76,8.4,12.7,7.5,-139.0709199,-2.427245446,29,13.75
21/04/2018,38.30253,6.04,8.68,9.14,8.2,6.834,212.8,16.56,4.41,8.06,8.49,7.62,5.2,169.3,11.65,3.85,9.03,9.53,8.57,5.319,190.2,14.28,0,12.9,5.5,-174.4715,-3.045102125,25,9.625
22/04/2018,38.30527,3.87,8.79,10.62,7.95,2.814,193.5,12.61,3.36,8.14,10.13,7.31,2.2,133.4,13.94,2.37,9.07,10.39,8.23,2.758,190.1,10.39,8.8,10,7.5,-158.8502029,-2.772459058,25,8.625
23/04/2018,38.30801,3.05,8.21,9.34,7.19,4.422,115.7,13.56,2.96,7.59,8.44,6.652,6,350.8,15.28,2.86,8.56,9.53,7.59,5.319,249.6,16.37,3.8,11.5,6.6,-115.0502042,-2.008004869,27,11.58333333
24/04/2018,38.31075,3.21,8.55,10.06,7.29,0.201,102.8,11.73,3.13,8.01,10.24,6.841,0.8,265.4,14.05,2.67,8.99,10.81,7.72,0.394,301.7,15.26,5,12.3,5,-108.6317867,-1.89598235,30,13.04166667
25/04/2018,38.31348,3.58,8.04,9.96,5.92,2.01,104.8,12.18,3.34,7.47,9.62,5.482,2.8,257.1,15.52,3.36,8.38,9.92,6.38,2.364,303.1,14.9,8.4,11.4,4.5,-141.3377469,-2.46680904,27,11.41666667
26/04/2018,38.31622,2.62,7.93,10.63,6.241,2.412,24.44,10.29,4.14,7.17,9.32,5.972,2.2,88.1,15.57,3.39,8.2,10.33,6.854,2.955,328.7,15.26,10.8,10.5,4,-80.49450126,-1.404894077,27,10.375
27/04/2018,38.31896,2.39,7.16,9.12,5.818,1.206,66.77,9.18,2.28,6.5,9.07,5.313,1.4,291,14.32,2.01,7.38,9.1,5.462,1.773,357.5,11.07,2.8,10.7,3.9,-118.2930892,-2.064603889,20,5.916666667
28/04/2018,38.32170,3.57,7.32,9.2,5.94,0.201,54.01,9.93,2.72,6.7,9.16,4.777,0.2,202.5,11.99,2.26,7.41,9.41,4.532,0,210.4,10.22,0.4,9.3,1.6,40.2708781,0.702859416,22,10.70833333
29/04/2018,38.32444,2.93,6.95,9.08,5.086,0,55.56,9.77,2.4,6.23,8.87,4.192,0,142.4,11.54,1.74,7.04,9.43,3.724,0,155.5,8.95,NA,9.8,3.2,60.42764929,1.054661439,16,7.695652174
30/04/2018,38.32717,4.23,8.1,10.25,5.124,0,216,14.44,4.07,7.17,9.49,4.52,0.2,158.3,16.17,2.24,7.52,9.88,3.502,0,188.6,10,0,11.6,0.7,-151.6536085,-2.646854792,18,7.708333333
01/05/2018,38.32991,6.07,7.85,9.04,6.374,16.88,248,19.27,5.54,7.22,8.15,5.991,12.2,179.6,17.11,4.56,8.26,9.17,7.1,12.02,215.2,17.64,10.8,8.6,6.8,-165.9590257,-2.896531422,33,17.29166667
02/05/2018,38.33265,2.93,6.96,9.09,4.5,1.809,49.15,13.43,3.26,6.34,8.47,3.847,2.6,307.6,20.71,3.37,7.3,9.09,4.937,2.955,321.4,14.96,1.6,11.1,3.1,-92.34753983,-1.611768626,36,10.79166667
03/05/2018,38.33539,3.59,9,10.3,7.13,1.608,155.1,12.25,3.21,8.35,9.16,6.424,3.4,249.3,15.78,3.24,9.34,10.24,7.69,2.955,168,15.48,4.4,10.8,3.3,-147.5493803,-2.575222496,30,13.25
04/05/2018,38.33812,5.72,9.9,10.29,9.19,1.206,191.1,14.63,4.16,9.54,9.94,8.73,3.2,19.19,20.12,5.31,10.26,10.67,9.48,0.985,174.9,18.49,0.8,14.2,8.3,-152.9495014,-2.669472389,33,17.16666667
05/05/2018,38.34086,6.68,9.5,10.27,6.392,3.618,212.6,16.5,5.98,9.01,9.85,5.944,4,77.6,22.24,4.42,9.89,10.69,7.11,3.743,209,16.01,2.2,12.3,8.6,-151.4632055,-2.643531632,37,17.91666667
06/05/2018,38.34360,2.9,7.44,9.97,5.752,18.29,18.82,15.35,2.92,6.86,9.52,5.284,20,24.13,18.81,2.34,7.72,10.27,5.764,18.91,70.8,19.11,12,10.7,4.5,-5.720378844,-0.099839445,28,8.958333333
07/05/2018,38.34634,4.43,8.03,9.96,5.517,1.206,146,12.15,3.72,7.42,9.31,4.963,2,132.1,15.92,2.73,8.38,10.18,5.562,1.97,188.9,11.92,1.4,11.3,6.4,115.9989997,2.024564474,21,8.958333333
08/05/2018,38.34908,5.37,9.67,11.22,8.38,2.211,195.3,13.75,3.89,9.07,10.78,7.79,1.8,115.4,16.61,4.43,9.93,11.17,8.75,1.773,186.3,15.42,1.4,14,8.7,-166.3592135,-2.903516017,29,12.08333333
09/05/2018,38.35181,9.43,8.97,10.66,7.41,9.65,207.7,24.63,7.86,8.36,9.77,7.02,6.2,148,30.32,6.4,9.36,10.83,8,6.107,192.2,25.25,1.4,9.9,8.1,-173.3380063,-3.02531893,37,19.08333333
10/05/2018,38.35455,5.99,8.57,9.97,6.071,2.01,185.5,17.8,4.97,7.96,9.67,5.473,2.4,166.8,16.91,5.11,8.89,10.3,6.602,2.561,189.5,17.84,0.4,13.2,6.8,-147.7280979,-2.578341706,36,17.29166667
11/05/2018,38.35729,5.71,8.63,9.64,6.872,2.211,149.8,19.47,6.43,7.93,8.78,6.188,2.6,149.9,19.17,8.02,9.04,9.78,7.3,3.349,165.8,18.46,2,12.7,7,162.179444,2.830565276,29,12.83333333
12/05/2018,38.36003,4.33,9.44,10.68,7.43,0.603,174.4,12.84,4.68,8.77,10.66,6.68,0.6,146,14.35,5.3,9.56,10.26,8,0.197,169.7,13.62,0,14.3,4.6,165.154903,2.882496833,18,7.5
13/05/2018,38.36277,4.59,9.87,11.63,8.76,0,203.9,11.27,4.13,9.14,10.88,7.67,0,151.9,15.2,4.06,9.9,10.93,9.08,0,179.9,12.09,0,14.4,6.4,-169.4493705,-2.95744943,23,8.208333333
14/05/2018,38.36550,4.56,9.85,11.5,8.87,1.206,205.4,12.64,3.85,9.14,10.21,8.28,1.6,141.6,12.28,3.35,10.01,11.61,9.15,0.985,192.5,13.95,0,13.2,7.9,-170.6436212,-2.978293037,27,11.29166667
15/05/2018,38.36824,4.42,9.36,11.04,7.87,6.633,193.6,16.82,4.47,8.7,10.35,7.4,5.8,97.3,21.31,4.14,9.68,11.17,8.27,5.516,280.9,15.68,5.6,12.3,7.5,-132.523157,-2.312965425,32,13.95833333
16/05/2018,38.37098,1.9,9.06,11.33,7.34,0,41.21,7.48,2.27,8.32,11.05,6.804,0,347,9.99,2.09,9.2,11.92,6.209,0,328.1,9.6,0,13.5,3,-76.65352278,-1.337856356,19,8.208333333
17/05/2018,38.37372,2.37,9.4,11.19,7.44,0,169,10.13,2.89,8.83,11.21,6.179,0,157.5,9.28,2.45,9.36,10.94,6.329,0,172.6,11.27,0,12.9,3.7,-175.3277784,-3.060047003,13,5.375
18/05/2018,38.37645,4.26,10.05,10.64,9.07,2.01,202.2,12.28,3.26,9.52,10.15,8.46,3.2,104.4,14.96,2.15,10.33,11.01,9.34,2.364,188.7,9.7,1.6,12.1,7.4,-169.0971671,-2.951302322,23,12.25
19/05/2018,38.37919,9.09,10.49,11.26,9.81,7.84,215.9,18.49,6.76,9.94,10.42,9.39,5,143.3,22.78,4.23,10.77,11.41,10.06,5.713,201.4,13.59,0.2,15.4,8.9,-166.6789998,-2.90909734,33,15.5
20/05/2018,38.38193,2.39,9.36,10.36,8.26,7.84,315.4,15.12,2.8,8.73,9.98,7.62,9.4,3.657,24.86,2.26,9.7,10.67,8.63,7.09,0.801,11.27,11.4,12.1,8.9,-146.3348074,-2.554024199,32,16.125
21/05/2018,38.38467,1.6,9.18,11.33,7.71,0,358.5,8.07,1.92,8.6,11.09,7.39,0,348.6,6.693,1.54,9.76,12.5,8.24,0,335.8,8.46,34.6,9,6.8,16.16823371,0.282188913,15,7.25
22/05/2018,38.38741,2.88,9.41,10.86,7.82,0,55.8,7.32,1.95,8.86,10.73,7.16,0,102.8,9.64,1.46,9.84,12.36,8,0,151.8,8.98,0.2,12,2.5,66.04847123,1.152763289,20,9.458333333
23/05/2018,38.39014,2.16,10.83,13.03,9.11,0,202.3,9.11,1.96,10.2,11.91,8.75,0,141.3,6.643,1.54,10.87,12.32,8.95,0,187.6,8.69,0,14.9,6.4,146.9490947,2.564745534,15,6.5
24/05/2018,38.39288,2.5,12,13.82,9.84,0.804,199.1,13.72,2.23,11.41,13.99,9.25,0,164.8,9.36,1.88,12.32,15.15,10.16,0,213,8.75,0,19.8,6.7,-174.7787359,-3.050464404,17,6.958333333
25/05/2018,38.39562,5.13,10,11.88,8.83,0,42.71,13.59,3.55,9.48,11.47,8.28,0,45.84,12.13,3.35,10.45,12.13,9.27,0.197,343.9,16.37,0,12.1,6.8,23.0782988,0.4027923,29,12.95833333
26/05/2018,38.39836,2.8,13.11,19.58,8.43,0,64.32,12.54,3.09,13.92,18.74,7.78,0,78.7,11.25,3.69,13.27,19.24,8.65,0,57.41,12.28,0,17.6,8.8,55.5668593,0.96982465,23,9.166666667
27/05/2018,38.40110,2.92,16.15,18.77,14.28,0,43.73,8.85,2.67,16.72,19.55,13.4,0,112.1,10.18,2.17,17.15,20.06,14.27,0,148.9,11.66,0,19.4,10,68.81238514,1.201002687,16,7.333333333
28/05/2018,38.40383,1.69,15.65,18.68,13.49,0,185.5,7.64,1.59,16.08,18.43,14.42,0,122.3,10.46,1.3,15.76,17.77,14.05,0,118,9.21,0,20.6,10.3,74.6373944,1.302668277,17,5.875
29/05/2018,38.40657,0.93,15.84,19.3,12.21,0,77.5,5.488,1.17,17.03,19.58,13.4,0,134.4,4.277,0.67,15.4,18.72,11.66,0,155.1,7.38,0,19.5,10.6,46.45404355,0.810776011,20,7.208333333
30/05/2018,38.40931,2.35,15.86,20.39,11.97,0,31.12,10.06,3.27,16.03,18.94,11.09,0,349.7,8.72,3.14,15.59,20.53,12.28,0,31.93,10.16,0,16.8,11.9,51.79800709,0.90404577,21,8.833333333
31/05/2018,38.41205,5.3,11.52,13.61,10.8,0,35.36,11.92,4.64,10.8,13.46,10.11,0.6,358.2,11.9,5.3,11.33,13.11,10.79,0,15.55,13.82,0,16.7,11.1,34.71791433,0.605941914,21,9.833333333
01/06/2018,38.41478,0.72,12.67,15.74,10.59,0,79.9,4.051,0.79,12.84,15.47,10.43,0,138.5,4.39,0.6,12.58,14.72,10.72,0,153.1,6.468,0,18.3,10.5,84.33617909,1.471944004,12,4.833333333
02/06/2018,38.41752,1.28,13.41,16.1,11.59,0,81.4,6.795,1.94,13.15,15.93,11.06,0,47.79,8.59,1.55,13.27,16.08,11.69,0,86.6,8.72,0,15.4,11.1,42.57356128,0.743048819,16,7.083333333
03/06/2018,38.42026,3.15,10.98,12.03,9.62,0,37.87,8.1,4.2,10.55,11.97,9.09,0,14.03,9.68,4.68,11.27,12.4,9.83,0,26.87,11.37,0,13.1,10.6,30.52121285,0.532695656,16,8.75
04/06/2018,38.42300,4.4,10.73,12.62,9.23,0,48.75,12.84,3.67,10.15,11.76,8.72,0,57.41,11.68,3.74,10.83,12.2,9.52,0,32.78,14.11,0,13.7,9.6,NA,NA,26,NA
05/06/2018,38.42574,3.03,11.89,13.02,10.27,0,54.16,9.7,3.04,11.5,13.09,9.87,0,70.4,9.4,2.71,12.23,13.69,10.7,0,52.79,11.4,0,14.4,9.2,64.07662786,1.11834813,20,12.20833333
06/06/2018,38.42847,0.75,13.27,15.56,11.88,0,94.5,3.757,1.03,13.2,16.65,11.82,0,130.3,4.47,0.55,13.35,16.46,11.75,0,164.7,3.887,0,15.6,9.7,83.17006532,1.451591479,14,6.208333333
07/06/2018,38.43121,1.39,13.24,16.13,11.46,0.402,184.4,7.55,2,12.72,15.83,11.28,0,346.5,6.993,1.45,13.42,16.36,10.95,0,103.9,10.49,0,15.8,8.6,56.85737476,0.992348394,15,6
08/06/2018,38.43395,2.8,12.07,13.62,11.21,0,63.12,9.34,2.09,11.44,13,10.5,0,68.86,9.43,1.49,12.35,14,11.03,0,63.21,8.46,0,15.1,11.8,54.11085744,0.944412623,17,9.875
09/06/2018,38.43669,0.95,12.91,14.33,11.82,0,96,4.345,1.39,12.35,13.87,11.18,0,112.4,4.49,0.76,13.15,14.58,12.01,0,142.1,5.553,NA,17.2,11.1,69.09722587,1.205974095,12,4.869565217
10/06/2018,38.43943,1.5,12.18,13.35,11.18,2.613,347.1,9.51,2.07,11.42,12.52,10.63,2,344.6,8.38,2.18,12.19,13.58,11.46,2.364,312.6,9.83,0,16.8,10.9,-175.6626112,-3.065890939,17,6
11/06/2018,38.44216,1.74,11.89,13.5,10.87,0.201,10.9,6.827,2.1,11.08,12.1,10.35,0.4,335.9,9.07,1.8,12.01,13.79,11.13,0.591,313.7,10.29,0,14.8,9.6,15.17550169,0.26486247,14,6.541666667
12/06/2018,38.44490,1.11,11.25,12.83,10.5,0,83.7,6.925,1.6,10.64,12.11,9.94,0,355.3,6.513,1.36,11.57,13.13,10.71,0.394,321.8,7.38,0,14.2,10.9,-40.44996467,-0.705985066,18,7.833333333
13/06/2018,38.44764,7,11.99,13.28,10.31,29.95,212,18.78,5.98,11.42,12.89,9.77,21,152.9,24.99,4.24,12.11,13.35,10.55,23.84,188.5,18.16,26,11.6,9.5,-177.0213359,-3.089605157,32,13.125
14/06/2018,38.45038,5.38,11.14,13.29,9.88,4.824,95.4,21.76,6.01,10.55,12.95,9.1,6.6,49.13,28.25,5.66,11.44,13.37,10.1,4.334,303.1,24.6,12.8,14.1,10.4,-112.2783837,-1.959627474,53,27.125
15/06/2018,38.45311,3.29,11.19,12.91,9.95,0.402,161.9,11.76,2.82,10.61,12.55,9.41,0.8,188.8,12.61,3.2,11.41,13.41,10.4,0.788,206.7,14.57,6.8,16,8.7,-126.6401828,-2.210288156,27,12.75
16/06/2018,38.45585,2.54,11.71,14.48,9.7,2.01,164.5,12.32,2.74,11.06,13.98,8.99,4,169.5,12.78,2.58,11.93,14.24,9.92,3.349,182.2,11.04,6.8,15.5,9,146.8736218,2.563428284,18,8.791666667
17/06/2018,38.45859,3.9,11.44,13.95,10.07,1.407,176,16.82,3.51,10.74,12.4,9.44,2,173.5,15.3,3.96,11.61,13.29,10.4,1.182,174.5,20.58,0.4,14.7,6.5,-162.9472654,-2.843966289,25,10.58333333
18/06/2018,38.46133,5.35,10.77,12.06,8.99,1.809,88.9,19.37,4.53,10.19,11.38,8.43,4.2,247,20.34,5.69,11.1,12.2,9.32,3.546,293.5,22.57,7.2,14,9.3,-120.7791839,-2.107994426,44,20.54166667
19/06/2018,38.46407,2.92,10.73,12.72,9.27,0.201,85.7,14.08,2.48,10.21,12.21,8.67,0.6,264.8,14.23,2.84,10.91,12.82,9.05,0.788,236.3,18.13,2.8,14.3,8.8,-102.5175013,-1.789267938,34,14.45833333
20/06/2018,38.46680,2.23,9.86,12.55,7.99,4.824,25.6,12.38,2.94,9.21,11.7,7.26,7.2,353.9,13.22,3.4,9.96,12.43,8.21,5.713,322.1,16.43,8.6,14.3,7.6,-71.82906245,-1.253653638,29,8.75
21/06/2018,38.46954,2.03,11.09,13.65,9.3,0,24.52,12.02,3.89,10.22,11.94,8.85,0,0.802,13.99,5.17,11.15,13.36,9.83,0,341.7,13.95,3.8,14.5,7.3,-43.73587414,-0.763335005,30,15.83333333
22/06/2018,38.47228,2.46,11.52,13.66,10.26,0,76.2,11.14,2.6,10.83,12.63,9.71,0,334.8,12.89,3.12,11.63,13.04,10.59,0,273.7,11.69,0,15.7,8.8,-83.7312004,-1.461385134,26,12.75
23/06/2018,38.47502,3.3,11.44,12.13,10.52,0.201,86.3,11.17,2.71,10.92,11.45,10.07,1,287.1,12.67,3.23,11.8,12.51,10.83,0.788,275.8,14.86,0.2,14.8,10.5,-114.961827,-2.006462395,28,13.41666667
24/06/2018,38.47775,3.85,12.15,13.57,11.22,0,180.1,13.16,3.16,11.55,12.78,10.7,0,205.7,13.31,3.39,12.32,13.38,11.52,0,186.3,13.52,0,17.7,10.3,-130.30006,-2.274165063,20,10.875
25/06/2018,38.48049,2.28,12.25,13.68,11.52,0.201,160.2,10.26,1.99,11.82,13.38,11.13,0.6,241.1,11.55,2.07,12.54,14.39,11.81,0.394,213,14.01,0,14.6,9.7,-153.6824377,-2.68226454,19,8.291666667
26/06/2018,38.48323,1.62,13.28,15.37,11.85,0,207.7,5.913,1.61,13,15.93,11.41,0,121.5,6.993,0.8,13.58,16.1,12.2,0,203.1,5.096,0.2,16.2,11.7,157.0412657,2.740887148,12,4.625
27/06/2018,38.48597,2.43,16.97,21.07,13.31,0,232.8,6.109,2.17,17.86,21.69,14.26,0,241.4,5.91,1.41,16.73,21.67,12.57,0,182.1,5.063,0,23.1,8.2,60.89802474,1.06287104,16,5.625
28/06/2018,38.48871,1.51,14.87,20.23,11.76,0,11.42,7.19,1.91,15.25,19.95,11.23,0,68.73,7.32,1.01,14.47,17.96,12.03,0,172.8,5.292,0,20,11.8,52.93206683,0.923838846,15,5
29/06/2018,38.49144,1.48,12.23,13.97,10.5,0,59.72,6.729,1.71,12.03,15.06,10.59,0,55.64,6.983,1.72,12.31,14.45,10.58,0,48.25,7.22,0,17.7,9.8,30.0790601,0.524978635,12,5.541666667
30/06/2018,38.49418,1.92,14.6,17.4,9.88,0.201,242.3,7.81,1.86,15.52,17.42,10.71,0,176,8.46,1.11,14.43,17.37,9.68,0,204,6.207,0,21.5,11,134.3969125,2.345668628,14,6.541666667
01/07/2018,38.49692,2.31,12.13,14.55,9.51,1.206,342.2,10.81,3.43,11.5,13.71,9.76,1.8,351.4,9.92,4.28,12.37,14.7,9.74,1.182,337.3,14.31,1.6,20,11.9,-61.94555055,-1.081153814,21,7.416666667
02/07/2018,38.49966,1.41,12.7,14.91,9.53,0,157.6,6.664,1.96,12.04,14.3,9.56,0,286,8.11,1.14,12.85,15.68,9.46,0,288.4,6.403,0,17.1,6.3,-15.93753492,-0.278162459,14,5.583333333
03/07/2018,38.50240,1.43,13.03,14.88,10.95,0,63.04,4.214,1.75,12.75,15.25,10.61,0,135.8,4.677,1.17,13.1,15.7,10.26,0,46.68,4.279,0,17.8,9.6,36.65432575,0.639738669,15,6.541666667
04/07/2018,38.50513,1.92,14.9,18.12,10.87,1.407,165.6,8.75,2.29,14.24,17.46,10.53,1.4,319.4,12.37,1.88,14.43,17.31,11.15,1.379,316.6,12.18,0,24,12.7,-147.7502355,-2.57872808,24,8
05/07/2018,38.50787,2.05,12.07,14.47,10.39,0,62.94,7.74,2.41,11.34,13.85,9.81,0,14.3,12.17,2.22,12.17,14.63,10.64,0,314.2,10.09,0,17,9.4,-75.72819275,-1.3217063,25,10.04166667
06/07/2018,38.51061,2.85,12.98,14.84,11.67,0.402,162.4,9.05,2.5,12.43,14.53,10.96,0.4,175.8,10.5,2.05,13.09,14.64,11.77,0.591,194.6,11.17,0,15.7,10.4,-146.3641014,-2.554535476,16,7.583333333
07/07/2018,38.51335,4.83,14.57,16.61,12.47,0.804,205.3,13.43,3.73,13.91,15.8,12.28,1.8,135.4,14.01,3.36,14.62,16.01,13,0.788,189,11.24,0,19.5,12.7,-170.8673799,-2.982198363,24,11.58333333
08/07/2018,38.51608,1.95,12.93,14.52,11.15,1.206,57.35,8.72,2.38,12.29,13.65,10.7,2.8,21.17,24.6,2.28,13.11,15.02,11.45,1.97,331.1,12.18,0.2,16.9,12,-77.66847949,-1.355570692,20,9.416666667
09/07/2018,38.51882,2.23,12.92,15.14,12.15,0.402,90,9.41,2.25,12.4,13.44,11.57,0.2,261.2,9.56,2.08,13.23,14.65,12.32,0,296.8,11.66,0,17.6,11.7,-101.6470771,-1.774076171,18,7.583333333
10/07/2018,38.52156,1.49,13.15,14.72,12.39,1.206,34.31,6.664,2.26,12.41,13.21,12,1.4,350.9,9.31,2.37,13.23,14.27,12.78,0.591,3.164,10.94,11,14.9,13,-36.47817768,-0.636664306,9,4.666666667
11/07/2018,38.52430,1.82,13.42,15.65,11.77,0.201,8.6,6.925,2.22,12.62,14.56,11.06,0,339.6,8.14,2.9,13.56,15.86,11.85,0,11.28,9.51,9.8,15,12.4,-2.25568075,-0.039369056,17,8.125
12/07/2018,38.52704,1.73,14.68,17.15,12.34,0,207.8,5.619,1.88,13.94,16.65,12.15,0,251.5,7.65,1.41,14.69,16.98,12.48,0,231.3,5.39,0,17.3,12.1,53.26685621,0.929682023,9,3.25
13/07/2018,38.52977,5.02,14.51,15.9,13.74,0,199.6,13.85,3.93,13.83,14.35,13.21,0,107,21.58,2.79,14.62,15.28,13.93,0,199.3,10.03,0,16.7,7.9,-150.9455325,-2.634496533,21,8.666666667
14/07/2018,38.53251,5.64,14.48,14.95,13.85,4.422,201,15.26,4.82,14.04,14.46,13.47,8,93,23.68,3.36,14.52,14.83,13.9,4.334,195.1,11.3,0.4,15.6,13.3,-161.2521846,-2.814381547,28,16.08333333
15/07/2018,38.53525,4.92,14.22,16.14,12.6,1.809,201.4,12.41,4.41,13.62,15.26,12.02,2.8,124.3,17.82,2.9,14.24,15.85,12.86,1.576,191.4,12.09,7.8,15.7,13.4,-172.8935633,-3.017561934,25,11.08333333
16/07/2018,38.53799,4.2,13.22,15.1,11.56,1.005,177.5,12.22,3.08,12.53,14.67,11.07,2,54.25,14.2,3.55,13.23,14.63,11.84,1.379,192.9,14.54,0.6,16.9,11.5,-166.2641259,-2.901856424,25,12.75
17/07/2018,38.54073,1.68,12.8,14.67,11.84,0.201,81.2,6.762,1.81,12.13,14.04,11.34,0,247.3,10.17,1.37,13.04,15.08,12.17,0,291.7,8.07,5.4,15.8,11.6,-151.6093669,-2.646082629,17,7.458333333
18/07/2018,38.54346,1.66,12.69,14.57,11.37,0,118.9,7.38,1.7,12.11,13.91,10.91,0.2,258,8.12,1.19,12.91,14.39,11.63,0.197,276.4,8.1,0.4,16,10,-121.924408,-2.127982358,15,6.416666667
19/07/2018,38.54620,4.57,13.28,14.17,12.36,10.05,187.3,14.8,3.46,12.7,13.44,11.67,12.6,75.4,17.89,3.7,13.45,14.08,12.56,11.03,192.7,13.79,6.8,16.5,12,-160.4317806,-2.800062796,26,12.70833333
20/07/2018,38.54894,1.79,12.65,13.82,11.46,1.407,22.26,8.75,2.57,11.94,13.19,10.9,1.8,350.4,8.02,2.26,12.66,14.43,11.57,1.379,327.6,12.61,2.2,15.5,12.2,-74.05731518,-1.292543985,24,8.666666667
21/07/2018,38.55168,2.97,12.9,14.19,11.82,3.015,131.5,11.63,2.99,12.32,13.87,11.25,6,251.5,13.19,2.82,13.09,14.4,11.96,3.743,251.7,11.92,0,15.1,11.3,-140.9001625,-2.459171752,25,9.708333333
22/07/2018,38.55441,1.94,13.05,14.36,12.02,1.407,121.9,9.73,2.06,12.55,13.86,11.61,4.2,267.4,15.51,2.02,13.32,14.94,12.14,1.97,249.1,10.16,0.4,17.3,13.4,-118.3489475,-2.065578799,23,10.83333333
23/07/2018,38.55715,2.75,12.9,14.8,11.56,0.402,133.4,11.53,2.4,12.27,13.89,11.04,1.2,252.8,10.99,2.22,13.08,14.53,11.75,1.182,223,11.04,4.8,16.5,12.1,-119.8455361,-2.091699198,21,7.625
24/07/2018,38.55989,4.78,13.49,15.32,12.01,1.608,193,12.15,3.53,12.82,14.62,11.23,3.8,93.2,15.15,3.5,13.63,14.85,12.17,3.152,197.3,11.43,4,17.6,8.9,-159.2243828,-2.778989729,24,10.54166667
25/07/2018,38.56263,3.46,13.79,16.08,11.72,1.407,192.6,15.71,2.89,13.09,15.06,11.13,2,138.6,11.08,2.93,13.82,15.83,11.89,1.379,188,16.3,4.4,18.7,12.1,-171.4228167,-2.991892564,30,11.54166667
26/07/2018,38.56537,5.06,15.05,16.1,14.31,6.834,205.3,18.42,5.19,14.44,15.37,13.75,8.8,151.4,15.46,6.93,14.87,15.94,14.13,8.47,168.1,19.83,0,21.1,12.8,164.3201511,2.867927663,24,9.875
27/07/2018,38.56810,2.21,14.63,15.94,13.8,4.623,176.1,10.75,2.19,14.11,15.2,13.1,1.4,137.3,8.32,2.19,14.55,15.48,13.77,1.576,166.2,10.75,2.8,20,12.2,140.592635,2.453804385,20,5.75
28/07/2018,38.57084,3.09,15.16,17.95,12.86,1.407,55.9,10.98,2.73,15.03,17.62,12.23,6.8,82.1,12.78,2.15,15.66,18.57,13.12,6.304,131.6,12.48,22,20.7,14.5,102.4019243,1.787250739,26,9.75
29/07/2018,38.57358,5.92,13.09,13.88,11.34,4.02,193.7,20.71,4.4,12.43,13.25,10.84,10,110.4,24.25,4.68,13.3,14.06,11.47,10.44,194.2,20.74,17.6,16.1,10.7,-163.9170599,-2.860892395,50,19.16666667
30/07/2018,38.57632,4.73,13.46,15.31,11.73,8.64,209.4,11.73,3.91,12.75,14.65,11.15,1.6,153.7,13.28,3.08,13.58,15.08,12.12,1.576,196.9,12.12,4.8,16.4,9.9,-174.5554873,-3.046567982,31,12.33333333
31/07/2018,38.57906,5.61,13.18,15.34,11.16,8.64,196,15.91,5.21,12.46,14.11,10.72,8,138.7,19.4,4.95,13.3,15.16,11.51,8.08,185.5,17.8,12.2,15.7,9.6,172.628265,3.012931606,35,13.29166667
01/08/2018,38.58179,4.65,13.6,14.57,12.06,6.231,200.9,16.89,3.43,13.03,13.66,11.64,6.4,144.1,15.8,3.28,13.67,14.4,12.02,5.516,186.4,15.75,7,16,12.7,-173.3714215,-3.025902134,29,13.875
02/08/2018,38.58453,2.6,13.56,14.5,12.45,0.603,184.8,9.08,2.04,12.98,13.64,12.11,1,245.6,12.58,2.13,13.63,14.47,12.52,0.788,196.7,9.15,0.4,18.6,13.2,-167.3041091,-2.920007556,24,10.70833333
03/08/2018,38.58727,2.09,13.76,15.28,12.71,1.206,99.7,9.34,1.9,13.19,15.14,12.43,2,259.8,8.65,1.84,13.98,15.54,13.01,1.773,293.2,11.63,0.8,16.6,13.4,-122.781206,-2.142936305,20,6.791666667
04/08/2018,38.59001,3.13,12.95,13.76,11.36,2.613,82.3,12.64,2.44,12.41,13.06,10.92,4.6,269.2,11.81,3.13,13.21,14.23,11.65,3.94,278.1,15.32,1.2,15.8,12.2,-112.806339,-1.968842033,25,11.29166667
05/08/2018,38.59274,4.62,13.2,13.9,12.63,19.5,189.3,14.41,3.61,12.61,13.48,12.11,19,120.4,17.1,3.28,13.36,13.99,12.82,18.32,195.7,12.02,18,15.6,12.2,-155.5891122,-2.715542288,26,12
06/08/2018,38.59548,3.64,12.91,14,10.73,2.412,120.2,11.3,3.06,12.34,13.46,10.23,4.8,258.6,14.5,3.24,13.14,14.25,11.01,3.349,243.3,13,7.8,16.2,11.7,-129.986774,-2.268697191,27,13
07/08/2018,38.59822,5.42,12.57,14.38,10.91,2.412,183.7,15.45,4.38,11.87,13.38,10.3,2.6,107.4,21.03,3.7,12.71,13.99,11.1,2.758,204.7,13.85,6,16.6,10.8,-158.7414481,-2.770560929,29,15.25
08/08/2018,38.60096,3.57,12.47,13.94,11.1,0.201,127,12.12,3,11.89,13.45,10.5,0.6,254.8,12.55,3,12.7,14.43,11.57,0.591,224.7,14.54,3.2,17.5,9.3,-146.6448462,-2.559435397,24,10.08333333
09/08/2018,38.60370,2.52,12.37,14.76,10.36,2.613,101.3,11.34,2.27,11.79,14.37,10.2,2.4,283.1,11.79,2.08,12.53,15.36,10.02,2.364,255.9,10.13,6.8,17.1,9.2,-140.3259046,-2.44914906,28,11.75
10/08/2018,38.60643,1.39,12.51,14.99,10.23,0.201,27.5,6.239,1.87,11.76,14.18,9.55,1.2,323.4,7.94,1.03,12.37,15.04,9.17,0.985,308.4,6.435,0,16.1,6.1,-77.42500733,-1.351321301,15,4.5
11/08/2018,38.60917,2.74,13.08,14.49,11.75,0,97.4,9.31,2.25,12.96,16.79,11.23,0,94.1,12.99,2.25,13.18,14.73,11.05,0,186.6,10.52,0,15.9,8.3,174.0070058,3.036995172,18,7.333333333
12/08/2018,38.61191,3.38,13.89,15.2,13.39,0.603,62.86,10.81,2.1,13.44,15.13,12.78,0.4,90,7.43,1.92,14.3,16.1,13.55,0.394,354,14.44,0.4,17.3,12.8,98.01741911,1.710726688,26,13.625
13/08/2018,38.61465,2.54,13.58,14.86,12.77,0,182,9.93,2.18,12.97,13.63,12.04,0.6,171.3,12.6,2.02,13.75,14.47,12.86,0,191.3,8.4,2.4,15.8,12.9,168.0228546,2.932552031,21,9.166666667
14/08/2018,38.61739,2.76,13.25,14.2,11.82,3.618,152.8,11.66,2.46,12.66,13.88,11.2,4.8,254.1,12.89,2.69,13.5,14.47,12.02,5.713,197,15.12,6,17.1,13.2,-142.7972418,-2.492282033,22,10.79166667
15/08/2018,38.62012,5.5,13.09,14.08,11.48,10.05,180.3,18.62,4.79,12.49,13.34,11.03,11.8,103.9,24.4,4.42,13.39,14.31,11.88,11.03,182.5,17.9,1.8,15.2,11.8,-149.2218176,-2.604412032,37,14.5
16/08/2018,38.62286,3.58,12.78,14.64,11.18,3.417,88.9,13.49,3.15,12.05,13.75,10.57,3.6,342.1,16.75,3.64,13.01,14.91,11.37,0.197,237.6,14.24,3.2,16.5,11.1,-122.0193812,-2.129639952,29,14.04166667
17/08/2018,38.62560,5.21,12.54,13.8,11.34,0.201,100,15.45,3.61,11.94,13,10.8,0.4,232.5,16.21,4.17,12.86,14.13,11.58,1.97,257.1,17.77,4.4,15.1,10.2,-135.2493467,-2.360546411,30,13.125
18/08/2018,38.62834,3.54,12.61,14.31,11.47,0.201,61.83,17.38,3.06,12.01,13.29,10.47,0.6,334.9,19.27,3.6,12.88,14.76,11.39,0.197,271.5,7.77,0.8,15.2,11.6,-114.09536,-1.991339693,37,16.41666667
19/08/2018,38.63107,1.42,12.97,15.04,11.27,0,11.55,6.795,1.75,12.23,13.67,11.17,0,358.9,7.36,1.6,13.16,15.4,11.23,0,10,5.161,0,15.9,9,-25.8750995,-0.451605681,13,5.25
20/08/2018,38.63381,1.02,12.59,14.88,11.39,0.402,197.7,4.9,1.21,11.93,14.5,10.75,0.8,9.39,5.707,1.14,12.76,15.33,11.4,0.197,331.8,5.815,0,15,10.6,-96.17913615,-1.678642598,13,4.083333333
21/08/2018,38.63655,4.01,13.04,14.26,11.9,7.64,187.3,16.27,3.53,12.43,13.72,11.31,10,159.6,22.41,3.92,13.3,14.39,11.89,8.67,202.7,16.69,11,15.2,8.1,-152.4611393,-2.660948861,38,10.875
22/08/2018,38.63929,3.13,12.24,14.05,10.72,2.613,93.7,14.28,3.17,11.58,13.3,10.46,3.8,306.8,16.71,3.74,12.46,13.69,11.19,3.152,317.8,14.83,3.2,14.7,10.5,-104.926947,-1.831320699,24,10.91666667
23/08/2018,38.64203,3.25,11.81,13.52,10.2,4.02,56.85,13,3.5,11.13,12.88,9.8,6.6,278,18.48,3.59,12.03,13.51,10.51,6.698,324.1,15.35,4.8,15.5,9.6,-116.9868256,-2.041805288,24,10.70833333
24/08/2018,38.64476,2.03,11.58,13.98,9.75,10.05,356.1,10.81,3.47,10.89,12.73,9.18,7.8,352.5,17.98,3.77,11.88,14.31,10.02,8.67,324.5,14.08,4.8,15.3,7.6,-56.53293289,-0.986685815,25,10.625
25/08/2018,38.64750,1.8,11.9,14.34,10.07,0.201,194.6,7.22,1.96,11.36,13.68,9.71,0,273.7,9.71,2.02,12.23,14.23,10.91,0,224.3,11.83,0,14.4,7.5,-66.72886966,-1.164638482,19,8.083333333
26/08/2018,38.65024,3.42,11.8,12.81,10.67,7.04,113.5,12.71,3.79,11.18,12.31,9.94,11,149.4,14.89,4.67,12.17,12.99,11.17,10.44,192.8,13.59,28.6,11.9,10.3,133.6755557,2.333078576,23,11.75
27/08/2018,38.65298,2.82,13.04,15.31,11.7,0.804,104.2,13.75,2.52,12.35,14.55,11.12,2.2,57.97,18.79,2.3,13.28,15.72,11.77,1.97,291.8,11.24,10,15.4,10.9,54.94515485,0.95897386,16,4.666666667
28/08/2018,38.65572,6.63,12.6,13.79,10.65,10.25,186.5,17.51,5.51,12.02,13.39,10.1,8.6,128.2,25.24,4.48,12.85,13.96,11.06,9.46,195.2,17.15,11.2,14.2,9.8,-154.7433769,-2.700781422,37,16.70833333
29/08/2018,38.65845,3.59,12.04,14.05,10.64,0.804,60.41,19.4,3.68,11.3,12.52,10.12,0.8,308.9,21.69,3.94,12.26,14.43,10.92,1.379,330.1,14.93,5.2,15,9,-116.626939,-2.035524082,32,13
30/08/2018,38.66119,1.78,12.39,14.85,10.28,0,166,8.59,1.78,11.56,13.84,10.09,0.2,159.5,7.6,1.97,12.58,14.48,10.11,0.197,204,9.87,2.4,15.3,6.9,-142.9670751,-2.495246183,14,5.541666667
31/08/2018,38.66393,5.77,13.33,14.62,11.98,4.221,203.9,16.63,4.35,12.74,14.51,11.08,3,155.3,16.75,5.49,13.4,14.18,12.64,2.758,181.7,16.73,0.2,16.5,6.3,174.8519755,3.051742677,35,12.875
01/09/2018,38.66667,2.88,12.82,14.75,11.48,3.015,185,14.11,2.67,12.23,13.68,11.33,2.8,161.4,12.91,2.23,12.95,14.14,11.81,2.758,230.7,11.11,1,16.6,11.9,-147.5358447,-2.574986255,27,8.541666667
02/09/2018,38.66940,6.3,13.11,14.91,11.12,3.819,198.9,18.13,5.04,12.55,14.57,10.55,3,155.3,22.42,4.32,13.35,15.21,11.61,2.955,246,14.67,3.6,16.7,8.1,-152.3526144,-2.659054745,34,14.16666667
03/09/2018,38.67214,1.75,12.13,14.56,10.66,0,108.6,9.05,1.6,11.56,14.49,10.17,0,250.6,7.12,1.6,12.17,14.39,9.24,0,284.7,9.87,1.6,14.1,5.6,-169.0849207,-2.951088581,12,4.083333333
04/09/2018,38.67488,3.86,12.72,14.05,11.56,0.603,190.8,9.83,2.72,12,13.08,10.85,1.8,84.7,11.94,2.89,12.82,13.91,11.75,0.985,197.7,9.38,0,15,5.1,-141.4083019,-2.468040457,21,8.041666667
05/09/2018,38.67762,3.05,12.06,13.64,10.03,1.407,106.1,11.69,3.05,11.38,12.64,9.63,3.2,47.52,13.52,3.14,12.24,13.84,9.88,2.364,287.9,10.91,14.6,14.1,7.4,-135.3863633,-2.362937802,23,10.5
06/09/2018,38.68036,2,10.93,13.32,8.85,6.633,9.28,10.94,2.85,10.23,11.86,8.47,7.8,350.8,12.18,3.11,11.08,12.69,9.31,6.501,322.4,13.52,15.2,14,6.7,-48.92074912,-0.853828145,16,6.583333333
07/09/2018,38.68309,1.9,12.17,14.75,10.37,0,51.85,5.913,1.6,11.38,13.33,10.18,0,320.9,6.76,1.88,12.37,15.23,10.41,0,329.9,6.991,1.6,14.3,9.4,-29.11021645,-0.508069123,17,9.125
08/09/2018,38.68583,2.85,12.18,13.5,10.09,0.201,150.3,13.88,2.89,11.53,13.11,9.61,1,134.9,11.9,3.14,12.45,13.75,10.7,0.394,175.6,10.22,0,14.6,4.8,-156.8127708,-2.73689916,16,5.541666667
09/09/2018,38.68857,5.32,11.97,13.58,10.53,9.05,172.7,18.33,4.51,11.36,12.88,9.96,9.4,151.9,21.6,4.61,12.2,13.43,10.92,9.26,205.2,22.31,19.6,15.3,10.5,-154.1762729,-2.690883591,35,11.33333333
10/09/2018,38.69131,3.63,11.8,12.95,10.68,5.427,89.4,15.26,3.42,11.23,12.49,10.03,9.6,329.1,19.63,3.86,12.01,13.08,10.79,8.67,250.2,17.18,27.8,13.5,10.3,-128.1395675,-2.236457355,32,14.04166667
11/09/2018,38.69405,4.92,11.55,13.25,9.6,4.221,81.4,20.45,4.3,10.99,12.56,9.71,5,342.2,25.42,4.96,11.76,13.12,10.14,5.319,269.4,26.72,8.8,14.2,8.9,-114.1928951,-1.993042002,44,18
12/09/2018,38.69678,4.89,11.33,12.92,9.76,6.834,102.4,17.48,4.32,10.71,12.23,9,9,295.3,18.98,4.86,11.51,12.89,9.93,8.67,232.8,20.68,12.6,13.8,9,-114.494637,-1.998308391,34,16.45833333
13/09/2018,38.69952,4.42,10.94,12.37,9.77,7.64,72.3,14.77,3.07,10.34,11.78,9.39,7.2,268.5,17.14,4.49,11.16,12.52,10.18,7.88,262.1,16.59,13.8,13.5,7.4,-117.8277835,-2.056482773,35,14.20833333
14/09/2018,38.70226,2.98,10.75,12.86,8.61,0.402,44.85,12.15,3.6,9.97,11.37,8.12,0.6,304.6,16.39,3.4,10.98,13.08,9.01,0.591,342.3,14.24,11.2,13.5,7,-104.7631473,-1.828461854,30,11.29166667
15/09/2018,38.70500,4.6,11.28,13.28,9.21,5.226,174.8,16.07,3.7,10.56,11.83,8.86,5.2,168.8,14.06,3.84,11.49,13.1,9.76,4.728,205.1,14.18,8.2,13.1,5.9,-148.7591009,-2.596336104,28,10.54166667
16/09/2018,38.70773,4.76,11.54,13.21,9.96,2.01,137.8,18.26,4.66,10.98,12.71,9.31,2.6,259.7,24.77,5.34,11.8,13.41,10.26,2.167,193,22.44,17.8,13.9,9.7,-134.9120307,-2.354659136,45,18.33333333
17/09/2018,38.71047,4.39,11.5,12.55,9.94,15.08,192.7,14.86,3.74,10.9,11.92,9.32,16.2,131.8,18.99,3.33,11.8,12.83,10.18,17.14,199.8,13.07,66.2,13.1,9.3,-160.8241669,-2.80691123,22,10.29166667
18/09/2018,38.71321,3.52,11.45,12.6,10.2,1.407,193.6,17.54,3.33,10.95,12.15,9.76,1.6,104.4,22.95,3.13,11.67,12.96,9.7,1.379,183.6,14.11,5,13.8,9.5,7.410137719,0.129331301,28,9.625
19/09/2018,38.71595,6.51,10.6,11.45,8.13,5.829,134.6,26.66,5.37,9.97,10.74,7.5,8.6,196.3,22.6,5.93,10.96,11.81,8.18,7.88,236.3,25.58,17.8,12.6,8.7,-145.4010043,-2.53772626,39,20.08333333
20/09/2018,38.71869,4.75,10.54,12.62,8.39,3.015,84,23.55,4.09,9.93,12.17,7.74,7.8,247.9,29.05,4.4,10.84,12.86,8.45,8.86,294.4,31,25.8,13.4,8.4,-121.693818,-2.123957803,49,16.20833333
21/09/2018,38.72142,3.21,9.96,12.87,7.85,3.015,27.95,15.75,4.22,9.24,11.33,7.53,3,1.197,20.58,4,10.21,12.95,8.39,3.743,330.9,17.87,4.8,12.7,6.4,-59.48624399,-1.038230817,37,12.04166667
22/09/2018,38.72416,2.24,9.57,12.12,7.69,1.005,7.34,13.82,4.04,8.93,11.05,7.42,0.2,36.49,19.21,3.81,9.92,11.86,8.51,0.788,341.3,20.58,7.2,12.3,5.7,-71.58170511,-1.249336438,35,13.41666667
23/09/2018,38.72690,2.35,9.39,11.53,7.4,4.422,6.858,12.28,3.89,8.72,10.45,6.965,2.8,5.002,15.51,4.24,9.77,12.02,7.99,2.758,336.5,14.63,9,11.3,4.2,-66.68016362,-1.163788401,33,9.666666667
24/09/2018,38.72964,3.73,10.7,11.98,8.26,1.005,93,14.57,3.48,10.17,11.72,7.89,1.4,271.7,16.57,3.84,11.06,12.51,8.86,1.773,319.8,16.24,11.2,12.6,4.8,-107.8423757,-1.882204529,22,10.20833333
25/09/2018,38.73238,8.08,11.92,12.75,10.61,11.26,195.3,22.44,6.72,11.45,12.42,10.04,13,127.8,23.71,6.11,12.32,13.18,10.98,8.86,191.7,23.16,5.2,14.2,9.8,-147.9764834,-2.58267685,47,22.5
26/09/2018,38.73511,2.33,11.04,12.52,9.41,6.834,66.09,13.92,2.13,10.61,12.19,9,9.6,319,13.71,2.35,11.44,12.99,9.77,9.26,338.9,15.78,13.2,14.4,9.5,-93.12643864,-1.625362975,33,11.82608696
27/09/2018,38.73785,1.96,9.61,11.86,7.66,7.64,336.6,10.68,3.62,8.98,10.55,7.18,7.2,5.027,13.96,3.89,9.91,11.9,8.09,6.501,342.3,13.88,17.8,11.4,6.8,-44.03362792,-0.768531789,28,11.25
28/09/2018,38.74059,3.24,9.78,11.3,8.55,0,49.04,15.29,3.4,9.11,9.92,7.82,0.4,326.3,17.24,3.81,10.13,11.61,8.86,0.394,325,18.49,0.8,12,6.1,-103.3252265,-1.803365404,29,11.16666667
29/09/2018,38.74333,5.47,10.36,11.63,8.89,1.608,78.9,20.84,5.54,9.79,10.97,8.47,4,281.3,22.97,5.39,10.74,12.1,9.42,2.758,357.2,24.04,5,12.1,7.8,-115.5123961,-2.016071638,38,18.04166667
30/09/2018,38.74606,3,9.19,11.26,7.68,3.015,5.429,15.26,4.89,8.6,10.08,7.12,3.4,346.5,21.72,5.05,9.59,11.13,7.92,3.152,329.6,21.92,10.6,11.1,6.5,-58.72452061,-1.024936236,34,14.83333333
01/10/2018,38.74880,3.7,9.8,12.21,6.834,13.07,45.78,13.69,4.08,9.25,11.98,6.311,16.8,18.48,24.95,3.88,10.16,12.8,7.45,16.55,305.8,20.22,23.2,12.7,2.7,-110.0993977,-1.921596994,38,11.66666667
02/10/2018,38.75154,2.93,9.82,11.64,8.31,0,355.9,15.29,5.04,9.14,10.55,7.71,0,43.8,23.7,4.49,10.07,11.73,7.46,0.197,338.3,21.1,0.2,11.9,6.9,-68.69096655,-1.198883533,39,18.33333333
03/10/2018,38.75428,3.9,11.37,12.57,7.91,4.824,105.2,17.93,3.86,10.85,12.03,7.13,8,224.4,18.51,4.54,11.74,13,8.29,6.304,82,20.87,12,14.4,5.5,-133.1068674,-2.323153094,27,12.41666667
04/10/2018,38.75702,4.78,10.1,12.2,7.49,7.44,89.3,16.69,3.66,9.52,11.75,7.32,10,8.76,23.87,4.81,10.47,12.76,8.26,9.85,229.2,17.54,10.4,13.3,7.2,-115.0234348,-2.007537655,34,15.04166667
05/10/2018,38.75975,3.79,8.7,10.34,7.2,0.603,58.04,14.6,3.52,8.04,9.7,6.927,1,338.8,16.22,3.91,8.99,10.81,7.56,0.788,332.1,14.77,2.2,10.6,4.6,-110.447349,-1.927669889,34,11.95833333
06/10/2018,38.76249,3.37,8.87,11.24,7.27,2.211,71.1,18.82,3.55,8.07,9.63,6.775,2.4,8.7,21.47,3.6,9.15,10.82,7.83,2.167,323.7,14.37,2.2,11.3,3.3,-128.0079729,-2.234160597,17,5.875
07/10/2018,38.76523,7.08,10.79,12.15,8.7,23.32,165.6,21.66,5.78,10.24,11.73,8.09,25,83.5,26.2,5.3,11.19,12.64,9.24,22.85,213,17.93,32.4,13.2,6.4,-138.4968817,-2.417226589,40,20
08/10/2018,38.76797,2.49,9.59,11.48,8.16,0.804,142.7,11.73,1.92,8.93,10.65,7.82,2,221.7,12.34,2.18,9.96,11.49,8.67,1.379,216.9,11.53,6.4,11.1,4.9,-145.8406095,-2.545398819,17,6.739130435
09/10/2018,38.77070,1.48,10.06,10.75,8.66,0.804,153.2,7.55,1.41,9.42,10.09,7.85,3.2,258.8,7.35,1.36,10.38,11.21,8.81,3.152,246.4,6.141,19.6,11,8.9,-141.4346917,-2.468501047,12,4.25
10/10/2018,38.77344,5.93,12.93,15.27,8.38,0.402,173.3,18.65,5.67,12.26,14.74,7.87,6.6,136.2,22.08,4.53,12.91,14.91,8.89,7.68,184.2,21.4,18.2,17.2,9.2,157.5068695,2.749013468,35,13.58333333
11/10/2018,38.77618,5.02,12.92,15.45,10.77,0,151.3,15.19,4.53,11.84,13.52,9.86,2.4,129,14.43,3.83,13,15.06,11.41,2.167,176.9,16.27,13,16.4,10.4,158.2919828,2.76271628,28,11
12/10/2018,38.77892,10.18,11.66,13.24,10.33,0.402,169.8,29.4,9.17,11.06,12.77,9.48,9.8,142.1,31.05,8.92,12.08,13.58,10.61,7.49,173.4,31.07,17.6,15.5,9.9,169.56751,2.959511354,58,25.20833333
13/10/2018,38.78166,2.44,10.19,11.04,8.48,0,99.5,20.06,2.7,9.63,10.59,8.48,0,269.2,22.26,2.41,10.65,11.6,9,0,31.79,25.81,16.8,12.3,8.3,-126.9776544,-2.216178145,44,11.25
14/10/2018,38.78439,5,10,11.19,8.27,0,186.9,16.4,3.41,9.32,10.78,7.56,0.4,67.88,19.99,3.73,10.35,11.67,8.69,0.394,208,13.75,11.8,12,4.4,-141.4323487,-2.468460153,26,8.958333333
15/10/2018,38.78713,4.82,10.75,11.81,9.07,0,189.3,17.28,3.83,10.09,11.3,8.56,1.2,174.4,13.78,4.19,11.12,12.12,9.53,1.97,187.9,20.29,5.2,12.9,8.4,-147.8783339,-2.580963818,27,13.20833333
16/10/2018,38.78987,7.64,10.94,12.85,8.47,0.201,184.5,23.55,6.58,10.31,12.18,7.93,3.6,179.6,24.16,6.88,11.36,12.98,9.02,2.758,183.5,24.83,7.2,13.5,8.9,-160.8878344,-2.808022437,50,21.54166667
17/10/2018,38.79261,3.83,9.72,11.25,8.69,0,64.83,16.01,3.14,9.01,10.3,8.11,0,334.5,13.66,3.48,10.11,11.81,9.24,0,304.1,17.18,3.6,11.1,5.9,-119.1774896,-2.080039587,27,10.91666667
18/10/2018,38.79535,6.71,10.5,11.24,8.25,0,188.6,19.11,5.85,9.88,10.67,7.78,0,137.4,21.52,4.15,10.89,11.69,8.79,0,220.7,13.88,0,11.3,6,-147.5175664,-2.574667238,35,12.20833333
19/10/2018,38.79808,5.28,10.52,11.7,9.32,0.402,144.8,21.3,4.42,9.92,11.18,8.9,3.8,97,27.52,3.73,10.98,12.36,10.02,4.137,228.6,16.24,9.6,11.9,7.6,-130.6830058,-2.280848727,39,15.41666667
20/10/2018,38.80082,4.71,11.61,12.23,10.02,0.201,169.4,15.75,4.41,11.16,11.89,9.5,7.2,239.9,18.85,4.31,11.98,12.69,10.52,4.925,169.7,20.19,2.4,14.4,7.9,-149.1848993,-2.603767687,33,15.79166667
21/10/2018,38.80356,4.8,9.6,11.23,6.863,0,66.49,16.46,5.14,9,10.64,6.226,4,307.5,25.41,5.34,9.98,11.63,7.21,2.561,355,20.61,13,13.1,5.9,-106.7822077,-1.863701107,46,14.95833333
22/10/2018,38.80630,5.81,10.39,11.2,8.25,0,64.07,21.79,4.6,9.81,10.66,7.97,0.8,338.9,24.01,5.88,10.83,11.67,8.79,0.591,263.1,23.85,2.8,12.1,5.6,-104.1752057,-1.818200338,46,22.95833333
23/10/2018,38.80903,4.98,10.91,11.42,10.39,0,54.48,20.16,6.7,10.42,11.01,9.92,9.6,291.6,28.68,6.2,11.4,12,10.86,3.152,344.9,24.01,22,12,10.3,-84.58810424,-1.476340927,47,24.625
24/10/2018,38.81177,4.33,10.25,10.96,9.34,0.201,51.26,15.61,5.36,9.71,10.32,8.8,4.8,308.1,19.82,5.18,10.66,11.27,9.74,2.955,340.6,21.2,5.4,11.6,9.2,-95.34809739,-1.664138235,33,17.58333333
25/10/2018,38.81451,2.37,8.49,10.42,5.691,0.402,16.38,14.44,3.61,7.92,9.93,4.815,9.6,18.01,13.51,3.84,8.9,10.91,6.168,9.85,331.7,15.42,16.4,10.4,5,-78.50256706,-1.370128266,26,8.583333333
26/10/2018,38.81725,3.75,6.47,8.69,3.828,0.201,26.91,17.08,4.61,5.89,7.94,3.512,2,225,21.45,4.96,7.04,8.87,4.734,2.364,47.54,20.58,7,8.1,4.1,-8.993758321,-0.156970695,38,17.375
27/10/2018,38.81999,4.27,6,7.81,2.658,0,38.77,22.15,4.2,5.39,7.14,2.176,3.8,244.3,25.77,4.88,6.51,8.25,3.218,7.29,330.3,25.41,5.2,7.9,1.3,6.090759473,0.106303807,40,16.47826087
28/10/2018,38.82272,3.8,7.49,9.5,5.393,0.201,235.5,17.57,3.19,6.81,8.19,5.134,0.4,184.1,17.8,2.92,7.51,9.3,4.361,0.788,210.9,15.78,0,9.1,1.6,-118.6099624,-2.07013437,28,8.25
29/10/2018,38.82546,7.57,7.64,8.7,5.777,0,187.4,22.83,7.06,6.85,8.09,5.021,2.4,158.1,20.43,8.98,8.32,9.3,6.532,2.364,172.8,24.11,0,7.7,6.2,162.2106383,2.83110972,36,19.83333333
30/10/2018,38.82820,4.07,7.17,7.86,5.902,0.201,135.3,13.69,4.51,6.34,7.18,4.993,4.4,143.9,14.71,6.44,7.86,8.63,6.219,4.925,173.1,14.08,0,8.9,3.9,138.3316901,2.414343453,25,12.5
31/10/2018,38.83094,3.72,7.03,8.55,4.857,0,158.4,12.87,2.9,6.34,7.84,4.308,4.4,247.1,16.66,3.1,7.53,8.89,5.219,5.122,206.6,17.08,3.6,9.1,2.1,-145.4997204,-2.539449181,30,10.83333333
01/11/2018,38.83368,2.37,6.99,8.46,5.202,0.201,37.44,11.56,3.21,6.34,7.69,4.749,2,327,15.1,3.17,7.42,9.06,5.4,1.773,331.7,12.09,1.6,8,0.1,-120.333856,-2.100221988,18,6.166666667
02/11/2018,38.83641,6.26,8.11,11.29,6.247,1.005,217.2,24.79,5.16,7.47,10.85,5.773,13,159.3,22.02,5.97,8.48,11.62,5.482,14.38,210.6,27.34,4.6,9,2.1,-133.0744344,-2.322587031,47,14.33333333
03/11/2018,38.83915,11.34,11.23,12,9.66,0.804,210.6,23.78,9.47,10.83,11.48,9.29,7.8,128.2,29.72,5.34,11.69,12.37,10.26,8.67,208.3,17.44,18.4,13.1,6.6,-157.8775498,-2.755483058,48,26.83333333
04/11/2018,38.84189,8.15,9.93,10.72,8.57,0.402,191.3,25.94,6.35,9.34,10.07,8.06,9.6,114.6,29.31,4.96,10.4,11.08,9,8.27,203.6,18.75,9.2,11.6,9.7,-155,-2.705260341,47,25.5
05/11/2018,38.84463,2.77,9.09,10.46,7.75,0,78.2,11.92,2.77,8.44,9.64,6.917,1,94.3,11.09,2.92,9.43,10.87,7.42,0.985,143,12.25,1.2,10.6,8.4,175.4245814,3.061736535,25,7.958333333
06/11/2018,38.84736,4.93,11.02,11.79,9.84,0,119.7,15.58,6.06,10.27,11.17,9.17,2.2,134.8,17.02,6.67,11.3,11.96,10.32,2.364,169.2,13.79,0.2,13.1,9.3,131.6513257,2.297749098,29,12
07/11/2018,38.85010,4.13,9.49,11.04,7.6,1.206,122.8,18.39,3.62,8.91,10.53,7.06,22.6,182,18.42,3.77,9.98,11.6,8.11,22.46,230,18.36,11.6,13,8.3,145.7975559,2.544647392,41,15
08/11/2018,38.85284,6.33,9.16,10.37,7.6,0.201,196.8,18.65,5.41,8.41,9.61,6.954,4.2,152.4,17.71,8,9.78,10.9,8.3,4.531,177.2,19.8,0,10.6,5.7,176.5454292,3.08129902,33,16.375
09/11/2018,38.85558,7.5,10.02,11.05,8.9,0,131.1,22.54,8.05,9.24,10.12,8.21,4,138.4,21.98,9.53,10.5,11.33,9.41,4.925,167.4,22.21,3.6,11.4,9.9,140.7019622,2.455712504,43,21.25
10/11/2018,38.85832,7.71,9.16,10.47,7.4,0.201,208.5,22.02,6.28,8.57,9.81,6.707,3,141.5,28.19,5.08,9.75,11.07,7.58,3.546,208.6,19.83,11.6,11.7,6.9,-179.2836198,-3.12908946,38,19.08333333
11/11/2018,38.86105,2.73,8.71,10.09,7.06,0.402,156,11.4,2.72,7.81,9.43,5.811,12,149.2,10.97,3.95,9.25,10.5,6.753,11.03,177,12.09,1.2,10.8,3.4,170.5465998,2.976599695,21,8.625
12/11/2018,38.86379,3.55,9.43,10.02,8,0.402,203.2,13,3.08,8.75,9.43,7.39,8.4,165.2,11.52,3.47,9.9,10.57,8.39,7.88,182,10.88,14.4,10.5,7.7,174.4243604,3.044279384,29,13.08333333
13/11/2018,38.86653,5.65,9.7,10.77,8.56,0.201,217.5,21,4.75,9.16,10.23,7.99,3.4,147.1,21.66,3.74,10.08,11.09,8.83,3.152,248.6,16.69,6.6,10.7,5.9,-147.1384352,-2.56805015,38,12.125
14/11/2018,38.86927,6.85,10.91,12.57,9.17,0.402,191,23.78,5.29,10.41,12.24,8.48,8.6,132.3,28.71,4.06,11.29,13.02,9.13,7.49,196,18.2,10.4,14.3,9.9,-170.1854954,-2.970297234,45,19.04166667
15/11/2018,38.87201,7.35,10.01,10.93,7.91,0.402,204,22.18,5.49,9.46,10.44,7.38,8.2,131.6,28.74,4.63,10.53,11.49,8.27,8.08,208.5,20.09,18.6,14.5,9.5,-160.5592396,-2.802287376,50,20.45833333
16/11/2018,38.87474,5.73,10.83,12.09,9.51,0.402,201.3,17.93,5.36,10.25,11.53,9.01,0,149.9,18.33,6.28,11.25,12.49,10.14,0.197,185,18.03,0.8,12.9,8.9,173.6269559,3.030362051,29,14.125
17/11/2018,38.87748,3.38,10.91,11.61,10.03,0,108.4,17.28,4.74,10.1,11.14,8.83,0,125.7,18.06,5.06,11.22,11.94,10.4,0,171.3,13.59,0,13.9,7.8,134.4100026,2.345897092,18,6.125
18/11/2018,38.88022,2.75,10.95,11.62,10.17,0,105,13.03,3.09,9.9,10.88,8.45,0,129.2,15.02,3.23,11.19,12.08,9.78,0,176.7,12.02,0,12.4,3.9,114.3270016,1.995382602,15,4.5
19/11/2018,38.88296,2.4,9.61,10.75,8.64,0.201,138.7,9.34,2.12,8.49,9.77,7.69,0,145.8,7.41,3.22,10.05,10.9,9.06,0,173.8,8.82,0.2,9.7,1.3,94.13847672,1.643026372,18,6.583333333
20/11/2018,38.88569,5.78,7.72,8.96,7.03,0,74.8,12.51,4.32,6.91,8.01,6.048,0,147.3,19.91,3.92,8.15,9.32,7.52,0,196.1,14.5,0,7.5,5.2,96.63193625,1.68654545,29,15.41666667
21/11/2018,38.88843,8.89,8.04,9.39,7.13,0.201,71.2,18.23,7.02,7.3,8.62,6.265,0,158.1,27.59,6.8,8.51,9.75,7.65,0.197,195.7,22.54,0.4,9.1,6.3,95.67286049,1.66980642,36,18.79166667
22/11/2018,38.89117,4.09,7.89,8.89,7.17,0,87.9,10.71,3.65,7.09,8.1,6.273,0,132.9,10.84,3.99,8.43,9.32,7.21,0,179,11.3,0,9.1,4.7,112.0982225,1.956483068,22,9.541666667
23/11/2018,38.89391,5.57,8.37,9.09,7.76,0,68.88,9.57,3.85,7.65,8.49,7.1,0.2,164.5,12.94,3.55,8.79,9.48,8.31,0,214,11.86,1,8.4,6.8,86.66620436,1.512610616,21,11.79166667
24/11/2018,38.89665,4.21,8.18,9.44,6.94,0,70,7.61,2.88,7.49,8.78,6.406,0,158.4,11.2,2.66,8.7,9.8,7.76,0,210.9,8.89,1.2,8.4,5.4,86.58510219,1.511195116,17,7.416666667
25/11/2018,38.89938,4.46,7.2,7.89,6.295,0,79.9,8.95,3.42,6.41,7.36,5.228,0,130.6,11.3,3.55,7.72,8.69,6.683,0.197,174.4,11.83,0,6.9,3.7,102.0837297,1.781697196,21,11.04166667
26/11/2018,38.90212,4.26,6.52,7.47,5.748,0,94,11.83,4.02,5.56,6.568,4.637,0.2,114.8,12.3,4.62,6.98,8.09,5.896,0,157.8,12.54,0,6.8,3.6,114.593632,2.00003618,19,10.875
27/11/2018,38.90486,7.2,7.78,9,6.593,0.201,101.3,18.82,7.95,7.01,8.16,5.783,1,123.7,17.94,9.32,8.32,9.52,7.19,1.379,159.5,17.74,0,8.6,3.5,126.2370036,2.20325135,34,17.375
28/11/2018,38.90760,6.59,9.69,11.29,8.09,5.628,121.5,24.89,7.22,9.06,10.81,7.51,9.2,135.7,27.33,8.28,10.12,11.51,8.55,9.85,171.3,26.39,10.6,11.8,7.9,150.4912064,2.626567046,46,18.41666667
29/11/2018,38.91034,9.29,9.18,10.07,7.45,6.03,200,25.71,7.28,8.6,9.48,6.623,6.4,125.4,28.43,5.88,9.73,10.63,7.83,6.107,212.8,22.44,6.4,10.3,6.8,-161.1903277,-2.813301941,44,20.79166667
30/11/2018,38.91307,6.18,7.56,9.11,5.105,4.422,63.42,26.53,5.7,6.92,8.54,4.402,8.8,322,26.56,6.9,8.01,9.66,5.542,6.895,310.2,27.05,21.8,8.8,5.3,-115.7498861,-2.020216621,45,23.08333333
01/12/2018,38.91581,2.83,6.94,7.77,5.334,1.407,98.5,13.26,2.07,6.19,7.01,4.842,2.2,274.2,12.96,2.49,7.33,8.3,5.824,2.167,270.9,14.54,1.8,6.6,3.2,-123.8100058,-2.160892248,25,8.333333333
02/12/2018,38.91855,1.49,6.01,7.34,4.838,12.66,0.977,7.91,1.88,5.52,6.767,4.43,13.6,319.8,11.33,2.05,6.5,7.94,5.442,12.41,6.512,10.75,24.8,6.3,3.5,-54.01838875,-0.94279874,22,6.916666667
03/12/2018,38.92129,2.26,5.47,7.06,3.703,2.412,340.3,10.29,2.42,5,6.313,3.269,1.8,293.5,11.26,2.37,6.02,7.58,3.632,1.773,309.3,12.61,2.4,5.4,0.7,-41.5928188,-0.725931633,26,7.666666667
04/12/2018,38.92402,1.66,5.35,6.371,3.808,1.005,350.4,9.05,2.36,4.86,5.652,3.268,1.2,330.7,13.37,2.36,5.66,6.844,4.128,1.576,349,11.27,0.4,5.8,-0.3,-114.1615661,-1.992495208,19,6.125
05/12/2018,38.92676,3.71,6.3,8.15,4.726,0.201,88.6,11.4,3.29,5.35,7.44,3.848,0.2,132.8,12.51,3.63,6.43,8.81,3.331,0,158.7,13,0.6,5.6,-2,126.7524397,2.212247407,16,6.958333333
06/12/2018,38.92950,5.77,9.77,10.79,8.13,13.87,146.4,20.22,4.71,9.2,10.33,7.42,10.2,167.5,22.84,5.99,10.26,11.21,8.69,11.43,213.2,23.16,14,10.9,5.4,-156.5652282,-2.732578727,38,14.875
07/12/2018,38.93224,6.79,8.17,9.59,6.516,25.13,71.7,26.53,7.77,7.6,8.94,5.859,42.4,56.4,30.04,8.07,8.7,10.35,7.04,33.1,315.3,27.93,25.4,9.8,6.5,-136.4430761,-2.38138092,57,25.70833333
08/12/2018,38.93498,2.08,7.88,8.99,6.266,4.221,5.758,12.94,3.02,7.33,8.42,6.123,4.2,347.3,18.28,3.11,8.33,9.5,5.926,4.728,327.2,16.14,12,8.1,5.4,-25.37668032,-0.442906625,33,13.79166667
09/12/2018,38.93771,1.89,6.22,8.01,4.696,1.005,328.8,14.73,2.72,5.81,7.09,4.092,0.8,330.2,14.51,2.51,7.01,8.31,5.128,1.379,317.7,12.97,4.6,6.2,1.4,-40.23749467,-0.702276765,28,8.208333333
10/12/2018,38.94045,3.57,7.62,9.85,4.868,0.804,173.1,16.5,3.47,6.83,9.27,4.589,0.6,150.7,13.57,4.72,7.89,10.18,4.411,0.591,161.2,18.49,0.2,7.8,0.2,-125.5608752,-2.191450683,23,7.166666667
11/12/2018,38.94319,6.76,9.96,10.4,9.08,5.226,203.9,18.85,5.13,9.33,9.76,8.49,4,161.8,16.41,7.55,10.41,10.86,9.56,4.334,180.1,18.62,2.4,11,7.7,176.2530322,3.076195728,31,13.79166667
12/12/2018,38.94593,4.17,8.74,9.96,7.35,3.819,139.4,17.87,4.72,8.04,9.27,6.7,3.8,149.9,17.53,6.18,9.26,10.46,6.623,4.334,178.7,19.44,1.6,10.5,8.8,158.826516,2.772045644,30,16.20833333
13/12/2018,38.94867,7.39,7.23,8.37,6.324,3.819,150.4,22.25,8.87,6.5,7.67,5.68,2.4,145.5,22.22,11.78,7.94,9.15,7.14,3.546,171.6,21.85,0,9.1,6.3,155.2380077,2.709414358,34,19.54166667
14/12/2018,38.95140,7.76,7.53,8.07,6.853,7.44,195.1,25.28,8.8,6.82,7.38,6.122,7.6,140.9,22.9,11.91,8.17,8.75,7.53,6.698,161.9,22.54,0,7.7,5.8,177.0877136,3.090763666,38,22.91666667
15/12/2018,38.95414,6.44,5.92,8.44,3.39,39.8,126.7,24.89,6.13,5.21,7.82,2.698,43,135.1,22.98,7.47,6.54,8.97,3.906,48.26,153.6,25.38,38.2,7.9,4,149.1565081,2.603272166,37,18.29166667
16/12/2018,38.95688,4.09,6.8,8.56,3.657,11.26,188.6,15.97,3.39,6.22,7.86,3.183,13.8,81.8,17.26,3.09,7.39,9.05,4.068,14.58,203.5,12.15,35.6,7.6,2.3,-152.7757644,-2.666440106,33,11.79166667
17/12/2018,38.95962,5.86,8.92,10.57,6.805,9.85,187.2,23,7.14,8.27,10,6.273,7,139.2,28.72,7.75,9.51,11.02,7.32,11.03,162.2,22.34,8.6,11.1,6.4,175.4476506,3.062139168,39,19.16666667
18/12/2018,38.96235,7.13,8.78,10.63,6.487,17.29,198.4,28.29,6.02,8.17,10.1,5.801,14.2,157.5,23.31,5.56,9.35,11.06,7.05,20.68,172.4,25.74,28.4,11.8,7.4,177.1202992,3.091332394,42,20.41666667
19/12/2018,38.96509,6.36,7.97,9.05,6.323,14.87,206.8,18.2,5.15,7.29,8.39,5.632,12.2,169.2,16.71,5.89,8.62,9.57,6.854,13.99,158.8,22.38,3.2,8.9,6.2,176.2212518,3.075641056,34,17.79166667
20/12/2018,38.96783,2.2,7.1,8.31,5.604,3.819,237.4,9.83,2.08,6.39,7.48,5.012,5.6,213.3,8.95,2.27,7.19,8.91,4.714,6.698,151.9,12.97,11.2,8.1,6.3,152.9585356,2.669630065,23,12.04166667
21/12/2018,38.97057,1.04,6.91,7.76,5.758,0.603,31.59,5.782,1.55,6.38,7.06,5.078,2.4,283.8,6.867,1.23,6.66,8.21,4.522,1.182,314.5,5.39,8.8,7.1,1.5,-119.245837,-2.081232474,22,3.833333333
22/12/2018,38.97331,1.29,7.44,8.4,6.257,5.226,331.1,5.782,1.82,6.85,7.7,5.64,1.6,326,8.05,1.61,7.43,8.83,5.532,2.364,325,5.945,1.2,6,1.9,-112.4665233,-1.96291113,12,5.666666667
23/12/2018,38.97604,1.62,7.33,8.62,5.691,0,348.7,6.697,1.71,6.91,8.05,5.661,0.2,280.6,6.777,1.53,7.6,9.04,4.937,0.197,345.2,7.09,0.4,7.1,1.7,-59.2334218,-1.033818238,11,5.375
24/12/2018,38.97878,3.11,7.81,8.91,6.892,0.201,217.8,10.52,2.65,7.04,8.23,6.095,0.6,187.3,10.01,2.73,8.07,9.4,5.39,0.394,179.8,12.51,0,6.5,1.3,-116.5651024,-2.03444483,21,5.833333333
25/12/2018,38.98152,6.6,10.05,10.55,8.8,4.824,205.3,15.94,5.25,9.56,10.2,8.16,6.4,120.7,19.85,3.62,10.45,11.09,9.17,5.516,185.5,11.04,0.8,11.2,5.5,-159.1656682,-2.777964967,29,15.41666667
26/12/2018,38.98426,2.72,9.44,10.36,8.37,4.623,162.8,11.5,2.44,8.86,9.99,7.98,6.6,263.6,14.28,2.67,9.88,10.76,8.87,5.516,164.9,13.39,11.6,10.8,7.5,-142.4443893,-2.486123594,28,11.25
27/12/2018,38.98700,4.35,9.09,10.16,8.06,0.402,174.7,13.62,3.36,8.47,9.63,7.33,1.2,173.3,18.12,2.98,9.52,10.61,8.37,0.788,203.2,13.2,2,10.2,6.6,-134.4980514,-2.347433834,25,9.583333333
28/12/2018,38.98973,4.72,9.04,10.43,7.23,7.84,172.9,15.52,4.29,8.44,9.89,6.548,7,140.5,21.43,4.17,9.55,10.99,7.76,7.09,199.5,18.16,5.2,10.3,5.1,-133.854595,-2.336203402,35,12.95833333
29/12/2018,38.99247,3.81,8.68,10.6,7.55,3.216,162.7,17.25,4.19,8.09,10.15,6.927,4,46.97,24.2,4.54,9.14,11.06,8.09,3.349,258.2,24.92,10.8,10.3,5.1,-119.4093729,-2.084086715,36,12.625
30/12/2018,38.99521,4.99,10.24,10.93,9.03,0.402,117.5,17.44,4.51,9.73,10.52,8.5,1.8,255,24.12,5.56,10.74,11.42,9.38,1.576,124.5,23.13,1.6,11.2,7.6,-130.2896504,-2.273983381,33,16.91666667
31/12/2018,38.99795,5.24,9.63,10.96,7.34,1.005,113.1,23.13,5.57,9.12,10.47,6.747,4.6,337.1,26.27,6.3,10.15,11.55,7.78,2.955,315.4,23.94,3.6,11.7,6.7,-110.7899405,-1.93364924,43,22.79166667
01/01/2019,39.00068,1.98,6.81,7.71,5.653,0,45.77,10,2.27,6.09,7.08,4.562,0,285.7,12.95,2.45,7.2,8.31,4.33,0,271.6,13.92,0.8,7.3,3.3,-24.2594468,-0.423407221,23,9.208333333
02/01/2019,39.00342,2.68,6.44,7.81,5.318,0,199.7,10.32,2.21,5.69,7.2,4.643,0,169.3,10.79,2.61,7.08,8.36,5.664,0,166.7,9.08,0,6.2,-1.2,-107.1265451,-1.869710929,21,5.166666667
03/01/2019,39.00616,6.91,8.8,9.34,7.52,0.804,208.3,13.3,5.28,8.22,8.69,6.945,0.8,140.2,18.11,3.74,9.29,9.81,8.11,0.788,190,11.5,0,8.2,5.9,-157.0855902,-2.741660756,24,13.41666667
04/01/2019,39.00890,5.4,9.27,9.83,8.43,0.402,192.4,15.29,3.34,8.65,9.33,7.76,0.4,57.55,13.56,3.71,9.75,10.42,8.85,0.197,183.1,12.38,0,9,7.6,-147.5079641,-2.574499646,24,10.5
05/01/2019,39.01164,6.27,8.91,10.1,7.73,0.804,204.6,16.69,5.42,8.37,9.72,7.39,1.2,123.2,20.51,4.05,9.38,10.53,8.45,0.985,201,13.3,0.2,9.2,7.4,-151.2553845,-2.639904471,26,13.33333333
06/01/2019,39.01437,2.56,7.88,9.89,6.267,0.402,51.83,14.11,2.34,7.22,9.31,5.934,0.4,158.5,16.22,2.63,8.37,10.38,6.067,0.197,147,11.07,0.6,9.9,2.9,-37.42908717,-0.653260807,21,6.666666667
07/01/2019,39.01711,5.42,8.9,10.79,6.777,3.015,42.37,20.45,6.94,8.37,10.36,6.274,19.8,4.242,30.68,7.29,9.43,11.4,7.4,5.122,307.4,30.31,16.2,11,6.5,-89.00138188,-1.553367153,57,26.875
08/01/2019,39.01985,1.95,6.78,7.69,4.954,0,326.5,12.71,3.07,6.32,6.927,5.2,0,334.1,11.52,3.32,7.3,8.12,4.744,0,306.3,16.56,0.8,7.4,2.6,-39.60681551,-0.691269337,26,9
09/01/2019,39.02259,1.95,8.77,10.24,6.508,1.407,223.1,8.04,2.3,8.37,10.47,5.78,2.6,142.9,14.63,2.17,9.33,11.65,5.937,1.97,270.3,10.29,2.6,9.7,0.9,-124.7706687,-2.177658979,19,5.458333333
10/01/2019,39.02533,2.72,9.43,10.33,8.23,0.201,27.14,10.62,4.36,8.92,10.19,7.73,0.2,152.9,18.05,3.7,9.97,11.37,8.85,0.197,315.3,14.5,0.6,9.6,8.2,-91.7235825,-1.600878516,21,10.79166667
11/01/2019,39.02806,3.6,9.02,9.78,7.84,1.809,89.2,16.33,3.52,8.49,9.29,7.26,6,315.3,22.86,4.03,9.46,10.3,8.37,4.137,244.8,19.4,6,9.4,6.4,-119.7505722,-2.090041767,45,10.375
12/01/2019,39.03080,4.69,9.34,10.39,7.91,6.432,40.19,17.71,7.26,8.88,9.99,7.34,16.8,251.2,27.68,6.62,9.9,10.95,8.41,10.05,322.2,26.72,22.8,10,7,-80.41692242,-1.40354007,39,20.08333333
13/01/2019,39.03354,4.16,8.34,9.95,6.643,2.613,17.82,19.47,7.42,7.79,9.54,6.199,8,15.08,27.39,7.66,8.84,10.5,7.24,3.743,323.3,26.75,14.6,10,5.3,-55.43169411,-0.967465572,43,21.66666667
14/01/2019,39.03628,3.1,7.83,9.81,6.085,1.206,50.04,16.5,3.57,7.29,9.4,5.708,3.8,305.7,18.66,3.9,8.32,10.43,6.662,3.349,314.5,17.84,4.4,8.6,-0.1,-117.570701,-2.051995836,25,9.125
15/01/2019,39.03901,4.26,8.59,9.96,6.969,4.02,102.4,17.44,4.22,8.02,9.4,6.426,8.6,321.9,21.04,4.99,9.02,10.5,7.39,5.713,274.1,21.46,15.4,10.1,6.2,-120.1966525,-2.097827336,35,14.375
16/01/2019,39.04175,3.56,4.89,7.45,2.08,17.29,18.16,23.19,4.28,4.28,6.909,1.438,17.8,342.2,24.64,4.8,5.43,8,2.532,19.5,320.4,25.32,41.8,9,0.2,-47.7166711,-0.832813019,40,12.08333333
17/01/2019,39.04449,3.06,5,6.056,3.432,0,54.96,20.58,3.06,4.23,5.105,2.839,0.2,167.1,18.91,3.92,5.6,6.905,3.856,0.394,7.32,20.09,2.8,4.6,-0.4,-22.94043771,-0.40038617,40,10.79166667
18/01/2019,39.04723,5.38,5.66,6.789,3.705,2.211,106.6,12.87,6.22,4.82,5.868,3.015,3.6,129.1,14.32,7.69,6.32,7.66,4.482,3.743,137.2,14.01,0,4.9,0.1,143.0640083,2.496937986,21,10.33333333
19/01/2019,39.04997,2.87,6.66,7.97,5.481,0,115.9,9.11,2.55,5.81,7.47,4.748,0.2,131.7,9.82,3.15,7.21,8.53,6.028,0,142.3,9.05,0,7.6,-1,-39.67078984,-0.6923859,7,2.916666667
20/01/2019,39.05270,2.7,6.05,8.43,4.449,2.01,14.35,14.86,3.87,5.42,7.77,3.923,2,350.2,19.07,4.28,6.51,8.9,4.976,2.167,309.3,16.99,2.6,5.7,-1.3,-87.57717199,-1.528510001,34,8.125
21/01/2019,39.05544,6.99,6.08,8.27,2.778,10.25,188.5,23.29,6.2,5.51,7.65,2.305,8.8,70.4,26.29,5.47,6.58,8.74,3.401,9.85,229.2,22.31,17.2,7,1.2,-144.8891311,-2.528792389,48,18.91666667
22/01/2019,39.05818,2.29,3.25,5.256,1.724,1.809,14.03,14.99,3.18,2.64,4.673,1.179,2.4,354.4,14.78,3.46,3.7,5.583,2.268,2.758,315.3,15.29,1.6,3.1,-1.2,-102.0678187,-1.781419497,26,6.541666667
23/01/2019,39.06092,1.58,4.39,5.587,2.339,1.407,323.4,8.85,2.78,3.87,5.096,1.876,1.8,4.357,11.46,2.81,4.92,6.148,2.875,1.97,318.9,13.23,1.7,3.6,-1.1,-106.3338892,-1.855876473,18,6.583333333
24/01/2019,39.06366,2.81,6.47,9.3,3.499,1.608,278.8,12.38,3.03,5.95,8.85,3.145,2.8,267,18.75,2.8,6.9,9.76,3.784,1.97,290.7,14.57,4.4,7.4,-0.9,-123.4124154,-2.153952987,23,7
25/01/2019,39.06639,3.01,7.18,8.94,4.754,8.04,19.47,13.49,4.26,6.63,8.5,4.089,8.4,66.86,19.65,3.89,7.69,9.54,5.18,8.67,328.9,16.82,6.8,8,4.8,-92.92237467,-1.621801387,26,11.375
26/01/2019,39.06913,5.55,4.94,7.63,1.836,25.13,52.72,28.13,5.73,4.37,7.75,1.288,31.2,124.9,34.65,5.66,5.47,8.27,2.249,32.9,311,28.55,32.3,4.9,2.3,49.49759474,0.863896,45,20.45833333
27/01/2019,39.07187,3.16,3.75,4.831,2.374,0.201,7.01,23.65,4.91,3.21,4.054,1.838,8.4,279.2,28.68,4.86,4.43,5.238,2.794,0.197,194.2,27.9,12.2,5,0.9,-15.32071563,-0.267396931,52,22.91666667
28/01/2019,39.07461,2.47,3.93,6.615,1.277,5.025,9.9,14.08,3.22,3.38,5.68,0.741,6.2,322.4,16.93,3.18,4.51,7.14,1.864,7.09,305.7,15.42,5.2,4.9,0.1,-95.14742413,-1.660635826,24,8.666666667
29/01/2019,39.07734,2.47,2.52,4.33,0.568,5.628,1.836,12.48,4.05,2.05,3.726,0.229,5.2,353.6,18.63,4.14,3.08,4.835,1.309,5.319,318.1,16.69,3,3.2,-2,-122.0686806,-2.130500391,22,8.708333333
30/01/2019,39.08008,1.75,3.19,4.731,1.743,5.226,324.1,9.67,2.73,2.69,3.774,1.317,3.8,339.3,13.04,2.72,3.68,5.38,1.896,3.743,327.3,15.91,7.8,3.7,-0.6,-78.57841011,-1.371451977,23,8.75
31/01/2019,39.08282,3.7,4.07,5.232,2.454,0.804,65.85,15.03,2.7,3.28,4.597,1.457,2,138.7,13.4,2.55,4.53,5.744,1.945,0.985,185.4,13.98,0.2,4.6,-4.8,-13.76470423,-0.240239409,19,5.625
01/02/2019,39.08556,4.12,4.05,5.357,2.775,0,34.6,13.88,3.92,3.55,4.891,2.501,0.2,94.7,14.34,4.07,4.74,6.038,3.562,0.197,285.5,17.25,0.8,4.1,0.8,-0.050636633,-0.000883776,28,15.20833333
02/02/2019,39.08830,1.58,2.89,6.895,0.87,3.216,326,8.56,1.8,2.39,5.461,0.6,2.8,301.8,9.12,1.58,3.28,7.31,1.076,6.698,313.6,9.08,0,4.9,-2.8,-70.32170254,-1.227345245,16,6.166666667
03/02/2019,39.09103,3.74,5.59,6.98,2.826,8.44,10.78,15.06,4.16,4.97,6.455,2.063,12.6,279.6,24.95,4.07,5.93,7.42,2.865,9.06,321.2,17.51,13.2,5.5,-3.4,-130.2217129,-2.272797648,32,9.375
04/02/2019,39.09377,2.03,5.97,7.68,4.002,1.206,13.65,8.95,2.49,5.42,7.12,3.699,1.4,328.6,11.26,2.6,6.58,8.41,4.228,1.97,299.6,12.77,3.6,6.4,1.6,-84.37737492,-1.472663007,24,7.666666667
05/02/2019,39.09651,4.84,7.37,8.94,5.806,7.24,140.2,21.3,5.22,6.63,8.32,5.321,8,147.6,18,6.51,8.01,9.5,6.41,9.65,150.7,20.84,12.8,8.1,0,174.6889555,3.048897441,33,9.833333333
06/02/2019,39.09925,3.87,6.19,8.21,3.8,6.834,178.3,15.29,3.03,5.52,7.55,3.052,5.8,312.6,18.29,3.43,6.76,8.76,4.17,7.68,172,19.24,26,7.4,0.6,-138.9653099,-2.425402203,30,9.75
07/02/2019,39.10198,3.52,6.32,8.15,4.545,2.01,185.2,12.48,2.76,5.66,7.62,3.859,2.2,208.3,18.86,2.71,6.79,8.53,4.088,2.561,174.2,15.97,3,6.9,0.7,-152.3012043,-2.65815747,24,7.583333333
08/02/2019,39.10472,3.68,7.18,8.88,5.078,12.66,87.3,18.39,4.65,6.55,8.21,4.393,14.4,113.8,16.07,5.64,7.72,9.45,5.562,18.12,167.3,22.41,49.2,8.5,3.5,166.861029,2.91227435,35,18
09/02/2019,39.10746,4.71,6.8,7.87,5.423,1.608,19.08,17.77,7.07,6.2,7.09,4.675,3.4,11.64,26.63,7.15,7.3,8.3,5.805,1.379,312.6,25.02,10.8,7.5,5.2,-79.94830902,-1.395361224,47,23.20833333
10/02/2019,39.11020,3.8,5.84,7.9,4.22,1.407,39.71,18.1,3.43,5.2,7.57,3.828,1.4,170.6,18.86,3.94,6.33,8.61,3.765,1.182,273.4,18.59,2.4,7.2,-0.1,-84.15334432,-1.468752935,34,12.54166667
11/02/2019,39.11294,5.75,6.72,9.28,3.299,2.814,231,18.62,4.89,6.19,8.86,2.596,2,164.1,21.43,3.3,6.97,9.84,2.45,2.167,207.1,13.07,1.4,7.4,-0.6,-120.6558939,-2.105842611,33,11.16666667
12/02/2019,39.11567,7.48,9.56,10.73,8.54,3.819,185,20.65,6.45,9.1,10.26,8.18,6.6,110,29.51,5.64,10.1,11.15,9.07,3.546,182.9,25.61,9.2,12.2,7,-142.5403047,-2.487797635,45,23.08333333
13/02/2019,39.11841,10.91,9.59,10.24,8.37,10.65,207.8,21.53,10.15,9.15,9.84,7.88,11.4,127.7,30.14,5.68,10.05,10.73,8.91,8.47,185.5,23.59,3.2,10.3,7.3,-153.3041034,-2.675661361,48,24.58333333
14/02/2019,39.12115,7.42,9.14,9.75,7.84,1.809,205.1,17.44,5.72,8.63,9.38,7.17,2.2,139.1,22.79,4.4,9.63,10.42,8.16,2.167,174.1,17.67,3,10.5,7.9,-151.7989084,-2.649390752,46,17.83333333
15/02/2019,39.12389,8.49,8.5,9.69,6.354,7.24,214.8,21.36,6.21,7.97,9.22,5.952,9.6,133.6,24.25,5.15,9.01,10.16,6.875,8.47,189.5,19.01,8.2,10.2,8.7,-162.046616,-2.828246991,46,21.91666667
16/02/2019,39.12663,5.82,8.35,9.11,6.575,5.025,190.2,18.91,4.53,7.7,8.53,6.039,4.4,153.8,16.86,5.55,8.78,9.58,7.06,4.334,158,21.69,18.4,10,6,177.0022204,3.089271529,30,12.45833333
17/02/2019,39.12936,8.31,8.51,9.47,6.238,10.65,208.1,19.83,6.64,7.94,8.91,5.087,8,153.2,21.5,5.53,9.01,9.99,6.673,9.46,172.2,23.39,21.2,9.6,6.4,-172.0927948,-3.003585888,41,19.66666667
18/02/2019,39.13210,5.01,7.8,9.72,6.757,4.422,14.56,23,5.31,7.19,8.24,5.961,4,62.08,25.15,4.77,8.3,9.58,7.06,5.122,291,19.93,15.6,9.1,6,-124.8721868,-2.179430804,45,18.5
19/02/2019,39.13484,3.74,7.65,10,6.536,10.65,168.5,17.35,3.96,7.02,9.62,5.953,11.4,162.4,17.83,4.63,8.06,10.4,6.512,12.61,159.3,18.75,7,8.2,2.1,-167.1298839,-2.916966752,26,9.416666667
20/02/2019,39.13758,7.01,9.43,10.11,8.14,8.84,193.4,19.04,6.36,8.94,9.72,7.56,7.8,136.8,29.95,4.08,9.93,10.66,8.68,7.49,186.2,15.75,22.6,10.5,6.4,-153.5883576,-2.680622534,39,18.45833333
21/02/2019,39.14031,8.92,10.46,11.28,9.72,1.206,212.3,18.42,6.52,9.99,10.9,9.18,0.6,151.1,20.78,5.03,10.87,11.67,10.14,0.591,175.1,19.08,0.4,11.8,8.3,-162.8784167,-2.842764651,29,14.91666667
22/02/2019,39.14305,8.82,10.45,11.3,9.32,5.427,205.1,23.72,6.81,9.93,10.91,8.66,3,162.4,19.4,8.1,10.87,11.71,9.63,3.546,158.7,23.62,0,13.2,9.5,NA,NA,38,NA
23/02/2019,39.14579,7.7,10.09,11.26,7.95,1.809,192.2,24.47,6.67,9.52,10.89,7.34,1,163.5,25.74,6.44,10.56,11.71,8.51,0.985,165.7,26.43,6,13.8,5.8,-153.8498882,-2.685187103,51,21.79166667
24/02/2019,39.14853,5.72,8.97,10.03,7.86,5.829,180.3,17.77,5.42,8.35,9.58,7.12,4,143.8,17.04,5.38,9.43,10.39,8.37,4.137,160.2,17.8,1.4,11.1,3.8,-170.3873522,-2.973820301,31,11.16666667
25/02/2019,39.15127,5.39,9.92,11.26,8.58,5.427,202,19.4,4.52,9.51,10.91,8.11,5.6,141.8,21.45,4.48,10.34,11.95,9.12,4.531,158.1,21.4,12.2,12.3,9.3,-173.8185037,-3.033705191,27,10.5
26/02/2019,39.15400,2.63,9.46,11.23,7.48,0,175.4,14.28,2.41,8.87,10.64,6.878,0,169.2,16.83,2.18,9.83,11.63,7.8,0,157.9,10.98,0,12.6,7.9,-160.0253829,-2.792969818,32,9.666666667
27/02/2019,39.15674,1.5,9.14,10.02,8.38,0,224.3,7.64,1.45,8.68,9.62,7.71,0,258.5,11.61,1.35,9.44,10.5,7.85,0,302.7,9.73,0,11.6,4,-133.3475793,-2.327354308,21,5.708333333
28/02/2019,39.15948,1.25,8.2,9.49,7.25,0,100.9,5.782,1.22,7.54,8.96,6.369,0,84.6,4.44,1.06,8.36,9.61,6.199,0,56.43,4.541,0.2,10.1,6.7,116.0821195,2.026015188,12,5.083333333
01/03/2019,39.16222,4,8.58,9.22,7.71,4.623,198.9,13.69,3.35,8.02,8.54,7.41,3.8,175.1,11.77,2.96,9,9.52,8.21,4.137,182.9,14.05,3.8,9.6,6.5,-167.5465528,-2.924238997,25,10.375
02/03/2019,39.16496,6.51,7.67,8.38,5.46,12.66,179.2,22.93,5.86,7.02,7.8,4.824,17.4,142.1,35.02,5.98,8.23,8.99,5.744,13.99,166.4,26.95,19.4,8.6,4.1,-163.1572194,-2.847630677,48,17.33333333
03/03/2019,39.16769,4.77,7.65,9.42,5.951,1.809,55.2,20.51,4.2,6.99,8.36,5.426,4.2,335.9,24.92,4.93,8.11,10.06,6.329,3.743,297.2,20.78,8.2,9.6,3.7,-116.05662,-2.025570138,44,17.04166667
04/03/2019,39.17043,4.09,6.86,8.34,5.231,0.804,87.1,13.62,3.33,6.29,8.11,4.55,0.8,325.9,18.79,3.63,7.3,8.57,5.572,1.182,253,14.99,3.2,8.7,2.8,-112.2871541,-1.959780547,30,11.625
05/03/2019,39.17317,2.2,6.98,8.58,5.769,1.005,127.5,8.13,2.3,6.16,7.97,4.833,1,141.5,6.547,2.9,7.31,8.57,4.674,0.394,136.6,9.44,0.4,8.5,2.1,-169.8640565,-2.964687067,21,6.583333333
06/03/2019,39.17591,7.21,6.24,7.06,5.386,0.603,57.58,18.95,5.93,5.57,6.548,4.75,0.6,207,25.56,5.56,6.74,7.53,6.007,0.788,200.4,20.02,2.2,6.6,2.1,66.83213152,1.166440741,36,20.58333333
07/03/2019,39.17864,4.83,6.3,7.53,4.536,2.412,27.77,18.91,4.23,5.74,7.17,3.772,2.4,104.2,22.34,4.74,6.68,7.66,3.866,2.561,306.9,24.83,16.2,7.4,1.3,12.40135491,0.216444475,37,19.25
08/03/2019,39.18138,4.73,6.09,7.79,3.99,11.26,159.1,18,4.85,5.47,7.39,3.323,12.6,286.3,26.1,4.83,6.56,8.17,4.341,12.02,243.1,24.3,16.2,7.2,0.6,-135.0700223,-2.35741661,40,14.625
09/03/2019,39.18412,4.36,4.69,7.05,1.419,2.814,47.16,18.2,5.18,4.01,6.518,0.787,7,322.2,32.28,5.47,5.13,7.59,1.966,5.319,324.9,22.38,5,8.3,1.6,-90.72244385,-1.583405351,45,17.79166667
10/03/2019,39.18686,2.76,3.14,5.674,-0.067,27.74,5.025,13.82,3.69,2.57,5.16,-0.387,32.6,344.7,22.01,3.84,3.64,6.108,0.337,43.73,308.8,16.89,26,3.7,0,-85.89896195,-1.49921971,35,9.833333333
11/03/2019,39.18960,7.06,6.49,8.15,3.829,30.75,170.8,27.28,6.7,5.86,7.44,3.353,22.8,184.6,24.33,7.11,6.97,8.55,4.452,17.53,194.8,33.03,22.6,8.1,1.1,-129.0739258,-2.252764984,50,18.20833333
12/03/2019,39.19233,6.89,6.61,7.93,3.886,9.25,109.3,25.84,7.44,5.94,7.45,3.398,17.6,309.5,34.12,8.61,7.09,8.72,4.552,11.23,287,32.54,28.4,7.2,2.7,-128.65981,-2.2455373,52,20.08333333
13/03/2019,39.19507,4.09,7.6,8.92,5.519,6.633,48.18,19.37,6.35,6.97,8.05,4.824,10.6,349.4,25.44,4.91,8.03,9.11,5.946,9.26,89.1,26.75,15.8,8.4,4.9,-66.03136669,-1.152464758,49,20.54166667
14/03/2019,39.19781,3.87,7.16,8.6,5.529,5.226,27.86,16.73,5.14,6.5,7.99,4.983,5.6,347.6,24.15,NA,7.59,9.03,5.986,6.107,NA,NA,7.4,9.3,4.7,-89.80627492,-1.567415186,35,14.625
15/03/2019,39.20055,4.7,5.37,6.953,3.145,8.44,31.18,19.5,6.62,4.78,5.934,2.418,18.6,316.6,31.93,NA,5.81,7.12,3.562,13,NA,NA,20,7.3,3.3,-90.25971594,-1.575329225,43,17.83333333
16/03/2019,39.20329,1.88,4.46,5.704,3.164,2.412,352.8,11.63,2.79,3.87,5.088,2.214,2,342,19.27,NA,4.86,6.057,3.714,2.364,NA,NA,9,5.3,1.5,-102.1525268,-1.782897932,31,7.5
17/03/2019,39.20602,2.57,6.43,8.84,3.763,3.216,7.15,15.22,3.58,5.8,8.06,2.896,2.6,314.5,21.69,NA,6.85,8.85,3.987,2.561,NA,NA,11.2,7.9,1.4,-33.43045116,-0.583471443,37,13.41666667
18/03/2019,39.20876,2.15,7.99,10.66,5.462,3.417,113.5,9.57,2.41,7.35,9.83,5.012,4,278.2,11.2,NA,8.44,11.01,5.926,3.743,NA,NA,0.4,9.1,0.9,-146.1505874,-2.550808954,19,7.875
19/03/2019,39.21150,4.57,8.9,9.89,8.14,0.603,104.9,15.97,3.45,8.38,9.62,7.61,1.8,350.4,15.16,NA,9.4,10.67,8.62,1.182,NA,NA,1.2,11.5,5.5,-134.6849268,-2.350695425,33,15.29166667
20/03/2019,39.21424,5.78,9.15,10.2,7.84,2.01,162.7,18.82,4.89,8.58,9.66,7.22,4.4,117.4,27.07,NA,9.63,10.7,8.34,2.758,NA,NA,2.2,11.1,6.1,-138.7557605,-2.421744878,44,17.875
21/03/2019,39.21697,3.74,8.26,9.94,5.979,4.02,142.7,22.02,3.99,7.75,9.54,5.944,4,162.2,21.85,NA,8.67,10.34,5.966,3.546,NA,NA,7.2,11.2,5.7,-132.5308477,-2.313099653,30,11.04166667
22/03/2019,39.21971,9.33,7.47,9.94,2.934,11.66,109.8,27.41,7.43,6.92,9.47,2.326,13.8,174.2,33.4,NA,7.98,10.4,3.442,7.29,NA,NA,12.8,10.5,2.6,-133.5838277,-2.331477621,53,26.58333333
23/03/2019,39.22245,5.26,6.41,8.4,3.546,2.01,66.15,21.46,4.42,5.81,8.39,2.877,2.6,292.6,22.71,NA,6.78,8.93,3.966,2.955,NA,NA,10.2,8.5,1.9,-106.6154009,-1.86078978,48,17.375
24/03/2019,39.22519,4.53,6.7,7.91,5.116,3.015,28.94,19.21,6.18,6.04,6.937,4.42,6.6,2.587,27.17,NA,7.21,8.13,5.532,3.743,NA,NA,16.2,7.8,3.6,-83.50489672,-1.457435389,48,21.04166667
25/03/2019,39.22793,2.62,7.98,10.04,6.267,0,61.35,14.18,2.9,7.42,9.57,5.359,0.2,296.3,11.9,NA,8.43,10.41,6.452,0.197,NA,NA,2,9.9,3.5,-90.30301005,-1.57608485,29,10.33333333
26/03/2019,39.23066,4.61,9.14,9.77,7.69,0.201,78.7,15.61,4.45,8.61,9.29,7,0.2,243,18.49,NA,9.64,10.26,8.05,0,NA,NA,1.2,10.3,5.9,-119.1326201,-2.079256468,30,15.20833333
27/03/2019,39.23340,4.21,9.44,9.93,9.17,0.201,107.7,14.96,4.62,8.94,9.34,8.66,1,253.1,17.4,NA,9.96,10.48,9.63,0.591,NA,NA,0,11.2,9.3,-119.1508476,-2.079574598,28,16.91666667
28/03/2019,39.23614,6.89,9.23,9.48,8.78,0.201,186.9,20.38,4.97,8.68,8.99,8.25,1.4,6.458,25.35,NA,9.72,10.02,9.2,0.394,NA,NA,0.4,10.5,8.5,-149.9743554,-2.617546295,38,20.08333333
29/03/2019,39.23888,3.1,7.66,9.51,5.882,3.015,82,19.01,3.45,7.03,9.02,5.172,3.8,320.4,23.23,NA,8.1,10.02,6.209,3.349,NA,NA,4,10.5,5.6,-112.3487374,-1.960855377,27,13.29166667
30/03/2019,39.24162,1.87,6.3,8.8,4.113,0.603,352.4,10.65,3.36,5.59,7.36,3.634,0.4,357,15.42,NA,6.67,8.77,4.008,0.394,NA,NA,1.4,9,1.1,-69.26258101,-1.208860087,31,11.75
31/03/2019,39.24435,2.64,6.17,8.55,3.623,1.206,204.8,9.96,2.3,5.61,8.36,2.998,0.6,256.6,12.73,NA,6.15,8.51,2.37,1.182,NA,NA,0,10,-1.5,-130.0692934,-2.270137425,25,8.043478261
01/04/2019,39.24709,5.19,6.16,8.12,3.904,4.221,180.9,14.86,4.48,5.51,7.36,3.259,4.8,106,17.97,NA,6.64,8.35,4.25,4.925,NA,NA,20.8,8.4,2.3,-143.8185754,-2.510107667,33,14.375
02/04/2019,39.24983,4.49,4.68,6.507,2.452,4.623,50.51,21.1,3.76,3.98,5.548,1.599,3.6,126.2,21.62,NA,5.13,6.753,2.754,6.304,NA,NA,3.2,7.4,0.5,-43.04081823,-0.751203991,38,11
03/04/2019,39.25257,7.43,5.7,7.58,2.404,1.809,44.46,25.61,6.57,5.02,6.869,1.72,2.4,133.5,26.89,NA,6.15,7.96,2.936,3.152,NA,NA,10.8,7.4,3.3,29.3437831,0.51214563,45,24.16666667
04/04/2019,39.25530,7.81,6.8,7.6,5.902,8.44,62.23,19.93,5.16,6.15,6.982,5.236,11.2,171.6,25.2,NA,7.32,8.08,6.491,13.4,NA,NA,21.2,8.3,4.1,77.45254543,1.351801932,34,15.83333333
05/04/2019,39.25804,6.51,8.46,10.42,6.545,0,64.35,12.58,4.07,7.9,10.12,5.726,0,148.4,18.97,NA,8.9,11.03,6.956,0,NA,NA,0,11.9,5.8,96.25457891,1.679959322,28,15.875
06/04/2019,39.26078,5.43,7.86,8.95,6.94,3.417,44.23,15.52,2.78,7.2,7.93,6.367,3.6,163.5,14.26,NA,8.22,9.03,7.38,4.334,NA,NA,0,9.3,1.2,59.34908825,1.035836998,28,12.5
07/04/2019,39.26352,7.71,7.68,8.53,7.24,0,65.57,14.86,5.11,7.04,7.73,6.603,0.2,166.4,19.8,NA,8.1,8.64,7.72,0,NA,NA,0,9.5,6.5,84.58494756,1.476285833,28,14.875
08/04/2019,39.26626,5.77,7.9,9.26,6.632,0,60.18,10.85,3.73,7.25,8.86,6.093,0,94.3,17.12,NA,8.45,10.33,7.19,0,NA,NA,0,9.8,4.8,76.77847428,1.340037171,23,12.41666667
09/04/2019,39.26899,1.73,8.56,11.75,6.834,0,259.5,6.795,1.81,8.17,10.69,6.575,0,152.6,7.96,NA,8.69,11.35,6.35,0,NA,NA,0,12.6,4.2,88.4176707,1.543179471,13,5.666666667
10/04/2019,39.27173,1.94,8.24,10.39,6.555,0,209.3,6.305,1.76,7.44,10.24,5.096,0,185.9,7.15,NA,8.22,9.8,5.472,0,NA,NA,0,10.7,4.6,118.0180716,2.059803926,9,3.625
11/04/2019,39.27447,1.77,7.66,9.62,5.652,0,137.1,6.958,2.45,6.79,9.12,4.42,0,142.5,9.41,NA,7.94,8.97,4.795,0,NA,NA,0,11,6.6,63.12053137,1.101661098,13,5
12/04/2019,39.27721,3.41,8.27,9.57,7.44,0,119.2,13.07,4.45,7.61,9.52,6.253,0,134.6,14.73,5.5,8.66,9.33,7.76,0,158.7,14.37,0,11.6,1,128.0643277,2.235144173,16,5.791666667
13/04/2019,39.27995,5.91,7.51,8.48,6.266,0,112.2,18.78,8.22,7.05,8.03,6.036,0,137,19.77,9.78,8.07,8.97,6.704,0.197,160.8,17.41,0,11.1,5.4,147.3732893,2.572149128,29,12.5
14/04/2019,39.28268,6.17,6.68,7.83,5.451,0,104.7,18.75,7.94,6.08,7.12,4.756,0,137.7,21.65,9.83,7.37,8.44,6.168,0,161.1,17.02,0,11.5,5.7,140.4052791,2.450534407,30,16.16666667
15/04/2019,39.28542,6.29,7.71,9.35,5.71,0.201,101.8,15.03,7.45,7.08,8.74,5.085,0.2,124.2,15.74,7.98,8.22,9.75,6.269,0.394,146.8,14.7,0,12,4.9,125.8215611,2.196000512,30,17
16/04/2019,39.28816,3.81,8.34,9.03,7.52,0,105.4,18.39,4.87,7.68,8.43,6.82,0.4,132.3,16.87,5.95,8.77,9.42,8.09,0.197,156.9,16.1,3,10.6,7.8,131.9711394,2.3033309,24,11.45833333
17/04/2019,39.29090,3.51,8.76,10.1,7.73,0,167.5,13.2,3.72,8.06,9.54,7.12,0,139.4,12.14,4.97,9.05,10.43,8.21,0,160.4,14.54,1.4,13.5,6.4,122.2738333,2.134080981,12,5.708333333
18/04/2019,39.29363,2.91,10.66,12.86,9.16,0,214.3,12.18,2.62,10.2,12.01,8.13,0,135.8,10.41,2.62,10.76,12.06,8.57,0,167.2,15.35,0,18.5,3.5,147.1176848,2.567687988,17,4.583333333
19/04/2019,39.29637,3.89,10.53,11.6,9.74,0,204,12.61,2.68,10.18,11.89,9.1,0,152,14.8,2.92,10.89,11.85,10.05,0,174.1,13.62,0,17.2,5.2,-165.8626475,-2.894849306,27,9.083333333
20/04/2019,39.29911,2.03,9.66,10.68,8.33,3.417,181.1,9.18,2.09,9.13,9.72,7.83,3.4,234,12.28,2.49,10.01,10.63,8.86,3.349,166.5,14.14,0.6,14.2,9.7,-157.6263535,-2.751098856,21,10.70833333
21/04/2019,39.30185,6.89,9.76,10.41,8.37,19.9,200.8,16.07,5.67,9.32,9.97,7.79,16.4,126.9,24.98,3.17,10.03,10.73,8.72,18.32,188,12.02,14.6,12.2,8.7,176.4098718,3.078933097,27,11.70833333
22/04/2019,39.30459,4.58,11.86,13.86,9.9,3.618,205.8,16.17,4.34,11.51,13.68,9.45,2.6,138.6,16.65,3.54,11.83,14.43,10.18,3.349,168.7,16.53,0,19.9,9.9,176.9955236,3.089154647,24,10.41666667
23/04/2019,39.30732,2.64,12.68,14.73,11.25,0,62.22,11.89,2.91,12.65,15.24,10.71,0,124.1,11.41,2.42,13.14,16.81,11.45,0,180.2,11.07,0,18,7.6,123.6222491,2.157615275,25,10.08333333
24/04/2019,39.31006,5.03,11.86,15.69,10.01,0,40.14,15.84,4.01,12.01,15.89,9.15,0.2,76.5,19.24,3.49,12.71,16.49,9.88,0,325.4,17.67,0,15.2,9,107.5146278,1.876484249,42,19.54166667
25/04/2019,39.31280,3.04,10.42,11.75,9.38,0,93,14.9,3.42,10.01,11.52,8.75,0,117.2,13.47,3.56,10.77,12.54,9.64,0,155.1,13.16,4,15.2,8.3,115.0284123,2.007624527,23,9.875
26/04/2019,39.31554,2.96,9.04,10.73,7.43,1.005,161.6,12.05,3.53,8.46,10.25,6.696,1,144.7,11.07,3.82,9.44,10.99,7.74,1.182,172.9,10.81,7.8,12.8,8.6,166.9184276,2.913276145,20,8.583333333
27/04/2019,39.31828,1.83,9.03,11.6,7.27,0.603,88.8,9.67,2.45,8.41,11.63,6.81,0.4,90.4,11.81,2.78,9.37,12.24,7.82,0.788,160.1,8.72,3.2,12.9,7.5,-5.786990926,-0.101002045,15,5.041666667
28/04/2019,39.32101,3.32,8.72,10.79,7.01,0.201,192.6,14.86,3.64,8.11,10.36,6.356,0.6,151.2,12.87,4.88,8.72,10.11,5.694,0.197,160.9,13.98,0,12.4,8.1,-158.0236405,-2.758032823,19,7.166666667
29/04/2019,39.32375,2.43,9.83,10.92,9.01,0,116.4,13,4.11,9.32,10.84,8.43,0,121.2,11.86,4.23,10.18,11.27,9.33,0,157.5,12.77,0,14,9.1,114.0666976,1.99083944,12,5.333333333
30/04/2019,39.32649,3.03,9.79,11.66,8.88,0.201,124.1,11.01,3.89,9.1,10.26,8.02,0.4,123.1,11.97,3.75,10.06,11.33,8.39,0.591,154.1,10.58,0.4,14.5,4.7,160.115257,2.794538417,13,4.958333333
01/05/2019,39.32923,1.69,9.65,11.28,8.18,0,112.5,4.345,1.95,8.92,11.02,7.29,0.2,124.2,5.61,1.72,9.73,11.25,7.22,0,150.6,5.129,4.8,12.9,9.2,153.0025156,2.670397662,14,5.208333333
02/05/2019,39.33196,3.55,8.13,11.38,6.361,0.603,55.69,11.43,2.72,7.42,10.13,5.675,0.2,252,14.96,2.64,8.33,11.12,6.814,0.788,256.9,12.81,1.2,9.4,6.4,26.61368455,0.464496422,25,12.25
03/05/2019,39.33470,4.15,5.43,7.93,2.108,2.613,36.12,18.88,3.93,4.85,7.45,1.652,0.2,118.6,17.35,3.96,5.81,7.74,2.814,3.152,300,18.88,4,8.7,2,11.95179782,0.208598223,34,16.79166667
04/05/2019,39.33744,2.58,6.22,8.28,4.6,0.201,32.61,10.81,2.59,5.6,7.46,4.063,0.2,89.8,12.15,2.66,6.52,8.35,5.118,0.394,335.3,13.26,1.2,9.6,1.9,-5.456887677,-0.095240657,27,12.45833333
05/05/2019,39.34018,1.79,7.28,10.03,4.677,0.201,7.66,10.45,3.26,6.54,8.66,4.371,0.2,355.7,12.8,3.62,7.55,10.16,5.219,0.197,326.4,12.38,4.4,10.3,4.3,-41.47673284,-0.723905551,29,13.95833333
06/05/2019,39.34292,2.51,6.16,8.04,3.35,3.819,49.7,9.9,2.51,5.62,7.66,2.527,1.8,215.1,10.49,2.21,6.64,8.14,3.724,1.97,263.4,11.79,1.2,8.8,3.2,23.69059942,0.413478962,23,9.875
07/05/2019,39.34565,4.27,5.84,7.68,3.551,0.603,57.05,11.86,2.98,5.26,7.46,2.688,1.6,195.4,15.55,3.15,6.23,8.29,3.482,1.182,236,14.47,4.8,8.3,3.5,52.9039124,0.923347459,23,11.91666667
08/05/2019,39.34839,7.2,5.83,7.79,3.883,1.206,63.18,17.31,4.7,5.27,7.97,3.723,1.8,199.1,22.71,5.26,6.31,8,4.522,1.97,202.5,17.71,4,7.4,4.5,63.74064153,1.112484062,33,16.66666667
09/05/2019,39.35113,4.8,6.78,9.2,5.249,0.201,53.28,14.11,3.84,6.25,8.74,4.614,0.4,175.8,24.06,3.75,7.21,9.41,4.643,0.197,230,17.12,1.2,10,4.6,45.90164257,0.801134795,26,12.04166667
10/05/2019,39.35387,2.27,6.78,9.34,4.761,0.201,23.85,8.26,2.48,6.22,8.65,3.809,0.2,21.23,10.82,2.31,7.07,9.09,4.633,0.197,330.8,10.88,3.2,9.8,0.8,-18.12817362,-0.316396317,17,4.833333333
11/05/2019,39.35661,2.2,7.53,10.57,5.191,0.201,355,9.9,2.78,6.73,8.98,4.69,0,337,11.68,2.58,7.63,9.89,4.25,0,298.4,12.25,0.4,11.7,0,-48.86247665,-0.852811098,23,7.875
12/05/2019,39.35934,3.24,8.62,10.86,5.527,0.201,204.2,13.56,3.13,8.07,10.53,5,0.2,165.6,9.9,3.74,8.19,10.63,3.896,0.197,155.2,13.26,0,11.7,-0.5,-163.7990825,-2.858833302,19,7.208333333
13/05/2019,39.36208,5.82,11.16,12.61,9.86,0,215.7,13.59,4.37,10.74,12.1,9.33,0,133.6,16.78,2.99,11.44,12.94,10.32,0,198.3,13.46,0,15.6,8.3,-173.265886,-3.024060192,39,11.20833333
14/05/2019,39.36482,2.83,11.6,13.47,9.4,0,213.7,9.93,2.37,11.69,13.22,9.56,0,134.3,9.8,2,11.61,13.41,8.61,0,167.2,9.54,0,17.8,7.7,-175.6492084,-3.065657015,21,7.583333333
15/05/2019,39.36756,2.07,12.15,14.24,10.34,0,210.1,10.06,2.04,11.61,13.95,9.53,0,117.8,12.51,2,12.16,14.11,10.59,0,166.5,8.62,0,20.3,6.3,102.3969219,1.787163431,13,5.166666667
16/05/2019,39.37029,1.49,11.6,13.7,9.93,0.201,186.9,9.93,1.67,11.25,13.07,9.16,0,135.2,6.67,1.44,11.69,13.1,9.48,0,180.3,7.22,0,17.4,8.3,-157.1875516,-2.743440318,16,4.166666667
17/05/2019,39.37303,1.98,11.84,13.56,10.33,0,62.46,7.84,2.51,11.29,14.38,9.74,0,80.2,8.52,1.92,12.01,13.93,10.2,0,64.88,8.95,0,16.4,6,87.48957594,1.526981161,21,6.875
18/05/2019,39.37577,2.61,10.52,12.58,9.45,0.603,40.94,8.56,2.45,10.02,12.56,8.83,0.8,44.88,9,2.91,10.88,13.14,9.87,0.591,23,11.11,3.2,12.2,9.3,55.66740203,0.971579452,26,10.66666667
19/05/2019,39.37851,1.36,9.69,10.54,9.04,16.08,359.9,9.02,2.21,8.98,9.56,8.53,16.6,341.8,9.2,2.82,9.92,10.5,9.42,18.32,351.3,11.07,0.2,14.1,9.9,22.60714456,0.394569107,11,4.541666667
20/05/2019,39.38125,1.45,10.19,12.5,8.47,0,9.15,7.71,2.13,9.46,11.73,8.2,0,4.81,7.23,2.74,10.47,12.96,8.97,0.197,336.7,7.87,0,13.2,9.2,-49.88330727,-0.870627954,19,8
21/05/2019,39.38398,1.78,10.15,12.78,7.34,0,352.7,8,2.38,9.5,11.57,7.43,0,1.073,6.793,2.69,10.56,12.99,8.64,0,329.7,9.44,1.4,14,4.8,-53.73098907,-0.93778267,22,10
22/05/2019,39.38672,1.55,9.96,12.2,8.46,0.804,335.5,8.1,3.08,9.39,12,8.11,1.2,5.068,10.5,3.58,10.41,12.82,9.3,0.788,328.3,11.47,6,12.6,8.3,-47.48240077,-0.82872423,21,13.08333333
23/05/2019,39.38946,1.19,9.16,10.49,8.19,1.206,346.8,9.54,3.16,8.28,9.22,7.37,1.2,358.3,10.23,4.18,9.42,10.93,8.44,0.985,343.1,11.01,1.4,10,8.3,-60,-1.047197551,26,14.83333333
24/05/2019,39.39220,1.06,9.44,11.42,8.33,0,338.7,8.07,2.35,8.73,10.78,7.73,0,4.617,10.72,2.69,9.7,11.84,8.71,0.197,334.1,9.08,0,12,7.9,-58.72709971,-1.02498125,21,10.875
25/05/2019,39.39493,3.61,8.85,9.54,8.1,14.87,76.1,10.26,2.82,8.28,8.92,7.56,23.8,139.2,12.81,2.62,9.22,9.8,8.55,23.25,190.7,10.78,7.6,9.7,7.2,173.4175969,3.026708047,21,7.041666667
26/05/2019,39.39767,3.52,8.99,10.83,8.04,8.04,41.97,14.86,3,8.45,10.43,7.42,15.6,87.5,17.68,2.92,9.43,11.29,8.49,14.97,283.1,14.67,24.4,9.9,7.8,61.16509979,1.067532379,41,18.08333333
27/05/2019,39.40041,2.87,8.41,10.35,5.909,0.402,48.99,9.18,2.43,7.83,10.05,5.553,0,138.7,11.48,2.43,8.84,11.17,6.733,0,287.9,11.07,7.2,10.3,4.2,16.30241274,0.284530778,22,9.291666667
28/05/2019,39.40315,2.02,7.87,9.56,5.431,0.804,89.7,9.44,2.26,7.23,9.28,5.008,0.6,228.4,11.44,2.24,8.25,10.1,6.31,0.394,242.2,12.12,1.2,10.6,1.9,-37.14467113,-0.648296811,23,9.458333333
29/05/2019,39.40589,2.87,9.29,12.13,7.09,2.412,112.6,9.41,2.29,8.72,11.76,6.647,2,134.4,11.44,2.05,9.68,11.71,7.6,2.758,192.4,8.98,2,12.5,4,-156.6986952,-2.734908165,22,9.041666667
30/05/2019,39.40862,6.8,8.5,9.41,7.59,1.005,61.35,11.43,4.15,7.91,8.75,7.02,2.4,170.3,15.23,4.16,9,9.97,8.2,1.97,195.7,13.65,0.4,10.4,8,56.63604359,0.988485436,22,13.66666667
31/05/2019,39.41136,3.26,10.76,11.57,8.94,24.92,128.8,12.05,2.99,10.35,11.23,8.33,33.8,178.4,12.35,3.19,11.2,12.11,9.42,31.32,155.8,12.74,40,13.3,7.8,165.7768553,2.893351948,21,9.708333333
01/06/2019,39.41410,3.19,11.04,12.38,10.37,0.201,189,12.74,2.83,10.42,11.13,9.59,0.8,92,15.27,2.93,11.42,11.94,10.52,0.394,167.4,13.49,8,13.6,10.7,-153.4826837,-2.678778176,23,11.125
02/06/2019,39.41684,4.32,10.92,12.23,9.84,16.28,179.3,18.2,3.72,10.51,11.89,9.1,25.6,141,19.1,2.97,11.33,12.4,10.36,25.22,185.1,13.88,28.6,14.2,9.2,144.5190448,2.522333163,30,10.66666667
03/06/2019,39.41958,3.01,9.67,10.7,8.26,3.015,2.83,13.43,4.14,9.07,10.22,7.73,4.2,171.7,22.09,3.95,10.16,11.05,8.57,3.349,319.5,18.75,6.6,12.9,8.3,-129.4999689,-2.260200839,33,13.75
04/06/2019,39.42231,2.41,8.84,10.96,7.62,2.01,19.18,9.51,2.8,8.28,10.2,6.952,1.8,54.01,10.11,2.8,9.31,11.07,8.05,1.773,325.2,11.66,3.2,11.8,7.6,-38.97395983,-0.680223922,18,9.208333333
05/06/2019,39.42505,3.66,9.26,11.4,8.03,0,34.16,10.32,3.51,8.63,10.78,7.62,0,103.7,13.14,3.12,9.65,11.53,8.66,0,288.4,12.81,0,11.9,7.4,34.29445701,0.59855119,21,12.25
06/06/2019,39.42779,4.11,9.04,10.92,8.22,6.834,36.77,15.65,3.15,8.43,9.93,7.78,8.4,291.8,14.81,3.35,9.5,10.91,8.87,6.698,281.5,15.71,6.8,10.8,8.3,47.09300844,0.821928052,23,14.54166667
07/06/2019,39.43053,2.4,10.75,13.11,8.66,6.432,173.4,10.16,2.54,10.14,12.5,7.99,8.8,132.1,8.89,2.43,10.98,13.02,8.95,9.85,151.2,11.69,1.2,16.7,8.4,143.3635418,2.502165832,18,8.583333333
08/06/2019,39.43326,1.68,11.44,13.69,9.47,0.201,305,6.664,3.31,10.63,12.71,8.51,0.2,334.4,6.607,3.26,11.82,13.81,9.5,0.197,1.449,8.95,0,14,9.5,29.75039329,0.519242317,22,9.375
09/06/2019,39.43600,4.14,10.12,11.32,9.36,3.216,54.77,8.56,2.6,9.48,10.64,8.85,5,178,11.87,2.64,10.55,11.55,9.87,4.334,228.2,9.54,0,12.9,8.7,44.8503859,0.782786905,18,9.416666667
10/06/2019,39.43874,2.57,9.79,12.21,8.56,2.01,34.16,8.46,2.2,9.13,10.53,8.21,1.2,20.5,10.91,2.42,10.17,12.21,9.07,1.576,350.6,10.94,0.2,13.4,8.9,-27.75229373,-0.484368901,20,7.458333333
11/06/2019,39.44148,4.27,9.35,10.7,7.8,0.201,30.82,18.16,4.68,8.68,9.63,7.36,0.4,171.6,17.64,4.03,9.76,10.75,8.37,0.394,271.9,18.46,0.8,12,8,27.11228115,0.473198574,30,17.45833333
12/06/2019,39.44422,5.6,9.13,10.41,8.02,0.201,36.13,18.26,5.21,8.5,9.7,7.44,0.2,282.5,20.4,4.81,9.6,10.84,8.6,0,263.1,20.58,0.2,10.9,8.8,37.08030065,0.647173334,33,22.75
13/06/2019,39.44695,4.88,8.41,10.12,7.15,2.412,32.95,16.5,4.4,7.73,8.84,6.6,3.2,98.1,18.92,4.7,8.88,10.05,7.77,3.152,303,18.88,2,11.1,7.4,16.73007946,0.291994971,29,16.95833333
14/06/2019,39.44969,3.51,8.91,9.72,8.02,12.06,186.9,16.17,3.4,8.25,9.01,7.41,14.2,140.5,12.63,3.22,9.34,10.2,8.44,13.59,202.9,15.22,30.4,13.1,8.5,-157.5157465,-2.749168401,27,12.29166667
15/06/2019,39.45243,1.92,10.64,12.98,9.36,1.005,96.1,6.435,2.55,9.98,11.62,8.65,1.2,113.9,7.57,2.42,11.05,12.65,9.83,1.182,144.7,9.87,7.2,15,8.7,96.98241629,1.692662481,21,7.875
16/06/2019,39.45517,1.69,11.04,13.37,9.49,1.005,208.4,6.435,1.88,10.52,12.68,9.34,1.4,237.4,8.21,1.62,11.26,13.32,8.81,1.182,252.8,7.15,11.6,14.8,9.9,-140.3446432,-2.449476111,21,7.5
17/06/2019,39.45791,2.5,11.2,13.86,9.33,1.809,172.9,12.35,2.6,10.5,13.42,8.73,2.6,118.1,13.89,2.13,11.36,13.91,8.32,2.167,180.6,13.95,7.8,15.2,7.4,-166.7373345,-2.910115474,23,7.75
18/06/2019,39.46064,3.56,10.69,12.48,9.61,1.206,117.1,12.22,2.96,10.1,12.22,9.09,1.8,273.7,13.95,3.71,11.11,12.79,10.11,1.773,201.8,14.9,7.8,15.8,10.3,-138.7576843,-2.421778454,29,15.29166667
19/06/2019,39.46338,4.41,10.98,13.23,9.62,2.814,176.8,12.32,3.52,10.23,12.34,8.95,4.2,105.8,18.43,3.35,11.29,13.08,10.05,3.349,186.6,14.05,6,15.4,9.8,-162.0468685,-2.828251398,26,12.5
20/06/2019,39.46612,2.63,10.29,11.75,8.97,4.221,20.34,11.04,4.08,9.6,10.66,8.39,5,7.74,17.73,3.67,10.64,11.69,9.5,5.122,327.9,13,8.8,14.1,8.8,-114.4594853,-1.997694879,27,13.45833333
21/06/2019,39.46886,2.43,11.08,12.92,8.85,1.608,132.9,11.11,3.29,10.46,12.59,8.36,0.8,4.036,13.5,3.21,11.43,13.25,9.35,0.788,286.1,12.38,1.6,15.1,7.5,-97.01620246,-1.693252161,26,12.25
22/06/2019,39.47159,2.54,12.17,14.33,10.9,0,197.4,10.62,2.17,11.32,12.72,10.37,0,103.9,14.16,2.2,12.27,13.75,10.24,0.197,190.3,8.26,0,16.2,7.8,-163.2264954,-2.84883977,18,9.208333333
23/06/2019,39.47433,3.5,13.75,16.66,10.88,0.201,50.91,9.44,3.63,13.57,16.87,10.39,0.2,46.89,9.65,3.13,13.7,17.45,10.08,0.197,33.94,8.56,0,15.3,8.5,49.0993634,0.856945552,17,8.375
24/06/2019,39.47707,3.16,13.64,16.05,11.53,0.804,23.61,15.68,2.81,13.17,15.31,11.03,1,339.8,15.47,2.65,13.9,16.35,12.01,0.985,342.6,16.46,6.8,16.1,10.7,63.37429392,1.10609009,27,11.08333333
25/06/2019,39.47981,4.86,11.19,12.84,9.85,0,31.33,14.6,3.39,10.52,11.87,9.71,0,265.7,13.99,3.81,11.47,12.74,10.69,0,286.9,15.68,0.8,13.7,10.2,34.28103256,0.598316889,24,14.83333333
26/06/2019,39.48255,1.39,11.94,13.75,9.88,0,357.5,10.42,2.59,11.34,13.36,9.88,0,343.9,7.87,3.1,12.29,14.34,10.73,0,322.1,12.41,0,14.8,6.9,-62.75246738,-1.09523717,20,8.666666667
27/06/2019,39.48528,2.58,11.57,12.78,11,0,38.94,7.12,2.9,11.27,13.76,10.34,0.4,22.36,10.15,3.06,11.91,13.49,11.15,0,31.84,10.26,0,15.9,11,6.936623532,0.12106692,17,7.25
28/06/2019,39.48802,2.43,15.32,20,10.26,0,47.21,11.17,2.44,15.49,19.64,10.97,0,125.3,9.87,1.74,15.58,19.82,10.52,0,211.5,10.42,0,18.3,10.1,54.2136764,0.946207153,15,6.041666667
29/06/2019,39.49076,4.32,13.73,15.5,12.32,1.608,210,11.89,3.1,13.12,14.84,11.82,2,123.6,13.28,2.41,14.01,15.69,12.8,1.773,188.1,11.04,0,20.8,14.5,-159.2549815,-2.779523777,28,9.458333333
30/06/2019,39.49350,4.36,12.4,13.33,11.44,4.02,107.1,16.73,4.41,11.91,12.82,10.85,6.6,229.5,21.08,4.61,12.79,13.67,11.85,5.319,283.4,19.83,8.8,15.1,12.3,-131.7216815,-2.298977038,32,15.08333333
01/07/2019,39.49624,2.52,11.76,13.56,9.98,2.613,14.18,13.72,4.49,11,12.1,9.24,3.2,7.75,21.39,4.67,12.04,13.4,10.33,2.955,327.8,19.37,2,13.2,9.8,-61.13356442,-1.066981983,30,14.08333333
02/07/2019,39.49897,1.66,12.27,14.24,10.75,0.201,2.781,9.38,3.58,11.55,13.47,10.21,0,35.76,14.69,3.23,12.54,14.53,11.24,0,327.2,14.14,1.2,15,9.5,-65.32674705,-1.140166826,29,13.5
03/07/2019,39.50171,2.76,12.43,14.21,11.47,0.201,55.94,10.36,3.32,11.87,12.88,10.99,1.2,331.7,14.64,3.38,12.88,14.1,11.81,1.182,304.4,13.49,0.8,15.3,11.1,-86.15541269,-1.50369562,26,12.54166667
04/07/2019,39.50445,3.12,12.31,12.74,11.74,9.65,64.45,14.83,3.04,11.9,12.51,11.3,17,331.2,16.02,3.77,12.76,13.35,12.18,16.55,316.2,17.28,15,14.1,11.8,-100.0029111,-1.745380061,30,14.45833333
05/07/2019,39.50719,1.98,12.22,13.78,10.75,2.814,53.97,14.63,3.31,11.65,12.73,10.35,5.2,334.8,13.82,3.55,12.59,13.99,11.35,4.137,316.7,12.97,4.6,14.7,10.5,-100.6904922,-1.757380615,25,11.75
06/07/2019,39.50992,2.51,11.08,12.58,9.33,0,33.65,9.38,2.73,10.49,11.88,9,0,83.2,11.75,2.74,11.45,12.57,10.16,0,306.1,10.85,0,13.5,9.3,-14.13568396,-0.246714227,19,10.54166667
07/07/2019,39.51266,1.98,11.72,13.84,9.32,0,36.83,10.45,2.19,11.16,13.03,8.97,0,67.57,8.57,2.04,12,13.95,10.26,0,29.08,8.79,0.4,15.8,8.6,-26.42142676,-0.46114089,19,8.833333333
08/07/2019,39.51540,2.55,12.7,14.54,11.23,8.64,146.6,10.75,2.72,12.11,13.9,10.55,10.4,130,8.59,2.88,12.81,14.17,11.56,9.46,159.7,10,0.4,17.2,6,162.0147293,2.827690464,17,6.541666667
09/07/2019,39.51814,1.63,13.45,14.55,13.11,7.64,190.9,6.501,2.43,13.49,17.53,12.77,10.8,257.7,11.7,1.71,14.15,17.65,13.34,9.26,244,8.07,32.4,17.9,11.6,-170.9661814,-2.983922775,18,9.166666667
10/07/2019,39.52088,2.3,13.68,14.54,13.2,1.809,216.2,6.729,1.93,13.47,14.31,12.92,2.8,173.8,5.877,1.72,13.87,14.56,13.47,1.576,196.2,6.435,15,14.9,12.8,-179.1709975,-3.12712383,16,7.333333333
11/07/2019,39.52361,1.72,13.72,14.66,12.83,2.01,198.6,8.4,2.03,13.35,14.37,12.6,2.8,131.7,8.15,1.93,13.8,14.57,13.02,1.576,173.2,8.75,13.2,18.8,13.1,168.1227534,2.934295595,14,6.458333333
12/07/2019,39.52635,0.9,13.77,16.41,12.49,1.005,109.5,9.38,2.35,13.14,15.02,11.96,1.8,344.1,7.92,2.58,14.22,17.64,12.7,1.773,348.4,8.69,0,15.6,13.4,-28.54307068,-0.498170562,14,6.041666667
13/07/2019,39.52909,1.07,13.52,15.47,11.75,0,62.68,6.37,2.24,12.89,14.63,11.46,0,50.66,12.41,2.04,13.93,15.87,12.43,0,319.8,9.8,0.8,16.2,12.7,-59.16035257,-1.032542939,18,9.166666667
14/07/2019,39.53183,2.17,13.46,14.33,12.67,1.206,211.3,7.19,1.61,12.91,13.58,12.21,2.6,138.3,7.13,1.4,13.65,14.49,12.95,2.561,206,6.37,0,16.7,11.7,-173.0709939,-3.020658682,13,4.833333333
15/07/2019,39.53457,1.94,13.52,15.8,11.43,0.201,182.9,6.958,1.93,13.04,15.21,11.14,0.4,124.6,9.56,1.63,13.74,15.77,11.7,0.197,184.5,6.109,0,20.5,8.1,177.3607323,3.095528742,14,6.208333333
16/07/2019,39.53730,5.73,14.44,15.69,13.86,0.402,206.1,12.61,4.87,13.69,14.1,13.33,0.4,121,15.4,2.58,14.69,15.28,14.24,0.197,185.9,8.92,0,19.4,12.2,-172.5114125,-3.010892145,27,9.875
17/07/2019,39.54004,4.85,13.87,14.81,12.85,12.06,176.9,17.51,3.84,13.27,14.04,12.31,11.4,190.8,16.86,3.92,14.2,15.26,13.11,9.46,181.7,18.06,22.8,17.1,13.1,-167.3619362,-2.92101683,30,13.20833333
18/07/2019,39.54278,3.04,13.75,15.68,12.85,2.412,116,12.48,3.14,13.03,14.09,12.36,3.2,239.9,13.95,3.04,14.08,15.72,13.27,2.758,337.3,15.03,8.8,17.3,12.4,-139.2258559,-2.42994959,22,11.16666667
19/07/2019,39.54552,2.32,13.66,15.29,11.51,2.211,137.3,10.85,2.36,13.06,14.73,11.28,5.2,237,11.32,2.36,13.9,15.58,11.11,4.531,176.8,13.59,1.2,17.8,12.6,-155.6868383,-2.717247931,23,9.791666667
20/07/2019,39.54825,1.94,14.16,15.8,11.99,0,157.8,9.02,2.06,13.49,15.61,11.53,0,267.6,11.26,2.3,14.24,16.26,11.12,0,205.5,10.19,0,19.3,12,-57.76421652,-1.008175768,19,9.125
21/07/2019,39.55099,5.55,14.22,16.04,13.4,14.67,190.2,18.49,4.7,13.62,15.33,12.99,15.4,129.9,21.47,4.62,14.5,15.5,13.74,15.76,175.4,18.55,14.8,17,12.9,-164.7424313,-2.875297844,30,13.5
22/07/2019,39.55373,2.96,14.17,14.92,13.42,9.25,185.8,11.3,2.32,13.77,14.72,13.1,15.4,84.5,13.88,2.49,14.49,15.27,13.81,10.83,174.3,9.93,13.8,16.9,13.9,-166.6576411,-2.908724562,30,11.25
23/07/2019,39.55647,7.04,14.82,15.48,13.87,12.06,213,18.49,5.5,14.45,15.08,13.31,10,125.9,20.28,3.28,15.1,15.7,14.12,9.46,196.6,14.6,18.2,19.5,15,-167.9909481,-2.931995159,32,15.79166667
24/07/2019,39.55921,1.55,14.16,15.47,13.25,2.01,359.9,7.77,2.27,13.69,15.32,12.52,2.8,84.3,8.61,1.87,14.45,16,13.57,2.364,62.12,7.32,0,19.4,12.5,-163.0257537,-2.845336167,22,6.75
25/07/2019,39.56194,2.37,16,19.34,13.64,1.407,107.7,11.2,2.79,15.24,17.67,13.22,1.6,117.7,14.85,1.63,15.9,18.16,13.84,1.379,178.3,10.26,0,24.1,14.7,131.9830533,2.303538838,18,6.458333333
26/07/2019,39.56468,4.03,15.52,17.07,14.24,0,120.5,14.41,4.11,14.77,16.65,13.71,0,132.2,16.36,3.63,15.44,16.36,14.66,0,163.4,16.1,0,23.2,15.6,175.4198128,3.061653306,19,7.708333333
27/07/2019,39.56742,2.5,14.37,16.31,13.61,2.01,169.4,11.07,2.7,13.78,16.19,12.9,0.8,143.6,8.79,3.02,14.52,15.85,13.64,0.591,163.2,11.01,13.2,17.6,14.4,-129.6411753,-2.262665355,11,4.916666667
28/07/2019,39.57016,0.72,15.22,18.57,12.54,5.628,31.92,7.15,1.95,14.9,19.09,12.29,5.2,2.665,8.1,1.29,15.37,19.16,12.94,4.137,34.6,9.64,0,19.5,13.7,37.78379493,0.659451625,19,8.291666667
29/07/2019,39.57290,0.64,15.66,19.11,13.65,0,256.1,4.867,0.96,15.91,19.44,13.4,0,92.1,4.197,0.87,15.3,17.51,13.97,0,157,4.867,0,21.8,16,52.849082,0.922390488,16,5.291666667
30/07/2019,39.57563,1.22,14.82,16.98,14.12,0.804,184.7,5.847,1.69,14.27,16.04,13.58,1,139.5,5.81,1.53,15.06,16.96,14.47,0.985,172.4,5.455,0.6,17.9,15,-93.09999111,-1.624901378,11,4.333333333
31/07/2019,39.57837,0.8,15.08,16.88,13.39,0,248.8,4.639,1.28,14.43,15.65,13.08,1.2,346.9,5.443,1.3,15.44,17.03,13.3,0.591,328.4,4.737,0,17.1,13.4,30.88913773,0.539117157,11,5.291666667
01/08/2019,39.58111,1.82,14.9,16.98,13.14,0,19.05,6.37,1.89,14.35,16.76,12.89,0,5.947,6.51,1.87,15.05,17.03,13.06,0.394,17.35,6.827,0,17.9,14.6,13.6846118,0.238841533,14,5.291666667
02/08/2019,39.58385,1.91,15.49,17,14.01,0,56.7,7.97,1.74,15.24,18.1,13.67,0,110.7,7.98,1.65,16.08,18.29,14.54,0,181.9,7.02,0,17.8,14.2,54.98724296,0.959708436,17,9.458333333
03/08/2019,39.58658,2.77,16.41,17.75,14.84,0,47.73,7.77,3.24,16.58,18.88,14.23,0,83,12.21,2.32,17.21,20.28,14.28,0,38.95,8.75,0,17.9,14.6,49.16778854,0.858139796,20,10
04/08/2019,39.58932,2.66,15.4,16.78,14.69,11.66,68.45,9.8,3.62,15.18,17.41,14.39,13.2,97.5,9.58,3.25,16.13,18.38,15.22,12.02,133.6,10.94,0.6,18.5,14.1,95.90710696,1.673894793,14,6.75
05/08/2019,39.59206,2.53,15.5,17.5,14.02,0,130.6,8.2,2.76,14.81,16.78,13.49,0.2,118.7,7.99,2.43,15.59,16.63,14.37,0.197,163.6,8,6,21,14.6,167.6457046,2.925969523,21,8.291666667
06/08/2019,39.59480,2.7,14.64,15.94,12.95,7.84,68.32,8.66,2.22,14.14,15.64,12.76,9.6,118.9,12.86,2.15,15.07,17.09,13.3,9.46,205.1,12.64,36.8,16.9,10.7,82.60173023,1.44167216,25,5.375
07/08/2019,39.59754,3.95,13.66,14.82,12.11,1.809,30.26,10.78,3.6,12.95,14.2,11.53,1.4,104.1,13.5,3.51,13.93,15.16,12.46,1.97,298.7,13.36,15.4,15.2,13,15.00635427,0.261910291,28,16.75
08/08/2019,39.60027,3.81,13.32,14.95,12.09,1.206,48.31,13.49,3.02,12.74,15.07,11.44,1.2,204.1,16.14,3.36,13.62,14.29,13.32,0,240.4,15.55,0,15.5,11.8,37.24112716,0.649980286,23,13.375
09/08/2019,39.60301,9.36,13.72,14.43,13.2,4.221,56.17,18.1,5.59,13.07,13.87,12.55,8,184.2,23.84,5.87,14.04,14.71,13.55,8.08,223.8,23.94,14.8,15.4,12.3,77.4820377,1.352316669,37,19
10/08/2019,39.60575,6.06,12.39,13.48,11.44,5.628,40.87,19.47,5.82,11.77,12.84,10.81,5.4,135.6,20.18,6.18,12.69,13.82,11.74,5.713,323.6,24.79,8.6,14,11.3,18.20758883,0.317782374,35,22.91666667
11/08/2019,39.60849,1.95,11.81,13.68,10.19,1.005,22.75,17.74,2.73,11.22,13.71,9.76,0.4,242.7,16.8,3.13,11.8,14.06,9.27,1.182,18.32,16.04,4.6,13.6,9.5,-10.38259351,-0.181210442,27,12.875
12/08/2019,39.61123,2.1,12.84,14.67,11.24,0.402,99.3,7.38,2.22,12.28,15.16,10.78,0.8,281.7,13.25,2.07,13.09,15.38,10.22,0.591,299.8,8.72,5.2,17.2,5.5,-115.8380882,-2.021756039,21,6.958333333
13/08/2019,39.61396,2.7,12.74,14.45,10.15,1.608,76.4,9.8,2.9,12.09,13.94,10.64,1.2,319.9,12.75,3.09,12.96,14.9,11.22,1.379,310.5,13.52,4.8,15.6,7.3,-113.7256598,-1.984887208,28,9.5
14/08/2019,39.61670,2.75,12.53,13.99,11.64,19.3,181.6,12.74,2.7,12.25,13.37,10.52,24.2,121.4,12.15,2.71,12.97,13.89,11.39,26.6,156.1,19.93,17.2,15.2,8.1,161.5387948,2.819383839,15,7.541666667
15/08/2019,39.61944,4.07,12.91,17.64,11.16,7.64,197,15.71,3.85,12.44,14.72,10.64,6.6,109.9,19.56,3.34,13.34,20.67,11.49,7.49,223.3,13.62,17.8,16.7,11,-88.46347354,-1.543978881,29,12.41666667
16/08/2019,39.62218,6.95,14.29,15.96,12.02,10.85,204,18.03,5.6,13.57,14.51,11.69,2.2,125.7,19.59,4.63,14.54,15.92,12.4,8.67,180.4,19.27,18.8,18,12.6,-171.987612,-3.001750102,29,16.25
17/08/2019,39.62491,5.62,13.45,14.8,11.74,4.824,195.7,20.16,4.45,12.7,13.93,10.96,5.6,119.8,23.3,3.87,13.7,14.65,12.25,4.728,185.3,16.56,22.8,16.6,11.3,-159.8356814,-2.789658903,39,15.04166667
18/08/2019,39.62765,2.08,13.69,16.03,12.07,0.402,352.3,11.43,3.33,12.96,14.35,11.79,0.2,8.54,13.52,3.42,14.01,16.02,12.09,0.394,319.9,13.23,18,16.6,11.9,-107.7049545,-1.879806076,23,11.25
19/08/2019,39.63039,2.28,12.71,15.22,11.03,3.819,6.038,10,3.36,12.02,13.33,10.89,4.6,344.1,15.41,3.29,13.06,14.21,12.04,4.137,309.7,14.86,7.6,15,11,-67.89852534,-1.185052825,26,10.66666667
20/08/2019,39.63313,3.4,13.27,15.21,11.06,4.02,223.9,12.9,3,12.58,14.88,10.67,4,154.4,13.71,2.08,13.38,15.06,10.78,6.107,202.7,10.06,0,16.4,7.8,-139.0286376,-2.426507482,17,7.625
21/08/2019,39.63587,6.57,13.79,14.89,12.44,16.28,201.9,23.65,4.91,13.19,14.53,11.71,14.6,136.2,19.74,5.24,14.27,15.25,12.9,14.18,179.6,23.03,12.8,15.6,12.5,-172.3269023,-3.007671836,35,13.875
22/08/2019,39.63860,5.87,13.39,14.71,11.75,1.608,167.5,21.76,4.25,12.76,14.26,10.78,3.2,6.66,24.76,5.09,13.81,15.07,12.12,2.561,198.7,25.61,9.6,16.1,12.2,-139.2983843,-2.431215448,45,20.25
23/08/2019,39.64134,7.4,14.36,15.1,12.75,10.65,207.3,17.08,6.33,13.86,14.51,12.13,15.4,104.5,23.08,4.14,14.74,15.36,12.83,11.82,184.9,12.77,19.4,17.7,12.7,-154.1209339,-2.689917743,36,14.875
24/08/2019,39.64408,4.32,13.81,14.78,13.2,4.02,192.3,17.57,3.74,13.29,14.37,12.58,3.2,120,20.98,2.64,14.2,15.31,13.37,2.758,188.8,14.77,0,17.8,14.2,-153.6420202,-2.681559122,27,13.33333333
25/08/2019,39.64682,3.08,13.65,15.62,12.63,0.201,168.2,14.54,2.64,13.03,15.11,12.34,0,83.3,19.61,2.42,14.04,15.58,13.11,0.591,186.1,11.47,0,18.6,12.5,63.65779588,1.111038133,20,4.708333333
26/08/2019,39.64956,5,12.51,13.92,10.48,18.69,199.5,16.46,4.43,11.93,13.44,9.86,20.2,154.9,20.21,2.79,13.04,14.33,11.34,18.32,207.2,10.88,14.4,14.9,10.9,-148.3182898,-2.588642498,34,15.75
27/08/2019,39.65229,1.41,13.02,15.41,10,8.44,192.8,7.77,1.67,12.32,15.03,9.36,10,165.7,7.71,1.36,13.18,15.08,10.16,9.65,191.6,6.533,19.4,14.1,10.6,69.30456017,1.209592762,11,3.458333333
28/08/2019,39.65503,2.6,12.72,15.51,9.87,2.814,200.4,10.32,2.36,12.1,15.08,9.22,3.2,356.3,10.16,2.59,13.01,15.26,9.87,3.152,253.8,8.53,37.2,15.6,11.5,-77.78444819,-1.357594728,20,8.25
29/08/2019,39.65777,6.44,13.45,15,12.03,5.829,195.6,18.88,5.1,12.78,14.16,11.34,6.4,124.5,20.87,5.73,13.85,15.19,12.49,5.516,173.9,22.12,27.4,15.4,11,-160.6815089,-2.804421378,39,16.91666667
30/08/2019,39.66051,1.7,13.08,15.27,11.23,0.201,69.86,11.96,1.94,12.44,14.63,10.86,0.2,301.1,13.55,1.85,13.3,15.97,10.95,0.197,313.4,16.1,6.6,15.6,10.5,-110.5011721,-1.928609281,31,8.625
31/08/2019,39.66324,2.02,12.13,14.54,10.73,0.804,347.7,11.99,3.71,11.44,13.41,10.27,1,354.5,16.77,3.44,12.47,15.03,11.1,3.152,328.6,15.29,34,14.3,9.8,-36.07804719,-0.629680711,24,9.083333333
01/09/2019,39.66598,2.19,11.88,14.01,9.78,1.407,66.9,8.85,2.96,11.16,13.11,9.27,1.2,344,15.19,3.04,12.25,14.75,10.26,1.97,304,14.47,21,14.2,7.5,-63.96930097,-1.116474922,28,10.375
02/09/2019,39.66872,3.33,12.6,13.68,10.93,9.25,57.96,13.33,3.18,12.11,13.27,10.47,14.6,265.1,19.06,3.14,12.96,14.17,10.21,13.79,319,14.99,9.6,15.9,7.6,-117.1831217,-2.045231301,25,10.625
03/09/2019,39.67146,3.95,12.91,13.99,11.35,2.613,171.1,18.33,3.62,12.26,13.43,10.76,4.6,187.4,18.83,3.24,13.07,14.47,10.38,2.955,158.4,19.76,7.2,14.7,6.4,-143.6313613,-2.506840165,26,8.041666667
04/09/2019,39.67420,4.64,11.33,12.92,9.82,5.427,39.14,29.53,5.76,10.72,12.17,9.17,9,334.5,23.24,6.37,11.72,13.16,10.21,9.26,325.5,30.84,2.4,13.9,9.2,-51.15358248,-0.892798438,42,16.83333333
05/09/2019,39.67693,4.09,12.44,14.1,10.83,3.618,57.81,18.26,4.95,11.84,12.85,10.29,7,217.9,21.52,4.69,12.89,14.01,11.24,6.304,315,23.19,13,14.6,7.2,-100.8642854,-1.760413878,32,13.45833333
06/09/2019,39.67967,2.43,12.14,14.01,10.33,8.04,13.32,15.09,4.02,11.49,12.95,9.93,9.4,339.3,20.56,3.69,12.65,14.86,9.3,9.85,318.4,18.33,18,14.3,9.4,-51.74474589,-0.903116186,30,14
07/09/2019,39.68241,2.48,12.44,14.48,10.56,0,215.2,10.36,2.11,11.75,13.35,10.32,0.2,111.6,12.85,1.9,12.64,14.61,9.66,0,193.5,9.21,0,15,6.5,-111.7586718,-1.950556791,17,5.416666667
08/09/2019,39.68515,6.5,13.02,14.3,11.34,3.618,210.5,16.07,5.86,12.4,13.39,10.95,4.4,116.3,20.72,3.43,13.36,14.49,11.65,3.546,200.2,11.53,1.2,14.9,8.3,-162.1097598,-2.829349058,27,14.16666667
09/09/2019,39.68789,1.64,12.3,14.33,10.95,1.608,5.549,10.62,2.96,11.56,12.97,10.34,2.2,352.7,9.12,3.43,12.56,14.67,10.06,2.364,327.6,12.64,12.4,13.6,8.2,-54.89818821,-0.958154138,24,10.79166667
10/09/2019,39.69062,6.86,12.65,13.98,11.1,22.51,196.8,22.9,5.23,12.06,13.58,10.72,19,158.4,25.73,4.71,13.14,14.48,11.04,17.73,197.4,18.91,10.8,14.4,6,-147.4137014,-2.572854453,44,15.70833333
11/09/2019,39.69336,4.8,12.77,14.31,11.06,2.412,70.9,16.53,3.62,12.09,13.02,10.65,7.8,331.5,16.57,4.54,13.22,14.29,11.47,5.713,260.3,18.78,12.4,15.6,11.6,-108.7605178,-1.898229132,37,17.29166667
12/09/2019,39.69610,3.92,12.34,14.11,10.62,1.206,73.1,17.31,3.48,11.56,12.77,10.33,2.8,328,17.09,3.98,12.77,14.51,11.29,2.955,301.7,17.08,5.4,14.8,9.2,-107.9053082,-1.883302909,28,13.375
13/09/2019,39.69884,4.75,12.68,13.81,11.84,2.814,94,16.2,3.91,12.04,13.66,10.86,5,229,19.02,4.39,13.17,14.59,12.18,4.728,249.2,17.35,8.8,15.2,9,-112.0436708,-1.955530961,33,14.54166667
14/09/2019,39.70157,7.6,12.71,13.88,11.02,11.26,158.5,21.27,6.94,12.21,13.52,10.4,15.4,36.47,27.72,6.93,13.27,14.58,11.54,10.64,203.8,25.97,22.8,15.1,11.2,-130.6287072,-2.279901038,45,23.58333333
15/09/2019,39.70431,3.7,11.53,13.16,10.1,0.201,50.56,15.65,4.61,10.86,12.37,9.6,0.2,325.7,25.29,4.25,12.04,13.73,10.74,0.394,330.6,18.49,0.2,14.1,7.9,-87.35348377,-1.524605905,38,16.33333333
16/09/2019,39.70705,3.06,11.19,12.88,9.1,3.015,32.61,13.07,4.57,10.57,11.65,8.58,3.2,351.5,19.68,4.14,11.64,12.98,9.58,3.152,326.6,15.42,3,14.5,8.5,-90.98739064,-1.588029544,30,13.41666667
17/09/2019,39.70979,2,10.97,12.52,9.58,5.226,191.2,11.5,2.67,10.43,12.11,9.49,8.4,104.5,15.07,2.44,11.41,12.89,10.19,7.09,276,11.99,2.6,13.2,6.9,-52.93077499,-0.923816299,22,7.541666667
18/09/2019,39.71253,1.98,12.39,13.29,11.58,2.412,112.7,7.81,2.27,12.1,13.04,11.16,5,265.6,10.75,2.06,13.01,14.46,11.88,3.546,271.6,9.28,11.4,16.1,8.2,-107.3033506,-1.872796767,22,9.625
19/09/2019,39.71526,3.52,12.67,13.56,11.63,0.201,189.7,11.3,2.9,12.14,12.93,11.04,0.6,214.4,14.19,3.35,13.12,13.86,12.1,0.394,193,12.81,0,16.8,11.2,-129.5717046,-2.261452863,18,8.625
20/09/2019,39.71800,3.79,14.12,15.72,12.64,0.201,205.4,13.33,3.57,13.74,15.12,12.33,0,136.7,15.34,3.44,14.37,15.86,13.14,0,171.7,13.92,0,18.3,10.1,NA,NA,19,NA
21/09/2019,39.72074,3.44,15.51,17.12,14.19,0,106,11.17,3.65,14.52,16.26,12.75,0,124.3,14.83,2.26,15.25,16.87,13.93,0,166,11.04,0,20.8,8.6,130.7513549,2.282041645,21,5.291666667
22/09/2019,39.72348,1.87,14.57,16.89,13.53,9.45,77.4,11.83,2.01,13.85,15.31,12.88,13.2,123.3,12.35,1.22,14.71,16.06,13.82,13,164.8,10.94,0.4,18.9,10.9,73.66473655,1.285692195,13,3.583333333
23/09/2019,39.72621,1.94,13.32,14.11,12.06,0.201,149.1,9.51,2.35,12.82,13.79,11.68,0.6,137,8.92,2.23,13.64,14.51,12.82,0.394,156.6,8.69,8.8,18.3,11,154.3607187,2.694102777,22,5.708333333
24/09/2019,39.72895,2.38,14.04,16.29,12.93,0.201,84.3,9.02,2.75,13.48,16.1,12.38,0.2,102.1,11.73,2.51,14.49,16.6,13.43,0,126.3,12.22,0.4,18.4,11.3,96.35832365,1.681770009,16,7.041666667
25/09/2019,39.73169,2.37,14.09,16.28,12.48,6.432,92.2,10.16,2.61,13.82,16.31,12.05,9.8,103.5,11.01,2.53,14.44,16.82,12.82,9.46,141.7,8.89,2.4,17.3,13.6,112.8328288,1.969304367,24,10.58333333
26/09/2019,39.73443,3.32,13,14.55,11.4,7.44,183.3,10.29,3.12,12.39,14.22,10.91,11.8,140.2,11.71,2.64,13.39,14.68,12.05,10.05,173.3,10.32,10,16.5,12.3,165.5842655,2.889990622,26,12.25
27/09/2019,39.73717,1.62,12.4,15.04,10.43,1.005,215.3,6.043,1.83,11.88,14.14,10.18,0,145.1,6.88,1.28,12.54,14.94,9.74,0.197,188.6,5.455,5.8,16.1,7.6,-143.5320909,-2.505107569,13,5.25
28/09/2019,39.73990,1.43,11.66,13.56,10.31,4.02,351.7,4.247,1.73,11.26,12.59,10.3,3.4,343.1,6.083,1.68,12.15,13.95,10.59,4.728,10.1,5.913,0.4,14.5,7.5,-69.86308259,-1.219340817,14,4.375
29/09/2019,39.74264,3.21,12.16,13.18,11.19,0.804,39.76,10.65,2.22,11.59,12.58,10.67,1,61.56,10.32,2.4,12.63,13.65,11.61,1.182,298.2,11.86,2.8,13.9,8.8,40.29348566,0.703253992,18,8.625
30/09/2019,39.74538,5.51,10.39,11.6,9.28,1.005,61.62,14.77,3.94,9.79,11.08,8.73,1.2,194.3,19.37,4.17,10.87,12.16,9.92,1.379,207.8,16.17,0,11.2,7,31.32975756,0.546807423,25,13.08333333
01/10/2019,39.74812,4.32,8.94,10.37,7.72,0.201,55.65,15.97,3.65,8.34,10.22,7.06,0.4,167,18.21,3.83,9.35,10.84,8.14,0.394,318.3,16.07,2.4,11.3,5.5,14.56719786,0.254245565,25,13.70833333
02/10/2019,39.75086,1.88,9.49,11.13,7.59,0.201,51.24,9.7,1.98,8.81,11,7.08,0.4,131.8,9.91,2.02,9.74,11.52,7.44,0.591,35.66,10.78,0.4,12.1,2.8,-21.80326342,-0.380538734,24,7.875
03/10/2019,39.75359,7.3,10.52,11.98,9.26,1.407,98.1,16.76,6.82,9.69,11.18,8.53,3.8,117.7,19.39,7.34,10.89,12.39,9.62,5.319,140.2,21.63,0,12.6,4.3,105.4259869,1.840030589,33,14.41666667
04/10/2019,39.75633,6.07,11.98,12.94,9.51,0.201,84.3,13.43,4.86,11.3,12.83,8.8,0.4,141.8,19.69,4.54,12.38,13.38,9.77,0.197,170.5,15.58,0,13.4,9.7,95.77463951,1.671582799,37,17.91666667
05/10/2019,39.75907,4.37,12.06,12.62,11.49,8.24,116.2,14.99,5.71,11.38,11.84,10.88,11.8,135.3,15.25,6.89,12.41,12.91,11.89,10.64,152,14.47,18.4,12.6,8.9,129.1519307,2.254126427,24,11.79166667
06/10/2019,39.76181,2.49,12.18,13.84,11.44,0,130.2,16.59,3.72,11.5,13.44,10.67,0.2,59.21,16.87,4.52,12.55,14.89,11.71,0.197,301.9,16.73,44,13.5,10.8,151.5347465,2.644780258,26,11.58333333
07/10/2019,39.76454,8.6,12.01,13.32,9.77,8.64,197.4,26.3,7.11,11.41,12.8,9.56,5,108.2,24.92,7.7,12.53,13.77,10.44,6.698,176.4,27.41,21.6,14,9.4,-166.1448638,-2.899774909,48,20.5
08/10/2019,39.76728,6.72,11.39,12.12,10.17,6.633,129.6,21.66,5.27,10.83,11.81,9.87,9.4,262.2,21.59,6,11.91,12.91,10.68,9.26,209.3,21.27,11.2,12.3,9.6,-139.6049067,-2.436565274,39,17.66666667
09/10/2019,39.77002,4.88,11.04,11.79,10.39,2.613,54.37,19.18,4.74,10.46,11.02,9.86,5,29.92,19.83,5.48,11.46,12.09,10.71,5.713,275,19.31,19,12.7,10,-111.0691675,-1.938522669,35,18.5
10/10/2019,39.77276,2.1,10.48,12.3,9.19,7.44,146.6,11.5,2.71,9.84,11.32,8.6,9.6,88.1,13.39,2.67,10.75,12.1,9.54,10.05,220.3,12.02,16,12.8,8.7,-119.8078125,-2.091040798,25,10.125
11/10/2019,39.77550,2.28,9.67,11.29,8.38,7.04,3.343,13.23,3.32,9.12,10.64,7.73,6.6,343.4,17.36,3.47,10.04,11.72,8.74,6.107,310.1,16.37,5,13,7.4,-104.4122296,-1.822337186,20,8.583333333
12/10/2019,39.77823,1.16,9.84,11.6,8.74,3.417,24.04,8.92,1.86,9.26,11.09,8.23,6.2,312,7.24,1.67,9.85,12.82,7.38,6.107,323.8,8.46,6.4,11.7,5.9,-117.6758706,-2.053831392,22,7.458333333
13/10/2019,39.78097,1.26,10.58,12.28,8.85,0.201,72.7,4.704,1.45,9.77,11.85,7.95,0,209.8,4.66,1.54,10.02,12.66,6.592,0.197,55.64,4.639,3.2,12.8,3.6,-14.58499836,-0.254556243,9,3.541666667
14/10/2019,39.78371,2.57,10.95,12.72,8.22,3.618,201,9.18,2.36,10.19,11.95,7.67,4.8,162.3,8.91,2.41,11.12,12.77,8.27,4.137,171.1,8.56,5.6,11.9,4.5,-136.2930087,-2.378761749,17,5.666666667
15/10/2019,39.78645,4.91,11.72,12.4,9.95,2.412,133.2,18.03,6.39,11,11.67,9.29,3.8,132.4,18.66,7.62,12.13,12.73,10.23,3.546,151.4,17.97,0,13.9,5.1,135.3906191,2.36301208,23,9.5
16/10/2019,39.78919,4.17,11.06,12.75,9.24,7.84,187.5,16.76,3.96,10.37,12.37,8.76,11,148.3,18.13,3.84,11.53,12.97,9.64,9.06,188.6,14.47,3.6,13.8,8.1,-169.8740989,-2.964862339,24,9.833333333
17/10/2019,39.79192,4.52,11.47,12.09,10.53,1.005,106.6,12.41,5.22,10.73,11.96,9.99,1.6,128.6,16.08,6.2,11.94,12.59,11.15,2.167,150.9,15.97,0,12.9,8,130.8159661,2.283169322,22,11.125
18/10/2019,39.79466,4.03,11.44,12.24,9.95,2.613,56.4,14.44,3.6,10.92,12.22,9.64,1.2,241.7,14.8,3.28,11.89,12.76,10.38,2.561,234.5,13.52,0,12.7,8.6,72.20168435,1.260157117,28,12.91666667
19/10/2019,39.79740,5.43,9.78,11.39,8.22,3.015,35.16,17.51,5.68,9.23,10.88,7.69,2.6,106.5,19.93,5.16,10.24,11.78,8.73,3.94,275.6,21.95,5.6,11.6,8.9,28.73011074,0.501435027,36,19.95833333
20/10/2019,39.80014,3.31,8.25,9.71,7.47,0,28.74,15.42,3.06,7.73,8.93,6.892,0,104.6,15.96,3.28,8.64,9.77,7.76,0,317.2,18.85,0.4,10,6.2,-0.267033794,-0.004660619,27,12.29166667
21/10/2019,39.80287,4.42,9.86,11.58,7.55,0.603,170.2,19.31,4.24,9.18,11.02,6.873,1,260.2,23.77,5.1,10.26,12.07,7.98,1.182,164.9,23.68,0,11,6.1,-138.4232238,-2.415941016,36,14.70833333
22/10/2019,39.80561,6.24,11.51,12.52,10.43,10.65,181.1,19.96,5.17,10.94,11.64,10,16.4,358.7,23.03,5.63,11.93,12.77,10.89,12.21,164.7,21.95,11.4,12.6,10.7,-136.6619286,-2.385200616,36,20.70833333
23/10/2019,39.80835,7.81,11.17,11.59,10.08,26.73,203.5,19.76,6.95,10.65,11.06,9.61,21.2,119.8,25.57,4.43,11.6,11.95,10.63,19.7,191.6,16.5,20.6,12,10.3,-156.2897252,-2.727770291,41,21.66666667
24/10/2019,39.81109,4.14,6.93,11.06,3.438,1.608,46.95,17.25,5.02,6.25,10.38,2.981,1.4,14.89,23.67,5.16,7.31,11.53,3.906,1.576,308.2,19.11,3.6,11.1,2.8,-113.6580085,-1.98370647,36,16.33333333
25/10/2019,39.81383,4.98,6.34,7.52,4.42,3.015,65.82,19.63,4.48,5.65,6.945,3.836,6.4,341.9,21.3,4.73,6.65,7.68,4.492,5.91,304,19.8,15,7.9,2.2,-117.0855902,-2.043529056,42,19.20833333
26/10/2019,39.81656,2.85,7.32,8.71,5.643,4.824,359.8,14.57,5.45,6.75,7.9,5.051,6,10.08,19.68,5.23,7.74,8.95,6.189,5.91,324.8,19.37,16.4,8.9,4.8,-94.77164309,-1.654077209,34,13.125
27/10/2019,39.81930,2.55,7.46,9.14,6.037,5.226,355.2,16.2,4.33,6.91,7.98,5.408,5.8,332.4,18.79,4.36,8.01,9.15,6.29,4.531,287.8,17.97,11,8.9,5.1,-37.10813935,-0.647659211,34,15.54166667
28/10/2019,39.82204,2.81,7.69,9.59,6.402,1.608,27.42,10.42,3.13,7.21,9.1,5.756,1.2,331.5,10.69,3.02,8.34,9.62,7.18,0.985,261.5,13.56,3.6,9.1,3.3,-10.8567649,-0.189486294,20,9.708333333
29/10/2019,39.82478,3.3,8.22,9.4,7.01,0,82.8,8.33,2.24,7.38,9.26,6.02,0.2,147.1,9.75,2.25,8.63,9.95,6.733,0,176.1,8.72,2.8,10,2.5,38.92508645,0.67937092,16,4.708333333
30/10/2019,39.82752,2.56,8.58,9.31,7.18,0,100.3,7.61,2.5,7.64,9.34,6.077,0,113.3,9.14,3.02,8.8,10.16,6.076,0.197,129.4,10,0,9.4,1.4,-15.17566681,-0.264865352,9,3
31/10/2019,39.83025,3.95,8.51,9.16,7.32,1.206,109.7,8.69,4.23,7.69,8.56,6.716,2.2,128.6,10.21,5.35,9.05,9.76,7.8,2.364,141.6,11.3,0.4,8.7,0.1,66.63175488,1.162943509,11,4.416666667
01/11/2019,39.83299,6.26,8.85,10.52,7.54,1.407,69.8,13.36,3.96,8.22,9.85,6.745,2.4,156.2,17.74,4.14,9.27,10.94,7.88,2.364,209.1,13.36,0,10.2,6.7,69.17099746,1.207261652,24,9.833333333
02/11/2019,39.83573,10.87,10.57,11.02,10.2,0.603,60.57,17.74,7.42,9.93,10.31,9.61,2.2,178.8,26.3,7.01,11.03,11.41,10.69,1.773,190.9,19.8,12.4,11.2,9.8,69.16989811,1.207242465,37,22.33333333
03/11/2019,39.83847,9.88,10.14,11.1,9.71,0,67.77,17.02,7.27,9.53,10.62,9.06,0,174.1,26.08,6.59,10.59,11.43,10.11,0,190.8,20.19,0,11,9.3,72.90699156,1.27246705,35,19.04166667
04/11/2019,39.84120,8.36,9.83,10.78,8.3,0,64.33,24.99,6,9.22,10.18,7.77,0,229.5,26.75,6.07,10.24,11.31,8.5,0,218.2,22.54,3.2,10.3,8.8,57.4888324,1.003369409,35,22.45833333
05/11/2019,39.84394,3.12,7.34,8.77,6.065,2.412,32.83,12.71,3.21,6.79,8.12,5.239,2.2,158.5,16.22,3.08,7.78,9.09,5.238,2.561,272.9,17.31,9,9.4,4.9,27.90554617,0.48704366,30,13.08333333
06/11/2019,39.84668,4.66,6.25,7.3,4.955,4.623,62.29,13.36,3.27,5.5,6.266,4.208,5,182.5,19.57,3.14,6.61,7.73,4.814,5.122,196.8,15.29,2.6,6.8,0.5,51.97819616,0.907190662,17,6.916666667
07/11/2019,39.84942,8.34,7.18,8.43,5.739,0.402,66.82,16.14,6.42,6.4,7.39,4.835,1.6,181.7,24.88,6.1,7.67,8.76,6.39,0.394,186.5,19.73,4,7.9,4.3,69.85069627,1.219124635,32,17.25
08/11/2019,39.85216,3.6,6.52,7.73,4.956,0,89.9,12.84,3.64,5.7,6.869,3.751,0,144.7,15.14,4.3,7.07,8.62,3.694,0,173.7,14.57,0.8,7.5,3.1,82.3540119,1.43734866,23,9.5
09/11/2019,39.85489,4.89,7.16,8.1,6.174,1.809,113.3,16.33,5.61,6.28,7.28,5.286,3.8,132.6,15.15,7.16,7.88,8.91,6.956,4.137,146.3,14.63,0,7.7,4.2,127.4340066,2.224142994,24,12.41666667
10/11/2019,39.85763,5.07,6.88,7.94,5.117,4.422,116.1,20.94,6.05,5.97,7.36,4.218,6.4,134.1,18.78,7.74,7.61,8.59,5.956,8.27,148.5,20.84,1,6.8,2.2,132.0999072,2.305578322,34,12.625
11/11/2019,39.86037,3.79,6.48,8.19,4.878,18.89,23.85,15.65,5.77,5.93,7.62,4.246,20.8,352.2,19.86,5.99,7.02,8.7,5.3,19.5,296,23.49,22.6,7.7,3.6,27.15211303,0.473893771,33,12.625
12/11/2019,39.86311,2.53,6.68,8.24,4.88,1.407,27.4,14.73,3.01,6.09,7.68,4.396,1,234.9,13.54,3.44,7.21,8.83,4.361,1.379,16.83,17.71,12.8,8.4,0.9,2.565761283,0.044780982,34,14.04166667
13/11/2019,39.86585,4.15,5.75,7.01,4.371,1.005,69.99,15.75,3.21,4.98,6.377,3.685,1.2,142.6,15.58,3.16,6.11,7.3,4.795,0.985,173.4,16.56,2,5.4,-0.8,42.59137397,0.743359709,27,8
14/11/2019,39.86858,4.86,5.66,6.796,3.403,2.412,45.71,15.58,4.35,5.1,6.057,3.003,2,109.9,21.18,4.78,6.29,7.22,4.29,2.364,312.8,20.02,6.8,6.6,1,-1.263291689,-0.022048599,34,13.95833333
15/11/2019,39.87132,2.87,6.18,7.43,4.526,0.603,38.73,10.19,2.4,5.58,7.19,3.965,0.8,236.4,11.67,2.56,6.65,8.33,5.098,0.985,281.7,14.05,8,7,1.1,1.904226304,0.033235019,30,10.16666667
16/11/2019,39.87406,2.94,6.96,8.31,5.49,10.45,212.7,12.54,2.38,6.35,7.67,5.052,9.4,158.4,12.26,2.45,7.61,8.94,6.189,10.64,199.7,13.43,0.2,7.3,1.3,-127.0540948,-2.217512283,13,4.375
17/11/2019,39.87680,1.7,6.05,7.64,4.185,2.211,334.1,9.87,3.03,5.59,6.719,3.938,3.2,338.6,13.33,3,6.56,8.23,3.744,3.743,323.7,13.3,2.2,7.3,0.7,-63.76002969,-1.112822449,21,7.416666667
18/11/2019,39.87953,2.65,6.74,8.31,3.919,0,143.7,11.11,3.34,5.83,7.27,3.789,0,167.6,12.18,4.47,6.79,8.83,2.916,0,143.4,13.52,0.8,6.8,-1.3,-99.35835826,-1.734130491,19,4.875
19/11/2019,39.88227,4.78,8.45,9.11,7.66,1.005,141.4,14.01,5.52,7.71,8.29,6.869,1.4,143.2,15.74,7.02,9.21,9.78,8.49,1.182,156.5,15.12,0.4,9,3.8,140.1495342,2.446070817,24,10.95833333
20/11/2019,39.88501,4.96,9.16,9.67,8.38,0,116.7,12.18,5.8,8.38,8.99,7.31,0,134.3,14.95,7.21,9.76,10.36,9.15,0.197,148.1,14.5,2.8,9.8,5.9,143.3404155,2.501762201,24,12
21/11/2019,39.88775,3.58,7.73,8.75,6.902,0,110.3,11.66,4.32,6.79,8,6.086,0,138.4,12.32,5.7,8.42,9.46,7.3,0,146.2,13.13,0,9,6.1,127.4856207,2.22504383,22,11.04166667
22/11/2019,39.89049,3.8,8.17,9.03,6.545,0.201,76.5,8.85,2.57,7.35,8.22,6.058,0.2,140.5,10.6,2.16,8.54,9.42,6.552,0.394,197.3,10.42,0.4,8.9,6.6,94.99356465,1.657950471,26,13.25
23/11/2019,39.89322,2.84,8.97,9.57,8.05,0,75.9,7.77,1.77,8.12,8.9,6.737,0,88.7,10.98,1.58,9.25,10.3,7.38,0,292.2,7.51,1.6,9.4,6.7,97.96885434,1.709879073,20,10.29166667
24/11/2019,39.89596,1.54,8.97,10.25,8.08,0.402,66.74,5.488,1.24,8.2,9,7.22,0.6,65,6.563,1.27,9.12,9.92,7.04,0.394,48.76,7.71,2,9.8,7.4,103.7163879,1.810192457,17,5.666666667
25/11/2019,39.89870,3.07,9.55,10.24,8.95,0,73.4,5.978,2.19,8.9,9.51,8.3,0,89.1,7.94,1.99,10.02,10.95,9.42,0.197,299,9.47,0.4,9,5.5,80.36683481,1.402665877,19,4.125
26/11/2019,39.90144,8.85,9.66,10.49,8.96,0,59.03,20.38,5.65,9.1,10.32,8.5,0.2,177.6,25.23,5.61,10.18,11.17,9.48,0,196,21.14,0,10,8.7,76.16967724,1.329411658,36,17.58333333
27/11/2019,39.90418,8.38,8.55,9.58,6.652,1.407,61.59,21.14,6.47,7.92,8.96,5.963,4.8,234.6,24.64,6.17,9.01,10.02,7.06,4.925,222,25.61,10,9.6,7.9,51.67899975,0.9019687,40,24.41666667
28/11/2019,39.90691,4.51,6.37,7.61,4.88,0.201,53.11,19.67,4.77,5.72,6.927,4.275,0.8,296.9,22.87,3.99,6.81,7.9,5.432,0.197,250.8,17.9,2.4,8.2,4.7,33.79979109,0.589917641,40,20.29166667
29/11/2019,39.90965,2.28,5.33,6.307,3.553,2.412,67.46,9.05,2.07,4.53,5.795,3.218,2.2,313.1,10.09,1.96,5.63,6.914,3.542,2.561,248.7,8.82,0.8,6.1,-0.3,-12.19918905,-0.212916015,23,8.25
30/11/2019,39.91239,2.19,5.35,6.24,3.69,0,67.55,7.42,1.7,4.43,5.57,3.098,0,92.9,6.037,1.81,5.45,6.914,2.512,0,93.8,6.37,0,5.9,-1.4,-67.00153503,-1.16939739,10,3.625
01/12/2019,39.91513,1.93,7.23,8.8,3.938,0.804,352.7,9.73,3.09,6.71,8.21,3.677,0.4,352.3,14.25,2.57,7.66,9.3,3.644,0.394,319.6,11.47,2,7.2,0.5,-96.00928083,-1.675678063,18,7.041666667
02/12/2019,39.91786,4.37,9.4,10.19,8.22,3.015,87.7,16.92,3.96,8.83,9.53,7.72,5.4,273,19,4.19,9.87,10.62,8.63,4.137,253.4,21.66,16,9.6,4.6,-118.7034853,-2.071766652,26,11.95833333
03/12/2019,39.92060,9.06,9.93,10.28,9.43,1.206,196.3,22.83,7.98,9.37,9.83,8.79,1.4,121,34.04,6.15,10.47,10.87,9.88,0.197,193.3,17.64,0,10.4,8.9,-143.7309558,-2.508578415,46,20.20833333
04/12/2019,39.92334,6.5,8.17,10.11,5.757,3.618,97.7,21.27,5,7.48,9.54,5.013,5,244.5,23.19,5.89,8.67,10.65,6.41,6.698,281.2,26.59,18.2,9.7,5.1,-131.2113408,-2.290069912,49,21.16666667
05/12/2019,39.92608,4.79,9.34,10.27,7.34,19.9,90.1,20.68,3.85,8.8,9.8,6.916,24.2,346.8,23.87,4.83,9.81,10.65,7.92,22.46,264,25.71,28.8,10.1,5.5,-119.8659185,-2.092054939,39,14.79166667
06/12/2019,39.92882,2.62,8.47,10.04,6.576,2.613,26.19,14.31,3.92,7.92,9.52,6.067,3.4,354.3,17.54,4.05,8.96,10.65,6.956,3.546,322.7,15.32,4.2,9.9,4,-93.8499063,-1.637989868,30,11
07/12/2019,39.93155,5.03,9.05,10.74,6.527,16.88,187.8,24.27,4.21,8.53,10.33,5.86,19,86.8,22.58,4.31,9.47,11.23,6.613,15.37,192.8,23.13,35.6,11,2.7,-139.716486,-2.4385127,34,11.70833333
08/12/2019,39.93429,5.63,7.18,9.02,5.04,6.633,58.74,26.66,4.72,6.55,8.66,4.508,8.8,14.87,24.96,5.87,7.68,9.38,5.643,9.06,304.2,27.54,22,11.1,4,-93.32239003,-1.628782972,47,17.41666667
09/12/2019,39.93703,5.04,7.15,9.62,4.842,0.804,234,20.38,5.11,6.63,9.01,4.865,0.8,43.46,27.17,4.18,7.81,10.18,5.986,0.591,212.7,20.94,1.6,8.5,3.1,-71.53435084,-1.24850995,39,14.33333333
10/12/2019,39.93977,9.74,7.85,11.02,4.773,41,144.6,26.33,7.9,7.24,10.57,4.078,23.4,131.9,29.94,7.03,8.3,11.45,5.238,23.64,228.8,27.7,32.2,11.3,4.4,-137.9448118,-2.407591152,54,26.875
11/12/2019,39.94251,6.88,5.79,7.25,3.514,5.628,64.22,26.56,6.41,5.15,6.436,2.798,8.2,307.8,29.1,7.05,6.2,7.65,4.088,7.68,329,26.98,8,6,3.4,-117.0797,-2.043426251,52,23.125
12/12/2019,39.94524,3.17,5.63,7.45,3.605,14.87,81.5,13.46,3.19,4.78,6.359,2.885,22.4,120.9,19.21,3.62,5.79,7.99,3.098,20.49,87.9,16.86,7.8,5.5,0.7,-164.2240094,-2.866249675,32,9.25
13/12/2019,39.94798,5.83,6.66,7.87,5.242,1.608,60.41,13.39,4.07,6.01,7.15,4.63,1.2,200.1,18.82,4.15,7.2,8.27,5.835,1.773,205.1,15.39,3.2,7.4,3.8,38.75089557,0.676330716,26,12.625
14/12/2019,39.95072,3.53,4.7,6.22,2.597,1.407,29.69,14.73,3.99,4.19,5.531,1.887,1,324.8,15.01,3.94,5.3,6.673,3.218,1.182,279,14.99,0.8,5.1,-0.2,-42.4928176,-0.741639575,19,8.541666667
15/12/2019,39.95346,6.14,4.84,7.05,3.12,7.84,98.2,23.68,5.96,4.15,6.44,2.418,8.2,125.3,24.42,5.64,5.34,7.67,3.734,7.88,266.2,24.08,3,6.4,0.5,-137.0157571,-2.391376089,34,16.20833333
16/12/2019,39.95619,5.17,6.72,7.54,5.538,5.427,71.3,14.47,4.34,6.04,6.64,4.843,5.8,154.4,18.2,4.43,7.25,8.09,6.076,7.09,196,18.42,0.6,6.7,1.7,102.7267498,1.792920014,36,12.5
17/12/2019,39.95893,2.58,6.43,7.5,4.129,1.407,34.35,11.89,2.39,5.87,7.04,4.031,2.6,269.3,15,2.39,6.72,8.13,3.552,2.167,327.1,14.11,1.2,4.9,-0.9,-79.82878751,-1.39327518,19,4.458333333
18/12/2019,39.96167,5.68,6.85,7.78,5.885,4.02,114,16.46,5.42,5.98,6.82,5.069,7,139.5,18.95,5.97,7.38,8.49,6.228,8.86,151.8,22.38,4.2,6.6,-0.7,176.471286,3.080004976,33,11.54166667
19/12/2019,39.96441,8.29,8.98,10.05,6.528,13.07,183.5,28.94,6.82,8.31,9.48,5.754,6.8,149.2,31.27,7.02,9.49,10.59,6.875,6.895,163.4,28.78,5.8,11,5.6,146.8999755,2.563888244,47,19.20833333
20/12/2019,39.96715,2.14,7.57,9.13,6.162,6.432,41.63,13.3,1.84,7.05,8.81,5.713,12.4,299.5,11.38,1.91,7.94,9.54,6.37,10.05,298.2,12.28,13.2,8.3,3.9,-92.26884385,-1.610395122,18,4.916666667
21/12/2019,39.96988,4.91,7.86,8.82,6.642,6.633,197.7,16.5,3.93,7.2,7.94,5.937,6.8,174.6,15.32,3.96,8.44,9.42,7.12,6.698,203.4,18.16,2,7.9,4,-148.3530222,-2.589248693,28,14.08333333
22/12/2019,39.97262,3.91,7.7,8.46,6.584,2.814,208.8,11.73,3.04,7.1,7.92,6.249,1.8,158.8,13.89,2.57,8.35,9.22,7.31,1.773,188,10.16,5,7.9,6.5,-173.4735663,-3.027684897,19,10.79166667
23/12/2019,39.97536,1.5,7.49,9.26,6.172,3.819,303.8,8.59,2.02,7.01,8.24,5.923,3.4,320.9,8.25,1.86,7.58,9.99,5.28,3.743,337.9,7.94,10.6,8.1,3,-105.4870917,-1.841097069,20,5.125
24/12/2019,39.97810,1.07,7.01,8.04,6.211,4.623,359.2,6.207,1.86,6.47,7.38,5.547,5,317.5,9.85,1.62,7.16,8.76,5.351,4.728,326.5,10.19,0.4,5.1,-0.2,-50.93095358,-0.888912831,6,2.5
25/12/2019,39.98084,1.9,7.16,8.24,6.028,0.402,355.6,10.55,2.89,6.37,7.39,4.872,0,357.8,12.15,3.13,7.33,8.73,4.604,0,345.4,10.75,0.4,6.3,0.9,-81.63785538,-1.424849371,11,4.166666667
26/12/2019,39.98357,5.36,7.56,8.26,6.739,0,106,15.09,6.49,6.74,7.46,5.901,0,129.7,14.65,7.76,8.13,8.93,7.16,0,146.5,14.77,0.4,8.1,0.4,124.5182106,2.173252754,24,12.04166667
27/12/2019,39.98631,7.85,9.88,10.67,8.15,16.68,203.5,22.21,6.57,9.38,10.17,7.43,12,134.1,24.36,6.01,10.41,11.27,8.63,11.23,173.7,23,10.4,11,7.5,-171.1648358,-2.987389948,48,19.83333333
28/12/2019,39.98905,10.02,9.97,10.7,8.83,27.94,209.9,21.69,9.27,9.49,10.23,8.17,18.4,127.4,26.96,5.29,10.45,11.24,9.19,19.31,196.9,17.18,15.4,11.3,9.2,-159.0292786,-2.775584518,44,22.125
29/12/2019,39.99179,7.07,10.02,10.79,8.53,4.824,181.1,24.6,5.47,9.53,10.33,7.8,6,53.03,32.2,5.95,10.55,11.37,8.88,3.152,181.1,18.42,16,12.2,9.1,-143.958726,-2.512553755,49,22.625
30/12/2019,39.99452,3.28,7.91,8.82,7.15,1.809,21.35,12.09,4.35,7.39,8.21,6.465,2.2,0.736,18.27,4.22,8.41,9.36,7.28,2.167,321.2,18,4.6,10.1,5.3,-102.0873951,-1.78176117,25,11.41666667
31/12/2019,39.99726,5.12,8,9.15,7.24,0.201,188.5,15.45,3.73,7.38,8.56,6.598,0.2,93.2,20.58,3.52,8.53,9.66,7.28,0,207.7,13.72,0,7.5,4.5,-135.6620527,-2.367749489,36,12.45833333
01/01/2020,40.00000,9.62,9.3,9.9,8.62,2.01,200.3,22.77,7.49,8.71,9.38,8,4.4,99.9,31.53,5.93,9.83,10.53,9.06,1.182,195.8,21.33,NA,NA,NA,NA,NA,NA,NA
02/01/2020,40.00274,7.64,8.33,10.52,4.452,13.07,218.4,24.27,6.94,7.8,9.97,4.077,12.2,53.41,29.72,6.43,8.91,11.15,5.3,10.64,233.6,22.18,NA,NA,NA,NA,NA,NA,NA
03/01/2020,40.00548,4.58,6.88,8.84,4.926,3.618,38.82,17.51,6.4,6.34,8.3,4.33,6,342.5,25.51,6.04,7.43,9.39,5.502,5.91,336.2,22.05,NA,NA,NA,NA,NA,NA,NA
04/01/2020,40.00821,4.69,9.11,9.67,7.95,2.211,149.1,16.04,4.13,8.55,9.11,7.53,4.2,326.6,20.14,4.88,9.62,10.3,8.61,3.349,176.5,17.51,NA,NA,NA,NA,NA,NA,NA
05/01/2020,40.01095,8.17,9.95,10.29,9.54,7.44,194.7,21.98,6.32,9.49,9.87,9.01,10.4,58.06,27.83,6.47,10.47,10.89,10,5.713,176,19.31,NA,NA,NA,NA,NA,NA,NA
06/01/2020,40.01369,8.71,8.65,10.11,5.816,18.49,180.7,26.13,6.39,8.05,9.62,5.599,7.4,164.7,25.95,6.13,9.22,10.6,6.491,7.29,206.9,22.28,NA,NA,NA,NA,NA,NA,NA
07/01/2020,40.01643,9.97,9.19,11.19,4.966,33.97,181.8,26.33,8.48,8.69,10.91,4.059,30.8,95.3,34.39,7.61,9.76,12.03,5.371,24.63,191.9,31.56,NA,NA,NA,NA,NA,NA,NA
08/01/2020,40.01916,5.59,5.85,7.04,3.574,2.211,70.3,22.47,4.15,5.1,6.321,2.754,3,344,26.31,5.3,6.36,7.58,4.047,3.546,236.7,24.7,NA,NA,NA,NA,NA,NA,NA
09/01/2020,40.02190,3.53,6.53,7.72,4.697,0.402,210.5,15.75,3.06,5.86,7.21,4.04,0.4,189,20.75,2.99,7.08,8.46,5.038,0.394,209.2,17.12,NA,NA,NA,NA,NA,NA,NA
10/01/2020,40.02464,9.42,8.1,10.78,5.552,25.93,204.3,28.98,7.75,7.52,10.5,5.175,17.2,135.4,27.9,5.48,8.63,11.55,6.057,13.59,202.7,17.84,NA,NA,NA,NA,NA,NA,NA
11/01/2020,40.02738,5.93,7.57,10.48,2.521,3.216,83.3,22.08,4.53,6.93,10.05,1.699,7.2,314.2,27.58,5.44,8.13,11.19,2.936,5.319,250.9,24.79,NA,NA,NA,NA,NA,NA,NA
12/01/2020,40.03012,6.7,5.96,8.25,3.586,5.628,108,23.98,5.01,5.2,7.64,2.819,9,270.1,34.69,5.88,6.52,8.99,4.17,6.698,230.8,26.72,NA,NA,NA,NA,NA,NA,NA
13/01/2020,40.03285,11.14,7.55,8.75,4.602,32.16,190.3,34.17,10.23,6.91,8.23,4.058,31.8,148.9,39.37,11.28,8.14,9.41,5.098,38.41,169.2,37.44,NA,NA,NA,NA,NA,NA,NA
14/01/2020,40.03559,9.43,5.37,7.68,2.066,8.44,178.6,26.23,7.29,4.68,7.09,1.481,17.4,318.4,34,8.93,6,8.34,2.602,9.85,172.2,35.67,NA,NA,NA,NA,NA,NA,NA
15/01/2020,40.03833,6.76,7.68,8.74,5.934,10.25,103.2,25.22,5.4,7.02,8.24,5.268,17.2,247.8,25.21,6.58,8.23,9.45,6.269,12.8,249.3,32.67,NA,NA,NA,NA,NA,NA,NA
16/01/2020,40.04107,7.25,7.73,9.04,5.75,14.47,168.7,29.92,7.1,7.08,8.45,5.088,20.2,133.6,33.62,6.96,8.32,9.68,6.228,12.61,171.8,28.35,NA,NA,NA,NA,NA,NA,NA
17/01/2020,40.04381,5.53,6.38,7.58,3.69,8.24,37.47,30.9,7.06,5.81,7,3.134,17.4,21.78,32.6,6.72,6.94,8.17,4.138,10.05,326.7,29.27,NA,NA,NA,NA,NA,NA,NA
18/01/2020,40.04654,2.91,6.58,8.13,4.281,0.804,21.79,13.79,4.22,6.07,7.38,3.675,1,343.5,26.79,4.04,7.13,8.59,4.694,0.788,326.2,18.91,NA,NA,NA,NA,NA,NA,NA
19/01/2020,40.04928,6.98,9.16,10.01,7.57,0,188.7,21.14,5.37,8.6,9.56,6.868,1.2,44.41,24.94,6.58,9.76,10.68,8,0,176.2,24.57,NA,NA,NA,NA,NA,NA,NA
20/01/2020,40.05202,5.35,9.43,9.92,8.9,2.01,167.5,22.31,5.5,8.91,9.55,8.53,5.4,286.7,23.29,6.81,9.94,10.46,9.54,2.561,149.5,25.68,NA,NA,NA,NA,NA,NA,NA
21/01/2020,40.05476,1.87,8.71,9.88,6.914,1.206,88.7,8.2,2.22,8.3,9.59,6.425,2.2,296.2,11.49,2.25,9.2,10.55,6.613,1.379,279.8,12.61,NA,NA,NA,NA,NA,NA,NA
22/01/2020,40.05749,3.09,9.15,9.9,7.73,2.814,112.7,14.77,3.63,8.76,10.3,7.2,3.6,262.1,20.8,3.38,9.74,11.28,8.23,3.152,264.9,23.75,NA,NA,NA,NA,NA,NA,NA
23/01/2020,40.06023,4.52,8.41,9.4,6.749,1.005,88.8,19.47,4.46,7.85,8.83,6.16,2.6,283.8,17.77,4.05,8.92,9.94,7.19,2.364,340.9,22.9,NA,NA,NA,NA,NA,NA,NA
24/01/2020,40.06297,4.59,7.64,9.05,6.032,0.603,129.6,16.14,3.77,7.03,8.48,5.559,1,351.4,21.38,3.66,8.11,9.59,6.694,0.394,215.4,13.3,NA,NA,NA,NA,NA,NA,NA
25/01/2020,40.06571,9.73,8.96,9.51,8.2,15.68,201.6,22.28,7.52,8.41,8.95,7.65,11.6,106.9,25.22,5.9,9.45,10.05,8.77,10.44,194.7,15.78,NA,NA,NA,NA,NA,NA,NA
26/01/2020,40.06845,6.46,5.61,9.05,2.235,15.28,165.8,21.76,5.51,4.86,8.59,1.588,14.8,184.4,21.53,5.64,6.16,9.58,2.664,13,179.8,24.04,NA,NA,NA,NA,NA,NA,NA
27/01/2020,40.07118,5.01,3.83,5.037,2.303,5.628,179.9,20.74,3.92,3.06,4.332,1.488,4.6,153.4,20.44,4.12,4.39,5.764,2.654,5.91,191.9,21.79,NA,NA,NA,NA,NA,NA,NA
28/01/2020,40.07392,4.17,5.54,7.3,2.483,4.422,75.8,18.88,4.46,4.9,6.747,1.682,6.4,288.5,23.3,4.84,6.07,7.9,2.906,6.304,295.9,23.78,NA,NA,NA,NA,NA,NA,NA
29/01/2020,40.07666,3.25,6.47,8.04,4.559,2.613,62.78,15.22,3.33,5.89,7.38,3.976,2.8,303.6,22.48,3.63,6.95,8.51,5.238,2.758,308.2,20.65,NA,NA,NA,NA,NA,NA,NA
30/01/2020,40.07940,5.97,8.03,9.78,5.559,6.231,115.8,21.49,5.84,7.46,9.26,4.751,9.6,17.82,25.09,6.1,8.54,10.46,5.976,7.09,242.2,25.06,NA,NA,NA,NA,NA,NA,NA
31/01/2020,40.08214,4.22,7.66,9.65,3.938,10.05,169.4,16.33,3.45,7.04,9.17,3.153,13,87.2,22.4,4.24,8.16,10.34,4.228,9.85,169.1,17.74,NA,NA,NA,NA,NA,NA,NA
01/02/2020,40.08487,2.53,6.31,8.53,4.29,6.231,27.1,16.37,2.66,5.75,7.9,3.528,5.6,328.1,11.56,2.96,6.72,8.82,3.946,5.516,324.5,18.23,NA,NA,NA,NA,NA,NA,NA
02/02/2020,40.08761,3.96,6.9,9.02,4.426,4.623,163.3,16.5,3.74,6.09,8.42,3.799,4.8,156.1,16.46,4.1,7.25,9.56,3.684,4.925,159.3,18.82,NA,NA,NA,NA,NA,NA,NA
03/02/2020,40.09035,6.95,6.25,8.73,3.175,5.025,49.8,31.36,8.46,5.7,8.06,2.5,36.4,323.8,31.85,8.81,6.77,9.09,3.603,8.86,329.5,31.69,NA,NA,NA,NA,NA,NA,NA
04/02/2020,40.09309,3.3,7.41,8.62,5.217,1.005,34.81,15.42,5.42,6.82,8.01,4.668,1.8,358.3,26.34,5.89,7.94,9.09,5.664,1.97,319.4,22.8,NA,NA,NA,NA,NA,NA,NA
05/02/2020,40.09582,4.17,8.43,8.93,7.23,0.804,148.1,17.9,4.01,7.83,8.45,6.679,1.6,250.5,19.1,4.25,8.9,9.48,7.7,0.985,159.5,17.61,NA,NA,NA,NA,NA,NA,NA
06/02/2020,40.09856,6.78,8.21,8.99,7.45,0.402,206.4,15.68,5.63,7.6,8.44,6.84,0.4,146.4,19.34,4.95,8.8,9.59,8.09,0.197,186.6,19.04,NA,NA,NA,NA,NA,NA,NA
07/02/2020,40.10130,8.1,7.42,8.77,5.749,5.025,201,23,6.91,6.73,8.07,5.144,3.2,157.8,20.78,9.99,8,9.3,6.067,3.349,158,25.38,NA,NA,NA,NA,NA,NA,NA
08/02/2020,40.10404,7.34,5.84,7.68,3.444,31.76,155.5,28.88,5.96,5.08,7.13,2.716,18.2,199.9,37.48,5.49,6.33,8.37,3.784,18.32,199.5,24.63,NA,NA,NA,NA,NA,NA,NA
09/02/2020,40.10678,4.75,5.72,9.01,2.768,9.05,63.24,19.27,5.91,5.06,8.42,1.98,9.8,68.36,22.75,6.36,6.27,9.66,3.218,11.03,305.6,25.51,NA,NA,NA,NA,NA,NA,NA
10/02/2020,40.10951,6.32,5.01,6.791,2.408,6.432,50.64,24.4,6.38,4.39,6.247,1.888,11,347.3,29.95,7.12,5.52,7.32,2.836,7.68,301.7,28.58,NA,NA,NA,NA,NA,NA,NA
11/02/2020,40.11225,6.61,4.94,6.406,2.93,14.27,33.62,25.55,9.51,4.39,5.833,2.166,56,316.9,32.32,9.55,5.45,7.1,3.482,21.87,336.6,29.89,NA,NA,NA,NA,NA,NA,NA
12/02/2020,40.11499,4.32,4.44,5.823,3.015,2.412,25.66,19.67,5.82,3.82,5.204,2.086,8.2,292.2,32.37,6.09,4.85,6.148,2.128,3.743,338.7,27.7,NA,NA,NA,NA,NA,NA,NA
13/02/2020,40.11773,2.76,4.81,6.548,3.768,0,51.82,12.41,2.59,3.97,6.021,2.263,0,189.8,11.47,2.86,5.16,7.3,2.087,0,215,12.45,NA,NA,NA,NA,NA,NA,NA
14/02/2020,40.12047,8.69,7.05,9.1,3.839,14.07,171,31.95,8.18,6.38,8.62,3.348,16,140.6,29.22,8.71,7.65,9.71,4.158,13.4,170.4,31.49,NA,NA,NA,NA,NA,NA,NA
15/02/2020,40.12320,9.13,6.9,9.06,3.184,20.3,197,28.84,7.69,6.23,8.6,2.303,17,144.5,27.41,8,7.47,9.72,3.451,17.14,176.1,28.52,NA,NA,NA,NA,NA,NA,NA
16/02/2020,40.12594,7.7,5.95,8.54,2.368,13.87,145,26.04,6.49,5.28,7.95,1.467,16.4,243.8,29.22,7.09,6.52,9.18,2.532,14.58,176.4,27.57,NA,NA,NA,NA,NA,NA,NA
17/02/2020,40.12868,6.04,6.87,8.4,4.174,2.613,61.64,20.12,6.37,6.33,8.01,3.844,9.8,341.4,29.52,6.76,7.38,8.92,4.916,3.546,324,29.3,NA,NA,NA,NA,NA,NA,NA
18/02/2020,40.13142,5.54,5.49,6.799,2.835,3.618,48.58,19.4,5.7,4.85,6.199,2.296,11.6,2.396,31.69,6.17,6.02,7.34,3.26,5.713,299.2,24.34,NA,NA,NA,NA,NA,NA,NA
19/02/2020,40.13415,6,6.96,9.38,4.863,8.04,139.4,22.47,5.49,6.34,8.84,4.227,6.6,196.7,21.85,6.09,7.48,10.02,5.482,5.91,203.5,27.31,NA,NA,NA,NA,NA,NA,NA
20/02/2020,40.13689,6.08,4.86,7.9,2.303,2.412,71,23,5.27,4.16,7.32,1.403,11.4,310.1,28.59,5.97,5.32,8.55,2.612,7.49,300.3,27.67,NA,NA,NA,NA,NA,NA,NA
21/02/2020,40.13963,7.47,7.52,9.84,2.977,11.86,116.1,24.21,6.17,6.95,9.32,2.184,29.4,250.4,32.69,7.76,8.13,10.56,3.299,16.94,212.8,32.01,NA,NA,NA,NA,NA,NA,NA
22/02/2020,40.14237,7.78,4.98,6.099,1.629,4.02,68.16,29.69,5.67,4.32,5.775,1.003,8.2,39.92,39.87,7.96,5.59,6.976,2.148,7.09,228.3,32.01,NA,NA,NA,NA,NA,NA,NA
23/02/2020,40.14511,3.59,5.54,7.68,2.198,2.412,9.3,21.49,4.6,4.91,6.898,1.672,5.2,337.1,23.13,4.75,5.83,8.27,2.814,4.334,323.2,20.48,NA,NA,NA,NA,NA,NA,NA
24/02/2020,40.14784,3.17,4.8,6.387,2.691,1.608,94.3,10.19,2.72,4.01,5.616,1.979,2.6,145.9,13.95,2.5,5.2,6.834,2.481,2.955,160.2,14.83,NA,NA,NA,NA,NA,NA,NA
25/02/2020,40.15058,1.62,3.78,6.243,2.522,4.221,9,9.41,2.16,3.23,4.677,1.775,4.6,328.5,10.71,2.07,4.31,6.248,2.936,5.91,322.2,9.47,NA,NA,NA,NA,NA,NA,NA
26/02/2020,40.15332,3.31,3.32,5.075,1.269,5.025,24.02,14.86,4.81,2.8,4.222,0.399,5,356.5,19.94,4.8,3.85,5.764,1.5,6.304,327,19.37,NA,NA,NA,NA,NA,NA,NA
27/02/2020,40.15606,3.12,4.49,6.571,1.535,5.226,21.31,13.1,4.87,3.84,5.813,0.919,7,5.639,24.5,4.65,4.99,7.02,1.925,8.08,321.1,17.51,NA,NA,NA,NA,NA,NA,NA
28/02/2020,40.15880,4.63,4.89,6.678,3.357,9.25,111.7,12.97,3.75,4.13,5.907,2.316,11.2,139.7,16.76,3.87,5.37,7.43,3.218,8.67,174,14.63,NA,NA,NA,NA,NA,NA,NA
29/02/2020,40.16153,6.31,4.98,7.07,3.177,2.412,127.9,22.87,5.68,4.32,6.453,2.464,3.2,136.3,25.42,6.11,5.6,7.63,3.765,3.152,167,18.55,NA,NA,NA,NA,NA,NA,NA
01/03/2020,40.16427,3.01,5.4,7.21,3.311,5.226,287.3,16.69,3.05,4.78,6.408,2.611,6.2,273.2,20.62,3.18,5.55,7.67,3.138,6.895,314.7,20.48,NA,NA,NA,NA,NA,NA,NA
02/03/2020,40.16701,2.92,6.5,8.83,5.156,6.432,99.6,13.59,3.1,5.91,8.94,4.47,6.8,304.8,15.42,3.14,7.04,9.13,5.552,6.107,190.2,14.05,NA,NA,NA,NA,NA,NA,NA
03/03/2020,40.16975,2.57,5.49,7.11,3.422,2.211,28.1,13.26,3.75,4.94,6.339,2.742,2.8,330.3,19.29,3.78,5.97,7.6,3.755,3.94,329.2,16.24,NA,NA,NA,NA,NA,NA,NA
04/03/2020,40.17248,2.69,5.24,7.12,3.044,2.412,115.1,11.07,2.24,4.58,7.04,2.297,4,261.2,14.57,2.39,5.65,7.84,3.36,4.334,255.2,13.26,NA,NA,NA,NA,NA,NA,NA
05/03/2020,40.17522,2.67,5.22,6.934,3.461,1.407,177.2,13.03,2.09,4.51,7.03,2.779,2.8,220.9,11.34,2.2,5.7,7.46,4.098,2.758,212.8,11.07,NA,NA,NA,NA,NA,NA,NA
06/03/2020,40.17796,2.73,5.58,6.81,4.357,3.618,197.1,10.22,2.71,4.93,6.038,3.647,2.4,205.7,13.4,2.35,6.18,7.74,4.795,4.334,257.9,11.24,NA,NA,NA,NA,NA,NA,NA
07/03/2020,40.18070,6.74,8.22,9.6,5.197,19.5,195.6,19.99,5.09,7.68,9.15,4.414,20.2,73.7,24.95,5.32,8.72,10.18,5.764,16.74,180.1,21.4,NA,NA,NA,NA,NA,NA,NA
08/03/2020,40.18344,3.98,6.94,7.99,4.755,2.613,80,16.2,3.36,6.41,7.78,4.114,5,252.1,17.75,3.81,7.46,8.62,4.947,4.728,286.8,17.41,NA,NA,NA,NA,NA,NA,NA
09/03/2020,40.18617,3.24,7.13,9.12,4.548,15.48,104.3,15.06,3.39,6.6,8.79,3.993,14.6,34.71,17.93,3.65,7.63,9.76,5.32,16.15,222,17.05,NA,NA,NA,NA,NA,NA,NA
10/03/2020,40.18891,5.35,7.08,8.88,4.58,1.809,74.4,17.93,5.01,6.44,8.35,3.811,3,325.6,21.75,5.55,7.62,9.38,5.048,2.364,298,22.61,NA,NA,NA,NA,NA,NA,NA
11/03/2020,40.19165,6.26,4.66,7.13,1.667,8.64,109.4,26.13,5.29,3.96,6.558,0.957,7,255,28.29,6.17,5.12,7.72,2.148,8.47,262.3,32.31,NA,NA,NA,NA,NA,NA,NA
12/03/2020,40.19439,4.31,5.12,7.67,0.586,6.633,49.24,17.93,4.6,4.36,6.51,0.064,8.2,315.1,21.15,4.56,5.59,8.12,1.076,9.46,262.8,24.92,NA,NA,NA,NA,NA,NA,NA
13/03/2020,40.19713,4.3,6.09,7.12,4.49,0.201,123.1,16.5,4.18,5.43,6.972,3.705,0,144.4,13.44,5.25,6.59,7.62,4.664,0.197,160.1,16.95,NA,NA,NA,NA,NA,NA,NA
14/03/2020,40.19986,5.1,6.69,8.29,5.022,17.49,201.5,21.79,4.45,6.08,7.98,4.32,17.6,137.4,27.51,3.67,7.19,8.95,5.522,15.56,185.7,14.77,NA,NA,NA,NA,NA,NA,NA
15/03/2020,40.20260,3.48,5.43,7.42,3.623,1.809,19.23,24.76,3.78,4.9,6.869,3.116,4.4,226.3,26.24,4.39,5.94,7.92,2.814,2.758,358.6,29.27,NA,NA,NA,NA,NA,NA,NA
16/03/2020,40.20534,8.41,7.08,9.42,4.519,14.67,185.8,23.55,7.52,6.45,9.06,3.49,21.6,155,35.22,6.06,7.67,10.1,5.38,10.05,193,20.35,NA,NA,NA,NA,NA,NA,NA
17/03/2020,40.20808,5.67,5.39,7.3,3.592,2.01,68.59,28.09,4.13,4.77,6.7,2.928,2.4,255.9,18.7,5.32,5.93,7.91,4.088,2.364,270.8,29.3,NA,NA,NA,NA,NA,NA,NA
18/03/2020,40.21081,4.85,5.58,7.36,2.407,2.613,53.39,19.73,4.49,4.93,6.897,1.812,4,350,20.5,5.11,6.05,7.88,2.734,3.743,308.3,28.16,NA,NA,NA,NA,NA,NA,NA
19/03/2020,40.21355,2.75,5.54,7.1,3.586,0.603,7.91,13.62,4.27,4.89,6.048,2.332,1.2,2.004,19.98,NA,NA,NA,NA,NA,NA,NA,NA,NA,NA,NA,NA,NA,NA
20/03/2020,40.21629,3.06,6.35,8,5.293,0,97.9,11.34,NA,NA,NA,NA,NA,NA,NA,NA,NA,NA,NA,NA,NA,NA,NA,NA,NA,NA,NA,NA,NA
